Sample	0	1	2	3	4	5	6	7	8	9	10	11	12	13	14	15	16	17	18	19	20	21	22	23	24	25	26	27	28	29	30	31	32	33	34	35	36	37	38	39	40	41	42	43	44	45	46	47	48	49	50	51	52	53	54	55	56	57	58	59	60	61	62	63	64	65	66	67
504A0_S1_L001_R1_001	(1, 0.00657102179388895)	(2, 0.00657102179388895)	(3, 0.015332384185740884)	(4, 0.00657102179388895)	(5, 0.010951702989814916)	(6, 0.00657102179388895)	(7, 0.00657102179388895)	(8, 0.00657102179388895)	(9, 0.00657102179388895)	(10, 0.00657102179388895)	(15, 0.00657102179388895)	(20, 0.00657102179388895)	(25, 0.00657102179388895)	(30, 0.012265907348592706)	(35, 0.0052571859159989305)	(40, 0.0)	(45, 0.003504882739766838)	(50, 0.001752479758858785)	(55, 0.002190666882812466)	(60, 0.007448300035050824)	(65, 0.004381391354638579)	(70, 0.0035051591561329333)	(75, 0.01182991215194865)	(80, 0.00043814489451661666)	(85, 0.0)	(90, 0.0)	(95, 0.004819593839682783)	(100, 0.01445878151904835)	(105, 0.007886608101299099)	(110, 0.0)	(115, 0.005695883628716016)	(120, 0.005695908585048678)	(125, 0.010515707838583884)	(130, 0.004819699426017614)	(135, 0.005257853919291942)	(140, 0.007010471892389256)	(145, 0.0)	(150, 0.0)	(155, 0.006572317399114928)	(160, 0.005696008412566271)	(165, 0.0)	(170, 0.0013144634798229855)	(175, 0.018840890867425852)	(180, 0.011830430496220835)	(185, 0.0)	(190, 0.015773907328294447)	(195, 0.015773907328294447)	(200, 0.0)	(205, 0.0)	(210, 0.0)	(215, 0.0)	(220, 0.00043816793224171096)	(225, 0.02409955306283411)	(230, 0.007448952764875997)	(235, 0.0008763473841030585)	(240, 0.0)	(245, 0.018841468758215758)	(250, 0.054333537814389626)	(255, 0.0)	(260, 0.0)	(265, 0.0026290421523091755)	(270, 0.013145210761545876)	(275, 0.0013145210761545878)	(280, 0.0)	(285, 0.0)	(290, 0.0)	(295, 0.003525859979285573)	(300, 0.005670943503225349)
504A0_S1_L001_R2_001	(1, 0.024093746577592817)	(2, 0.00657102179388895)	(3, 0.00657102179388895)	(4, 0.00657102179388895)	(5, 0.00657102179388895)	(6, 0.00657102179388895)	(7, 0.00657102179388895)	(8, 0.00657102179388895)	(9, 0.00657102179388895)	(10, 0.00657102179388895)	(15, 0.026722155295148396)	(20, 0.0131420435877779)	(25, 0.00657102179388895)	(30, 0.00657102179388895)	(35, 0.007009581221331908)	(40, 0.004819171540601521)	(45, 0.012267089589183933)	(50, 0.0)	(55, 0.002628800259374959)	(60, 0.006572029442691903)	(65, 0.009200921844741016)	(70, 0.00043814489451661666)	(75, 0.002190724472583083)	(80, 0.010953622362915416)	(85, 0.0)	(90, 0.006134028523232633)	(95, 0.012706201940981883)	(100, 0.0)	(105, 0.007886608101299099)	(110, 0.010953622362915416)	(115, 0.015335071308081582)	(120, 0.0)	(125, 0.014459098278052843)	(130, 0.018840643210796128)	(135, 0.0)	(140, 0.0122683258116812)	(145, 0.018840643210796128)	(150, 0.0013144634798229855)	(155, 0.02672742408973404)	(160, 0.006572317399114928)	(165, 0.002628926959645971)	(170, 0.013144634798229856)	(175, 0.010077685812809177)	(180, 0.0)	(185, 0.0030671486471683645)	(190, 0.025413517362252162)	(195, 0.0074487895716946004)	(200, 0.005696133201884106)	(205, 0.03067148647168365)	(210, 0.0070106254792419755)	(215, 0.00043816409245262347)	(220, 0.0)	(225, 0.00131454987621322)	(230, 0.00043818329207107336)	(235, 0.0008763665841421467)	(240, 0.00043818329207107336)	(245, 0.004381832920710734)	(250, 0.0017527331682842934)	(255, 0.00262909975242644)	(260, 0.00394364962863966)	(265, 0.002190916460355367)	(270, 0.01051639900970576)	(275, 0.014898231930416493)	(280, 0.00394364962863966)	(285, 0.0262909975242644)	(290, 0.0197182481431983)	(295, 0.0)	(300, 0.0)
504A14_S2_L001_R1_001	(1, 0.0026089225150013043)	(2, 0.0026089225150013043)	(3, 0.015653535090007827)	(4, 0.0026089225150013043)	(5, 0.0026089225150013043)	(6, 0.0026089225150013043)	(7, 0.0052178450300026085)	(8, 0.0026089225150013043)	(9, 0.0026089225150013043)	(10, 0.0026089225150013043)	(15, 0.0026089225150013043)	(20, 0.0026089225150013043)	(25, 0.0026089225150013043)	(30, 0.004174276024002087)	(35, 0.0031307723615415922)	(40, 0.0)	(45, 0.001565500542706855)	(50, 0.0020873558419871627)	(55, 0.0005218389604967907)	(60, 0.005218389604967907)	(65, 0.003652872723477535)	(70, 0.0026091948024839534)	(75, 0.00730574544695507)	(80, 0.0005218389604967907)	(85, 0.0)	(90, 0.0)	(95, 0.0036529680365296807)	(100, 0.008349815521263326)	(105, 0.00782799290261977)	(110, 0.0)	(115, 0.0026093309675399227)	(120, 0.006262394322095815)	(125, 0.0073061267091117845)	(130, 0.004174929548063876)	(135, 0.004696795741571861)	(140, 0.006262394322095815)	(145, 0.0)	(150, 0.0)	(155, 0.00782799290261977)	(160, 0.0057405281285878304)	(165, 0.0)	(170, 0.002087464774031938)	(175, 0.016177851998747522)	(180, 0.010959190063667676)	(185, 0.0)	(190, 0.014612253418223569)	(195, 0.01826531677277946)	(200, 0.0)	(205, 0.0)	(210, 0.0)	(215, 0.0)	(220, 0.0)	(225, 0.020875192443180333)	(230, 0.005740677921874592)	(235, 0.0)	(240, 0.0)	(245, 0.018265793387782794)	(250, 0.06001617827414347)	(255, 0.0005218798110795084)	(260, 0.0)	(265, 0.0015656802880851732)	(270, 0.010959762016596212)	(275, 0.0005218934293617243)	(280, 0.0)	(285, 0.0)	(290, 0.0)	(295, 0.0015808610423143808)	(300, 0.004818812644564379)
504A14_S2_L001_R2_001	(1, 0.01826245760500913)	(2, 0.0026089225150013043)	(3, 0.0026089225150013043)	(4, 0.0026089225150013043)	(5, 0.0026089225150013043)	(6, 0.0026089225150013043)	(7, 0.0026089225150013043)	(8, 0.0026089225150013043)	(9, 0.0026089225150013043)	(10, 0.0026089225150013043)	(15, 0.019827811114009913)	(20, 0.006783198539003391)	(25, 0.0026089225150013043)	(30, 0.0026089225150013043)	(35, 0.004174363148722123)	(40, 0.0046962810672037825)	(45, 0.009914836770476746)	(50, 0.0)	(55, 0.003131033762980744)	(60, 0.004174711683974325)	(65, 0.006262067525961488)	(70, 0.0)	(75, 0.0005218389604967907)	(80, 0.00782758440745186)	(85, 0.0)	(90, 0.005218525766470972)	(95, 0.013568166992824527)	(100, 0.0)	(105, 0.006262394322095815)	(110, 0.010437323870159691)	(115, 0.008349859096127753)	(120, 0.0)	(125, 0.011481056257175661)	(130, 0.020352781546811395)	(135, 0.0)	(140, 0.014090387224715582)	(145, 0.016177851998747522)	(150, 0.0015655985805239539)	(155, 0.02557144348189124)	(160, 0.006262394322095815)	(165, 0.002087464774031938)	(170, 0.010437323870159691)	(175, 0.009915457676651706)	(180, 0.0)	(185, 0.002087464774031938)	(190, 0.021918380127335352)	(195, 0.0067842605156037995)	(200, 0.0031311971610479077)	(205, 0.02504957728838326)	(210, 0.00469686927569057)	(215, 0.0)	(220, 0.0)	(225, 0.0)	(230, 0.0)	(235, 0.0)	(240, 0.0)	(245, 0.0010437596221590168)	(250, 0.0)	(255, 0.0005218798110795084)	(260, 0.001565639433238525)	(265, 0.0020875192443180336)	(270, 0.008871956788351643)	(275, 0.010437596221590167)	(280, 0.0036531586775565587)	(285, 0.024528351120736893)	(290, 0.015656476040372833)	(295, 0.0)	(300, 0.0)
504B0_S3_L001_R1_001	(1, 0.002576058115871094)	(2, 0.002576058115871094)	(3, 0.010304232463484376)	(4, 0.002576058115871094)	(5, 0.005152116231742188)	(6, 0.002576058115871094)	(7, 0.002576058115871094)	(8, 0.002576058115871094)	(9, 0.002576058115871094)	(10, 0.002576058115871094)	(15, 0.002576058115871094)	(20, 0.002576058115871094)	(25, 0.002576058115871094)	(30, 0.006182539478090626)	(35, 0.005667444652250749)	(40, 0.0)	(45, 0.003091349374001752)	(50, 0.003091349374001752)	(55, 0.001545674687000876)	(60, 0.005667473852336544)	(65, 0.0030913812291331767)	(70, 0.006182858026122575)	(75, 0.007213334363809671)	(80, 0.0015457145065306437)	(85, 0.0)	(90, 0.0)	(95, 0.005667619857279028)	(100, 0.015457145065306436)	(105, 0.008243810701496768)	(110, 0.0)	(115, 0.0030914290130612874)	(120, 0.005152381688435479)	(125, 0.00978952520802741)	(130, 0.0025761908442177395)	(135, 0.004637143519591932)	(140, 0.005152381688435479)	(145, 0.0)	(150, 0.0)	(155, 0.007728572532653218)	(160, 0.006698096194966123)	(165, 0.0)	(170, 0.002060952675374192)	(175, 0.01957905041605482)	(180, 0.014426668727619342)	(185, 0.0)	(190, 0.017518639316979168)	(195, 0.022156382841684915)	(200, 0.0)	(205, 0.0)	(210, 0.0)	(215, 0.0)	(220, 0.0)	(225, 0.02885482416591524)	(230, 0.007728970758727296)	(235, 0.0005152647172484864)	(240, 0.0005152647172484864)	(245, 0.01854952982094551)	(250, 0.058224913049078966)	(255, 0.0015457941517454592)	(260, 0.0)	(265, 0.0010305294344969728)	(270, 0.008759500193224268)	(275, 0.0025763235862424324)	(280, 0.0)	(285, 0.0)	(290, 0.0)	(295, 0.0005173466325907685)	(300, 0.0015861182927022698)
504B0_S3_L001_R2_001	(1, 0.015456348695226566)	(2, 0.002576058115871094)	(3, 0.002576058115871094)	(4, 0.002576058115871094)	(5, 0.002576058115871094)	(6, 0.002576058115871094)	(7, 0.002576058115871094)	(8, 0.002576058115871094)	(9, 0.002576058115871094)	(10, 0.002576058115871094)	(15, 0.020093253303794533)	(20, 0.008243385970787501)	(25, 0.002576058115871094)	(30, 0.002576058115871094)	(35, 0.0061826668933644535)	(40, 0.006182698748003504)	(45, 0.012365397496007008)	(50, 0.0)	(55, 0.002576124478334793)	(60, 0.0041217991653356685)	(65, 0.00927414368739953)	(70, 0.0)	(75, 0.001030476337687096)	(80, 0.010304763376870958)	(85, 0.0)	(90, 0.005667619857279028)	(95, 0.01494190689646289)	(100, 0.0)	(105, 0.009274287039183864)	(110, 0.007213334363809671)	(115, 0.00978952520802741)	(120, 0.0)	(125, 0.01236571605224515)	(130, 0.02215524126027256)	(135, 0.0)	(140, 0.013911430558775795)	(145, 0.01751809774068063)	(150, 0.0025761908442177395)	(155, 0.028853337455238683)	(160, 0.008243810701496768)	(165, 0.0015457145065306437)	(170, 0.00978952520802741)	(175, 0.00978952520802741)	(180, 0.0)	(185, 0.002060952675374192)	(190, 0.024216942585235907)	(195, 0.0066984413242303234)	(200, 0.005667911889733351)	(205, 0.030400618317660697)	(210, 0.00721370604147881)	(215, 0.0)	(220, 0.0)	(225, 0.0)	(230, 0.0)	(235, 0.0)	(240, 0.0)	(245, 0.0015458339774308241)	(250, 0.0015458339774308241)	(255, 0.0025763899623847068)	(260, 0.003606945947338589)	(265, 0.0015458339774308241)	(270, 0.011336115834492708)	(275, 0.012366671819446593)	(280, 0.0030916679548616483)	(285, 0.025763899623847064)	(290, 0.018034822666165125)	(295, 0.0)	(300, 0.0)
504B14_S4_L001_R1_001	(1, 0.0)	(2, 0.0)	(3, 0.02145769258279093)	(4, 0.0)	(5, 0.0035762820971318218)	(6, 0.0)	(7, 0.0)	(8, 0.0)	(9, 0.0)	(10, 0.0)	(15, 0.0)	(20, 0.0)	(25, 0.0)	(30, 0.002145769258279093)	(35, 0.0007152564194263644)	(40, 0.0)	(45, 0.0021458459997854154)	(50, 0.0007152819999284718)	(55, 0.0007152819999284718)	(60, 0.004291814793885595)	(65, 0.0021460455533936136)	(70, 0.0007153587524143358)	(75, 0.005007511266900351)	(80, 0.0)	(85, 0.0)	(90, 0.0)	(95, 0.002146076257243007)	(100, 0.009299663781386365)	(105, 0.005007511266900351)	(110, 0.0)	(115, 0.0028614350096573433)	(120, 0.004292152514486014)	(125, 0.005007511266900351)	(130, 0.003576793762071679)	(135, 0.005722870019314687)	(140, 0.005722870019314687)	(145, 0.0)	(150, 0.0)	(155, 0.005722870019314687)	(160, 0.004292152514486014)	(165, 0.0)	(170, 0.003576793762071679)	(175, 0.015022533800701052)	(180, 0.011445903797178584)	(185, 0.0)	(190, 0.01359278866790671)	(195, 0.02360852768636429)	(200, 0.0)	(205, 0.0)	(210, 0.0)	(215, 0.0)	(220, 0.0)	(225, 0.027186160813295463)	(230, 0.004292613128241817)	(235, 0.0)	(240, 0.0)	(245, 0.016455016991593633)	(250, 0.05437309962439635)	(255, 0.0)	(260, 0.0)	(265, 0.0014308710427472723)	(270, 0.010016097299230907)	(275, 0.0014308710427472723)	(280, 0.0)	(285, 0.0)	(290, 0.0)	(295, 0.0007162708076669627)	(300, 0.0)
504B14_S4_L001_R2_001	(1, 0.014305128388527287)	(2, 0.0)	(3, 0.0)	(4, 0.0)	(5, 0.0)	(6, 0.0)	(7, 0.0)	(8, 0.0)	(9, 0.0)	(10, 0.0)	(15, 0.01788141048565911)	(20, 0.004291538516558186)	(25, 0.0)	(30, 0.0)	(35, 0.0050067949359845505)	(40, 0.0028611075347266925)	(45, 0.010013947998998605)	(50, 0.0)	(55, 0.0007152819999284718)	(60, 0.003576512328237995)	(65, 0.0035767425889893555)	(70, 0.0)	(75, 0.0007153587524143358)	(80, 0.007868946276557693)	(85, 0.0)	(90, 0.003576793762071679)	(95, 0.01359181629587238)	(100, 0.0)	(105, 0.004292152514486014)	(110, 0.0064382287717290225)	(115, 0.010015022533800702)	(120, 0.0)	(125, 0.015022533800701052)	(130, 0.024322197582087417)	(135, 0.0)	(140, 0.01645325130552972)	(145, 0.01645325130552972)	(150, 0.002146076257243007)	(155, 0.03362186136347378)	(160, 0.007868946276557693)	(165, 0.0014307175048286717)	(170, 0.012161098791043708)	(175, 0.01359181629587238)	(180, 0.0)	(185, 0.0021461990814267934)	(190, 0.02503934754614394)	(195, 0.007869509228788096)	(200, 0.005723279439118615)	(205, 0.028616397195593075)	(210, 0.006438689369008442)	(215, 0.0)	(220, 0.0)	(225, 0.0)	(230, 0.0)	(235, 0.0)	(240, 0.0)	(245, 0.0021463065641209086)	(250, 0.0)	(255, 0.0014308710427472723)	(260, 0.003577177606868181)	(265, 0.0021463065641209086)	(270, 0.010016097299230907)	(275, 0.01717045251296727)	(280, 0.003577177606868181)	(285, 0.025755678769450906)	(290, 0.02074763011983545)	(295, 0.0)	(300, 0.0)
508A0_S9_L001_R1_001	(1, 0.00781473859699393)	(2, 0.0052098257313292875)	(3, 0.018234390059652505)	(4, 0.0052098257313292875)	(5, 0.00781473859699393)	(6, 0.0052098257313292875)	(7, 0.0052098257313292875)	(8, 0.0052098257313292875)	(9, 0.0052098257313292875)	(10, 0.0052098257313292875)	(15, 0.0052098257313292875)	(20, 0.0052098257313292875)	(25, 0.0052098257313292875)	(30, 0.005730808304462215)	(35, 0.003126025727191735)	(40, 0.0)	(45, 0.0015631105900742476)	(50, 0.0020841474534323305)	(55, 0.000521042293002923)	(60, 0.0026053200635698095)	(65, 0.0026053336390258136)	(70, 0.003126481822113606)	(75, 0.006253093978791589)	(80, 0.0)	(85, 0.0)	(90, 0.0)	(95, 0.0026055237102657635)	(100, 0.009380080877141785)	(105, 0.003647828239401756)	(110, 0.0)	(115, 0.002084581911040467)	(120, 0.003648018344320817)	(125, 0.004169163822080934)	(130, 0.002084581911040467)	(135, 0.0031268728665607005)	(140, 0.0031268728665607005)	(145, 0.0)	(150, 0.0)	(155, 0.005211454777601167)	(160, 0.003648018344320817)	(165, 0.0)	(170, 0.0010422909555202334)	(175, 0.010944055032962452)	(180, 0.006774891210881517)	(185, 0.0)	(190, 0.009380618599682101)	(195, 0.012507491466242802)	(200, 0.0)	(205, 0.0)	(210, 0.0)	(215, 0.0)	(220, 0.0)	(225, 0.0156343643328035)	(230, 0.0031268728665607005)	(235, 0.0)	(240, 0.0)	(245, 0.010944340212632896)	(250, 0.04013029315960912)	(255, 0.000521172638436482)	(260, 0.0)	(265, 0.001563517915309446)	(270, 0.009381107491856678)	(275, 0.001563517915309446)	(280, 0.0)	(285, 0.0)	(290, 0.0)	(295, 0.001046687495747832)	(300, 0.004730145215458115)
508A0_S9_L001_R2_001	(1, 0.01562947719398786)	(2, 0.0052098257313292875)	(3, 0.0052098257313292875)	(4, 0.0052098257313292875)	(5, 0.0052098257313292875)	(6, 0.0052098257313292875)	(7, 0.0052098257313292875)	(8, 0.0052098257313292875)	(9, 0.0052098257313292875)	(10, 0.0052098257313292875)	(15, 0.018234390059652505)	(20, 0.00781473859699393)	(25, 0.0052098257313292875)	(30, 0.0052098257313292875)	(35, 0.003647030015057024)	(40, 0.0031261886029584165)	(45, 0.006773479223655073)	(50, 0.0)	(55, 0.001042084586005846)	(60, 0.0026053200635698095)	(65, 0.0036474670946361394)	(70, 0.0)	(75, 0.0)	(80, 0.005210911648992991)	(85, 0.0)	(90, 0.002084397244426843)	(95, 0.006253256904637833)	(100, 0.0)	(105, 0.003647828239401756)	(110, 0.00573242100984413)	(115, 0.004169163822080934)	(120, 0.0)	(125, 0.008859473121921984)	(130, 0.010944055032962452)	(135, 0.0)	(140, 0.009380618599682101)	(145, 0.011986345988482685)	(150, 0.0010422909555202334)	(155, 0.015113218855043384)	(160, 0.004169163822080934)	(165, 0.0015634364332803503)	(170, 0.008338327644161867)	(175, 0.004690309299841051)	(180, 0.0)	(185, 0.0010422909555202334)	(190, 0.016155509810563618)	(195, 0.0026057273888005837)	(200, 0.0031268728665607005)	(205, 0.01771894624384397)	(210, 0.004690309299841051)	(215, 0.0)	(220, 0.0)	(225, 0.0)	(230, 0.0)	(235, 0.0)	(240, 0.0)	(245, 0.0)	(250, 0.0)	(255, 0.0)	(260, 0.000521172638436482)	(265, 0.000521172638436482)	(270, 0.005732899022801303)	(275, 0.007296416938110749)	(280, 0.001042345276872964)	(285, 0.015635179153094463)	(290, 0.007817589576547232)	(295, 0.0)	(300, 0.0)
508A14_S10_L001_R1_001	(1, 0.0026689441656880535)	(2, 0.0026689441656880535)	(3, 0.018682609159816378)	(4, 0.005337888331376107)	(5, 0.0026689441656880535)	(6, 0.0026689441656880535)	(7, 0.0026689441656880535)	(8, 0.0026689441656880535)	(9, 0.0026689441656880535)	(10, 0.0026689441656880535)	(15, 0.0026689441656880535)	(20, 0.0026689441656880535)	(25, 0.0026689441656880535)	(30, 0.011209565495889827)	(35, 0.010676004612033992)	(40, 0.0)	(45, 0.005871927914077681)	(50, 0.0026690866385522876)	(55, 0.001067634655420915)	(60, 0.009074991458831567)	(65, 0.005338315761377286)	(70, 0.0064059789136527425)	(75, 0.015481115707994129)	(80, 0.0016015203766775925)	(85, 0.0)	(90, 0.0)	(95, 0.0074740410538397875)	(100, 0.019752822785148012)	(105, 0.013880361957131037)	(110, 0.0)	(115, 0.0074740410538397875)	(120, 0.009075621279662601)	(125, 0.012812641806582497)	(130, 0.005338600752742706)	(135, 0.0058724608280169765)	(140, 0.009075621279662601)	(145, 0.0)	(150, 0.0)	(155, 0.009075621279662601)	(160, 0.010677201505485411)	(165, 0.0)	(170, 0.0037370205269198938)	(175, 0.021888263086245096)	(180, 0.014948082107679575)	(185, 0.0)	(190, 0.018685102634599472)	(195, 0.02669300376371353)	(200, 0.0)	(205, 0.0)	(210, 0.0)	(215, 0.0)	(220, 0.0005338600752742706)	(225, 0.02989616421535915)	(230, 0.006406320903291248)	(235, 0.001601580225822812)	(240, 0.0)	(245, 0.01601580225822812)	(250, 0.05712302805434696)	(255, 0.0010677201505485412)	(260, 0.0)	(265, 0.0021354403010970823)	(270, 0.019752822785148012)	(275, 0.002669300376371353)	(280, 0.0)	(285, 0.0)	(290, 0.0)	(295, 0.002680505221624172)	(300, 0.006531252041016262)
508A14_S10_L001_R2_001	(1, 0.021351553325504428)	(2, 0.0026689441656880535)	(3, 0.0026689441656880535)	(4, 0.0026689441656880535)	(5, 0.0026689441656880535)	(6, 0.0026689441656880535)	(7, 0.0026689441656880535)	(8, 0.0026689441656880535)	(9, 0.0026689441656880535)	(10, 0.0026689441656880535)	(15, 0.025088075157467703)	(20, 0.011743354329027436)	(25, 0.0026689441656880535)	(30, 0.0026689441656880535)	(35, 0.008007003459025495)	(40, 0.005338173277104575)	(45, 0.016548602176941925)	(50, 0.0)	(55, 0.004270652609101829)	(60, 0.005872210032937759)	(65, 0.016549220585095024)	(70, 0.001067691650651292)	(75, 0.0026692291266282296)	(80, 0.020286466257734215)	(85, 0.0)	(90, 0.007474240563771288)	(95, 0.019753350061395548)	(100, 0.0)	(105, 0.010143612193689606)	(110, 0.016016229779509904)	(115, 0.0218888473653302)	(120, 0.0)	(125, 0.016550104105493565)	(130, 0.025092093321232183)	(135, 0.0)	(140, 0.02135497303934654)	(145, 0.01708397843147723)	(150, 0.003203245955901981)	(155, 0.03683732849287278)	(160, 0.01067748651967327)	(165, 0.004270994607869307)	(170, 0.019753350061395548)	(175, 0.014414606801558911)	(180, 0.0)	(185, 0.0021354973039346536)	(190, 0.02936308792910149)	(195, 0.011211360845656932)	(200, 0.0069403662377876246)	(205, 0.034701831188938125)	(210, 0.007474240563771288)	(215, 0.0)	(220, 0.0)	(225, 0.0005338743259836634)	(230, 0.0005338743259836634)	(235, 0.0005338743259836634)	(240, 0.0005338743259836634)	(245, 0.005872617585820298)	(250, 0.003203245955901981)	(255, 0.003737120281885644)	(260, 0.005338743259836635)	(265, 0.004270994607869307)	(270, 0.009609737867705942)	(275, 0.02669371629918317)	(280, 0.006406491911803962)	(285, 0.025625967647215846)	(290, 0.03416795686295446)	(295, 0.0)	(300, 0.0)
508B0_S11_L001_R1_001	(1, 0.0076057195010648)	(2, 0.0076057195010648)	(3, 0.0304228780042592)	(4, 0.0076057195010648)	(5, 0.0076057195010648)	(6, 0.0076057195010648)	(7, 0.0076057195010648)	(8, 0.0076057195010648)	(9, 0.0076057195010648)	(10, 0.0076057195010648)	(15, 0.0076057195010648)	(20, 0.0076057195010648)	(25, 0.0076057195010648)	(30, 0.012169151201703681)	(35, 0.007606182304977486)	(40, 0.0)	(45, 0.003803149007378109)	(50, 0.0015213753232922562)	(55, 0.0015213753232922562)	(60, 0.004564195408419419)	(65, 0.0030428663801300828)	(70, 0.004564299570195124)	(75, 0.012171465520520331)	(80, 0.002282149785097562)	(85, 0.0)	(90, 0.0)	(95, 0.004564299570195124)	(100, 0.016735765090715456)	(105, 0.0076071659503252065)	(110, 0.0)	(115, 0.005325016165227644)	(120, 0.0076071659503252065)	(125, 0.009128599140390247)	(130, 0.004564299570195124)	(135, 0.0038035829751626032)	(140, 0.006846449355292685)	(145, 0.0)	(150, 0.0)	(155, 0.009128599140390247)	(160, 0.006846449355292685)	(165, 0.0)	(170, 0.00304291267601348)	(175, 0.01901907232572824)	(180, 0.013693940431359124)	(185, 0.0)	(190, 0.019780136178629844)	(195, 0.024344782989082887)	(200, 0.0)	(205, 0.0)	(210, 0.0)	(215, 0.0)	(220, 0.0)	(225, 0.03195252767317129)	(230, 0.007607744684088402)	(235, 0.0)	(240, 0.0)	(245, 0.019780136178629844)	(250, 0.06999125109361329)	(255, 0.0007607744684088402)	(260, 0.0)	(265, 0.0)	(270, 0.010650842557723762)	(275, 0.0015215489368176805)	(280, 0.0)	(285, 0.0)	(290, 0.0)	(295, 0.0015303623898139079)	(300, 0.0)
508B0_S11_L001_R2_001	(1, 0.022817158503194403)	(2, 0.0076057195010648)	(3, 0.0076057195010648)	(4, 0.0076057195010648)	(5, 0.0076057195010648)	(6, 0.0076057195010648)	(7, 0.0076057195010648)	(8, 0.0076057195010648)	(9, 0.0076057195010648)	(10, 0.0076057195010648)	(15, 0.026620018253726802)	(20, 0.014450867052023123)	(25, 0.0076057195010648)	(30, 0.0076057195010648)	(35, 0.008366800535475234)	(40, 0.0045637788088537315)	(45, 0.013691336426561193)	(50, 0.0)	(55, 0.0030427506465845124)	(60, 0.003042796938946279)	(65, 0.008367882545357728)	(70, 0.0015214331900650414)	(75, 0.002282149785097562)	(80, 0.009128599140390247)	(85, 0.0)	(90, 0.005325016165227644)	(95, 0.009889315735422769)	(100, 0.0)	(105, 0.005325016165227644)	(110, 0.009128599140390247)	(115, 0.009128599140390247)	(120, 0.0)	(125, 0.012171465520520331)	(130, 0.024342931041040662)	(135, 0.0)	(140, 0.016735765090715456)	(145, 0.02053934806587806)	(150, 0.002282149785097562)	(155, 0.02510364763607318)	(160, 0.0060857327602601655)	(165, 0.0015214331900650414)	(170, 0.00836800985903707)	(175, 0.005325340251203907)	(180, 0.0)	(185, 0.0)	(190, 0.018258587241812167)	(195, 0.004564646810453042)	(200, 0.003803872342044201)	(205, 0.025105557457491726)	(210, 0.007607744684088402)	(215, 0.0015215489368176805)	(220, 0.0007607744684088402)	(225, 0.002282323405226521)	(230, 0.0015215489368176805)	(235, 0.003803872342044201)	(240, 0.0007607744684088402)	(245, 0.005325421278861881)	(250, 0.002282323405226521)	(255, 0.003803872342044201)	(260, 0.004564646810453042)	(265, 0.0015215489368176805)	(270, 0.009890068089314922)	(275, 0.010650842557723762)	(280, 0.004564646810453042)	(285, 0.02586633192590057)	(290, 0.015215489368176804)	(295, 0.0)	(300, 0.0)
508B14_S12_L001_R1_001	(1, 0.003811992528494644)	(2, 0.003811992528494644)	(3, 0.01905996264247322)	(4, 0.003811992528494644)	(5, 0.007623985056989288)	(6, 0.003811992528494644)	(7, 0.003811992528494644)	(8, 0.003811992528494644)	(9, 0.003811992528494644)	(10, 0.003811992528494644)	(15, 0.003811992528494644)	(20, 0.003811992528494644)	(25, 0.003811992528494644)	(30, 0.00609918804559143)	(35, 0.004574530538803455)	(40, 0.0)	(45, 0.001524901643843972)	(50, 0.002287369905836606)	(55, 0.0007624566352788685)	(60, 0.001524913270557737)	(65, 0.0007624566352788685)	(70, 0.0038122831763943424)	(75, 0.006862109717509816)	(80, 0.002287369905836606)	(85, 0.0)	(90, 0.0)	(95, 0.00533739992375143)	(100, 0.006862371330537552)	(105, 0.01067479984750286)	(110, 0.0)	(115, 0.003812428516965307)	(120, 0.009912314144109797)	(125, 0.01067479984750286)	(130, 0.002287457110179184)	(135, 0.002287457110179184)	(140, 0.008387342737323675)	(145, 0.0)	(150, 0.0)	(155, 0.004574914220358368)	(160, 0.006862371330537552)	(165, 0.0)	(170, 0.004574914220358368)	(175, 0.018299656881433472)	(180, 0.012962256957682045)	(185, 0.0)	(190, 0.013724742661075104)	(195, 0.01677468547464735)	(200, 0.0)	(205, 0.0)	(210, 0.0)	(215, 0.0)	(220, 0.0)	(225, 0.02211208539839878)	(230, 0.006862371330537552)	(235, 0.0015249714067861228)	(240, 0.0)	(245, 0.01067479984750286)	(250, 0.04879908501715593)	(255, 0.002287457110179184)	(260, 0.0)	(265, 0.0015249714067861228)	(270, 0.007624857033930614)	(275, 0.0030499428135722455)	(280, 0.0)	(285, 0.0)	(290, 0.0)	(295, 0.0022999961666730555)	(300, 0.0)
508B14_S12_L001_R2_001	(1, 0.015247970113978576)	(2, 0.003811992528494644)	(3, 0.003811992528494644)	(4, 0.003811992528494644)	(5, 0.003811992528494644)	(6, 0.003811992528494644)	(7, 0.003811992528494644)	(8, 0.003811992528494644)	(9, 0.003811992528494644)	(10, 0.003811992528494644)	(15, 0.018297564136774292)	(20, 0.007623985056989288)	(25, 0.003811992528494644)	(30, 0.003811992528494644)	(35, 0.00304968702586897)	(40, 0.0022872827081427266)	(45, 0.00991186068498582)	(50, 0.0)	(55, 0.006099653082230948)	(60, 0.001524913270557737)	(65, 0.009149479623346423)	(70, 0.001524913270557737)	(75, 0.0007624566352788685)	(80, 0.008387022988067554)	(85, 0.0)	(90, 0.008387342737323675)	(95, 0.009149828440716736)	(100, 0.0)	(105, 0.009912314144109797)	(110, 0.009912314144109797)	(115, 0.006099885627144491)	(120, 0.0)	(125, 0.01067479984750286)	(130, 0.02134959969500572)	(135, 0.0)	(140, 0.019824628288219594)	(145, 0.013724742661075104)	(150, 0.003812428516965307)	(155, 0.02592451391536409)	(160, 0.006099885627144491)	(165, 0.002287457110179184)	(170, 0.01067479984750286)	(175, 0.009912314144109797)	(180, 0.0)	(185, 0.0)	(190, 0.020587113991612657)	(195, 0.006862371330537552)	(200, 0.002287457110179184)	(205, 0.019062142584826535)	(210, 0.006099885627144491)	(215, 0.0)	(220, 0.0)	(225, 0.0)	(230, 0.0)	(235, 0.0)	(240, 0.0)	(245, 0.003812428516965307)	(250, 0.002287457110179184)	(255, 0.0030499428135722455)	(260, 0.004574914220358368)	(265, 0.002287457110179184)	(270, 0.007624857033930614)	(275, 0.012962256957682045)	(280, 0.003812428516965307)	(285, 0.019824628288219594)	(290, 0.022874571101791842)	(295, 0.0)	(300, 0.0)
519A0_S33_L001_R1_001	(1, 0.0)	(2, 0.0)	(3, 0.00758782912208817)	(4, 0.0)	(5, 0.0)	(6, 0.0)	(7, 0.0)	(8, 0.0)	(9, 0.0)	(10, 0.0)	(15, 0.0)	(20, 0.0)	(25, 0.0)	(30, 0.008346612034296987)	(35, 0.00758782912208817)	(40, 0.0)	(45, 0.006829046209879354)	(50, 0.0022763487366264513)	(55, 0.0022764005554417356)	(60, 0.019729852784944605)	(65, 0.008347435440175448)	(70, 0.00834756213242269)	(75, 0.02200787730228958)	(80, 0.0007588980799878576)	(85, 0.0)	(90, 0.0)	(95, 0.007589153581701033)	(100, 0.024285660076651616)	(105, 0.013660683793116534)	(110, 0.0)	(115, 0.010624976283535082)	(120, 0.012142830038325808)	(125, 0.01517853754790726)	(130, 0.00758926877395363)	(135, 0.009107122528744354)	(140, 0.009866049406139719)	(145, 0.0)	(150, 0.0)	(155, 0.012142830038325808)	(160, 0.012142830038325808)	(165, 0.0)	(170, 0.003035707509581452)	(175, 0.025044586954046974)	(180, 0.018973171934884077)	(185, 0.0)	(190, 0.02352673319925625)	(195, 0.025044586954046974)	(200, 0.0)	(205, 0.0)	(210, 0.0)	(215, 0.0)	(220, 0.0007589556769884639)	(225, 0.030358227079538558)	(230, 0.009107468123861567)	(235, 0.0)	(240, 0.0)	(245, 0.020491803278688523)	(250, 0.06602914389799636)	(255, 0.0007589556769884639)	(260, 0.0)	(265, 0.004553734061930784)	(270, 0.0273224043715847)	(275, 0.0037947783849423197)	(280, 0.0)	(285, 0.0)	(290, 0.0)	(295, 0.0007603579765353528)	(300, 0.002341865530081263)
519A0_S33_L001_R2_001	(1, 0.0265574019273086)	(2, 0.0)	(3, 0.0)	(4, 0.0)	(5, 0.0)	(6, 0.0)	(7, 0.0)	(8, 0.0)	(9, 0.0)	(10, 0.0)	(15, 0.0311100994005615)	(20, 0.009864177858714622)	(25, 0.0)	(30, 0.0)	(35, 0.009105394946505805)	(40, 0.006829305307887848)	(45, 0.017452669120157832)	(50, 0.0)	(55, 0.0022764869253767586)	(60, 0.00834756213242269)	(65, 0.015936617794372096)	(70, 0.0007588980799878576)	(75, 0.002276763353217067)	(80, 0.019732098812279438)	(85, 0.0)	(90, 0.006830341896558267)	(95, 0.019732098812279438)	(100, 0.0)	(105, 0.011383903160930443)	(110, 0.017455318180093347)	(115, 0.02352673319925625)	(120, 0.0)	(125, 0.019732098812279438)	(130, 0.028080294463628433)	(135, 0.0)	(140, 0.02580351383144234)	(145, 0.022008879444465525)	(150, 0.0022767806321860886)	(155, 0.034910636360186695)	(160, 0.009107122528744354)	(165, 0.004553561264372177)	(170, 0.017455318180093347)	(175, 0.012142830038325808)	(180, 0.0)	(185, 0.004553561264372177)	(190, 0.03566956323758206)	(195, 0.011383903160930443)	(200, 0.00758926877395363)	(205, 0.03339278260539597)	(210, 0.00758926877395363)	(215, 0.000758926877395363)	(220, 0.000758926877395363)	(225, 0.001517853754790726)	(230, 0.000758926877395363)	(235, 0.0)	(240, 0.001517853754790726)	(245, 0.006071415019162904)	(250, 0.003794634386976815)	(255, 0.003035707509581452)	(260, 0.005312488141767541)	(265, 0.003794634386976815)	(270, 0.010624976283535082)	(275, 0.022008879444465525)	(280, 0.003035707509581452)	(285, 0.03035707509581452)	(290, 0.027321367586233068)	(295, 0.0)	(300, 0.0)
519A14_S34_L001_R1_001	(1, 0.003025077895755816)	(2, 0.003025077895755816)	(3, 0.018150467374534896)	(4, 0.006050155791511632)	(5, 0.003025077895755816)	(6, 0.003025077895755816)	(7, 0.003025077895755816)	(8, 0.003025077895755816)	(9, 0.003025077895755816)	(10, 0.003025077895755816)	(15, 0.003025077895755816)	(20, 0.003025077895755816)	(25, 0.003025077895755816)	(30, 0.005445140212360468)	(35, 0.005445271991335967)	(40, 0.0)	(45, 0.001210104371502042)	(50, 0.0018151565572530632)	(55, 0.0024202819628486717)	(60, 0.0036304229442730078)	(65, 0.0024202819628486717)	(70, 0.0030253524535608397)	(75, 0.00907605736068252)	(80, 0.0018152114721365039)	(85, 0.0)	(90, 0.0)	(95, 0.0030253524535608397)	(100, 0.010286198342106855)	(105, 0.0072608458885460156)	(110, 0.0)	(115, 0.0024202819628486717)	(120, 0.0036304229442730078)	(125, 0.0060507049071216795)	(130, 0.0024202819628486717)	(135, 0.0036304229442730078)	(140, 0.0036304229442730078)	(145, 0.0)	(150, 0.0)	(155, 0.004235493434985175)	(160, 0.0072608458885460156)	(165, 0.0)	(170, 0.0012101409814243359)	(175, 0.013311550795667693)	(180, 0.00907605736068252)	(185, 0.0)	(190, 0.012101409814243359)	(195, 0.011496339323531191)	(200, 0.0)	(205, 0.0)	(210, 0.0)	(215, 0.0)	(220, 0.0)	(225, 0.016942486309865973)	(230, 0.005445799171028348)	(235, 0.001210177593561855)	(240, 0.0006050887967809275)	(245, 0.014522131122742261)	(250, 0.044777383790587065)	(255, 0.0012102142079148009)	(260, 0.0)	(265, 0.0018153213118722014)	(270, 0.01270724918310541)	(275, 0.0024204284158296017)	(280, 0.0)	(285, 0.0)	(290, 0.0)	(295, 0.0018168384588364964)	(300, 0.0)
519A14_S34_L001_R2_001	(1, 0.012100311583023264)	(2, 0.003025077895755816)	(3, 0.003025077895755816)	(4, 0.003025077895755816)	(5, 0.003025077895755816)	(6, 0.003025077895755816)	(7, 0.003025077895755816)	(8, 0.003025077895755816)	(9, 0.003025077895755816)	(10, 0.003025077895755816)	(15, 0.013915358320476754)	(20, 0.005445140212360468)	(25, 0.003025077895755816)	(30, 0.003025077895755816)	(35, 0.0042352115488168635)	(40, 0.0036302691844600278)	(45, 0.004840417486008168)	(50, 0.0)	(55, 0.0018152114721365039)	(60, 0.0018152114721365039)	(65, 0.004840563925697343)	(70, 0.0006050704907121679)	(75, 0.0024202819628486717)	(80, 0.009681127851394687)	(85, 0.0)	(90, 0.004235493434985175)	(95, 0.0060507049071216795)	(100, 0.0)	(105, 0.0060507049071216795)	(110, 0.004235493434985175)	(115, 0.011496339323531191)	(120, 0.0)	(125, 0.010891268832819025)	(130, 0.015126762267804197)	(135, 0.0)	(140, 0.00847098686997035)	(145, 0.012706480304955527)	(150, 0.0012101409814243359)	(155, 0.02178253766563805)	(160, 0.0060507049071216795)	(165, 0.0024202819628486717)	(170, 0.004840563925697343)	(175, 0.0072608458885460156)	(180, 0.0)	(185, 0.0024202819628486717)	(190, 0.017547044230652873)	(195, 0.006655775397833847)	(200, 0.004840563925697343)	(205, 0.024202819628486718)	(210, 0.006655775397833847)	(215, 0.0006050741518373077)	(220, 0.0006050887967809275)	(225, 0.0006050887967809275)	(230, 0.0)	(235, 0.0)	(240, 0.0006050887967809275)	(245, 0.001210177593561855)	(250, 0.0030254989047693967)	(255, 0.0018153213118722014)	(260, 0.0048408568316592035)	(265, 0.0024204284158296017)	(270, 0.007261285247488806)	(275, 0.012102142079148009)	(280, 0.003630642623744403)	(285, 0.018153213118722013)	(290, 0.015732784702892414)	(295, 0.0)	(300, 0.0)
519B0_S35_L001_R1_001	(1, 0.003940886699507389)	(2, 0.003940886699507389)	(3, 0.0354679802955665)	(4, 0.007881773399014778)	(5, 0.007881773399014778)	(6, 0.003940886699507389)	(7, 0.003940886699507389)	(8, 0.003940886699507389)	(9, 0.003940886699507389)	(10, 0.003940886699507389)	(15, 0.003940886699507389)	(20, 0.003940886699507389)	(25, 0.003940886699507389)	(30, 0.009458128078817735)	(35, 0.004729213137754097)	(40, 0.0)	(45, 0.00551758928641806)	(50, 0.000788264320792048)	(55, 0.0015766529235086834)	(60, 0.007095385634209219)	(65, 0.003941974140649637)	(70, 0.00315357931251971)	(75, 0.009460812526115785)	(80, 0.0)	(85, 0.0)	(90, 0.0)	(95, 0.003154076644062451)	(100, 0.012616804005835272)	(105, 0.006308402002917636)	(110, 0.0)	(115, 0.0039427512518235225)	(120, 0.0055198517525529315)	(125, 0.007885502503647045)	(130, 0.003154201001458818)	(135, 0.004731376120744719)	(140, 0.005520069395158111)	(145, 0.0)	(150, 0.0)	(155, 0.007097344016150401)	(160, 0.0063088994913449775)	(165, 0.0)	(170, 0.0015772248728362444)	(175, 0.012617798982689955)	(180, 0.007886124364181223)	(185, 0.0)	(190, 0.013406411419108078)	(195, 0.022869760656125546)	(200, 0.0)	(205, 0.0)	(210, 0.0)	(215, 0.0)	(220, 0.001577287066246057)	(225, 0.02917981072555205)	(230, 0.005520504731861198)	(235, 0.0)	(240, 0.0007886435331230285)	(245, 0.01971608832807571)	(250, 0.07334384858044164)	(255, 0.0)	(260, 0.0)	(265, 0.002365930599369085)	(270, 0.007886435331230285)	(275, 0.0007886435331230285)	(280, 0.0)	(285, 0.0)	(290, 0.0)	(295, 0.0023694249405669244)	(300, 0.004991514425476689)
519B0_S35_L001_R2_001	(1, 0.019704433497536946)	(2, 0.003940886699507389)	(3, 0.003940886699507389)	(4, 0.003940886699507389)	(5, 0.003940886699507389)	(6, 0.003940886699507389)	(7, 0.003940886699507389)	(8, 0.003940886699507389)	(9, 0.003940886699507389)	(10, 0.003940886699507389)	(15, 0.022068965517241378)	(20, 0.009458128078817735)	(25, 0.003940886699507389)	(30, 0.003940886699507389)	(35, 0.0070938197066311446)	(40, 0.004729250413809411)	(45, 0.012611632654669852)	(50, 0.0)	(55, 0.0015766529235086834)	(60, 0.005518633271051615)	(65, 0.007095553453169347)	(70, 0.0)	(75, 0.0023652031315289463)	(80, 0.008672684984428589)	(85, 0.0)	(90, 0.003942284948356067)	(95, 0.012616306576249804)	(100, 0.0)	(105, 0.00709695225328234)	(110, 0.00788568905150932)	(115, 0.012617301474647109)	(120, 0.0)	(125, 0.010251557448150777)	(130, 0.025234602949294218)	(135, 0.0)	(140, 0.019715310910453056)	(145, 0.018138086037616814)	(150, 0.0015772248728362444)	(155, 0.03075588502030677)	(160, 0.007886124364181223)	(165, 0.0015772248728362444)	(170, 0.012617798982689955)	(175, 0.01025196167343559)	(180, 0.0)	(185, 0.002365837309254367)	(190, 0.022081148219707424)	(195, 0.005520287054926856)	(200, 0.005520287054926856)	(205, 0.03233336487807956)	(210, 0.006309148264984228)	(215, 0.0)	(220, 0.0)	(225, 0.0)	(230, 0.0)	(235, 0.0)	(240, 0.0)	(245, 0.003154574132492114)	(250, 0.0007886435331230285)	(255, 0.0007886435331230285)	(260, 0.001577287066246057)	(265, 0.001577287066246057)	(270, 0.008675078864353312)	(275, 0.012618296529968456)	(280, 0.00473186119873817)	(285, 0.02681388012618296)	(290, 0.018139230423432733)	(295, 0.0)	(300, 0.0)
519B14_S36_L001_R1_001	(1, 0.009970752459452272)	(2, 0.009970752459452272)	(3, 0.029912257378356823)	(4, 0.009970752459452272)	(5, 0.009970752459452272)	(6, 0.009970752459452272)	(7, 0.009970752459452272)	(8, 0.009970752459452272)	(9, 0.009970752459452272)	(10, 0.009970752459452272)	(15, 0.009970752459452272)	(20, 0.009970752459452272)	(25, 0.009970752459452272)	(30, 0.016617920765753788)	(35, 0.01196585742016114)	(40, 0.0)	(45, 0.0033239155725444574)	(50, 0.0033240260603643133)	(55, 0.0026592738852656284)	(60, 0.0046540077655443865)	(65, 0.001994667588646352)	(70, 0.007313829787234043)	(75, 0.01396276595744681)	(80, 0.003989361702127659)	(85, 0.0)	(90, 0.0)	(95, 0.009308510638297872)	(100, 0.017287234042553192)	(105, 0.009973404255319148)	(110, 0.0)	(115, 0.007978723404255319)	(120, 0.011303191489361703)	(125, 0.015957446808510637)	(130, 0.004654255319148936)	(135, 0.005319148936170213)	(140, 0.009973404255319148)	(145, 0.0)	(150, 0.0)	(155, 0.009973404255319148)	(160, 0.011968085106382979)	(165, 0.0)	(170, 0.005319148936170213)	(175, 0.030585106382978722)	(180, 0.017287234042553192)	(185, 0.0)	(190, 0.025930851063829783)	(195, 0.025930851063829783)	(200, 0.0)	(205, 0.0)	(210, 0.0)	(215, 0.0)	(220, 0.0)	(225, 0.03191595465274776)	(230, 0.006649157219322451)	(235, 0.0)	(240, 0.0)	(245, 0.016622893048306126)	(250, 0.06516304058726528)	(255, 0.0026597513132522108)	(260, 0.0)	(265, 0.0013298756566261054)	(270, 0.02260788616264379)	(275, 0.003989626969878316)	(280, 0.0)	(285, 0.0)	(290, 0.0)	(295, 0.003992122212167989)	(300, 0.004217985490129914)
519B14_S36_L001_R2_001	(1, 0.026588673225206066)	(2, 0.009970752459452272)	(3, 0.009970752459452272)	(4, 0.009970752459452272)	(5, 0.009970752459452272)	(6, 0.009970752459452272)	(7, 0.009970752459452272)	(8, 0.009970752459452272)	(9, 0.009970752459452272)	(10, 0.009970752459452272)	(15, 0.03722414251528849)	(20, 0.019276788088274394)	(25, 0.009970752459452272)	(30, 0.009970752459452272)	(35, 0.009971547850134285)	(40, 0.006647831145088915)	(45, 0.020608276549775636)	(50, 0.0)	(55, 0.007978086854772226)	(60, 0.004654162483461101)	(65, 0.01994733902497407)	(70, 0.0026596628877289803)	(75, 0.001994747165796735)	(80, 0.021942218823764088)	(85, 0.0)	(90, 0.013298314438644902)	(95, 0.017952724492170617)	(100, 0.0)	(105, 0.015293061604441638)	(110, 0.017952724492170617)	(115, 0.020612387379899597)	(120, 0.0)	(125, 0.019282555936035107)	(130, 0.033911152779717145)	(135, 0.0)	(140, 0.025932575304209057)	(145, 0.020613072677704635)	(150, 0.003989626969878316)	(155, 0.040561207527096216)	(160, 0.013298756566261056)	(165, 0.003324689141565264)	(170, 0.01728838353613937)	(175, 0.01861825919276548)	(180, 0.0)	(185, 0.001994813484939158)	(190, 0.03590664272890485)	(195, 0.011303943081321896)	(200, 0.00930912959638274)	(205, 0.04255602101203537)	(210, 0.00930912959638274)	(215, 0.001994813484939158)	(220, 0.001329902185694242)	(225, 0.0033247996808192307)	(230, 0.0019948798084915382)	(235, 0.0039897596169830764)	(240, 0.0019948798084915382)	(245, 0.009974399042457692)	(250, 0.006649599361638461)	(255, 0.006649599361638461)	(260, 0.009974399042457692)	(265, 0.0033247996808192307)	(270, 0.009974399042457692)	(275, 0.021943677893406923)	(280, 0.005319679489310769)	(285, 0.02859327725504538)	(290, 0.030588157063536923)	(295, 0.0)	(300, 0.0)
521A0_S25_L001_R1_001	(1, 0.00726929088067459)	(2, 0.0)	(3, 0.018173227201686473)	(4, 0.003634645440337295)	(5, 0.0)	(6, 0.0)	(7, 0.0)	(8, 0.0)	(9, 0.0)	(10, 0.0)	(15, 0.0)	(20, 0.0)	(25, 0.0)	(30, 0.0007269290880674591)	(35, 0.006542361792607131)	(40, 0.0)	(45, 0.005815432704539673)	(50, 0.002180787264202377)	(55, 0.0014538581761349182)	(60, 0.005088503616472214)	(65, 0.005088503616472214)	(70, 0.005815432704539673)	(75, 0.01453858176134918)	(80, 0.0)	(85, 0.0)	(90, 0.0)	(95, 0.002907822041291073)	(100, 0.015266065716778134)	(105, 0.00945076514848606)	(110, 0.0)	(115, 0.002180945803496783)	(120, 0.005088873541492494)	(125, 0.005815855475991422)	(130, 0.0036349096724946385)	(135, 0.005088873541492494)	(140, 0.0036349096724946385)	(145, 0.0)	(150, 0.0)	(155, 0.007269819344989277)	(160, 0.007269819344989277)	(165, 0.0)	(170, 0.0014539638689978554)	(175, 0.014539638689978554)	(180, 0.00945076514848606)	(185, 0.0)	(190, 0.014539638689978554)	(195, 0.01526695358846109)	(200, 0.0)	(205, 0.0)	(210, 0.0)	(215, 0.0)	(220, 0.0)	(225, 0.015994765349521975)	(230, 0.005816278308917081)	(235, 0.0)	(240, 0.0)	(245, 0.011632556617834163)	(250, 0.03635173943073176)	(255, 0.0)	(260, 0.0)	(265, 0.0029081391544585407)	(270, 0.018902904503980515)	(275, 0.0021811043658439056)	(280, 0.0)	(285, 0.0)	(290, 0.0)	(295, 0.0021825007093127305)	(300, 0.006320047189685683)
521A0_S25_L001_R2_001	(1, 0.00726929088067459)	(2, 0.0)	(3, 0.0)	(4, 0.0)	(5, 0.0)	(6, 0.0)	(7, 0.0)	(8, 0.0)	(9, 0.0)	(10, 0.0)	(15, 0.017446298113619016)	(20, 0.004361574528404754)	(25, 0.0)	(30, 0.0)	(35, 0.005088503616472214)	(40, 0.005088503616472214)	(45, 0.009450078144876967)	(50, 0.0)	(55, 0.0014538581761349182)	(60, 0.003634645440337295)	(65, 0.006542361792607131)	(70, 0.0)	(75, 0.0007269290880674591)	(80, 0.011630865409079346)	(85, 0.0)	(90, 0.002907822041291073)	(95, 0.011631288165164292)	(100, 0.0)	(105, 0.007269819344989277)	(110, 0.007996801279488205)	(115, 0.010177747082984988)	(120, 0.0)	(125, 0.010904729017483916)	(130, 0.018174548362473193)	(135, 0.0)	(140, 0.010904729017483916)	(145, 0.013085674820980699)	(150, 0.0007269819344989277)	(155, 0.020355494165969976)	(160, 0.007269819344989277)	(165, 0.0036349096724946385)	(170, 0.012358692886481771)	(175, 0.007996801279488205)	(180, 0.0)	(185, 0.002907927737995711)	(190, 0.01890153029697212)	(195, 0.007997091966557615)	(200, 0.004362208731687811)	(205, 0.021084008869824422)	(210, 0.004362208731687811)	(215, 0.0)	(220, 0.0)	(225, 0.0)	(230, 0.0)	(235, 0.0)	(240, 0.0)	(245, 0.0007270612185546022)	(250, 0.0)	(255, 0.0)	(260, 0.0036353060927730115)	(265, 0.0014541224371092045)	(270, 0.006543550966991421)	(275, 0.015268285589646649)	(280, 0.002908244874218409)	(285, 0.017449469245310455)	(290, 0.01599534680820125)	(295, 0.0)	(300, 0.0)
521A14_S26_L001_R1_001	(1, 0.007088679379031687)	(2, 0.007088679379031687)	(3, 0.014177358758063374)	(4, 0.007088679379031687)	(5, 0.007088679379031687)	(6, 0.007088679379031687)	(7, 0.007088679379031687)	(8, 0.007088679379031687)	(9, 0.007088679379031687)	(10, 0.007088679379031687)	(15, 0.007088679379031687)	(20, 0.007088679379031687)	(25, 0.007088679379031687)	(30, 0.009215283192741192)	(35, 0.0049623569777828185)	(40, 0.0)	(45, 0.0007089433199815675)	(50, 0.0021268299599447025)	(55, 0.0007089433199815675)	(60, 0.00567154655985254)	(65, 0.00283577327992627)	(70, 0.00283577327992627)	(75, 0.006380489879834106)	(80, 0.0021268299599447025)	(85, 0.0)	(90, 0.0)	(95, 0.0021268299599447025)	(100, 0.009216459178175426)	(105, 0.005671908455397529)	(110, 0.0)	(115, 0.0035449679180403417)	(120, 0.005671948668864547)	(125, 0.00921691658690489)	(130, 0.002126980750824205)	(135, 0.0028359743344322733)	(140, 0.006380942252472615)	(145, 0.0)	(150, 0.0)	(155, 0.005671948668864547)	(160, 0.004962955085256479)	(165, 0.0)	(170, 0.0028359743344322733)	(175, 0.014179871672161367)	(180, 0.009925910170512958)	(185, 0.0)	(190, 0.014888865255769436)	(195, 0.014180273821087485)	(200, 0.0)	(205, 0.0)	(210, 0.0)	(215, 0.0)	(220, 0.0)	(225, 0.016307430516165625)	(230, 0.0035450935904707886)	(235, 0.0007090187180941577)	(240, 0.0)	(245, 0.011344299489506523)	(250, 0.03899602949517868)	(255, 0.0014180374361883153)	(260, 0.0)	(265, 0.002127056154282473)	(270, 0.010635280771412365)	(275, 0.002127056154282473)	(280, 0.0)	(285, 0.0)	(290, 0.0)	(295, 0.0007102575393837805)	(300, 0.0020526715520249603)
521A14_S26_L001_R2_001	(1, 0.017721698447579214)	(2, 0.007088679379031687)	(3, 0.007088679379031687)	(4, 0.007088679379031687)	(5, 0.007088679379031687)	(6, 0.007088679379031687)	(7, 0.007088679379031687)	(8, 0.007088679379031687)	(9, 0.007088679379031687)	(10, 0.007088679379031687)	(15, 0.020557170199191892)	(20, 0.012050754944353866)	(25, 0.007088679379031687)	(30, 0.007088679379031687)	(35, 0.0056712651174660785)	(40, 0.004962568058076225)	(45, 0.010634149799723512)	(50, 0.0)	(55, 0.00283577327992627)	(60, 0.001417886639963135)	(65, 0.007798376519797243)	(70, 0.0007089433199815675)	(75, 0.0007089433199815675)	(80, 0.00567154655985254)	(85, 0.0)	(90, 0.006380489879834106)	(95, 0.010634149799723512)	(100, 0.0)	(105, 0.007798874126171603)	(110, 0.00921691658690489)	(115, 0.009925910170512958)	(120, 0.0)	(125, 0.00921691658690489)	(130, 0.01701584600659364)	(135, 0.0)	(140, 0.011343897337729093)	(145, 0.011343897337729093)	(150, 0.002126980750824205)	(155, 0.024105781842674322)	(160, 0.006380942252472615)	(165, 0.0014179871672161367)	(170, 0.00850792300329682)	(175, 0.007089935836080683)	(180, 0.0)	(185, 0.0007089935836080683)	(190, 0.01843383317380978)	(195, 0.005672109528434994)	(200, 0.0035450935904707886)	(205, 0.020561542824730574)	(210, 0.004254112308564946)	(215, 0.0)	(220, 0.0)	(225, 0.0)	(230, 0.0)	(235, 0.0)	(240, 0.0)	(245, 0.0014180374361883153)	(250, 0.0)	(255, 0.0)	(260, 0.002127056154282473)	(265, 0.0014180374361883153)	(270, 0.007090187180941577)	(275, 0.008508224617129892)	(280, 0.0035450935904707886)	(285, 0.017016449234259785)	(290, 0.017016449234259785)	(295, 0.0)	(300, 0.0)
521B0_S27_L001_R1_001	(1, 0.0)	(2, 0.0)	(3, 0.009988679496570554)	(4, 0.003329559832190184)	(5, 0.0)	(6, 0.0)	(7, 0.0)	(8, 0.0)	(9, 0.0)	(10, 0.0)	(15, 0.0)	(20, 0.0)	(25, 0.0)	(30, 0.0019977358993141106)	(35, 0.002663647865752148)	(40, 0.0)	(45, 0.0026636833413243833)	(50, 0.0013318682782272834)	(55, 0.0013318682782272834)	(60, 0.003995631442955702)	(65, 0.00266386073336086)	(70, 0.0033298924444740436)	(75, 0.006659784888948087)	(80, 0.0013319569777896173)	(85, 0.0)	(90, 0.0)	(95, 0.0026639316967912944)	(100, 0.008658008658008658)	(105, 0.005994005994005994)	(110, 0.0)	(115, 0.001998001998001998)	(120, 0.004662004662004662)	(125, 0.005994005994005994)	(130, 0.00333000333000333)	(135, 0.002664002664002664)	(140, 0.00333000333000333)	(145, 0.0)	(150, 0.0)	(155, 0.005328005328005328)	(160, 0.004662004662004662)	(165, 0.0)	(170, 0.00333000333000333)	(175, 0.01332001332001332)	(180, 0.011322011322011322)	(185, 0.0)	(190, 0.011322011322011322)	(195, 0.019314019314019312)	(200, 0.0)	(205, 0.0)	(210, 0.0)	(215, 0.0)	(220, 0.0)	(225, 0.022644776715841353)	(230, 0.006660228445835692)	(235, 0.0)	(240, 0.0)	(245, 0.019314662492923507)	(250, 0.05727796463418695)	(255, 0.0006660228445835692)	(260, 0.0)	(265, 0.0006660228445835692)	(270, 0.009990342668753538)	(275, 0.0013320456891671383)	(280, 0.0)	(285, 0.0)	(290, 0.0)	(295, 0.0)	(300, 0.0)
521B0_S27_L001_R2_001	(1, 0.006659119664380368)	(2, 0.0)	(3, 0.0)	(4, 0.0)	(5, 0.0)	(6, 0.0)	(7, 0.0)	(8, 0.0)	(9, 0.0)	(10, 0.0)	(15, 0.014650063261636813)	(20, 0.005993207697942332)	(25, 0.0)	(30, 0.0)	(35, 0.005993207697942332)	(40, 0.0046613837650662585)	(45, 0.006659208353310959)	(50, 0.0)	(55, 0.0013318682782272834)	(60, 0.001997815721477851)	(65, 0.00399579110004129)	(70, 0.0)	(75, 0.0006659784888948087)	(80, 0.005993806400053278)	(85, 0.0)	(90, 0.001997935466684426)	(95, 0.003329914620989118)	(100, 0.0)	(105, 0.004662004662004662)	(110, 0.003996003996003996)	(115, 0.009324009324009324)	(120, 0.0)	(125, 0.00999000999000999)	(130, 0.01332001332001332)	(135, 0.0)	(140, 0.012654012654012654)	(145, 0.01665001665001665)	(150, 0.001332001332001332)	(155, 0.023310023310023312)	(160, 0.004662004662004662)	(165, 0.001998001998001998)	(170, 0.004662004662004662)	(175, 0.005994005994005994)	(180, 0.0)	(185, 0.001998001998001998)	(190, 0.017982017982017984)	(195, 0.003996003996003996)	(200, 0.005328005328005328)	(205, 0.03263403263403263)	(210, 0.005328005328005328)	(215, 0.0)	(220, 0.0)	(225, 0.0)	(230, 0.0)	(235, 0.0)	(240, 0.000666000666000666)	(245, 0.0)	(250, 0.0)	(255, 0.001332001332001332)	(260, 0.00333000333000333)	(265, 0.001998001998001998)	(270, 0.007992007992007992)	(275, 0.00666000666000666)	(280, 0.002664002664002664)	(285, 0.01998001998001998)	(290, 0.010656010656010656)	(295, 0.0)	(300, 0.0)
521B14_S28_L001_R1_001	(1, 0.0033539039441910384)	(2, 0.0033539039441910384)	(3, 0.020123423665146228)	(4, 0.0033539039441910384)	(5, 0.006707807888382077)	(6, 0.0033539039441910384)	(7, 0.006707807888382077)	(8, 0.0033539039441910384)	(9, 0.0033539039441910384)	(10, 0.0033539039441910384)	(15, 0.0033539039441910384)	(20, 0.0033539039441910384)	(25, 0.0033539039441910384)	(30, 0.006707807888382077)	(35, 0.003353993935978964)	(40, 0.0)	(45, 0.0013416965753194916)	(50, 0.0)	(55, 0.0006708482876597458)	(60, 0.004025089725958474)	(65, 0.0013416965753194916)	(70, 0.002683393150638983)	(75, 0.008050179451916948)	(80, 0.0)	(85, 0.0)	(90, 0.0)	(95, 0.0020125988689194355)	(100, 0.009392443108630313)	(105, 0.006038161178649062)	(110, 0.0)	(115, 0.0026837532288906036)	(120, 0.004025629843335906)	(125, 0.004696568150558556)	(130, 0.0026837532288906036)	(135, 0.0026837532288906036)	(140, 0.003354691536113254)	(145, 0.0)	(150, 0.0)	(155, 0.005367506457781207)	(160, 0.004696568150558556)	(165, 0.0)	(170, 0.0006709383072226509)	(175, 0.010735012915562414)	(180, 0.006709383072226508)	(185, 0.0)	(190, 0.010064074608339763)	(195, 0.018786272602234224)	(200, 0.0)	(205, 0.0)	(210, 0.0)	(215, 0.0)	(220, 0.0)	(225, 0.02080118097027444)	(230, 0.0040260350265047306)	(235, 0.0)	(240, 0.0)	(245, 0.010065087566261828)	(250, 0.03623431523854257)	(255, 0.0)	(260, 0.0)	(265, 0.0006710283509478276)	(270, 0.006710283509478275)	(275, 0.0006710283509478276)	(280, 0.0)	(285, 0.0)	(290, 0.0)	(295, 0.0013435532954003454)	(300, 0.0019373086907667867)
521B14_S28_L001_R2_001	(1, 0.010061711832573114)	(2, 0.0033539039441910384)	(3, 0.0033539039441910384)	(4, 0.0033539039441910384)	(5, 0.0033539039441910384)	(6, 0.0033539039441910384)	(7, 0.0033539039441910384)	(8, 0.0033539039441910384)	(9, 0.0033539039441910384)	(10, 0.0033539039441910384)	(15, 0.012744834987925946)	(20, 0.005366246310705661)	(25, 0.0033539039441910384)	(30, 0.0033539039441910384)	(35, 0.003353993935978964)	(40, 0.002683321146583126)	(45, 0.008050179451916948)	(50, 0.0)	(55, 0.0013416965753194916)	(60, 0.0033542414382987285)	(65, 0.0033542414382987285)	(70, 0.0)	(75, 0.002012544862979237)	(80, 0.006037634588937712)	(85, 0.0)	(90, 0.002683393150638983)	(95, 0.008050395475677742)	(100, 0.0)	(105, 0.0040254407857660416)	(110, 0.004025602834024395)	(115, 0.00738032137944916)	(120, 0.0)	(125, 0.005367506457781207)	(130, 0.010064074608339763)	(135, 0.0)	(140, 0.009393136301117112)	(145, 0.010064074608339763)	(150, 0.0013418766144453018)	(155, 0.020799087523902176)	(160, 0.004696568150558556)	(165, 0.002012814921667953)	(170, 0.00738032137944916)	(175, 0.0060384447650038585)	(180, 0.0)	(185, 0.0013418766144453018)	(190, 0.014089704451675667)	(195, 0.005367506457781207)	(200, 0.0040260350265047306)	(205, 0.018788163457022077)	(210, 0.006039052539757096)	(215, 0.0)	(220, 0.0)	(225, 0.0)	(230, 0.0)	(235, 0.0)	(240, 0.0)	(245, 0.0013420116755015767)	(250, 0.0)	(255, 0.0006710058377507884)	(260, 0.0013420567018956552)	(265, 0.0013420567018956552)	(270, 0.006039255158530448)	(275, 0.011407481966113069)	(280, 0.004026170105686965)	(285, 0.016775708773695688)	(290, 0.017446737124643515)	(295, 0.0)	(300, 0.0)
523A0_S17_L001_R1_001	(1, 0.003915886752555116)	(2, 0.003915886752555116)	(3, 0.0234953205153307)	(4, 0.003915886752555116)	(5, 0.003915886752555116)	(6, 0.003915886752555116)	(7, 0.003915886752555116)	(8, 0.003915886752555116)	(9, 0.003915886752555116)	(10, 0.003915886752555116)	(15, 0.003915886752555116)	(20, 0.003915886752555116)	(25, 0.003915886752555116)	(30, 0.0054822414535771625)	(35, 0.003916009429750707)	(40, 0.0)	(45, 0.0)	(50, 0.0015664405770767086)	(55, 0.0007832386919913843)	(60, 0.0)	(65, 0.0007832693663350827)	(70, 0.0031330774653403307)	(75, 0.0031330774653403307)	(80, 0.0007832693663350827)	(85, 0.0)	(90, 0.0)	(95, 0.003916500215407512)	(100, 0.007833000430815024)	(105, 0.005483100301570517)	(110, 0.0)	(115, 0.0031332001723260094)	(120, 0.007833000430815024)	(125, 0.005483100301570517)	(130, 0.002349900129244507)	(135, 0.0031332001723260094)	(140, 0.002349900129244507)	(145, 0.0)	(150, 0.0)	(155, 0.003916500215407512)	(160, 0.005483100301570517)	(165, 0.0)	(170, 0.002349900129244507)	(175, 0.018799201033956055)	(180, 0.014882700818548544)	(185, 0.0)	(190, 0.011749500646222535)	(195, 0.020365801120119063)	(200, 0.0)	(205, 0.0)	(210, 0.0)	(215, 0.0)	(220, 0.0)	(225, 0.026633244555851483)	(230, 0.0031333228889237038)	(235, 0.0)	(240, 0.0)	(245, 0.014099953000156666)	(250, 0.05874980416731944)	(255, 0.0)	(260, 0.0)	(265, 0.0015666614444618519)	(270, 0.010183299389002037)	(275, 0.0015666614444618519)	(280, 0.0)	(285, 0.0)	(290, 0.0)	(295, 0.001569255153041609)	(300, 0.00246834349468072)
523A0_S17_L001_R2_001	(1, 0.007831773505110232)	(2, 0.003915886752555116)	(3, 0.003915886752555116)	(4, 0.003915886752555116)	(5, 0.003915886752555116)	(6, 0.003915886752555116)	(7, 0.003915886752555116)	(8, 0.003915886752555116)	(9, 0.003915886752555116)	(10, 0.003915886752555116)	(15, 0.01488036965970944)	(20, 0.007048596154599209)	(25, 0.003915886752555116)	(30, 0.003915886752555116)	(35, 0.003132807543800566)	(40, 0.0023496240601503762)	(45, 0.009398496240601505)	(50, 0.0)	(55, 0.0007832386919913843)	(60, 0.003916254807202776)	(65, 0.004699616198010495)	(70, 0.0)	(75, 0.0)	(80, 0.00939923239602099)	(85, 0.0)	(90, 0.00234986331628377)	(95, 0.008616300473896527)	(100, 0.0)	(105, 0.006266400344652019)	(110, 0.005483100301570517)	(115, 0.008616300473896527)	(120, 0.0)	(125, 0.009399600516978027)	(130, 0.020365801120119063)	(135, 0.0)	(140, 0.018799201033956055)	(145, 0.01644930090471155)	(150, 0.002349900129244507)	(155, 0.02741550150785258)	(160, 0.007049700387733522)	(165, 0.0007833000430815024)	(170, 0.009399600516978027)	(175, 0.010966200603141034)	(180, 0.0)	(185, 0.0015666000861630047)	(190, 0.025065601378608075)	(195, 0.007049700387733522)	(200, 0.005483100301570517)	(205, 0.029766567444775183)	(210, 0.007833307222309259)	(215, 0.0)	(220, 0.0)	(225, 0.0)	(230, 0.0)	(235, 0.0)	(240, 0.0015666614444618519)	(245, 0.005483315055616481)	(250, 0.0)	(255, 0.0039166536111546295)	(260, 0.0039166536111546295)	(265, 0.0023499921666927776)	(270, 0.0062666457778474075)	(275, 0.015666614444618518)	(280, 0.004699984333385555)	(285, 0.021933260222465924)	(290, 0.019583728271853482)	(295, 0.0)	(300, 0.0)
523A14_S18_L001_R1_001	(1, 0.01697792869269949)	(2, 0.01697792869269949)	(3, 0.03395585738539898)	(4, 0.021222410865874362)	(5, 0.01697792869269949)	(6, 0.01697792869269949)	(7, 0.01697792869269949)	(8, 0.01697792869269949)	(9, 0.01697792869269949)	(10, 0.01697792869269949)	(15, 0.01697792869269949)	(20, 0.01697792869269949)	(25, 0.01697792869269949)	(30, 0.021222410865874362)	(35, 0.010188141003871493)	(40, 0.0)	(45, 0.001698254194687861)	(50, 0.0025474461851993377)	(55, 0.0016982974567995583)	(60, 0.005944041098798454)	(65, 0.006793189827198233)	(70, 0.0050948923703986754)	(75, 0.010189784740797351)	(80, 0.0016982974567995583)	(85, 0.0)	(90, 0.0)	(95, 0.005944041098798454)	(100, 0.016133825839595804)	(105, 0.01103893346919713)	(110, 0.0)	(115, 0.006793189827198233)	(120, 0.010189784740797351)	(125, 0.014436018715873676)	(130, 0.007642663043478262)	(135, 0.004245923913043478)	(140, 0.004245923913043478)	(145, 0.0)	(150, 0.0)	(155, 0.008491847826086956)	(160, 0.007642663043478262)	(165, 0.0)	(170, 0.005095108695652174)	(175, 0.028872282608695652)	(180, 0.021229619565217392)	(185, 0.0)	(190, 0.020380434782608696)	(195, 0.028872282608695652)	(200, 0.0)	(205, 0.0)	(210, 0.0)	(215, 0.0)	(220, 0.0)	(225, 0.03226902173913043)	(230, 0.00594429347826087)	(235, 0.0)	(240, 0.0)	(245, 0.016134510869565216)	(250, 0.06453804347826086)	(255, 0.0008491847826086956)	(260, 0.0)	(265, 0.0016983695652173913)	(270, 0.016134510869565216)	(275, 0.0008491847826086956)	(280, 0.0)	(285, 0.0)	(290, 0.0)	(295, 0.002557304941565582)	(300, 0.005132152938157557)
523A14_S18_L001_R2_001	(1, 0.042444821731748725)	(2, 0.01697792869269949)	(3, 0.01697792869269949)	(4, 0.01697792869269949)	(5, 0.01697792869269949)	(6, 0.01697792869269949)	(7, 0.01697792869269949)	(8, 0.01697792869269949)	(9, 0.01697792869269949)	(10, 0.01697792869269949)	(15, 0.040747028862478774)	(20, 0.021222410865874362)	(25, 0.01697792869269949)	(30, 0.01697792869269949)	(35, 0.007641105752903621)	(40, 0.0050945462881984835)	(45, 0.01698254194687861)	(50, 0.0)	(55, 0.009340636012397572)	(60, 0.0050948923703986754)	(65, 0.01273723092599669)	(70, 0.0)	(75, 0.0025474461851993377)	(80, 0.018681589293751008)	(85, 0.0)	(90, 0.012737771739130434)	(95, 0.021229619565217392)	(100, 0.0)	(105, 0.01188858695652174)	(110, 0.01358695652173913)	(115, 0.022927989130434784)	(120, 0.0)	(125, 0.0169842725636061)	(130, 0.0237781835166235)	(135, 0.0)	(140, 0.021230520996985264)	(145, 0.016984416797588213)	(150, 0.0033968833595176425)	(155, 0.03651649611481466)	(160, 0.01188909175831175)	(165, 0.0033968833595176425)	(170, 0.021230520996985264)	(175, 0.014436754277949982)	(180, 0.0)	(185, 0.0)	(190, 0.032270391915417605)	(195, 0.010190650078552927)	(200, 0.008492208398794106)	(205, 0.04076260031421171)	(210, 0.008492208398794106)	(215, 0.0)	(220, 0.0)	(225, 0.0008492208398794106)	(230, 0.0)	(235, 0.0)	(240, 0.0)	(245, 0.006793766719035285)	(250, 0.0008492208398794106)	(255, 0.004246104199397053)	(260, 0.005944545879155875)	(265, 0.0033968833595176425)	(270, 0.01188909175831175)	(275, 0.02292896267674409)	(280, 0.005944545879155875)	(285, 0.02802428771602055)	(290, 0.028024525706133126)	(295, 0.0)	(300, 0.0)
523B0_S19_L001_R1_001	(1, 0.013776002204160353)	(2, 0.013776002204160353)	(3, 0.022960003673600588)	(4, 0.01836800293888047)	(5, 0.013776002204160353)	(6, 0.013776002204160353)	(7, 0.013776002204160353)	(8, 0.013776002204160353)	(9, 0.013776002204160353)	(10, 0.013776002204160353)	(15, 0.013776002204160353)	(20, 0.013776002204160353)	(25, 0.013776002204160353)	(30, 0.020204803232768517)	(35, 0.007348010985276423)	(40, 0.0)	(45, 0.006429686782401028)	(50, 0.002755580049600441)	(55, 0.002755580049600441)	(60, 0.004592633416000735)	(65, 0.0036741067328005883)	(70, 0.004592633416000735)	(75, 0.011940846881601911)	(80, 0.002755580049600441)	(85, 0.0)	(90, 0.0)	(95, 0.005511160099200882)	(100, 0.019289060347203086)	(105, 0.011022320198401764)	(110, 0.0)	(115, 0.006429686782401028)	(120, 0.00918526683200147)	(125, 0.012859373564802056)	(130, 0.005511160099200882)	(135, 0.006429686782401028)	(140, 0.010103793515201617)	(145, 0.0)	(150, 0.0)	(155, 0.010103793515201617)	(160, 0.010103793515201617)	(165, 0.0)	(170, 0.002755580049600441)	(175, 0.025718747129604112)	(180, 0.016533480297602647)	(185, 0.0)	(190, 0.022963167080003673)	(195, 0.03214843391200515)	(200, 0.0)	(205, 0.0)	(210, 0.0)	(215, 0.0)	(220, 0.0)	(225, 0.03857989252744224)	(230, 0.009185688697010058)	(235, 0.0)	(240, 0.0)	(245, 0.02480135948192716)	(250, 0.07164837183667845)	(255, 0.0009185688697010058)	(260, 0.0)	(265, 0.0027557066091030173)	(270, 0.022964221742525145)	(275, 0.004592844348505029)	(280, 0.0)	(285, 0.0)	(290, 0.0)	(295, 0.0018467561727825077)	(300, 0.0026937478113299032)
523B0_S19_L001_R2_001	(1, 0.03214400514304082)	(2, 0.013776002204160353)	(3, 0.013776002204160353)	(4, 0.013776002204160353)	(5, 0.013776002204160353)	(6, 0.013776002204160353)	(7, 0.013776002204160353)	(8, 0.013776002204160353)	(9, 0.013776002204160353)	(10, 0.013776002204160353)	(15, 0.03765440602470496)	(20, 0.021123203379712543)	(25, 0.013776002204160353)	(30, 0.013776002204160353)	(35, 0.00918501373159553)	(40, 0.00918526683200147)	(45, 0.019289060347203086)	(50, 0.0)	(55, 0.0036741067328005883)	(60, 0.010103793515201617)	(65, 0.00918526683200147)	(70, 0.0)	(75, 0.0018370533664002942)	(80, 0.012859373564802056)	(85, 0.0)	(90, 0.008266740148801324)	(95, 0.017452006980802792)	(100, 0.0)	(105, 0.011022320198401764)	(110, 0.012859373564802056)	(115, 0.011022320198401764)	(120, 0.0)	(125, 0.01837053366400294)	(130, 0.026637273812804264)	(135, 0.0)	(140, 0.019289060347203086)	(145, 0.024800220446403967)	(150, 0.002755580049600441)	(155, 0.04408928079360706)	(160, 0.011022320198401764)	(165, 0.002755580049600441)	(170, 0.017452006980802792)	(175, 0.017452006980802792)	(180, 0.0)	(185, 0.0036741067328005883)	(190, 0.04317075411040691)	(195, 0.012859373564802056)	(200, 0.007348213465601177)	(205, 0.041333700744006614)	(210, 0.01102282643641207)	(215, 0.0)	(220, 0.0)	(225, 0.0)	(230, 0.0)	(235, 0.0)	(240, 0.0)	(245, 0.003674275478804023)	(250, 0.0)	(255, 0.003674275478804023)	(260, 0.004592844348505029)	(265, 0.004592844348505029)	(270, 0.014697101915216093)	(275, 0.026638497221329167)	(280, 0.005511413218206035)	(285, 0.0312313415698342)	(290, 0.03306847930923621)	(295, 0.0)	(300, 0.0)
523B14_S20_L001_R1_001	(1, 0.00962186086789185)	(2, 0.00962186086789185)	(3, 0.014432791301837776)	(4, 0.014432791301837776)	(5, 0.00962186086789185)	(6, 0.00962186086789185)	(7, 0.00962186086789185)	(8, 0.00962186086789185)	(9, 0.00962186086789185)	(10, 0.00962186086789185)	(15, 0.00962186086789185)	(20, 0.00962186086789185)	(25, 0.00962186086789185)	(30, 0.010584046954681035)	(35, 0.0048113007832797676)	(40, 0.0)	(45, 0.0)	(50, 0.0)	(55, 0.000962278675904542)	(60, 0.0)	(65, 0.0)	(70, 0.0009623620213451896)	(75, 0.008661341545568281)	(80, 0.0)	(85, 0.0)	(90, 0.0)	(95, 0.001924779612734342)	(100, 0.0086617583369424)	(105, 0.0057745055579616)	(110, 0.0)	(115, 0.0028872527789808)	(120, 0.006736923150955199)	(125, 0.0028873361436738466)	(130, 0.0038498556304138597)	(135, 0.0019249278152069298)	(140, 0.0)	(145, 0.0)	(150, 0.0)	(155, 0.0019249278152069298)	(160, 0.005774783445620789)	(165, 0.0)	(170, 0.0038498556304138597)	(175, 0.019249278152069296)	(180, 0.012512030798845044)	(185, 0.0)	(190, 0.016361886429258902)	(195, 0.017324350336862367)	(200, 0.0)	(205, 0.0)	(210, 0.0)	(215, 0.0)	(220, 0.0)	(225, 0.02598652550529355)	(230, 0.005774783445620789)	(235, 0.0)	(240, 0.0)	(245, 0.021174205967276226)	(250, 0.053904204527953185)	(255, 0.0)	(260, 0.0)	(265, 0.0019252057563652115)	(270, 0.014439043172739086)	(275, 0.0019252057563652115)	(280, 0.0)	(285, 0.0)	(290, 0.0)	(295, 0.004817466205474568)	(300, 0.00613986615091791)
523B14_S20_L001_R2_001	(1, 0.0192437217357837)	(2, 0.00962186086789185)	(3, 0.00962186086789185)	(4, 0.00962186086789185)	(5, 0.00962186086789185)	(6, 0.00962186086789185)	(7, 0.00962186086789185)	(8, 0.00962186086789185)	(9, 0.00962186086789185)	(10, 0.00962186086789185)	(15, 0.024054652169729625)	(20, 0.00962186086789185)	(25, 0.00962186086789185)	(30, 0.00962186086789185)	(35, 0.0028867804699678604)	(40, 0.001924557351809084)	(45, 0.00481139337952271)	(50, 0.0)	(55, 0.00481139337952271)	(60, 0.0)	(65, 0.0009623620213451896)	(70, 0.002887224991819529)	(75, 0.0009624175929935999)	(80, 0.0115490111159232)	(85, 0.0)	(90, 0.0038496703719743995)	(95, 0.006737052828118533)	(100, 0.0)	(105, 0.005774783445620789)	(110, 0.004812319538017324)	(115, 0.016361886429258902)	(120, 0.0)	(125, 0.010587408683600105)	(130, 0.01828769430675201)	(135, 0.0)	(140, 0.010587612493382742)	(145, 0.017325184080080852)	(150, 0.0038500409066846335)	(155, 0.020212714760094327)	(160, 0.0038500409066846335)	(165, 0.002887530680013475)	(170, 0.007700081813369267)	(175, 0.007700081813369267)	(180, 0.0)	(185, 0.0)	(190, 0.016362673853409695)	(195, 0.00577506136002695)	(200, 0.004812551133355792)	(205, 0.025987776120121278)	(210, 0.004812551133355792)	(215, 0.0)	(220, 0.0)	(225, 0.0019250204533423168)	(230, 0.0)	(235, 0.0)	(240, 0.0019250204533423168)	(245, 0.010587612493382742)	(250, 0.0019251686929067158)	(255, 0.0019252057563652115)	(260, 0.005775617269095634)	(265, 0.002887808634547817)	(270, 0.012513837416373873)	(275, 0.017326851807286905)	(280, 0.002887808634547817)	(285, 0.024065071954565143)	(290, 0.023102691463555505)	(295, 0.0)	(300, 0.0)
528A0_S53_L001_R1_001	(1, 0.012497917013831029)	(2, 0.012497917013831029)	(3, 0.02082986168971838)	(4, 0.012497917013831029)	(5, 0.012497917013831029)	(6, 0.012497917013831029)	(7, 0.012497917013831029)	(8, 0.012497917013831029)	(9, 0.012497917013831029)	(10, 0.012497917013831029)	(15, 0.012497917013831029)	(20, 0.012497917013831029)	(25, 0.012497917013831029)	(30, 0.01583069488418597)	(35, 0.005832944470368642)	(40, 0.0)	(45, 0.0033331944502312406)	(50, 0.0025)	(55, 0.0016667083343750262)	(60, 0.004166979190105924)	(65, 0.0025004792585245506)	(70, 0.005001250312578144)	(75, 0.01000266737796746)	(80, 0.0033343058392031008)	(85, 0.0)	(90, 0.0)	(95, 0.006668722856213999)	(100, 0.015005001667222408)	(105, 0.013337779259753251)	(110, 0.0)	(115, 0.00833611203734578)	(120, 0.015838612870956986)	(125, 0.015838612870956986)	(130, 0.005835278426142047)	(135, 0.006668889629876626)	(140, 0.015005001667222408)	(145, 0.0)	(150, 0.0)	(155, 0.01000333444481494)	(160, 0.012504168056018674)	(165, 0.0)	(170, 0.00833611203734578)	(175, 0.035845281760586864)	(180, 0.02334111370456819)	(185, 0.0)	(190, 0.028342780926975657)	(195, 0.04001333777925976)	(200, 0.0)	(205, 0.0)	(210, 0.0)	(215, 0.0)	(220, 0.0)	(225, 0.049187161317215504)	(230, 0.012505210504376824)	(235, 0.0033347228011671535)	(240, 0.0008336807002917884)	(245, 0.02417674030846186)	(250, 0.08753647353063776)	(255, 0.0016673614005835767)	(260, 0.0)	(265, 0.0025010421008753647)	(270, 0.020842017507294707)	(275, 0.0041684035014589406)	(280, 0.0)	(285, 0.0)	(290, 0.0)	(295, 0.002519822604488644)	(300, 0.0)
528A0_S53_L001_R2_001	(1, 0.03332777870354941)	(2, 0.012497917013831029)	(3, 0.012497917013831029)	(4, 0.012497917013831029)	(5, 0.012497917013831029)	(6, 0.012497917013831029)	(7, 0.012497917013831029)	(8, 0.012497917013831029)	(9, 0.012497917013831029)	(10, 0.012497917013831029)	(15, 0.04165972337943676)	(20, 0.019996667222129644)	(25, 0.012497917013831029)	(30, 0.012497917013831029)	(35, 0.00916605559629358)	(40, 0.006666666666666667)	(45, 0.01916666666666667)	(50, 0.0)	(55, 0.006667111140742716)	(60, 0.006667444535195772)	(65, 0.010835861701063581)	(70, 0.0033343058392031008)	(75, 0.0016671807140534998)	(80, 0.01667222407469156)	(85, 0.0)	(90, 0.012504168056018674)	(95, 0.017505835278426144)	(100, 0.0)	(105, 0.015838612870956986)	(110, 0.014171390463487829)	(115, 0.021673891297099034)	(120, 0.0)	(125, 0.02334111370456819)	(130, 0.04418139379793264)	(135, 0.0)	(140, 0.028342780926975657)	(145, 0.028342780926975657)	(150, 0.00833611203734578)	(155, 0.06085361787262421)	(160, 0.011670556852284094)	(165, 0.003334444814938313)	(170, 0.01833944648216072)	(175, 0.021673891297099034)	(180, 0.0)	(185, 0.0016672224074691564)	(190, 0.042514171390463484)	(195, 0.013337779259753251)	(200, 0.00916972324108036)	(205, 0.04918306102034011)	(210, 0.010836945648549517)	(215, 0.0008336320514851155)	(220, 0.0008336459505647951)	(225, 0.0008336459505647951)	(230, 0.0)	(235, 0.0)	(240, 0.0)	(245, 0.007502813555083156)	(250, 0.004168229752823976)	(255, 0.0058355216539535655)	(260, 0.009170105456212746)	(265, 0.006669167604518361)	(270, 0.016672919011295903)	(275, 0.033345838022591806)	(280, 0.008336459505647952)	(285, 0.035013129923721395)	(290, 0.03918135967654537)	(295, 0.0)	(300, 0.0)
528A14_S54_L001_R1_001	(1, 0.003971563604591127)	(2, 0.003971563604591127)	(3, 0.007943127209182254)	(4, 0.007943127209182254)	(5, 0.003971563604591127)	(6, 0.003971563604591127)	(7, 0.003971563604591127)	(8, 0.003971563604591127)	(9, 0.003971563604591127)	(10, 0.003971563604591127)	(15, 0.003971563604591127)	(20, 0.003971563604591127)	(25, 0.003971563604591127)	(30, 0.00873743993010048)	(35, 0.0071490984192549055)	(40, 0.0)	(45, 0.004767012275056608)	(50, 0.002383506137528304)	(55, 0.001589004091685536)	(60, 0.003972857437983696)	(65, 0.0015892439966308028)	(70, 0.004767959313413859)	(75, 0.007946598855689765)	(80, 0.003178639542275906)	(85, 0.0)	(90, 0.0)	(95, 0.0055629728526924785)	(100, 0.010331399507271716)	(105, 0.00635778431216721)	(110, 0.0)	(115, 0.005563061273146308)	(120, 0.008741953429229914)	(125, 0.01271556862433442)	(130, 0.003973615195104506)	(135, 0.0023841691170627035)	(140, 0.005563061273146308)	(145, 0.0)	(150, 0.0)	(155, 0.003973615195104506)	(160, 0.00635778431216721)	(165, 0.0)	(170, 0.003973615195104506)	(175, 0.02225224509258523)	(180, 0.01351029166335532)	(185, 0.0)	(190, 0.015894460780418024)	(195, 0.015894460780418024)	(200, 0.0)	(205, 0.0)	(210, 0.0)	(215, 0.0)	(220, 0.0)	(225, 0.0214583747268031)	(230, 0.0031790184780449036)	(235, 0.0)	(240, 0.0)	(245, 0.01192131929266839)	(250, 0.048480031790184785)	(255, 0.0007947546195112259)	(260, 0.0)	(265, 0.0)	(270, 0.013510828531690841)	(275, 0.0023842638585336775)	(280, 0.0)	(285, 0.0)	(290, 0.0)	(295, 0.0031872763926405786)	(300, 0.00480007680122882)
528A14_S54_L001_R2_001	(1, 0.023829381627546765)	(2, 0.003971563604591127)	(3, 0.003971563604591127)	(4, 0.003971563604591127)	(5, 0.003971563604591127)	(6, 0.003971563604591127)	(7, 0.003971563604591127)	(8, 0.003971563604591127)	(9, 0.003971563604591127)	(10, 0.003971563604591127)	(15, 0.020652130743873863)	(20, 0.009531752651018707)	(25, 0.003971563604591127)	(30, 0.003971563604591127)	(35, 0.004766065612836603)	(40, 0.003177856694552359)	(45, 0.012712032733484289)	(50, 0.0)	(55, 0.006356016366742144)	(60, 0.003178285950386956)	(65, 0.008740841981469414)	(70, 0.001589319771137953)	(75, 0.001589319771137953)	(80, 0.012714558169103624)	(85, 0.0)	(90, 0.01112523839796567)	(95, 0.01589420815054994)	(100, 0.0)	(105, 0.01351029166335532)	(110, 0.015099737741397124)	(115, 0.01271556862433442)	(120, 0.0)	(125, 0.011126122546292616)	(130, 0.021457522053564333)	(135, 0.0)	(140, 0.017483906858459828)	(145, 0.01351029166335532)	(150, 0.004768338234125407)	(155, 0.027815306365731544)	(160, 0.008741953429229914)	(165, 0.0015894460780418024)	(170, 0.014305014702376223)	(175, 0.011126122546292616)	(180, 0.0)	(185, 0.0007947230390209012)	(190, 0.02463641420964794)	(195, 0.007152507351188111)	(200, 0.004768338234125407)	(205, 0.029404752443773344)	(210, 0.007947230390209012)	(215, 0.0015894460780418024)	(220, 0.0007947419870139159)	(225, 0.003973773097556129)	(230, 0.0015895092390224518)	(235, 0.0031790184780449036)	(240, 0.0015895092390224518)	(245, 0.007152791575601033)	(250, 0.005563282336578581)	(255, 0.004768527717067355)	(260, 0.007152791575601033)	(265, 0.0023842638585336775)	(270, 0.005563282336578581)	(275, 0.015895092390224515)	(280, 0.007152791575601033)	(285, 0.018279356248758195)	(290, 0.026226902443870458)	(295, 0.0)	(300, 0.0)
528B0_S55_L001_R1_001	(1, 0.008237232289950576)	(2, 0.008237232289950576)	(3, 0.02471169686985173)	(4, 0.008237232289950576)	(5, 0.008237232289950576)	(6, 0.008237232289950576)	(7, 0.008237232289950576)	(8, 0.008237232289950576)	(9, 0.008237232289950576)	(10, 0.008237232289950576)	(15, 0.008237232289950576)	(20, 0.008237232289950576)	(25, 0.008237232289950576)	(30, 0.01400329489291598)	(35, 0.00741399762752076)	(40, 0.0)	(45, 0.0057665851106772446)	(50, 0.0024714750586975324)	(55, 0.001647690761397901)	(60, 0.01071016641950898)	(65, 0.004119294776734223)	(70, 0.004119294776734223)	(75, 0.01153450051493306)	(80, 0.0024716786817713696)	(85, 0.0)	(90, 0.0)	(95, 0.004119464469618949)	(100, 0.01153450051493306)	(105, 0.006591143151390319)	(110, 0.0)	(115, 0.00576725025746653)	(120, 0.008238996819747229)	(125, 0.009887122023564307)	(130, 0.0032957073411881022)	(135, 0.004119634176485128)	(140, 0.004943561011782153)	(145, 0.0)	(150, 0.0)	(155, 0.004119634176485128)	(160, 0.0065914146823762045)	(165, 0.0)	(170, 0.0024717805058910767)	(175, 0.014830683035346461)	(180, 0.012358902529455384)	(185, 0.0)	(190, 0.012358902529455384)	(195, 0.01648084513773866)	(200, 0.0)	(205, 0.0016481931682393175)	(210, 0.0)	(215, 0.0008241645032348457)	(220, 0.0016484648670925203)	(225, 0.0247269730063878)	(230, 0.00494539460127756)	(235, 0.0)	(240, 0.0)	(245, 0.013187718936740162)	(250, 0.05027817844632187)	(255, 0.0016484648670925203)	(260, 0.0)	(265, 0.00247269730063878)	(270, 0.013187718936740162)	(275, 0.00247269730063878)	(280, 0.0)	(285, 0.0)	(290, 0.0)	(295, 0.0024932681759250023)	(300, 0.005662674481157451)
528B0_S55_L001_R2_001	(1, 0.02471169686985173)	(2, 0.008237232289950576)	(3, 0.008237232289950576)	(4, 0.008237232289950576)	(5, 0.008237232289950576)	(6, 0.008237232289950576)	(7, 0.008237232289950576)	(8, 0.008237232289950576)	(9, 0.008237232289950576)	(10, 0.008237232289950576)	(15, 0.023064250411861612)	(20, 0.013179571663920923)	(25, 0.008237232289950576)	(30, 0.008237232289950576)	(35, 0.005766442599182813)	(40, 0.00247137325974133)	(45, 0.011533170221354489)	(50, 0.0)	(55, 0.003295381522795802)	(60, 0.00329549012176836)	(65, 0.01153450051493306)	(70, 0.0016477857878475798)	(75, 0.0024717805058910767)	(80, 0.012358902529455384)	(85, 0.0)	(90, 0.0065914146823762045)	(95, 0.012358902529455384)	(100, 0.0)	(105, 0.009063195188267282)	(110, 0.013182829364752409)	(115, 0.015654609870643488)	(120, 0.0)	(125, 0.009887529353602768)	(130, 0.01812713714827174)	(135, 0.0)	(140, 0.017303176368804844)	(145, 0.01647921558933795)	(150, 0.002471882338400692)	(155, 0.024718823384006924)	(160, 0.007415647015202077)	(165, 0.002471882338400692)	(170, 0.012359411692003462)	(175, 0.009887529353602768)	(180, 0.0008239607794668973)	(185, 0.0008239607794668973)	(190, 0.024718823384006924)	(195, 0.005768533473975673)	(200, 0.0041206527113894845)	(205, 0.027196307895170597)	(210, 0.005768913795945278)	(215, 0.0008241780884013418)	(220, 0.0008242324335462601)	(225, 0.00247269730063878)	(230, 0.0016484648670925203)	(235, 0.0008242324335462601)	(240, 0.0008242528148233627)	(245, 0.003297065611605671)	(250, 0.002472799208704253)	(255, 0.0008242664029014178)	(260, 0.003297065611605671)	(265, 0.002472799208704253)	(270, 0.007418397626112759)	(275, 0.010715463237718431)	(280, 0.004945598417408506)	(285, 0.018133860863831192)	(290, 0.014836917547952095)	(295, 0.0)	(300, 0.0)
528B14_S56_L001_R1_001	(1, 0.00776276975624903)	(2, 0.00776276975624903)	(3, 0.01552553951249806)	(4, 0.00776276975624903)	(5, 0.00776276975624903)	(6, 0.00776276975624903)	(7, 0.00776276975624903)	(8, 0.00776276975624903)	(9, 0.00776276975624903)	(10, 0.00776276975624903)	(15, 0.00776276975624903)	(20, 0.00776276975624903)	(25, 0.00776276975624903)	(30, 0.010091600683123737)	(35, 0.0038816259354718502)	(40, 0.0)	(45, 0.0015527950310559007)	(50, 0.0007764276563531193)	(55, 0.0007764276563531193)	(60, 0.006211758859521074)	(65, 0.005435626650100947)	(70, 0.005435753278924031)	(75, 0.010095127159774802)	(80, 0.0015530964861192)	(85, 0.0)	(90, 0.0)	(95, 0.005435837701417201)	(100, 0.010871675402834402)	(105, 0.0085420306736556)	(110, 0.0)	(115, 0.004659289458357601)	(120, 0.004659289458357601)	(125, 0.0132013201320132)	(130, 0.004659289458357601)	(135, 0.005435837701417201)	(140, 0.0069889341875364)	(145, 0.0)	(150, 0.0)	(155, 0.0069889341875364)	(160, 0.0062123859444768)	(165, 0.0)	(170, 0.0031061929722384)	(175, 0.017861025688814338)	(180, 0.01320183272501359)	(185, 0.0)	(190, 0.01630814630736973)	(195, 0.022521997778865047)	(200, 0.0)	(205, 0.0)	(210, 0.0)	(215, 0.0)	(220, 0.0)	(225, 0.028736748087452912)	(230, 0.003883344336142286)	(235, 0.0)	(240, 0.0007766688672284572)	(245, 0.015533377344569143)	(250, 0.05281348297153509)	(255, 0.0015533377344569145)	(260, 0.0)	(265, 0.0023300066016853716)	(270, 0.01398003961011223)	(275, 0.0007766688672284572)	(280, 0.0)	(285, 0.0)	(290, 0.0)	(295, 0.0015604153825748415)	(300, 0.002491528802072952)
528B14_S56_L001_R2_001	(1, 0.0271696941468716)	(2, 0.00776276975624903)	(3, 0.00776276975624903)	(4, 0.00776276975624903)	(5, 0.00776276975624903)	(6, 0.00776276975624903)	(7, 0.00776276975624903)	(8, 0.00776276975624903)	(9, 0.00776276975624903)	(10, 0.00776276975624903)	(15, 0.02328830926874709)	(20, 0.011644154634373545)	(25, 0.00776276975624903)	(30, 0.00776276975624903)	(35, 0.005434276309660591)	(40, 0.005434529447385991)	(45, 0.010869565217391304)	(50, 0.0)	(55, 0.004658565938118716)	(60, 0.005435289002080939)	(65, 0.005435626650100947)	(70, 0.0)	(75, 0.0015530964861192)	(80, 0.010095127159774802)	(85, 0.0)	(90, 0.0085420306736556)	(95, 0.0124247718889536)	(100, 0.0)	(105, 0.009318578916715201)	(110, 0.009318578916715201)	(115, 0.010871675402834402)	(120, 0.0)	(125, 0.009318578916715201)	(130, 0.018637157833430402)	(135, 0.0)	(140, 0.01941370607649)	(145, 0.016307513104251603)	(150, 0.0023296447291788003)	(155, 0.027179188507086005)	(160, 0.007765482430596001)	(165, 0.0023296447291788003)	(170, 0.0139778683750728)	(175, 0.009318796011555308)	(180, 0.0)	(185, 0.0023297351867671043)	(190, 0.022520773472082006)	(195, 0.007766206130643119)	(200, 0.006213350937827658)	(205, 0.028736748087452912)	(210, 0.006213350937827658)	(215, 0.0)	(220, 0.0)	(225, 0.0)	(230, 0.0)	(235, 0.0)	(240, 0.0)	(245, 0.0023300066016853716)	(250, 0.0015533377344569145)	(255, 0.0015533377344569145)	(260, 0.003106675468913829)	(265, 0.0015533377344569145)	(270, 0.008543357539513028)	(275, 0.0163100462117976)	(280, 0.003883344336142286)	(285, 0.024076734884082174)	(290, 0.020193390547939886)	(295, 0.0)	(300, 0.0)
532A0_S45_L001_R1_001	(1, 0.0026949819436209777)	(2, 0.0026949819436209777)	(3, 0.0242548374925888)	(4, 0.0026949819436209777)	(5, 0.0026949819436209777)	(6, 0.0026949819436209777)	(7, 0.0026949819436209777)	(8, 0.0026949819436209777)	(9, 0.0026949819436209777)	(10, 0.0026949819436209777)	(15, 0.0026949819436209777)	(20, 0.0026949819436209777)	(25, 0.0026949819436209777)	(30, 0.00485096749851776)	(35, 0.0021560320386360943)	(40, 0.0)	(45, 0.0010780218299420562)	(50, 0.0)	(55, 0.0010780566950015901)	(60, 0.0026952289057909687)	(65, 0.0010781089968195784)	(70, 0.0016171634952293677)	(75, 0.0032343269904587355)	(80, 0.0005390603100674903)	(85, 0.0)	(90, 0.0)	(95, 0.0016172070833670252)	(100, 0.004312552222312067)	(105, 0.005929759305679092)	(110, 0.0)	(115, 0.002695345138945042)	(120, 0.004312552222312067)	(125, 0.004851621250101076)	(130, 0.0016172070833670252)	(135, 0.002695345138945042)	(140, 0.002695345138945042)	(145, 0.0)	(150, 0.0)	(155, 0.004851778176701761)	(160, 0.0026954904444863744)	(165, 0.0)	(170, 0.0010782252412528978)	(175, 0.007008464068143835)	(180, 0.0053911262062644886)	(185, 0.0)	(190, 0.007008464068143835)	(195, 0.010243139791902528)	(200, 0.0)	(205, 0.0)	(210, 0.0)	(215, 0.0)	(220, 0.0)	(225, 0.012399590274408324)	(230, 0.003234675723758693)	(235, 0.0)	(240, 0.0)	(245, 0.012399590274408324)	(250, 0.03719877082322497)	(255, 0.0)	(260, 0.0)	(265, 0.0005391126206264489)	(270, 0.0053911262062644886)	(275, 0.0005391126206264489)	(280, 0.0)	(285, 0.0)	(290, 0.0)	(295, 0.0005399422261817985)	(300, 0.0)
532A0_S45_L001_R2_001	(1, 0.008084945830862932)	(2, 0.0026949819436209777)	(3, 0.0026949819436209777)	(4, 0.0026949819436209777)	(5, 0.0026949819436209777)	(6, 0.0026949819436209777)	(7, 0.0026949819436209777)	(8, 0.0026949819436209777)	(9, 0.0026949819436209777)	(10, 0.0026949819436209777)	(15, 0.010779927774483911)	(20, 0.0053899638872419555)	(25, 0.0026949819436209777)	(30, 0.0026949819436209777)	(35, 0.0010780160193180472)	(40, 0.0010780218299420562)	(45, 0.004851098234739253)	(50, 0.0)	(55, 0.001078039262189929)	(60, 0.0021561250121282034)	(65, 0.003773279788696332)	(70, 0.0005390399698137617)	(75, 0.0005390399698137617)	(80, 0.0037733204681073564)	(85, 0.0)	(90, 0.0016171634952293677)	(95, 0.0048514904856881026)	(100, 0.0)	(105, 0.0037733814888685244)	(110, 0.0037733814888685244)	(115, 0.0032343269904587355)	(120, 0.0)	(125, 0.005929599482507682)	(130, 0.00808581747614684)	(135, 0.0)	(140, 0.005929599482507682)	(145, 0.010781206201349808)	(150, 0.0010781380555780168)	(155, 0.016172158012765222)	(160, 0.0016172506738544475)	(165, 0.0005390835579514824)	(170, 0.004851752021563342)	(175, 0.004851752021563342)	(180, 0.0)	(185, 0.0010781671159029648)	(190, 0.011859838274932614)	(195, 0.002695417789757412)	(200, 0.0037735849056603774)	(205, 0.01509433962264151)	(210, 0.003234501347708895)	(215, 0.0)	(220, 0.0)	(225, 0.0)	(230, 0.0005390835579514824)	(235, 0.0005390835579514824)	(240, 0.0005390835579514824)	(245, 0.0016172506738544475)	(250, 0.0016172506738544475)	(255, 0.0010781671159029648)	(260, 0.0016172506738544475)	(265, 0.0005390835579514824)	(270, 0.005390835579514824)	(275, 0.00646900269541779)	(280, 0.002695417789757412)	(285, 0.01509433962264151)	(290, 0.010242587601078167)	(295, 0.0)	(300, 0.0)
532A14_S46_L001_R1_001	(1, 0.008839192981680772)	(2, 0.008839192981680772)	(3, 0.017678385963361545)	(4, 0.008839192981680772)	(5, 0.008839192981680772)	(6, 0.008839192981680772)	(7, 0.008839192981680772)	(8, 0.008839192981680772)	(9, 0.008839192981680772)	(10, 0.008839192981680772)	(15, 0.008839192981680772)	(20, 0.008839192981680772)	(25, 0.008839192981680772)	(30, 0.012374870174353082)	(35, 0.008397827172716785)	(40, 0.0)	(45, 0.00442008486562942)	(50, 0.003536067892503536)	(55, 0.002652086086714375)	(60, 0.013261075207977863)	(65, 0.005746618336132968)	(70, 0.004420475643179206)	(75, 0.012377331800901779)	(80, 0.0008840951286358412)	(85, 0.0)	(90, 0.0)	(95, 0.004862523207497127)	(100, 0.01679803020993117)	(105, 0.008841146696726565)	(110, 0.0)	(115, 0.004420573348363282)	(120, 0.007072917357381253)	(125, 0.01016731870123555)	(130, 0.003978516013526954)	(135, 0.007072917357381253)	(140, 0.007514974692217581)	(145, 0.0)	(150, 0.0)	(155, 0.007514974692217581)	(160, 0.007957032027053909)	(165, 0.0)	(170, 0.0026523440090179696)	(175, 0.018124751337252994)	(180, 0.01370408027938641)	(185, 0.0)	(190, 0.015472690700912888)	(195, 0.022104332449160033)	(200, 0.0)	(205, 0.0)	(210, 0.0)	(215, 0.0)	(220, 0.0)	(225, 0.027409372236958444)	(230, 0.006189213085764811)	(235, 0.0026525198938992045)	(240, 0.0)	(245, 0.01768346595932803)	(250, 0.049955791335101675)	(255, 0.0008841732979664014)	(260, 0.0)	(265, 0.0030946065428824054)	(270, 0.011052166224580016)	(275, 0.0026525198938992045)	(280, 0.0)	(285, 0.0)	(290, 0.0)	(295, 0.0017719971293646503)	(300, 0.0028215510065883217)
532A14_S46_L001_R2_001	(1, 0.02651757894504232)	(2, 0.008839192981680772)	(3, 0.008839192981680772)	(4, 0.008839192981680772)	(5, 0.008839192981680772)	(6, 0.008839192981680772)	(7, 0.008839192981680772)	(8, 0.008839192981680772)	(9, 0.008839192981680772)	(10, 0.008839192981680772)	(15, 0.02651757894504232)	(20, 0.013700749121605196)	(25, 0.008839192981680772)	(30, 0.008839192981680772)	(35, 0.00618787265358079)	(40, 0.004862071861422112)	(45, 0.009282178217821782)	(50, 0.0)	(55, 0.002652086086714375)	(60, 0.0035362867221274304)	(65, 0.008840951286358412)	(70, 0.0008840951286358412)	(75, 0.0008840951286358412)	(80, 0.008840951286358412)	(85, 0.0)	(90, 0.004420475643179206)	(95, 0.010609141543630095)	(100, 0.0)	(105, 0.007514974692217581)	(110, 0.007514974692217581)	(115, 0.009725261366399222)	(120, 0.0)	(125, 0.01237760537541719)	(130, 0.022102866741816413)	(135, 0.0)	(140, 0.01281966271025352)	(145, 0.015029949384435162)	(150, 0.0026523440090179696)	(155, 0.025197268085670712)	(160, 0.004420573348363282)	(165, 0.0008841146696726566)	(170, 0.007957032027053909)	(175, 0.00839927500994651)	(180, 0.0)	(185, 0.0022103746142896298)	(190, 0.02519838199862956)	(195, 0.007073386383731211)	(200, 0.003978779840848806)	(205, 0.027409372236958444)	(210, 0.005747126436781609)	(215, 0.0)	(220, 0.0)	(225, 0.0013262599469496023)	(230, 0.0)	(235, 0.0)	(240, 0.0008841732979664014)	(245, 0.0017683465959328027)	(250, 0.0013262599469496023)	(255, 0.0017683465959328027)	(260, 0.0026525198938992045)	(265, 0.0022104332449160036)	(270, 0.008841732979664015)	(275, 0.011494252873563218)	(280, 0.0026525198938992045)	(285, 0.020778072502210435)	(290, 0.01768346595932803)	(295, 0.0)	(300, 0.0)
532B0_S47_L001_R1_001	(1, 0.0)	(2, 0.0)	(3, 0.014065545441758594)	(4, 0.002009363634536942)	(5, 0.0)	(6, 0.0)	(7, 0.004018727269073884)	(8, 0.0)	(9, 0.0)	(10, 0.0)	(15, 0.0)	(20, 0.0)	(25, 0.0)	(30, 0.0016074909076295536)	(35, 0.002813109088351719)	(40, 0.0)	(45, 0.002009363634536942)	(50, 0.0024112363614443304)	(55, 0.0016074909076295536)	(60, 0.009243072718869934)	(65, 0.004420599995981273)	(70, 0.003214981815259107)	(75, 0.008037454538147769)	(80, 0.0)	(85, 0.0)	(90, 0.0)	(95, 0.0016074909076295536)	(100, 0.008439327265055157)	(105, 0.006831836357425604)	(110, 0.0)	(115, 0.0024112363614443304)	(120, 0.004018727269073884)	(125, 0.0072337090843329925)	(130, 0.003214981815259107)	(135, 0.004018727269073884)	(140, 0.005626218176703438)	(145, 0.0)	(150, 0.0)	(155, 0.00763558181124038)	(160, 0.005224345449796049)	(165, 0.0)	(170, 0.0004018727269073884)	(175, 0.013663672714851208)	(180, 0.010850563626499488)	(185, 0.0)	(190, 0.01326179998794382)	(195, 0.016476781803202927)	(200, 0.0)	(205, 0.0)	(210, 0.0)	(215, 0.0)	(220, 0.0)	(225, 0.01848651689908773)	(230, 0.005626331230157136)	(235, 0.0004018808021540811)	(240, 0.0)	(245, 0.012860185668930595)	(250, 0.0361692721938673)	(255, 0.0)	(260, 0.0)	(265, 0.0024112848129244865)	(270, 0.007635735240927541)	(275, 0.0004018808021540811)	(280, 0.0)	(285, 0.0)	(290, 0.0)	(295, 0.0012082158679017317)	(300, 0.0)
532B0_S47_L001_R2_001	(1, 0.006028090903610827)	(2, 0.0)	(3, 0.0)	(4, 0.0)	(5, 0.0)	(6, 0.0)	(7, 0.0)	(8, 0.0)	(9, 0.0)	(10, 0.0)	(15, 0.012458054534129041)	(20, 0.004420599995981273)	(25, 0.0)	(30, 0.0)	(35, 0.004018727269073884)	(40, 0.0036168545421664962)	(45, 0.008037454538147769)	(50, 0.0)	(55, 0.0012056181807221652)	(60, 0.002009363634536942)	(65, 0.00442065329218107)	(70, 0.0)	(75, 0.0008037616043081622)	(80, 0.004822569625848973)	(85, 0.0)	(90, 0.0032150464172326487)	(95, 0.008037616043081623)	(100, 0.0)	(105, 0.0044206888236948925)	(110, 0.004822569625848973)	(115, 0.0068319736366193795)	(120, 0.0)	(125, 0.007635735240927541)	(130, 0.013262066471084676)	(135, 0.0)	(140, 0.00723385443877346)	(145, 0.012458304866776515)	(150, 0.0004018808021540811)	(155, 0.016075232086163245)	(160, 0.00361692721938673)	(165, 0.0008037616043081622)	(170, 0.004822569625848973)	(175, 0.004018808021540811)	(180, 0.0)	(185, 0.0016075361293745078)	(190, 0.012458555209484579)	(195, 0.0036169998995277805)	(200, 0.0032151497857906457)	(205, 0.014468290330359295)	(210, 0.002813278675347641)	(215, 0.0)	(220, 0.0)	(225, 0.0)	(230, 0.0)	(235, 0.0)	(240, 0.0004018969536210916)	(245, 0.0016075878144843664)	(250, 0.0008037939072421832)	(255, 0.0)	(260, 0.0012056908608632747)	(265, 0.0012056908608632747)	(270, 0.006028454304316373)	(275, 0.004018969536210915)	(280, 0.0016075878144843664)	(285, 0.015673981191222573)	(290, 0.006832248211558556)	(295, 0.0)	(300, 0.0)
532B14_S48_L001_R1_001	(1, 0.001597520647954375)	(2, 0.001597520647954375)	(3, 0.012780165183635)	(4, 0.004792561943863125)	(5, 0.001597520647954375)	(6, 0.001597520647954375)	(7, 0.001597520647954375)	(8, 0.001597520647954375)	(9, 0.001597520647954375)	(10, 0.001597520647954375)	(15, 0.001597520647954375)	(20, 0.001597520647954375)	(25, 0.001597520647954375)	(30, 0.005112066073454)	(35, 0.003834098555503369)	(40, 0.0)	(45, 0.0022365860750150966)	(50, 0.0015975716910296349)	(55, 0.0015975716910296349)	(60, 0.005751258087706686)	(65, 0.0035146577202651973)	(70, 0.002556114705647416)	(75, 0.009265915807971882)	(80, 0.001278057352823708)	(85, 0.0)	(90, 0.0)	(95, 0.004473200734882978)	(100, 0.01054397316079559)	(105, 0.008626887131560028)	(110, 0.0)	(115, 0.005431743749500759)	(120, 0.0067098225411695534)	(125, 0.009585583282742756)	(130, 0.006390388855161837)	(135, 0.004153752755855194)	(140, 0.006070869412403744)	(145, 0.0)	(150, 0.0)	(155, 0.007987986068952296)	(160, 0.0073489471834361116)	(165, 0.0)	(170, 0.0031951944275809183)	(175, 0.020129724893759787)	(180, 0.01405885548135604)	(185, 0.0)	(190, 0.020129724893759787)	(195, 0.024922516535131164)	(200, 0.0)	(205, 0.0)	(210, 0.0)	(215, 0.0)	(220, 0.0)	(225, 0.0316329301998626)	(230, 0.00830763823430735)	(235, 0.00031952454747335963)	(240, 0.0)	(245, 0.0198105219433483)	(250, 0.0680587286118256)	(255, 0.00031952454747335963)	(260, 0.0)	(265, 0.002556196379786877)	(270, 0.015656702826194625)	(275, 0.0019171472848401577)	(280, 0.0)	(285, 0.0)	(290, 0.0)	(295, 0.0012800778287319868)	(300, 0.002981247950392034)
532B14_S48_L001_R2_001	(1, 0.022365289071361247)	(2, 0.001597520647954375)	(3, 0.001597520647954375)	(4, 0.001597520647954375)	(5, 0.001597520647954375)	(6, 0.001597520647954375)	(7, 0.001597520647954375)	(8, 0.001597520647954375)	(9, 0.001597520647954375)	(10, 0.001597520647954375)	(15, 0.023004297330543)	(20, 0.006070578462226624)	(25, 0.001597520647954375)	(30, 0.001597520647954375)	(35, 0.004153606768461983)	(40, 0.0035146015719854304)	(45, 0.013100004153659852)	(50, 0.0)	(55, 0.0035146577202651973)	(60, 0.004153686396677051)	(65, 0.0073488297787363205)	(70, 0.000639028676411854)	(75, 0.001917086029235562)	(80, 0.012141544851825226)	(85, 0.0)	(90, 0.008307372793354102)	(95, 0.010863487499001519)	(100, 0.0)	(105, 0.009265915807971882)	(110, 0.011822030513619299)	(115, 0.01373911654285486)	(120, 0.0)	(125, 0.014378374924114132)	(130, 0.025242035977889255)	(135, 0.0)	(140, 0.015975972137904592)	(145, 0.020449244336517878)	(150, 0.002236636099306643)	(155, 0.03674473591718056)	(160, 0.008307505511710387)	(165, 0.0025561555420647347)	(170, 0.01405885548135604)	(175, 0.012780777710323673)	(180, 0.0)	(185, 0.0019171166565485507)	(190, 0.029715308176502538)	(195, 0.009585583282742756)	(200, 0.006070869412403744)	(205, 0.03323002204684155)	(210, 0.0073489471834361116)	(215, 0.00031951944275809184)	(220, 0.00031952148462462615)	(225, 0.0006390490949467193)	(230, 0.00031952454747335963)	(235, 0.0)	(240, 0.0009585736424200788)	(245, 0.004792868212100395)	(250, 0.0019171472848401577)	(255, 0.004153819117153675)	(260, 0.006070966401993833)	(265, 0.003195245474733597)	(270, 0.012461457351461026)	(275, 0.01597622737366798)	(280, 0.005112392759573754)	(285, 0.02620101289281549)	(290, 0.022686677807636144)	(295, 0.0)	(300, 0.0)
550A0_S65_L001_R1_001	(1, 0.0)	(2, 0.0)	(3, 0.012600806451612902)	(4, 0.004200268817204302)	(5, 0.0)	(6, 0.0)	(7, 0.0)	(8, 0.0)	(9, 0.0)	(10, 0.0)	(15, 0.0)	(20, 0.0)	(25, 0.0)	(30, 0.003360215053763441)	(35, 0.006720430107526882)	(40, 0.0)	(45, 0.0008401102224611869)	(50, 0.0033605538192694154)	(55, 0.002520478890989288)	(60, 0.0075615002016400056)	(65, 0.004200974626113258)	(70, 0.00504116955133591)	(75, 0.01008233910267182)	(80, 0.0008401949252226517)	(85, 0.0)	(90, 0.0)	(95, 0.005041593143433325)	(100, 0.0201663725737333)	(105, 0.007562389715149988)	(110, 0.0)	(115, 0.006722124191244433)	(120, 0.008402655239055541)	(125, 0.01008318628686665)	(130, 0.005041593143433325)	(135, 0.007562389715149988)	(140, 0.005881858667338879)	(145, 0.0)	(150, 0.0)	(155, 0.005882105793874207)	(160, 0.009243309104659467)	(165, 0.0)	(170, 0.003361203310785261)	(175, 0.01932691903701525)	(180, 0.015125414898533677)	(185, 0.0)	(190, 0.01764631738162262)	(195, 0.021847821520104196)	(200, 0.0)	(205, 0.0)	(210, 0.0)	(215, 0.0)	(220, 0.0)	(225, 0.027729927313978407)	(230, 0.006722406621570522)	(235, 0.0)	(240, 0.0)	(245, 0.01596571572622999)	(250, 0.058821057938742066)	(255, 0.0)	(260, 0.0)	(265, 0.0016806016553926305)	(270, 0.01428511407083736)	(275, 0.002520902483088946)	(280, 0.0)	(285, 0.0)	(290, 0.0)	(295, 0.0025254013283610988)	(300, 0.0027593818984547464)
550A0_S65_L001_R2_001	(1, 0.016801075268817207)	(2, 0.0)	(3, 0.0)	(4, 0.0)	(5, 0.0)	(6, 0.0)	(7, 0.0)	(8, 0.0)	(9, 0.0)	(10, 0.0)	(15, 0.019321236559139785)	(20, 0.005040322580645161)	(25, 0.0)	(30, 0.0)	(35, 0.006720430107526882)	(40, 0.0058803763440860215)	(45, 0.009241212447073056)	(50, 0.0)	(55, 0.0033606385213190504)	(60, 0.005041000134426671)	(65, 0.0067215594017812135)	(70, 0.0008401949252226517)	(75, 0.0008401949252226517)	(80, 0.014283313728785076)	(85, 0.0)	(90, 0.005881858667338879)	(95, 0.012603982858583314)	(100, 0.0)	(105, 0.01008318628686665)	(110, 0.007562389715149988)	(115, 0.01848584152592219)	(120, 0.0)	(125, 0.01428451390639442)	(130, 0.025207965717166627)	(135, 0.0)	(140, 0.015965044954205528)	(145, 0.016805734116480543)	(150, 0.002520902483088946)	(155, 0.03529263476324524)	(160, 0.010923910760052098)	(165, 0.002520902483088946)	(170, 0.011764211587748414)	(175, 0.010083609932355783)	(180, 0.0)	(185, 0.0008403008276963152)	(190, 0.02100752069240788)	(195, 0.005882105793874207)	(200, 0.007562707449266838)	(205, 0.03361203310785261)	(210, 0.007562707449266838)	(215, 0.0)	(220, 0.0)	(225, 0.002520902483088946)	(230, 0.0008403008276963152)	(235, 0.0)	(240, 0.0016806016553926305)	(245, 0.005041804966177892)	(250, 0.003361203310785261)	(255, 0.002520902483088946)	(260, 0.006722406621570522)	(265, 0.002520902483088946)	(270, 0.009243309104659467)	(275, 0.02100752069240788)	(280, 0.005882105793874207)	(285, 0.02857022814167472)	(290, 0.02857022814167472)	(295, 0.0)	(300, 0.0)
550A14_S66_L001_R1_001	(1, 0.008168599901976801)	(2, 0.008168599901976801)	(3, 0.016337199803953602)	(4, 0.008168599901976801)	(5, 0.012252899852965201)	(6, 0.008168599901976801)	(7, 0.008168599901976801)	(8, 0.008168599901976801)	(9, 0.008168599901976801)	(10, 0.008168599901976801)	(15, 0.008168599901976801)	(20, 0.008168599901976801)	(25, 0.008168599901976801)	(30, 0.009802319882372162)	(35, 0.004901480247034604)	(40, 0.0)	(45, 0.003267840365998121)	(50, 0.0016339201829990604)	(55, 0.0016339335315839352)	(60, 0.007352941176470587)	(65, 0.004084967320261437)	(70, 0.004901960784313725)	(75, 0.00980392156862745)	(80, 0.0)	(85, 0.0)	(90, 0.0)	(95, 0.003267973856209151)	(100, 0.011437908496732025)	(105, 0.0073531214000343145)	(110, 0.0)	(115, 0.004085301086690089)	(120, 0.0057194215213661245)	(125, 0.0057194215213661245)	(130, 0.003268240869352071)	(135, 0.004902361304028107)	(140, 0.0057194215213661245)	(145, 0.0)	(150, 0.0)	(155, 0.005719608451947118)	(160, 0.004085467990358296)	(165, 0.0)	(170, 0.000817093598071659)	(175, 0.010622216774931569)	(180, 0.008170935980716592)	(185, 0.0)	(190, 0.010622216774931569)	(195, 0.013890591167218204)	(200, 0.0)	(205, 0.0)	(210, 0.0)	(215, 0.0)	(220, 0.0)	(225, 0.022062428501389116)	(230, 0.005719888870730511)	(235, 0.0008171269815329303)	(240, 0.0)	(245, 0.013891158686059816)	(250, 0.04167347605817944)	(255, 0.0)	(260, 0.0)	(265, 0.004085634907664651)	(270, 0.011439777741461023)	(275, 0.0016342539630658606)	(280, 0.0)	(285, 0.0)	(290, 0.0)	(295, 0.0)	(300, 0.0026164311878597592)
550A14_S66_L001_R2_001	(1, 0.016337199803953602)	(2, 0.008168599901976801)	(3, 0.008168599901976801)	(4, 0.008168599901976801)	(5, 0.008168599901976801)	(6, 0.008168599901976801)	(7, 0.008168599901976801)	(8, 0.008168599901976801)	(9, 0.008168599901976801)	(10, 0.008168599901976801)	(15, 0.021238359745139684)	(20, 0.010619179872569842)	(25, 0.008168599901976801)	(30, 0.008168599901976801)	(35, 0.004901480247034604)	(40, 0.004084633608365329)	(45, 0.006535467163362171)	(50, 0.0)	(55, 0.0)	(60, 0.0024509803921568627)	(65, 0.003267973856209151)	(70, 0.0)	(75, 0.0)	(80, 0.0016339869281045754)	(85, 0.0)	(90, 0.0008169934640522877)	(95, 0.005718954248366013)	(100, 0.0)	(105, 0.004902000833340142)	(110, 0.00408513419665836)	(115, 0.0032681073573266883)	(120, 0.0)	(125, 0.005719187875321705)	(130, 0.014706483107970096)	(135, 0.0)	(140, 0.005719187875321705)	(145, 0.01225540258997508)	(150, 0.0)	(155, 0.015524017288852937)	(160, 0.0)	(165, 0.0)	(170, 0.004085301086690089)	(175, 0.0016341204346760356)	(180, 0.0)	(185, 0.0024511806520140537)	(190, 0.01552414412942234)	(195, 0.004085301086690089)	(200, 0.003268240869352071)	(205, 0.013890477669014429)	(210, 0.003268374392286636)	(215, 0.0)	(220, 0.0)	(225, 0.0)	(230, 0.0)	(235, 0.0)	(240, 0.0)	(245, 0.0)	(250, 0.0)	(255, 0.0)	(260, 0.0)	(265, 0.000817093598071659)	(270, 0.0073538423826449316)	(275, 0.001634187196143318)	(280, 0.001634187196143318)	(285, 0.014707684765289863)	(290, 0.008988103020002615)	(295, 0.0)	(300, 0.0)
550B0_S67_L001_R1_001	(1, 0.0)	(2, 0.0)	(3, 0.03133077465340331)	(4, 0.0)	(5, 0.0)	(6, 0.0)	(7, 0.0)	(8, 0.0)	(9, 0.0)	(10, 0.0)	(15, 0.0)	(20, 0.0)	(25, 0.0)	(30, 0.0023498080990052477)	(35, 0.0023498080990052477)	(40, 0.0)	(45, 0.0007832693663350827)	(50, 0.0023498080990052477)	(55, 0.0)	(60, 0.003916346831675414)	(65, 0.0007832693663350827)	(70, 0.0007832877720945899)	(75, 0.002349900129244507)	(80, 0.0015666000861630047)	(85, 0.0)	(90, 0.0)	(95, 0.006266400344652019)	(100, 0.007049700387733522)	(105, 0.006266400344652019)	(110, 0.0)	(115, 0.004699800258489014)	(120, 0.008616300473896527)	(125, 0.010966200603141034)	(130, 0.004699800258489014)	(135, 0.0015666000861630047)	(140, 0.005483100301570517)	(145, 0.0)	(150, 0.0)	(155, 0.005483100301570517)	(160, 0.004699800258489014)	(165, 0.0)	(170, 0.004699800258489014)	(175, 0.02271570124936357)	(180, 0.014099400775467045)	(185, 0.0)	(190, 0.018015900990874557)	(195, 0.01958250107703756)	(200, 0.0)	(205, 0.0)	(210, 0.0)	(215, 0.0)	(220, 0.0)	(225, 0.030551094747561788)	(230, 0.0031334456151345426)	(235, 0.0)	(240, 0.0)	(245, 0.015667228075672713)	(250, 0.06815724738730551)	(255, 0.000783422774100043)	(260, 0.0)	(265, 0.0023502683223001293)	(270, 0.01801872380430099)	(275, 0.001566845548200086)	(280, 0.0)	(285, 0.0)	(290, 0.0)	(295, 0.0023566563759338252)	(300, 0.004823577647541181)
550B0_S67_L001_R2_001	(1, 0.01958173415837707)	(2, 0.0)	(3, 0.0)	(4, 0.0)	(5, 0.0)	(6, 0.0)	(7, 0.0)	(8, 0.0)	(9, 0.0)	(10, 0.0)	(15, 0.016448656693036735)	(20, 0.0023498080990052477)	(25, 0.0)	(30, 0.0)	(35, 0.0023498080990052477)	(40, 0.003133126546981233)	(45, 0.013316100732385542)	(50, 0.0)	(55, 0.005483100301570517)	(60, 0.003916500215407512)	(65, 0.006266400344652019)	(70, 0.0)	(75, 0.0015666614444618519)	(80, 0.010183299389002037)	(85, 0.0)	(90, 0.007833307222309259)	(95, 0.010966630111232962)	(100, 0.0)	(105, 0.007833307222309259)	(110, 0.007049976500078333)	(115, 0.010183299389002037)	(120, 0.0)	(125, 0.014099953000156666)	(130, 0.026633244555851483)	(135, 0.0)	(140, 0.023499921666927777)	(145, 0.014883283722387591)	(150, 0.004699984333385555)	(155, 0.030549898167006113)	(160, 0.0062666457778474075)	(165, 0.0015666614444618519)	(170, 0.010966630111232962)	(175, 0.012533291555694815)	(180, 0.0)	(185, 0.0)	(190, 0.02506658311138963)	(195, 0.007833307222309259)	(200, 0.0062666457778474075)	(205, 0.031333228889237036)	(210, 0.008616637944540184)	(215, 0.0)	(220, 0.0)	(225, 0.0007833614037836356)	(230, 0.0)	(235, 0.0)	(240, 0.0)	(245, 0.00705025263405272)	(250, 0.0015668332732713913)	(255, 0.003917113870500216)	(260, 0.0047005366446002585)	(265, 0.0023502683223001293)	(270, 0.007834227741000432)	(275, 0.021152414900701164)	(280, 0.007050804966900388)	(285, 0.021152414900701164)	(290, 0.023502683223001294)	(295, 0.0)	(300, 0.0)
550B14_S68_L001_R1_001	(1, 0.0)	(2, 0.0)	(3, 0.016052008507564507)	(4, 0.012039006380673381)	(5, 0.0)	(6, 0.0)	(7, 0.0)	(8, 0.0)	(9, 0.0)	(10, 0.0)	(15, 0.0)	(20, 0.0)	(25, 0.0)	(30, 0.0)	(35, 0.00321042746841742)	(40, 0.0)	(45, 0.0008026326350429408)	(50, 0.0008026455196327094)	(55, 0.0008026841758841565)	(60, 0.004013678616725801)	(65, 0.0008027614995584812)	(70, 0.004816568997350887)	(75, 0.008027614995584811)	(80, 0.0008027614995584812)	(85, 0.0)	(90, 0.0)	(95, 0.004816568997350887)	(100, 0.011238660993818737)	(105, 0.007224853496026331)	(110, 0.0)	(115, 0.0024082844986754435)	(120, 0.007224853496026331)	(125, 0.008027614995584811)	(130, 0.003211045998233925)	(135, 0.007224853496026331)	(140, 0.004816568997350887)	(145, 0.0)	(150, 0.0)	(155, 0.005619330496909368)	(160, 0.005619420718001413)	(165, 0.0)	(170, 0.0016055874443061855)	(175, 0.012844699554449484)	(180, 0.009633524665837112)	(185, 0.0)	(190, 0.011239112110143298)	(195, 0.016055874443061856)	(200, 0.0)	(205, 0.0)	(210, 0.0)	(215, 0.0)	(220, 0.0)	(225, 0.02167804094741068)	(230, 0.006423123243677238)	(235, 0.0)	(240, 0.0)	(245, 0.01525491770373344)	(250, 0.03773584905660377)	(255, 0.0008028904054596548)	(260, 0.0)	(265, 0.0008029226384037898)	(270, 0.008029226384037899)	(275, 0.0016058452768075795)	(280, 0.0)	(285, 0.0)	(290, 0.0)	(295, 0.0)	(300, 0.0)
550B14_S68_L001_R2_001	(1, 0.012039006380673381)	(2, 0.0)	(3, 0.0)	(4, 0.0)	(5, 0.0)	(6, 0.0)	(7, 0.0)	(8, 0.0)	(9, 0.0)	(10, 0.0)	(15, 0.016052008507564507)	(20, 0.003210401701512902)	(25, 0.0)	(30, 0.0)	(35, 0.005618248069730485)	(40, 0.005618428445300585)	(45, 0.00882895898547235)	(50, 0.0)	(55, 0.003210736703536626)	(60, 0.0032108140216248328)	(65, 0.0032109171182018864)	(70, 0.0)	(75, 0.0008027292795504716)	(80, 0.005619104956853301)	(85, 0.0)	(90, 0.004013646397752358)	(95, 0.007224563515954244)	(100, 0.0)	(105, 0.006421834236403773)	(110, 0.007224563515954244)	(115, 0.00481637567730283)	(120, 0.0)	(125, 0.006421834236403773)	(130, 0.013646397752358017)	(135, 0.0)	(140, 0.008027292795504716)	(145, 0.012040939193257074)	(150, 0.0016054585591009432)	(155, 0.017660044150110375)	(160, 0.003210968668973212)	(165, 0.0024082844986754435)	(170, 0.008830376495143292)	(175, 0.00642209199646785)	(180, 0.0)	(185, 0.0008027614995584812)	(190, 0.018463514489845068)	(195, 0.00642209199646785)	(200, 0.004013807497792406)	(205, 0.022477321987637473)	(210, 0.004014129736673089)	(215, 0.0)	(220, 0.0)	(225, 0.0)	(230, 0.0)	(235, 0.0)	(240, 0.0)	(245, 0.0)	(250, 0.0)	(255, 0.0)	(260, 0.0016057550260132317)	(265, 0.0024086712163789645)	(270, 0.008831794460056202)	(275, 0.01686069851465275)	(280, 0.003211561621838619)	(285, 0.01846647932557206)	(290, 0.019269524444194656)	(295, 0.0)	(300, 0.0)
551A0_S73_L001_R1_001	(1, 0.0)	(2, 0.0)	(3, 0.01363744843339811)	(4, 0.0034093621083495277)	(5, 0.0)	(6, 0.0)	(7, 0.0)	(8, 0.0)	(9, 0.0)	(10, 0.0)	(15, 0.0)	(20, 0.0)	(25, 0.0)	(30, 0.0020456172650097164)	(35, 0.001363744843339811)	(40, 0.0)	(45, 0.0006818956699624957)	(50, 0.0013637913399249914)	(55, 0.0006818956699624957)	(60, 0.002727619878893677)	(65, 0.001363837839680862)	(70, 0.001363875041768673)	(75, 0.003409710856519367)	(80, 0.0006819421713038735)	(85, 0.0)	(90, 0.0)	(95, 0.0006819421713038735)	(100, 0.0034097806147152495)	(105, 0.0013639308487059707)	(110, 0.0)	(115, 0.0006819654243529853)	(120, 0.0006819654243529853)	(125, 0.0013639308487059707)	(130, 0.0006819654243529853)	(135, 0.0013639308487059707)	(140, 0.0020458962730589563)	(145, 0.0)	(150, 0.0)	(155, 0.0013639308487059707)	(160, 0.0020458962730589563)	(165, 0.0)	(170, 0.0)	(175, 0.004773757970470897)	(180, 0.003409827121764926)	(185, 0.0)	(190, 0.004091932073927573)	(195, 0.008183864147855146)	(200, 0.0)	(205, 0.0)	(210, 0.0)	(215, 0.0)	(220, 0.0)	(225, 0.010229830184818932)	(230, 0.0020459660369637864)	(235, 0.0)	(240, 0.0)	(245, 0.005455909431903431)	(250, 0.022505626406601652)	(255, 0.0)	(260, 0.0)	(265, 0.0)	(270, 0.0013639773579758577)	(275, 0.0)	(280, 0.0)	(285, 0.0)	(290, 0.0)	(295, 0.0)	(300, 0.0)
551A0_S73_L001_R2_001	(1, 0.0034093621083495277)	(2, 0.0)	(3, 0.0)	(4, 0.0)	(5, 0.0)	(6, 0.0)	(7, 0.0)	(8, 0.0)	(9, 0.0)	(10, 0.0)	(15, 0.004091234530019433)	(20, 0.001363744843339811)	(25, 0.0)	(30, 0.0)	(35, 0.001363744843339811)	(40, 0.0013637820403543106)	(45, 0.002727582679849983)	(50, 0.0)	(55, 0.0)	(60, 0.0006819049697234193)	(65, 0.0020457567595212932)	(70, 0.0)	(75, 0.0)	(80, 0.002727768685215494)	(85, 0.0)	(90, 0.0006819421713038735)	(95, 0.002727768685215494)	(100, 0.0)	(105, 0.0013639308487059707)	(110, 0.0027278616974119414)	(115, 0.003409827121764926)	(120, 0.0)	(125, 0.0027278616974119414)	(130, 0.006819654243529852)	(135, 0.0)	(140, 0.003409827121764926)	(145, 0.007501619667882839)	(150, 0.0006819654243529853)	(155, 0.0061376888191768675)	(160, 0.0013639308487059707)	(165, 0.0)	(170, 0.0)	(175, 0.0027278616974119414)	(180, 0.0)	(185, 0.0006819747260166538)	(190, 0.0034099433949396443)	(195, 0.0013639773579758577)	(200, 0.0013639773579758577)	(205, 0.004091932073927573)	(210, 0.0013639773579758577)	(215, 0.0)	(220, 0.0)	(225, 0.0)	(230, 0.0)	(235, 0.0)	(240, 0.0)	(245, 0.0)	(250, 0.0)	(255, 0.0)	(260, 0.0)	(265, 0.0)	(270, 0.004091932073927573)	(275, 0.0013639773579758577)	(280, 0.0)	(285, 0.01159380754279479)	(290, 0.0027279547159517153)	(295, 0.0)	(300, 0.0)
551A14_S74_L001_R1_001	(1, 0.0032870948655578202)	(2, 0.0032870948655578202)	(3, 0.013148379462231281)	(4, 0.0065741897311156405)	(5, 0.0032870948655578202)	(6, 0.0032870948655578202)	(7, 0.0032870948655578202)	(8, 0.0032870948655578202)	(9, 0.0032870948655578202)	(10, 0.0032870948655578202)	(15, 0.0032870948655578202)	(20, 0.0032870948655578202)	(25, 0.0032870948655578202)	(30, 0.0065741897311156405)	(35, 0.007231798877098865)	(40, 0.0)	(45, 0.002629762335228954)	(50, 0.00394464350284343)	(55, 0.001314881167614477)	(60, 0.005916965254265146)	(65, 0.002629762335228954)	(70, 0.005916965254265146)	(75, 0.009204168173301337)	(80, 0.001314881167614477)	(85, 0.0)	(90, 0.0)	(95, 0.005259524670457908)	(100, 0.01577857401137372)	(105, 0.009204168173301337)	(110, 0.0)	(115, 0.00394464350284343)	(120, 0.009861608757108576)	(125, 0.011176489924723053)	(130, 0.00394464350284343)	(135, 0.005916965254265146)	(140, 0.0072318464218796225)	(145, 0.0)	(150, 0.0)	(155, 0.0072319415133166335)	(160, 0.007232084155161078)	(165, 0.0)	(170, 0.0026298487836949377)	(175, 0.020381328073635768)	(180, 0.015121630506245891)	(185, 0.0)	(190, 0.018408941485864565)	(195, 0.023668639053254437)	(200, 0.0)	(205, 0.0006574621959237344)	(210, 0.0)	(215, 0.0)	(220, 0.0006574621959237344)	(225, 0.030900723208415515)	(230, 0.008547008547008548)	(235, 0.001972386587771203)	(240, 0.0006574621959237344)	(245, 0.01643655489809336)	(250, 0.0591715976331361)	(255, 0.001972386587771203)	(260, 0.0)	(265, 0.0026298487836949377)	(270, 0.014464168310322156)	(275, 0.0032873109796186717)	(280, 0.0)	(285, 0.0)	(290, 0.0)	(295, 0.002634005004609509)	(300, 0.0020940654186036773)
551A14_S74_L001_R2_001	(1, 0.02300966405890474)	(2, 0.0032870948655578202)	(3, 0.0032870948655578202)	(4, 0.0032870948655578202)	(5, 0.0032870948655578202)	(6, 0.0032870948655578202)	(7, 0.0032870948655578202)	(8, 0.0032870948655578202)	(9, 0.0032870948655578202)	(10, 0.0032870948655578202)	(15, 0.022352245085793174)	(20, 0.008546446650450332)	(25, 0.0032870948655578202)	(30, 0.0032870948655578202)	(35, 0.005916926353989981)	(40, 0.003287202919036192)	(45, 0.010519049340915815)	(50, 0.0)	(55, 0.005259524670457908)	(60, 0.003287202919036192)	(65, 0.0072318464218796225)	(70, 0.001972321751421715)	(75, 0.001972321751421715)	(80, 0.013148811676144768)	(85, 0.0)	(90, 0.00788928700568686)	(95, 0.009861608757108576)	(100, 0.0)	(105, 0.010519049340915815)	(110, 0.0085467275894941)	(115, 0.013806252259952008)	(120, 0.0)	(125, 0.011176489924723053)	(130, 0.0256401827684823)	(135, 0.0)	(140, 0.013806252259952008)	(145, 0.0170934551789882)	(150, 0.003287202919036192)	(155, 0.026297969139333216)	(160, 0.007889546351084811)	(165, 0.0032873109796186717)	(170, 0.011834319526627219)	(175, 0.009861932938856016)	(180, 0.0)	(185, 0.0013149243918474688)	(190, 0.021696252465483234)	(195, 0.009204470742932283)	(200, 0.005259697567389875)	(205, 0.026955950032873106)	(210, 0.005917159763313609)	(215, 0.0013149243918474688)	(220, 0.0013149243918474688)	(225, 0.0026298487836949377)	(230, 0.0006574621959237344)	(235, 0.0)	(240, 0.0013149243918474688)	(245, 0.005259697567389875)	(250, 0.006574621959237343)	(255, 0.006574621959237343)	(260, 0.007232084155161078)	(265, 0.0032873109796186717)	(270, 0.01051939513477975)	(275, 0.018408941485864565)	(280, 0.003944773175542406)	(285, 0.02564102564102564)	(290, 0.0190664036817883)	(295, 0.0)	(300, 0.0)
551B0_S75_L001_R1_001	(1, 0.0)	(2, 0.0)	(3, 0.002745216460317896)	(4, 0.002745216460317896)	(5, 0.005490432920635792)	(6, 0.0)	(7, 0.002745216460317896)	(8, 0.0)	(9, 0.0)	(10, 0.0)	(15, 0.0)	(20, 0.0)	(25, 0.0)	(30, 0.0010980865841271584)	(35, 0.0)	(40, 0.0)	(45, 0.0)	(50, 0.0005491035883919501)	(55, 0.0)	(60, 0.0010982071767839002)	(65, 0.0)	(70, 0.002196474658173631)	(75, 0.005491186645434078)	(80, 0.0)	(85, 0.0)	(90, 0.0)	(95, 0.002745593322717039)	(100, 0.009335171080738247)	(105, 0.003843936190659235)	(110, 0.0)	(115, 0.0027456687076137395)	(120, 0.0027456687076137395)	(125, 0.0032948024491364874)	(130, 0.003843936190659235)	(135, 0.0021965349660909915)	(140, 0.0016474012245682437)	(145, 0.0)	(150, 0.0)	(155, 0.0032948024491364874)	(160, 0.0027456687076137395)	(165, 0.0)	(170, 0.0016474012245682437)	(175, 0.009884407347409462)	(180, 0.008786139864363966)	(185, 0.0)	(190, 0.007138738639795722)	(195, 0.01537574476263694)	(200, 0.0)	(205, 0.0)	(210, 0.0)	(215, 0.0)	(220, 0.0)	(225, 0.018121413470250678)	(230, 0.004942203673704731)	(235, 0.0)	(240, 0.0)	(245, 0.015924878504159686)	(250, 0.048323769254001815)	(255, 0.0)	(260, 0.0)	(265, 0.0005491337415227479)	(270, 0.0032948024491364874)	(275, 0.0)	(280, 0.0)	(285, 0.0)	(290, 0.0)	(295, 0.0011003339513542358)	(300, 0.0035091413131206795)
551B0_S75_L001_R2_001	(1, 0.005490432920635792)	(2, 0.0)	(3, 0.0)	(4, 0.0)	(5, 0.0)	(6, 0.0)	(7, 0.0)	(8, 0.0)	(9, 0.0)	(10, 0.0)	(15, 0.010431822549208004)	(20, 0.0016471298761907376)	(25, 0.0)	(30, 0.0)	(35, 0.0038433030444450546)	(40, 0.0010981348180116074)	(45, 0.00768732360337803)	(50, 0.0)	(55, 0.0021964143535678003)	(60, 0.0005491035883919501)	(65, 0.0016473379019504482)	(70, 0.0)	(75, 0.0005491186645434077)	(80, 0.003843830651803855)	(85, 0.0)	(90, 0.002196474658173631)	(95, 0.003843830651803855)	(100, 0.0)	(105, 0.0027456687076137395)	(110, 0.0027456687076137395)	(115, 0.004942203673704731)	(120, 0.0)	(125, 0.006040471156750227)	(130, 0.012080942313500454)	(135, 0.0)	(140, 0.007138738639795722)	(145, 0.01537574476263694)	(150, 0.0005491337415227479)	(155, 0.014826611021114192)	(160, 0.003843936190659235)	(165, 0.0010982674830454957)	(170, 0.005491337415227479)	(175, 0.006040471156750227)	(180, 0.0)	(185, 0.0005491337415227479)	(190, 0.012080942313500454)	(195, 0.0032948024491364874)	(200, 0.003843936190659235)	(205, 0.017572279728727932)	(210, 0.004393069932181983)	(215, 0.0)	(220, 0.0)	(225, 0.0)	(230, 0.0)	(235, 0.0)	(240, 0.0)	(245, 0.003843936190659235)	(250, 0.0005491337415227479)	(255, 0.0005491337415227479)	(260, 0.0010982674830454957)	(265, 0.0010982674830454957)	(270, 0.008237006122841218)	(275, 0.010433541088932208)	(280, 0.0021965349660909915)	(285, 0.018121413470250678)	(290, 0.014277947709762272)	(295, 0.0)	(300, 0.0)
551B14_S76_L001_R1_001	(1, 0.0)	(2, 0.0)	(3, 0.004668207175034428)	(4, 0.004668207175034428)	(5, 0.0)	(6, 0.0)	(7, 0.0)	(8, 0.0)	(9, 0.0)	(10, 0.0)	(15, 0.0)	(20, 0.0)	(25, 0.0)	(30, 0.0028009243050206565)	(35, 0.004201386457530985)	(40, 0.0)	(45, 0.001400488303588518)	(50, 0.0028010419876193945)	(55, 0.0004668425106790224)	(60, 0.0018673700427160897)	(65, 0.0014005275320370673)	(70, 0.0037347400854321794)	(75, 0.0037347400854321794)	(80, 0.0018673700427160897)	(85, 0.0)	(90, 0.0)	(95, 0.0037347400854321794)	(100, 0.005602110128148269)	(105, 0.0037347400854321794)	(110, 0.0)	(115, 0.0023342125533951123)	(120, 0.0037347400854321794)	(125, 0.007002637660185336)	(130, 0.0023342125533951123)	(135, 0.0014005275320370673)	(140, 0.004668425106790225)	(145, 0.0)	(150, 0.0)	(155, 0.0028010550640741347)	(160, 0.0051352676174692465)	(165, 0.0)	(170, 0.0014005275320370673)	(175, 0.01167106276697556)	(180, 0.007002637660185336)	(185, 0.0)	(190, 0.008403165192222404)	(195, 0.010270535234938493)	(200, 0.0)	(205, 0.0)	(210, 0.0)	(215, 0.0)	(220, 0.0)	(225, 0.012604747788333604)	(230, 0.0023342125533951123)	(235, 0.0009336850213580449)	(240, 0.0004668425106790224)	(245, 0.008403165192222404)	(250, 0.034079503279568636)	(255, 0.0018673700427160897)	(260, 0.0)	(265, 0.0004668425106790224)	(270, 0.00933685021358045)	(275, 0.0023342125533951123)	(280, 0.0)	(285, 0.0)	(290, 0.0)	(295, 0.0004669754931261207)	(300, 0.0)
551B14_S76_L001_R2_001	(1, 0.007002310762551643)	(2, 0.0)	(3, 0.0)	(4, 0.0)	(5, 0.0)	(6, 0.0)	(7, 0.0)	(8, 0.0)	(9, 0.0)	(10, 0.0)	(15, 0.00840277291506197)	(20, 0.0037345657400275427)	(25, 0.0)	(30, 0.0)	(35, 0.002334103587517214)	(40, 0.0028009243050206565)	(45, 0.005135123779824566)	(50, 0.0)	(55, 0.003267897574753157)	(60, 0.0018673700427160897)	(65, 0.007936322681543382)	(70, 0.0009336850213580449)	(75, 0.0)	(80, 0.007469480170864359)	(85, 0.0)	(90, 0.0051352676174692465)	(95, 0.007936322681543382)	(100, 0.0)	(105, 0.006535795149506314)	(110, 0.007002637660185336)	(115, 0.005602110128148269)	(120, 0.0)	(125, 0.007936322681543382)	(130, 0.010737377745617515)	(135, 0.0)	(140, 0.007936322681543382)	(145, 0.007936322681543382)	(150, 0.0018673700427160897)	(155, 0.014938960341728718)	(160, 0.004668425106790225)	(165, 0.0014005275320370673)	(170, 0.007469480170864359)	(175, 0.006535795149506314)	(180, 0.0)	(185, 0.0009336850213580449)	(190, 0.015405802852407741)	(195, 0.006068952638827291)	(200, 0.003267897574753157)	(205, 0.014938960341728718)	(210, 0.0037347400854321794)	(215, 0.0)	(220, 0.0)	(225, 0.0)	(230, 0.0)	(235, 0.0)	(240, 0.0)	(245, 0.0)	(250, 0.0023342125533951123)	(255, 0.0023342125533951123)	(260, 0.0023342125533951123)	(265, 0.0014005275320370673)	(270, 0.004668425106790225)	(275, 0.007002637660185336)	(280, 0.0018673700427160897)	(285, 0.016339487873765785)	(290, 0.011671117252712368)	(295, 0.0)	(300, 0.0)
554A0_S69_L001_R1_001	(1, 0.009177679882525698)	(2, 0.004588839941262849)	(3, 0.013766519823788547)	(4, 0.004588839941262849)	(5, 0.004588839941262849)	(6, 0.004588839941262849)	(7, 0.004588839941262849)	(8, 0.004588839941262849)	(9, 0.004588839941262849)	(10, 0.004588839941262849)	(15, 0.004588839941262849)	(20, 0.004588839941262849)	(25, 0.004588839941262849)	(30, 0.011013215859030838)	(35, 0.010095818495539484)	(40, 0.0)	(45, 0.007343087401097791)	(50, 0.003671577401441094)	(55, 0.0027536830510808204)	(60, 0.011014732204323282)	(65, 0.007343154802882188)	(70, 0.007343289610163113)	(75, 0.022948411969891683)	(80, 0.0009179364787956673)	(85, 0.0)	(90, 0.0)	(95, 0.005507821105970478)	(100, 0.020196085631403078)	(105, 0.0128526444315918)	(110, 0.0)	(115, 0.006426735218508997)	(120, 0.011017260374586852)	(125, 0.01652589056188028)	(130, 0.006426735218508997)	(135, 0.00826294528094014)	(140, 0.010099248065075882)	(145, 0.0)	(150, 0.0)	(155, 0.011017766147913511)	(160, 0.01469035486388468)	(165, 0.0)	(170, 0.002754441536978378)	(175, 0.03305329844374053)	(180, 0.023871826653812607)	(185, 0.0)	(190, 0.02938475665748393)	(195, 0.03489439853076217)	(200, 0.0)	(205, 0.0)	(210, 0.0)	(215, 0.0)	(220, 0.0009183158088066486)	(225, 0.04040589558749254)	(230, 0.0073465264704531885)	(235, 0.0)	(240, 0.0)	(245, 0.02663115845539281)	(250, 0.07897515955737178)	(255, 0.0018366316176132971)	(260, 0.0)	(265, 0.005509894852839892)	(270, 0.028467790073006108)	(275, 0.004591579044033243)	(280, 0.0)	(285, 0.0)	(290, 0.0)	(295, 0.005542161997395184)	(300, 0.015540498539193138)
554A0_S69_L001_R2_001	(1, 0.027533039647577095)	(2, 0.004588839941262849)	(3, 0.004588839941262849)	(4, 0.004588839941262849)	(5, 0.004588839941262849)	(6, 0.004588839941262849)	(7, 0.004588839941262849)	(8, 0.004588839941262849)	(9, 0.004588839941262849)	(10, 0.004588839941262849)	(15, 0.04129955947136564)	(20, 0.011930983847283408)	(25, 0.004588839941262849)	(30, 0.004588839941262849)	(35, 0.010095818495539484)	(40, 0.008260442576156692)	(45, 0.017439832577607256)	(50, 0.0)	(55, 0.003671577401441094)	(60, 0.008261049153242462)	(65, 0.01560420395612465)	(70, 0.0)	(75, 0.002753809436387002)	(80, 0.02386634844868735)	(85, 0.0)	(90, 0.011015237745548008)	(95, 0.022949254608210325)	(100, 0.0)	(105, 0.017442874585731728)	(110, 0.01652589056188028)	(115, 0.022952625780389275)	(120, 0.0)	(125, 0.025706940874035987)	(130, 0.040396621373485125)	(135, 0.0)	(140, 0.028461517274304758)	(145, 0.026626268190790982)	(150, 0.001836294357985585)	(155, 0.04866180048661801)	(160, 0.01469035486388468)	(165, 0.004590735894963963)	(170, 0.024789973832805397)	(175, 0.01744479640086306)	(180, 0.0)	(185, 0.005509034817100044)	(190, 0.04407753973865692)	(195, 0.015611368749713027)	(200, 0.009183158088066487)	(205, 0.05418063271959226)	(210, 0.011938105514486432)	(215, 0.0)	(220, 0.0)	(225, 0.0009183158088066486)	(230, 0.0)	(235, 0.0)	(240, 0.0)	(245, 0.002754947426419946)	(250, 0.0018366316176132971)	(255, 0.0)	(260, 0.008264842279259837)	(265, 0.004591579044033243)	(270, 0.010101473896873134)	(275, 0.02754947426419946)	(280, 0.008264842279259837)	(285, 0.032141053308232706)	(290, 0.03673263235226595)	(295, 0.0)	(300, 0.0)
554A14_S70_L001_R1_001	(1, 0.012409513960703205)	(2, 0.012409513960703205)	(3, 0.020682523267838676)	(4, 0.012409513960703205)	(5, 0.016546018614270942)	(6, 0.012409513960703205)	(7, 0.012409513960703205)	(8, 0.012409513960703205)	(9, 0.012409513960703205)	(10, 0.012409513960703205)	(15, 0.012409513960703205)	(20, 0.012409513960703205)	(25, 0.012409513960703205)	(30, 0.018200620475698034)	(35, 0.004964298420525719)	(40, 0.0)	(45, 0.0041370864982045044)	(50, 0.0024823956773216607)	(55, 0.0016549715344896067)	(60, 0.007447556787620505)	(65, 0.004965120031776768)	(70, 0.0024826216484607746)	(75, 0.009930486593843098)	(80, 0.0008275405494869249)	(85, 0.0)	(90, 0.0)	(95, 0.004137702747434625)	(100, 0.009103021375549284)	(105, 0.006620598336574668)	(110, 0.0)	(115, 0.004965448752431001)	(120, 0.006620598336574668)	(125, 0.009103322712790168)	(130, 0.003310299168287334)	(135, 0.004965448752431001)	(140, 0.006620598336574668)	(145, 0.0)	(150, 0.0)	(155, 0.007448173128646501)	(160, 0.009103322712790168)	(165, 0.0)	(170, 0.0024827243762155005)	(175, 0.015723921049364837)	(180, 0.009930897504862002)	(185, 0.0)	(190, 0.01489683938724334)	(195, 0.017380221308151325)	(200, 0.0)	(205, 0.0)	(210, 0.0)	(215, 0.0)	(220, 0.0)	(225, 0.019863438857852266)	(230, 0.0033105731429753774)	(235, 0.0)	(240, 0.0)	(245, 0.01324229257190151)	(250, 0.04800331057314297)	(255, 0.0008276432857438444)	(260, 0.0)	(265, 0.0008276432857438444)	(270, 0.01324229257190151)	(275, 0.0016552865714876887)	(280, 0.0)	(285, 0.0)	(290, 0.0)	(295, 0.0008299650584710383)	(300, 0.002806781183338947)
554A14_S70_L001_R2_001	(1, 0.012409513960703205)	(2, 0.008273009307135471)	(3, 0.008273009307135471)	(4, 0.008273009307135471)	(5, 0.008273009307135471)	(6, 0.008273009307135471)	(7, 0.008273009307135471)	(8, 0.008273009307135471)	(9, 0.008273009307135471)	(10, 0.008273009307135471)	(15, 0.02481902792140641)	(20, 0.0140641158221303)	(25, 0.008273009307135471)	(30, 0.008273009307135471)	(35, 0.005791489819388253)	(40, 0.005791585653414966)	(45, 0.010755979911139059)	(50, 0.0)	(55, 0.0024823545960795347)	(60, 0.005792304509722797)	(65, 0.009929829206937642)	(70, 0.0008275063097356117)	(75, 0.0008275063097356117)	(80, 0.012412594646034177)	(85, 0.0)	(90, 0.006620050477884894)	(95, 0.012412594646034177)	(100, 0.0)	(105, 0.00827540549486925)	(110, 0.011585567692816948)	(115, 0.012413108242303872)	(120, 0.0)	(125, 0.0165508109897385)	(130, 0.019860973187686197)	(135, 0.0)	(140, 0.01903343263819927)	(145, 0.015723270440251572)	(150, 0.0008275405494869249)	(155, 0.02565375703409467)	(160, 0.007447864945382324)	(165, 0.0016550810989738498)	(170, 0.009102946044356174)	(175, 0.011585567692816948)	(180, 0.0)	(185, 0.0024826216484607746)	(190, 0.024826216484607744)	(195, 0.006620488757582529)	(200, 0.005793023544502835)	(205, 0.027309968138370506)	(210, 0.005793023544502835)	(215, 0.0)	(220, 0.0)	(225, 0.0)	(230, 0.0)	(235, 0.0)	(240, 0.0)	(245, 0.0024827243762155005)	(250, 0.0008275747920718336)	(255, 0.0)	(260, 0.0008275747920718336)	(265, 0.001655149584143667)	(270, 0.007448173128646501)	(275, 0.006620598336574668)	(280, 0.0008275747920718336)	(285, 0.019861795009724004)	(290, 0.012413724613933166)	(295, 0.0)	(300, 0.0)
554B0_S71_L001_R1_001	(1, 0.004201327619527771)	(2, 0.004201327619527771)	(3, 0.008402655239055541)	(4, 0.004201327619527771)	(5, 0.004201327619527771)	(6, 0.004201327619527771)	(7, 0.004201327619527771)	(8, 0.004201327619527771)	(9, 0.004201327619527771)	(10, 0.004201327619527771)	(15, 0.004201327619527771)	(20, 0.004201327619527771)	(25, 0.004201327619527771)	(30, 0.006722124191244433)	(35, 0.0050417626002050315)	(40, 0.0)	(45, 0.0016806722689075631)	(50, 0.0008403361344537816)	(55, 0.0)	(60, 0.0008403643819960336)	(65, 0.0)	(70, 0.0025211143325349805)	(75, 0.002521199082283534)	(80, 0.0016808135137406507)	(85, 0.0)	(90, 0.0)	(95, 0.0025212202706109757)	(100, 0.004202210362650754)	(105, 0.006723536580241207)	(110, 0.0)	(115, 0.0033617682901206035)	(120, 0.006723536580241207)	(125, 0.006723536580241207)	(130, 0.0016808841450603018)	(135, 0.0008404420725301509)	(140, 0.0033617682901206035)	(145, 0.0)	(150, 0.0)	(155, 0.0025213262175904525)	(160, 0.0033617682901206035)	(165, 0.0)	(170, 0.0025213262175904525)	(175, 0.015127957305542715)	(180, 0.008404420725301507)	(185, 0.0)	(190, 0.011768167107972932)	(195, 0.010927583743117723)	(200, 0.0)	(205, 0.0)	(210, 0.0)	(215, 0.0)	(220, 0.0)	(225, 0.016812373907195696)	(230, 0.005043712172158709)	(235, 0.0025218560860793544)	(240, 0.0008406186953597848)	(245, 0.013449899125756557)	(250, 0.047915265635507735)	(255, 0.0008406186953597848)	(260, 0.0)	(265, 0.0)	(270, 0.007565568258238063)	(275, 0.0025218560860793544)	(280, 0.0)	(285, 0.0)	(290, 0.0)	(295, 0.0025339764002331256)	(300, 0.0)
554B0_S71_L001_R2_001	(1, 0.012603982858583314)	(2, 0.004201327619527771)	(3, 0.004201327619527771)	(4, 0.004201327619527771)	(5, 0.004201327619527771)	(6, 0.004201327619527771)	(7, 0.004201327619527771)	(8, 0.004201327619527771)	(9, 0.004201327619527771)	(10, 0.004201327619527771)	(15, 0.01008318628686665)	(20, 0.007562389715149988)	(25, 0.004201327619527771)	(30, 0.004201327619527771)	(35, 0.0033611750668033546)	(40, 0.0008403008276963152)	(45, 0.010924369747899159)	(50, 0.0)	(55, 0.005042016806722689)	(60, 0.0025210931459881004)	(65, 0.009244085885961595)	(70, 0.0025211143325349805)	(75, 0.0016807428883566537)	(80, 0.008403714441783268)	(85, 0.0)	(90, 0.007563342997604942)	(95, 0.0058826001092482875)	(100, 0.0)	(105, 0.006722971553426615)	(110, 0.01092482877431825)	(115, 0.011765200218496575)	(120, 0.0)	(125, 0.007563342997604942)	(130, 0.012605571662674902)	(135, 0.0)	(140, 0.015126685995209884)	(145, 0.011765200218496575)	(150, 0.0025211143325349805)	(155, 0.017647800327744864)	(160, 0.006722971553426615)	(165, 0.0025211143325349805)	(170, 0.012605571662674902)	(175, 0.007563342997604942)	(180, 0.0)	(185, 0.0)	(190, 0.014288716116831269)	(195, 0.005043076276528682)	(200, 0.0033620508510191216)	(205, 0.015129228829586047)	(210, 0.004202740186601665)	(215, 0.0008405480373203328)	(220, 0.0008405480373203328)	(225, 0.0008405480373203328)	(230, 0.0008405480373203328)	(235, 0.0008405480373203328)	(240, 0.0008405480373203328)	(245, 0.00588383626124233)	(250, 0.006724384298562662)	(255, 0.00588383626124233)	(260, 0.00588383626124233)	(265, 0.0025216441119609986)	(270, 0.006724384298562662)	(275, 0.014289316634445657)	(280, 0.004202740186601665)	(285, 0.019332604858367658)	(290, 0.01681096074640666)	(295, 0.0)	(300, 0.0)
554B14_S72_L001_R1_001	(1, 0.0)	(2, 0.0)	(3, 0.007947546195112258)	(4, 0.0)	(5, 0.0)	(6, 0.0)	(7, 0.0)	(8, 0.0)	(9, 0.0)	(10, 0.0)	(15, 0.0)	(20, 0.0)	(25, 0.0)	(30, 0.0031790184780449036)	(35, 0.0023842638585336775)	(40, 0.0)	(45, 0.0047686035144607905)	(50, 0.0015895724050230488)	(55, 0.0015895724050230488)	(60, 0.006358340155302459)	(65, 0.003179271152088384)	(70, 0.002384453364066288)	(75, 0.007153360092198864)	(80, 0.0)	(85, 0.0)	(90, 0.0)	(95, 0.002384453364066288)	(100, 0.013511902396375631)	(105, 0.008742995668243055)	(110, 0.0)	(115, 0.003179271152088384)	(120, 0.005563724516154671)	(125, 0.005563724516154671)	(130, 0.00397408894011048)	(135, 0.006358542304176768)	(140, 0.003179271152088384)	(145, 0.0)	(150, 0.0)	(155, 0.00794817788022096)	(160, 0.007153360092198864)	(165, 0.0)	(170, 0.001589635576044192)	(175, 0.014306720184397728)	(180, 0.010332631244287247)	(185, 0.0)	(190, 0.015101537972419822)	(195, 0.023049715852640783)	(200, 0.0)	(205, 0.0)	(210, 0.0)	(215, 0.0)	(220, 0.0)	(225, 0.03259011962958547)	(230, 0.006359047732602043)	(235, 0.0)	(240, 0.0)	(245, 0.018282262231230872)	(250, 0.058821191526568894)	(255, 0.0)	(260, 0.0)	(265, 0.0015897619331505107)	(270, 0.012718095465204086)	(275, 0.0015897619331505107)	(280, 0.0)	(285, 0.0)	(290, 0.0)	(295, 0.0007980782276278721)	(300, 0.002537555826228177)
554B14_S72_L001_R2_001	(1, 0.007947546195112258)	(2, 0.0)	(3, 0.0)	(4, 0.0)	(5, 0.0)	(6, 0.0)	(7, 0.0)	(8, 0.0)	(9, 0.0)	(10, 0.0)	(15, 0.015100337770713294)	(20, 0.004768527717067355)	(25, 0.0)	(30, 0.0)	(35, 0.003973773097556129)	(40, 0.007152791575601033)	(45, 0.007947672524101317)	(50, 0.0)	(55, 0.0)	(60, 0.006358340155302459)	(65, 0.005563724516154671)	(70, 0.0)	(75, 0.001589635576044192)	(80, 0.006358542304176768)	(85, 0.0)	(90, 0.000794817788022096)	(95, 0.009537813456265152)	(100, 0.0)	(105, 0.004768906728132576)	(110, 0.003179271152088384)	(115, 0.011922266820331439)	(120, 0.0)	(125, 0.011922266820331439)	(130, 0.020665262488574494)	(135, 0.0)	(140, 0.011922266820331439)	(145, 0.016691173548464014)	(150, 0.0)	(155, 0.028613440368795456)	(160, 0.004768906728132576)	(165, 0.000794817788022096)	(170, 0.008742995668243055)	(175, 0.009537813456265152)	(180, 0.0)	(185, 0.001589635576044192)	(190, 0.0198704447005524)	(195, 0.004768906728132576)	(200, 0.005563724516154671)	(205, 0.029408491900742368)	(210, 0.007153928699177298)	(215, 0.0)	(220, 0.0)	(225, 0.0)	(230, 0.0)	(235, 0.0)	(240, 0.0007948809665752554)	(245, 0.0)	(250, 0.0)	(255, 0.0007948809665752554)	(260, 0.0015897619331505107)	(265, 0.0007948809665752554)	(270, 0.008743690632327808)	(275, 0.01907714319780613)	(280, 0.0031795238663010214)	(285, 0.02225666706410715)	(290, 0.02225666706410715)	(295, 0.0)	(300, 0.0)
574A0_S97_L001_R1_001	(1, 0.0)	(2, 0.0)	(3, 0.011399908800729594)	(4, 0.0016285584001042275)	(5, 0.0)	(6, 0.0)	(7, 0.0)	(8, 0.0)	(9, 0.0)	(10, 0.0)	(15, 0.0)	(20, 0.0)	(25, 0.0)	(30, 0.0035828284802293013)	(35, 0.004885675200312683)	(40, 0.0)	(45, 0.0032571380179663733)	(50, 0.0032571698451215737)	(55, 0.0016285849225607869)	(60, 0.005211471752194518)	(65, 0.0032571698451215737)	(70, 0.0035828868296337315)	(75, 0.008468641597316091)	(80, 0.0009771509535364722)	(85, 0.0)	(90, 0.0)	(95, 0.003908603814145889)	(100, 0.015634415256583555)	(105, 0.006514339690243147)	(110, 0.0)	(115, 0.0032571698451215737)	(120, 0.005211471752194518)	(125, 0.0061886227057309905)	(130, 0.005211471752194518)	(135, 0.006514339690243147)	(140, 0.00488575476768236)	(145, 0.0)	(150, 0.0)	(155, 0.005862905721218834)	(160, 0.006840056674755304)	(165, 0.0)	(170, 0.0019543019070729444)	(175, 0.01954301907072944)	(180, 0.01498298128755924)	(185, 0.0)	(190, 0.01596013224109571)	(195, 0.02508020780743612)	(200, 0.0)	(205, 0.0)	(210, 0.0)	(215, 0.0)	(220, 0.0)	(225, 0.030617396544142795)	(230, 0.006840056674755304)	(235, 0.0003257169845121574)	(240, 0.0)	(245, 0.020194453039753757)	(250, 0.06221437575528578)	(255, 0.00032573289902280126)	(260, 0.0)	(265, 0.0016286644951140064)	(270, 0.01042345276872964)	(275, 0.0016286644951140064)	(280, 0.0)	(285, 0.0)	(290, 0.0)	(295, 0.0016287228532618433)	(300, 0.0008195915155886308)
574A0_S97_L001_R2_001	(1, 0.01465702560093805)	(2, 0.0016285584001042275)	(3, 0.0016285584001042275)	(4, 0.0016285584001042275)	(5, 0.0016285584001042275)	(6, 0.0016285584001042275)	(7, 0.0016285584001042275)	(8, 0.0016285584001042275)	(9, 0.0016285584001042275)	(10, 0.0016285584001042275)	(15, 0.01986841248127158)	(20, 0.006839945280437756)	(25, 0.0016285584001042275)	(30, 0.0016285584001042275)	(35, 0.006514318472001459)	(40, 0.0045600377831702035)	(45, 0.009771573190711794)	(50, 0.0)	(55, 0.0006514445783524967)	(60, 0.003582945180938732)	(65, 0.0068401680727012155)	(70, 0.00032572228917624835)	(75, 0.0016286114458812415)	(80, 0.010423113253639947)	(85, 0.0)	(90, 0.004234389759291228)	(95, 0.009445946386111202)	(100, 0.0)	(105, 0.005863001205172471)	(110, 0.005863001205172471)	(115, 0.012051724699521187)	(120, 0.0)	(125, 0.013028891567049932)	(130, 0.02573206084492362)	(135, 0.0)	(140, 0.01563466988045992)	(145, 0.017914725904693656)	(150, 0.0016286114458812415)	(155, 0.03126933976091984)	(160, 0.006514445783524966)	(165, 0.00195433373505749)	(170, 0.010097390964463698)	(175, 0.008794501807758705)	(180, 0.0)	(185, 0.002280056024233738)	(190, 0.025406338555747372)	(195, 0.007165890361877464)	(200, 0.0061887234943487175)	(205, 0.03354939578515358)	(210, 0.007491612651053711)	(215, 0.0)	(220, 0.0)	(225, 0.00032572228917624835)	(230, 0.0)	(235, 0.0)	(240, 0.000977166867528745)	(245, 0.0016286114458812415)	(250, 0.0006514721642231032)	(255, 0.0016286910210264011)	(260, 0.003908858450463363)	(265, 0.0019544292252316815)	(270, 0.009772146126158406)	(275, 0.016286910210264013)	(280, 0.0045603348588739235)	(285, 0.025407579928011858)	(290, 0.019544483243863032)	(295, 0.0)	(300, 0.0)
574A14_S98_L001_R1_001	(1, 0.0)	(2, 0.0)	(3, 0.015156490767171042)	(4, 0.002526081794528507)	(5, 0.0)	(6, 0.0)	(7, 0.002526081794528507)	(8, 0.0)	(9, 0.0)	(10, 0.0)	(15, 0.0)	(20, 0.0)	(25, 0.0)	(30, 0.0020208654356228054)	(35, 0.002526081794528507)	(40, 0.0)	(45, 0.0010104327178114027)	(50, 0.001515649076717104)	(55, 0.0005052163589057013)	(60, 0.0010104327178114027)	(65, 0.0010104327178114027)	(70, 0.003031298153434208)	(75, 0.001515649076717104)	(80, 0.001515649076717104)	(85, 0.0)	(90, 0.0)	(95, 0.002526081794528507)	(100, 0.0020208654356228054)	(105, 0.002526081794528507)	(110, 0.0)	(115, 0.004041730871245611)	(120, 0.004546947230151312)	(125, 0.007578245383585521)	(130, 0.002526081794528507)	(135, 0.0005052163589057013)	(140, 0.0035365145123399094)	(145, 0.0)	(150, 0.0)	(155, 0.002526081794528507)	(160, 0.004041730871245611)	(165, 0.0)	(170, 0.003031298153434208)	(175, 0.014651274408265339)	(180, 0.014651274408265339)	(185, 0.0)	(190, 0.012125805229253505)	(195, 0.025767336112163697)	(200, 0.0)	(205, 0.0)	(210, 0.0)	(215, 0.0)	(220, 0.0005052418845522293)	(225, 0.029809271188581534)	(230, 0.007578628268283441)	(235, 0.0010104837691044587)	(240, 0.0010104837691044587)	(245, 0.020209675382089176)	(250, 0.07024814271996765)	(255, 0.0020216314565854646)	(260, 0.0)	(265, 0.0005054334091483447)	(270, 0.012130401819560273)	(275, 0.0020217336365933787)	(280, 0.0)	(285, 0.0)	(290, 0.0)	(295, 0.0005057017876558194)	(300, 0.0)
574A14_S98_L001_R2_001	(1, 0.015156490767171042)	(2, 0.0)	(3, 0.0)	(4, 0.0)	(5, 0.0)	(6, 0.0)	(7, 0.0)	(8, 0.0)	(9, 0.0)	(10, 0.0)	(15, 0.012125192613736832)	(20, 0.0020208654356228054)	(25, 0.0)	(30, 0.0)	(35, 0.0020208654356228054)	(40, 0.002526081794528507)	(45, 0.010609543537019728)	(50, 0.0)	(55, 0.004546947230151312)	(60, 0.003031298153434208)	(65, 0.006062596306868416)	(70, 0.0005052163589057013)	(75, 0.0005052163589057013)	(80, 0.01161997625483113)	(85, 0.0)	(90, 0.008083461742491221)	(95, 0.011114759895925431)	(100, 0.0)	(105, 0.005557379947962716)	(110, 0.006567812665774118)	(115, 0.009093894460302624)	(120, 0.0)	(125, 0.010104327178114028)	(130, 0.020713870715133757)	(135, 0.0)	(140, 0.016672139843888146)	(145, 0.01919822163841665)	(150, 0.004041730871245611)	(155, 0.028292116098719275)	(160, 0.007578245383585521)	(165, 0.002526081794528507)	(170, 0.015156490767171042)	(175, 0.01161997625483113)	(180, 0.0)	(185, 0.0005052214638286693)	(190, 0.020209675382089176)	(195, 0.007073386383731211)	(200, 0.005052418845522294)	(205, 0.025262094227611467)	(210, 0.005557660730074523)	(215, 0.0)	(220, 0.0)	(225, 0.0005052418845522293)	(230, 0.0)	(235, 0.0)	(240, 0.0)	(245, 0.002526209422761147)	(250, 0.0025268477574226155)	(255, 0.005559346018750157)	(260, 0.004548670777317295)	(265, 0.0025270393207318304)	(270, 0.01162438087536642)	(275, 0.017183867380976447)	(280, 0.003537855049024563)	(285, 0.028808248256342865)	(290, 0.02173286767716078)	(295, 0.0)	(300, 0.0)
574B0_S99_L001_R1_001	(1, 0.0)	(2, 0.0)	(3, 0.010911372377860825)	(4, 0.0027278430944652063)	(5, 0.0027278430944652063)	(6, 0.0)	(7, 0.0)	(8, 0.0)	(9, 0.0)	(10, 0.0)	(15, 0.0)	(20, 0.0)	(25, 0.0)	(30, 0.0)	(35, 0.0)	(40, 0.0)	(45, 0.0)	(50, 0.0005455864781847247)	(55, 0.0)	(60, 0.0010911967700575605)	(65, 0.0010911967700575605)	(70, 0.001636795155086341)	(75, 0.0010911967700575605)	(80, 0.0)	(85, 0.0)	(90, 0.0)	(95, 0.0010911967700575605)	(100, 0.003273590310172682)	(105, 0.002182393540115121)	(110, 0.0)	(115, 0.0005455983850287802)	(120, 0.0010911967700575605)	(125, 0.0027279919251439015)	(130, 0.0010911967700575605)	(135, 0.001636795155086341)	(140, 0.0)	(145, 0.0)	(150, 0.0)	(155, 0.0027279919251439015)	(160, 0.003273590310172682)	(165, 0.0)	(170, 0.0010911967700575605)	(175, 0.006547180620345364)	(180, 0.006547180620345364)	(185, 0.0)	(190, 0.007092779005374144)	(195, 0.009820770930518046)	(200, 0.0)	(205, 0.0)	(210, 0.0)	(215, 0.0)	(220, 0.0)	(225, 0.01363995962571951)	(230, 0.003273590310172682)	(235, 0.0)	(240, 0.0)	(245, 0.009820770930518046)	(250, 0.03492191677670708)	(255, 0.0)	(260, 0.0)	(265, 0.0)	(270, 0.004365382516643021)	(275, 0.0005456728145803776)	(280, 0.0)	(285, 0.0)	(290, 0.0)	(295, 0.0)	(300, 0.0)
574B0_S99_L001_R2_001	(1, 0.0027278430944652063)	(2, 0.0)	(3, 0.0)	(4, 0.0)	(5, 0.0)	(6, 0.0)	(7, 0.0)	(8, 0.0)	(9, 0.0)	(10, 0.0)	(15, 0.008183529283395618)	(20, 0.001636705856679124)	(25, 0.0)	(30, 0.0)	(35, 0.0010911372377860825)	(40, 0.0010911372377860825)	(45, 0.003273483149745487)	(50, 0.0)	(55, 0.0)	(60, 0.001636795155086341)	(65, 0.0010911967700575605)	(70, 0.0)	(75, 0.0)	(80, 0.001636795155086341)	(85, 0.0)	(90, 0.0)	(95, 0.003273590310172682)	(100, 0.0)	(105, 0.001636795155086341)	(110, 0.0)	(115, 0.001636795155086341)	(120, 0.0)	(125, 0.004364787080230242)	(130, 0.007638377390402924)	(135, 0.0)	(140, 0.006001582235316584)	(145, 0.010366369315546825)	(150, 0.0010911967700575605)	(155, 0.014185558010748289)	(160, 0.001636795155086341)	(165, 0.0)	(170, 0.001636795155086341)	(175, 0.003819188695201462)	(180, 0.0)	(185, 0.0005455983850287802)	(190, 0.009275172545489267)	(195, 0.0010911967700575605)	(200, 0.003273590310172682)	(205, 0.01363995962571951)	(210, 0.003273590310172682)	(215, 0.0)	(220, 0.0)	(225, 0.0)	(230, 0.0)	(235, 0.0)	(240, 0.0)	(245, 0.0005455983850287802)	(250, 0.0)	(255, 0.0)	(260, 0.0005456579270455351)	(265, 0.0010913158540910703)	(270, 0.005456579270455352)	(275, 0.004910921343409816)	(280, 0.0016369737811366054)	(285, 0.013641448176138379)	(290, 0.00545666859468957)	(295, 0.0)	(300, 0.0)
574B14_S100_L001_R1_001	(1, 0.0)	(2, 0.0)	(3, 0.011847288451855582)	(4, 0.005923644225927791)	(5, 0.0)	(6, 0.0)	(7, 0.0)	(8, 0.0)	(9, 0.0)	(10, 0.0)	(15, 0.0)	(20, 0.0)	(25, 0.0)	(30, 0.003554186535556674)	(35, 0.0023694576903711163)	(40, 0.0)	(45, 0.0)	(50, 0.001777093267778337)	(55, 0.0)	(60, 0.003554186535556674)	(65, 0.0023694576903711163)	(70, 0.001777093267778337)	(75, 0.004738915380742233)	(80, 0.0011847288451855582)	(85, 0.0)	(90, 0.0)	(95, 0.003554186535556674)	(100, 0.005923644225927791)	(105, 0.0011847288451855582)	(110, 0.0)	(115, 0.0023694576903711163)	(120, 0.004146550958149454)	(125, 0.005923644225927791)	(130, 0.0023694576903711163)	(135, 0.004146550958149454)	(140, 0.004146550958149454)	(145, 0.0)	(150, 0.0)	(155, 0.0029618221129638954)	(160, 0.005331279803335012)	(165, 0.0)	(170, 0.0023694576903711163)	(175, 0.014216746142226696)	(180, 0.010070195184077244)	(185, 0.0)	(190, 0.01125525738996505)	(195, 0.016586695101001126)	(200, 0.0)	(205, 0.0)	(210, 0.0)	(215, 0.0)	(220, 0.0)	(225, 0.021325750844144304)	(230, 0.0035542918073573843)	(235, 0.0)	(240, 0.0)	(245, 0.011847639357857946)	(250, 0.03909836793933829)	(255, 0.0)	(260, 0.0)	(265, 0.0005923995142323983)	(270, 0.006516394656556382)	(275, 0.0011847990284647965)	(280, 0.0)	(285, 0.0)	(290, 0.0)	(295, 0.0005925820578004539)	(300, 0.0029781404491035796)
574B14_S100_L001_R2_001	(1, 0.011847288451855582)	(2, 0.0)	(3, 0.0)	(4, 0.0)	(5, 0.0)	(6, 0.0)	(7, 0.0)	(8, 0.0)	(9, 0.0)	(10, 0.0)	(15, 0.013032017297041138)	(20, 0.004146550958149454)	(25, 0.0)	(30, 0.0)	(35, 0.004146550958149454)	(40, 0.0023694576903711163)	(45, 0.008885466338891687)	(50, 0.0)	(55, 0.0005923644225927791)	(60, 0.003554186535556674)	(65, 0.004738915380742233)	(70, 0.0005923644225927791)	(75, 0.0)	(80, 0.008293101916298907)	(85, 0.0)	(90, 0.003554186535556674)	(95, 0.008293101916298907)	(100, 0.0)	(105, 0.004738915380742233)	(110, 0.008293101916298907)	(115, 0.007700737493706127)	(120, 0.0)	(125, 0.011847288451855582)	(130, 0.015401474987412254)	(135, 0.0)	(140, 0.011847288451855582)	(145, 0.012439652874448362)	(150, 0.001777093267778337)	(155, 0.02073275479074727)	(160, 0.005331279803335012)	(165, 0.0011847288451855582)	(170, 0.008293101916298907)	(175, 0.008293101916298907)	(180, 0.0)	(185, 0.0011847428811762126)	(190, 0.01540193116521533)	(195, 0.004739055743143179)	(200, 0.004739055743143179)	(205, 0.02014098690835851)	(210, 0.004739055743143179)	(215, 0.0)	(220, 0.0)	(225, 0.0)	(230, 0.0)	(235, 0.0)	(240, 0.0)	(245, 0.0)	(250, 0.0)	(255, 0.0)	(260, 0.0011847990284647965)	(265, 0.0005923995142323983)	(270, 0.005923995142323984)	(275, 0.01066319125618317)	(280, 0.002369598056929593)	(285, 0.018364384941204348)	(290, 0.01007114971060255)	(295, 0.0)	(300, 0.0)
576A0_S93_L001_R1_001	(1, 0.003472222222222222)	(2, 0.003472222222222222)	(3, 0.020833333333333336)	(4, 0.006944444444444444)	(5, 0.003472222222222222)	(6, 0.003472222222222222)	(7, 0.003472222222222222)	(8, 0.003472222222222222)	(9, 0.003472222222222222)	(10, 0.003472222222222222)	(15, 0.003472222222222222)	(20, 0.003472222222222222)	(25, 0.003472222222222222)	(30, 0.00625)	(35, 0.00555582563041259)	(40, 0.0)	(45, 0.0013890142860119316)	(50, 0.0)	(55, 0.0020835503698301908)	(60, 0.004861617529603778)	(65, 0.0020835503698301908)	(70, 0.002778125043408204)	(75, 0.007639949993054591)	(80, 0.0006945409084595083)	(85, 0.0)	(90, 0.0)	(95, 0.004167245450757049)	(100, 0.013890818169190166)	(105, 0.007639949993054591)	(110, 0.0)	(115, 0.006250868176135575)	(120, 0.008334490901514098)	(125, 0.009723572718433115)	(130, 0.0034727045422975416)	(135, 0.0034727045422975416)	(140, 0.005556327267676066)	(145, 0.0)	(150, 0.0)	(155, 0.004167477009418498)	(160, 0.008335069806209627)	(165, 0.0)	(170, 0.004167534903104814)	(175, 0.021532263666041537)	(180, 0.015280961311384315)	(185, 0.0)	(190, 0.016670139612419255)	(195, 0.022921441967076475)	(200, 0.0)	(205, 0.0)	(210, 0.0)	(215, 0.0)	(220, 0.0)	(225, 0.027089917688327025)	(230, 0.003473066370298336)	(235, 0.0)	(240, 0.0)	(245, 0.01736533185149168)	(250, 0.059736741569131384)	(255, 0.0006946132740596673)	(260, 0.0)	(265, 0.0006946132740596673)	(270, 0.008335359288716008)	(275, 0.0013892265481193346)	(280, 0.0)	(285, 0.0)	(290, 0.0)	(295, 0.0034809003000536055)	(300, 0.005927448036038884)
576A0_S93_L001_R2_001	(1, 0.020833333333333336)	(2, 0.003472222222222222)	(3, 0.003472222222222222)	(4, 0.003472222222222222)	(5, 0.003472222222222222)	(6, 0.003472222222222222)	(7, 0.003472222222222222)	(8, 0.003472222222222222)	(9, 0.003472222222222222)	(10, 0.003472222222222222)	(15, 0.019444444444444445)	(20, 0.009722222222222222)	(25, 0.003472222222222222)	(30, 0.003472222222222222)	(35, 0.00555582563041259)	(40, 0.0034724633655114938)	(45, 0.011112114288095453)	(50, 0.0)	(55, 0.004861617529603778)	(60, 0.0034725839497169843)	(65, 0.004861617529603778)	(70, 0.0020835503698301908)	(75, 0.0013890335798867938)	(80, 0.009723235059207556)	(85, 0.0)	(90, 0.007639684689377366)	(95, 0.014584852588811335)	(100, 0.0)	(105, 0.00902871826926416)	(110, 0.008334201479320763)	(115, 0.01319581900892454)	(120, 0.0)	(125, 0.013890335798867937)	(130, 0.02500260443796229)	(135, 0.0)	(140, 0.02014098690835851)	(145, 0.014584852588811335)	(150, 0.003472608067563062)	(155, 0.0347277690186627)	(160, 0.007640215315158881)	(165, 0.0020836950859524223)	(170, 0.01111304045841292)	(175, 0.009029345372460496)	(180, 0.0)	(185, 0.001389130057301615)	(190, 0.02639347108873068)	(195, 0.008334780343809689)	(200, 0.007640215315158881)	(205, 0.03194999131793714)	(210, 0.007640427586111091)	(215, 0.0)	(220, 0.0)	(225, 0.0)	(230, 0.0006945891505174689)	(235, 0.0006945891505174689)	(240, 0.0013891783010349379)	(245, 0.0062513023546572205)	(250, 0.002083767451552407)	(255, 0.0027783566020698758)	(260, 0.0062513023546572205)	(265, 0.002083767451552407)	(270, 0.0069458915051746895)	(275, 0.015280961311384315)	(280, 0.0055567132041397516)	(285, 0.023616031117593944)	(290, 0.021532263666041537)	(295, 0.0)	(300, 0.0)
576A14_S94_L001_R1_001	(1, 0.0)	(2, 0.0)	(3, 0.012212621744573016)	(4, 0.0)	(5, 0.009159466308429762)	(6, 0.0)	(7, 0.0)	(8, 0.0)	(9, 0.0)	(10, 0.0)	(15, 0.0)	(20, 0.0)	(25, 0.0)	(30, 0.002442524348914603)	(35, 0.006106310872286508)	(40, 0.0)	(45, 0.003053248656570591)	(50, 0.002442598925256473)	(55, 0.0012212994626282364)	(60, 0.005495847581827064)	(65, 0.003663965509871334)	(70, 0.003664010259228726)	(75, 0.010992030777686177)	(80, 0.001221336753076242)	(85, 0.0)	(90, 0.0)	(95, 0.004885347012304968)	(100, 0.01770938291960551)	(105, 0.006106683765381209)	(110, 0.0)	(115, 0.004885347012304968)	(120, 0.006717352141919331)	(125, 0.008549357271533694)	(130, 0.002442673506152484)	(135, 0.007938688894995572)	(140, 0.004274678635766847)	(145, 0.0)	(150, 0.0)	(155, 0.006106683765381209)	(160, 0.007328020518457452)	(165, 0.0)	(170, 0.002442673506152484)	(175, 0.017098714543067387)	(180, 0.012824035907300541)	(185, 0.0)	(190, 0.01648804616652927)	(195, 0.02015267175572519)	(200, 0.0)	(205, 0.0006106944817646627)	(210, 0.0)	(215, 0.0006107243190423843)	(220, 0.0006107243190423843)	(225, 0.025039697080737753)	(230, 0.007328691828508612)	(235, 0.0)	(240, 0.0)	(245, 0.01587883229510199)	(250, 0.04885794552339074)	(255, 0.0006107243190423843)	(260, 0.0)	(265, 0.0006107243190423843)	(270, 0.0061072431904238425)	(275, 0.001832172957127153)	(280, 0.0)	(285, 0.0)	(290, 0.0)	(295, 0.0006130869541227033)	(300, 0.0)
576A14_S94_L001_R2_001	(1, 0.009159466308429762)	(2, 0.0)	(3, 0.0)	(4, 0.0)	(5, 0.0)	(6, 0.0)	(7, 0.0)	(8, 0.0)	(9, 0.0)	(10, 0.0)	(15, 0.02198271914023143)	(20, 0.006716941959515159)	(25, 0.0)	(30, 0.0)	(35, 0.005495679785057857)	(40, 0.005495814021653507)	(45, 0.013434294088910602)	(50, 0.0)	(55, 0.0012212994626282364)	(60, 0.0042745481191988274)	(65, 0.006717270101430779)	(70, 0.000610668376538121)	(75, 0.001221336753076242)	(80, 0.007328020518457452)	(85, 0.0)	(90, 0.003664010259228726)	(95, 0.013434704283838661)	(100, 0.0)	(105, 0.006717352141919331)	(110, 0.007938688894995572)	(115, 0.012213367530762418)	(120, 0.0)	(125, 0.010381362401148057)	(130, 0.021984061555372355)	(135, 0.0)	(140, 0.011602699154224298)	(145, 0.015877377789991143)	(150, 0.001832005129614363)	(155, 0.028090745320753563)	(160, 0.008549357271533694)	(165, 0.000610668376538121)	(170, 0.009770694024609936)	(175, 0.007938688894995572)	(180, 0.0)	(185, 0.001832005129614363)	(190, 0.02503740343806296)	(195, 0.005496015388843089)	(200, 0.005496015388843089)	(205, 0.02992311591238023)	(210, 0.004885645363217198)	(215, 0.0006107056704021497)	(220, 0.0006107056704021497)	(225, 0.0012214113408042994)	(230, 0.0006107056704021497)	(235, 0.0)	(240, 0.0006107056704021497)	(245, 0.003664234022412898)	(250, 0.002442822681608599)	(255, 0.003053528352010748)	(260, 0.002442822681608599)	(265, 0.001832117011206449)	(270, 0.008549879385630095)	(275, 0.010992702067238694)	(280, 0.003053528352010748)	(285, 0.024428226816085984)	(290, 0.010992702067238694)	(295, 0.0)	(300, 0.0)
576B0_S95_L001_R1_001	(1, 0.009897315353210442)	(2, 0.009897315353210442)	(3, 0.022268959544723493)	(4, 0.012371644191513053)	(5, 0.014845973029815662)	(6, 0.009897315353210442)	(7, 0.009897315353210442)	(8, 0.009897315353210442)	(9, 0.009897315353210442)	(10, 0.009897315353210442)	(15, 0.009897315353210442)	(20, 0.009897315353210442)	(25, 0.009897315353210442)	(30, 0.012866509959173574)	(35, 0.005938859442044155)	(40, 0.0)	(45, 0.001979786381049485)	(50, 0.003464660463274599)	(55, 0.0004949514947535142)	(60, 0.000989907889070922)	(65, 0.001979903974657229)	(70, 0.003464831955650151)	(75, 0.004949759936643073)	(80, 0.001484927980992922)	(85, 0.0)	(90, 0.0)	(95, 0.002969855961985844)	(100, 0.008909567885957531)	(105, 0.00544473593030738)	(110, 0.0)	(115, 0.0029699294641752257)	(120, 0.004949882440292043)	(125, 0.005939858928350451)	(130, 0.0029699294641752257)	(135, 0.0019799529761168173)	(140, 0.00346491770820443)	(145, 0.0)	(150, 0.0)	(155, 0.0044548941962628385)	(160, 0.004949882440292043)	(165, 0.0)	(170, 0.0029699294641752257)	(175, 0.014849941342731697)	(180, 0.01188001188001188)	(185, 0.0)	(190, 0.012375012375012375)	(195, 0.018810391256138127)	(200, 0.0)	(205, 0.0)	(210, 0.0)	(215, 0.0)	(220, 0.0)	(225, 0.025741299935646753)	(230, 0.00445524704344856)	(235, 0.0)	(240, 0.0004950372515531794)	(245, 0.014851117546595382)	(250, 0.05791935843172199)	(255, 0.0009900745031063587)	(260, 0.0)	(265, 0.0004950372515531794)	(270, 0.008910670527957229)	(275, 0.0004950372515531794)	(280, 0.0)	(285, 0.0)	(290, 0.0)	(295, 0.000991645387609391)	(300, 0.0)
576B0_S95_L001_R2_001	(1, 0.017320301868118275)	(2, 0.009897315353210442)	(3, 0.009897315353210442)	(4, 0.009897315353210442)	(5, 0.009897315353210442)	(6, 0.009897315353210442)	(7, 0.009897315353210442)	(8, 0.009897315353210442)	(9, 0.009897315353210442)	(10, 0.009897315353210442)	(15, 0.020784362241741926)	(20, 0.014845973029815662)	(25, 0.009897315353210442)	(30, 0.009897315353210442)	(35, 0.005443954488540476)	(40, 0.004454409122629883)	(45, 0.009403985309985053)	(50, 0.0)	(55, 0.005444466442288656)	(60, 0.0034646776117482265)	(65, 0.006929663911300302)	(70, 0.0004949759936643072)	(75, 0.0009899519873286145)	(80, 0.008414591892293224)	(85, 0.0)	(90, 0.007919615898628916)	(95, 0.011384447854279067)	(100, 0.0)	(105, 0.007424639904964609)	(110, 0.009899519873286146)	(115, 0.007919811904467269)	(120, 0.0)	(125, 0.01039475312461329)	(130, 0.01633461205296374)	(135, 0.0)	(140, 0.015839623808934538)	(145, 0.015344635564905335)	(150, 0.0024749412201460217)	(155, 0.023759435713401805)	(160, 0.00692983541640886)	(165, 0.0014849647320876128)	(170, 0.012374706100730107)	(175, 0.009899960895154464)	(180, 0.0)	(185, 0.000495000495000495)	(190, 0.019800019800019802)	(195, 0.006435133850784096)	(200, 0.004950127465782244)	(205, 0.023760611835754772)	(210, 0.0054452749863868125)	(215, 0.0)	(220, 0.0)	(225, 0.0)	(230, 0.0)	(235, 0.0)	(240, 0.0)	(245, 0.00198009999504975)	(250, 0.0004950249987624375)	(255, 0.0004950249987624375)	(260, 0.002970149992574625)	(265, 0.002970149992574625)	(270, 0.009405474976486312)	(275, 0.013365674966585812)	(280, 0.002970149992574625)	(285, 0.023266174941834562)	(290, 0.016335824959160437)	(295, 0.0)	(300, 0.0)
576B14_S96_L001_R1_001	(1, 0.0)	(2, 0.0)	(3, 0.01498492142281829)	(4, 0.0018731151778522864)	(5, 0.0)	(6, 0.0)	(7, 0.0)	(8, 0.0)	(9, 0.0)	(10, 0.0)	(15, 0.0)	(20, 0.0)	(25, 0.0)	(30, 0.0018731151778522864)	(35, 0.0037462303557045727)	(40, 0.0)	(45, 0.00224782242202866)	(50, 0.002247830843236277)	(55, 0.0014985763524651581)	(60, 0.004121131288003387)	(65, 0.0026225872197578226)	(70, 0.003371986287255765)	(75, 0.008617298289653621)	(80, 0.0007493302860568367)	(85, 0.0)	(90, 0.0)	(95, 0.003371986287255765)	(100, 0.012363949719937806)	(105, 0.008242633146625204)	(110, 0.0)	(115, 0.004870646859369439)	(120, 0.007493302860568367)	(125, 0.00899196343268204)	(130, 0.0037466514302841834)	(135, 0.00449598171634102)	(140, 0.005619977145426275)	(145, 0.0)	(150, 0.0)	(155, 0.005619977145426275)	(160, 0.00674397257451153)	(165, 0.0)	(170, 0.0037466514302841834)	(175, 0.016859931436278827)	(180, 0.014237435463203723)	(185, 0.0)	(190, 0.01536155863619333)	(195, 0.02210565754964406)	(200, 0.0)	(205, 0.0)	(210, 0.0)	(215, 0.0)	(220, 0.0)	(225, 0.028475617752299592)	(230, 0.0059948668952209665)	(235, 0.0003746791809513104)	(240, 0.0)	(245, 0.019483317409468143)	(250, 0.06369546076172278)	(255, 0.0007493583619026208)	(260, 0.0)	(265, 0.002622754266659173)	(270, 0.011615054609490624)	(275, 0.0022480750857078627)	(280, 0.0)	(285, 0.0)	(290, 0.0)	(295, 0.0011255810812331867)	(300, 0.0)
576B14_S96_L001_R2_001	(1, 0.01873115177852286)	(2, 0.0)	(3, 0.0)	(4, 0.0)	(5, 0.0)	(6, 0.0)	(7, 0.0)	(8, 0.0)	(9, 0.0)	(10, 0.0)	(15, 0.015734167493959204)	(20, 0.0029969842845636576)	(25, 0.0)	(30, 0.0)	(35, 0.003371607320134115)	(40, 0.0022477634753420347)	(45, 0.00524491898473354)	(50, 0.0)	(55, 0.002622508616814027)	(60, 0.0018732414945469942)	(65, 0.004870519122407385)	(70, 0.0007493302860568367)	(75, 0.0007493302860568367)	(80, 0.007867968003596786)	(85, 0.0)	(90, 0.005245312002397857)	(95, 0.007867968003596786)	(100, 0.0)	(105, 0.007118637717539948)	(110, 0.007118637717539948)	(115, 0.009741293718738877)	(120, 0.0)	(125, 0.012363949719937806)	(130, 0.024727899439875613)	(135, 0.0)	(140, 0.01648526629325041)	(145, 0.015361270864165154)	(150, 0.0026226560011989287)	(155, 0.03147187201438714)	(160, 0.005994642288454694)	(165, 0.00224799085817051)	(170, 0.008242633146625204)	(175, 0.007867968003596786)	(180, 0.0)	(185, 0.0014986886474334957)	(190, 0.026601723491944552)	(195, 0.007868115399025852)	(200, 0.005620082427875608)	(205, 0.029973772948669913)	(210, 0.006744098913450731)	(215, 0.0)	(220, 0.0)	(225, 0.0003746791809513104)	(230, 0.0)	(235, 0.0)	(240, 0.0007493583619026208)	(245, 0.0018733959047565524)	(250, 0.0007493583619026208)	(255, 0.0007493583619026208)	(260, 0.0037467918095131047)	(265, 0.002622754266659173)	(270, 0.00824294198092883)	(275, 0.01611120478090635)	(280, 0.004496150171415725)	(285, 0.023979467580883866)	(290, 0.020982034133273385)	(295, 0.0)	(300, 0.0)
578A0_S101_L001_R1_001	(1, 0.0)	(2, 0.0)	(3, 0.01456186974407514)	(4, 0.0)	(5, 0.0)	(6, 0.0)	(7, 0.0)	(8, 0.0)	(9, 0.0)	(10, 0.0)	(15, 0.0)	(20, 0.0)	(25, 0.0)	(30, 0.0021842804616112707)	(35, 0.003640467436018785)	(40, 0.0)	(45, 0.0014562399883500802)	(50, 0.0014562399883500802)	(55, 0.0029124799767001604)	(60, 0.0072811999417504)	(65, 0.0029124799767001604)	(70, 0.00873743993010048)	(75, 0.01601863987185088)	(80, 0.0014562399883500802)	(85, 0.0)	(90, 0.0)	(95, 0.0050968399592252805)	(100, 0.01747487986020096)	(105, 0.01310615989515072)	(110, 0.0)	(115, 0.0036405999708752)	(120, 0.0050968399592252805)	(125, 0.00800931993592544)	(130, 0.005824959953400321)	(135, 0.005824959953400321)	(140, 0.0050968399592252805)	(145, 0.0)	(150, 0.0)	(155, 0.00800931993592544)	(160, 0.005824959953400321)	(165, 0.0)	(170, 0.00218435998252512)	(175, 0.022571719819426243)	(180, 0.0145623998835008)	(185, 0.0)	(190, 0.01601863987185088)	(195, 0.020387359836901122)	(200, 0.0)	(205, 0.0)	(210, 0.0)	(215, 0.0)	(220, 0.0)	(225, 0.02766855977865152)	(230, 0.00800931993592544)	(235, 0.0)	(240, 0.0)	(245, 0.01674675986602592)	(250, 0.05024027959807776)	(255, 0.0007281199941750401)	(260, 0.0)	(265, 0.0)	(270, 0.00800931993592544)	(275, 0.002184423603425176)	(280, 0.0)	(285, 0.0)	(290, 0.0)	(295, 0.0007283002927767177)	(300, 0.0)
578A0_S101_L001_R2_001	(1, 0.01456186974407514)	(2, 0.0)	(3, 0.0)	(4, 0.0)	(5, 0.0)	(6, 0.0)	(7, 0.0)	(8, 0.0)	(9, 0.0)	(10, 0.0)	(15, 0.017474243692890166)	(20, 0.003640467436018785)	(25, 0.0)	(30, 0.0)	(35, 0.006552841384833813)	(40, 0.00582491754101106)	(45, 0.011649919906800641)	(50, 0.0)	(55, 0.00218435998252512)	(60, 0.0050968399592252805)	(65, 0.0050968399592252805)	(70, 0.0007281199941750401)	(75, 0.00218435998252512)	(80, 0.00873743993010048)	(85, 0.0)	(90, 0.0029124799767001604)	(95, 0.010193679918450561)	(100, 0.0)	(105, 0.00655307994757536)	(110, 0.00655307994757536)	(115, 0.01237803990097568)	(120, 0.0)	(125, 0.011649919906800641)	(130, 0.021115479831076162)	(135, 0.0)	(140, 0.011649919906800641)	(145, 0.01674675986602592)	(150, 0.0007281199941750401)	(155, 0.03130915974952672)	(160, 0.00655307994757536)	(165, 0.0014562399883500802)	(170, 0.0036405999708752)	(175, 0.0072811999417504)	(180, 0.0)	(185, 0.00218435998252512)	(190, 0.025484199796126403)	(195, 0.0072811999417504)	(200, 0.00655307994757536)	(205, 0.03349351973205184)	(210, 0.00800931993592544)	(215, 0.0)	(220, 0.0)	(225, 0.0)	(230, 0.0)	(235, 0.0)	(240, 0.0)	(245, 0.00218435998252512)	(250, 0.0014562399883500802)	(255, 0.0)	(260, 0.0036405999708752)	(265, 0.0029124799767001604)	(270, 0.00946555992427552)	(275, 0.013106541620551058)	(280, 0.005097025521534933)	(285, 0.02184439509229257)	(290, 0.025485127607674664)	(295, 0.0)	(300, 0.0)
578A14_S102_L001_R1_001	(1, 0.003623713581678504)	(2, 0.0)	(3, 0.014494854326714017)	(4, 0.0)	(5, 0.0)	(6, 0.0)	(7, 0.0)	(8, 0.0)	(9, 0.0)	(10, 0.0)	(15, 0.0)	(20, 0.0)	(25, 0.0)	(30, 0.007972169879692709)	(35, 0.005073199014349905)	(40, 0.0)	(45, 0.006522684447021308)	(50, 0.0021742281490071025)	(55, 0.0014494854326714017)	(60, 0.012320626177706915)	(65, 0.005797941730685607)	(70, 0.007972169879692709)	(75, 0.015944339759385417)	(80, 0.0014494854326714017)	(85, 0.0)	(90, 0.0)	(95, 0.005073199014349905)	(100, 0.02029279605739962)	(105, 0.011595883461371213)	(110, 0.0)	(115, 0.00869691259602841)	(120, 0.00869691259602841)	(125, 0.014494854326714017)	(130, 0.005797941730685607)	(135, 0.006522684447021308)	(140, 0.00869691259602841)	(145, 0.0)	(150, 0.0)	(155, 0.007247427163357008)	(160, 0.009421655312364111)	(165, 0.0)	(170, 0.003623713581678504)	(175, 0.02826496593709233)	(180, 0.018843310624728223)	(185, 0.0)	(190, 0.02536599507174953)	(195, 0.03333816495144224)	(200, 0.0)	(205, 0.0)	(210, 0.0)	(215, 0.0)	(220, 0.0)	(225, 0.04710827656182055)	(230, 0.006522684447021308)	(235, 0.0)	(240, 0.0)	(245, 0.02536599507174953)	(250, 0.08697921196833956)	(255, 0.0014496955639315744)	(260, 0.0)	(265, 0.0014496955639315744)	(270, 0.019570890113076254)	(275, 0.004349086691794723)	(280, 0.0)	(285, 0.0)	(290, 0.0)	(295, 0.002174764038101866)	(300, 0.005495713343591998)
578A14_S102_L001_R2_001	(1, 0.01811856790839252)	(2, 0.0)	(3, 0.0)	(4, 0.0)	(5, 0.0)	(6, 0.0)	(7, 0.0)	(8, 0.0)	(9, 0.0)	(10, 0.0)	(15, 0.02536599507174953)	(20, 0.00869691259602841)	(25, 0.0)	(30, 0.0)	(35, 0.00869691259602841)	(40, 0.0028989708653428033)	(45, 0.018843310624728223)	(50, 0.0)	(55, 0.0028989708653428033)	(60, 0.007972169879692709)	(65, 0.011595883461371213)	(70, 0.0014494854326714017)	(75, 0.0007247427163357008)	(80, 0.021017538773735325)	(85, 0.0)	(90, 0.011595883461371213)	(95, 0.021742281490071024)	(100, 0.0)	(105, 0.013045368894042616)	(110, 0.013045368894042616)	(115, 0.021017538773735325)	(120, 0.0)	(125, 0.01739382519205682)	(130, 0.038411363965792145)	(135, 0.0)	(140, 0.034062907667777934)	(145, 0.023191766922742427)	(150, 0.004348456298014205)	(155, 0.04783301927815625)	(160, 0.014494854326714017)	(165, 0.005073199014349905)	(170, 0.023916509639078126)	(175, 0.018843310624728223)	(180, 0.0)	(185, 0.0028989708653428033)	(190, 0.04275982026380635)	(195, 0.014494854326714017)	(200, 0.00869691259602841)	(205, 0.045658791129149154)	(210, 0.011595883461371213)	(215, 0.0)	(220, 0.0)	(225, 0.0)	(230, 0.0)	(235, 0.0)	(240, 0.0)	(245, 0.003623713581678504)	(250, 0.0014496009973254862)	(255, 0.001449643025404994)	(260, 0.006523393614322474)	(265, 0.005798572101619976)	(270, 0.011597144203239953)	(275, 0.03116732504620737)	(280, 0.009422679665132461)	(285, 0.034066611097017356)	(290, 0.04348929076214982)	(295, 0.0)	(300, 0.0)
578B0_S103_L001_R1_001	(1, 0.003599841606969293)	(2, 0.0)	(3, 0.010799524820907881)	(4, 0.003599841606969293)	(5, 0.0)	(6, 0.0)	(7, 0.0)	(8, 0.0)	(9, 0.0)	(10, 0.0)	(15, 0.0)	(20, 0.0)	(25, 0.0)	(30, 0.002159904964181576)	(35, 0.004319809928363152)	(40, 0.0)	(45, 0.0035999712002303982)	(50, 0.0014399884800921593)	(55, 0.002159982720138239)	(60, 0.003600074881557536)	(65, 0.002880080642257983)	(70, 0.0021600604816934873)	(75, 0.00864024192677395)	(80, 0.0)	(85, 0.0)	(90, 0.0)	(95, 0.0007200201605644958)	(100, 0.009360262087338447)	(105, 0.006480181445080463)	(110, 0.0)	(115, 0.0021600604816934873)	(120, 0.0021600604816934873)	(125, 0.002880080642257983)	(130, 0.003600100802822479)	(135, 0.003600100802822479)	(140, 0.0014400403211289915)	(145, 0.0)	(150, 0.0)	(155, 0.003600100802822479)	(160, 0.005760161284515966)	(165, 0.0)	(170, 0.0014400403211289915)	(175, 0.01008028224790294)	(180, 0.008640366351533306)	(185, 0.0)	(190, 0.009360599078341015)	(195, 0.012960829493087559)	(200, 0.0)	(205, 0.0)	(210, 0.0)	(215, 0.0)	(220, 0.0)	(225, 0.01872119815668203)	(230, 0.002880184331797235)	(235, 0.0)	(240, 0.0)	(245, 0.01152073732718894)	(250, 0.038163541576658314)	(255, 0.0)	(260, 0.0)	(265, 0.00144014401440144)	(270, 0.007920792079207921)	(275, 0.00072007200720072)	(280, 0.0)	(285, 0.0)	(290, 0.0)	(295, 0.000720206843405426)	(300, 0.0)
578B0_S103_L001_R2_001	(1, 0.003599841606969293)	(2, 0.0)	(3, 0.0)	(4, 0.0)	(5, 0.0)	(6, 0.0)	(7, 0.0)	(8, 0.0)	(9, 0.0)	(10, 0.0)	(15, 0.011519493142301739)	(20, 0.0014399366427877173)	(25, 0.0)	(30, 0.0)	(35, 0.0028798732855754346)	(40, 0.0028799147545232663)	(45, 0.0028799769601843186)	(50, 0.0)	(55, 0.0)	(60, 0.0014400299526230145)	(65, 0.003600100802822479)	(70, 0.0)	(75, 0.0014400403211289915)	(80, 0.006480181445080463)	(85, 0.0)	(90, 0.002880080642257983)	(95, 0.004320120963386975)	(100, 0.0)	(105, 0.00504014112395147)	(110, 0.003600100802822479)	(115, 0.010800302408467438)	(120, 0.0)	(125, 0.009360262087338447)	(130, 0.012960362890160925)	(135, 0.0)	(140, 0.009360262087338447)	(145, 0.007920221766209455)	(150, 0.0007200201605644958)	(155, 0.018720524174676893)	(160, 0.005760161284515966)	(165, 0.0021600604816934873)	(170, 0.003600100802822479)	(175, 0.005760161284515966)	(180, 0.0)	(185, 0.0021601382488479265)	(190, 0.0165610599078341)	(195, 0.006480414746543779)	(200, 0.004320276497695853)	(205, 0.020161290322580645)	(210, 0.004320276497695853)	(215, 0.0)	(220, 0.0)	(225, 0.0)	(230, 0.0)	(235, 0.0)	(240, 0.0)	(245, 0.0021601382488479265)	(250, 0.0007200668222011003)	(255, 0.0)	(260, 0.00432043204320432)	(265, 0.00288028802880288)	(270, 0.005040504050405041)	(275, 0.010081008100810081)	(280, 0.0036003600360036006)	(285, 0.015841584158415842)	(290, 0.013681368136813681)	(295, 0.0)	(300, 0.0)
578B14_S104_L001_R1_001	(1, 0.0)	(2, 0.0)	(3, 0.01691761123329386)	(4, 0.0)	(5, 0.0)	(6, 0.0)	(7, 0.0)	(8, 0.0)	(9, 0.0)	(10, 0.0)	(15, 0.0)	(20, 0.0)	(25, 0.0)	(30, 0.003383522246658772)	(35, 0.003383522246658772)	(40, 0.0)	(45, 0.0016919042382201167)	(50, 0.0008459521191100584)	(55, 0.0)	(60, 0.0033838084764402335)	(65, 0.0008459521191100584)	(70, 0.0016919042382201167)	(75, 0.004229760595550291)	(80, 0.0008459521191100584)	(85, 0.0)	(90, 0.0)	(95, 0.0033838084764402335)	(100, 0.007613569071990525)	(105, 0.0050757127146603504)	(110, 0.0)	(115, 0.0050757127146603504)	(120, 0.007613569071990525)	(125, 0.006767616952880467)	(130, 0.0033838084764402335)	(135, 0.0025378563573301752)	(140, 0.0033838084764402335)	(145, 0.0)	(150, 0.0)	(155, 0.0033838084764402335)	(160, 0.0025378563573301752)	(165, 0.0)	(170, 0.0025378563573301752)	(175, 0.011843329667540817)	(180, 0.010997377548430758)	(185, 0.0)	(190, 0.010151425429320701)	(195, 0.011843329667540817)	(200, 0.0)	(205, 0.0)	(210, 0.0)	(215, 0.0)	(220, 0.0)	(225, 0.019456898739531343)	(230, 0.0033838084764402335)	(235, 0.0)	(240, 0.0)	(245, 0.010151425429320701)	(250, 0.03637871084000981)	(255, 0.0)	(260, 0.0)	(265, 0.0008460236886632827)	(270, 0.009306260575296108)	(275, 0.0008460236886632827)	(280, 0.0)	(285, 0.0)	(290, 0.0)	(295, 0.0008460881116159437)	(300, 0.0)
578B14_S104_L001_R2_001	(1, 0.012688208424970393)	(2, 0.0)	(3, 0.0)	(4, 0.0)	(5, 0.0)	(6, 0.0)	(7, 0.0)	(8, 0.0)	(9, 0.0)	(10, 0.0)	(15, 0.010996447301641009)	(20, 0.004229402808323465)	(25, 0.0)	(30, 0.0)	(35, 0.0025376416849940786)	(40, 0.0016918756133049097)	(45, 0.006767616952880467)	(50, 0.0)	(55, 0.0016919042382201167)	(60, 0.0025378563573301752)	(65, 0.0050757127146603504)	(70, 0.0008459521191100584)	(75, 0.0008459521191100584)	(80, 0.005921664833770409)	(85, 0.0)	(90, 0.004229760595550291)	(95, 0.006767616952880467)	(100, 0.0)	(105, 0.0050757127146603504)	(110, 0.008459521191100583)	(115, 0.006767616952880467)	(120, 0.0)	(125, 0.008459521191100583)	(130, 0.013535233905760934)	(135, 0.0)	(140, 0.007613569071990525)	(145, 0.010997377548430758)	(150, 0.0016919042382201167)	(155, 0.017764994501311228)	(160, 0.0016919042382201167)	(165, 0.0008459521191100584)	(170, 0.004229760595550291)	(175, 0.007613569071990525)	(180, 0.0)	(185, 0.0)	(190, 0.012689281786650877)	(195, 0.0050757127146603504)	(200, 0.0033838084764402335)	(205, 0.013535233905760934)	(210, 0.0025378563573301752)	(215, 0.0)	(220, 0.0)	(225, 0.0)	(230, 0.0008459521191100584)	(235, 0.0008459521191100584)	(240, 0.0008459521191100584)	(245, 0.0016919042382201167)	(250, 0.0016919614909564659)	(255, 0.0008459879023729961)	(260, 0.0016919758047459921)	(265, 0.0008459879023729961)	(270, 0.005075927414237976)	(275, 0.007613891121356964)	(280, 0.0008459879023729961)	(285, 0.015227782242713928)	(290, 0.008460308462846554)	(295, 0.0)	(300, 0.0)
583A0_S129_L001_R1_001	(1, 0.0)	(2, 0.0)	(3, 0.019109497420217846)	(4, 0.003184916236702975)	(5, 0.0)	(6, 0.0)	(7, 0.0)	(8, 0.0)	(9, 0.0)	(10, 0.0)	(15, 0.0)	(20, 0.0)	(25, 0.0)	(30, 0.00254793298936238)	(35, 0.00636983247340595)	(40, 0.0)	(45, 0.0025479979106417133)	(50, 0.002548014141478485)	(55, 0.0012740070707392425)	(60, 0.005733031818326592)	(65, 0.0019110106061088637)	(70, 0.0038220212122177274)	(75, 0.008281045959805076)	(80, 0.0019110106061088637)	(85, 0.0)	(90, 0.0)	(95, 0.0038220212122177274)	(100, 0.013377074242762048)	(105, 0.00955505303054432)	(110, 0.0)	(115, 0.00509602828295697)	(120, 0.008281045959805076)	(125, 0.012103067172022804)	(130, 0.0038220212122177274)	(135, 0.0031850176768481067)	(140, 0.007644042424435455)	(145, 0.0)	(150, 0.0)	(155, 0.0038220212122177274)	(160, 0.007007038889065835)	(165, 0.0)	(170, 0.002548014141478485)	(175, 0.015925088384240532)	(180, 0.011466063636653184)	(185, 0.0)	(190, 0.010829060101283561)	(195, 0.01528808484887091)	(200, 0.0)	(205, 0.0)	(210, 0.0)	(215, 0.0)	(220, 0.0006370035353696213)	(225, 0.016562091919610153)	(230, 0.007007038889065835)	(235, 0.0038220212122177274)	(240, 0.0006370035353696213)	(245, 0.010829060101283561)	(250, 0.031213173233111444)	(255, 0.0019110106061088637)	(260, 0.0)	(265, 0.0012740070707392425)	(270, 0.012740070707392427)	(275, 0.0031850176768481067)	(280, 0.0)	(285, 0.0)	(290, 0.0)	(295, 0.0025488746718323857)	(300, 0.0)
583A0_S129_L001_R2_001	(1, 0.015924581183514874)	(2, 0.0)	(3, 0.0)	(4, 0.0)	(5, 0.0)	(6, 0.0)	(7, 0.0)	(8, 0.0)	(9, 0.0)	(10, 0.0)	(15, 0.01401363144149309)	(20, 0.00509586597872476)	(25, 0.0)	(30, 0.0)	(35, 0.004458882731384165)	(40, 0.003184916236702975)	(45, 0.007006994254264712)	(50, 0.0)	(55, 0.00509602828295697)	(60, 0.002548014141478485)	(65, 0.01019205656591394)	(70, 0.0019110106061088637)	(75, 0.0006370035353696213)	(80, 0.010829060101283561)	(85, 0.0)	(90, 0.007644042424435455)	(95, 0.00955505303054432)	(100, 0.0)	(105, 0.007644042424435455)	(110, 0.010829060101283561)	(115, 0.01401407777813167)	(120, 0.0)	(125, 0.01019205656591394)	(130, 0.015925088384240532)	(135, 0.0)	(140, 0.012103067172022804)	(145, 0.00955505303054432)	(150, 0.002548014141478485)	(155, 0.021658120202567122)	(160, 0.00509602828295697)	(165, 0.0031850176768481067)	(170, 0.010829060101283561)	(175, 0.008281045959805076)	(180, 0.0006370035353696213)	(185, 0.0006370035353696213)	(190, 0.017836098990349398)	(195, 0.005733031818326592)	(200, 0.0044590247475873495)	(205, 0.01847310252571902)	(210, 0.0038220212122177274)	(215, 0.0012740070707392425)	(220, 0.0006370035353696213)	(225, 0.0012740070707392425)	(230, 0.0)	(235, 0.0)	(240, 0.0)	(245, 0.002548014141478485)	(250, 0.0044590247475873495)	(255, 0.0038220212122177274)	(260, 0.0044590247475873495)	(265, 0.0031850176768481067)	(270, 0.006370035353696213)	(275, 0.01528808484887091)	(280, 0.005733031818326592)	(285, 0.016562091919610153)	(290, 0.017836439846606617)	(295, 0.0)	(300, 0.0)
583A14_S130_L001_R1_001	(1, 0.0)	(2, 0.0)	(3, 0.014389006798805712)	(4, 0.0)	(5, 0.0)	(6, 0.0)	(7, 0.0)	(8, 0.0)	(9, 0.0)	(10, 0.0)	(15, 0.0)	(20, 0.0)	(25, 0.0)	(30, 0.0)	(35, 0.0028778013597611425)	(40, 0.0)	(45, 0.0014389006798805712)	(50, 0.0014389006798805712)	(55, 0.0014389006798805712)	(60, 0.0007194503399402856)	(65, 0.002158351019820857)	(70, 0.003597251699701428)	(75, 0.007194503399402856)	(80, 0.0014389006798805712)	(85, 0.0)	(90, 0.0)	(95, 0.004316702039641714)	(100, 0.01151120543904457)	(105, 0.008633404079283428)	(110, 0.0)	(115, 0.0028778013597611425)	(120, 0.005755685538120625)	(125, 0.007194762213108857)	(130, 0.0028779048852435427)	(135, 0.004316857327865314)	(140, 0.005755809770487085)	(145, 0.0)	(150, 0.0)	(155, 0.0050363335491762)	(160, 0.006475285991797971)	(165, 0.0)	(170, 0.002158428663932657)	(175, 0.01151161954097417)	(180, 0.0100726670983524)	(185, 0.0)	(190, 0.01079229861570783)	(195, 0.023743569449940643)	(200, 0.0)	(205, 0.0)	(210, 0.0)	(215, 0.0)	(220, 0.0)	(225, 0.029500647575190674)	(230, 0.008634335875665563)	(235, 0.0014390559792775938)	(240, 0.0)	(245, 0.017268671751331125)	(250, 0.057563481727192264)	(255, 0.0014391077531930203)	(260, 0.0)	(265, 0.0014391077531930203)	(270, 0.007915092642561612)	(275, 0.0021586616297895305)	(280, 0.0)	(285, 0.0)	(290, 0.0)	(295, 0.0)	(300, 0.0)
583A14_S130_L001_R2_001	(1, 0.007194503399402856)	(2, 0.0)	(3, 0.0)	(4, 0.0)	(5, 0.0)	(6, 0.0)	(7, 0.0)	(8, 0.0)	(9, 0.0)	(10, 0.0)	(15, 0.017266808158566856)	(20, 0.003597251699701428)	(25, 0.0)	(30, 0.0)	(35, 0.005036152379581999)	(40, 0.005036152379581999)	(45, 0.004316702039641714)	(50, 0.0)	(55, 0.0028778013597611425)	(60, 0.0014389006798805712)	(65, 0.0)	(70, 0.0007194503399402856)	(75, 0.0007194503399402856)	(80, 0.005755602719522285)	(85, 0.0)	(90, 0.005036152379581999)	(95, 0.0014389006798805712)	(100, 0.0)	(105, 0.006475053059462571)	(110, 0.004316702039641714)	(115, 0.007194503399402856)	(120, 0.0)	(125, 0.007914238434419742)	(130, 0.01870638175408303)	(135, 0.0)	(140, 0.007914238434419742)	(145, 0.01654795309015037)	(150, 0.002158428663932657)	(155, 0.023742715303259228)	(160, 0.004316857327865314)	(165, 0.0014389524426217713)	(170, 0.006475285991797971)	(175, 0.008633714655730628)	(180, 0.0)	(185, 0.0014389524426217713)	(190, 0.018706650933893575)	(195, 0.0071950210454365575)	(200, 0.005036514731805591)	(205, 0.020865561031766018)	(210, 0.005036514731805591)	(215, 0.0)	(220, 0.0)	(225, 0.0)	(230, 0.0)	(235, 0.0)	(240, 0.0007195279896387969)	(245, 0.0007195279896387969)	(250, 0.0007195435215899033)	(255, 0.0014391077531930203)	(260, 0.005036877136175571)	(265, 0.0021586616297895305)	(270, 0.009354200395754632)	(275, 0.009354200395754632)	(280, 0.0021586616297895305)	(285, 0.023025724051088325)	(290, 0.017269293038316244)	(295, 0.0)	(300, 0.0)
583B0_S131_L001_R1_001	(1, 0.002900484380891609)	(2, 0.0)	(3, 0.026104359428024478)	(4, 0.005800968761783218)	(5, 0.0)	(6, 0.0)	(7, 0.0)	(8, 0.0)	(9, 0.0)	(10, 0.0)	(15, 0.0)	(20, 0.0)	(25, 0.0)	(30, 0.0023203875047132874)	(35, 0.004640775009426575)	(40, 0.0)	(45, 0.002900484380891609)	(50, 0.0017402906285349654)	(55, 0.0011601937523566437)	(60, 0.005800968761783218)	(65, 0.0017402906285349654)	(70, 0.002900484380891609)	(75, 0.00638106563796154)	(80, 0.0)	(85, 0.0)	(90, 0.0)	(95, 0.0011601937523566437)	(100, 0.008121356266496505)	(105, 0.005220871885604896)	(110, 0.0)	(115, 0.0023203875047132874)	(120, 0.002900484380891609)	(125, 0.004060678133248253)	(130, 0.004640775009426575)	(135, 0.0023203875047132874)	(140, 0.002900484380891609)	(145, 0.0)	(150, 0.0)	(155, 0.0023203875047132874)	(160, 0.005800968761783218)	(165, 0.0)	(170, 0.004060678133248253)	(175, 0.016822809409171333)	(180, 0.013922325028279723)	(185, 0.0)	(190, 0.013922325028279723)	(195, 0.0266844563042028)	(200, 0.0)	(205, 0.0)	(210, 0.0)	(215, 0.0)	(220, 0.0)	(225, 0.03248542506598602)	(230, 0.004060678133248253)	(235, 0.0)	(240, 0.0)	(245, 0.014502421904458043)	(250, 0.05800968761783217)	(255, 0.0011601937523566437)	(260, 0.0)	(265, 0.0011601937523566437)	(270, 0.013922325028279723)	(275, 0.0017402906285349654)	(280, 0.0)	(285, 0.0)	(290, 0.0)	(295, 0.00116038896238019)	(300, 0.002917450731550771)
583B0_S131_L001_R2_001	(1, 0.008701453142674828)	(2, 0.0)	(3, 0.0)	(4, 0.0)	(5, 0.0)	(6, 0.0)	(7, 0.0)	(8, 0.0)	(9, 0.0)	(10, 0.0)	(15, 0.01624271253299301)	(20, 0.0023203875047132874)	(25, 0.0)	(30, 0.0)	(35, 0.004640775009426575)	(40, 0.0023203875047132874)	(45, 0.00928155001885315)	(50, 0.0)	(55, 0.0011601937523566437)	(60, 0.002900484380891609)	(65, 0.006961162514139862)	(70, 0.0005800968761783218)	(75, 0.0017402906285349654)	(80, 0.013922325028279723)	(85, 0.0)	(90, 0.004640775009426575)	(95, 0.011021840647388113)	(100, 0.0)	(105, 0.007541259390318183)	(110, 0.00986164689503147)	(115, 0.015082518780636366)	(120, 0.0)	(125, 0.01276213127592308)	(130, 0.02494416567566784)	(135, 0.0)	(140, 0.021463584418597907)	(145, 0.015082518780636366)	(150, 0.003480581257069931)	(155, 0.03654610319923427)	(160, 0.012182034399744758)	(165, 0.002900484380891609)	(170, 0.0185631000377063)	(175, 0.0133422281521014)	(180, 0.0)	(185, 0.0017402906285349654)	(190, 0.03132523131362938)	(195, 0.012182034399744758)	(200, 0.006961162514139862)	(205, 0.03480581257069931)	(210, 0.008121356266496505)	(215, 0.0005800968761783218)	(220, 0.0)	(225, 0.0011601937523566437)	(230, 0.0)	(235, 0.0)	(240, 0.0023203875047132874)	(245, 0.00638106563796154)	(250, 0.0011601937523566437)	(255, 0.002900484380891609)	(260, 0.008121356266496505)	(265, 0.004060678133248253)	(270, 0.008701453142674828)	(275, 0.02552426255184616)	(280, 0.00638106563796154)	(285, 0.021463584418597907)	(290, 0.03190643871933357)	(295, 0.0)	(300, 0.0)
583B14_S132_L001_R1_001	(1, 0.003329227286346839)	(2, 0.0)	(3, 0.019975363718081035)	(4, 0.003329227286346839)	(5, 0.003329227286346839)	(6, 0.0)	(7, 0.0)	(8, 0.0)	(9, 0.0)	(10, 0.0)	(15, 0.0)	(20, 0.0)	(25, 0.0)	(30, 0.003329227286346839)	(35, 0.003995072743616207)	(40, 0.0)	(45, 0.005326763658154942)	(50, 0.002663381829077471)	(55, 0.0013316909145387355)	(60, 0.006658454572693678)	(65, 0.0026634527669944933)	(70, 0.0026634705020641895)	(75, 0.007324543880676521)	(80, 0.0)	(85, 0.0)	(90, 0.0)	(95, 0.0013317352510320948)	(100, 0.007990411506192568)	(105, 0.005992848534082662)	(110, 0.0)	(115, 0.002663559180955552)	(120, 0.0033294489761944396)	(125, 0.004661228566672216)	(130, 0.001997669385716664)	(135, 0.002663559180955552)	(140, 0.003995338771433328)	(145, 0.0)	(150, 0.0)	(155, 0.0033294489761944396)	(160, 0.001997669385716664)	(165, 0.0)	(170, 0.001997669385716664)	(175, 0.00998834692858332)	(180, 0.007990677542866656)	(185, 0.0)	(190, 0.008656567338105544)	(195, 0.010654236723822208)	(200, 0.0)	(205, 0.0)	(210, 0.0)	(215, 0.0)	(220, 0.0)	(225, 0.013317795904777758)	(230, 0.003995338771433328)	(235, 0.001331779590477776)	(240, 0.0)	(245, 0.007990677542866656)	(250, 0.030630930580988848)	(255, 0.0)	(260, 0.0)	(265, 0.001997669385716664)	(270, 0.00998834692858332)	(275, 0.001331779590477776)	(280, 0.0)	(285, 0.0)	(290, 0.0)	(295, 0.001998321410015587)	(300, 0.0017029392731855181)
583B14_S132_L001_R2_001	(1, 0.003329227286346839)	(2, 0.0)	(3, 0.0)	(4, 0.0)	(5, 0.0)	(6, 0.0)	(7, 0.0)	(8, 0.0)	(9, 0.0)	(10, 0.0)	(15, 0.007324300029963046)	(20, 0.003329227286346839)	(25, 0.0)	(30, 0.0)	(35, 0.002663381829077471)	(40, 0.003329227286346839)	(45, 0.008655990944501781)	(50, 0.0)	(55, 0.002663381829077471)	(60, 0.003995072743616207)	(65, 0.008656221492732104)	(70, 0.0)	(75, 0.0013317352510320948)	(80, 0.006658676255160473)	(85, 0.0)	(90, 0.0046610733786123315)	(95, 0.007990411506192568)	(100, 0.0)	(105, 0.005992848534082662)	(110, 0.009322457133344432)	(115, 0.011986016314299984)	(120, 0.0)	(125, 0.007990677542866656)	(130, 0.00998834692858332)	(135, 0.0)	(140, 0.011320126519061096)	(145, 0.008656567338105544)	(150, 0.001331779590477776)	(155, 0.0166472448809722)	(160, 0.0033294489761944396)	(165, 0.002663559180955552)	(170, 0.011320126519061096)	(175, 0.007990677542866656)	(180, 0.0)	(185, 0.001331779590477776)	(190, 0.015315465290494424)	(195, 0.004661228566672216)	(200, 0.0033294489761944396)	(205, 0.017979024471449976)	(210, 0.004661228566672216)	(215, 0.0)	(220, 0.0)	(225, 0.0)	(230, 0.0)	(235, 0.0)	(240, 0.0)	(245, 0.003995338771433328)	(250, 0.000665889795238888)	(255, 0.0)	(260, 0.002663559180955552)	(265, 0.001997669385716664)	(270, 0.004661228566672216)	(275, 0.011320126519061096)	(280, 0.002663559180955552)	(285, 0.013983685700016648)	(290, 0.01398424441795577)	(295, 0.0)	(300, 0.0)
586A0_S109_L001_R1_001	(1, 0.0)	(2, 0.0)	(3, 0.025382551309014432)	(4, 0.0036260787584306334)	(5, 0.0036260787584306334)	(6, 0.0)	(7, 0.0036260787584306334)	(8, 0.0)	(9, 0.0)	(10, 0.0)	(15, 0.0)	(20, 0.0)	(25, 0.0)	(30, 0.00435129451011676)	(35, 0.0)	(40, 0.0)	(45, 0.002901136520231801)	(50, 0.0007252946509519493)	(55, 0.0014505893019038985)	(60, 0.003626578468278318)	(65, 0.0021759628635671284)	(70, 0.0029012838180895043)	(75, 0.007253209545223761)	(80, 0.0007253209545223761)	(85, 0.0)	(90, 0.0)	(95, 0.0007253209545223761)	(100, 0.008703851454268514)	(105, 0.005077246681656634)	(110, 0.0)	(115, 0.0021759628635671284)	(120, 0.0029012838180895043)	(125, 0.007978530499746138)	(130, 0.005077246681656634)	(135, 0.0036266047726118806)	(140, 0.004351925727134257)	(145, 0.0)	(150, 0.0)	(155, 0.005802609723723244)	(160, 0.005077430820005077)	(165, 0.0)	(170, 0.0014506945200014507)	(175, 0.01740833424001741)	(180, 0.014506945200014509)	(185, 0.0)	(190, 0.014506945200014509)	(195, 0.023211112320023212)	(200, 0.0)	(205, 0.0)	(210, 0.0)	(215, 0.0)	(220, 0.0)	(225, 0.03118993218003119)	(230, 0.007253472600007254)	(235, 0.0)	(240, 0.0007253472600007254)	(245, 0.022485765060022485)	(250, 0.06673194792006673)	(255, 0.0014506945200014507)	(260, 0.0)	(265, 0.0014507471347744087)	(270, 0.01305672421296968)	(275, 0.0029014942695488174)	(280, 0.0)	(285, 0.0)	(290, 0.0)	(295, 0.0014524328249818446)	(300, 0.0)
586A0_S109_L001_R2_001	(1, 0.018130393792153164)	(2, 0.0)	(3, 0.0)	(4, 0.0)	(5, 0.0)	(6, 0.0)	(7, 0.0)	(8, 0.0)	(9, 0.0)	(10, 0.0)	(15, 0.016679962288780912)	(20, 0.005801726013489013)	(25, 0.0)	(30, 0.0)	(35, 0.00435129451011676)	(40, 0.005076731165327377)	(45, 0.007978125430637452)	(50, 0.0)	(55, 0.0014505893019038985)	(60, 0.003626578468278318)	(65, 0.0036266047726118806)	(70, 0.0)	(75, 0.0014506419090447521)	(80, 0.005077246681656634)	(85, 0.0)	(90, 0.007253209545223761)	(95, 0.010154493363313267)	(100, 0.0)	(105, 0.008703851454268514)	(110, 0.008703851454268514)	(115, 0.014506419090447522)	(120, 0.0)	(125, 0.01305577718140277)	(130, 0.020308986726626534)	(135, 0.0)	(140, 0.0152317400449699)	(145, 0.01958366577210416)	(150, 0.0014506419090447521)	(155, 0.032639679695943245)	(160, 0.00942951438000943)	(165, 0.0014506945200014507)	(170, 0.01088020890001088)	(175, 0.008704167120008705)	(180, 0.0)	(185, 0.0029013890400029015)	(190, 0.026112501360026113)	(195, 0.008704167120008705)	(200, 0.007253472600007254)	(205, 0.03118993218003119)	(210, 0.006528125340006528)	(215, 0.0)	(220, 0.0)	(225, 0.0)	(230, 0.0)	(235, 0.0)	(240, 0.0)	(245, 0.0014506945200014507)	(250, 0.0014506945200014507)	(255, 0.0007253472600007254)	(260, 0.007253683057572483)	(265, 0.0043522414043232266)	(270, 0.012331350645582474)	(275, 0.015958218482518497)	(280, 0.005077614971710431)	(285, 0.02828956912810097)	(290, 0.025388074858552153)	(295, 0.0)	(300, 0.0)
586A14_S110_L001_R1_001	(1, 0.0)	(2, 0.0)	(3, 0.015395273650989147)	(4, 0.003848818412747287)	(5, 0.0)	(6, 0.0)	(7, 0.0)	(8, 0.0)	(9, 0.0)	(10, 0.0)	(15, 0.0)	(20, 0.0)	(25, 0.0)	(30, 0.0015395273650989148)	(35, 0.003848818412747287)	(40, 0.0)	(45, 0.002309291047648372)	(50, 0.0)	(55, 0.0015395273650989148)	(60, 0.0030790547301978296)	(65, 0.0030790547301978296)	(70, 0.002309291047648372)	(75, 0.006158109460395659)	(80, 0.002309291047648372)	(85, 0.0)	(90, 0.0)	(95, 0.004618582095296744)	(100, 0.015395273650989147)	(105, 0.00846740050804403)	(110, 0.0)	(115, 0.006158109460395659)	(120, 0.006927926471607048)	(125, 0.010007313036449713)	(130, 0.0038489665524806586)	(135, 0.004618759862976791)	(140, 0.0038489665524806586)	(145, 0.0)	(150, 0.0)	(155, 0.005388553173472923)	(160, 0.006928139794465185)	(165, 0.0)	(170, 0.004618759862976791)	(175, 0.024633385935876217)	(180, 0.01616565952041877)	(185, 0.0)	(190, 0.019244832762403297)	(195, 0.018475039451907163)	(200, 0.0)	(205, 0.0)	(210, 0.0)	(215, 0.0)	(220, 0.00077000077000077)	(225, 0.026180026180026177)	(230, 0.00462000462000462)	(235, 0.0)	(240, 0.0)	(245, 0.01694001694001694)	(250, 0.05775005775005775)	(255, 0.00077000077000077)	(260, 0.0)	(265, 0.00231009124860432)	(270, 0.011550456243021598)	(275, 0.00231009124860432)	(280, 0.0)	(285, 0.0)	(290, 0.0)	(295, 0.0015423649081136106)	(300, 0.005899821038761824)
586A14_S110_L001_R2_001	(1, 0.019244092063736434)	(2, 0.0)	(3, 0.0)	(4, 0.0)	(5, 0.0)	(6, 0.0)	(7, 0.0)	(8, 0.0)	(9, 0.0)	(10, 0.0)	(15, 0.016165037333538603)	(20, 0.0030790547301978296)	(25, 0.0)	(30, 0.0)	(35, 0.004618582095296744)	(40, 0.005388345777846202)	(45, 0.012316218920791318)	(50, 0.0)	(55, 0.005388345777846202)	(60, 0.006158109460395659)	(65, 0.013085982603340773)	(70, 0.0)	(75, 0.002309291047648372)	(80, 0.014625509968439688)	(85, 0.0)	(90, 0.010776691555692403)	(95, 0.015395273650989147)	(100, 0.0)	(105, 0.009237164190593488)	(110, 0.010776691555692403)	(115, 0.023862674159033176)	(120, 0.0)	(125, 0.018475039451907163)	(130, 0.024633385935876217)	(135, 0.0)	(140, 0.017705246141411033)	(145, 0.014626072899426504)	(150, 0.0023093799314883954)	(155, 0.03310111235133367)	(160, 0.010007313036449713)	(165, 0.003079173241984527)	(170, 0.0169354528309149)	(175, 0.01385627958893037)	(180, 0.0)	(185, 0.0015395866209922636)	(190, 0.02925214579885301)	(195, 0.010007313036449713)	(200, 0.005388553173472923)	(205, 0.03233181681716357)	(210, 0.0069305405821654086)	(215, 0.0)	(220, 0.0)	(225, 0.0)	(230, 0.0)	(235, 0.0)	(240, 0.0)	(245, 0.0038503003234252268)	(250, 0.0015401201293700909)	(255, 0.0030802402587401818)	(260, 0.005390586495810744)	(265, 0.0030803588618074002)	(270, 0.009241076585422201)	(275, 0.017712063455392554)	(280, 0.005390628008162951)	(285, 0.023102691463555505)	(290, 0.02541393916056989)	(295, 0.0)	(300, 0.0)
586B0_S111_L001_R1_001	(1, 0.0037289778871611294)	(2, 0.0)	(3, 0.014915911548644517)	(4, 0.0037289778871611294)	(5, 0.0)	(6, 0.0)	(7, 0.0)	(8, 0.0)	(9, 0.0)	(10, 0.0)	(15, 0.0)	(20, 0.0)	(25, 0.0)	(30, 0.008203751351754484)	(35, 0.00894954692918671)	(40, 0.0)	(45, 0.00894954692918671)	(50, 0.004474773464593355)	(55, 0.002983182309728903)	(60, 0.00894954692918671)	(65, 0.004474773464593355)	(70, 0.007457955774322259)	(75, 0.017153298280941195)	(80, 0.0014915911548644516)	(85, 0.0)	(90, 0.0)	(95, 0.004474773464593355)	(100, 0.016407502703508967)	(105, 0.00894954692918671)	(110, 0.0)	(115, 0.005966364619457806)	(120, 0.005966364619457806)	(125, 0.009695342506618935)	(130, 0.005220569042025581)	(135, 0.005220569042025581)	(140, 0.005966364619457806)	(145, 0.0)	(150, 0.0)	(155, 0.008203751351754484)	(160, 0.007457955774322259)	(165, 0.0)	(170, 0.0037289778871611294)	(175, 0.02535704963269568)	(180, 0.014915911548644517)	(185, 0.0)	(190, 0.018644889435805646)	(195, 0.020882276168102325)	(200, 0.0)	(205, 0.0)	(210, 0.0)	(215, 0.0)	(220, 0.0)	(225, 0.026102845210127904)	(230, 0.0037289778871611294)	(235, 0.0007457955774322258)	(240, 0.0)	(245, 0.015661707126076743)	(250, 0.058172055039713615)	(255, 0.0)	(260, 0.0)	(265, 0.002983182309728903)	(270, 0.01939068501323787)	(275, 0.0037289778871611294)	(280, 0.0)	(285, 0.0)	(290, 0.0)	(295, 0.0014935738983025532)	(300, 0.003777790370412346)
586B0_S111_L001_R2_001	(1, 0.014915911548644517)	(2, 0.0)	(3, 0.0)	(4, 0.0)	(5, 0.0)	(6, 0.0)	(7, 0.0)	(8, 0.0)	(9, 0.0)	(10, 0.0)	(15, 0.023865458477831225)	(20, 0.010441138084051163)	(25, 0.0)	(30, 0.0)	(35, 0.00894954692918671)	(40, 0.005220569042025581)	(45, 0.01789909385837342)	(50, 0.0)	(55, 0.0022373867322966774)	(60, 0.005966364619457806)	(65, 0.014170115971212292)	(70, 0.0014915911548644516)	(75, 0.0022373867322966774)	(80, 0.020136480590670098)	(85, 0.0)	(90, 0.007457955774322259)	(95, 0.016407502703508967)	(100, 0.0)	(105, 0.010441138084051163)	(110, 0.016407502703508967)	(115, 0.020136480590670098)	(120, 0.0)	(125, 0.015661707126076743)	(130, 0.022373867322966774)	(135, 0.0)	(140, 0.02162807174553455)	(145, 0.017153298280941195)	(150, 0.0022373867322966774)	(155, 0.03430659656188239)	(160, 0.009695342506618935)	(165, 0.0022373867322966774)	(170, 0.016407502703508967)	(175, 0.011932729238915613)	(180, 0.0)	(185, 0.0022373867322966774)	(190, 0.02684864078756013)	(195, 0.007457955774322259)	(200, 0.008203751351754484)	(205, 0.03952716560390797)	(210, 0.010441138084051163)	(215, 0.0007457955774322258)	(220, 0.0)	(225, 0.002983182309728903)	(230, 0.0007457955774322258)	(235, 0.0014915911548644516)	(240, 0.0022373867322966774)	(245, 0.00894954692918671)	(250, 0.0037289778871611294)	(255, 0.007457955774322259)	(260, 0.007457955774322259)	(265, 0.0037289778871611294)	(270, 0.009695342506618935)	(275, 0.017153298280941195)	(280, 0.005220569042025581)	(285, 0.024611254055263456)	(290, 0.024611621160027745)	(295, 0.0)	(300, 0.0)
586B14_S112_L001_R1_001	(1, 0.0)	(2, 0.0)	(3, 0.004597701149425287)	(4, 0.0)	(5, 0.0)	(6, 0.0)	(7, 0.0)	(8, 0.0)	(9, 0.0)	(10, 0.0)	(15, 0.0)	(20, 0.0)	(25, 0.0)	(30, 0.0)	(35, 0.0)	(40, 0.0)	(45, 0.0)	(50, 0.0)	(55, 0.0)	(60, 0.0)	(65, 0.0)	(70, 0.0)	(75, 0.0009195825095406685)	(80, 0.0)	(85, 0.0)	(90, 0.0)	(95, 0.0009195825095406685)	(100, 0.0009195825095406685)	(105, 0.0)	(110, 0.0)	(115, 0.0027587475286220057)	(120, 0.0027587475286220057)	(125, 0.001839165019081337)	(130, 0.0009195825095406685)	(135, 0.0009195825095406685)	(140, 0.0)	(145, 0.0)	(150, 0.0)	(155, 0.0027587475286220057)	(160, 0.0009195825095406685)	(165, 0.0)	(170, 0.001839165019081337)	(175, 0.009195825095406686)	(180, 0.0055174950572440115)	(185, 0.0)	(190, 0.011034990114488023)	(195, 0.008276242585866017)	(200, 0.0)	(205, 0.0)	(210, 0.0)	(215, 0.0)	(220, 0.0)	(225, 0.013793737643110027)	(230, 0.0027587475286220057)	(235, 0.0)	(240, 0.0)	(245, 0.009195825095406686)	(250, 0.0321853878339234)	(255, 0.0)	(260, 0.0)	(265, 0.0009195825095406685)	(270, 0.007356660076325348)	(275, 0.0009195825095406685)	(280, 0.0)	(285, 0.0)	(290, 0.0)	(295, 0.0)	(300, 0.0)
586B14_S112_L001_R2_001	(1, 0.004597701149425287)	(2, 0.0)	(3, 0.0)	(4, 0.0)	(5, 0.0)	(6, 0.0)	(7, 0.0)	(8, 0.0)	(9, 0.0)	(10, 0.0)	(15, 0.00735632183908046)	(20, 0.0009195402298850575)	(25, 0.0)	(30, 0.0)	(35, 0.0)	(40, 0.0)	(45, 0.0027587475286220057)	(50, 0.0)	(55, 0.0009195825095406685)	(60, 0.0)	(65, 0.0)	(70, 0.0009195825095406685)	(75, 0.0)	(80, 0.004597912547703343)	(85, 0.0)	(90, 0.0009195825095406685)	(95, 0.001839165019081337)	(100, 0.0)	(105, 0.0009195825095406685)	(110, 0.0009195825095406685)	(115, 0.00643707756678468)	(120, 0.0)	(125, 0.004597912547703343)	(130, 0.009195825095406686)	(135, 0.0)	(140, 0.007356660076325348)	(145, 0.008276242585866017)	(150, 0.0009195825095406685)	(155, 0.011954572624028692)	(160, 0.001839165019081337)	(165, 0.0009195825095406685)	(170, 0.001839165019081337)	(175, 0.001839165019081337)	(180, 0.0)	(185, 0.0)	(190, 0.008276242585866017)	(195, 0.0009195825095406685)	(200, 0.0027587475286220057)	(205, 0.013793737643110027)	(210, 0.001839165019081337)	(215, 0.0)	(220, 0.0)	(225, 0.0)	(230, 0.0)	(235, 0.0)	(240, 0.0)	(245, 0.0009195825095406685)	(250, 0.0)	(255, 0.0)	(260, 0.001839165019081337)	(265, 0.0009195825095406685)	(270, 0.00643707756678468)	(275, 0.0055174950572440115)	(280, 0.001839165019081337)	(285, 0.013793737643110027)	(290, 0.008276242585866017)	(295, 0.0)	(300, 0.0)
597A0_S121_L001_R1_001	(1, 0.0)	(2, 0.0)	(3, 0.006421782686873876)	(4, 0.003210891343436938)	(5, 0.0)	(6, 0.0)	(7, 0.0)	(8, 0.0)	(9, 0.0)	(10, 0.0)	(15, 0.0)	(20, 0.0)	(25, 0.0)	(30, 0.0006421782686873876)	(35, 0.0012843565373747753)	(40, 0.0)	(45, 0.0006421782686873876)	(50, 0.0006421782686873876)	(55, 0.0)	(60, 0.0025687130747495505)	(65, 0.0032109119632157926)	(70, 0.002568795555983688)	(75, 0.00642198888995922)	(80, 0.001284397777991844)	(85, 0.0)	(90, 0.0)	(95, 0.0019265966669877663)	(100, 0.0038531933339755325)	(105, 0.004495392222971454)	(110, 0.0)	(115, 0.0019265966669877663)	(120, 0.00642198888995922)	(125, 0.008990784445942908)	(130, 0.005779790000963299)	(135, 0.000642198888995922)	(140, 0.00321099444497961)	(145, 0.0)	(150, 0.0)	(155, 0.005137591111967376)	(160, 0.007064187778955143)	(165, 0.0)	(170, 0.005137591111967376)	(175, 0.021834762225861348)	(180, 0.016054972224898052)	(185, 0.0)	(190, 0.01541277333590213)	(195, 0.02568795555983688)	(200, 0.0)	(205, 0.0)	(210, 0.0)	(215, 0.0)	(220, 0.0)	(225, 0.03339434222778794)	(230, 0.007706386667951065)	(235, 0.0019265966669877663)	(240, 0.000642198888995922)	(245, 0.018623767780881737)	(250, 0.07257033864017315)	(255, 0.0012844390212574657)	(260, 0.0)	(265, 0.0006422195106287328)	(270, 0.012202170701945925)	(275, 0.0019266585318861986)	(280, 0.0)	(285, 0.0)	(290, 0.0)	(295, 0.0012847195457231686)	(300, 0.0016251970551429359)
597A0_S121_L001_R2_001	(1, 0.009632674030310815)	(2, 0.0)	(3, 0.0)	(4, 0.0)	(5, 0.0)	(6, 0.0)	(7, 0.0)	(8, 0.0)	(9, 0.0)	(10, 0.0)	(15, 0.01798099152324685)	(20, 0.004495247880811713)	(25, 0.0)	(30, 0.0)	(35, 0.0038530696121243254)	(40, 0.0019265348060621627)	(45, 0.011559208836372977)	(50, 0.0)	(55, 0.0038530696121243254)	(60, 0.003210891343436938)	(65, 0.005137459141145268)	(70, 0.001284397777991844)	(75, 0.000642198888995922)	(80, 0.008348585556946985)	(85, 0.0)	(90, 0.008348585556946985)	(95, 0.007064187778955143)	(100, 0.0)	(105, 0.007706386667951065)	(110, 0.008348585556946985)	(115, 0.011559580001926598)	(120, 0.0)	(125, 0.014770574446906206)	(130, 0.02568795555983688)	(135, 0.0)	(140, 0.021834762225861348)	(145, 0.017339370002889896)	(150, 0.0038531933339755325)	(155, 0.035320938894775715)	(160, 0.009632983334938831)	(165, 0.002568795555983688)	(170, 0.014128375557910286)	(175, 0.010917381112930674)	(180, 0.0)	(185, 0.001284397777991844)	(190, 0.02761455222682465)	(195, 0.007706386667951065)	(200, 0.007706386667951065)	(205, 0.03596313778377163)	(210, 0.007706386667951065)	(215, 0.0)	(220, 0.0)	(225, 0.0)	(230, 0.0)	(235, 0.0)	(240, 0.000642198888995922)	(245, 0.004495392222971454)	(250, 0.00256886154478489)	(255, 0.005779975595658596)	(260, 0.008348853638173528)	(265, 0.0038533170637723973)	(270, 0.008348853638173528)	(275, 0.01990880482949072)	(280, 0.006422195106287329)	(285, 0.025688780425149316)	(290, 0.02633150725400913)	(295, 0.0)	(300, 0.0)
597A14_S122_L001_R1_001	(1, 0.0)	(2, 0.0)	(3, 0.01785778063502268)	(4, 0.003571556127004536)	(5, 0.0)	(6, 0.0)	(7, 0.0)	(8, 0.0)	(9, 0.0)	(10, 0.0)	(15, 0.0)	(20, 0.0)	(25, 0.0)	(30, 0.0028572449016036287)	(35, 0.0021429336762027215)	(40, 0.0)	(45, 0.0007143112254009072)	(50, 0.0014286224508018143)	(55, 0.0014286224508018143)	(60, 0.005000178577806351)	(65, 0.0035716581780257297)	(70, 0.002857346953353811)	(75, 0.01000071433673834)	(80, 0.0014286734766769055)	(85, 0.0)	(90, 0.0)	(95, 0.003571683691692264)	(100, 0.008572040860061433)	(105, 0.00500035716836917)	(110, 0.0)	(115, 0.00500035716836917)	(120, 0.006429030645046074)	(125, 0.007143367383384528)	(130, 0.003571683691692264)	(135, 0.002857346953353811)	(140, 0.0042860204300307165)	(145, 0.0)	(150, 0.0)	(155, 0.003571683691692264)	(160, 0.0042860204300307165)	(165, 0.0)	(170, 0.002857346953353811)	(175, 0.015001071505107507)	(180, 0.008572040860061433)	(185, 0.0)	(190, 0.013572398028430601)	(195, 0.016429744981784414)	(200, 0.0)	(205, 0.0)	(210, 0.0)	(215, 0.0)	(220, 0.0)	(225, 0.022858775626830488)	(230, 0.01000071433673834)	(235, 0.0014286734766769055)	(240, 0.0)	(245, 0.012858061290092149)	(250, 0.04714622473033788)	(255, 0.0007143367383384528)	(260, 0.0)	(265, 0.0014287755393627662)	(270, 0.00928704100585798)	(275, 0.0014287755393627662)	(280, 0.0)	(285, 0.0)	(290, 0.0)	(295, 0.0021437299471927856)	(300, 0.0)
597A14_S122_L001_R2_001	(1, 0.010714668381013608)	(2, 0.0)	(3, 0.0)	(4, 0.0)	(5, 0.0)	(6, 0.0)	(7, 0.0)	(8, 0.0)	(9, 0.0)	(10, 0.0)	(15, 0.012143290831815423)	(20, 0.005000178577806351)	(25, 0.0)	(30, 0.0)	(35, 0.003571556127004536)	(40, 0.0014286224508018143)	(45, 0.009286045930211793)	(50, 0.0)	(55, 0.0028572449016036287)	(60, 0.004285867352405443)	(65, 0.007143316356051459)	(70, 0.0014286734766769055)	(75, 0.0007143367383384528)	(80, 0.009286377598399885)	(85, 0.0)	(90, 0.007143367383384528)	(95, 0.009286377598399885)	(100, 0.0)	(105, 0.007143367383384528)	(110, 0.007143367383384528)	(115, 0.01071505107507679)	(120, 0.0)	(125, 0.012143724551753696)	(130, 0.01571540824344596)	(135, 0.0)	(140, 0.012858061290092149)	(145, 0.01571540824344596)	(150, 0.0014286734766769055)	(155, 0.01857275519679977)	(160, 0.005714693906707622)	(165, 0.0014286734766769055)	(170, 0.008572040860061433)	(175, 0.006429030645046074)	(180, 0.0)	(185, 0.0014286734766769055)	(190, 0.02071576541181513)	(195, 0.005714693906707622)	(200, 0.0042860204300307165)	(205, 0.02143010215015358)	(210, 0.003571683691692264)	(215, 0.0)	(220, 0.0)	(225, 0.0)	(230, 0.0)	(235, 0.0)	(240, 0.0)	(245, 0.003571683691692264)	(250, 0.002857346953353811)	(255, 0.003571683691692264)	(260, 0.0035719133310949344)	(265, 0.0014287755393627662)	(270, 0.008572653236176597)	(275, 0.007858265466495214)	(280, 0.0021431633090441492)	(285, 0.01928846978139734)	(290, 0.010716505561866388)	(295, 0.0)	(300, 0.0)
597B0_S123_L001_R1_001	(1, 0.0)	(2, 0.0)	(3, 0.0)	(4, 0.0)	(5, 0.0)	(6, 0.0)	(7, 0.0)	(8, 0.0)	(9, 0.0)	(10, 0.0)	(15, 0.0)	(20, 0.0)	(25, 0.0)	(30, 0.0)	(35, 0.0)	(40, 0.0)	(45, 0.0)	(50, 0.0)	(55, 0.0)	(60, 0.0)	(65, 0.0)	(70, 0.0)	(75, 0.0)	(80, 0.0)	(85, 0.0)	(90, 0.0)	(95, 0.0)	(100, 0.0)	(105, 0.0)	(110, 0.0)	(115, 0.0)	(120, 0.0)	(125, 0.0)	(130, 0.0)	(135, 0.0)	(140, 0.0)	(145, 0.0)	(150, 0.0)	(155, 0.0)	(160, 0.0)	(165, 0.0)	(170, 0.0)	(175, 0.003745318352059925)	(180, 0.003745318352059925)	(185, 0.0)	(190, 0.0)	(195, 0.00749063670411985)	(200, 0.0)	(205, 0.0)	(210, 0.0)	(215, 0.0)	(220, 0.0)	(225, 0.011235955056179775)	(230, 0.0)	(235, 0.0)	(240, 0.0)	(245, 0.003745318352059925)	(250, 0.018726591760299626)	(255, 0.0)	(260, 0.0)	(265, 0.0)	(270, 0.0)	(275, 0.0)	(280, 0.0)	(285, 0.0)	(290, 0.0)	(295, 0.0)	(300, 0.0)
597B0_S123_L001_R2_001	(1, 0.0)	(2, 0.0)	(3, 0.0)	(4, 0.0)	(5, 0.0)	(6, 0.0)	(7, 0.0)	(8, 0.0)	(9, 0.0)	(10, 0.0)	(15, 0.0)	(20, 0.0)	(25, 0.0)	(30, 0.0)	(35, 0.0)	(40, 0.0)	(45, 0.003745318352059925)	(50, 0.0)	(55, 0.0)	(60, 0.0)	(65, 0.0)	(70, 0.0)	(75, 0.0)	(80, 0.0)	(85, 0.0)	(90, 0.003745318352059925)	(95, 0.0)	(100, 0.0)	(105, 0.0)	(110, 0.0)	(115, 0.0)	(120, 0.0)	(125, 0.0)	(130, 0.0)	(135, 0.0)	(140, 0.00749063670411985)	(145, 0.003745318352059925)	(150, 0.0)	(155, 0.0149812734082397)	(160, 0.00749063670411985)	(165, 0.0)	(170, 0.003745318352059925)	(175, 0.003745318352059925)	(180, 0.0)	(185, 0.0)	(190, 0.011235955056179775)	(195, 0.0)	(200, 0.0)	(205, 0.00749063670411985)	(210, 0.003745318352059925)	(215, 0.0)	(220, 0.0)	(225, 0.0)	(230, 0.0)	(235, 0.0)	(240, 0.0)	(245, 0.0)	(250, 0.0)	(255, 0.0)	(260, 0.003745318352059925)	(265, 0.0)	(270, 0.003745318352059925)	(275, 0.00749063670411985)	(280, 0.003745318352059925)	(285, 0.00749063670411985)	(290, 0.018726591760299626)	(295, 0.0)	(300, 0.0)
597B14_S124_L001_R1_001	(1, 0.003532570298148933)	(2, 0.0)	(3, 0.02472799208704253)	(4, 0.003532570298148933)	(5, 0.0)	(6, 0.0)	(7, 0.0)	(8, 0.0)	(9, 0.0)	(10, 0.0)	(15, 0.0)	(20, 0.0)	(25, 0.0)	(30, 0.00423908435777872)	(35, 0.007065140596297866)	(40, 0.0)	(45, 0.00423908435777872)	(50, 0.003532570298148933)	(55, 0.0007065140596297867)	(60, 0.005652112477038293)	(65, 0.003532570298148933)	(70, 0.007771654655927653)	(75, 0.00847816871555744)	(80, 0.003532570298148933)	(85, 0.0)	(90, 0.0)	(95, 0.008478887569950824)	(100, 0.01695813460519343)	(105, 0.01271860095389507)	(110, 0.0)	(115, 0.007065889418830595)	(120, 0.010598834128245893)	(125, 0.019784490372725665)	(130, 0.0042395336512983575)	(135, 0.007065889418830595)	(140, 0.011305423070128953)	(145, 0.0)	(150, 0.0)	(155, 0.010598834128245893)	(160, 0.010598834128245893)	(165, 0.0)	(170, 0.0035329447094152974)	(175, 0.02897014661720544)	(180, 0.021904257198374844)	(185, 0.0)	(190, 0.02543720190779014)	(195, 0.0332096802685038)	(200, 0.0)	(205, 0.0007065889418830596)	(210, 0.0)	(215, 0.0007065889418830596)	(220, 0.0)	(225, 0.03956898074545133)	(230, 0.009892245186362832)	(235, 0.0014131778837661192)	(240, 0.0007065889418830596)	(245, 0.022610846140257906)	(250, 0.07560501678148737)	(255, 0.0021197668256491787)	(260, 0.0)	(265, 0.0035330695308083662)	(270, 0.01907857546636518)	(275, 0.004946297343131713)	(280, 0.0)	(285, 0.0)	(290, 0.0)	(295, 0.0014141071327563777)	(300, 0.00364471334329555)
597B14_S124_L001_R2_001	(1, 0.0211954217888936)	(2, 0.0)	(3, 0.0)	(4, 0.0)	(5, 0.0)	(6, 0.0)	(7, 0.0)	(8, 0.0)	(9, 0.0)	(10, 0.0)	(15, 0.024021478027412745)	(20, 0.009184682775187226)	(25, 0.0)	(30, 0.0)	(35, 0.007771654655927653)	(40, 0.007771654655927653)	(45, 0.015543309311855305)	(50, 0.0)	(55, 0.005652112477038293)	(60, 0.007065140596297866)	(65, 0.015543309311855305)	(70, 0.0007065140596297867)	(75, 0.0014130281192595733)	(80, 0.015543309311855305)	(85, 0.0)	(90, 0.012010739013706372)	(95, 0.020490644960714486)	(100, 0.0)	(105, 0.01483836777954425)	(110, 0.01483836777954425)	(115, 0.016251545663310368)	(120, 0.0)	(125, 0.019784490372725665)	(130, 0.03815580286168522)	(135, 0.0)	(140, 0.022610846140257906)	(145, 0.02543720190779014)	(150, 0.0042395336512983575)	(155, 0.040982158629217454)	(160, 0.012012012012012012)	(165, 0.0035329447094152974)	(170, 0.01907790143084261)	(175, 0.01554495672142731)	(180, 0.0)	(185, 0.0035329447094152974)	(190, 0.036036036036036036)	(195, 0.01413177883766119)	(200, 0.007772478360713655)	(205, 0.03744921391980216)	(210, 0.008479067302596715)	(215, 0.0007065889418830596)	(220, 0.0007065889418830596)	(225, 0.0028263557675322383)	(230, 0.0)	(235, 0.0)	(240, 0.0014131778837661192)	(245, 0.0042395336512983575)	(250, 0.004946122593181416)	(255, 0.004946122593181416)	(260, 0.0077725882012111116)	(265, 0.0035330695308083662)	(270, 0.012719050310910118)	(275, 0.02402487280949689)	(280, 0.007772752967778407)	(285, 0.031091011871113627)	(290, 0.03391746749576032)	(295, 0.0)	(300, 0.0)
603A0_S13_L001_R1_001	(1, 0.00506380392951185)	(2, 0.00506380392951185)	(3, 0.025319019647559244)	(4, 0.0101276078590237)	(5, 0.00506380392951185)	(6, 0.00506380392951185)	(7, 0.00506380392951185)	(8, 0.00506380392951185)	(9, 0.00506380392951185)	(10, 0.00506380392951185)	(15, 0.00506380392951185)	(20, 0.00506380392951185)	(25, 0.00506380392951185)	(30, 0.006076564715414219)	(35, 0.00405120725976341)	(40, 0.0)	(45, 0.0020256241454398136)	(50, 0.0010128120727199068)	(55, 0.0010128120727199068)	(60, 0.0010128531059140492)	(65, 0.0010129146619397315)	(70, 0.0020259114068941764)	(75, 0.008103727714748784)	(80, 0.0)	(85, 0.0)	(90, 0.0)	(95, 0.001012965964343598)	(100, 0.01012965964343598)	(105, 0.004051863857374392)	(110, 0.0)	(115, 0.001012965964343598)	(120, 0.002025931928687196)	(125, 0.006077795786061588)	(130, 0.0030390210300255275)	(135, 0.00303905181583346)	(140, 0.00303905181583346)	(145, 0.0)	(150, 0.0)	(155, 0.00607810363166692)	(160, 0.00303905181583346)	(165, 0.0)	(170, 0.0)	(175, 0.013169224535278327)	(180, 0.008104138175555893)	(185, 0.0)	(190, 0.010130172719444866)	(195, 0.011143641539443427)	(200, 0.0)	(205, 0.0)	(210, 0.0)	(215, 0.0)	(220, 0.0)	(225, 0.023304118749683366)	(230, 0.007092557880338416)	(235, 0.0)	(240, 0.0)	(245, 0.01621156086934495)	(250, 0.04154212472769644)	(255, 0.0)	(260, 0.0)	(265, 0.001013273887931908)	(270, 0.006079643327591448)	(275, 0.001013273887931908)	(280, 0.0)	(285, 0.0)	(290, 0.0)	(295, 0.0)	(300, 0.0)
603A0_S13_L001_R2_001	(1, 0.0101276078590237)	(2, 0.00506380392951185)	(3, 0.00506380392951185)	(4, 0.00506380392951185)	(5, 0.00506380392951185)	(6, 0.00506380392951185)	(7, 0.00506380392951185)	(8, 0.00506380392951185)	(9, 0.00506380392951185)	(10, 0.00506380392951185)	(15, 0.02126797650394977)	(20, 0.0101276078590237)	(25, 0.00506380392951185)	(30, 0.00506380392951185)	(35, 0.00405120725976341)	(40, 0.004051248290879627)	(45, 0.008102496581759254)	(50, 0.0)	(55, 0.0)	(60, 0.003038559317742148)	(65, 0.002025829323879463)	(70, 0.0)	(75, 0.002025931928687196)	(80, 0.00506482982171799)	(85, 0.0)	(90, 0.0)	(95, 0.006077795786061588)	(100, 0.0)	(105, 0.00303905181583346)	(110, 0.0020260345438889733)	(115, 0.0040520690877779465)	(120, 0.0)	(125, 0.008104138175555893)	(130, 0.013169224535278327)	(135, 0.0)	(140, 0.005065086359722433)	(145, 0.013169224535278327)	(150, 0.0)	(155, 0.017221293623056272)	(160, 0.00303905181583346)	(165, 0.0)	(170, 0.0)	(175, 0.0)	(180, 0.0)	(185, 0.0020260345438889733)	(190, 0.0151952590791673)	(195, 0.0010130583217675842)	(200, 0.003039359708221468)	(205, 0.02228886367320473)	(210, 0.005066112771670297)	(215, 0.0)	(220, 0.0)	(225, 0.0)	(230, 0.0)	(235, 0.0)	(240, 0.0)	(245, 0.0)	(250, 0.0)	(255, 0.0)	(260, 0.0)	(265, 0.0)	(270, 0.010132225543340595)	(275, 0.007092557880338416)	(280, 0.0010132225543340594)	(285, 0.01722478342367901)	(290, 0.005066266769343007)	(295, 0.0)	(300, 0.0)
603A14_S14_L001_R1_001	(1, 0.005042355788624445)	(2, 0.005042355788624445)	(3, 0.02016942315449778)	(4, 0.005042355788624445)	(5, 0.005042355788624445)	(6, 0.005042355788624445)	(7, 0.005042355788624445)	(8, 0.005042355788624445)	(9, 0.005042355788624445)	(10, 0.005042355788624445)	(15, 0.005042355788624445)	(20, 0.005042355788624445)	(25, 0.005042355788624445)	(30, 0.008067769261799113)	(35, 0.0020170236798580012)	(40, 0.0)	(45, 0.00100852201099289)	(50, 0.001008532182261936)	(55, 0.0010085728693898135)	(60, 0.008069152638108592)	(65, 0.003026023804720597)	(70, 0.00403469840629413)	(75, 0.007060722211014726)	(80, 0.0)	(85, 0.0)	(90, 0.0)	(95, 0.0060526581256935335)	(100, 0.02017552708564511)	(105, 0.007061434479975789)	(110, 0.0)	(115, 0.005044136191677175)	(120, 0.009079445145018916)	(125, 0.00605296343001261)	(130, 0.003026481715006305)	(135, 0.009079445145018916)	(140, 0.007061790668348045)	(145, 0.0)	(150, 0.0)	(155, 0.009079445145018916)	(160, 0.01008827238335435)	(165, 0.0)	(170, 0.003026481715006305)	(175, 0.021185372005044136)	(180, 0.019167717528373266)	(185, 0.0)	(190, 0.021185372005044136)	(195, 0.02824716267339218)	(200, 0.0)	(205, 0.0)	(210, 0.0)	(215, 0.0)	(220, 0.0)	(225, 0.03833543505674653)	(230, 0.00807061790668348)	(235, 0.0)	(240, 0.0)	(245, 0.023203026481715006)	(250, 0.07465321563682219)	(255, 0.0)	(260, 0.0)	(265, 0.00201765447667087)	(270, 0.013114754098360657)	(275, 0.00201765447667087)	(280, 0.0)	(285, 0.0)	(290, 0.0)	(295, 0.0030333363666697)	(300, 0.0031171098157788102)
603A14_S14_L001_R2_001	(1, 0.025211778943122227)	(2, 0.005042355788624445)	(3, 0.005042355788624445)	(4, 0.005042355788624445)	(5, 0.005042355788624445)	(6, 0.005042355788624445)	(7, 0.005042355788624445)	(8, 0.005042355788624445)	(9, 0.005042355788624445)	(10, 0.005042355788624445)	(15, 0.024203307785397338)	(20, 0.012101653892698669)	(25, 0.005042355788624445)	(30, 0.005042355788624445)	(35, 0.008068094719432005)	(40, 0.006051132065957339)	(45, 0.013110786142907569)	(50, 0.0)	(55, 0.004034494931665742)	(60, 0.006052169702838468)	(65, 0.012104705704342562)	(70, 0.0010087254753618803)	(75, 0.0020174509507237606)	(80, 0.014122156655066323)	(85, 0.0)	(90, 0.004035064712350324)	(95, 0.013114754098360657)	(100, 0.0)	(105, 0.01008827238335435)	(110, 0.011097099621689786)	(115, 0.026229508196721315)	(120, 0.0)	(125, 0.015132408575031526)	(130, 0.037326607818411094)	(135, 0.0)	(140, 0.0201765447667087)	(145, 0.02219419924337957)	(150, 0.00201765447667087)	(155, 0.04136191677175284)	(160, 0.011097099621689786)	(165, 0.003026481715006305)	(170, 0.013114754098360657)	(175, 0.013114754098360657)	(180, 0.0)	(185, 0.00201765447667087)	(190, 0.029255989911727613)	(195, 0.01412358133669609)	(200, 0.007061790668348045)	(205, 0.03430012610340479)	(210, 0.00807061790668348)	(215, 0.0)	(220, 0.0)	(225, 0.0)	(230, 0.0)	(235, 0.0)	(240, 0.0)	(245, 0.00403530895334174)	(250, 0.00201765447667087)	(255, 0.0)	(260, 0.003026481715006305)	(265, 0.003026481715006305)	(270, 0.011097099621689786)	(275, 0.026229508196721315)	(280, 0.007061790668348045)	(285, 0.029255989911727613)	(290, 0.02824716267339218)	(295, 0.0)	(300, 0.0)
603B0_S15_L001_R1_001	(1, 0.008826904404625299)	(2, 0.008826904404625299)	(3, 0.035307617618501194)	(4, 0.008826904404625299)	(5, 0.008826904404625299)	(6, 0.008826904404625299)	(7, 0.013240356606937948)	(8, 0.008826904404625299)	(9, 0.008826904404625299)	(10, 0.008826904404625299)	(15, 0.008826904404625299)	(20, 0.008826904404625299)	(25, 0.008826904404625299)	(30, 0.012357666166475418)	(35, 0.005296516657544888)	(40, 0.0)	(45, 0.0017655367231638418)	(50, 0.0026483050847457626)	(55, 0.0017655367231638418)	(60, 0.007945055527110294)	(65, 0.0052968439638048995)	(70, 0.0026484219819024497)	(75, 0.010593687927609799)	(80, 0.0)	(85, 0.0)	(90, 0.0)	(95, 0.0026484219819024497)	(100, 0.011476495254910617)	(105, 0.0026484453625721703)	(110, 0.0)	(115, 0.0017656925929195727)	(120, 0.002648538889379359)	(125, 0.006179924075218504)	(130, 0.0035313851858391455)	(135, 0.0044143873713206085)	(140, 0.0026486558071778573)	(145, 0.0)	(150, 0.0)	(155, 0.006180196883415001)	(160, 0.0044144263452964285)	(165, 0.0)	(170, 0.0)	(175, 0.013243279035889286)	(180, 0.007945967421533572)	(185, 0.0)	(190, 0.011477508497770714)	(195, 0.015009447122600696)	(200, 0.0)	(205, 0.0)	(210, 0.0)	(215, 0.0)	(220, 0.0)	(225, 0.021192988652920658)	(230, 0.0070643295509735535)	(235, 0.0008830411938716942)	(240, 0.0)	(245, 0.015894741489690493)	(250, 0.03532164775486776)	(255, 0.0)	(260, 0.0)	(265, 0.0017660823877433884)	(270, 0.0052982471632301645)	(275, 0.0008830411938716942)	(280, 0.0)	(285, 0.0)	(290, 0.0)	(295, 0.0)	(300, 0.0)
603B0_S15_L001_R2_001	(1, 0.017653808809250597)	(2, 0.008826904404625299)	(3, 0.008826904404625299)	(4, 0.008826904404625299)	(5, 0.008826904404625299)	(6, 0.008826904404625299)	(7, 0.008826904404625299)	(8, 0.008826904404625299)	(9, 0.008826904404625299)	(10, 0.008826904404625299)	(15, 0.025598022773413363)	(20, 0.015888427928325535)	(25, 0.008826904404625299)	(30, 0.008826904404625299)	(35, 0.007944774986317332)	(40, 0.0035310734463276836)	(45, 0.007944915254237288)	(50, 0.0)	(55, 0.0)	(60, 0.005296703684740197)	(65, 0.007062458618406532)	(70, 0.0)	(75, 0.0008828073273008165)	(80, 0.005296890725144341)	(85, 0.0)	(90, 0.002648538889379359)	(95, 0.010594155557517436)	(100, 0.0)	(105, 0.004414270453522147)	(110, 0.005297311614355715)	(115, 0.007945967421533572)	(120, 0.0)	(125, 0.01059462322871143)	(130, 0.015009049574007857)	(135, 0.0)	(140, 0.006180469715698394)	(145, 0.01677556065689564)	(150, 0.0)	(155, 0.02030725763729472)	(160, 0.005297545470598623)	(165, 0.0)	(170, 0.005297545470598623)	(175, 0.004414621225498852)	(180, 0.0)	(185, 0.0035316969803990813)	(190, 0.021190181882394493)	(195, 0.0035316969803990813)	(200, 0.0044148161229084805)	(205, 0.023840007063705797)	(210, 0.0052982471632301645)	(215, 0.0)	(220, 0.0)	(225, 0.0)	(230, 0.0)	(235, 0.0)	(240, 0.0)	(245, 0.0)	(250, 0.0)	(255, 0.0)	(260, 0.0)	(265, 0.0008830411938716942)	(270, 0.007947370744845247)	(275, 0.006181288357101859)	(280, 0.0017660823877433884)	(285, 0.016777782683562188)	(290, 0.009713453132588635)	(295, 0.0)	(300, 0.0)
603B14_S16_L001_R1_001	(1, 0.0043485823621499395)	(2, 0.0043485823621499395)	(3, 0.021742911810749693)	(4, 0.008697164724299879)	(5, 0.0043485823621499395)	(6, 0.0043485823621499395)	(7, 0.0043485823621499395)	(8, 0.0043485823621499395)	(9, 0.0043485823621499395)	(10, 0.0043485823621499395)	(15, 0.0043485823621499395)	(20, 0.0043485823621499395)	(25, 0.0043485823621499395)	(30, 0.00782744825186989)	(35, 0.006088227108266073)	(40, 0.0)	(45, 0.0026093763590501868)	(50, 0.0017396145014264839)	(55, 0.0017396598964902362)	(60, 0.008698753468627946)	(65, 0.0034798343598844697)	(70, 0.0017399625908042975)	(75, 0.007829831658619339)	(80, 0.0008699812954021487)	(85, 0.0)	(90, 0.0)	(95, 0.0017399625908042975)	(100, 0.012179738135630084)	(105, 0.007829831658619339)	(110, 0.0)	(115, 0.003479925181608595)	(120, 0.004349906477010744)	(125, 0.006089869067815042)	(130, 0.0026099438862064463)	(135, 0.003479925181608595)	(140, 0.004349906477010744)	(145, 0.0)	(150, 0.0)	(155, 0.004349906477010744)	(160, 0.0026099438862064463)	(165, 0.0)	(170, 0.0017399625908042975)	(175, 0.011309756840227935)	(180, 0.006089869067815042)	(185, 0.0)	(190, 0.011310150425000652)	(195, 0.013920306246737428)	(200, 0.0)	(205, 0.0)	(210, 0.0)	(215, 0.0)	(220, 0.0)	(225, 0.017400382808421787)	(230, 0.003480227954931048)	(235, 0.000870056988732762)	(240, 0.0)	(245, 0.010440683864793144)	(250, 0.045242963414103624)	(255, 0.0)	(260, 0.0)	(265, 0.003480227954931048)	(270, 0.011310740853525906)	(275, 0.001740113977465524)	(280, 0.0)	(285, 0.0)	(290, 0.0)	(295, 0.0)	(300, 0.0)
603B14_S16_L001_R2_001	(1, 0.017394329448599758)	(2, 0.0043485823621499395)	(3, 0.0043485823621499395)	(4, 0.0043485823621499395)	(5, 0.0043485823621499395)	(6, 0.0043485823621499395)	(7, 0.0043485823621499395)	(8, 0.0043485823621499395)	(9, 0.0043485823621499395)	(10, 0.0043485823621499395)	(15, 0.014785180031309793)	(20, 0.00782744825186989)	(25, 0.0043485823621499395)	(30, 0.0043485823621499395)	(35, 0.0034789869190091846)	(40, 0.0026093082723769928)	(45, 0.00608854483778377)	(50, 0.0)	(55, 0.0017396598964902362)	(60, 0.003479501387451178)	(65, 0.0060899750311023725)	(70, 0.0008700191404210892)	(75, 0.0008700191404210892)	(80, 0.006960153123368714)	(85, 0.0)	(90, 0.003480076561684357)	(95, 0.006960153123368714)	(100, 0.0)	(105, 0.006090133982947625)	(110, 0.008700191404210893)	(115, 0.007830172263789802)	(120, 0.0)	(125, 0.006960153123368714)	(130, 0.015660344527579605)	(135, 0.0)	(140, 0.01131024882547416)	(145, 0.01044022968505307)	(150, 0.0008700191404210892)	(155, 0.017400382808421787)	(160, 0.0017400382808421785)	(165, 0.0008700191404210892)	(170, 0.006960153123368714)	(175, 0.005220114842526535)	(180, 0.0)	(185, 0.0017400382808421785)	(190, 0.013050741282104823)	(195, 0.003480227954931048)	(200, 0.002610170966198286)	(205, 0.01740113977465524)	(210, 0.001740113977465524)	(215, 0.0)	(220, 0.0)	(225, 0.0)	(230, 0.0008700948403375968)	(235, 0.0008700948403375968)	(240, 0.0)	(245, 0.0017401896806751936)	(250, 0.0)	(255, 0.0008700948403375968)	(260, 0.0017401896806751936)	(265, 0.0017401896806751936)	(270, 0.005220569042025581)	(275, 0.007830853563038372)	(280, 0.0026102845210127907)	(285, 0.020882276168102325)	(290, 0.01131123292438876)	(295, 0.0)	(300, 0.0)
607A0_S5_L001_R1_001	(1, 0.0038915048449235322)	(2, 0.0038915048449235322)	(3, 0.015566019379694129)	(4, 0.0077830096898470645)	(5, 0.0038915048449235322)	(6, 0.0038915048449235322)	(7, 0.0038915048449235322)	(8, 0.0038915048449235322)	(9, 0.0038915048449235322)	(10, 0.0038915048449235322)	(15, 0.0038915048449235322)	(20, 0.0038915048449235322)	(25, 0.0038915048449235322)	(30, 0.0038915048449235322)	(35, 0.000778325199834995)	(40, 0.0)	(45, 0.0)	(50, 0.0)	(55, 0.0)	(60, 0.0)	(65, 0.0)	(70, 0.0015568442766512281)	(75, 0.0023352664149768423)	(80, 0.0007784221383256141)	(85, 0.0)	(90, 0.0)	(95, 0.0023353936695262264)	(100, 0.0023355209379452087)	(105, 0.0031140521603736865)	(110, 0.0)	(115, 0.0007785130400934216)	(120, 0.0023355391202802647)	(125, 0.004671078240560529)	(130, 0.0015570260801868433)	(135, 0.0015570260801868433)	(140, 0.00389268642075269)	(145, 0.0)	(150, 0.0)	(155, 0.0023356300362022656)	(160, 0.003114173381603021)	(165, 0.0)	(170, 0.0007785433454007552)	(175, 0.007006890108606796)	(180, 0.0038927167270037762)	(185, 0.0)	(190, 0.007006890108606796)	(195, 0.007006890108606796)	(200, 0.0)	(205, 0.0)	(210, 0.0)	(215, 0.0)	(220, 0.0)	(225, 0.010900455483318411)	(230, 0.0031144158523766885)	(235, 0.0015572079261883442)	(240, 0.0007786100253826868)	(245, 0.00700770847932726)	(250, 0.02102312543798178)	(255, 0.0007786342754808066)	(260, 0.0)	(265, 0.0)	(270, 0.0031146583609110374)	(275, 0.0007786645902277593)	(280, 0.0)	(285, 0.0)	(290, 0.0)	(295, 0.0007805060801423644)	(300, 0.0)
607A0_S5_L001_R2_001	(1, 0.011674514534770595)	(2, 0.0038915048449235322)	(3, 0.0038915048449235322)	(4, 0.0038915048449235322)	(5, 0.0038915048449235322)	(6, 0.0038915048449235322)	(7, 0.0038915048449235322)	(8, 0.0038915048449235322)	(9, 0.0038915048449235322)	(10, 0.0038915048449235322)	(15, 0.011674514534770595)	(20, 0.006226407751877651)	(25, 0.0038915048449235322)	(30, 0.0038915048449235322)	(35, 0.000778325199834995)	(40, 0.0007783554905196301)	(45, 0.0031134461957579296)	(50, 0.0)	(55, 0.0015567352149072964)	(60, 0.0007784100196937736)	(65, 0.0031136885533024562)	(70, 0.0007784221383256141)	(75, 0.0)	(80, 0.00389211069162807)	(85, 0.0)	(90, 0.002335357309668379)	(95, 0.004670787339052453)	(100, 0.0)	(105, 0.0031140521603736865)	(110, 0.0023355391202802647)	(115, 0.0007785130400934216)	(120, 0.0)	(125, 0.0038925652004671075)	(130, 0.007785130400934215)	(135, 0.0)	(140, 0.00389268642075269)	(145, 0.007006890108606796)	(150, 0.0007785433454007552)	(155, 0.012456693526412084)	(160, 0.003114173381603021)	(165, 0.0007785433454007552)	(170, 0.003114173381603021)	(175, 0.003114173381603021)	(180, 0.0)	(185, 0.0)	(190, 0.007006890108606796)	(195, 0.003114173381603021)	(200, 0.0023356300362022656)	(205, 0.012456887490949291)	(210, 0.0038928682653379012)	(215, 0.0)	(220, 0.0)	(225, 0.0)	(230, 0.0)	(235, 0.0)	(240, 0.0)	(245, 0.0)	(250, 0.0015573291804555187)	(255, 0.0007786645902277593)	(260, 0.0015573291804555187)	(265, 0.0007786645902277593)	(270, 0.003893322951138797)	(275, 0.003893322951138797)	(280, 0.0015573291804555187)	(285, 0.01323729803387191)	(290, 0.007786645902277594)	(295, 0.0)	(300, 0.0)
607A14_S6_L001_R1_001	(1, 0.0)	(2, 0.0)	(3, 0.0152353867248997)	(4, 0.0)	(5, 0.0)	(6, 0.0)	(7, 0.0)	(8, 0.0)	(9, 0.0)	(10, 0.0)	(15, 0.0)	(20, 0.0)	(25, 0.0)	(30, 0.0010156924483266468)	(35, 0.0010156924483266468)	(40, 0.0)	(45, 0.0)	(50, 0.002031591243841739)	(55, 0.0010157956219208695)	(60, 0.0010157956219208695)	(65, 0.0010158059404331398)	(70, 0.0030475416497358796)	(75, 0.0050792360828931325)	(80, 0.0010158472165786264)	(85, 0.0)	(90, 0.0)	(95, 0.0030475416497358796)	(100, 0.008126777732629011)	(105, 0.002031694433157253)	(110, 0.0)	(115, 0.0)	(120, 0.0040638016864777)	(125, 0.009143553794574825)	(130, 0.001015950421619425)	(135, 0.00203190084323885)	(140, 0.00203190084323885)	(145, 0.0)	(150, 0.0)	(155, 0.005079752108097125)	(160, 0.005079752108097125)	(165, 0.0)	(170, 0.003047851264858275)	(175, 0.0162552067459108)	(180, 0.01015950421619425)	(185, 0.0)	(190, 0.016257684296093075)	(195, 0.017273789564598893)	(200, 0.0)	(205, 0.0)	(210, 0.0)	(215, 0.0)	(220, 0.0)	(225, 0.02337279609775926)	(230, 0.005081042629947665)	(235, 0.0)	(240, 0.0)	(245, 0.01727554494182206)	(250, 0.05284284335145572)	(255, 0.001016208525989533)	(260, 0.0)	(265, 0.001016208525989533)	(270, 0.006097251155937199)	(275, 0.001016208525989533)	(280, 0.0)	(285, 0.0)	(290, 0.0)	(295, 0.0010175631397928242)	(300, 0.006581112207963146)
607A14_S6_L001_R2_001	(1, 0.0152353867248997)	(2, 0.0)	(3, 0.0)	(4, 0.0)	(5, 0.0)	(6, 0.0)	(7, 0.0)	(8, 0.0)	(9, 0.0)	(10, 0.0)	(15, 0.01828246406987964)	(20, 0.004062769793306587)	(25, 0.0)	(30, 0.0)	(35, 0.0010156924483266468)	(40, 0.00304707734497994)	(45, 0.013204404176654614)	(50, 0.0)	(55, 0.005078978109604348)	(60, 0.005078978109604348)	(65, 0.0050790297021656985)	(70, 0.0)	(75, 0.0)	(80, 0.007110930516050385)	(85, 0.0)	(90, 0.0050792360828931325)	(95, 0.010158472165786265)	(100, 0.0)	(105, 0.009142624949207638)	(110, 0.01117443289753045)	(115, 0.005079752108097125)	(120, 0.0)	(125, 0.014223305902671948)	(130, 0.0203190084323885)	(135, 0.0)	(140, 0.0162552067459108)	(145, 0.017271157167530225)	(150, 0.00203190084323885)	(155, 0.03149446307020218)	(160, 0.009143553794574825)	(165, 0.001015950421619425)	(170, 0.0121914050594331)	(175, 0.01015950421619425)	(180, 0.0)	(185, 0.001015950421619425)	(190, 0.028449502133712664)	(195, 0.00406421459053038)	(200, 0.006096631611034903)	(205, 0.037595894934715234)	(210, 0.008128842148046538)	(215, 0.0)	(220, 0.0)	(225, 0.0)	(230, 0.0)	(235, 0.0)	(240, 0.0)	(245, 0.0)	(250, 0.00101615689462453)	(255, 0.0)	(260, 0.00203231378924906)	(265, 0.00101615689462453)	(270, 0.00812925515699624)	(275, 0.01117772584086983)	(280, 0.00304847068387359)	(285, 0.02337160857636419)	(290, 0.01625851031399248)	(295, 0.0)	(300, 0.0)
607B0_S7_L001_R1_001	(1, 0.009341865570554438)	(2, 0.004670932785277219)	(3, 0.0233546639263861)	(4, 0.004670932785277219)	(5, 0.004670932785277219)	(6, 0.004670932785277219)	(7, 0.004670932785277219)	(8, 0.004670932785277219)	(9, 0.004670932785277219)	(10, 0.004670932785277219)	(15, 0.004670932785277219)	(20, 0.004670932785277219)	(25, 0.004670932785277219)	(30, 0.007473492456443551)	(35, 0.004671107332704291)	(40, 0.0)	(45, 0.005605381165919282)	(50, 0.001868460388639761)	(55, 0.001868460388639761)	(60, 0.007473981202937274)	(65, 0.002802821506983697)	(70, 0.005605643013967394)	(75, 0.011211286027934787)	(80, 0.0018685476713224645)	(85, 0.0)	(90, 0.0)	(95, 0.004671369178306161)	(100, 0.010277012192273557)	(105, 0.010277012192273557)	(110, 0.0)	(115, 0.005605643013967394)	(120, 0.010277012192273557)	(125, 0.013079833699257252)	(130, 0.004671369178306161)	(135, 0.005605643013967394)	(140, 0.009342738356612323)	(145, 0.0)	(150, 0.0)	(155, 0.00840846452095109)	(160, 0.007474190685289858)	(165, 0.0)	(170, 0.002802821506983697)	(175, 0.025225393562853273)	(180, 0.01681692904190218)	(185, 0.0)	(190, 0.023357937027001775)	(195, 0.026160889470241987)	(200, 0.0)	(205, 0.0)	(210, 0.0)	(215, 0.0)	(220, 0.0)	(225, 0.028032143524574844)	(230, 0.007475238273219959)	(235, 0.0009344047841524949)	(240, 0.0)	(245, 0.015884881330592415)	(250, 0.05139226312838722)	(255, 0.0018688095683049898)	(260, 0.0)	(265, 0.0009344047841524949)	(270, 0.015884881330592415)	(275, 0.004672023920762474)	(280, 0.0)	(285, 0.0)	(290, 0.0)	(295, 0.00280649235230834)	(300, 0.009078804018883913)
607B0_S7_L001_R2_001	(1, 0.018683731141108877)	(2, 0.004670932785277219)	(3, 0.004670932785277219)	(4, 0.004670932785277219)	(5, 0.004670932785277219)	(6, 0.004670932785277219)	(7, 0.004670932785277219)	(8, 0.004670932785277219)	(9, 0.004670932785277219)	(10, 0.004670932785277219)	(15, 0.02428885048344154)	(20, 0.010276052127609884)	(25, 0.004670932785277219)	(30, 0.004670932785277219)	(35, 0.0037368858661634328)	(40, 0.004671150971599402)	(45, 0.015881913303437967)	(50, 0.0)	(55, 0.002802690582959641)	(60, 0.005605485902202956)	(65, 0.010277012192273557)	(70, 0.0009342738356612323)	(75, 0.002802821506983697)	(80, 0.011211286027934787)	(85, 0.0)	(90, 0.00840846452095109)	(95, 0.013079833699257252)	(100, 0.0)	(105, 0.014948381370579716)	(110, 0.013079833699257252)	(115, 0.01681692904190218)	(120, 0.0)	(125, 0.017751202877563415)	(130, 0.030831036576820663)	(135, 0.0)	(140, 0.01588265520624095)	(145, 0.01681692904190218)	(150, 0.002802821506983697)	(155, 0.03923950109777176)	(160, 0.010277012192273557)	(165, 0.002802821506983697)	(170, 0.017751202877563415)	(175, 0.01214555986359602)	(180, 0.0)	(185, 0.002802821506983697)	(190, 0.032701111837802485)	(195, 0.011211809772960851)	(200, 0.007475098577862495)	(205, 0.039245000934404785)	(210, 0.007475238273219959)	(215, 0.0)	(220, 0.0)	(225, 0.0009344047841524949)	(230, 0.0)	(235, 0.0)	(240, 0.0)	(245, 0.006540833489067463)	(250, 0.0028032143524574847)	(255, 0.0028032143524574847)	(260, 0.008409643057372454)	(265, 0.004672023920762474)	(270, 0.007475238273219959)	(275, 0.020556905251354885)	(280, 0.006540833489067463)	(285, 0.023360119603812374)	(290, 0.030835357877032333)	(295, 0.0)	(300, 0.0)
607B14_S8_L001_R1_001	(1, 0.0)	(2, 0.0)	(3, 0.004349528076203732)	(4, 0.0)	(5, 0.0)	(6, 0.0)	(7, 0.0)	(8, 0.0)	(9, 0.0)	(10, 0.0)	(15, 0.0)	(20, 0.0)	(25, 0.0)	(30, 0.005219433691444479)	(35, 0.006089445251537585)	(40, 0.0)	(45, 0.003479925181608595)	(50, 0.003479925181608595)	(55, 0.0026099438862064463)	(60, 0.008700342793506064)	(65, 0.004350436348765781)	(70, 0.006090663882363177)	(75, 0.013051422605063952)	(80, 0.0008700948403375968)	(85, 0.0)	(90, 0.0)	(95, 0.005220569042025581)	(100, 0.017401896806751936)	(105, 0.01131123292438876)	(110, 0.0)	(115, 0.006090663882363177)	(120, 0.006960758722700774)	(125, 0.009571043243713565)	(130, 0.004350474201687984)	(135, 0.006960758722700774)	(140, 0.006090663882363177)	(145, 0.0)	(150, 0.0)	(155, 0.008700948403375968)	(160, 0.007830853563038372)	(165, 0.0)	(170, 0.0017401896806751936)	(175, 0.02001270371627207)	(180, 0.013051990428540354)	(185, 0.0)	(190, 0.01653252120948445)	(195, 0.021753317380900587)	(200, 0.0)	(205, 0.0)	(210, 0.0)	(215, 0.0)	(220, 0.0)	(225, 0.0278503046127067)	(230, 0.006092254134029591)	(235, 0.0008703220191470844)	(240, 0.0)	(245, 0.01827676240208877)	(250, 0.04960835509138381)	(255, 0.0)	(260, 0.0)	(265, 0.0008703220191470844)	(270, 0.014795474325500437)	(275, 0.0026109660574412533)	(280, 0.0)	(285, 0.0)	(290, 0.0)	(295, 0.0026144474365342885)	(300, 0.00256535235114543)
607B14_S8_L001_R2_001	(1, 0.013048584228611196)	(2, 0.0)	(3, 0.0)	(4, 0.0)	(5, 0.0)	(6, 0.0)	(7, 0.0)	(8, 0.0)	(9, 0.0)	(10, 0.0)	(15, 0.020877734765777915)	(20, 0.006959244921925971)	(25, 0.0)	(30, 0.0)	(35, 0.007829286751976895)	(40, 0.005219751539826704)	(45, 0.011309756840227935)	(50, 0.0)	(55, 0.003479925181608595)	(60, 0.001740068558701213)	(65, 0.009570959967284718)	(70, 0.0017401896806751936)	(75, 0.0008700948403375968)	(80, 0.010441138084051163)	(85, 0.0)	(90, 0.004350474201687984)	(95, 0.010441138084051163)	(100, 0.0)	(105, 0.008700948403375968)	(110, 0.006960758722700774)	(115, 0.013921517445401549)	(120, 0.0)	(125, 0.01131123292438876)	(130, 0.023492560689115115)	(135, 0.0)	(140, 0.008700948403375968)	(145, 0.013921517445401549)	(150, 0.0017401896806751936)	(155, 0.026102845210127904)	(160, 0.005220569042025581)	(165, 0.0008700948403375968)	(170, 0.007830853563038372)	(175, 0.007831057975932549)	(180, 0.0)	(185, 0.0017402653904720468)	(190, 0.020013051990428538)	(195, 0.009571459647596259)	(200, 0.004350663476180117)	(205, 0.024364139467295494)	(210, 0.006091989034419738)	(215, 0.0)	(220, 0.0)	(225, 0.002610852443322745)	(230, 0.0008702841477742483)	(235, 0.0017405682955484965)	(240, 0.0008702841477742483)	(245, 0.006091989034419738)	(250, 0.003481136591096993)	(255, 0.003481136591096993)	(260, 0.006091989034419738)	(265, 0.002610852443322745)	(270, 0.008702841477742484)	(275, 0.013924546364387972)	(280, 0.002610852443322745)	(285, 0.02436795613767895)	(290, 0.0208873648848584)	(295, 0.0)	(300, 0.0)
610A0_S21_L001_R1_001	(1, 0.0)	(2, 0.0)	(3, 0.01284081667594059)	(4, 0.0)	(5, 0.0)	(6, 0.0)	(7, 0.0)	(8, 0.0)	(9, 0.0)	(10, 0.0)	(15, 0.0)	(20, 0.0)	(25, 0.0)	(30, 0.000856054445062706)	(35, 0.003424217780250824)	(40, 0.0)	(45, 0.000856054445062706)	(50, 0.0025681633351881178)	(55, 0.0017121528610074307)	(60, 0.002568317238545305)	(65, 0.004280638671289757)	(70, 0.0008561717137989195)	(75, 0.009418211396035788)	(80, 0.0)	(85, 0.0)	(90, 0.0)	(95, 0.003424950766332734)	(100, 0.012844005274604832)	(105, 0.0025689330364788493)	(110, 0.0)	(115, 0.003425390708627703)	(120, 0.0017126953543138515)	(125, 0.003425390708627703)	(130, 0.0025690430314707774)	(135, 0.003425390708627703)	(140, 0.004281738385784628)	(145, 0.0)	(150, 0.0)	(155, 0.003425390708627703)	(160, 0.005138086062941555)	(165, 0.0)	(170, 0.0)	(175, 0.009419824448726183)	(180, 0.006850781417255406)	(185, 0.0)	(190, 0.010276612143530017)	(195, 0.017984071251177527)	(200, 0.0)	(205, 0.0)	(210, 0.0)	(215, 0.0)	(220, 0.0)	(225, 0.020554984583761562)	(230, 0.004282288454950325)	(235, 0.0)	(240, 0.0)	(245, 0.016272696128811236)	(250, 0.05310037684138403)	(255, 0.0)	(260, 0.0)	(265, 0.0025693730729701952)	(270, 0.011133949982870846)	(275, 0.0025693730729701952)	(280, 0.0)	(285, 0.0)	(290, 0.0)	(295, 0.0008593427746459508)	(300, 0.0026047093144405085)
610A0_S21_L001_R2_001	(1, 0.01712108890125412)	(2, 0.0)	(3, 0.0)	(4, 0.0)	(5, 0.0)	(6, 0.0)	(7, 0.0)	(8, 0.0)	(9, 0.0)	(10, 0.0)	(15, 0.01284081667594059)	(20, 0.00428027222531353)	(25, 0.0)	(30, 0.0)	(35, 0.00428027222531353)	(40, 0.0025681633351881178)	(45, 0.0051363266703762355)	(50, 0.0)	(55, 0.0)	(60, 0.004280528730908842)	(65, 0.0017122554685159027)	(70, 0.0)	(75, 0.0017124020720065071)	(80, 0.007705875301813449)	(85, 0.0)	(90, 0.001712475383166367)	(95, 0.003424950766332734)	(100, 0.0)	(105, 0.00256882305090551)	(110, 0.00256882305090551)	(115, 0.009419017853320203)	(120, 0.0)	(125, 0.008562743503018368)	(130, 0.0162692126557349)	(135, 0.0)	(140, 0.009419017853320203)	(145, 0.011987840904225715)	(150, 0.0008562743503018368)	(155, 0.0162692126557349)	(160, 0.00513764610181102)	(165, 0.0017125487006036735)	(170, 0.005993920452112857)	(175, 0.004281371751509184)	(180, 0.0)	(185, 0.0025688890411193505)	(190, 0.015413598218873094)	(195, 0.004281555060798081)	(200, 0.0025689330364788493)	(205, 0.017126220243192325)	(210, 0.003425390708627703)	(215, 0.0)	(220, 0.0)	(225, 0.0)	(230, 0.0)	(235, 0.0)	(240, 0.0017126953543138515)	(245, 0.0025690430314707774)	(250, 0.0008563476771569257)	(255, 0.0017126953543138515)	(260, 0.005138086062941555)	(265, 0.0017126953543138515)	(270, 0.005138086062941555)	(275, 0.011988867480196959)	(280, 0.0025690430314707774)	(285, 0.023121387283236993)	(290, 0.011988867480196959)	(295, 0.0)	(300, 0.0)
610A14_S22_L001_R1_001	(1, 0.004094333442515558)	(2, 0.004094333442515558)	(3, 0.008188666885031117)	(4, 0.012283000327546674)	(5, 0.004094333442515558)	(6, 0.004094333442515558)	(7, 0.004094333442515558)	(8, 0.004094333442515558)	(9, 0.004094333442515558)	(10, 0.004094333442515558)	(15, 0.004094333442515558)	(20, 0.004094333442515558)	(25, 0.004094333442515558)	(30, 0.004094333442515558)	(35, 0.0008188935110878181)	(40, 0.0)	(45, 0.0)	(50, 0.0)	(55, 0.0008189672822570738)	(60, 0.0016379345645141476)	(65, 0.0016379882228646776)	(70, 0.002457002457002457)	(75, 0.004095004095004095)	(80, 0.0)	(85, 0.0)	(90, 0.0)	(95, 0.002457002457002457)	(100, 0.007371007371007371)	(105, 0.0049140451600750215)	(110, 0.0)	(115, 0.0016380687169826773)	(120, 0.002457103075474016)	(125, 0.002457103075474016)	(130, 0.0032761374339653547)	(135, 0.0032761374339653547)	(140, 0.002457103075474016)	(145, 0.0)	(150, 0.0)	(155, 0.0032761374339653547)	(160, 0.002457103075474016)	(165, 0.0)	(170, 0.0016380687169826773)	(175, 0.007371309226422048)	(180, 0.008190343584913388)	(185, 0.0)	(190, 0.008190343584913388)	(195, 0.01228551537737008)	(200, 0.0)	(205, 0.0)	(210, 0.0)	(215, 0.0)	(220, 0.0)	(225, 0.013923584094352758)	(230, 0.004095171792456694)	(235, 0.0)	(240, 0.0)	(245, 0.013923584094352758)	(250, 0.04504799659273335)	(255, 0.0)	(260, 0.0)	(265, 0.0)	(270, 0.003276271602915882)	(275, 0.0)	(280, 0.0)	(285, 0.0)	(290, 0.0)	(295, 0.0)	(300, 0.0)
610A14_S22_L001_R2_001	(1, 0.008188666885031117)	(2, 0.004094333442515558)	(3, 0.004094333442515558)	(4, 0.004094333442515558)	(5, 0.004094333442515558)	(6, 0.004094333442515558)	(7, 0.004094333442515558)	(8, 0.004094333442515558)	(9, 0.004094333442515558)	(10, 0.004094333442515558)	(15, 0.016377333770062234)	(20, 0.005732066819521782)	(25, 0.004094333442515558)	(30, 0.004094333442515558)	(35, 0.004094467555439091)	(40, 0.003275708167159388)	(45, 0.0024568012447792973)	(50, 0.0)	(55, 0.0)	(60, 0.0016378674965195315)	(65, 0.0008189337482597658)	(70, 0.0)	(75, 0.0008189337482597658)	(80, 0.0024568012447792973)	(85, 0.0)	(90, 0.0)	(95, 0.0)	(100, 0.0)	(105, 0.003275761819358114)	(110, 0.0008189672822570738)	(115, 0.00409483641128537)	(120, 0.0)	(125, 0.005732770975799517)	(130, 0.012284509233856107)	(135, 0.0)	(140, 0.009827607387084885)	(145, 0.009827607387084885)	(150, 0.0008189672822570738)	(155, 0.0188362474919127)	(160, 0.0008189672822570738)	(165, 0.0008189672822570738)	(170, 0.0016379345645141476)	(175, 0.0032758691290282953)	(180, 0.0)	(185, 0.0008189672822570738)	(190, 0.009827607387084885)	(195, 0.0032758691290282953)	(200, 0.00409483641128537)	(205, 0.015560378362884403)	(210, 0.0032758691290282953)	(215, 0.0)	(220, 0.0)	(225, 0.0)	(230, 0.0)	(235, 0.0)	(240, 0.0)	(245, 0.0)	(250, 0.0008189672822570738)	(255, 0.0)	(260, 0.0008189672822570738)	(265, 0.0)	(270, 0.00409483641128537)	(275, 0.0024569018467712213)	(280, 0.0)	(285, 0.015560378362884403)	(290, 0.005732770975799517)	(295, 0.0)	(300, 0.0)
610B0_S23_L001_R1_001	(1, 0.019398642095053344)	(2, 0.015518913676042675)	(3, 0.019398642095053344)	(4, 0.019398642095053344)	(5, 0.015518913676042675)	(6, 0.015518913676042675)	(7, 0.015518913676042675)	(8, 0.015518913676042675)	(9, 0.015518913676042675)	(10, 0.015518913676042675)	(15, 0.015518913676042675)	(20, 0.015518913676042675)	(25, 0.015518913676042675)	(30, 0.021726479146459747)	(35, 0.01008854639567279)	(40, 0.0)	(45, 0.006208673516903114)	(50, 0.0015522286122300092)	(55, 0.0015522527067406574)	(60, 0.009313805388036417)	(65, 0.004657119571544999)	(70, 0.004657119571544999)	(75, 0.0147475453098925)	(80, 0.0023285597857724996)	(85, 0.0)	(90, 0.0)	(95, 0.006209637357178341)	(100, 0.019405417992703563)	(105, 0.011643250795622138)	(110, 0.0)	(115, 0.010867034075913995)	(120, 0.00931460063649771)	(125, 0.011643250795622138)	(130, 0.0054335170379569975)	(135, 0.0054335170379569975)	(140, 0.006985950477373284)	(145, 0.0)	(150, 0.0)	(155, 0.00620973375766514)	(160, 0.010090817356205853)	(165, 0.0)	(170, 0.00310486687883257)	(175, 0.02173491170192121)	(180, 0.01552493692994372)	(185, 0.0)	(190, 0.01785367746943528)	(195, 0.02406365224141277)	(200, 0.0)	(205, 0.0)	(210, 0.0)	(215, 0.0)	(220, 0.0)	(225, 0.030273627013390255)	(230, 0.004657481078983117)	(235, 0.0)	(240, 0.0)	(245, 0.020958664855424025)	(250, 0.06442848825926645)	(255, 0.0007762468464971861)	(260, 0.0)	(265, 0.0015524936929943722)	(270, 0.02173491170192121)	(275, 0.00388123423248593)	(280, 0.0)	(285, 0.0)	(290, 0.0)	(295, 0.0015549318551114498)	(300, 0.0024484599187111307)
610B0_S23_L001_R2_001	(1, 0.03491755577109602)	(2, 0.015518913676042675)	(3, 0.015518913676042675)	(4, 0.015518913676042675)	(5, 0.015518913676042675)	(6, 0.015518913676042675)	(7, 0.015518913676042675)	(8, 0.015518913676042675)	(9, 0.015518913676042675)	(10, 0.015518913676042675)	(15, 0.036469447138700296)	(20, 0.02405431619786615)	(25, 0.015518913676042675)	(30, 0.015518913676042675)	(35, 0.010864588426109158)	(40, 0.00465639672500097)	(45, 0.014745599602644896)	(50, 0.0)	(55, 0.0031045054134813148)	(60, 0.005433137481663161)	(65, 0.011643250795622138)	(70, 0.001552433439416285)	(75, 0.0038810835985407122)	(80, 0.02173406815182799)	(85, 0.0)	(90, 0.010090817356205853)	(95, 0.013972226319016977)	(100, 0.0)	(105, 0.012419949543954978)	(110, 0.017077430622938095)	(115, 0.02406365224141277)	(120, 0.0)	(125, 0.01552493692994372)	(130, 0.028721133320395883)	(135, 0.0)	(140, 0.02018241800892684)	(145, 0.017077430622938095)	(150, 0.00388123423248593)	(155, 0.030273627013390255)	(160, 0.008538715311469047)	(165, 0.004657481078983117)	(170, 0.02018241800892684)	(175, 0.011644154634373545)	(180, 0.0)	(185, 0.002328830926874709)	(190, 0.027945971122496506)	(195, 0.011644154634373545)	(200, 0.005433938829374321)	(205, 0.03105107902499612)	(210, 0.0069864927806241265)	(215, 0.000776276975624903)	(220, 0.0)	(225, 0.001552553951249806)	(230, 0.000776276975624903)	(235, 0.000776276975624903)	(240, 0.001552553951249806)	(245, 0.006210215804999224)	(250, 0.003881384878124515)	(255, 0.003105107902499612)	(260, 0.009315323707498836)	(265, 0.004657661853749418)	(270, 0.010091600683123737)	(275, 0.020183201366247475)	(280, 0.004657661853749418)	(285, 0.024840863219996897)	(290, 0.024064586244371994)	(295, 0.0)	(300, 0.0)
610B14_S24_L001_R1_001	(1, 0.0)	(2, 0.0)	(3, 0.0)	(4, 0.0)	(5, 0.0)	(6, 0.0)	(7, 0.0)	(8, 0.0)	(9, 0.0)	(10, 0.0)	(15, 0.0)	(20, 0.0)	(25, 0.0)	(30, 0.000971722864639005)	(35, 0.00194344572927801)	(40, 0.0)	(45, 0.0)	(50, 0.000971722864639005)	(55, 0.0)	(60, 0.0)	(65, 0.0)	(70, 0.0009717700791992615)	(75, 0.0)	(80, 0.0009717700791992615)	(85, 0.0)	(90, 0.0)	(95, 0.001943540158398523)	(100, 0.0)	(105, 0.0009717700791992615)	(110, 0.0)	(115, 0.001943634596695821)	(120, 0.003887269193391642)	(125, 0.004859086491739553)	(130, 0.001943634596695821)	(135, 0.0009718172983479105)	(140, 0.001943634596695821)	(145, 0.0)	(150, 0.0)	(155, 0.003887269193391642)	(160, 0.0029154518950437317)	(165, 0.0)	(170, 0.0029154518950437317)	(175, 0.008746355685131196)	(180, 0.004859086491739553)	(185, 0.0)	(190, 0.008746355685131196)	(195, 0.009718172983479106)	(200, 0.0)	(205, 0.0)	(210, 0.0)	(215, 0.0)	(220, 0.0)	(225, 0.017493561397541182)	(230, 0.003887458088342485)	(235, 0.0)	(240, 0.0)	(245, 0.01554983235336994)	(250, 0.05151082213215928)	(255, 0.0009719117504130625)	(260, 0.0)	(265, 0.0)	(270, 0.0029158769499927103)	(275, 0.0009719589833309034)	(280, 0.0)	(285, 0.0)	(290, 0.0)	(295, 0.0)	(300, 0.0)
610B14_S24_L001_R2_001	(1, 0.009717228646390049)	(2, 0.0)	(3, 0.0)	(4, 0.0)	(5, 0.0)	(6, 0.0)	(7, 0.0)	(8, 0.0)	(9, 0.0)	(10, 0.0)	(15, 0.011660674375668059)	(20, 0.00194344572927801)	(25, 0.0)	(30, 0.0)	(35, 0.0)	(40, 0.000971722864639005)	(45, 0.005830337187834029)	(50, 0.0)	(55, 0.00194344572927801)	(60, 0.000971722864639005)	(65, 0.003887080316797046)	(70, 0.0)	(75, 0.0)	(80, 0.0058306204751955686)	(85, 0.0)	(90, 0.0029153102375977843)	(95, 0.004858850395996307)	(100, 0.0)	(105, 0.0029153102375977843)	(110, 0.0058309037900874635)	(115, 0.004859086491739553)	(120, 0.0)	(125, 0.007774538386783284)	(130, 0.012633624878522837)	(135, 0.0)	(140, 0.009718172983479106)	(145, 0.009718172983479106)	(150, 0.0029154518950437317)	(155, 0.022351797862001945)	(160, 0.0029154518950437317)	(165, 0.0)	(170, 0.0058309037900874635)	(175, 0.007774538386783284)	(180, 0.0)	(185, 0.0)	(190, 0.015549076773566569)	(195, 0.004859086491739553)	(200, 0.003887269193391642)	(205, 0.01749271137026239)	(210, 0.003887458088342485)	(215, 0.0)	(220, 0.0)	(225, 0.0)	(230, 0.0)	(235, 0.0)	(240, 0.0)	(245, 0.0)	(250, 0.0)	(255, 0.0)	(260, 0.0)	(265, 0.0009719117504130625)	(270, 0.005831470502478375)	(275, 0.012634852755369814)	(280, 0.0009719117504130625)	(285, 0.01943823500826125)	(290, 0.014578676256195936)	(295, 0.0)	(300, 0.0)
612A0_S41_L001_R1_001	(1, 0.020429009193054137)	(2, 0.020429009193054137)	(3, 0.030643513789581203)	(4, 0.030643513789581203)	(5, 0.020429009193054137)	(6, 0.020429009193054137)	(7, 0.020429009193054137)	(8, 0.020429009193054137)	(9, 0.020429009193054137)	(10, 0.020429009193054137)	(15, 0.020429009193054137)	(20, 0.020429009193054137)	(25, 0.020429009193054137)	(30, 0.028600612870275793)	(35, 0.014302643945895142)	(40, 0.0)	(45, 0.010217635639113109)	(50, 0.00613170911171974)	(55, 0.0020440701524876335)	(60, 0.002044153720359771)	(65, 0.004088307440719542)	(70, 0.006132461161079314)	(75, 0.014309076042518395)	(80, 0.002044153720359771)	(85, 0.0)	(90, 0.0)	(95, 0.008176614881439084)	(100, 0.026573998364677023)	(105, 0.012265173041149654)	(110, 0.0)	(115, 0.004088725339875294)	(120, 0.008177450679750588)	(125, 0.014310538689563527)	(130, 0.0061330880098129405)	(135, 0.0061330880098129405)	(140, 0.010221813349688235)	(145, 0.0)	(150, 0.0)	(155, 0.010221813349688235)	(160, 0.012266176019625881)	(165, 0.0)	(170, 0.002044362669937647)	(175, 0.02657671470918941)	(180, 0.01839926402943882)	(185, 0.0)	(190, 0.024532352039251762)	(195, 0.02657671470918941)	(200, 0.0)	(205, 0.0)	(210, 0.0)	(215, 0.0)	(220, 0.0)	(225, 0.03679852805887764)	(230, 0.010221813349688235)	(235, 0.0)	(240, 0.0)	(245, 0.024532352039251762)	(250, 0.06337524276806705)	(255, 0.002044362669937647)	(260, 0.0)	(265, 0.004089143324473523)	(270, 0.02453485994684114)	(275, 0.004089477773688299)	(280, 0.0)	(285, 0.0)	(290, 0.0)	(295, 0.0)	(300, 0.0)
612A0_S41_L001_R2_001	(1, 0.04085801838610827)	(2, 0.020429009193054137)	(3, 0.020429009193054137)	(4, 0.020429009193054137)	(5, 0.020429009193054137)	(6, 0.020429009193054137)	(7, 0.020429009193054137)	(8, 0.020429009193054137)	(9, 0.020429009193054137)	(10, 0.020429009193054137)	(15, 0.05107252298263534)	(20, 0.030643513789581203)	(25, 0.020429009193054137)	(30, 0.020429009193054137)	(35, 0.01225940909648155)	(40, 0.006129955046996321)	(45, 0.016348217022580974)	(50, 0.0)	(55, 0.004088140304975267)	(60, 0.008176614881439084)	(65, 0.012264922322158627)	(70, 0.0)	(75, 0.004088307440719542)	(80, 0.016353229762878167)	(85, 0.0)	(90, 0.006132461161079314)	(95, 0.016353229762878167)	(100, 0.0)	(105, 0.01022097753429138)	(110, 0.012266176019625881)	(115, 0.014310538689563527)	(120, 0.0)	(125, 0.01839926402943882)	(130, 0.03679852805887764)	(135, 0.0)	(140, 0.016354901359501177)	(145, 0.024532352039251762)	(150, 0.002044362669937647)	(155, 0.03679852805887764)	(160, 0.0061330880098129405)	(165, 0.002044362669937647)	(170, 0.010221813349688235)	(175, 0.012266176019625881)	(180, 0.0)	(185, 0.004088725339875294)	(190, 0.034754165388939995)	(195, 0.008177450679750588)	(200, 0.0061330880098129405)	(205, 0.04497597873862823)	(210, 0.010221813349688235)	(215, 0.0)	(220, 0.0)	(225, 0.0)	(230, 0.0)	(235, 0.0)	(240, 0.0)	(245, 0.002044362669937647)	(250, 0.0)	(255, 0.002044362669937647)	(260, 0.006133338785190031)	(265, 0.004089143324473523)	(270, 0.01635657329789409)	(275, 0.026581605528973953)	(280, 0.006134342091810654)	(285, 0.030671710459053265)	(290, 0.030671710459053265)	(295, 0.0)	(300, 0.0)
612A14_S42_L001_R1_001	(1, 0.0030212393123659324)	(2, 0.0030212393123659324)	(3, 0.015106196561829663)	(4, 0.0030212393123659324)	(5, 0.006042478624731865)	(6, 0.0030212393123659324)	(7, 0.0030212393123659324)	(8, 0.0030212393123659324)	(9, 0.0030212393123659324)	(10, 0.0030212393123659324)	(15, 0.0030212393123659324)	(20, 0.0030212393123659324)	(25, 0.0030212393123659324)	(30, 0.0054382307622586785)	(35, 0.004229837272117517)	(40, 0.0)	(45, 0.0024171375049098103)	(50, 0.0030214218811372632)	(55, 0.001812853128682358)	(60, 0.004229990633592169)	(65, 0.001812853128682358)	(70, 0.004834275009819621)	(75, 0.00906426564341179)	(80, 0.0006042843762274526)	(85, 0.0)	(90, 0.0)	(95, 0.004834275009819621)	(100, 0.013294256277003957)	(105, 0.007855696890956883)	(110, 0.0)	(115, 0.005438559386047074)	(120, 0.007855696890956883)	(125, 0.009668550019639241)	(130, 0.0030214218811372632)	(135, 0.0060428437622745265)	(140, 0.0066471281385019785)	(145, 0.0)	(150, 0.0)	(155, 0.008459981267184337)	(160, 0.007855696890956883)	(165, 0.0)	(170, 0.0024171375049098103)	(175, 0.017524246910596127)	(180, 0.011481403148321601)	(185, 0.0)	(190, 0.01692047377326565)	(195, 0.01933803489306671)	(200, 0.0)	(205, 0.0)	(210, 0.0)	(215, 0.0)	(220, 0.0)	(225, 0.02961172382535126)	(230, 0.009669134310318779)	(235, 0.0)	(240, 0.0)	(245, 0.017525305937452787)	(250, 0.05318023870675328)	(255, 0.0)	(260, 0.0)	(265, 0.0030216044719746185)	(270, 0.015108022359873092)	(275, 0.0030216044719746185)	(280, 0.0)	(285, 0.0)	(290, 0.0)	(295, 0.001813938301911891)	(300, 0.0016754628466113764)
612A14_S42_L001_R2_001	(1, 0.015106196561829663)	(2, 0.0)	(3, 0.0)	(4, 0.0)	(5, 0.0)	(6, 0.0)	(7, 0.0)	(8, 0.0)	(9, 0.0)	(10, 0.0)	(15, 0.018731683736668784)	(20, 0.007250974349678238)	(25, 0.0)	(30, 0.0)	(35, 0.006042478624731865)	(40, 0.004229735037312306)	(45, 0.011480709386990544)	(50, 0.0)	(55, 0.0030212393123659324)	(60, 0.004833982899785492)	(65, 0.009667965799570985)	(70, 0.001208495724946373)	(75, 0.001208495724946373)	(80, 0.011480709386990544)	(85, 0.0)	(90, 0.004833982899785492)	(95, 0.011480709386990544)	(100, 0.0)	(105, 0.008459470074624612)	(110, 0.007855222212151425)	(115, 0.010876461524517357)	(120, 0.0)	(125, 0.01208495724946373)	(130, 0.02114867518656153)	(135, 0.0)	(140, 0.013897700836883289)	(145, 0.01933593159914197)	(150, 0.0018127435874195595)	(155, 0.027191153811293393)	(160, 0.0054382307622586785)	(165, 0.002416991449892746)	(170, 0.010272213662044172)	(175, 0.008459470074624612)	(180, 0.0)	(185, 0.0018127764484083824)	(190, 0.021149314157955165)	(195, 0.006647047804359255)	(200, 0.004834275009819621)	(205, 0.02779708130646282)	(210, 0.0066471281385019785)	(215, 0.0)	(220, 0.0)	(225, 0.0)	(230, 0.0006042843762274526)	(235, 0.0012085687524549052)	(240, 0.0012085687524549052)	(245, 0.004229990633592169)	(250, 0.0030214218811372632)	(255, 0.0012085687524549052)	(260, 0.004834275009819621)	(265, 0.0030214218811372632)	(270, 0.00906426564341179)	(275, 0.02054566879173339)	(280, 0.004229990633592169)	(285, 0.026588512554007914)	(290, 0.025380864037128577)	(295, 0.0)	(300, 0.0)
612B0_S43_L001_R1_001	(1, 0.0036127167630057807)	(2, 0.0036127167630057807)	(3, 0.0180635838150289)	(4, 0.0036127167630057807)	(5, 0.0036127167630057807)	(6, 0.0036127167630057807)	(7, 0.007225433526011561)	(8, 0.0036127167630057807)	(9, 0.0036127167630057807)	(10, 0.0036127167630057807)	(15, 0.0036127167630057807)	(20, 0.0036127167630057807)	(25, 0.0036127167630057807)	(30, 0.004335260115606936)	(35, 0.0028902569438423076)	(40, 0.0)	(45, 0.0007225694569890531)	(50, 0.0007225694569890531)	(55, 0.0014451702410543962)	(60, 0.0007225955632632416)	(65, 0.0)	(70, 0.001445264230432929)	(75, 0.004335886688827865)	(80, 0.0014452955629426219)	(85, 0.0)	(90, 0.0)	(95, 0.004335886688827865)	(100, 0.005781182251770487)	(105, 0.004335886688827865)	(110, 0.0)	(115, 0.0036133694670280035)	(120, 0.006504112044170147)	(125, 0.005058900050589001)	(130, 0.005781600057816001)	(135, 0.0007227000072270001)	(140, 0.003613500036135)	(145, 0.0)	(150, 0.0)	(155, 0.003613500036135)	(160, 0.005058900050589001)	(165, 0.0)	(170, 0.004336200043362001)	(175, 0.018067500180675003)	(180, 0.013008600130086001)	(185, 0.0)	(190, 0.012285900122859001)	(195, 0.020958300209583003)	(200, 0.0)	(205, 0.0)	(210, 0.0)	(215, 0.0)	(220, 0.0)	(225, 0.023850823937554205)	(230, 0.00505926568372362)	(235, 0.0007227522405319456)	(240, 0.0)	(245, 0.013009540329575022)	(250, 0.04408788667244869)	(255, 0.0007227522405319456)	(260, 0.0)	(265, 0.0014455044810638912)	(270, 0.012286788089043075)	(275, 0.0014455044810638912)	(280, 0.0)	(285, 0.0)	(290, 0.0)	(295, 0.0007234738319514983)	(300, 0.0020186523476926803)
612B0_S43_L001_R2_001	(1, 0.014450867052023123)	(2, 0.0036127167630057807)	(3, 0.0036127167630057807)	(4, 0.0036127167630057807)	(5, 0.0036127167630057807)	(6, 0.0036127167630057807)	(7, 0.0036127167630057807)	(8, 0.0036127167630057807)	(9, 0.0036127167630057807)	(10, 0.0036127167630057807)	(15, 0.0180635838150289)	(20, 0.005780346820809248)	(25, 0.0036127167630057807)	(30, 0.0036127167630057807)	(35, 0.002167692707881731)	(40, 0.0014451389139781062)	(45, 0.008670833483868637)	(50, 0.0)	(55, 0.0028903404821087925)	(60, 0.0007225955632632416)	(65, 0.0021677866897897246)	(70, 0.001445264230432929)	(75, 0.0007226477814713109)	(80, 0.00867177337765573)	(85, 0.0)	(90, 0.004335886688827865)	(95, 0.006503830033241798)	(100, 0.0)	(105, 0.004335886688827865)	(110, 0.005781307587243545)	(115, 0.01011743450767841)	(120, 0.0)	(125, 0.013008600130086001)	(130, 0.015899400158994003)	(135, 0.0)	(140, 0.013008600130086001)	(145, 0.013008600130086001)	(150, 0.003613500036135)	(155, 0.025294500252945003)	(160, 0.005058900050589001)	(165, 0.0014454000144540002)	(170, 0.006504300065043001)	(175, 0.010117800101178001)	(180, 0.0)	(185, 0.0007227000072270001)	(190, 0.023126400231264003)	(195, 0.006504300065043001)	(200, 0.005781600057816001)	(205, 0.029630700296307006)	(210, 0.006504535106421421)	(215, 0.0)	(220, 0.0)	(225, 0.0)	(230, 0.0)	(235, 0.0)	(240, 0.0)	(245, 0.0036137612026597285)	(250, 0.0)	(255, 0.0028910089621277824)	(260, 0.005782017924255565)	(265, 0.0028910089621277824)	(270, 0.007950274645851402)	(275, 0.015177797051170859)	(280, 0.0028910089621277824)	(285, 0.01662330153223475)	(290, 0.01806880601329864)	(295, 0.0)	(300, 0.0)
612B14_S44_L001_R1_001	(1, 0.0031943778949049674)	(2, 0.0)	(3, 0.01277751157961987)	(4, 0.0)	(5, 0.0)	(6, 0.0)	(7, 0.0)	(8, 0.0)	(9, 0.0)	(10, 0.0)	(15, 0.0)	(20, 0.0)	(25, 0.0)	(30, 0.005749880210828942)	(35, 0.007666506947771922)	(40, 0.0)	(45, 0.006388837423254091)	(50, 0.0031944799386659853)	(55, 0.0019167247008312195)	(60, 0.006389245621769438)	(65, 0.0025557472365983006)	(70, 0.008945401105395994)	(75, 0.01277914443627999)	(80, 0.0012779144436279991)	(85, 0.0)	(90, 0.0)	(95, 0.0070285294399539955)	(100, 0.021085588319861983)	(105, 0.01661288776716399)	(110, 0.0)	(115, 0.0051116577745119966)	(120, 0.011501229992651992)	(125, 0.014057058879907991)	(130, 0.0051116577745119966)	(135, 0.0070285294399539955)	(140, 0.007667486661767996)	(145, 0.0)	(150, 0.0)	(155, 0.013418101658093992)	(160, 0.010223315549023993)	(165, 0.0)	(170, 0.0031947861090699976)	(175, 0.02747516053800198)	(180, 0.01661288776716399)	(185, 0.0)	(190, 0.02747516053800198)	(195, 0.026836203316187985)	(200, 0.0)	(205, 0.0006389572218139996)	(210, 0.0)	(215, 0.0006389572218139996)	(220, 0.0006389572218139996)	(225, 0.03578160442158398)	(230, 0.011501229992651992)	(235, 0.001916871665441999)	(240, 0.0006389572218139996)	(245, 0.021085588319861983)	(250, 0.05942302162870196)	(255, 0.0012779144436279991)	(260, 0.0)	(265, 0.0031947861090699976)	(270, 0.021724545541675987)	(275, 0.004472700552697997)	(280, 0.0)	(285, 0.0)	(290, 0.0)	(295, 0.0025576592302724546)	(300, 0.0017980760586172797)
612B14_S44_L001_R2_001	(1, 0.019166267369429803)	(2, 0.0)	(3, 0.0)	(4, 0.0)	(5, 0.0)	(6, 0.0)	(7, 0.0)	(8, 0.0)	(9, 0.0)	(10, 0.0)	(15, 0.0293882766331257)	(20, 0.008305382526752916)	(25, 0.0)	(30, 0.0)	(35, 0.008305382526752916)	(40, 0.006388959877331971)	(45, 0.01980602869957449)	(50, 0.0)	(55, 0.004472500511142915)	(60, 0.008306284662764842)	(65, 0.01789080221079199)	(70, 0.0019169329073482429)	(75, 0.0019169329073482429)	(80, 0.019808306709265176)	(85, 0.0)	(90, 0.008306709265175719)	(95, 0.020447284345047924)	(100, 0.0)	(105, 0.014057507987220446)	(110, 0.01789137380191693)	(115, 0.020447284345047924)	(120, 0.0)	(125, 0.019169329073482427)	(130, 0.03194888178913738)	(135, 0.0)	(140, 0.021725239616613417)	(145, 0.023642172523961662)	(150, 0.0038338658146964857)	(155, 0.044089456869009586)	(160, 0.011501597444089457)	(165, 0.005111821086261981)	(170, 0.021725239616613417)	(175, 0.016613418530351438)	(180, 0.0)	(185, 0.0025559105431309905)	(190, 0.034504792332268365)	(195, 0.011501597444089457)	(200, 0.009584664536741214)	(205, 0.03961661341853035)	(210, 0.008945686900958465)	(215, 0.0025559105431309905)	(220, 0.0012779552715654952)	(225, 0.005750798722044728)	(230, 0.0)	(235, 0.0)	(240, 0.003194888178913738)	(245, 0.009584664536741214)	(250, 0.005111821086261981)	(255, 0.008945686900958465)	(260, 0.010223642172523962)	(265, 0.006389776357827476)	(270, 0.010862619808306708)	(275, 0.028753993610223644)	(280, 0.007028753993610223)	(285, 0.03130990415335463)	(290, 0.03386581469648562)	(295, 0.0)	(300, 0.0)
613A0_S49_L001_R1_001	(1, 0.007715900542042013)	(2, 0.007715900542042013)	(3, 0.017360776219594528)	(4, 0.009644875677552516)	(5, 0.007715900542042013)	(6, 0.007715900542042013)	(7, 0.007715900542042013)	(8, 0.007715900542042013)	(9, 0.007715900542042013)	(10, 0.007715900542042013)	(15, 0.007715900542042013)	(20, 0.007715900542042013)	(25, 0.007715900542042013)	(30, 0.010416465731756717)	(35, 0.006173101481930175)	(40, 0.0)	(45, 0.0023149487817582036)	(50, 0.0019291239847985028)	(55, 0.0015433170513384417)	(60, 0.005787662247465004)	(65, 0.0027009819998842434)	(70, 0.005016109428356452)	(75, 0.009260509713888835)	(80, 0.0007717091428240696)	(85, 0.0)	(90, 0.0)	(95, 0.0038586052685396334)	(100, 0.011961722488038277)	(105, 0.008874826362092917)	(110, 0.0)	(115, 0.0038586201574317023)	(120, 0.0061737922518907236)	(125, 0.009646550393579256)	(130, 0.0030868961259453618)	(135, 0.004244482173174873)	(140, 0.0061737922518907236)	(145, 0.0)	(150, 0.0)	(155, 0.007331378299120235)	(160, 0.008103102330606576)	(165, 0.0)	(170, 0.0015434480629726809)	(175, 0.01697792869269949)	(180, 0.012347584503781447)	(185, 0.0)	(190, 0.01543454018575469)	(195, 0.02122282031988578)	(200, 0.0)	(205, 0.0)	(210, 0.0)	(215, 0.0)	(220, 0.0)	(225, 0.026625506463438163)	(230, 0.007331661200077176)	(235, 0.0003858769052672198)	(240, 0.0003858769052672198)	(245, 0.01813621454755933)	(250, 0.05826741269535018)	(255, 0.0011576307158016593)	(260, 0.0)	(265, 0.0011576307158016593)	(270, 0.012733937873818253)	(275, 0.0019293845263360985)	(280, 0.0)	(285, 0.0)	(290, 0.0)	(295, 0.0027109296939747647)	(300, 0.006921085779937157)
613A0_S49_L001_R2_001	(1, 0.021218726490615535)	(2, 0.007715900542042013)	(3, 0.007715900542042013)	(4, 0.007715900542042013)	(5, 0.007715900542042013)	(6, 0.007715900542042013)	(7, 0.007715900542042013)	(8, 0.007715900542042013)	(9, 0.007715900542042013)	(10, 0.007715900542042013)	(15, 0.023919291680330242)	(20, 0.014274416002777722)	(25, 0.007715900542042013)	(30, 0.007715900542042013)	(35, 0.007330558009792082)	(40, 0.0050157223604761075)	(45, 0.010031444720952215)	(50, 0.0)	(55, 0.0030866341026768835)	(60, 0.003472597348479002)	(65, 0.007717091428240697)	(70, 0.0007717091428240696)	(75, 0.0007717091428240696)	(80, 0.01041807342812494)	(85, 0.0)	(90, 0.005016109428356452)	(95, 0.011189955278764938)	(100, 0.0)	(105, 0.007717240314863405)	(110, 0.007717240314863405)	(115, 0.011189998456551936)	(120, 0.0)	(125, 0.010804136440808767)	(130, 0.021608272881617534)	(135, 0.0)	(140, 0.013505170551010958)	(145, 0.017363790708442663)	(150, 0.0015434480629726809)	(155, 0.02585275505479241)	(160, 0.005402068220404383)	(165, 0.0023151720944590212)	(170, 0.010418274425065596)	(175, 0.007717240314863405)	(180, 0.0)	(185, 0.0023151720944590212)	(190, 0.0212224927554127)	(195, 0.007717389207231194)	(200, 0.005016302984700276)	(205, 0.02546738438386294)	(210, 0.005788041905423396)	(215, 0.0)	(220, 0.0)	(225, 0.0)	(230, 0.0)	(235, 0.0)	(240, 0.0007717538105344396)	(245, 0.0019293845263360985)	(250, 0.0015435076210688792)	(255, 0.0019293845263360985)	(260, 0.004244645957939417)	(265, 0.002701138336870538)	(270, 0.007717538105344394)	(275, 0.012348060968551034)	(280, 0.003858769052672197)	(285, 0.021609106694964304)	(290, 0.016592899010986043)	(295, 0.0)	(300, 0.0)
613A14_S50_L001_R1_001	(1, 0.0)	(2, 0.0)	(3, 0.011515099173791633)	(4, 0.0057575495868958165)	(5, 0.0028787747934479082)	(6, 0.0)	(7, 0.0)	(8, 0.0)	(9, 0.0)	(10, 0.0)	(15, 0.0)	(20, 0.0)	(25, 0.0)	(30, 0.0034545297521374903)	(35, 0.005181794628206235)	(40, 0.0)	(45, 0.004606331402512754)	(50, 0.0023032187482006105)	(55, 0.0011516491615994103)	(60, 0.005182689816014512)	(65, 0.002303484019579614)	(70, 0.003455325520458407)	(75, 0.006334763454173745)	(80, 0.0005758875867430677)	(85, 0.0)	(90, 0.0)	(95, 0.002879437933715339)	(100, 0.008638313801146016)	(105, 0.005758875867430678)	(110, 0.0)	(115, 0.0017276627602292034)	(120, 0.004031213107201474)	(125, 0.006334763454173745)	(130, 0.002303550346972271)	(135, 0.003455325520458407)	(140, 0.005183047977747447)	(145, 0.0)	(150, 0.0)	(155, 0.005183286779739108)	(160, 0.004607366026434763)	(165, 0.0)	(170, 0.0023036830132173816)	(175, 0.013822098079304289)	(180, 0.011518415066086906)	(185, 0.0)	(190, 0.014398101754264718)	(195, 0.0224622030237581)	(200, 0.0)	(205, 0.0)	(210, 0.0)	(215, 0.0)	(220, 0.0)	(225, 0.02764738069867235)	(230, 0.008063819370446102)	(235, 0.002303948391556029)	(240, 0.0005759870978890073)	(245, 0.018431587132448232)	(250, 0.054718774299455694)	(255, 0.0005759870978890073)	(260, 0.0)	(265, 0.0017279612936670218)	(270, 0.009791780664113124)	(275, 0.0017279612936670218)	(280, 0.0)	(285, 0.0)	(290, 0.0)	(295, 0.0011559958615348156)	(300, 0.001961053477928343)
613A14_S50_L001_R2_001	(1, 0.011515099173791633)	(2, 0.0)	(3, 0.0)	(4, 0.0)	(5, 0.0)	(6, 0.0)	(7, 0.0)	(8, 0.0)	(9, 0.0)	(10, 0.0)	(15, 0.016121138843308288)	(20, 0.0057575495868958165)	(25, 0.0)	(30, 0.0)	(35, 0.004030284710827072)	(40, 0.0040303775312210315)	(45, 0.007485288529083226)	(50, 0.0)	(55, 0.0017274737423991155)	(60, 0.0034551265440096743)	(65, 0.00806219406852865)	(70, 0.0011517751734861355)	(75, 0.0005758875867430677)	(80, 0.009790088974632152)	(85, 0.0)	(90, 0.002879437933715339)	(95, 0.009214201387889084)	(100, 0.0)	(105, 0.004607100693944542)	(110, 0.009214201387889084)	(115, 0.011517751734861355)	(120, 0.0)	(125, 0.010941864148118288)	(130, 0.024187278643208847)	(135, 0.0)	(140, 0.013245567054243478)	(145, 0.017853029255931813)	(150, 0.0023036564787458896)	(155, 0.026492354651999884)	(160, 0.004607366026434763)	(165, 0.001727762259913036)	(170, 0.009214732052869526)	(175, 0.00979065280617387)	(180, 0.0)	(185, 0.0011518415066086908)	(190, 0.01785364617528825)	(195, 0.004607631389488841)	(200, 0.005183585313174945)	(205, 0.020734580095955028)	(210, 0.005759870978890073)	(215, 0.0005759870978890073)	(220, 0.0005759870978890073)	(225, 0.0005759870978890073)	(230, 0.0)	(235, 0.0)	(240, 0.0005759870978890073)	(245, 0.0005759870978890073)	(250, 0.002303948391556029)	(255, 0.002303948391556029)	(260, 0.0017279612936670218)	(265, 0.002303948391556029)	(270, 0.008639806468335108)	(275, 0.011519741957780145)	(280, 0.004031909685223051)	(285, 0.020735535524004263)	(290, 0.015551741219026116)	(295, 0.0)	(300, 0.0)
613B0_S51_L001_R1_001	(1, 0.01179245283018868)	(2, 0.01179245283018868)	(3, 0.03242924528301887)	(4, 0.01179245283018868)	(5, 0.01179245283018868)	(6, 0.01179245283018868)	(7, 0.01179245283018868)	(8, 0.01179245283018868)	(9, 0.01179245283018868)	(10, 0.01179245283018868)	(15, 0.01179245283018868)	(20, 0.01179245283018868)	(25, 0.01179245283018868)	(30, 0.01356132075471698)	(35, 0.0041277479007453535)	(40, 0.0)	(45, 0.0005897095680377414)	(50, 0.0017691287041132241)	(55, 0.0005897478238305301)	(60, 0.0011795860832433899)	(65, 0.0005898139137102244)	(70, 0.0035388834822613464)	(75, 0.0047186226340531195)	(80, 0.0005898313082458417)	(85, 0.0)	(90, 0.0)	(95, 0.0023593948152298935)	(100, 0.005308638334267261)	(105, 0.004718789630459787)	(110, 0.0)	(115, 0.0023593948152298935)	(120, 0.0035390922228448404)	(125, 0.004718789630459787)	(130, 0.0023593948152298935)	(135, 0.0005898487038074734)	(140, 0.0029492435190373667)	(145, 0.0)	(150, 0.0)	(155, 0.0017695461114224202)	(160, 0.0035390922228448404)	(165, 0.0)	(170, 0.0011797043660858588)	(175, 0.009437913277374373)	(180, 0.005898834980091432)	(185, 0.0)	(190, 0.005308951482082288)	(195, 0.010028433558678135)	(200, 0.0)	(205, 0.0)	(210, 0.0)	(215, 0.0)	(220, 0.0)	(225, 0.01592920353982301)	(230, 0.002359882005899705)	(235, 0.0)	(240, 0.0)	(245, 0.008849557522123894)	(250, 0.033628318584070796)	(255, 0.0011799410029498525)	(260, 0.0)	(265, 0.0011799410029498525)	(270, 0.006489675516224189)	(275, 0.0011799410029498525)	(280, 0.0)	(285, 0.0)	(290, 0.0)	(295, 0.0017744234602440425)	(300, 0.003956635277360132)
613B0_S51_L001_R2_001	(1, 0.01474056603773585)	(2, 0.00884433962264151)	(3, 0.00884433962264151)	(4, 0.00884433962264151)	(5, 0.00884433962264151)	(6, 0.00884433962264151)	(7, 0.00884433962264151)	(8, 0.00884433962264151)	(9, 0.00884433962264151)	(10, 0.00884433962264151)	(15, 0.015919811320754717)	(20, 0.01061320754716981)	(25, 0.00884433962264151)	(30, 0.00884433962264151)	(35, 0.004127650541311885)	(40, 0.0011793774066670205)	(45, 0.005896921806816842)	(50, 0.0)	(55, 0.0023589217368740747)	(60, 0.0005897756493429899)	(65, 0.005308168681804778)	(70, 0.0005897965202005308)	(75, 0.0)	(80, 0.006487953050812468)	(85, 0.0)	(90, 0.004128819157720892)	(95, 0.0053084817742125754)	(100, 0.0)	(105, 0.004128819157720892)	(110, 0.004128819157720892)	(115, 0.004128819157720892)	(120, 0.0)	(125, 0.004128819157720892)	(130, 0.007077975698950099)	(135, 0.0)	(140, 0.01002713224017931)	(145, 0.009437300931933467)	(150, 0.0011796626164916834)	(155, 0.01769493924737525)	(160, 0.0053084817742125754)	(165, 0.0011796626164916834)	(170, 0.008257687021865176)	(175, 0.006488374013472223)	(180, 0.0)	(185, 0.0)	(190, 0.011797322007904206)	(195, 0.0035393009880548593)	(200, 0.002949417490045716)	(205, 0.013567320454210293)	(210, 0.004129428074211722)	(215, 0.0)	(220, 0.0)	(225, 0.0)	(230, 0.0)	(235, 0.0)	(240, 0.000589935697009026)	(245, 0.0029496784850451298)	(250, 0.000589935697009026)	(255, 0.001179871394018052)	(260, 0.002359742788036104)	(265, 0.001179871394018052)	(270, 0.004719485576072208)	(275, 0.007669164061117338)	(280, 0.003539614182054156)	(285, 0.012978585334198572)	(290, 0.01533850909691578)	(295, 0.0)	(300, 0.0)
613B14_S52_L001_R1_001	(1, 0.00319959045242209)	(2, 0.00319959045242209)	(3, 0.01279836180968836)	(4, 0.00319959045242209)	(5, 0.00319959045242209)	(6, 0.00319959045242209)	(7, 0.00319959045242209)	(8, 0.00319959045242209)	(9, 0.00319959045242209)	(10, 0.00319959045242209)	(15, 0.00319959045242209)	(20, 0.00319959045242209)	(25, 0.00319959045242209)	(30, 0.007679017085813016)	(35, 0.004479569961283717)	(40, 0.0)	(45, 0.005119770634275584)	(50, 0.003839877123932034)	(55, 0.0038400491526291536)	(60, 0.007680344079414758)	(65, 0.0032002867456924137)	(70, 0.00704067590488687)	(75, 0.014721413255672545)	(80, 0.0006400696395767859)	(85, 0.0)	(90, 0.0)	(95, 0.0044805735134097165)	(100, 0.016642236716614713)	(105, 0.012802048327732437)	(110, 0.0)	(115, 0.005760921747479597)	(120, 0.009601536245799328)	(125, 0.012162101611158408)	(130, 0.004480860325182435)	(135, 0.0064012290359749075)	(140, 0.00896172065036487)	(145, 0.0)	(150, 0.0)	(155, 0.007681474843169889)	(160, 0.0070413519395723986)	(165, 0.0)	(170, 0.00320069647155221)	(175, 0.02240501872419422)	(180, 0.01344301123451653)	(185, 0.0)	(190, 0.017924014979355377)	(195, 0.025605735684793393)	(200, 0.0)	(205, 0.0)	(210, 0.0)	(215, 0.0)	(220, 0.0)	(225, 0.02944753856987389)	(230, 0.008962294347352922)	(235, 0.0006401638819537802)	(240, 0.0)	(245, 0.021765571986428527)	(250, 0.058254913257794)	(255, 0.0019204916458613406)	(260, 0.0)	(265, 0.0019204916458613406)	(270, 0.014723769284936945)	(275, 0.0019204916458613406)	(280, 0.0)	(285, 0.0)	(290, 0.0)	(295, 0.0012822978777970123)	(300, 0.0023156724712856615)
613B14_S52_L001_R2_001	(1, 0.02239713316695463)	(2, 0.00319959045242209)	(3, 0.00319959045242209)	(4, 0.00319959045242209)	(5, 0.00319959045242209)	(6, 0.00319959045242209)	(7, 0.00319959045242209)	(8, 0.00319959045242209)	(9, 0.00319959045242209)	(10, 0.00319959045242209)	(15, 0.02687655980034556)	(20, 0.008958853266781851)	(25, 0.00319959045242209)	(30, 0.00319959045242209)	(35, 0.005759447093079064)	(40, 0.004479713298348906)	(45, 0.014719340573542305)	(50, 0.0)	(55, 0.0032000409605242946)	(60, 0.003200143366422816)	(65, 0.009600614439324117)	(70, 0.0012800819252432156)	(75, 0.0012800819252432156)	(80, 0.013441032271278434)	(85, 0.0)	(90, 0.005760553013089257)	(95, 0.013441290363874932)	(100, 0.0)	(105, 0.010241310887793637)	(110, 0.01088139281828074)	(115, 0.010241310887793637)	(120, 0.0)	(125, 0.013441892618480682)	(130, 0.02432389182269163)	(135, 0.0)	(140, 0.012802048327732437)	(145, 0.01984317490798528)	(150, 0.0019203072491598657)	(155, 0.03392542806849096)	(160, 0.008961433829412706)	(165, 0.0019203072491598657)	(170, 0.014082613733108864)	(175, 0.011522212264754833)	(180, 0.0)	(185, 0.0025604916143899628)	(190, 0.02688516195109461)	(195, 0.0070413519395723986)	(200, 0.007681474843169889)	(205, 0.03200614517987453)	(210, 0.0064012290359749075)	(215, 0.0)	(220, 0.0)	(225, 0.0)	(230, 0.0)	(235, 0.0)	(240, 0.0)	(245, 0.0019204301763595046)	(250, 0.0012802867842396698)	(255, 0.0006401433921198349)	(260, 0.003840860352719009)	(265, 0.003200716960599174)	(270, 0.009602150881797522)	(275, 0.009602150881797522)	(280, 0.0025605735684793396)	(285, 0.021764875332074385)	(290, 0.014723486521608318)	(295, 0.0)	(300, 0.0)
615A0_S37_L001_R1_001	(1, 0.009458948164964056)	(2, 0.009458948164964056)	(3, 0.028376844494892167)	(4, 0.014188422247446084)	(5, 0.009458948164964056)	(6, 0.009458948164964056)	(7, 0.009458948164964056)	(8, 0.009458948164964056)	(9, 0.009458948164964056)	(10, 0.009458948164964056)	(15, 0.009458948164964056)	(20, 0.009458948164964056)	(25, 0.009458948164964056)	(30, 0.014661369655694288)	(35, 0.007567731194187983)	(40, 0.0)	(45, 0.0018919685933213508)	(50, 0.0018919685933213508)	(55, 0.0009460021947250918)	(60, 0.00378406247487146)	(65, 0.0018920849356927633)	(70, 0.003311179962630969)	(75, 0.0075684113431565)	(80, 0.0014190771268418438)	(85, 0.0)	(90, 0.0)	(95, 0.005203430479803595)	(100, 0.009461095973357554)	(105, 0.008042007663560244)	(110, 0.0)	(115, 0.0052037751023014875)	(120, 0.007096056957683846)	(125, 0.008042197885375026)	(130, 0.003311493246919129)	(135, 0.002838422783073539)	(140, 0.004730704638455898)	(145, 0.0)	(150, 0.0)	(155, 0.003311493246919129)	(160, 0.005676845566147078)	(165, 0.0)	(170, 0.004257634174610309)	(175, 0.01797667762613241)	(180, 0.011826761596139745)	(185, 0.0)	(190, 0.012773023374632776)	(195, 0.017977783244706013)	(200, 0.0)	(205, 0.0)	(210, 0.0)	(215, 0.0)	(220, 0.0)	(225, 0.025074513885603444)	(230, 0.0052041443913516585)	(235, 0.00047310403557742346)	(240, 0.0)	(245, 0.014666225102900127)	(250, 0.06150352462506505)	(255, 0.0009462080711548469)	(260, 0.0)	(265, 0.00047310403557742346)	(270, 0.012300704925013011)	(275, 0.0023655201778871172)	(280, 0.0)	(285, 0.0)	(290, 0.0)	(295, 0.002369028271983398)	(300, 0.004269186435371633)
615A0_S37_L001_R2_001	(1, 0.02364737041241014)	(2, 0.009458948164964056)	(3, 0.009458948164964056)	(4, 0.009458948164964056)	(5, 0.009458948164964056)	(6, 0.009458948164964056)	(7, 0.009458948164964056)	(8, 0.009458948164964056)	(9, 0.009458948164964056)	(10, 0.009458948164964056)	(15, 0.02222852818766553)	(20, 0.014188422247446084)	(25, 0.009458948164964056)	(30, 0.009458948164964056)	(35, 0.006148781595277735)	(40, 0.003310945038312364)	(45, 0.010878819411597768)	(50, 0.0)	(55, 0.005676013168350551)	(60, 0.00378406247487146)	(65, 0.0104064671463102)	(70, 0.0009460693184989665)	(75, 0.001892147587511826)	(80, 0.011352885525070956)	(85, 0.0)	(90, 0.008514865536081743)	(95, 0.011826258077334267)	(100, 0.0)	(105, 0.009461409276911796)	(110, 0.009461498796024278)	(115, 0.013246286309016937)	(120, 0.0)	(125, 0.012773204655123474)	(130, 0.020342511117418867)	(135, 0.0)	(140, 0.022707919386886176)	(145, 0.014665531270697323)	(150, 0.003311571577254234)	(155, 0.029804144195288106)	(160, 0.008042388116188855)	(165, 0.002838489923360772)	(170, 0.015138612924590783)	(175, 0.011353959693443088)	(180, 0.0)	(185, 0.000473081653893462)	(190, 0.02318111070636156)	(195, 0.008042692504210585)	(200, 0.007096560533661353)	(205, 0.03169797038368737)	(210, 0.0080427686048162)	(215, 0.0)	(220, 0.0)	(225, 0.0)	(230, 0.00047311522721358787)	(235, 0.0009462304544271757)	(240, 0.0009462304544271757)	(245, 0.00662361318099023)	(250, 0.003784921817708703)	(255, 0.003784921817708703)	(260, 0.004731152272135879)	(265, 0.003311806590495115)	(270, 0.008042958862630994)	(275, 0.018451493861329927)	(280, 0.004731152272135879)	(285, 0.026021337496747333)	(290, 0.02460199181510657)	(295, 0.0)	(300, 0.0)
615A14_S38_L001_R1_001	(1, 0.005612774675160665)	(2, 0.005612774675160665)	(3, 0.016838324025481997)	(4, 0.008419162012740998)	(5, 0.005612774675160665)	(6, 0.005612774675160665)	(7, 0.005612774675160665)	(8, 0.005612774675160665)	(9, 0.005612774675160665)	(10, 0.005612774675160665)	(15, 0.005612774675160665)	(20, 0.005612774675160665)	(25, 0.005612774675160665)	(30, 0.008980439480257065)	(35, 0.004490421369915299)	(40, 0.0)	(45, 0.00168401199016537)	(50, 0.0016840214432063767)	(55, 0.0011226998686441154)	(60, 0.007297794943189473)	(65, 0.004491102004154269)	(70, 0.0033683265031157015)	(75, 0.010104979509347106)	(80, 0.0011227881074283661)	(85, 0.0)	(90, 0.0)	(95, 0.0028070175438596493)	(100, 0.014596491228070175)	(105, 0.006736842105263157)	(110, 0.0)	(115, 0.0022456140350877196)	(120, 0.003929824561403509)	(125, 0.008421052631578947)	(130, 0.004491228070175439)	(135, 0.003929824561403509)	(140, 0.0050526315789473685)	(145, 0.0)	(150, 0.0)	(155, 0.005614035087719299)	(160, 0.006175438596491228)	(165, 0.0)	(170, 0.0028070175438596493)	(175, 0.017964912280701757)	(180, 0.012912280701754387)	(185, 0.0)	(190, 0.01628106736431976)	(195, 0.022457148952654715)	(200, 0.0)	(205, 0.0)	(210, 0.0)	(215, 0.0)	(220, 0.0)	(225, 0.029757058879674805)	(230, 0.00449173240504197)	(235, 0.0)	(240, 0.0)	(245, 0.015721063417646893)	(250, 0.06119985401869684)	(255, 0.0011229331012604924)	(260, 0.0)	(265, 0.0016843996518907385)	(270, 0.00898346481008394)	(275, 0.0016843996518907385)	(280, 0.0)	(285, 0.0)	(290, 0.0)	(295, 0.0005620219300957124)	(300, 0.0)
615A14_S38_L001_R2_001	(1, 0.016838324025481997)	(2, 0.005612774675160665)	(3, 0.005612774675160665)	(4, 0.005612774675160665)	(5, 0.005612774675160665)	(6, 0.005612774675160665)	(7, 0.005612774675160665)	(8, 0.005612774675160665)	(9, 0.005612774675160665)	(10, 0.005612774675160665)	(15, 0.025257486038222997)	(20, 0.01122554935032133)	(25, 0.005612774675160665)	(30, 0.005612774675160665)	(35, 0.005613026712394125)	(40, 0.003929251028621787)	(45, 0.010665409271047343)	(50, 0.0)	(55, 0.0016840498029661731)	(60, 0.0033682130507028335)	(65, 0.005052489754673553)	(70, 0.0)	(75, 0.0005613877505192837)	(80, 0.007859516751998563)	(85, 0.0)	(90, 0.0033684210526315787)	(95, 0.008421052631578947)	(100, 0.0)	(105, 0.004491228070175439)	(110, 0.0050526315789473685)	(115, 0.011789473684210527)	(120, 0.0)	(125, 0.013473684210526315)	(130, 0.02694736842105263)	(135, 0.0)	(140, 0.016842105263157894)	(145, 0.015719298245614036)	(150, 0.0016842105263157893)	(155, 0.02863157894736842)	(160, 0.006175438596491228)	(165, 0.0011228070175438598)	(170, 0.006736842105263157)	(175, 0.009543859649122806)	(180, 0.0)	(185, 0.0022456140350877196)	(190, 0.024702309104485152)	(195, 0.007860002133429151)	(200, 0.0050529152513825335)	(205, 0.030317491508295203)	(210, 0.006737220335176711)	(215, 0.0)	(220, 0.0)	(225, 0.0)	(230, 0.0)	(235, 0.0)	(240, 0.0)	(245, 0.001684352366515075)	(250, 0.0)	(255, 0.0011229015776767167)	(260, 0.0028072539441917916)	(265, 0.001684352366515075)	(270, 0.007298860254898658)	(275, 0.011790466565605525)	(280, 0.0028072539441917916)	(285, 0.02358093313121105)	(290, 0.019651218937037494)	(295, 0.0)	(300, 0.0)
615B0_S39_L001_R1_001	(1, 0.0)	(2, 0.0)	(3, 0.005711185356520746)	(4, 0.0)	(5, 0.002855592678260373)	(6, 0.0)	(7, 0.0)	(8, 0.0)	(9, 0.0)	(10, 0.0)	(15, 0.0)	(20, 0.0)	(25, 0.0)	(30, 0.0017133556069562237)	(35, 0.0017133556069562237)	(40, 0.0)	(45, 0.0017134045348106688)	(50, 0.0017134045348106688)	(55, 0.0005711348449368896)	(60, 0.0011423218834603216)	(65, 0.0017136002741760439)	(70, 0.0022848003655680585)	(75, 0.002856000456960073)	(80, 0.0005712000913920146)	(85, 0.0)	(90, 0.0)	(95, 0.0011424328106703224)	(100, 0.006283380458686774)	(105, 0.002284865621340645)	(110, 0.0)	(115, 0.0005712164053351612)	(120, 0.0017136492160054837)	(125, 0.003998514837346129)	(130, 0.002284865621340645)	(135, 0.0017136492160054837)	(140, 0.002284865621340645)	(145, 0.0)	(150, 0.0)	(155, 0.002284930880840855)	(160, 0.003427396321261282)	(165, 0.0)	(170, 0.0011424654404204274)	(175, 0.01085342168399406)	(180, 0.007426025362732777)	(185, 0.0)	(190, 0.008568735540258774)	(195, 0.01942246722458656)	(200, 0.0)	(205, 0.0)	(210, 0.0)	(215, 0.0)	(220, 0.0)	(225, 0.023993144815766924)	(230, 0.004570122822050843)	(235, 0.0)	(240, 0.0)	(245, 0.014281633818908884)	(250, 0.043988688622925536)	(255, 0.0005712816704276044)	(260, 0.0)	(265, 0.0)	(270, 0.00914050672684167)	(275, 0.0005712816704276044)	(280, 0.0)	(285, 0.0)	(290, 0.0)	(295, 0.0005720202037535966)	(300, 0.0)
615B0_S39_L001_R2_001	(1, 0.005711185356520746)	(2, 0.0)	(3, 0.0)	(4, 0.0)	(5, 0.0)	(6, 0.0)	(7, 0.0)	(8, 0.0)	(9, 0.0)	(10, 0.0)	(15, 0.014277963391301864)	(20, 0.002855592678260373)	(25, 0.0)	(30, 0.0)	(35, 0.002855592678260373)	(40, 0.0022845263320216344)	(45, 0.005140213604432006)	(50, 0.0)	(55, 0.0005711348449368896)	(60, 0.0017134534654596337)	(65, 0.0034271026702841637)	(70, 0.0)	(75, 0.0)	(80, 0.0034271026702841637)	(85, 0.0)	(90, 0.0022847481636336636)	(95, 0.004569600731136117)	(100, 0.0)	(105, 0.0034272005483520877)	(110, 0.003998400639744102)	(115, 0.0068544010967041755)	(120, 0.0)	(125, 0.00856800137088022)	(130, 0.017707202833152455)	(135, 0.0)	(140, 0.009710401553664249)	(145, 0.011424001827840292)	(150, 0.001713639427415946)	(155, 0.017707708565389998)	(160, 0.005712164053351613)	(165, 0.0)	(170, 0.00456973124268129)	(175, 0.006283380458686774)	(180, 0.0)	(185, 0.0011424328106703224)	(190, 0.017709124769352932)	(195, 0.004570122822050843)	(200, 0.0034275921165381317)	(205, 0.018851756640959727)	(210, 0.003998857469294488)	(215, 0.0)	(220, 0.0)	(225, 0.0)	(230, 0.0)	(235, 0.0)	(240, 0.0)	(245, 0.002856489945155393)	(250, 0.0005713143085668581)	(255, 0.0011426286171337162)	(260, 0.00285657154283429)	(265, 0.0022852572342674324)	(270, 0.006284457394235439)	(275, 0.007998400319936013)	(280, 0.0017139429257005741)	(285, 0.01485417202273831)	(290, 0.01199760047990402)	(295, 0.0)	(300, 0.0)
615B14_S40_L001_R1_001	(1, 0.033598387277410685)	(2, 0.033598387277410685)	(3, 0.044797849703214244)	(4, 0.033598387277410685)	(5, 0.033598387277410685)	(6, 0.033598387277410685)	(7, 0.033598387277410685)	(8, 0.033598387277410685)	(9, 0.033598387277410685)	(10, 0.033598387277410685)	(15, 0.033598387277410685)	(20, 0.033598387277410685)	(25, 0.033598387277410685)	(30, 0.038078172247732106)	(35, 0.008961978804920126)	(40, 0.0)	(45, 0.0)	(50, 0.0)	(55, 0.0)	(60, 0.0067226890756302525)	(65, 0.0067226890756302525)	(70, 0.002240896358543417)	(75, 0.017927170868347338)	(80, 0.002240896358543417)	(85, 0.0)	(90, 0.0)	(95, 0.0067226890756302525)	(100, 0.013445378151260505)	(105, 0.0067226890756302525)	(110, 0.0)	(115, 0.0067226890756302525)	(120, 0.011204481792717087)	(125, 0.017927170868347338)	(130, 0.008963585434173669)	(135, 0.002240896358543417)	(140, 0.002240896358543417)	(145, 0.0)	(150, 0.0)	(155, 0.008963585434173669)	(160, 0.011204481792717087)	(165, 0.0)	(170, 0.002240896358543417)	(175, 0.022408963585434174)	(180, 0.01568627450980392)	(185, 0.0)	(190, 0.015686626030835423)	(195, 0.020170327207530255)	(200, 0.0)	(205, 0.0)	(210, 0.0)	(215, 0.0)	(220, 0.0)	(225, 0.029134917077543704)	(230, 0.008964589870013447)	(235, 0.0)	(240, 0.0)	(245, 0.017929179740026894)	(250, 0.05826983415508741)	(255, 0.0)	(260, 0.0)	(265, 0.0022411474675033617)	(270, 0.013446884805020171)	(275, 0.0022411474675033617)	(280, 0.0)	(285, 0.0)	(290, 0.0)	(295, 0.0)	(300, 0.0)
615B14_S40_L001_R2_001	(1, 0.044797849703214244)	(2, 0.033598387277410685)	(3, 0.033598387277410685)	(4, 0.033598387277410685)	(5, 0.033598387277410685)	(6, 0.033598387277410685)	(7, 0.033598387277410685)	(8, 0.033598387277410685)	(9, 0.033598387277410685)	(10, 0.033598387277410685)	(15, 0.053757419643857086)	(20, 0.038078172247732106)	(25, 0.033598387277410685)	(30, 0.033598387277410685)	(35, 0.008961978804920126)	(40, 0.0)	(45, 0.013443871835088507)	(50, 0.0)	(55, 0.00448159186142918)	(60, 0.0067226890756302525)	(65, 0.011204481792717087)	(70, 0.002240896358543417)	(75, 0.002240896358543417)	(80, 0.01568627450980392)	(85, 0.0)	(90, 0.008963585434173669)	(95, 0.01568627450980392)	(100, 0.0)	(105, 0.011204481792717087)	(110, 0.01568627450980392)	(115, 0.01568627450980392)	(120, 0.0)	(125, 0.013445378151260505)	(130, 0.02464985994397759)	(135, 0.0)	(140, 0.022408963585434174)	(145, 0.02464985994397759)	(150, 0.002240896358543417)	(155, 0.02464985994397759)	(160, 0.0067226890756302525)	(165, 0.002240896358543417)	(170, 0.01568627450980392)	(175, 0.008963585434173669)	(180, 0.0)	(185, 0.002240896358543417)	(190, 0.02016851918250269)	(195, 0.0044822949350067235)	(200, 0.0044822949350067235)	(205, 0.026893769610040343)	(210, 0.0044822949350067235)	(215, 0.0022411474675033617)	(220, 0.0022411474675033617)	(225, 0.01120573733751681)	(230, 0.0022411474675033617)	(235, 0.0)	(240, 0.0022411474675033617)	(245, 0.01120573733751681)	(250, 0.0044822949350067235)	(255, 0.01120573733751681)	(260, 0.006723442402510086)	(265, 0.0022411474675033617)	(270, 0.01120573733751681)	(275, 0.01120573733751681)	(280, 0.0022411474675033617)	(285, 0.026893769610040343)	(290, 0.01120573733751681)	(295, 0.0)	(300, 0.0)
621A0_S57_L001_R1_001	(1, 0.002698909640505236)	(2, 0.002698909640505236)	(3, 0.01349454820252618)	(4, 0.002698909640505236)	(5, 0.005397819281010472)	(6, 0.002698909640505236)	(7, 0.002698909640505236)	(8, 0.002698909640505236)	(9, 0.002698909640505236)	(10, 0.002698909640505236)	(15, 0.002698909640505236)	(20, 0.002698909640505236)	(25, 0.002698909640505236)	(30, 0.005397819281010472)	(35, 0.0043184185951104705)	(40, 0.0)	(45, 0.003239006272875482)	(50, 0.0)	(55, 0.0005398402072986396)	(60, 0.0010797095581288633)	(65, 0.0005398780955260302)	(70, 0.004319071399649075)	(75, 0.008098258874342016)	(80, 0.0021595356998245375)	(85, 0.0)	(90, 0.0)	(95, 0.0032393035497368067)	(100, 0.008098258874342016)	(105, 0.006478607099473613)	(110, 0.0)	(115, 0.0032393035497368067)	(120, 0.003779187474692941)	(125, 0.00863814279929815)	(130, 0.0032393035497368067)	(135, 0.0026994196247806723)	(140, 0.00485895532460521)	(145, 0.0)	(150, 0.0)	(155, 0.0026994633466866785)	(160, 0.004859086491739553)	(165, 0.0)	(170, 0.002699492495410863)	(175, 0.015657056473383005)	(180, 0.011877766979807797)	(185, 0.0)	(190, 0.010798261479901736)	(195, 0.018897161646320722)	(200, 0.0)	(205, 0.0)	(210, 0.0)	(215, 0.0)	(220, 0.0)	(225, 0.02429805615550756)	(230, 0.005399568034557235)	(235, 0.0005399568034557236)	(240, 0.0005399568034557236)	(245, 0.016738660907127428)	(250, 0.05453563714902808)	(255, 0.0016198704103671706)	(260, 0.0)	(265, 0.0)	(270, 0.007019438444924406)	(275, 0.0021598272138228943)	(280, 0.0)	(285, 0.0)	(290, 0.0)	(295, 0.0005423699396884627)	(300, 0.0)
621A0_S57_L001_R2_001	(1, 0.01349454820252618)	(2, 0.002698909640505236)	(3, 0.002698909640505236)	(4, 0.002698909640505236)	(5, 0.002698909640505236)	(6, 0.002698909640505236)	(7, 0.002698909640505236)	(8, 0.002698909640505236)	(9, 0.002698909640505236)	(10, 0.002698909640505236)	(15, 0.011875202418223037)	(20, 0.005937601209111519)	(25, 0.002698909640505236)	(30, 0.002698909640505236)	(35, 0.003238813946332853)	(40, 0.0026990699005122834)	(45, 0.009177184439813866)	(50, 0.0)	(55, 0.003239041243791838)	(60, 0.0021594191162577266)	(65, 0.005398780955260302)	(70, 0.0010797678499122687)	(75, 0.0010797678499122687)	(80, 0.007018491024429747)	(85, 0.0)	(90, 0.004319071399649075)	(95, 0.007558374949385882)	(100, 0.0)	(105, 0.007018491024429747)	(110, 0.004859086491739553)	(115, 0.00647878198898607)	(120, 0.0)	(125, 0.01025807148256128)	(130, 0.016196954972465177)	(135, 0.0)	(140, 0.01295756397797214)	(145, 0.011877766979807797)	(150, 0.00215959399632869)	(155, 0.02321601148922615)	(160, 0.006478956887941041)	(165, 0.0005399130739950868)	(170, 0.004319304591960694)	(175, 0.007558783035931215)	(180, 0.0)	(185, 0.0005399130739950868)	(190, 0.016737757140543166)	(195, 0.00377953436136668)	(200, 0.004859480035636187)	(205, 0.020517804594908345)	(210, 0.004859480035636187)	(215, 0.0)	(220, 0.0)	(225, 0.0)	(230, 0.0)	(235, 0.0)	(240, 0.0)	(245, 0.0)	(250, 0.0021598272138228943)	(255, 0.0016198704103671706)	(260, 0.0032397408207343412)	(265, 0.0016198704103671706)	(270, 0.008099352051835854)	(275, 0.010259179265658747)	(280, 0.0026997840172786176)	(285, 0.019438444924406047)	(290, 0.017818574514038878)	(295, 0.0)	(300, 0.0)
621A14_S58_L001_R1_001	(1, 0.0030254439839046384)	(2, 0.0030254439839046384)	(3, 0.015127219919523191)	(4, 0.0030254439839046384)	(5, 0.0030254439839046384)	(6, 0.0030254439839046384)	(7, 0.0030254439839046384)	(8, 0.0030254439839046384)	(9, 0.0030254439839046384)	(10, 0.0030254439839046384)	(15, 0.0030254439839046384)	(20, 0.0030254439839046384)	(25, 0.0030254439839046384)	(30, 0.00484071037424742)	(35, 0.0036306206546009045)	(40, 0.0)	(45, 0.001210272795488103)	(50, 0.0024205748865355524)	(55, 0.0006051547078010493)	(60, 0.003025920030985421)	(65, 0.0006051986564589827)	(70, 0.002420794625835931)	(75, 0.0036312358911355478)	(80, 0.0012104339405676935)	(85, 0.0)	(90, 0.0)	(95, 0.0024209411408685124)	(100, 0.0024209411408685124)	(105, 0.004236749565733169)	(110, 0.0)	(115, 0.0024212342241457584)	(120, 0.003026561100215491)	(125, 0.004842615012106537)	(130, 0.0012106537530266342)	(135, 0.0006053268765133171)	(140, 0.0018159806295399517)	(145, 0.0)	(150, 0.0)	(155, 0.0036319612590799033)	(160, 0.003026634382566586)	(165, 0.0)	(170, 0.003026634382566586)	(175, 0.00847457627118644)	(180, 0.00423728813559322)	(185, 0.0)	(190, 0.008474832773389025)	(195, 0.008474986682163784)	(200, 0.0)	(205, 0.001210727041588474)	(210, 0.0)	(215, 0.000605363520794237)	(220, 0.00060537451494367)	(225, 0.019372219027151374)	(230, 0.003632291067590883)	(235, 0.0)	(240, 0.0)	(245, 0.009080727668977207)	(250, 0.036323790266435)	(255, 0.0012108003390240948)	(260, 0.0)	(265, 0.0006054001695120474)	(270, 0.006659401864632522)	(275, 0.0006054001695120474)	(280, 0.0)	(285, 0.0)	(290, 0.0)	(295, 0.0006068587172220435)	(300, 0.0)
621A14_S58_L001_R2_001	(1, 0.012101775935618553)	(2, 0.0030254439839046384)	(3, 0.0030254439839046384)	(4, 0.0030254439839046384)	(5, 0.0030254439839046384)	(6, 0.0030254439839046384)	(7, 0.0030254439839046384)	(8, 0.0030254439839046384)	(9, 0.0030254439839046384)	(10, 0.0030254439839046384)	(15, 0.010891598342056696)	(20, 0.00484071037424742)	(25, 0.0030254439839046384)	(30, 0.0030254439839046384)	(35, 0.0018153103273004522)	(40, 0.0018153652514885997)	(45, 0.006656500375184566)	(50, 0.0)	(55, 0.0024206188312041973)	(60, 0.001815552018591253)	(65, 0.005446787908130844)	(70, 0.0006051986564589827)	(75, 0.0012104119637118493)	(80, 0.006657386673122314)	(85, 0.0)	(90, 0.005447117566954153)	(95, 0.0066575881373884096)	(100, 0.0)	(105, 0.004841970197673433)	(110, 0.005447612130016342)	(115, 0.0060529023666848255)	(120, 0.0)	(125, 0.005447777004327956)	(130, 0.010290245452619473)	(135, 0.0)	(140, 0.012711479676765232)	(145, 0.009079628340546594)	(150, 0.0018159256681093187)	(155, 0.019975182349202505)	(160, 0.0030265427801821976)	(165, 0.0006053085560364396)	(170, 0.007263702672437275)	(175, 0.006053085560364395)	(180, 0.0006053085560364396)	(185, 0.0)	(190, 0.012106537530266344)	(195, 0.0036319612590799033)	(200, 0.004842615012106537)	(205, 0.013922518159806295)	(210, 0.003026634382566586)	(215, 0.0006053268765133171)	(220, 0.0006053378693317676)	(225, 0.0018160355942976481)	(230, 0.000605345198099216)	(235, 0.0)	(240, 0.001210690396198432)	(245, 0.00302672599049608)	(250, 0.002421439424665993)	(255, 0.0030268176039711845)	(260, 0.0030268176039711845)	(265, 0.001816090562382711)	(270, 0.006658998728736606)	(275, 0.007869725770325079)	(280, 0.002421454083176948)	(285, 0.018766269144621345)	(290, 0.012712633936678975)	(295, 0.0)	(300, 0.0)
621B0_S59_L001_R1_001	(1, 0.003061099546957267)	(2, 0.003061099546957267)	(3, 0.015305497734786335)	(4, 0.003061099546957267)	(5, 0.003061099546957267)	(6, 0.003061099546957267)	(7, 0.003061099546957267)	(8, 0.003061099546957267)	(9, 0.003061099546957267)	(10, 0.003061099546957267)	(15, 0.003061099546957267)	(20, 0.003061099546957267)	(25, 0.003061099546957267)	(30, 0.007346638912697441)	(35, 0.006122461474411172)	(40, 0.0)	(45, 0.0024490295720320824)	(50, 0.0012245372779760848)	(55, 0.0024492095176281855)	(60, 0.0018369633770734725)	(65, 0.00122469474483485)	(70, 0.004286457854934019)	(75, 0.011022320198401764)	(80, 0.0012247022442668626)	(85, 0.0)	(90, 0.0)	(95, 0.0030617556106671564)	(100, 0.011634885059582859)	(105, 0.008573178199632577)	(110, 0.0)	(115, 0.004898958971218616)	(120, 0.007960808328230252)	(125, 0.007348438456827924)	(130, 0.003061849357011635)	(135, 0.001224739742804654)	(140, 0.003674219228413962)	(145, 0.0)	(150, 0.0)	(155, 0.004286589099816288)	(160, 0.004898958971218616)	(165, 0.0)	(170, 0.003061849357011635)	(175, 0.013472137170851195)	(180, 0.010410287813839559)	(185, 0.0)	(190, 0.011023197707174876)	(195, 0.017147721496506153)	(200, 0.0)	(205, 0.0)	(210, 0.0)	(215, 0.0)	(220, 0.0006124261260985394)	(225, 0.01959763603515326)	(230, 0.003674556756591236)	(235, 0.0006124261260985394)	(240, 0.0)	(245, 0.011023670269773708)	(250, 0.04286982882689776)	(255, 0.0012248522521970788)	(260, 0.0)	(265, 0.001224889759921607)	(270, 0.01224889759921607)	(275, 0.0018373346398824107)	(280, 0.0)	(285, 0.0)	(290, 0.0)	(295, 0.0024596766755010054)	(300, 0.0036888118337083625)
621B0_S59_L001_R2_001	(1, 0.012244398187829068)	(2, 0.003061099546957267)	(3, 0.003061099546957267)	(4, 0.003061099546957267)	(5, 0.003061099546957267)	(6, 0.003061099546957267)	(7, 0.003061099546957267)	(8, 0.003061099546957267)	(9, 0.003061099546957267)	(10, 0.003061099546957267)	(15, 0.01591771764417779)	(20, 0.006734419003305987)	(25, 0.003061099546957267)	(30, 0.003061099546957267)	(35, 0.004285723032087821)	(40, 0.0012245147860160412)	(45, 0.007347088716096246)	(50, 0.0)	(55, 0.0036737018056244375)	(60, 0.0012246047588140927)	(65, 0.007960272118840738)	(70, 0.0012246647480252282)	(75, 0.0018369971220378422)	(80, 0.009797317984201826)	(85, 0.0)	(90, 0.006123323740126141)	(95, 0.007960320862163982)	(100, 0.0)	(105, 0.006735862343467744)	(110, 0.004898958971218616)	(115, 0.007348438456827924)	(120, 0.0)	(125, 0.007960808328230252)	(130, 0.01224739742804654)	(135, 0.0)	(140, 0.011022657685241886)	(145, 0.011022657685241886)	(150, 0.002449479485609308)	(155, 0.015309246785058175)	(160, 0.003674219228413962)	(165, 0.002449479485609308)	(170, 0.00612369871402327)	(175, 0.004898958971218616)	(180, 0.0)	(185, 0.0006123736213938848)	(190, 0.0122484475092782)	(195, 0.0036747367969769164)	(200, 0.003062318174858368)	(205, 0.014699127239320165)	(210, 0.004287245444801715)	(215, 0.0)	(220, 0.0)	(225, 0.0006124636349716736)	(230, 0.0)	(235, 0.0)	(240, 0.0)	(245, 0.0024498545398866944)	(250, 0.0018373909049150207)	(255, 0.0006124636349716736)	(260, 0.0036747818098300414)	(265, 0.0018373909049150207)	(270, 0.005512172714745062)	(275, 0.012249272699433471)	(280, 0.003062318174858368)	(285, 0.015924054509263513)	(290, 0.01592415203890393)	(295, 0.0)	(300, 0.0)
621B14_S60_L001_R1_001	(1, 0.0)	(2, 0.0)	(3, 0.009392611145898561)	(4, 0.0)	(5, 0.0)	(6, 0.0)	(7, 0.0031308703819661866)	(8, 0.0)	(9, 0.0)	(10, 0.0)	(15, 0.0)	(20, 0.0)	(25, 0.0)	(30, 0.0006261740763932374)	(35, 0.0012523481527864748)	(40, 0.0)	(45, 0.000626205445482554)	(50, 0.0)	(55, 0.0012524265764919532)	(60, 0.0018786398647379298)	(65, 0.0012524265764919532)	(70, 0.0012524501055189213)	(75, 0.0037573973760841655)	(80, 0.0006262328960140276)	(85, 0.0)	(90, 0.0)	(95, 0.0018786986880420828)	(100, 0.006888561856154304)	(105, 0.005009863168112221)	(110, 0.0)	(115, 0.0025049315840561105)	(120, 0.003131223306321314)	(125, 0.005010333813490324)	(130, 0.002505166906745162)	(135, 0.002505166906745162)	(140, 0.001252583453372581)	(145, 0.0)	(150, 0.0)	(155, 0.005010333813490324)	(160, 0.003131458633431452)	(165, 0.0)	(170, 0.0006262917266862905)	(175, 0.010646959353666939)	(180, 0.006889208993549194)	(185, 0.0)	(190, 0.010021420786932068)	(195, 0.011900660799849675)	(200, 0.0)	(205, 0.0)	(210, 0.0)	(215, 0.0)	(220, 0.0)	(225, 0.017538914466472485)	(230, 0.006890287826114191)	(235, 0.0)	(240, 0.0)	(245, 0.016286134861724453)	(250, 0.03821073533741332)	(255, 0.0)	(260, 0.0)	(265, 0.0006264094211976949)	(270, 0.004384865948383864)	(275, 0.0006264094211976949)	(280, 0.0)	(285, 0.0)	(290, 0.0)	(295, 0.0006283775292195551)	(300, 0.0)
621B14_S60_L001_R2_001	(1, 0.009392611145898561)	(2, 0.0031308703819661866)	(3, 0.0031308703819661866)	(4, 0.0031308703819661866)	(5, 0.0031308703819661866)	(6, 0.0031308703819661866)	(7, 0.0031308703819661866)	(8, 0.0031308703819661866)	(9, 0.0031308703819661866)	(10, 0.0031308703819661866)	(15, 0.015028177833437696)	(20, 0.005009392611145899)	(25, 0.0031308703819661866)	(30, 0.0031308703819661866)	(35, 0.0031309488027251777)	(40, 0.002504821781930216)	(45, 0.0062622505275946065)	(50, 0.0)	(55, 0.0012524657920280553)	(60, 0.0018786986880420828)	(65, 0.0031311644800701382)	(70, 0.0)	(75, 0.00062625250501002)	(80, 0.00438376753507014)	(85, 0.0)	(90, 0.00187875751503006)	(95, 0.00501002004008016)	(100, 0.0)	(105, 0.0031312625250501)	(110, 0.00125250501002004)	(115, 0.00501002004008016)	(120, 0.0)	(125, 0.006888993267574761)	(130, 0.013777986535149523)	(135, 0.0)	(140, 0.005010176921872553)	(145, 0.011272898074213245)	(150, 0.0006262721152340691)	(155, 0.0162830749960858)	(160, 0.0018788163457022077)	(165, 0.0006262721152340691)	(170, 0.005010176921872553)	(175, 0.0037576326914044154)	(180, 0.0)	(185, 0.0012525442304681382)	(190, 0.010647292769235588)	(195, 0.003131556696833996)	(200, 0.002505245357467197)	(205, 0.015031472144803182)	(210, 0.0043843990554751746)	(215, 0.0)	(220, 0.0)	(225, 0.0)	(230, 0.0)	(235, 0.0)	(240, 0.0)	(245, 0.0018790517052394225)	(250, 0.0006263662614076956)	(255, 0.0025054807391168177)	(260, 0.0018791105543376136)	(265, 0.0006263701847792044)	(270, 0.008142812402129659)	(275, 0.005637331663012841)	(280, 0.0006263701847792044)	(285, 0.0137801440651425)	(290, 0.010021985731197815)	(295, 0.0)	(300, 0.0)
622A0_S61_L001_R1_001	(1, 0.005044899606497831)	(2, 0.0025224498032489157)	(3, 0.01513469881949349)	(4, 0.005044899606497831)	(5, 0.0025224498032489157)	(6, 0.0025224498032489157)	(7, 0.0025224498032489157)	(8, 0.0025224498032489157)	(9, 0.0025224498032489157)	(10, 0.0025224498032489157)	(15, 0.0025224498032489157)	(20, 0.0025224498032489157)	(25, 0.0025224498032489157)	(30, 0.007567349409746745)	(35, 0.008072002260160633)	(40, 0.0)	(45, 0.005045332310812651)	(50, 0.001009107192411514)	(55, 0.0020182551175381325)	(60, 0.006054795902921439)	(65, 0.004036530601947626)	(70, 0.006559362228164892)	(75, 0.013118724456329785)	(80, 0.0015136989757303597)	(85, 0.0)	(90, 0.0)	(95, 0.005550229577677986)	(100, 0.02018265300973813)	(105, 0.014632423432060145)	(110, 0.0)	(115, 0.007063928553408345)	(120, 0.010091479259487252)	(125, 0.014128213537856045)	(130, 0.006559527714004592)	(135, 0.007568685823851453)	(140, 0.010091581098468604)	(145, 0.0)	(150, 0.0)	(155, 0.009587002043545173)	(160, 0.009082422988621743)	(165, 0.0)	(170, 0.002522895274617151)	(175, 0.02623811085601837)	(180, 0.017660266922320055)	(185, 0.0)	(190, 0.021192320306784064)	(195, 0.026742689910941798)	(200, 0.0)	(205, 0.0)	(210, 0.0)	(215, 0.0)	(220, 0.0)	(225, 0.032294689037466885)	(230, 0.008578276775577142)	(235, 0.0010092090324208402)	(240, 0.0005046045162104201)	(245, 0.019679576132206385)	(250, 0.06509398259114418)	(255, 0.0010092090324208402)	(260, 0.0)	(265, 0.0020184180648416803)	(270, 0.021697994197048064)	(275, 0.0020184180648416803)	(280, 0.0)	(285, 0.0)	(290, 0.0)	(295, 0.0030285898885478923)	(300, 0.0032274201616937503)
622A0_S61_L001_R2_001	(1, 0.020179598425991326)	(2, 0.0025224498032489157)	(3, 0.0025224498032489157)	(4, 0.0025224498032489157)	(5, 0.0025224498032489157)	(6, 0.0025224498032489157)	(7, 0.0025224498032489157)	(8, 0.0025224498032489157)	(9, 0.0025224498032489157)	(10, 0.0025224498032489157)	(15, 0.029260417717687417)	(20, 0.011098779134295227)	(25, 0.0025224498032489157)	(30, 0.0025224498032489157)	(35, 0.007567502118900594)	(40, 0.0060542460445592505)	(45, 0.014126930470275426)	(50, 0.0)	(55, 0.004541074014460798)	(60, 0.007063928553408345)	(65, 0.013118724456329785)	(70, 0.002018265300973813)	(75, 0.0030273979514607195)	(80, 0.017155255058277412)	(85, 0.0)	(90, 0.008073061203895253)	(95, 0.01816438770876432)	(100, 0.0)	(105, 0.013118724456329785)	(110, 0.011100459155355971)	(115, 0.021191785660225036)	(120, 0.0)	(125, 0.017155687867396626)	(130, 0.030779322350329236)	(135, 0.0)	(140, 0.020687741251860636)	(145, 0.019174004087090347)	(150, 0.002522895274617151)	(155, 0.039861745338950975)	(160, 0.010091581098468604)	(165, 0.0030274743295405806)	(170, 0.017660266922320055)	(175, 0.013119055428009185)	(180, 0.0)	(185, 0.0030274743295405806)	(190, 0.03229305951509953)	(195, 0.011100739208315462)	(200, 0.008577843933698313)	(205, 0.03885258722910412)	(210, 0.007568685823851453)	(215, 0.0)	(220, 0.0)	(225, 0.0010092090324208402)	(230, 0.0005046045162104201)	(235, 0.0010092090324208402)	(240, 0.0015138135486312601)	(245, 0.006559858710735461)	(250, 0.004036836129683361)	(255, 0.0050460451621042015)	(260, 0.006559858710735461)	(265, 0.003532231613472941)	(270, 0.010596694840418822)	(275, 0.025734830326731423)	(280, 0.0060552541945250405)	(285, 0.029771666456414787)	(290, 0.033303898069887726)	(295, 0.0)	(300, 0.0)
622A14_S62_L001_R1_001	(1, 0.0)	(2, 0.0)	(3, 0.02390723990915249)	(4, 0.0)	(5, 0.0)	(6, 0.0)	(7, 0.0)	(8, 0.0)	(9, 0.0)	(10, 0.0)	(15, 0.0)	(20, 0.0)	(25, 0.0)	(30, 0.0007969079969717496)	(35, 0.0)	(40, 0.0)	(45, 0.0)	(50, 0.0)	(55, 0.0)	(60, 0.0007969524538166054)	(65, 0.0007969715082685795)	(70, 0.002390914524805738)	(75, 0.0007969715082685795)	(80, 0.0007969715082685795)	(85, 0.0)	(90, 0.0)	(95, 0.0023910479166002487)	(100, 0.004782400765184123)	(105, 0.004782515124704082)	(110, 0.0)	(115, 0.002391352868029206)	(120, 0.0039856516540454365)	(125, 0.005579912315663611)	(130, 0.0015942606616181746)	(135, 0.0031885213232363493)	(140, 0.0039856516540454365)	(145, 0.0)	(150, 0.0)	(155, 0.0039856516540454365)	(160, 0.004782781984854523)	(165, 0.0)	(170, 0.0015942606616181746)	(175, 0.010362694300518135)	(180, 0.007174172977281786)	(185, 0.0)	(190, 0.009566326530612245)	(195, 0.011957908163265306)	(200, 0.0)	(205, 0.0)	(210, 0.0)	(215, 0.0)	(220, 0.0)	(225, 0.016741071428571428)	(230, 0.003985969387755102)	(235, 0.0)	(240, 0.0007971938775510204)	(245, 0.012755102040816327)	(250, 0.03985969387755102)	(255, 0.0007971938775510204)	(260, 0.0)	(265, 0.0)	(270, 0.006377551020408163)	(275, 0.0015943877551020409)	(280, 0.0)	(285, 0.0)	(290, 0.0)	(295, 0.0007990347660026687)	(300, 0.0)
622A14_S62_L001_R2_001	(1, 0.011953619954576245)	(2, 0.0)	(3, 0.0)	(4, 0.0)	(5, 0.0)	(6, 0.0)	(7, 0.0)	(8, 0.0)	(9, 0.0)	(10, 0.0)	(15, 0.010359803960632744)	(20, 0.0031876319878869986)	(25, 0.0)	(30, 0.0)	(35, 0.0007969079969717496)	(40, 0.003187886033074318)	(45, 0.0047820196062803855)	(50, 0.0)	(55, 0.003188038479624449)	(60, 0.002391143205566581)	(65, 0.0023912003825920613)	(70, 0.0007970667941973537)	(75, 0.0)	(80, 0.004782400765184123)	(85, 0.0)	(90, 0.003985492806185485)	(95, 0.008768084173608068)	(100, 0.0)	(105, 0.005579823358734815)	(110, 0.004782781984854523)	(115, 0.005579912315663611)	(120, 0.0)	(125, 0.00876843363889996)	(130, 0.014348345954563572)	(135, 0.0)	(140, 0.007971303308090873)	(145, 0.009565563969709047)	(150, 0.0015942606616181746)	(155, 0.01753686727779992)	(160, 0.0031885213232363493)	(165, 0.0015942606616181746)	(170, 0.00876843363889996)	(175, 0.006377042646472699)	(180, 0.0)	(185, 0.0015942606616181746)	(190, 0.01674040416118618)	(195, 0.004782972617481765)	(200, 0.0039858105145681375)	(205, 0.020726214675754317)	(210, 0.0039858105145681375)	(215, 0.0)	(220, 0.0)	(225, 0.0)	(230, 0.0)	(235, 0.0)	(240, 0.0)	(245, 0.0023915816326530613)	(250, 0.0015943877551020409)	(255, 0.0007971938775510204)	(260, 0.0023915816326530613)	(265, 0.0015943877551020409)	(270, 0.006377551020408163)	(275, 0.009566326530612245)	(280, 0.0015943877551020409)	(285, 0.01992984693877551)	(290, 0.01434948979591837)	(295, 0.0)	(300, 0.0)
622B0_S63_L001_R1_001	(1, 0.007983075879136232)	(2, 0.007983075879136232)	(3, 0.03193230351654493)	(4, 0.007983075879136232)	(5, 0.007983075879136232)	(6, 0.007983075879136232)	(7, 0.007983075879136232)	(8, 0.007983075879136232)	(9, 0.007983075879136232)	(10, 0.007983075879136232)	(15, 0.007983075879136232)	(20, 0.007983075879136232)	(25, 0.007983075879136232)	(30, 0.0103779986428771)	(35, 0.002395075724310817)	(40, 0.0)	(45, 0.0)	(50, 0.0)	(55, 0.0)	(60, 0.003992494111071186)	(65, 0.002395496466642712)	(70, 0.001597112420743296)	(75, 0.006388500698742263)	(80, 0.0015971251746855657)	(85, 0.0)	(90, 0.0)	(95, 0.004791375524056698)	(100, 0.010381313635456179)	(105, 0.006388551715326135)	(110, 0.0)	(115, 0.006388755789809935)	(120, 0.010381728158441144)	(125, 0.011180322632167386)	(130, 0.003992972368631209)	(135, 0.0023957834211787254)	(140, 0.005590161316083693)	(145, 0.0)	(150, 0.0)	(155, 0.005590161316083693)	(160, 0.005590161316083693)	(165, 0.0)	(170, 0.003992972368631209)	(175, 0.019166267369429803)	(180, 0.010381728158441144)	(185, 0.0)	(190, 0.015173900890468394)	(195, 0.025556043604999402)	(200, 0.0)	(205, 0.0)	(210, 0.0)	(215, 0.0)	(220, 0.0)	(225, 0.027954155185495783)	(230, 0.004792140888942135)	(235, 0.0)	(240, 0.0)	(245, 0.015973802963140448)	(250, 0.05351223992652051)	(255, 0.0007986901481570226)	(260, 0.0)	(265, 0.0031947605926280903)	(270, 0.01836987340761152)	(275, 0.0023960704444710673)	(280, 0.0)	(285, 0.0)	(290, 0.0)	(295, 0.003207930002967335)	(300, 0.007990624334114639)
622B0_S63_L001_R2_001	(1, 0.019957689697840578)	(2, 0.007983075879136232)	(3, 0.007983075879136232)	(4, 0.007983075879136232)	(5, 0.007983075879136232)	(6, 0.007983075879136232)	(7, 0.007983075879136232)	(8, 0.007983075879136232)	(9, 0.007983075879136232)	(10, 0.007983075879136232)	(15, 0.02554584281323594)	(20, 0.011176306230790724)	(25, 0.007983075879136232)	(30, 0.007983075879136232)	(35, 0.006386868598162178)	(40, 0.002395152211923068)	(45, 0.01197623914154318)	(50, 0.0)	(55, 0.0031938167707318632)	(60, 0.003193995288856949)	(65, 0.003992494111071186)	(70, 0.0)	(75, 0.002395687762028349)	(80, 0.010381313635456179)	(85, 0.0)	(90, 0.007187063286085047)	(95, 0.009582751048113396)	(100, 0.0)	(105, 0.007985689644157669)	(110, 0.010381728158441144)	(115, 0.013576106053346111)	(120, 0.0)	(125, 0.009583133684714902)	(130, 0.016770483948251078)	(135, 0.0)	(140, 0.01277751157961987)	(145, 0.015971889474524836)	(150, 0.0015971889474524837)	(155, 0.02236064526433477)	(160, 0.005590161316083693)	(165, 0.0023957834211787254)	(170, 0.011978917105893628)	(175, 0.010381728158441144)	(180, 0.0)	(185, 0.0007985944737262418)	(190, 0.019167032703749552)	(195, 0.005590384538593619)	(200, 0.004791758175937388)	(205, 0.02395879087968694)	(210, 0.004791758175937388)	(215, 0.0007986454972366866)	(220, 0.0007986773902417596)	(225, 0.0023960704444710673)	(230, 0.0)	(235, 0.0)	(240, 0.0015973802963140452)	(245, 0.007986901481570224)	(250, 0.0015973802963140452)	(255, 0.006389521185256181)	(260, 0.006389521185256181)	(265, 0.0031947605926280903)	(270, 0.007188211333413202)	(275, 0.012779042370512361)	(280, 0.0023960704444710673)	(285, 0.020765943852082584)	(290, 0.01677249311129747)	(295, 0.0)	(300, 0.0)
622B14_S64_L001_R1_001	(1, 0.0088261253309797)	(2, 0.0088261253309797)	(3, 0.01323918799646955)	(4, 0.0176522506619594)	(5, 0.01323918799646955)	(6, 0.0088261253309797)	(7, 0.0088261253309797)	(8, 0.0088261253309797)	(9, 0.0088261253309797)	(10, 0.0088261253309797)	(15, 0.0088261253309797)	(20, 0.0088261253309797)	(25, 0.0088261253309797)	(30, 0.01676963812886143)	(35, 0.00794407372100413)	(40, 0.0)	(45, 0.004413608036297512)	(50, 0.0035309175972105754)	(55, 0.0035309175972105754)	(60, 0.007061835194421151)	(65, 0.004413646996513219)	(70, 0.007061835194421151)	(75, 0.013240940989539656)	(80, 0.0017654587986052877)	(85, 0.0)	(90, 0.0)	(95, 0.005296376395815862)	(100, 0.01942004678465816)	(105, 0.014123670388842302)	(110, 0.0)	(115, 0.007061835194421151)	(120, 0.00971002339232908)	(125, 0.015889129187447587)	(130, 0.005296376395815862)	(135, 0.0061791057951185065)	(140, 0.00971002339232908)	(145, 0.0)	(150, 0.0)	(155, 0.007944564593723794)	(160, 0.008827293993026439)	(165, 0.0)	(170, 0.002648188197907931)	(175, 0.021185505583263448)	(180, 0.013240940989539656)	(185, 0.0)	(190, 0.015889129187447587)	(195, 0.01588969023931639)	(200, 0.0)	(205, 0.0)	(210, 0.0)	(215, 0.0)	(220, 0.0)	(225, 0.0194226185221153)	(230, 0.007945616668138077)	(235, 0.0008828462964597864)	(240, 0.0)	(245, 0.021188311115034872)	(250, 0.06356717814701675)	(255, 0.0026486558071778573)	(260, 0.0)	(265, 0.0026486558071778573)	(270, 0.01677482011212643)	(275, 0.0035315410762371434)	(280, 0.0)	(285, 0.0)	(290, 0.0)	(295, 0.0026564658378493253)	(300, 0.003094059405940594)
622B14_S64_L001_R2_001	(1, 0.03089143865842895)	(2, 0.0088261253309797)	(3, 0.0088261253309797)	(4, 0.0088261253309797)	(5, 0.0088261253309797)	(6, 0.0088261253309797)	(7, 0.0088261253309797)	(8, 0.0088261253309797)	(9, 0.0088261253309797)	(10, 0.0088261253309797)	(15, 0.02912621359223301)	(20, 0.0176522506619594)	(25, 0.0088261253309797)	(30, 0.0088261253309797)	(35, 0.00794407372100413)	(40, 0.006178833083237709)	(45, 0.012358102501633033)	(50, 0.0)	(55, 0.005296376395815862)	(60, 0.005296376395815862)	(65, 0.013240940989539656)	(70, 0.0017654587986052877)	(75, 0.0017654587986052877)	(80, 0.015889129187447587)	(85, 0.0)	(90, 0.00971002339232908)	(95, 0.017654587986052878)	(100, 0.0)	(105, 0.013240940989539656)	(110, 0.012358211590237013)	(115, 0.015889129187447587)	(120, 0.0)	(125, 0.015006399788144944)	(130, 0.020302776183960806)	(135, 0.0)	(140, 0.02295096438186874)	(145, 0.017654587986052878)	(150, 0.002648188197907931)	(155, 0.029130070176987245)	(160, 0.008827293993026439)	(165, 0.0035309175972105754)	(170, 0.017654587986052878)	(175, 0.010592752791631724)	(180, 0.0)	(185, 0.0017654587986052877)	(190, 0.024716423180474026)	(195, 0.009710366257360017)	(200, 0.006179378531073446)	(205, 0.03354519774011299)	(210, 0.007062458618406532)	(215, 0.0)	(220, 0.0)	(225, 0.0)	(230, 0.0)	(235, 0.0)	(240, 0.0)	(245, 0.004414231482298932)	(250, 0.0017656925929195727)	(255, 0.002648538889379359)	(260, 0.005297077778758718)	(265, 0.0035313851858391455)	(270, 0.008828462964597864)	(275, 0.017656925929195728)	(280, 0.0035313851858391455)	(285, 0.022954003707954446)	(290, 0.022954611669771426)	(295, 0.0)	(300, 0.0)
639A0_S81_L001_R1_001	(1, 0.006216972334473111)	(2, 0.0031084861672365555)	(3, 0.012433944668946222)	(4, 0.0031084861672365555)	(5, 0.0031084861672365555)	(6, 0.0031084861672365555)	(7, 0.0031084861672365555)	(8, 0.0031084861672365555)	(9, 0.0031084861672365555)	(10, 0.0031084861672365555)	(15, 0.0031084861672365555)	(20, 0.0031084861672365555)	(25, 0.0031084861672365555)	(30, 0.006838669567920423)	(35, 0.008082265023687253)	(40, 0.0)	(45, 0.002487067250298448)	(50, 0.0037306472673008764)	(55, 0.0006217745445501461)	(60, 0.006839519990051607)	(65, 0.0018653236336504382)	(70, 0.004974196356401169)	(75, 0.008704843623702047)	(80, 0.0012435490891002923)	(85, 0.0)	(90, 0.0)	(95, 0.0037306472673008764)	(100, 0.012435490891002921)	(105, 0.009948516427487751)	(110, 0.0)	(115, 0.005596144877972952)	(120, 0.009948702005285248)	(125, 0.013057671381936888)	(130, 0.004352557127312296)	(135, 0.002487175501321312)	(140, 0.0037307632519819676)	(145, 0.0)	(150, 0.0)	(155, 0.008083370641197832)	(160, 0.00559631886581271)	(165, 0.0)	(170, 0.00373087924387514)	(175, 0.016167143390125607)	(180, 0.011814450938937944)	(185, 0.0)	(190, 0.01678895659743813)	(195, 0.018032583012063178)	(200, 0.0)	(205, 0.0)	(210, 0.0)	(215, 0.0)	(220, 0.0)	(225, 0.025494341499813458)	(230, 0.00746175848775028)	(235, 0.00186543962193757)	(240, 0.0006218132073125233)	(245, 0.01741076980475065)	(250, 0.05720681507275214)	(255, 0.0006218132073125233)	(260, 0.0)	(265, 0.0012436264146250466)	(270, 0.01741076980475065)	(275, 0.00186543962193757)	(280, 0.0)	(285, 0.0)	(290, 0.0)	(295, 0.0012464786976790565)	(300, 0.0)
639A0_S81_L001_R2_001	(1, 0.015542430836182779)	(2, 0.0031084861672365555)	(3, 0.0031084861672365555)	(4, 0.0031084861672365555)	(5, 0.0031084861672365555)	(6, 0.0031084861672365555)	(7, 0.0031084861672365555)	(8, 0.0031084861672365555)	(9, 0.0031084861672365555)	(10, 0.0031084861672365555)	(15, 0.022381100404103203)	(20, 0.008703761268262356)	(25, 0.0031084861672365555)	(30, 0.0031084861672365555)	(35, 0.005595414247168098)	(40, 0.004352124147449966)	(45, 0.010570035813768404)	(50, 0.0)	(55, 0.0024870981782005846)	(60, 0.0037306472673008764)	(65, 0.010570167257352483)	(70, 0.0012435490891002923)	(75, 0.0012435490891002923)	(80, 0.01119194180190263)	(85, 0.0)	(90, 0.006217745445501461)	(95, 0.010570167257352483)	(100, 0.0)	(105, 0.006839605043897828)	(110, 0.009948702005285248)	(115, 0.011192289755945904)	(120, 0.0)	(125, 0.011814083631276232)	(130, 0.01616664075858853)	(135, 0.0)	(140, 0.01927561013524017)	(145, 0.017410228509249184)	(150, 0.001243587750660656)	(155, 0.025493707406854697)	(160, 0.00373087924387514)	(165, 0.00186543962193757)	(170, 0.00932719810968785)	(175, 0.008705384902375326)	(180, 0.0)	(185, 0.0012436264146250466)	(190, 0.023628901877875887)	(195, 0.005596423263709682)	(200, 0.006840157945465286)	(205, 0.030469794484345367)	(210, 0.004352827783477909)	(215, 0.0006218325404968442)	(220, 0.0006218325404968442)	(225, 0.0006218325404968442)	(230, 0.0006218325404968442)	(235, 0.0006218325404968442)	(240, 0.0)	(245, 0.002487330161987377)	(250, 0.003730995242981065)	(255, 0.002487330161987377)	(260, 0.004352827783477909)	(265, 0.002487330161987377)	(270, 0.008083823026458974)	(275, 0.013680315890930573)	(280, 0.004352827783477909)	(285, 0.025495134160370612)	(290, 0.018654976214905326)	(295, 0.0)	(300, 0.0)
639B14_S84_L001_R1_001	(1, 0.006663113006396588)	(2, 0.003331556503198294)	(3, 0.023320895522388058)	(4, 0.009994669509594883)	(5, 0.003331556503198294)	(6, 0.003331556503198294)	(7, 0.003331556503198294)	(8, 0.003331556503198294)	(9, 0.003331556503198294)	(10, 0.003331556503198294)	(15, 0.003331556503198294)	(20, 0.003331556503198294)	(25, 0.003331556503198294)	(30, 0.007995735607675906)	(35, 0.0059969615394866605)	(40, 0.0)	(45, 0.001999120387029707)	(50, 0.0019991337087262185)	(55, 0.0006663779029087395)	(60, 0.011328424349448573)	(65, 0.007330156931996136)	(70, 0.005997401126178656)	(75, 0.017326171848969094)	(80, 0.0006664045475446325)	(85, 0.0)	(90, 0.0)	(95, 0.007330840847445202)	(100, 0.025324891702765744)	(105, 0.015328428236297719)	(110, 0.0)	(115, 0.010663467626378754)	(120, 0.011996401079676096)	(125, 0.016661668166216802)	(130, 0.007997600719784064)	(135, 0.009997000899730081)	(140, 0.007331133993135393)	(145, 0.0)	(150, 0.0)	(155, 0.011996401079676096)	(160, 0.011996401079676096)	(165, 0.0)	(170, 0.004665267086540704)	(175, 0.03532273651237962)	(180, 0.021326935252757508)	(185, 0.0)	(190, 0.028658260243661863)	(195, 0.03399093575046654)	(200, 0.0)	(205, 0.0)	(210, 0.0)	(215, 0.0)	(220, 0.0)	(225, 0.03599040255931752)	(230, 0.007997867235403893)	(235, 0.0)	(240, 0.0)	(245, 0.021994134897360705)	(250, 0.06198347107438017)	(255, 0.0)	(260, 0.0)	(265, 0.0039989336177019465)	(270, 0.027992535323913624)	(275, 0.0039989336177019465)	(280, 0.0)	(285, 0.0)	(290, 0.0)	(295, 0.003343408136518041)	(300, 0.00579139398853304)
639B14_S84_L001_R2_001	(1, 0.03331556503198294)	(2, 0.0)	(3, 0.0)	(4, 0.0)	(5, 0.0)	(6, 0.0)	(7, 0.0)	(8, 0.0)	(9, 0.0)	(10, 0.0)	(15, 0.031982942430703626)	(20, 0.009328358208955225)	(25, 0.0)	(30, 0.0)	(35, 0.009994869300425781)	(40, 0.009995135700625697)	(45, 0.021990324257326777)	(50, 0.0)	(55, 0.005331023223269916)	(60, 0.012661180155266051)	(65, 0.015326691766901008)	(70, 0.0006663779029087395)	(75, 0.005331129799682798)	(80, 0.023990563711606766)	(85, 0.0)	(90, 0.013994868548198994)	(95, 0.028656159408216985)	(100, 0.0)	(105, 0.018660073440717614)	(110, 0.01866044651782739)	(115, 0.036654448517160945)	(120, 0.0)	(125, 0.02599133622125958)	(130, 0.03732089303565478)	(135, 0.0)	(140, 0.026657780739753414)	(145, 0.022659113628790403)	(150, 0.0026657780739753416)	(155, 0.049316894368543814)	(160, 0.014661779406864377)	(165, 0.005331556147950683)	(170, 0.02732422525824725)	(175, 0.02199266911029657)	(180, 0.0)	(185, 0.005331556147950683)	(190, 0.049983672000479845)	(195, 0.01732813489286547)	(200, 0.011329934353027425)	(205, 0.05198440467859642)	(210, 0.009997000899730081)	(215, 0.0)	(220, 0.0006664667266486721)	(225, 0.0006664667266486721)	(230, 0.0)	(235, 0.0)	(240, 0.0006664667266486721)	(245, 0.009330534173081408)	(250, 0.0013329334532973442)	(255, 0.0033323336332433603)	(260, 0.008664067446432736)	(265, 0.005331733813189377)	(270, 0.011996401079676096)	(275, 0.03398980305908228)	(280, 0.007997867235403893)	(285, 0.030658491069048253)	(290, 0.04265586051533611)	(295, 0.0)	(300, 0.0)
640A0_S85_L001_R1_001	(1, 0.0035462250434412567)	(2, 0.0035462250434412567)	(3, 0.024823575304088796)	(4, 0.0035462250434412567)	(5, 0.0035462250434412567)	(6, 0.0035462250434412567)	(7, 0.0035462250434412567)	(8, 0.0035462250434412567)	(9, 0.0035462250434412567)	(10, 0.0035462250434412567)	(15, 0.0035462250434412567)	(20, 0.0035462250434412567)	(25, 0.0035462250434412567)	(30, 0.0049647150608177594)	(35, 0.0014185302607967883)	(40, 0.0)	(45, 0.0007092701610043265)	(50, 0.0)	(55, 0.0007092701610043265)	(60, 0.003546350805021633)	(65, 0.0014185705065005993)	(70, 0.002127885945313331)	(75, 0.006383657835939994)	(80, 0.0)	(85, 0.0)	(90, 0.0)	(95, 0.0014185906302088874)	(100, 0.006383657835939994)	(105, 0.0035466275118989352)	(110, 0.0)	(115, 0.0)	(120, 0.003547105561861521)	(125, 0.0021282633371169125)	(130, 0.0021282633371169125)	(135, 0.0014188422247446084)	(140, 0.0014188422247446084)	(145, 0.0)	(150, 0.0)	(155, 0.003547105561861521)	(160, 0.003547105561861521)	(165, 0.0)	(170, 0.0014188422247446084)	(175, 0.007803742958895558)	(180, 0.0056755702174452844)	(185, 0.0)	(190, 0.007803964413922273)	(195, 0.01489890031926215)	(200, 0.0)	(205, 0.0)	(210, 0.0)	(215, 0.0)	(220, 0.0)	(225, 0.016317843206810925)	(230, 0.0028378857750975526)	(235, 0.0)	(240, 0.0)	(245, 0.012061014544164597)	(250, 0.047534586732884)	(255, 0.0)	(260, 0.0)	(265, 0.0007094714437743882)	(270, 0.0035473572188719402)	(275, 0.0007094714437743882)	(280, 0.0)	(285, 0.0)	(290, 0.0)	(295, 0.0007101717905561355)	(300, 0.0)
640A0_S85_L001_R2_001	(1, 0.0070924500868825135)	(2, 0.0035462250434412567)	(3, 0.0035462250434412567)	(4, 0.0035462250434412567)	(5, 0.0035462250434412567)	(6, 0.0035462250434412567)	(7, 0.0035462250434412567)	(8, 0.0035462250434412567)	(9, 0.0035462250434412567)	(10, 0.0035462250434412567)	(15, 0.012057165147700274)	(20, 0.005673960069506011)	(25, 0.0035462250434412567)	(30, 0.0035462250434412567)	(35, 0.0035463256519919707)	(40, 0.0007092701610043265)	(45, 0.00425562096602596)	(50, 0.0)	(55, 0.001418540322008653)	(60, 0.00212781048301298)	(65, 0.003546426266251499)	(70, 0.0007092953151044437)	(75, 0.0007092953151044437)	(80, 0.004255771890626662)	(85, 0.0)	(90, 0.002127885945313331)	(95, 0.004965067205731106)	(100, 0.0)	(105, 0.0035466275118989352)	(110, 0.0028376844494892167)	(115, 0.007094211123723042)	(120, 0.0)	(125, 0.004965947786606129)	(130, 0.00851305334846765)	(135, 0.0)	(140, 0.014188422247446084)	(145, 0.012060158910329171)	(150, 0.0014188422247446084)	(155, 0.012769580022701477)	(160, 0.0021282633371169125)	(165, 0.0007094211123723042)	(170, 0.003547105561861521)	(175, 0.002128293534244243)	(180, 0.0)	(185, 0.0007094462771806606)	(190, 0.009222867034635414)	(195, 0.0035473572188719402)	(200, 0.0028378857750975526)	(205, 0.0177367860943597)	(210, 0.004966300106420717)	(215, 0.0)	(220, 0.0)	(225, 0.0)	(230, 0.0)	(235, 0.0)	(240, 0.0)	(245, 0.0007094714437743882)	(250, 0.0)	(255, 0.0)	(260, 0.0007094714437743882)	(265, 0.0007094714437743882)	(270, 0.005675771550195105)	(275, 0.004966300106420717)	(280, 0.0014189428875487763)	(285, 0.012770485987938986)	(290, 0.009932600212841433)	(295, 0.0)	(300, 0.0)
640A14_S86_L001_R1_001	(1, 0.0)	(2, 0.0)	(3, 0.014099400775467045)	(4, 0.0)	(5, 0.0)	(6, 0.0)	(7, 0.0)	(8, 0.0)	(9, 0.0)	(10, 0.0)	(15, 0.0)	(20, 0.0)	(25, 0.0)	(30, 0.0028198801550934085)	(35, 0.003524850193866761)	(40, 0.0)	(45, 0.0007049700387733521)	(50, 0.0021149101163200567)	(55, 0.0007049700387733521)	(60, 0.002819939794285392)	(65, 0.0007050197405527354)	(70, 0.004230118443316413)	(75, 0.004230118443316413)	(80, 0.0007050197405527354)	(85, 0.0)	(90, 0.0)	(95, 0.003525098702763678)	(100, 0.009870276367738297)	(105, 0.0056402374539968134)	(110, 0.0)	(115, 0.00493548614538532)	(120, 0.007050694493407601)	(125, 0.01198618063879292)	(130, 0.0035253472467038005)	(135, 0.0035253472467038005)	(140, 0.00493548614538532)	(145, 0.0)	(150, 0.0)	(155, 0.00564055559472608)	(160, 0.00493548614538532)	(165, 0.0)	(170, 0.0035253472467038005)	(175, 0.01833180568285976)	(180, 0.01198618063879292)	(185, 0.0)	(190, 0.015511965366011874)	(195, 0.020447734884540807)	(200, 0.0)	(205, 0.0)	(210, 0.0)	(215, 0.0)	(220, 0.0)	(225, 0.02538446893575614)	(230, 0.004936008179670698)	(235, 0.0007051440256672425)	(240, 0.0007051440256672425)	(245, 0.014808024539012093)	(250, 0.05570637802771215)	(255, 0.001410288051334485)	(260, 0.0)	(265, 0.0007051440256672425)	(270, 0.012692592462010367)	(275, 0.0021154320770017275)	(280, 0.0)	(285, 0.0)	(290, 0.0)	(295, 0.001412030499858797)	(300, 0.0020207327176834317)
640A14_S86_L001_R2_001	(1, 0.014099400775467045)	(2, 0.003524850193866761)	(3, 0.003524850193866761)	(4, 0.003524850193866761)	(5, 0.003524850193866761)	(6, 0.003524850193866761)	(7, 0.003524850193866761)	(8, 0.003524850193866761)	(9, 0.003524850193866761)	(10, 0.003524850193866761)	(15, 0.020444131124427212)	(20, 0.009164610504053579)	(25, 0.003524850193866761)	(30, 0.003524850193866761)	(35, 0.003524949593220817)	(40, 0.0035249744439352815)	(45, 0.008459938665444675)	(50, 0.0)	(55, 0.0035249744439352815)	(60, 0.0028200391985448597)	(65, 0.007755490534776324)	(70, 0.002115133782211725)	(75, 0.000705044594070575)	(80, 0.010575668911058624)	(85, 0.0)	(90, 0.0056403567525646)	(95, 0.010575668911058624)	(100, 0.0)	(105, 0.007050644781465265)	(110, 0.007756310816527993)	(115, 0.011281906642222535)	(120, 0.0)	(125, 0.012692144972500352)	(130, 0.01833309829361162)	(135, 0.0)	(140, 0.015512621633055987)	(145, 0.014807502467917077)	(150, 0.0028204766605556338)	(155, 0.029615004935834154)	(160, 0.004935834155972359)	(165, 0.0021153574954167254)	(170, 0.007756310816527993)	(175, 0.009871668311944718)	(180, 0.0)	(185, 0.0021153574954167254)	(190, 0.024679170779861793)	(195, 0.006346072486250176)	(200, 0.004935834155972359)	(205, 0.029615004935834154)	(210, 0.0056409533211112676)	(215, 0.0)	(220, 0.0)	(225, 0.0)	(230, 0.0)	(235, 0.0)	(240, 0.0)	(245, 0.002115506663845991)	(250, 0.0035258444397433188)	(255, 0.002820675551794655)	(260, 0.002115506663845991)	(265, 0.0014103377758973275)	(270, 0.0070516888794866376)	(275, 0.016924053310767927)	(280, 0.0035258444397433188)	(285, 0.02609124885410056)	(290, 0.02115506663845991)	(295, 0.0)	(300, 0.0)
640B0_S87_L001_R1_001	(1, 0.002476596166229135)	(2, 0.002476596166229135)	(3, 0.014859576997374807)	(4, 0.00495319233245827)	(5, 0.00495319233245827)	(6, 0.002476596166229135)	(7, 0.002476596166229135)	(8, 0.002476596166229135)	(9, 0.002476596166229135)	(10, 0.002476596166229135)	(15, 0.002476596166229135)	(20, 0.002476596166229135)	(25, 0.002476596166229135)	(30, 0.006934469265441578)	(35, 0.004953290470859792)	(40, 0.0)	(45, 0.003962750148603131)	(50, 0.0009906875371507827)	(55, 0.0019813750743015654)	(60, 0.005944213555779014)	(65, 0.0024767801857585136)	(70, 0.003962848297213622)	(75, 0.006439628482972136)	(80, 0.0009907120743034056)	(85, 0.0)	(90, 0.0)	(95, 0.003962848297213622)	(100, 0.010897832817337461)	(105, 0.007925735855038292)	(110, 0.0)	(115, 0.0034675781443503245)	(120, 0.004953683063357606)	(125, 0.00792589290137217)	(130, 0.002476841531678803)	(135, 0.002972209838014564)	(140, 0.005449051369693367)	(145, 0.0)	(150, 0.0)	(155, 0.00643994748965893)	(160, 0.0044584251851484905)	(165, 0.0)	(170, 0.00396304460902088)	(175, 0.01337527555544547)	(180, 0.006935431136122698)	(185, 0.0)	(190, 0.0128802140097097)	(195, 0.015852571088873477)	(200, 0.0)	(205, 0.0)	(210, 0.0)	(215, 0.0)	(220, 0.0004954051175348642)	(225, 0.024770255876743204)	(230, 0.004458646057813777)	(235, 0.0004954051175348642)	(240, 0.0)	(245, 0.014862153526045923)	(250, 0.05400022789087)	(255, 0.0004954173891503591)	(260, 0.0)	(265, 0.0004954296613738264)	(270, 0.006440585597859744)	(275, 0.0009908593227476528)	(280, 0.0)	(285, 0.0)	(290, 0.0)	(295, 0.0009921619208254787)	(300, 0.0)
640B0_S87_L001_R2_001	(1, 0.0074297884986874035)	(2, 0.002476596166229135)	(3, 0.002476596166229135)	(4, 0.002476596166229135)	(5, 0.002476596166229135)	(6, 0.002476596166229135)	(7, 0.002476596166229135)	(8, 0.002476596166229135)	(9, 0.002476596166229135)	(10, 0.002476596166229135)	(15, 0.015850215463866463)	(20, 0.007925107731933232)	(25, 0.002476596166229135)	(30, 0.002476596166229135)	(35, 0.004953290470859792)	(40, 0.0029720184463278235)	(45, 0.010402219140083218)	(50, 0.0)	(55, 0.0019813750743015654)	(60, 0.0034674579075377582)	(65, 0.006439628482972136)	(70, 0.0004953560371517028)	(75, 0.00099072679717841)	(80, 0.00792589290137217)	(85, 0.0)	(90, 0.003962946450686085)	(95, 0.010402734433050972)	(100, 0.0)	(105, 0.0069351906434370805)	(110, 0.00643994748965893)	(115, 0.00594456691353132)	(120, 0.0)	(125, 0.009412230946424592)	(130, 0.016347559012211133)	(135, 0.0)	(140, 0.01585217843608352)	(145, 0.017833700740593962)	(150, 0.0009907660603178379)	(155, 0.02427424947983751)	(160, 0.002972357079163777)	(165, 0.0014861785395818884)	(170, 0.006935499851382146)	(175, 0.006935499851382146)	(180, 0.0)	(185, 0.0014862153526045924)	(190, 0.014862153526045923)	(195, 0.005449456292883506)	(200, 0.005449456292883506)	(205, 0.018329989348789974)	(210, 0.003963240940278914)	(215, 0.0)	(220, 0.0)	(225, 0.0004954173891503591)	(230, 0.0004954173891503591)	(235, 0.0004954173891503591)	(240, 0.0004954173891503591)	(245, 0.0014862521674510775)	(250, 0.0014862521674510775)	(255, 0.0009908347783007183)	(260, 0.0019816793741856535)	(265, 0.0009908593227476528)	(270, 0.007926874581981222)	(275, 0.011890311872971836)	(280, 0.0009908593227476528)	(285, 0.023780623745943672)	(290, 0.014862889841214795)	(295, 0.0)	(300, 0.0)
640B14_S88_L001_R1_001	(1, 0.00444454321207138)	(2, 0.00444454321207138)	(3, 0.013333629636214138)	(4, 0.00444454321207138)	(5, 0.00444454321207138)	(6, 0.00444454321207138)	(7, 0.00444454321207138)	(8, 0.00444454321207138)	(9, 0.00444454321207138)	(10, 0.00444454321207138)	(15, 0.00444454321207138)	(20, 0.00444454321207138)	(25, 0.00444454321207138)	(30, 0.007555723460521345)	(35, 0.006222581749167729)	(40, 0.0)	(45, 0.0026668444562970863)	(50, 0.003111318532346601)	(55, 0.0008889481520990288)	(60, 0.008445120054048768)	(65, 0.004000355587163304)	(70, 0.004444839541292559)	(75, 0.012445550715619164)	(80, 0.000888967908258512)	(85, 0.0)	(90, 0.0)	(95, 0.0057782914036803275)	(100, 0.01289026385036626)	(105, 0.008445645602930195)	(110, 0.0)	(115, 0.005334518781951544)	(120, 0.010224494332073794)	(125, 0.011113729011722761)	(130, 0.004890084242814911)	(135, 0.004000978016848563)	(140, 0.007112849807730779)	(145, 0.0)	(150, 0.0)	(155, 0.007112849807730779)	(160, 0.009335615372646646)	(165, 0.0)	(170, 0.004890192940339646)	(175, 0.02356183871254557)	(180, 0.01600448125475133)	(185, 0.0)	(190, 0.019561206570787117)	(195, 0.024006935336875097)	(200, 0.0)	(205, 0.0)	(210, 0.0)	(215, 0.0)	(220, 0.0)	(225, 0.030676210376561597)	(230, 0.007557906904370248)	(235, 0.0013337482772418086)	(240, 0.0)	(245, 0.01733872760414351)	(250, 0.0631307517894456)	(255, 0.0008891655181612057)	(260, 0.0)	(265, 0.0017783705679671)	(270, 0.013337779259753251)	(275, 0.002222963209958875)	(280, 0.0)	(285, 0.0)	(290, 0.0)	(295, 0.0022242784440727427)	(300, 0.002609977945686359)
640B14_S88_L001_R2_001	(1, 0.02888953087846397)	(2, 0.00444454321207138)	(3, 0.00444454321207138)	(4, 0.00444454321207138)	(5, 0.00444454321207138)	(6, 0.00444454321207138)	(7, 0.00444454321207138)	(8, 0.00444454321207138)	(9, 0.00444454321207138)	(10, 0.00444454321207138)	(15, 0.02622280495122114)	(20, 0.01066690370897131)	(25, 0.00444454321207138)	(30, 0.00444454321207138)	(35, 0.006667051874108282)	(40, 0.005778162988643688)	(45, 0.014667644509633976)	(50, 0.0)	(55, 0.005778162988643688)	(60, 0.004889280031291392)	(65, 0.011556582807360655)	(70, 0.000888967908258512)	(75, 0.0013334518623877678)	(80, 0.013334518623877679)	(85, 0.0)	(90, 0.008000711174326608)	(95, 0.013334518623877679)	(100, 0.0)	(105, 0.011112740979788148)	(110, 0.012447487163528862)	(115, 0.015114805841427903)	(120, 0.0)	(125, 0.015115007424135999)	(130, 0.029341157642037874)	(135, 0.0)	(140, 0.025340090690850893)	(145, 0.016448830799324264)	(150, 0.0035565039566106517)	(155, 0.031119409620343205)	(160, 0.007557570907797635)	(165, 0.0026673779674579886)	(170, 0.013781759174872742)	(175, 0.013781759174872742)	(180, 0.0)	(185, 0.0013337482772418086)	(190, 0.028897879340239185)	(195, 0.010225403458853866)	(200, 0.007113324145289646)	(205, 0.03601120348552883)	(210, 0.008002560819462228)	(215, 0.0)	(220, 0.0)	(225, 0.0)	(230, 0.0)	(235, 0.0)	(240, 0.0)	(245, 0.00622429698788485)	(250, 0.0013337779259753252)	(255, 0.0026675558519506505)	(260, 0.0048905190619095255)	(265, 0.003112148493942425)	(270, 0.0088918528398355)	(275, 0.02000666888962988)	(280, 0.0048905190619095255)	(285, 0.02623096587751473)	(290, 0.02889852172946538)	(295, 0.0)	(300, 0.0)
644A14_S90_L001_R1_001	(1, 0.0036904454367642173)	(2, 0.0036904454367642173)	(3, 0.01845222718382109)	(4, 0.0036904454367642173)	(5, 0.0036904454367642173)	(6, 0.0036904454367642173)	(7, 0.0036904454367642173)	(8, 0.0036904454367642173)	(9, 0.0036904454367642173)	(10, 0.0036904454367642173)	(15, 0.0036904454367642173)	(20, 0.0036904454367642173)	(25, 0.0036904454367642173)	(30, 0.005166623611469905)	(35, 0.0014762217580324916)	(40, 0.0)	(45, 0.0)	(50, 0.0)	(55, 0.0014763416254521297)	(60, 0.0036908540636303245)	(65, 0.0014763416254521297)	(70, 0.0022145124381781943)	(75, 0.0059054100938222024)	(80, 0.0007381980585391061)	(85, 0.0)	(90, 0.0)	(95, 0.0029529012254540087)	(100, 0.01033515428908903)	(105, 0.005167653442395429)	(110, 0.0)	(115, 0.0029530102247979037)	(120, 0.004429515337196855)	(125, 0.004429515337196855)	(130, 0.0029530102247979037)	(135, 0.003691262780997379)	(140, 0.003691262780997379)	(145, 0.0)	(150, 0.0)	(155, 0.005167767893396331)	(160, 0.0029530102247979037)	(165, 0.0)	(170, 0.0014765051123989518)	(175, 0.00885903067439371)	(180, 0.007382525561994758)	(185, 0.0)	(190, 0.00885903067439371)	(195, 0.009597283230593187)	(200, 0.0)	(205, 0.0)	(210, 0.0)	(215, 0.0)	(220, 0.0)	(225, 0.014765596160944998)	(230, 0.0044296788482835)	(235, 0.0)	(240, 0.0)	(245, 0.008859357696567)	(250, 0.03174673488523186)	(255, 0.0)	(260, 0.0)	(265, 0.0014766141238140942)	(270, 0.008859684742884566)	(275, 0.0014766141238140942)	(280, 0.0)	(285, 0.0)	(290, 0.0)	(295, 0.0007389999852200003)	(300, 0.0022257339357653187)
644A14_S90_L001_R2_001	(1, 0.007380890873528435)	(2, 0.0036904454367642173)	(3, 0.0036904454367642173)	(4, 0.0036904454367642173)	(5, 0.0036904454367642173)	(6, 0.0036904454367642173)	(7, 0.0036904454367642173)	(8, 0.0036904454367642173)	(9, 0.0036904454367642173)	(10, 0.0036904454367642173)	(15, 0.011809425397645497)	(20, 0.005166623611469905)	(25, 0.0036904454367642173)	(30, 0.0036904454367642173)	(35, 0.004428665274097475)	(40, 0.003690690602025451)	(45, 0.007381599149639779)	(50, 0.0)	(55, 0.0014763416254521297)	(60, 0.0029526832509042594)	(65, 0.004429024876356389)	(70, 0.0)	(75, 0.002214528785183326)	(80, 0.0066437825268519535)	(85, 0.0)	(90, 0.0029528576279694674)	(95, 0.006644027757271518)	(100, 0.0)	(105, 0.004429417236338939)	(110, 0.0022147576685984274)	(115, 0.010335535786792662)	(120, 0.0)	(125, 0.007382525561994758)	(130, 0.011812040899191615)	(135, 0.0)	(140, 0.006644273005795283)	(145, 0.009597283230593187)	(150, 0.0014765051123989518)	(155, 0.016979808792587946)	(160, 0.005906020449595807)	(165, 0.0014765051123989518)	(170, 0.008120778118194234)	(175, 0.005167767893396331)	(180, 0.0)	(185, 0.0014765051123989518)	(190, 0.014765051123989516)	(195, 0.007382525561994758)	(200, 0.003691262780997379)	(205, 0.014765051123989516)	(210, 0.0029530102247979037)	(215, 0.0)	(220, 0.0)	(225, 0.0)	(230, 0.0)	(235, 0.0)	(240, 0.0)	(245, 0.0029531192321889995)	(250, 0.0014765923202433424)	(255, 0.0029532282476281884)	(260, 0.0036915353095352357)	(265, 0.0022149211857211415)	(270, 0.0066447635571634245)	(275, 0.011812912990512753)	(280, 0.0022149211857211415)	(285, 0.016242755361955036)	(290, 0.012551220052419801)	(295, 0.0)	(300, 0.0)
644B0_S91_L001_R1_001	(1, 0.00341646737273659)	(2, 0.00341646737273659)	(3, 0.023915271609156134)	(4, 0.00683293474547318)	(5, 0.00341646737273659)	(6, 0.00341646737273659)	(7, 0.00341646737273659)	(8, 0.00341646737273659)	(9, 0.00341646737273659)	(10, 0.00341646737273659)	(15, 0.00341646737273659)	(20, 0.00341646737273659)	(25, 0.00341646737273659)	(30, 0.005466347796378545)	(35, 0.0034165607532833145)	(40, 0.0)	(45, 0.0006833168198435204)	(50, 0.0006833354972290746)	(55, 0.0006833401667350006)	(60, 0.0027333606669400026)	(65, 0.0)	(70, 0.0013667270304438446)	(75, 0.006150271636997301)	(80, 0.0006833635152219223)	(85, 0.0)	(90, 0.0)	(95, 0.004783544606553456)	(100, 0.014350633819660367)	(105, 0.006150271636997301)	(110, 0.0)	(115, 0.006150271636997301)	(120, 0.005466908121775378)	(125, 0.006150271636997301)	(130, 0.004100181091331534)	(135, 0.004783544606553456)	(140, 0.002733454060887689)	(145, 0.0)	(150, 0.0)	(155, 0.005466908121775378)	(160, 0.007516998667441145)	(165, 0.0)	(170, 0.002733454060887689)	(175, 0.02050090545665767)	(180, 0.010933816243550757)	(185, 0.0)	(190, 0.018451067086713183)	(195, 0.019818219093829016)	(200, 0.0)	(205, 0.0)	(210, 0.0)	(215, 0.0)	(220, 0.0)	(225, 0.0321191826693091)	(230, 0.005467094922435591)	(235, 0.0)	(240, 0.0)	(245, 0.019134832228524568)	(250, 0.05740449668557371)	(255, 0.0006833868653044489)	(260, 0.0)	(265, 0.0006833868653044489)	(270, 0.009567416114262284)	(275, 0.0013667737306088978)	(280, 0.0)	(285, 0.0)	(290, 0.0)	(295, 0.0006845282915542899)	(300, 0.0019465856887020167)
644B0_S91_L001_R2_001	(1, 0.020498804236419543)	(2, 0.00341646737273659)	(3, 0.00341646737273659)	(4, 0.00341646737273659)	(5, 0.00341646737273659)	(6, 0.00341646737273659)	(7, 0.00341646737273659)	(8, 0.00341646737273659)	(9, 0.00341646737273659)	(10, 0.00341646737273659)	(15, 0.02459856508370345)	(20, 0.00683293474547318)	(25, 0.00341646737273659)	(30, 0.00341646737273659)	(35, 0.0040998729039399785)	(40, 0.0020499504595305616)	(45, 0.011616385937339848)	(50, 0.0)	(55, 0.0027333606669400026)	(60, 0.004100041000410004)	(65, 0.006833635152219224)	(70, 0.002050090545665767)	(75, 0.0013667270304438446)	(80, 0.011617179758772678)	(85, 0.0)	(90, 0.005466908121775378)	(95, 0.009567089213106911)	(100, 0.0)	(105, 0.006833635152219224)	(110, 0.008883725697884991)	(115, 0.014350633819660367)	(120, 0.0)	(125, 0.012983906789216522)	(130, 0.024601086547989204)	(135, 0.0)	(140, 0.015717360850104212)	(145, 0.017767451395769983)	(150, 0.002050090545665767)	(155, 0.028017904124098814)	(160, 0.007516998667441145)	(165, 0.0013667270304438446)	(170, 0.009567089213106911)	(175, 0.010933816243550757)	(180, 0.0)	(185, 0.0013667270304438446)	(190, 0.02255130421709389)	(195, 0.006833868653044489)	(200, 0.004783708057131142)	(205, 0.028018861477482403)	(210, 0.006833868653044489)	(215, 0.0)	(220, 0.0)	(225, 0.0)	(230, 0.0)	(235, 0.0)	(240, 0.0)	(245, 0.0034169343265222445)	(250, 0.0006833868653044489)	(255, 0.0)	(260, 0.0034169343265222445)	(265, 0.0020501605959133465)	(270, 0.010934189844871182)	(275, 0.013667737306088978)	(280, 0.0034169343265222445)	(285, 0.025285314016264607)	(290, 0.023919030664197313)	(295, 0.0)	(300, 0.0)
644B14_S92_L001_R1_001	(1, 0.0)	(2, 0.0)	(3, 0.007220737959419453)	(4, 0.0)	(5, 0.0036103689797097266)	(6, 0.0)	(7, 0.0)	(8, 0.0)	(9, 0.0)	(10, 0.0)	(15, 0.0)	(20, 0.0)	(25, 0.0)	(30, 0.0)	(35, 0.0)	(40, 0.0)	(45, 0.0)	(50, 0.0)	(55, 0.0)	(60, 0.0)	(65, 0.0)	(70, 0.0007220998664115248)	(75, 0.0014441997328230496)	(80, 0.0)	(85, 0.0)	(90, 0.0)	(95, 0.0014441997328230496)	(100, 0.004332599198469149)	(105, 0.004332599198469149)	(110, 0.0)	(115, 0.0)	(120, 0.0021662995992345743)	(125, 0.002888399465646099)	(130, 0.0014441997328230496)	(135, 0.002888399465646099)	(140, 0.0014441997328230496)	(145, 0.0)	(150, 0.0)	(155, 0.005776798931292198)	(160, 0.0014441997328230496)	(165, 0.0)	(170, 0.0007220998664115248)	(175, 0.0036104993320576237)	(180, 0.0036104993320576237)	(185, 0.0)	(190, 0.01227649556601866)	(195, 0.015887917960569077)	(200, 0.0)	(205, 0.0)	(210, 0.0)	(215, 0.0)	(220, 0.0)	(225, 0.02383273751489546)	(230, 0.005055465680610122)	(235, 0.0)	(240, 0.0)	(245, 0.01588906543406038)	(250, 0.04694496605517839)	(255, 0.0)	(260, 0.0)	(265, 0.0)	(270, 0.0)	(275, 0.0)	(280, 0.0)	(285, 0.0)	(290, 0.0)	(295, 0.0)	(300, 0.0)
644B14_S92_L001_R2_001	(1, 0.01805184489854863)	(2, 0.0036103689797097266)	(3, 0.0036103689797097266)	(4, 0.0036103689797097266)	(5, 0.0036103689797097266)	(6, 0.0036103689797097266)	(7, 0.0036103689797097266)	(8, 0.0036103689797097266)	(9, 0.0036103689797097266)	(10, 0.0036103689797097266)	(15, 0.015885623510722795)	(20, 0.0036103689797097266)	(25, 0.0036103689797097266)	(30, 0.0036103689797097266)	(35, 0.0007220946521670061)	(40, 0.0)	(45, 0.005054881571346042)	(50, 0.0)	(55, 0.0)	(60, 0.0)	(65, 0.002166456038996209)	(70, 0.0)	(75, 0.0)	(80, 0.0014443040259974724)	(85, 0.0)	(90, 0.0)	(95, 0.0036107600649936808)	(100, 0.0)	(105, 0.0014443040259974724)	(110, 0.0007221520129987362)	(115, 0.0)	(120, 0.0)	(125, 0.004332912077992418)	(130, 0.012276584220978517)	(135, 0.0)	(140, 0.0057772161039898896)	(145, 0.010832280194981043)	(150, 0.0007221520129987362)	(155, 0.018053800324968405)	(160, 0.0028886080519949448)	(165, 0.0014443040259974724)	(170, 0.004332912077992418)	(175, 0.0036107600649936808)	(180, 0.0)	(185, 0.0)	(190, 0.007221937356915366)	(195, 0.0021666125013541327)	(200, 0.0021666125013541327)	(205, 0.010833062506770663)	(210, 0.00288890012350048)	(215, 0.0)	(220, 0.0)	(225, 0.0)	(230, 0.0)	(235, 0.0)	(240, 0.0)	(245, 0.0)	(250, 0.0)	(255, 0.0)	(260, 0.0)	(265, 0.0)	(270, 0.007222563287710808)	(275, 0.0014445126575421618)	(280, 0.0014445126575421618)	(285, 0.020223177205590265)	(290, 0.005778050630168647)	(295, 0.0)	(300, 0.0)
651A0_S105_L001_R1_001	(1, 0.0)	(2, 0.0)	(3, 0.008148963044452593)	(4, 0.008148963044452593)	(5, 0.0020372407611131483)	(6, 0.0)	(7, 0.0)	(8, 0.0)	(9, 0.0)	(10, 0.0)	(15, 0.0)	(20, 0.0)	(25, 0.0)	(30, 0.0040744815222262965)	(35, 0.0040744815222262965)	(40, 0.0)	(45, 0.0028521370655584075)	(50, 0.0020372407611131483)	(55, 0.0020372407611131483)	(60, 0.004889377826671556)	(65, 0.002444688913335778)	(70, 0.0040744815222262965)	(75, 0.007334066740007334)	(80, 0.001222344456667889)	(85, 0.0)	(90, 0.0)	(95, 0.003667033370003667)	(100, 0.01140854826223363)	(105, 0.006926618587784704)	(110, 0.0)	(115, 0.0032595852177810377)	(120, 0.004889377826671556)	(125, 0.0065191704355620755)	(130, 0.0028521370655584075)	(135, 0.0032595852177810377)	(140, 0.005296825978894186)	(145, 0.0)	(150, 0.0)	(155, 0.003667033370003667)	(160, 0.004482020984007335)	(165, 0.0)	(170, 0.002444738718549455)	(175, 0.01466843231129673)	(180, 0.010593867780380972)	(185, 0.0)	(190, 0.01263115004583885)	(195, 0.015075888764388305)	(200, 0.0)	(205, 0.0)	(210, 0.0)	(215, 0.0)	(220, 0.00040745645309157587)	(225, 0.022410104920036672)	(230, 0.005704390343282062)	(235, 0.00040745645309157587)	(240, 0.0)	(245, 0.01466843231129673)	(250, 0.04930383795743571)	(255, 0.0008149461116883646)	(260, 0.0)	(265, 0.0012224191675325468)	(270, 0.01059429945194874)	(275, 0.0012224191675325468)	(280, 0.0)	(285, 0.0)	(290, 0.0)	(295, 0.0012366646330403811)	(300, 0.0)
651A0_S105_L001_R2_001	(1, 0.012223444566678891)	(2, 0.0)	(3, 0.0)	(4, 0.0)	(5, 0.0)	(6, 0.0)	(7, 0.0)	(8, 0.0)	(9, 0.0)	(10, 0.0)	(15, 0.01181599641445626)	(20, 0.003667033370003667)	(25, 0.0)	(30, 0.0)	(35, 0.0032595852177810377)	(40, 0.0032595852177810377)	(45, 0.009778755653343112)	(50, 0.0)	(55, 0.004481929674448926)	(60, 0.0040744815222262965)	(65, 0.008963859348897853)	(70, 0.0004074481522226297)	(75, 0.001222344456667889)	(80, 0.008556411196675223)	(85, 0.0)	(90, 0.0065191704355620755)	(95, 0.009371307501120483)	(100, 0.0)	(105, 0.007741514892229964)	(110, 0.007334066740007334)	(115, 0.01181599641445626)	(120, 0.0)	(125, 0.009778755653343112)	(130, 0.017520270545573077)	(135, 0.0)	(140, 0.014668133480014669)	(145, 0.013445789023346779)	(150, 0.0020372407611131483)	(155, 0.02403944098113515)	(160, 0.006519303249465214)	(165, 0.0016298258123663035)	(170, 0.011001324233472548)	(175, 0.008149129061831517)	(180, 0.0)	(185, 0.0008149129061831517)	(190, 0.01874299684221249)	(195, 0.007334216155648365)	(200, 0.004482020984007335)	(205, 0.02037282265457879)	(210, 0.005296933890190486)	(215, 0.0008149129061831517)	(220, 0.00040745645309157587)	(225, 0.0012223693592747274)	(230, 0.00040745645309157587)	(235, 0.0016298258123663035)	(240, 0.00040745645309157587)	(245, 0.004482020984007335)	(250, 0.002037315470151291)	(255, 0.0020373237714937657)	(260, 0.0040746475429875315)	(265, 0.002444788525792519)	(270, 0.0077418303316763104)	(275, 0.015891125417651374)	(280, 0.004889577051585038)	(285, 0.022818026240730177)	(290, 0.019558547288900118)	(295, 0.0)	(300, 0.0)
651A14_S106_L001_R1_001	(1, 0.0)	(2, 0.0)	(3, 0.02653614813067579)	(4, 0.0)	(5, 0.0)	(6, 0.0)	(7, 0.0)	(8, 0.0)	(9, 0.0)	(10, 0.0)	(15, 0.0)	(20, 0.0)	(25, 0.0)	(30, 0.0023587687227267363)	(35, 0.0035381530840901047)	(40, 0.0)	(45, 0.0023588382721509656)	(50, 0.0023588382721509656)	(55, 0.0011794191360754828)	(60, 0.005307386112339673)	(65, 0.002948547840188707)	(70, 0.00412796697626419)	(75, 0.009435353088603863)	(80, 0.0005897095680377414)	(85, 0.0)	(90, 0.0)	(95, 0.0035382574082264483)	(100, 0.01238390092879257)	(105, 0.005307386112339673)	(110, 0.0)	(115, 0.0035382574082264483)	(120, 0.0070765148164528965)	(125, 0.009435353088603863)	(130, 0.002948547840188707)	(135, 0.00412796697626419)	(140, 0.00412796697626419)	(145, 0.0)	(150, 0.0)	(155, 0.005307386112339673)	(160, 0.0070765148164528965)	(165, 0.0)	(170, 0.002948547840188707)	(175, 0.019460415745245468)	(180, 0.01179440001887104)	(185, 0.0)	(190, 0.01710208173615616)	(195, 0.01946098956183287)	(200, 0.0)	(205, 0.0)	(210, 0.0)	(215, 0.0)	(220, 0.0)	(225, 0.025952577562817034)	(230, 0.0053084817742125754)	(235, 0.0)	(240, 0.0)	(245, 0.015925445322637725)	(250, 0.0513192588791166)	(255, 0.0011797669960182864)	(260, 0.0)	(265, 0.0005899008966493629)	(270, 0.010618216139688533)	(275, 0.0017697026899480886)	(280, 0.0)	(285, 0.0)	(290, 0.0)	(295, 0.001774664884114383)	(300, 0.003043491493441276)
651A14_S106_L001_R2_001	(1, 0.011793843613633684)	(2, 0.0)	(3, 0.0)	(4, 0.0)	(5, 0.0)	(6, 0.0)	(7, 0.0)	(8, 0.0)	(9, 0.0)	(10, 0.0)	(15, 0.016511381059087157)	(20, 0.005896921806816842)	(25, 0.0)	(30, 0.0)	(35, 0.004717537445453473)	(40, 0.004717593084008539)	(45, 0.01179433046534531)	(50, 0.0)	(55, 0.0017691808692575338)	(60, 0.0035383617385150675)	(65, 0.009435631302706846)	(70, 0.0011794539128383557)	(75, 0.0011794539128383557)	(80, 0.012384266084802736)	(85, 0.0)	(90, 0.005897269564191779)	(95, 0.013563719997641091)	(100, 0.0)	(105, 0.010025358259126024)	(110, 0.011794539128383559)	(115, 0.01651235477973698)	(120, 0.0)	(125, 0.012973993041221914)	(130, 0.020640443474671227)	(135, 0.0)	(140, 0.01710208173615616)	(145, 0.01651235477973698)	(150, 0.0023589078256767114)	(155, 0.03125552869021643)	(160, 0.010615085215545203)	(165, 0.0023589078256767114)	(170, 0.01120481217196438)	(175, 0.009435631302706846)	(180, 0.0)	(185, 0.001179488691652169)	(190, 0.026538495562173796)	(195, 0.005897443458260844)	(200, 0.005897443458260844)	(205, 0.0312566346630181)	(210, 0.0076680331494971546)	(215, 0.0)	(220, 0.0)	(225, 0.0)	(230, 0.0)	(235, 0.0)	(240, 0.0005898487038074734)	(245, 0.004128940926652313)	(250, 0.0005898939370701148)	(255, 0.0005899008966493629)	(260, 0.004129428074211722)	(265, 0.0035395097778957614)	(270, 0.007668937852107483)	(275, 0.014747957407899005)	(280, 0.004129428074211722)	(285, 0.021826976963690528)	(290, 0.019467533463510173)	(295, 0.0)	(300, 0.0)
651B0_S107_L001_R1_001	(1, 0.0)	(2, 0.0)	(3, 0.01684872651708742)	(4, 0.0)	(5, 0.0)	(6, 0.0)	(7, 0.0)	(8, 0.0)	(9, 0.0)	(10, 0.0)	(15, 0.0)	(20, 0.0)	(25, 0.0)	(30, 0.006177866389598719)	(35, 0.0050546179551262255)	(40, 0.0)	(45, 0.003369745303417483)	(50, 0.0011232484344724945)	(55, 0.002246496868944989)	(60, 0.004492993737889978)	(65, 0.002808121086181236)	(70, 0.003369745303417483)	(75, 0.008985987475779956)	(80, 0.0016848726517087415)	(85, 0.0)	(90, 0.0)	(95, 0.003369745303417483)	(100, 0.007862739041307461)	(105, 0.007862739041307461)	(110, 0.0)	(115, 0.004492993737889978)	(120, 0.006177866389598719)	(125, 0.007862739041307461)	(130, 0.003369745303417483)	(135, 0.002246496868944989)	(140, 0.005616242172362472)	(145, 0.0)	(150, 0.0)	(155, 0.003369745303417483)	(160, 0.003931369520653731)	(165, 0.0)	(170, 0.002246496868944989)	(175, 0.01628710229985117)	(180, 0.009547611693016203)	(185, 0.0)	(190, 0.010109235910252451)	(195, 0.011794108561961192)	(200, 0.0)	(205, 0.0)	(210, 0.0)	(215, 0.0)	(220, 0.0005616242172362473)	(225, 0.017971974951559912)	(230, 0.004492993737889978)	(235, 0.0)	(240, 0.0)	(245, 0.011232484344724944)	(250, 0.04717749408877232)	(255, 0.0005616399887672002)	(260, 0.0)	(265, 0.0011232799775344005)	(270, 0.010109519797809604)	(275, 0.002246559955068801)	(280, 0.0)	(285, 0.0)	(290, 0.0)	(295, 0.004501336334224223)	(300, 0.0014344115326687225)
651B0_S107_L001_R2_001	(1, 0.011232484344724944)	(2, 0.0)	(3, 0.0)	(4, 0.0)	(5, 0.0)	(6, 0.0)	(7, 0.0)	(8, 0.0)	(9, 0.0)	(10, 0.0)	(15, 0.009547611693016203)	(20, 0.003931369520653731)	(25, 0.0)	(30, 0.0)	(35, 0.002808121086181236)	(40, 0.0011232484344724945)	(45, 0.008985987475779956)	(50, 0.0)	(55, 0.004492993737889978)	(60, 0.002246496868944989)	(65, 0.009547611693016203)	(70, 0.0011232484344724945)	(75, 0.002246496868944989)	(80, 0.011232484344724944)	(85, 0.0)	(90, 0.006177866389598719)	(95, 0.006739490606834966)	(100, 0.0)	(105, 0.006177866389598719)	(110, 0.009547611693016203)	(115, 0.012355732779197439)	(120, 0.0)	(125, 0.007862739041307461)	(130, 0.011794108561961192)	(135, 0.0)	(140, 0.012917356996433685)	(145, 0.012355732779197439)	(150, 0.002246496868944989)	(155, 0.01628710229985117)	(160, 0.0050546179551262255)	(165, 0.002246496868944989)	(170, 0.011232484344724944)	(175, 0.006739490606834966)	(180, 0.0)	(185, 0.0005616242172362473)	(190, 0.01628710229985117)	(195, 0.0050546179551262255)	(200, 0.003369745303417483)	(205, 0.02078009603774115)	(210, 0.004492993737889978)	(215, 0.0011232484344724945)	(220, 0.0)	(225, 0.003369745303417483)	(230, 0.0011232484344724945)	(235, 0.002808121086181236)	(240, 0.0011232484344724945)	(245, 0.007301114824071214)	(250, 0.004492993737889978)	(255, 0.006177866389598719)	(260, 0.006177866389598719)	(265, 0.002808121086181236)	(270, 0.006739490606834966)	(275, 0.012917356996433685)	(280, 0.003369745303417483)	(285, 0.023588217123922384)	(290, 0.01628710229985117)	(295, 0.0)	(300, 0.0)
651B14_S108_L001_R1_001	(1, 0.0)	(2, 0.0)	(3, 0.01868041545243966)	(4, 0.0037360830904879325)	(5, 0.0)	(6, 0.0)	(7, 0.0)	(8, 0.0)	(9, 0.0)	(10, 0.0)	(15, 0.0)	(20, 0.0)	(25, 0.0)	(30, 0.0007472166180975864)	(35, 0.0)	(40, 0.0)	(45, 0.0)	(50, 0.0)	(55, 0.0)	(60, 0.0)	(65, 0.0007472166180975864)	(70, 0.0)	(75, 0.0)	(80, 0.0007472166180975864)	(85, 0.0)	(90, 0.0)	(95, 0.0029888664723903458)	(100, 0.0037360830904879325)	(105, 0.0)	(110, 0.0)	(115, 0.0022416498542927594)	(120, 0.004483299708585519)	(125, 0.0014944332361951729)	(130, 0.0022416498542927594)	(135, 0.0022416498542927594)	(140, 0.0014944332361951729)	(145, 0.0)	(150, 0.0)	(155, 0.0007472166180975864)	(160, 0.0037360830904879325)	(165, 0.0)	(170, 0.0022416498542927594)	(175, 0.01046103265336621)	(180, 0.008966599417171038)	(185, 0.0)	(190, 0.008966599417171038)	(195, 0.015691548980049316)	(200, 0.0)	(205, 0.0)	(210, 0.0)	(215, 0.0)	(220, 0.0)	(225, 0.017933198834342075)	(230, 0.0029888664723903458)	(235, 0.0)	(240, 0.0)	(245, 0.014197115743854145)	(250, 0.05529981467089137)	(255, 0.0)	(260, 0.0)	(265, 0.0)	(270, 0.004483802264320143)	(275, 0.0007473003773866906)	(280, 0.0)	(285, 0.0)	(290, 0.0)	(295, 0.0)	(300, 0.0)
651B14_S108_L001_R2_001	(1, 0.007472166180975865)	(2, 0.0)	(3, 0.0)	(4, 0.0)	(5, 0.0)	(6, 0.0)	(7, 0.0)	(8, 0.0)	(9, 0.0)	(10, 0.0)	(15, 0.008966599417171038)	(20, 0.0022416498542927594)	(25, 0.0)	(30, 0.0)	(35, 0.0014944332361951729)	(40, 0.0014944332361951729)	(45, 0.005230516326683105)	(50, 0.0)	(55, 0.0007472166180975864)	(60, 0.0014944332361951729)	(65, 0.0)	(70, 0.0)	(75, 0.0007472166180975864)	(80, 0.005230516326683105)	(85, 0.0)	(90, 0.0022416498542927594)	(95, 0.0014944332361951729)	(100, 0.0)	(105, 0.0022416498542927594)	(110, 0.0029888664723903458)	(115, 0.005230516326683105)	(120, 0.0)	(125, 0.008219382799073452)	(130, 0.01270268250765897)	(135, 0.0)	(140, 0.013449899125756557)	(145, 0.01270268250765897)	(150, 0.0014944332361951729)	(155, 0.020174848688634835)	(160, 0.0029888664723903458)	(165, 0.0)	(170, 0.0037360830904879325)	(175, 0.0059777329447806915)	(180, 0.0)	(185, 0.0007472166180975864)	(190, 0.01494433236195173)	(195, 0.004483299708585519)	(200, 0.0037360830904879325)	(205, 0.019427632070537246)	(210, 0.005230516326683105)	(215, 0.0)	(220, 0.0)	(225, 0.0)	(230, 0.0)	(235, 0.0)	(240, 0.0007472166180975864)	(245, 0.0014944332361951729)	(250, 0.0)	(255, 0.0014946007547733812)	(260, 0.0029892015095467623)	(265, 0.0014946007547733812)	(270, 0.004483802264320143)	(275, 0.010462205283413668)	(280, 0.0037365018869334526)	(285, 0.017187908679893883)	(290, 0.011957342181766547)	(295, 0.0)	(300, 0.0)
653A0_S113_L001_R1_001	(1, 0.0)	(2, 0.0)	(3, 0.0074123489733896675)	(4, 0.0)	(5, 0.0)	(6, 0.0)	(7, 0.0)	(8, 0.0)	(9, 0.0)	(10, 0.0)	(15, 0.0)	(20, 0.0)	(25, 0.0)	(30, 0.0022237046920169)	(35, 0.0074123489733896675)	(40, 0.0)	(45, 0.0007412348973389667)	(50, 0.0014824697946779334)	(55, 0.0007412348973389667)	(60, 0.0014824697946779334)	(65, 0.0007412348973389667)	(70, 0.0029650275006300685)	(75, 0.003706311849078981)	(80, 0.0044475742188947774)	(85, 0.0)	(90, 0.0)	(95, 0.005188836588710575)	(100, 0.014825247396315924)	(105, 0.007412623698157962)	(110, 0.0)	(115, 0.00815388606797376)	(120, 0.009636410807605352)	(125, 0.013342722656684333)	(130, 0.005930098958526371)	(135, 0.0022237871094473887)	(140, 0.0044475742188947774)	(145, 0.0)	(150, 0.0)	(155, 0.005930098958526371)	(160, 0.009636410807605352)	(165, 0.0)	(170, 0.005930098958526371)	(175, 0.02816797005300026)	(180, 0.01779029687557911)	(185, 0.0)	(190, 0.025944182943552867)	(195, 0.027426707683184462)	(200, 0.0)	(205, 0.0)	(210, 0.0)	(215, 0.0)	(220, 0.0)	(225, 0.03335680664171083)	(230, 0.0022237871094473887)	(235, 0.0)	(240, 0.0)	(245, 0.014825247396315924)	(250, 0.06300730143434269)	(255, 0.0022237871094473887)	(260, 0.0)	(265, 0.0007412623698157964)	(270, 0.015566509766131722)	(275, 0.0044475742188947774)	(280, 0.0)	(285, 0.0)	(290, 0.0)	(295, 0.0014834704307256396)	(300, 0.0019015383445207172)
653A0_S113_L001_R2_001	(1, 0.022237046920169)	(2, 0.0)	(3, 0.0)	(4, 0.0)	(5, 0.0)	(6, 0.0)	(7, 0.0)	(8, 0.0)	(9, 0.0)	(10, 0.0)	(15, 0.019272107330813134)	(20, 0.005929879178711734)	(25, 0.0)	(30, 0.0)	(35, 0.0037061744866948338)	(40, 0.0037061744866948338)	(45, 0.015565932844118302)	(50, 0.0)	(55, 0.0074123489733896675)	(60, 0.0044474093840338)	(65, 0.014824697946779335)	(70, 0.0007412568751575171)	(75, 0.0022237871094473887)	(80, 0.0200140839850265)	(85, 0.0)	(90, 0.01630777213594752)	(95, 0.0200140839850265)	(100, 0.0)	(105, 0.01408398502650013)	(110, 0.014825247396315924)	(115, 0.02149660872465809)	(120, 0.0)	(125, 0.0200140839850265)	(130, 0.031133019532263443)	(135, 0.0)	(140, 0.02446165820392128)	(145, 0.015566509766131722)	(150, 0.005930098958526371)	(155, 0.040028167970053)	(160, 0.011860197917052742)	(165, 0.0022237871094473887)	(170, 0.0207553463548423)	(175, 0.019272821615210704)	(180, 0.0)	(185, 0.0014825247396315928)	(190, 0.039286905600237204)	(195, 0.012601460286868538)	(200, 0.005930098958526371)	(205, 0.03854564323042141)	(210, 0.009636410807605352)	(215, 0.0)	(220, 0.0)	(225, 0.0007412623698157964)	(230, 0.0007412623698157964)	(235, 0.0007412623698157964)	(240, 0.0)	(245, 0.00815388606797376)	(250, 0.0022237871094473887)	(255, 0.005188836588710575)	(260, 0.008895148437789555)	(265, 0.005188836588710575)	(270, 0.012601460286868538)	(275, 0.023720395834105484)	(280, 0.007412623698157962)	(285, 0.026685445313368666)	(290, 0.037804661092332326)	(295, 0.0)	(300, 0.0)
653A14_S114_L001_R1_001	(1, 0.0)	(2, 0.0)	(3, 0.023416461772626157)	(4, 0.0)	(5, 0.0)	(6, 0.0)	(7, 0.0)	(8, 0.0)	(9, 0.0)	(10, 0.0)	(15, 0.0)	(20, 0.0)	(25, 0.0)	(30, 0.0015610974515084105)	(35, 0.0015610974515084105)	(40, 0.0)	(45, 0.0)	(50, 0.0)	(55, 0.0)	(60, 0.003122194903016821)	(65, 0.0007805730967676467)	(70, 0.000780579189758801)	(75, 0.002341737569276403)	(80, 0.002341737569276403)	(85, 0.0)	(90, 0.0)	(95, 0.00468376762267568)	(100, 0.0039032006245121)	(105, 0.00312256049960968)	(110, 0.0)	(115, 0.00468384074941452)	(120, 0.008587041373926619)	(125, 0.00936768149882904)	(130, 0.0039032006245121)	(135, 0.0)	(140, 0.00234192037470726)	(145, 0.0)	(150, 0.0)	(155, 0.0039032006245121)	(160, 0.00546448087431694)	(165, 0.0)	(170, 0.00468384074941452)	(175, 0.0195160031225605)	(180, 0.014832162373145979)	(185, 0.0)	(190, 0.01639344262295082)	(195, 0.0195160031225605)	(200, 0.0)	(205, 0.0)	(210, 0.0)	(215, 0.0)	(220, 0.0)	(225, 0.02576112412177986)	(230, 0.00312256049960968)	(235, 0.0)	(240, 0.0)	(245, 0.014832162373145979)	(250, 0.0546448087431694)	(255, 0.00078064012490242)	(260, 0.0)	(265, 0.00234192037470726)	(270, 0.01405152224824356)	(275, 0.00234192037470726)	(280, 0.0)	(285, 0.0)	(290, 0.0)	(295, 0.0015619752739314135)	(300, 0.004004324670644295)
653A14_S114_L001_R2_001	(1, 0.011708230886313079)	(2, 0.0)	(3, 0.0)	(4, 0.0)	(5, 0.0)	(6, 0.0)	(7, 0.0)	(8, 0.0)	(9, 0.0)	(10, 0.0)	(15, 0.011708230886313079)	(20, 0.002341646177262616)	(25, 0.0)	(30, 0.0)	(35, 0.002341646177262616)	(40, 0.0007805487257542053)	(45, 0.011708230886313079)	(50, 0.0)	(55, 0.004683292354525232)	(60, 0.002341646177262616)	(65, 0.007805730967676467)	(70, 0.001561158379517602)	(75, 0.000780579189758801)	(80, 0.01405042541565842)	(85, 0.0)	(90, 0.007805791897588011)	(95, 0.0117094190566892)	(100, 0.0)	(105, 0.00702576112412178)	(110, 0.00624512099921936)	(115, 0.01249024199843872)	(120, 0.0)	(125, 0.0156128024980484)	(130, 0.02419984387197502)	(135, 0.0)	(140, 0.01795472287275566)	(145, 0.017174082747853238)	(150, 0.00468384074941452)	(155, 0.03044496487119438)	(160, 0.00936768149882904)	(165, 0.0039032006245121)	(170, 0.01249024199843872)	(175, 0.01327088212334114)	(180, 0.0)	(185, 0.0)	(190, 0.02263856362217018)	(195, 0.00702576112412178)	(200, 0.00624512099921936)	(205, 0.03200624512099922)	(210, 0.00702576112412178)	(215, 0.0)	(220, 0.0)	(225, 0.00078064012490242)	(230, 0.0)	(235, 0.0)	(240, 0.0)	(245, 0.00546448087431694)	(250, 0.00078064012490242)	(255, 0.00702576112412178)	(260, 0.00468384074941452)	(265, 0.00234192037470726)	(270, 0.00702576112412178)	(275, 0.01795472287275566)	(280, 0.0039032006245121)	(285, 0.02107728337236534)	(290, 0.023419203747072598)	(295, 0.0)	(300, 0.0)
653B0_S115_L001_R1_001	(1, 0.0)	(2, 0.0)	(3, 0.019395632103650258)	(4, 0.0038791264207300516)	(5, 0.0038791264207300516)	(6, 0.0)	(7, 0.0)	(8, 0.0)	(9, 0.0)	(10, 0.0)	(15, 0.0)	(20, 0.0)	(25, 0.0)	(30, 0.002327475852438031)	(35, 0.0038791264207300516)	(40, 0.0)	(45, 0.0015516505682920206)	(50, 0.0015516505682920206)	(55, 0.0007758252841460103)	(60, 0.004654951704876062)	(65, 0.002327475852438031)	(70, 0.002327475852438031)	(75, 0.005430776989022073)	(80, 0.0007758252841460103)	(85, 0.0)	(90, 0.0)	(95, 0.0038791264207300516)	(100, 0.005430776989022073)	(105, 0.0038791264207300516)	(110, 0.0)	(115, 0.0038791264207300516)	(120, 0.006982427557314093)	(125, 0.007758252841460103)	(130, 0.003103301136584041)	(135, 0.0015516505682920206)	(140, 0.004654951704876062)	(145, 0.0)	(150, 0.0)	(155, 0.0038791264207300516)	(160, 0.006982427557314093)	(165, 0.0)	(170, 0.002327475852438031)	(175, 0.014740680398774197)	(180, 0.013189029830482174)	(185, 0.0)	(190, 0.013189029830482174)	(195, 0.01706815625121223)	(200, 0.0)	(205, 0.0)	(210, 0.0)	(215, 0.0)	(220, 0.0007758252841460103)	(225, 0.020947282671942277)	(230, 0.003103301136584041)	(235, 0.0015516505682920206)	(240, 0.0007758252841460103)	(245, 0.013189029830482174)	(250, 0.04810116761705264)	(255, 0.0007758252841460103)	(260, 0.0)	(265, 0.0007758252841460103)	(270, 0.004654951704876062)	(275, 0.0007758252841460103)	(280, 0.0)	(285, 0.0)	(290, 0.0)	(295, 0.001552373190515)	(300, 0.0)
653B0_S115_L001_R2_001	(1, 0.015516505682920206)	(2, 0.0)	(3, 0.0)	(4, 0.0)	(5, 0.0)	(6, 0.0)	(7, 0.0)	(8, 0.0)	(9, 0.0)	(10, 0.0)	(15, 0.013189029830482174)	(20, 0.004654951704876062)	(25, 0.0)	(30, 0.0)	(35, 0.002327475852438031)	(40, 0.003103301136584041)	(45, 0.009309903409752124)	(50, 0.0)	(55, 0.002327475852438031)	(60, 0.0038791264207300516)	(65, 0.004654951704876062)	(70, 0.0)	(75, 0.0015516505682920206)	(80, 0.005430776989022073)	(85, 0.0)	(90, 0.006206602273168082)	(95, 0.009309903409752124)	(100, 0.0)	(105, 0.007758252841460103)	(110, 0.009309903409752124)	(115, 0.010861553978044145)	(120, 0.0)	(125, 0.008534078125606115)	(130, 0.01784398153535824)	(135, 0.0)	(140, 0.016292330967066216)	(145, 0.013189029830482174)	(150, 0.0015516505682920206)	(155, 0.02327475852438031)	(160, 0.006206602273168082)	(165, 0.0015516505682920206)	(170, 0.010861553978044145)	(175, 0.010085728693898134)	(180, 0.0)	(185, 0.0015516505682920206)	(190, 0.02172310795608829)	(195, 0.009309903409752124)	(200, 0.005430776989022073)	(205, 0.020947282671942277)	(210, 0.006982427557314093)	(215, 0.0)	(220, 0.0)	(225, 0.0007758252841460103)	(230, 0.0)	(235, 0.0)	(240, 0.0)	(245, 0.0)	(250, 0.0007758252841460103)	(255, 0.0007758252841460103)	(260, 0.003103301136584041)	(265, 0.0015516505682920206)	(270, 0.006206602273168082)	(275, 0.014740680398774197)	(280, 0.004654951704876062)	(285, 0.020171457387796268)	(290, 0.0178448122027481)	(295, 0.0)	(300, 0.0)
653B14_S116_L001_R1_001	(1, 0.0)	(2, 0.0)	(3, 0.022618464206280393)	(4, 0.0)	(5, 0.0)	(6, 0.0)	(7, 0.0)	(8, 0.0)	(9, 0.0)	(10, 0.0)	(15, 0.0)	(20, 0.0)	(25, 0.0)	(30, 0.0007539488068760131)	(35, 0.0007539488068760131)	(40, 0.0)	(45, 0.0)	(50, 0.0)	(55, 0.0)	(60, 0.0)	(65, 0.0)	(70, 0.0)	(75, 0.0)	(80, 0.0007539488068760131)	(85, 0.0)	(90, 0.0)	(95, 0.0015078976137520262)	(100, 0.002261846420628039)	(105, 0.0007539488068760131)	(110, 0.0)	(115, 0.0015078976137520262)	(120, 0.002261846420628039)	(125, 0.002261846420628039)	(130, 0.002261846420628039)	(135, 0.0)	(140, 0.0)	(145, 0.0)	(150, 0.0)	(155, 0.0015078976137520262)	(160, 0.0015078976137520262)	(165, 0.0)	(170, 0.002261846420628039)	(175, 0.006785539261884119)	(180, 0.006031590455008105)	(185, 0.0)	(190, 0.004523692841256078)	(195, 0.011309232103140197)	(200, 0.0)	(205, 0.0)	(210, 0.0)	(215, 0.0)	(220, 0.0)	(225, 0.018094771365024312)	(230, 0.0030157952275040524)	(235, 0.0)	(240, 0.0)	(245, 0.00980133448938817)	(250, 0.03920533795755268)	(255, 0.0)	(260, 0.0)	(265, 0.0007539488068760131)	(270, 0.006785539261884119)	(275, 0.0007539488068760131)	(280, 0.0)	(285, 0.0)	(290, 0.0)	(295, 0.0007542274448282623)	(300, 0.0019289007194799681)
653B14_S116_L001_R2_001	(1, 0.003769744034380066)	(2, 0.0)	(3, 0.0)	(4, 0.0)	(5, 0.0)	(6, 0.0)	(7, 0.0)	(8, 0.0)	(9, 0.0)	(10, 0.0)	(15, 0.006031590455008105)	(20, 0.0015078976137520262)	(25, 0.0)	(30, 0.0)	(35, 0.0030157952275040524)	(40, 0.0007539488068760131)	(45, 0.003769744034380066)	(50, 0.0)	(55, 0.0030157952275040524)	(60, 0.0007539488068760131)	(65, 0.0030157952275040524)	(70, 0.0)	(75, 0.0007539488068760131)	(80, 0.003769744034380066)	(85, 0.0)	(90, 0.0030157952275040524)	(95, 0.0030157952275040524)	(100, 0.0)	(105, 0.0015078976137520262)	(110, 0.0015078976137520262)	(115, 0.006031590455008105)	(120, 0.0)	(125, 0.006785539261884119)	(130, 0.011309232103140197)	(135, 0.0)	(140, 0.009047385682512156)	(145, 0.011309232103140197)	(150, 0.0015078976137520262)	(155, 0.011309232103140197)	(160, 0.0030157952275040524)	(165, 0.0007539488068760131)	(170, 0.003769744034380066)	(175, 0.003769744034380066)	(180, 0.0)	(185, 0.0015078976137520262)	(190, 0.01206318091001621)	(195, 0.003769744034380066)	(200, 0.002261846420628039)	(205, 0.015078976137520263)	(210, 0.003769744034380066)	(215, 0.0)	(220, 0.0)	(225, 0.0007539488068760131)	(230, 0.0)	(235, 0.0)	(240, 0.0)	(245, 0.0030157952275040524)	(250, 0.0007539488068760131)	(255, 0.0030157952275040524)	(260, 0.003769744034380066)	(265, 0.0015078976137520262)	(270, 0.004523692841256078)	(275, 0.011309232103140197)	(280, 0.002261846420628039)	(285, 0.01658687375127229)	(290, 0.014325675380195885)	(295, 0.0)	(300, 0.0)
655A14_S126_L001_R1_001	(1, 0.0)	(2, 0.0)	(3, 0.011695906432748539)	(4, 0.0038986354775828462)	(5, 0.0)	(6, 0.0)	(7, 0.0038986354775828462)	(8, 0.0)	(9, 0.0)	(10, 0.0)	(15, 0.0)	(20, 0.0)	(25, 0.0)	(30, 0.0023391812865497076)	(35, 0.006237816764132553)	(40, 0.0)	(45, 0.0031189083820662767)	(50, 0.0038986354775828462)	(55, 0.0023391812865497076)	(60, 0.004678362573099415)	(65, 0.0023391812865497076)	(70, 0.007017543859649122)	(75, 0.009357089945027097)	(80, 0.0023392724862567743)	(85, 0.0)	(90, 0.0)	(95, 0.0062380599633513984)	(100, 0.015595149908378495)	(105, 0.012476119926702797)	(110, 0.0)	(115, 0.0062380599633513984)	(120, 0.009357089945027097)	(125, 0.014035634917540646)	(130, 0.0038987874770946237)	(135, 0.005458302467932473)	(140, 0.007017817458770323)	(145, 0.0)	(150, 0.0)	(155, 0.01169636243128387)	(160, 0.007797574954189247)	(165, 0.0)	(170, 0.004678544972513549)	(175, 0.021833209871729892)	(180, 0.014035634917540646)	(185, 0.0)	(190, 0.02339272486256774)	(195, 0.02963078482591914)	(200, 0.0)	(205, 0.0)	(210, 0.0)	(215, 0.0)	(220, 0.0)	(225, 0.03820960698689956)	(230, 0.011696818465377417)	(235, 0.0015595757953836558)	(240, 0.0)	(245, 0.021054273237679354)	(250, 0.06862133499688085)	(255, 0.0023393636930754834)	(260, 0.0)	(265, 0.0031191515907673115)	(270, 0.014815970056144729)	(275, 0.003898939488459139)	(280, 0.0)	(285, 0.0)	(290, 0.0)	(295, 0.0015628540841284351)	(300, 0.0)
655A14_S126_L001_R2_001	(1, 0.02729044834307992)	(2, 0.0)	(3, 0.0)	(4, 0.0)	(5, 0.0)	(6, 0.0)	(7, 0.0)	(8, 0.0)	(9, 0.0)	(10, 0.0)	(15, 0.02573099415204678)	(20, 0.006237816764132553)	(25, 0.0)	(30, 0.0)	(35, 0.005458089668615984)	(40, 0.006237816764132553)	(45, 0.012475633528265107)	(50, 0.0)	(55, 0.005458089668615984)	(60, 0.0038986354775828462)	(65, 0.00935672514619883)	(70, 0.0015594541910331384)	(75, 0.0)	(80, 0.01013684744044602)	(85, 0.0)	(90, 0.01013684744044602)	(95, 0.014035634917540646)	(100, 0.0)	(105, 0.015595149908378495)	(110, 0.01169636243128387)	(115, 0.010916604935864946)	(120, 0.0)	(125, 0.015595149908378495)	(130, 0.03119029981675699)	(135, 0.0)	(140, 0.019493937385473118)	(145, 0.018714179890054194)	(150, 0.005458302467932473)	(155, 0.04678544972513548)	(160, 0.008577332449608172)	(165, 0.0031190299816756992)	(170, 0.02027369488089204)	(175, 0.01481539241295957)	(180, 0.0)	(185, 0.0023392724862567743)	(190, 0.03664860228468946)	(195, 0.01169636243128387)	(200, 0.008577332449608172)	(205, 0.04054770593556034)	(210, 0.010137242669993763)	(215, 0.0)	(220, 0.0)	(225, 0.0)	(230, 0.0)	(235, 0.0)	(240, 0.0)	(245, 0.0015595757953836558)	(250, 0.0007797878976918279)	(255, 0.0)	(260, 0.007018091079226451)	(265, 0.004678727386150967)	(270, 0.011696818465377417)	(275, 0.01793512164691204)	(280, 0.006238303181534623)	(285, 0.028852152214597627)	(290, 0.03665003119151591)	(295, 0.0)	(300, 0.0)
655B0_S127_L001_R1_001	(1, 0.0)	(2, 0.0)	(3, 0.012614715065123466)	(4, 0.009461036298842599)	(5, 0.0031536787662808665)	(6, 0.0)	(7, 0.0)	(8, 0.0)	(9, 0.0)	(10, 0.0)	(15, 0.0)	(20, 0.0)	(25, 0.0)	(30, 0.0025229430130246935)	(35, 0.0025229430130246935)	(40, 0.0)	(45, 0.0025229430130246935)	(50, 0.0031536787662808665)	(55, 0.0012614715065123467)	(60, 0.0006307357532561734)	(65, 0.00189220725976852)	(70, 0.0031536787662808665)	(75, 0.004415150272793213)	(80, 0.0006307357532561734)	(85, 0.0)	(90, 0.0)	(95, 0.00189220725976852)	(100, 0.008830300545586426)	(105, 0.00378441451953704)	(110, 0.0)	(115, 0.0025229430130246935)	(120, 0.004415150272793213)	(125, 0.00378441451953704)	(130, 0.0012614715065123467)	(135, 0.0025229430130246935)	(140, 0.0031536787662808665)	(145, 0.0)	(150, 0.0)	(155, 0.0025229430130246935)	(160, 0.004415150272793213)	(165, 0.0)	(170, 0.0031536787662808665)	(175, 0.010091772052098774)	(180, 0.006938093285817907)	(185, 0.0)	(190, 0.008199564792330253)	(195, 0.011983979311867293)	(200, 0.0)	(205, 0.0)	(210, 0.0)	(215, 0.0)	(220, 0.0)	(225, 0.014506922324891987)	(230, 0.0025229430130246935)	(235, 0.0)	(240, 0.0)	(245, 0.010722507805354947)	(250, 0.04162987258735966)	(255, 0.0)	(260, 0.0)	(265, 0.0)	(270, 0.005676800807367226)	(275, 0.0006307556452630252)	(280, 0.0)	(285, 0.0)	(290, 0.0)	(295, 0.0)	(300, 0.0)
655B0_S127_L001_R2_001	(1, 0.0031536787662808665)	(2, 0.0)	(3, 0.0)	(4, 0.0)	(5, 0.0)	(6, 0.0)	(7, 0.0)	(8, 0.0)	(9, 0.0)	(10, 0.0)	(15, 0.011983979311867293)	(20, 0.00378441451953704)	(25, 0.0)	(30, 0.0)	(35, 0.0025229430130246935)	(40, 0.0025229430130246935)	(45, 0.006938093285817907)	(50, 0.0)	(55, 0.0012614715065123467)	(60, 0.0031536787662808665)	(65, 0.006307357532561733)	(70, 0.0)	(75, 0.0)	(80, 0.006938093285817907)	(85, 0.0)	(90, 0.00378441451953704)	(95, 0.006307357532561733)	(100, 0.0)	(105, 0.005045886026049387)	(110, 0.00567662177930556)	(115, 0.00378441451953704)	(120, 0.0)	(125, 0.006307357532561733)	(130, 0.012614715065123466)	(135, 0.0)	(140, 0.012614715065123466)	(145, 0.010722507805354947)	(150, 0.0012614715065123467)	(155, 0.01955280835094137)	(160, 0.00378441451953704)	(165, 0.0)	(170, 0.00378441451953704)	(175, 0.006307357532561733)	(180, 0.0)	(185, 0.0012614715065123467)	(190, 0.014506922324891987)	(195, 0.00189220725976852)	(200, 0.00378441451953704)	(205, 0.01955280835094137)	(210, 0.00378441451953704)	(215, 0.0)	(220, 0.0)	(225, 0.0)	(230, 0.0)	(235, 0.0)	(240, 0.0)	(245, 0.0012614715065123467)	(250, 0.0006307556452630252)	(255, 0.0006307556452630252)	(260, 0.0012615112905260504)	(265, 0.0012615112905260504)	(270, 0.004415289516841175)	(275, 0.0031537782263151254)	(280, 0.0012615112905260504)	(285, 0.016399646776838653)	(290, 0.0050460451621042015)	(295, 0.0)	(300, 0.0)
655B14_S128_L001_R1_001	(1, 0.0)	(2, 0.0)	(3, 0.008462742774933356)	(4, 0.004231371387466678)	(5, 0.0)	(6, 0.0)	(7, 0.0)	(8, 0.0)	(9, 0.0)	(10, 0.0)	(15, 0.0)	(20, 0.0)	(25, 0.0)	(30, 0.0016925485549866713)	(35, 0.0033850971099733426)	(40, 0.0)	(45, 0.0008462742774933357)	(50, 0.0033850971099733426)	(55, 0.0016925485549866713)	(60, 0.0059239199424533494)	(65, 0.0016925485549866713)	(70, 0.004231371387466678)	(75, 0.005077645664960014)	(80, 0.002538822832480007)	(85, 0.0)	(90, 0.0)	(95, 0.005077645664960014)	(100, 0.007616468497440021)	(105, 0.005077645664960014)	(110, 0.0)	(115, 0.005077645664960014)	(120, 0.005077645664960014)	(125, 0.007616468497440021)	(130, 0.0033850971099733426)	(135, 0.002538822832480007)	(140, 0.004231371387466678)	(145, 0.0)	(150, 0.0)	(155, 0.005077645664960014)	(160, 0.0033850971099733426)	(165, 0.0)	(170, 0.002538822832480007)	(175, 0.017771759827360047)	(180, 0.00930901705242669)	(185, 0.0)	(190, 0.013540617621421258)	(195, 0.017772511848341232)	(200, 0.0)	(205, 0.0)	(210, 0.0)	(215, 0.0)	(220, 0.0)	(225, 0.022850372376438728)	(230, 0.008463100880162491)	(235, 0.0008463100880162492)	(240, 0.0)	(245, 0.012694651320243737)	(250, 0.05077860528097495)	(255, 0.0008463100880162492)	(260, 0.0)	(265, 0.0008463459015699715)	(270, 0.011002496720409632)	(275, 0.002539037704709915)	(280, 0.0)	(285, 0.0)	(290, 0.0)	(295, 0.0016955618668136154)	(300, 0.0)
655B14_S128_L001_R2_001	(1, 0.012694114162400034)	(2, 0.0)	(3, 0.0)	(4, 0.0)	(5, 0.0)	(6, 0.0)	(7, 0.0)	(8, 0.0)	(9, 0.0)	(10, 0.0)	(15, 0.012694114162400034)	(20, 0.004231371387466678)	(25, 0.0)	(30, 0.0)	(35, 0.004231371387466678)	(40, 0.0033850971099733426)	(45, 0.011001565607413362)	(50, 0.0)	(55, 0.005077645664960014)	(60, 0.004231371387466678)	(65, 0.008462742774933356)	(70, 0.0016925485549866713)	(75, 0.0008462742774933357)	(80, 0.00930901705242669)	(85, 0.0)	(90, 0.007616468497440021)	(95, 0.008462742774933356)	(100, 0.0)	(105, 0.007616468497440021)	(110, 0.007616468497440021)	(115, 0.010155291329920027)	(120, 0.0)	(125, 0.007616468497440021)	(130, 0.01692548554986671)	(135, 0.0)	(140, 0.01354038843989337)	(145, 0.015232936994880042)	(150, 0.0033850971099733426)	(155, 0.020310582659840055)	(160, 0.006770194219946685)	(165, 0.0016925485549866713)	(170, 0.011847839884906699)	(175, 0.008462742774933356)	(180, 0.0)	(185, 0.0)	(190, 0.01861834922945423)	(195, 0.0059241706161137445)	(200, 0.0042315504400812455)	(205, 0.02115775220040623)	(210, 0.0042315504400812455)	(215, 0.0008463100880162492)	(220, 0.0008463100880162492)	(225, 0.0016926201760324984)	(230, 0.0008463100880162492)	(235, 0.0)	(240, 0.0008463100880162492)	(245, 0.008463100880162491)	(250, 0.0050778605280974946)	(255, 0.0059241706161137445)	(260, 0.006770767212559772)	(265, 0.002539037704709915)	(270, 0.006770767212559772)	(275, 0.01608057212982946)	(280, 0.004231729507849859)	(285, 0.017773263932969404)	(290, 0.016080980431985914)	(295, 0.0)	(300, 0.0)
656A0_S117_L001_R1_001	(1, 0.0)	(2, 0.0)	(3, 0.006913955819822311)	(4, 0.0)	(5, 0.0034569779099111555)	(6, 0.0)	(7, 0.0)	(8, 0.0)	(9, 0.0)	(10, 0.0)	(15, 0.0)	(20, 0.0)	(25, 0.0)	(30, 0.0)	(35, 0.0034569779099111555)	(40, 0.0)	(45, 0.0013827911639644624)	(50, 0.0013827911639644624)	(55, 0.0006913955819822312)	(60, 0.002765582327928925)	(65, 0.0013827911639644624)	(70, 0.0013827911639644624)	(75, 0.00553116465585785)	(80, 0.0006913955819822312)	(85, 0.0)	(90, 0.0)	(95, 0.002765658814500349)	(100, 0.006914194842010648)	(105, 0.005531355873608518)	(110, 0.0)	(115, 0.0020742584526031943)	(120, 0.005531355873608518)	(125, 0.005531355873608518)	(130, 0.002765677936804259)	(135, 0.0006914194842010647)	(140, 0.002765677936804259)	(145, 0.0)	(150, 0.0)	(155, 0.004148516905206389)	(160, 0.004148516905206389)	(165, 0.0)	(170, 0.004148516905206389)	(175, 0.014519809168222361)	(180, 0.01037129226301597)	(185, 0.0)	(190, 0.012445550715619164)	(195, 0.012445550715619164)	(200, 0.0)	(205, 0.0)	(210, 0.0)	(215, 0.0)	(220, 0.0)	(225, 0.02005116504183088)	(230, 0.003457097421005324)	(235, 0.0006914194842010647)	(240, 0.0)	(245, 0.01037129226301597)	(250, 0.049787022182884326)	(255, 0.0013829824015489404)	(260, 0.0)	(265, 0.0006915151096051449)	(270, 0.0069151510960514485)	(275, 0.0006915151096051449)	(280, 0.0)	(285, 0.0)	(290, 0.0)	(295, 0.001388059908665658)	(300, 0.0)
656A0_S117_L001_R2_001	(1, 0.010370933729733467)	(2, 0.0)	(3, 0.0)	(4, 0.0)	(5, 0.0)	(6, 0.0)	(7, 0.0)	(8, 0.0)	(9, 0.0)	(10, 0.0)	(15, 0.013136516057662393)	(20, 0.0041483734918933875)	(25, 0.0)	(30, 0.0)	(35, 0.0013827911639644624)	(40, 0.0013827911639644624)	(45, 0.006913955819822311)	(50, 0.0)	(55, 0.0041483734918933875)	(60, 0.0020741867459466937)	(65, 0.0041483734918933875)	(70, 0.0013827911639644624)	(75, 0.0006913955819822312)	(80, 0.0076053514018045425)	(85, 0.0)	(90, 0.00553116465585785)	(95, 0.004839902925375611)	(100, 0.0)	(105, 0.005531355873608518)	(110, 0.006914194842010648)	(115, 0.006222775357809582)	(120, 0.0)	(125, 0.009679872778814907)	(130, 0.01590264813662449)	(135, 0.0)	(140, 0.015211228652423425)	(145, 0.008297033810412777)	(150, 0.002765677936804259)	(155, 0.02419968194703727)	(160, 0.004148516905206389)	(165, 0.0006914194842010647)	(170, 0.007605614326211712)	(175, 0.007605614326211712)	(180, 0.0)	(185, 0.0)	(190, 0.02005116504183088)	(195, 0.004148516905206389)	(200, 0.004839936389407454)	(205, 0.022816842978635135)	(210, 0.004839936389407454)	(215, 0.0)	(220, 0.0)	(225, 0.0)	(230, 0.0)	(235, 0.0)	(240, 0.0)	(245, 0.003457097421005324)	(250, 0.0006915007641083444)	(255, 0.0)	(260, 0.0034575755480257243)	(265, 0.0027660604384205797)	(270, 0.007606666205656594)	(275, 0.014521817301708042)	(280, 0.004149090657630869)	(285, 0.020745453288154345)	(290, 0.015904847520918333)	(295, 0.0)	(300, 0.0)
656A14_S118_L001_R1_001	(1, 0.0)	(2, 0.0)	(3, 0.015975461690842865)	(4, 0.0)	(5, 0.0)	(6, 0.0)	(7, 0.0)	(8, 0.0)	(9, 0.0)	(10, 0.0)	(15, 0.0)	(20, 0.0)	(25, 0.0)	(30, 0.0057511662087034315)	(35, 0.007668221611604575)	(40, 0.0)	(45, 0.0025560738705348585)	(50, 0.004473129273436002)	(55, 0.0031950923381685735)	(60, 0.007029203143970861)	(65, 0.0057511662087034315)	(70, 0.004473129273436002)	(75, 0.012780369352674294)	(80, 0.0006390184676337146)	(85, 0.0)	(90, 0.0)	(95, 0.0038341108058022877)	(100, 0.017253498626110295)	(105, 0.011502332417406863)	(110, 0.0)	(115, 0.0038341108058022877)	(120, 0.0057511662087034315)	(125, 0.00958527701450572)	(130, 0.005112147741069717)	(135, 0.007029203143970861)	(140, 0.007029203143970861)	(145, 0.0)	(150, 0.0)	(155, 0.00830724007923829)	(160, 0.007668221611604575)	(165, 0.0)	(170, 0.0006390184676337146)	(175, 0.01533644322320915)	(180, 0.011502332417406863)	(185, 0.0)	(190, 0.012141350885040578)	(195, 0.01661448015847658)	(200, 0.0)	(205, 0.0)	(210, 0.0)	(215, 0.0)	(220, 0.0006390184676337146)	(225, 0.020448590964278868)	(230, 0.007029203143970861)	(235, 0.0025560738705348585)	(240, 0.0006390184676337146)	(245, 0.014058496124328228)	(250, 0.04345575501179057)	(255, 0.0006390593047034765)	(260, 0.0)	(265, 0.0019172391755871547)	(270, 0.012781594503914364)	(275, 0.0019172391755871547)	(280, 0.0)	(285, 0.0)	(290, 0.0)	(295, 0.0012840926601263548)	(300, 0.0)
656A14_S118_L001_R2_001	(1, 0.00958527701450572)	(2, 0.0)	(3, 0.0)	(4, 0.0)	(5, 0.0)	(6, 0.0)	(7, 0.0)	(8, 0.0)	(9, 0.0)	(10, 0.0)	(15, 0.01661448015847658)	(20, 0.006390184676337147)	(25, 0.0)	(30, 0.0)	(35, 0.006390184676337147)	(40, 0.006390184676337147)	(45, 0.00958527701450572)	(50, 0.0)	(55, 0.0012780369352674292)	(60, 0.004473129273436002)	(65, 0.012780369352674294)	(70, 0.0006390184676337146)	(75, 0.0012780369352674292)	(80, 0.011502332417406863)	(85, 0.0)	(90, 0.0031950923381685735)	(95, 0.010224295482139434)	(100, 0.0)	(105, 0.007668221611604575)	(110, 0.010224295482139434)	(115, 0.013419387820308007)	(120, 0.0)	(125, 0.012780369352674294)	(130, 0.015975461690842865)	(135, 0.0)	(140, 0.010863313949773148)	(145, 0.01789251709374401)	(150, 0.0006390184676337146)	(155, 0.026199757172982296)	(160, 0.0057511662087034315)	(165, 0.0019170554029011438)	(170, 0.00830724007923829)	(175, 0.00958527701450572)	(180, 0.0006390184676337146)	(185, 0.0031950923381685735)	(190, 0.023004664834813726)	(195, 0.006390184676337147)	(200, 0.0057511662087034315)	(205, 0.0306728864464183)	(210, 0.006390184676337147)	(215, 0.0012780369352674292)	(220, 0.0006390184676337146)	(225, 0.0006390184676337146)	(230, 0.0)	(235, 0.0)	(240, 0.0006390184676337146)	(245, 0.0006390225511058286)	(250, 0.002556220883046504)	(255, 0.002556237218813906)	(260, 0.003195296523517383)	(265, 0.0019171779141104297)	(270, 0.007029652351738242)	(275, 0.009585889570552147)	(280, 0.003195296523517383)	(285, 0.023006134969325152)	(290, 0.015337423312883437)	(295, 0.0)	(300, 0.0)
656B0_S119_L001_R1_001	(1, 0.0)	(2, 0.0)	(3, 0.014222222222222221)	(4, 0.0035555555555555553)	(5, 0.0)	(6, 0.0)	(7, 0.0)	(8, 0.0)	(9, 0.0)	(10, 0.0)	(15, 0.0)	(20, 0.0)	(25, 0.0)	(30, 0.0021333333333333334)	(35, 0.0)	(40, 0.0)	(45, 0.0014222727919214904)	(50, 0.0014222727919214904)	(55, 0.0)	(60, 0.007111363959607453)	(65, 0.0035556819798037266)	(70, 0.002133409187882236)	(75, 0.006400227563646708)	(80, 0.0007111363959607452)	(85, 0.0)	(90, 0.0)	(95, 0.002844545583842981)	(100, 0.007111363959607453)	(105, 0.004977954771725216)	(110, 0.0)	(115, 0.0035556819798037266)	(120, 0.004977954771725216)	(125, 0.007111363959607453)	(130, 0.0035556819798037266)	(135, 0.0035556819798037266)	(140, 0.005689091167685962)	(145, 0.0)	(150, 0.0)	(155, 0.006400227563646708)	(160, 0.005689091167685962)	(165, 0.0)	(170, 0.0007111363959607452)	(175, 0.01920068269094012)	(180, 0.011378182335371924)	(185, 0.0)	(190, 0.01351159152325416)	(195, 0.01920068269094012)	(200, 0.0)	(205, 0.0)	(210, 0.0)	(215, 0.0)	(220, 0.0)	(225, 0.022045228274783103)	(230, 0.007111363959607453)	(235, 0.0007111363959607452)	(240, 0.0)	(245, 0.014933864315175651)	(250, 0.05049068411321292)	(255, 0.0007111363959607452)	(260, 0.0)	(265, 0.0007111363959607452)	(270, 0.008533636751528944)	(275, 0.002133409187882236)	(280, 0.0)	(285, 0.0)	(290, 0.0)	(295, 0.0007138217301611095)	(300, 0.0)
656B0_S119_L001_R2_001	(1, 0.014222222222222221)	(2, 0.0)	(3, 0.0)	(4, 0.0)	(5, 0.0)	(6, 0.0)	(7, 0.0)	(8, 0.0)	(9, 0.0)	(10, 0.0)	(15, 0.014933333333333331)	(20, 0.007111111111111111)	(25, 0.0)	(30, 0.0)	(35, 0.004977777777777778)	(40, 0.003555656694234858)	(45, 0.010667045939411179)	(50, 0.0)	(55, 0.002844545583842981)	(60, 0.005689091167685962)	(65, 0.008533636751528944)	(70, 0.0007111363959607452)	(75, 0.0007111363959607452)	(80, 0.011378182335371924)	(85, 0.0)	(90, 0.004977954771725216)	(95, 0.011378182335371924)	(100, 0.0)	(105, 0.006400227563646708)	(110, 0.007822500355568198)	(115, 0.012800455127293416)	(120, 0.0)	(125, 0.01208931873133267)	(130, 0.01777840989901863)	(135, 0.0)	(140, 0.016356137107097143)	(145, 0.014222727919214907)	(150, 0.0014222727919214904)	(155, 0.02417863746266534)	(160, 0.006400227563646708)	(165, 0.002133409187882236)	(170, 0.01208931873133267)	(175, 0.008533636751528944)	(180, 0.0)	(185, 0.0014222727919214904)	(190, 0.021334091878822358)	(195, 0.006400227563646708)	(200, 0.004266818375764472)	(205, 0.026312046650547573)	(210, 0.005689091167685962)	(215, 0.0)	(220, 0.0)	(225, 0.0)	(230, 0.0)	(235, 0.0)	(240, 0.0)	(245, 0.0035556819798037266)	(250, 0.002133409187882236)	(255, 0.002133409187882236)	(260, 0.0035556819798037266)	(265, 0.002133409187882236)	(270, 0.008533636751528944)	(275, 0.012800455127293416)	(280, 0.0035556819798037266)	(285, 0.02062324880171813)	(290, 0.016356718699996442)	(295, 0.0)	(300, 0.0)
656B14_S120_L001_R1_001	(1, 0.0)	(2, 0.0)	(3, 0.022996435552489362)	(4, 0.0)	(5, 0.003832739258748227)	(6, 0.0)	(7, 0.0)	(8, 0.0)	(9, 0.0)	(10, 0.0)	(15, 0.0)	(20, 0.0)	(25, 0.0)	(30, 0.0053658349622475185)	(35, 0.008432026369246101)	(40, 0.0)	(45, 0.004599287110497873)	(50, 0.0061323828139971635)	(55, 0.0007665478517496454)	(60, 0.0030662149110031126)	(65, 0.0022997316979685703)	(70, 0.005366040628593331)	(75, 0.006899195093905712)	(80, 0.0015331544653123803)	(85, 0.0)	(90, 0.0)	(95, 0.0045994633959371405)	(100, 0.013798390187811423)	(105, 0.009965504024530471)	(110, 0.0)	(115, 0.0045994633959371405)	(120, 0.0045994633959371405)	(125, 0.009198926791874281)	(130, 0.0030663089306247606)	(135, 0.0045994633959371405)	(140, 0.0045994633959371405)	(145, 0.0)	(150, 0.0)	(155, 0.00843234955921809)	(160, 0.006132617861249521)	(165, 0.0)	(170, 0.0015331544653123803)	(175, 0.01763127635109237)	(180, 0.013798390187811423)	(185, 0.0)	(190, 0.01763195216374717)	(195, 0.022998198474452836)	(200, 0.0)	(205, 0.0)	(210, 0.0)	(215, 0.0)	(220, 0.0)	(225, 0.036031892057651026)	(230, 0.008432996013492794)	(235, 0.0)	(240, 0.0)	(245, 0.023765716038025145)	(250, 0.07053213428705045)	(255, 0.0007666653888910185)	(260, 0.0)	(265, 0.0007666947788085562)	(270, 0.010733726903319788)	(275, 0.002300084336425669)	(280, 0.0)	(285, 0.0)	(290, 0.0)	(295, 0.001538804810303837)	(300, 0.0019795316428133105)
656B14_S120_L001_R2_001	(1, 0.015330957034992909)	(2, 0.0)	(3, 0.0)	(4, 0.0)	(5, 0.0)	(6, 0.0)	(7, 0.0)	(8, 0.0)	(9, 0.0)	(10, 0.0)	(15, 0.016097504886742553)	(20, 0.0061323828139971635)	(25, 0.0)	(30, 0.0)	(35, 0.004599287110497873)	(40, 0.0053658349622475185)	(45, 0.011498217776244681)	(50, 0.0)	(55, 0.003832739258748227)	(60, 0.007665537277507781)	(65, 0.013031812955155233)	(70, 0.0)	(75, 0.0015331544653123803)	(80, 0.01456496742046761)	(85, 0.0)	(90, 0.006132617861249521)	(95, 0.01686469911843618)	(100, 0.0)	(105, 0.009198926791874281)	(110, 0.013798390187811423)	(115, 0.012265235722499043)	(120, 0.0)	(125, 0.010732081257186662)	(130, 0.024530471444998085)	(135, 0.0)	(140, 0.01763127635109237)	(145, 0.018397853583748562)	(150, 0.0015331544653123803)	(155, 0.02912993484093522)	(160, 0.007665772326561901)	(165, 0.0007665772326561902)	(170, 0.013031812955155233)	(175, 0.009965504024530471)	(180, 0.0)	(185, 0.0022998198474452835)	(190, 0.022998198474452836)	(195, 0.00843267277396604)	(200, 0.006132852926520755)	(205, 0.02913105140097359)	(210, 0.006132852926520755)	(215, 0.0)	(220, 0.0)	(225, 0.0007666066158150944)	(230, 0.0)	(235, 0.0)	(240, 0.0007666066158150944)	(245, 0.0007666066158150944)	(250, 0.0)	(255, 0.0007666066158150944)	(260, 0.003833062463585907)	(265, 0.0022999080036798527)	(270, 0.010732904017172647)	(275, 0.011499540018399264)	(280, 0.0038331800061330882)	(285, 0.025298988040478382)	(290, 0.014566977428851817)	(295, 0.0)	(300, 0.0)
676A0_S133_L001_R1_001	(1, 0.0)	(2, 0.0)	(3, 0.009641342074816815)	(4, 0.0)	(5, 0.0032137806916056047)	(6, 0.0)	(7, 0.0)	(8, 0.0)	(9, 0.0)	(10, 0.0)	(15, 0.0)	(20, 0.0)	(25, 0.0)	(30, 0.0)	(35, 0.000642756138321121)	(40, 0.0)	(45, 0.0)	(50, 0.000642756138321121)	(55, 0.001285512276642242)	(60, 0.006427561383211209)	(65, 0.004499292968247847)	(70, 0.0019282684149633628)	(75, 0.005784805244890089)	(80, 0.000642756138321121)	(85, 0.0)	(90, 0.0)	(95, 0.000642756138321121)	(100, 0.00835599092410832)	(105, 0.0038566607745460393)	(110, 0.0)	(115, 0.0012855535915153463)	(120, 0.0038566607745460393)	(125, 0.004499437570303712)	(130, 0.0032138839787883657)	(135, 0.0032138839787883657)	(140, 0.0019283303872730197)	(145, 0.0)	(150, 0.0)	(155, 0.005784991161819059)	(160, 0.005142214366061385)	(165, 0.0)	(170, 0.0019283303872730197)	(175, 0.010927205527880443)	(180, 0.009641837862854498)	(185, 0.0)	(190, 0.009642271719217048)	(195, 0.019927361553048566)	(200, 0.0)	(205, 0.0)	(210, 0.0)	(215, 0.0)	(220, 0.0)	(225, 0.023141452126120916)	(230, 0.0044997268023012895)	(235, 0.0)	(240, 0.0)	(245, 0.013499180406903868)	(250, 0.04628290425224183)	(255, 0.0)	(260, 0.0)	(265, 0.0019285163281049112)	(270, 0.012213936744664438)	(275, 0.0006428387760349704)	(280, 0.0)	(285, 0.0)	(290, 0.0)	(295, 0.0006453278265358802)	(300, 0.0016911317053372116)
676A0_S133_L001_R2_001	(1, 0.0032137806916056047)	(2, 0.0)	(3, 0.0)	(4, 0.0)	(5, 0.0)	(6, 0.0)	(7, 0.0)	(8, 0.0)	(9, 0.0)	(10, 0.0)	(15, 0.015426147319706903)	(20, 0.0038565368299267257)	(25, 0.0)	(30, 0.0)	(35, 0.0038565368299267257)	(40, 0.0032137806916056047)	(45, 0.007713073659853451)	(50, 0.0)	(55, 0.0)	(60, 0.001285512276642242)	(65, 0.0032137806916056047)	(70, 0.000642756138321121)	(75, 0.000642756138321121)	(80, 0.005142049106568968)	(85, 0.0)	(90, 0.001285512276642242)	(95, 0.0032137806916056047)	(100, 0.0)	(105, 0.0032138839787883657)	(110, 0.0032138839787883657)	(115, 0.010927205527880443)	(120, 0.0)	(125, 0.00835609834484975)	(130, 0.0167121966896995)	(135, 0.0)	(140, 0.01028442873212277)	(145, 0.011569982323638118)	(150, 0.0012855535915153463)	(155, 0.01414108950666881)	(160, 0.0038566607745460393)	(165, 0.0012855535915153463)	(170, 0.004499437570303712)	(175, 0.005142214366061385)	(180, 0.0)	(185, 0.0012855949090441602)	(190, 0.017998907209205158)	(195, 0.006428181146144699)	(200, 0.0044997268023012895)	(205, 0.021212997782277504)	(210, 0.0044997268023012895)	(215, 0.0)	(220, 0.0)	(225, 0.0)	(230, 0.0)	(235, 0.0)	(240, 0.0012856362292289396)	(245, 0.0044997268023012895)	(250, 0.0019284543438434095)	(255, 0.003856908687686819)	(260, 0.005142544916915758)	(265, 0.002571272458457879)	(270, 0.007713817375373638)	(275, 0.011570726063060458)	(280, 0.0019284543438434095)	(285, 0.017998907209205158)	(290, 0.013499180406903868)	(295, 0.0)	(300, 0.0)
676A14_S134_L001_R1_001	(1, 0.0)	(2, 0.0)	(3, 0.015051627080887444)	(4, 0.0030103254161774886)	(5, 0.0)	(6, 0.0)	(7, 0.0)	(8, 0.0)	(9, 0.0)	(10, 0.0)	(15, 0.0)	(20, 0.0)	(25, 0.0)	(30, 0.0036123904994129867)	(35, 0.006020650832354977)	(40, 0.0)	(45, 0.0018061952497064934)	(50, 0.002408260332941991)	(55, 0.0012041301664709955)	(60, 0.0036123904994129867)	(65, 0.0018061952497064934)	(70, 0.004816520665883982)	(75, 0.008428911165296968)	(80, 0.0006020650832354977)	(85, 0.0)	(90, 0.0)	(95, 0.0036123904994129867)	(100, 0.01565369216412294)	(105, 0.009633041331767964)	(110, 0.0)	(115, 0.004816520665883982)	(120, 0.007224780998825973)	(125, 0.007224780998825973)	(130, 0.00541858574911948)	(135, 0.004816520665883982)	(140, 0.006020650832354977)	(145, 0.0)	(150, 0.0)	(155, 0.006020650832354977)	(160, 0.00782684608206147)	(165, 0.0)	(170, 0.004214455582648484)	(175, 0.020470212830006922)	(180, 0.012643366747945453)	(185, 0.0)	(190, 0.018064127653168748)	(195, 0.024688235754586892)	(200, 0.0)	(205, 0.0)	(210, 0.0)	(215, 0.0)	(220, 0.0006021738475897991)	(225, 0.025893475446361364)	(230, 0.007828260018667389)	(235, 0.0024086953903591965)	(240, 0.0006021738475897991)	(245, 0.015656520037334778)	(250, 0.05178819831266824)	(255, 0.0006021919788028423)	(260, 0.0)	(265, 0.0012043839576056847)	(270, 0.014452781558250732)	(275, 0.002408840444431062)	(280, 0.0)	(285, 0.0)	(290, 0.0)	(295, 0.0012067384273784815)	(300, 0.0)
676A14_S134_L001_R2_001	(1, 0.018061952497064934)	(2, 0.0)	(3, 0.0)	(4, 0.0)	(5, 0.0)	(6, 0.0)	(7, 0.0)	(8, 0.0)	(9, 0.0)	(10, 0.0)	(15, 0.02167434299647792)	(20, 0.006622715915590475)	(25, 0.0)	(30, 0.0)	(35, 0.006020650832354977)	(40, 0.004816520665883982)	(45, 0.013847496914416448)	(50, 0.0)	(55, 0.0036123904994129867)	(60, 0.006622715915590475)	(65, 0.01324543183118095)	(70, 0.0012041301664709955)	(75, 0.0012041301664709955)	(80, 0.016857822330593936)	(85, 0.0)	(90, 0.006020650832354977)	(95, 0.015051627080887444)	(100, 0.0)	(105, 0.010235106415003461)	(110, 0.015051627080887444)	(115, 0.019868147746771425)	(120, 0.0)	(125, 0.01324543183118095)	(130, 0.020470212830006922)	(135, 0.0)	(140, 0.013847496914416448)	(145, 0.016857822330593936)	(150, 0.002408260332941991)	(155, 0.028899123995303894)	(160, 0.008428911165296968)	(165, 0.0030103254161774886)	(170, 0.017459887413829433)	(175, 0.012041301664709955)	(180, 0.0006020650832354977)	(185, 0.0012041374161619325)	(190, 0.02769749518304432)	(195, 0.010838411329752643)	(200, 0.007225651061267499)	(205, 0.0331175673641427)	(210, 0.006021375884389583)	(215, 0.0012042751768779167)	(220, 0.0006021375884389584)	(225, 0.0006021375884389584)	(230, 0.0)	(235, 0.0)	(240, 0.0006021375884389584)	(245, 0.005419270927417898)	(250, 0.00481736177182566)	(255, 0.005419564628308193)	(260, 0.005419564628308193)	(265, 0.003613043085538795)	(270, 0.009032607713846988)	(275, 0.018667389275283774)	(280, 0.006021738475897992)	(285, 0.024086953903591966)	(290, 0.0240873890474642)	(295, 0.0)	(300, 0.0)
676B0_S135_L001_R1_001	(1, 0.0)	(2, 0.0)	(3, 0.021085925144965736)	(4, 0.002635740643120717)	(5, 0.002635740643120717)	(6, 0.0)	(7, 0.0)	(8, 0.0)	(9, 0.0)	(10, 0.0)	(15, 0.0)	(20, 0.0)	(25, 0.0)	(30, 0.0015814443858724301)	(35, 0.0015814443858724301)	(40, 0.0)	(45, 0.0005271481286241433)	(50, 0.0010542962572482866)	(55, 0.0010542962572482866)	(60, 0.0042171850289931465)	(65, 0.002635740643120717)	(70, 0.003690036900369004)	(75, 0.008434370057986293)	(80, 0.0005271481286241433)	(85, 0.0)	(90, 0.0)	(95, 0.0031628887717448603)	(100, 0.012651555086979441)	(105, 0.005798629414865577)	(110, 0.0)	(115, 0.005271481286241434)	(120, 0.005271481286241434)	(125, 0.00790722192936215)	(130, 0.005271481286241434)	(135, 0.004744333157617291)	(140, 0.0031628887717448603)	(145, 0.0)	(150, 0.0)	(155, 0.0042171850289931465)	(160, 0.0063257775434897206)	(165, 0.0)	(170, 0.002635740643120717)	(175, 0.019504480759093307)	(180, 0.01528729573010016)	(185, 0.0)	(190, 0.01423374980230903)	(195, 0.025831892370629668)	(200, 0.0)	(205, 0.0)	(210, 0.0)	(215, 0.0)	(220, 0.0)	(225, 0.028995439808102905)	(230, 0.008435037035084482)	(235, 0.0005271898146927801)	(240, 0.0)	(245, 0.018451643514247305)	(250, 0.055357557097366034)	(255, 0.0005272176090681429)	(260, 0.0)	(265, 0.0005272315073548795)	(270, 0.01212632466916223)	(275, 0.002108926029419518)	(280, 0.0)	(285, 0.0)	(290, 0.0)	(295, 0.0015850372483753367)	(300, 0.0)
676B0_S135_L001_R2_001	(1, 0.010542962572482868)	(2, 0.0)	(3, 0.0)	(4, 0.0)	(5, 0.0)	(6, 0.0)	(7, 0.0)	(8, 0.0)	(9, 0.0)	(10, 0.0)	(15, 0.01739588824459673)	(20, 0.004744333157617291)	(25, 0.0)	(30, 0.0)	(35, 0.003690036900369004)	(40, 0.0042171850289931465)	(45, 0.012124406958355299)	(50, 0.0)	(55, 0.0031628887717448603)	(60, 0.002635740643120717)	(65, 0.005798629414865577)	(70, 0.0010542962572482866)	(75, 0.0010542962572482866)	(80, 0.008961518186610437)	(85, 0.0)	(90, 0.005798629414865577)	(95, 0.008434370057986293)	(100, 0.0)	(105, 0.006852925672113865)	(110, 0.005798629414865577)	(115, 0.011597258829731154)	(120, 0.0)	(125, 0.014232999472851872)	(130, 0.021085925144965736)	(135, 0.0)	(140, 0.01370585134422773)	(145, 0.0158144438587243)	(150, 0.0031628887717448603)	(155, 0.03057459146020032)	(160, 0.008961518186610437)	(165, 0.0015814443858724301)	(170, 0.008434370057986293)	(175, 0.011070110701107012)	(180, 0.0)	(185, 0.002635740643120717)	(190, 0.02846749960461806)	(195, 0.006853359200371135)	(200, 0.006326277776313362)	(205, 0.032158578696259585)	(210, 0.007907847220391702)	(215, 0.0)	(220, 0.0)	(225, 0.0)	(230, 0.0)	(235, 0.0)	(240, 0.0005271898146927801)	(245, 0.004744708332235022)	(250, 0.002108803728364992)	(255, 0.0031632222690847742)	(260, 0.0057993936997495716)	(265, 0.003690523263477)	(270, 0.00896269935415843)	(275, 0.01792539870831686)	(280, 0.004217740872545143)	(285, 0.024779227626202712)	(290, 0.0237262934784328)	(295, 0.0)	(300, 0.0)
676B14_S136_L001_R1_001	(1, 0.0)	(2, 0.0)	(3, 0.022997316979685704)	(4, 0.0025552574421873007)	(5, 0.0)	(6, 0.0)	(7, 0.0)	(8, 0.0)	(9, 0.0)	(10, 0.0)	(15, 0.0)	(20, 0.0)	(25, 0.0)	(30, 0.0015331544653123803)	(35, 0.0030663089306247606)	(40, 0.0)	(45, 0.0010221029768749201)	(50, 0.0025552574421873007)	(55, 0.0010221029768749201)	(60, 0.00664366934968698)	(65, 0.0025552574421873007)	(70, 0.0030663089306247606)	(75, 0.007154720838124441)	(80, 0.0010221029768749201)	(85, 0.0)	(90, 0.0)	(95, 0.0040884119074996806)	(100, 0.009709978280311742)	(105, 0.00613264920224455)	(110, 0.0)	(115, 0.0020442581898093733)	(120, 0.006132774569428119)	(125, 0.008177032759237493)	(130, 0.002555322737261716)	(135, 0.007154903664332805)	(140, 0.006132774569428119)	(145, 0.0)	(150, 0.0)	(155, 0.006643839116880462)	(160, 0.005621710021975776)	(165, 0.0)	(170, 0.0035774518321664023)	(175, 0.01584300097102264)	(180, 0.01277661368630858)	(185, 0.0)	(190, 0.01482466005520908)	(195, 0.021470197321337287)	(200, 0.0)	(205, 0.0)	(210, 0.0)	(215, 0.0)	(220, 0.0)	(225, 0.026072953145369494)	(230, 0.00562357812939342)	(235, 0.0)	(240, 0.0)	(245, 0.017382235355466714)	(250, 0.05419333728706109)	(255, 0.0005112735824939925)	(260, 0.0)	(265, 0.001022547164987985)	(270, 0.005112735824939926)	(275, 0.001022547164987985)	(280, 0.0)	(285, 0.0)	(290, 0.0)	(295, 0.0005125051250512505)	(300, 0.0)
676B14_S136_L001_R2_001	(1, 0.017886802095311103)	(2, 0.0)	(3, 0.0)	(4, 0.0)	(5, 0.0)	(6, 0.0)	(7, 0.0)	(8, 0.0)	(9, 0.0)	(10, 0.0)	(15, 0.01737575060687364)	(20, 0.0035773604190622206)	(25, 0.0)	(30, 0.0)	(35, 0.0040884119074996806)	(40, 0.0045994633959371405)	(45, 0.011754184234061582)	(50, 0.0)	(55, 0.0030663089306247606)	(60, 0.0045994633959371405)	(65, 0.007665772326561901)	(70, 0.0)	(75, 0.0010221029768749201)	(80, 0.007665772326561901)	(85, 0.0)	(90, 0.006132617861249521)	(95, 0.011243132745624123)	(100, 0.0)	(105, 0.007154757402618642)	(110, 0.008177032759237493)	(115, 0.01277661368630858)	(120, 0.0)	(125, 0.011243420043951551)	(130, 0.02095364644554607)	(135, 0.0)	(140, 0.01584300097102264)	(145, 0.01584300097102264)	(150, 0.0020442581898093733)	(155, 0.030663872847140596)	(160, 0.005621710021975776)	(165, 0.0015331936423570297)	(170, 0.01277661368630858)	(175, 0.00971022640159452)	(180, 0.0)	(185, 0.0015331936423570297)	(190, 0.02300378284428995)	(195, 0.007667927614763316)	(200, 0.0051119517431755445)	(205, 0.02862766147790302)	(210, 0.006645877000153367)	(215, 0.0)	(220, 0.0)	(225, 0.0)	(230, 0.0)	(235, 0.0)	(240, 0.0005112474437627811)	(245, 0.0015337658553045293)	(250, 0.0010225419370011911)	(255, 0.0)	(260, 0.0030677199171715622)	(265, 0.0015338599585857811)	(270, 0.00869187309865276)	(275, 0.012782166321548176)	(280, 0.004090293222895417)	(285, 0.021474039420200937)	(290, 0.01738410172767293)	(295, 0.0)	(300, 0.0)
678A0_S141_L001_R1_001	(1, 0.0)	(2, 0.0)	(3, 0.020802995631370915)	(4, 0.0029718565187672736)	(5, 0.0)	(6, 0.0)	(7, 0.0)	(8, 0.0)	(9, 0.0)	(10, 0.0)	(15, 0.0)	(20, 0.0)	(25, 0.0)	(30, 0.0017831139112603645)	(35, 0.0029718565187672736)	(40, 0.0)	(45, 0.005349341733781093)	(50, 0.002377485215013819)	(55, 0.0017831139112603645)	(60, 0.008321198252548368)	(65, 0.004160599126274184)	(70, 0.005349341733781093)	(75, 0.01248179737882255)	(80, 0.0011887426075069096)	(85, 0.0)	(90, 0.0)	(95, 0.004160599126274184)	(100, 0.011887426075069095)	(105, 0.005349373528922279)	(110, 0.0)	(115, 0.003566333808844508)	(120, 0.005943889681407513)	(125, 0.007727056585829768)	(130, 0.005349500713266762)	(135, 0.004755111745126011)	(140, 0.005349500713266762)	(145, 0.0)	(150, 0.0)	(155, 0.004160722776985259)	(160, 0.005349500713266762)	(165, 0.0)	(170, 0.0023775558725630053)	(175, 0.02258678078934855)	(180, 0.017237280076081787)	(185, 0.0)	(190, 0.015455491157675732)	(195, 0.02377767870411651)	(200, 0.0)	(205, 0.0)	(210, 0.0)	(215, 0.0)	(220, 0.0005944596361907026)	(225, 0.030911901081916538)	(230, 0.00891689454286054)	(235, 0.0)	(240, 0.0)	(245, 0.019022708358102484)	(250, 0.06360718107240518)	(255, 0.0005944596361907026)	(260, 0.0)	(265, 0.0035667578171442163)	(270, 0.01723932944953038)	(275, 0.0023778385447628106)	(280, 0.0)	(285, 0.0)	(290, 0.0)	(295, 0.0011902353095206923)	(300, 0.004593688272313841)
678A0_S141_L001_R2_001	(1, 0.02377485215013819)	(2, 0.0)	(3, 0.0)	(4, 0.0)	(5, 0.0)	(6, 0.0)	(7, 0.0)	(8, 0.0)	(9, 0.0)	(10, 0.0)	(15, 0.018425510416357097)	(20, 0.004160599126274184)	(25, 0.0)	(30, 0.0)	(35, 0.004160599126274184)	(40, 0.003566227822520729)	(45, 0.01129305477131564)	(50, 0.0)	(55, 0.0011887426075069096)	(60, 0.004160599126274184)	(65, 0.005943713037534547)	(70, 0.0)	(75, 0.0011887426075069096)	(80, 0.009509940860055277)	(85, 0.0)	(90, 0.005349341733781093)	(95, 0.01129305477131564)	(100, 0.0)	(105, 0.00653812320201612)	(110, 0.009510223490252021)	(115, 0.014265335235378032)	(120, 0.0)	(125, 0.014265335235378032)	(130, 0.02377555872563005)	(135, 0.0)	(140, 0.017237280076081787)	(145, 0.018426058012363293)	(150, 0.003566333808844508)	(155, 0.03209700427960057)	(160, 0.009510223490252021)	(165, 0.001783166904422254)	(170, 0.010699001426533523)	(175, 0.010104612458392772)	(180, 0.0)	(185, 0.001783166904422254)	(190, 0.026155446574528163)	(195, 0.00832218754644078)	(200, 0.005349977708426215)	(205, 0.029722098380145636)	(210, 0.007133303611234954)	(215, 0.0)	(220, 0.0)	(225, 0.0)	(230, 0.0)	(235, 0.0)	(240, 0.0005944419676029127)	(245, 0.003566651805617477)	(250, 0.0017833259028087385)	(255, 0.0011888839352058255)	(260, 0.007133303611234954)	(265, 0.003566651805617477)	(270, 0.011294397384455342)	(275, 0.017833259028087384)	(280, 0.005349977708426215)	(285, 0.024966562639322336)	(290, 0.02556100460692525)	(295, 0.0)	(300, 0.0)
678A14_S142_L001_R1_001	(1, 0.0)	(2, 0.0)	(3, 0.014127885620638015)	(4, 0.0)	(5, 0.0)	(6, 0.0)	(7, 0.0)	(8, 0.0)	(9, 0.0)	(10, 0.0)	(15, 0.0)	(20, 0.0)	(25, 0.0)	(30, 0.0033906925489531232)	(35, 0.005651154248255206)	(40, 0.0)	(45, 0.0016953462744765616)	(50, 0.0011302308496510412)	(55, 0.0016953462744765616)	(60, 0.0033906925489531232)	(65, 0.0022604616993020825)	(70, 0.005086038823429686)	(75, 0.0067813850979062465)	(80, 0.0016953462744765616)	(85, 0.0)	(90, 0.0)	(95, 0.004520923398604165)	(100, 0.012432539346161453)	(105, 0.00904184679720833)	(110, 0.0)	(115, 0.005651154248255206)	(120, 0.010172077646859371)	(125, 0.010172077646859371)	(130, 0.004520923398604165)	(135, 0.005086038823429686)	(140, 0.005651154248255206)	(145, 0.0)	(150, 0.0)	(155, 0.00791161594755729)	(160, 0.009042051189312296)	(165, 0.0)	(170, 0.003390788358293303)	(175, 0.024300649901102006)	(180, 0.014693416219270979)	(185, 0.0)	(190, 0.020909861542808703)	(195, 0.024300649901102006)	(200, 0.0)	(205, 0.0)	(210, 0.0)	(215, 0.0)	(220, 0.0)	(225, 0.028257368108734353)	(230, 0.009042357794794993)	(235, 0.001695442086524061)	(240, 0.000565147362174687)	(245, 0.01638927350306592)	(250, 0.047473451602511575)	(255, 0.0011303266644060134)	(260, 0.0)	(265, 0.0011303266644060134)	(270, 0.01865038996269922)	(275, 0.00339097999321804)	(280, 0.0)	(285, 0.0)	(290, 0.0)	(295, 0.003397258412461144)	(300, 0.002933454582789422)
678A14_S142_L001_R2_001	(1, 0.01695346274476562)	(2, 0.0)	(3, 0.0)	(4, 0.0)	(5, 0.0)	(6, 0.0)	(7, 0.0)	(8, 0.0)	(9, 0.0)	(10, 0.0)	(15, 0.021474386143369783)	(20, 0.00904184679720833)	(25, 0.0)	(30, 0.0)	(35, 0.0062162696730807265)	(40, 0.005086038823429686)	(45, 0.013562770195812493)	(50, 0.0)	(55, 0.004520923398604165)	(60, 0.0062162696730807265)	(65, 0.013562770195812493)	(70, 0.002825577124127603)	(75, 0.0005651154248255206)	(80, 0.01808369359441666)	(85, 0.0)	(90, 0.00791161594755729)	(95, 0.016388347319940096)	(100, 0.0)	(105, 0.011302308496510411)	(110, 0.013562770195812493)	(115, 0.020344155293718743)	(120, 0.0)	(125, 0.014693001045463536)	(130, 0.024865078692322906)	(135, 0.0)	(140, 0.015258116470289056)	(145, 0.01808369359441666)	(150, 0.0033906925489531232)	(155, 0.03277669463988019)	(160, 0.009042051189312296)	(165, 0.003955919751342187)	(170, 0.018084204577564284)	(175, 0.014128284826222097)	(180, 0.0)	(185, 0.0016953941791466515)	(190, 0.02882186392689419)	(195, 0.00960750515696968)	(200, 0.006216620983921557)	(205, 0.031648252281782474)	(210, 0.007347123318639087)	(215, 0.0005651633322030067)	(220, 0.0005651633322030067)	(225, 0.0005651633322030067)	(230, 0.0005651633322030067)	(235, 0.0005651633322030067)	(240, 0.00169548999660902)	(245, 0.009042613315248107)	(250, 0.006217077747383176)	(255, 0.006217148024642514)	(260, 0.006217148024642514)	(265, 0.005086757474707511)	(270, 0.009608319674447521)	(275, 0.025998982648505062)	(280, 0.0067823432996100145)	(285, 0.027129373198440058)	(290, 0.02939115100269042)	(295, 0.0)	(300, 0.0)
678B0_S143_L001_R1_001	(1, 0.0)	(2, 0.0)	(3, 0.020941433790166834)	(4, 0.0023268259766852034)	(5, 0.0)	(6, 0.0)	(7, 0.0)	(8, 0.0)	(9, 0.0)	(10, 0.0)	(15, 0.0)	(20, 0.0)	(25, 0.0)	(30, 0.00046536519533704073)	(35, 0.0023268259766852034)	(40, 0.0)	(45, 0.0013960955860111222)	(50, 0.0)	(55, 0.00046536519533704073)	(60, 0.0027921911720222444)	(65, 0.002326869290444479)	(70, 0.00046537602382725244)	(75, 0.0037230081906180195)	(80, 0.0)	(85, 0.0)	(90, 0.0)	(95, 0.001396128071481757)	(100, 0.004653760238272524)	(105, 0.003257632166790767)	(110, 0.0)	(115, 0.001396128071481757)	(120, 0.002326880119136262)	(125, 0.0037230081906180195)	(130, 0.002792256142963514)	(135, 0.002326880119136262)	(140, 0.001396128071481757)	(145, 0.0)	(150, 0.0)	(155, 0.002792256142963514)	(160, 0.004188384214445271)	(165, 0.0)	(170, 0.001396128071481757)	(175, 0.006980640357408786)	(180, 0.007446016381236039)	(185, 0.0)	(190, 0.005584642233856894)	(195, 0.012100058173356602)	(200, 0.0)	(205, 0.0)	(210, 0.0)	(215, 0.0)	(220, 0.0)	(225, 0.01954624781849913)	(230, 0.004653868528214078)	(235, 0.0)	(240, 0.0)	(245, 0.013496218731820825)	(250, 0.04467713787085515)	(255, 0.0)	(260, 0.0)	(265, 0.0)	(270, 0.00046539768231954206)	(275, 0.0)	(280, 0.0)	(285, 0.0)	(290, 0.0)	(295, 0.0)	(300, 0.0)
678B0_S143_L001_R2_001	(1, 0.004653651953370407)	(2, 0.0)	(3, 0.0)	(4, 0.0)	(5, 0.0)	(6, 0.0)	(7, 0.0)	(8, 0.0)	(9, 0.0)	(10, 0.0)	(15, 0.008376573516066733)	(20, 0.0023268259766852034)	(25, 0.0)	(30, 0.0)	(35, 0.0023268259766852034)	(40, 0.0013960955860111222)	(45, 0.004188286758033366)	(50, 0.0)	(55, 0.0009307303906740815)	(60, 0.001861460781348163)	(65, 0.002792243148533374)	(70, 0.0)	(75, 0.0009307520476545049)	(80, 0.004653760238272524)	(85, 0.0)	(90, 0.0018615040953090098)	(95, 0.004653760238272524)	(100, 0.0)	(105, 0.002326880119136262)	(110, 0.0037230081906180195)	(115, 0.005119136262099777)	(120, 0.0)	(125, 0.005119136262099777)	(130, 0.008842144452717797)	(135, 0.0)	(140, 0.007911392405063292)	(145, 0.012099776619508562)	(150, 0.0009307520476545049)	(155, 0.016288160833953836)	(160, 0.004188384214445271)	(165, 0.00046537602382725244)	(170, 0.004653760238272524)	(175, 0.004653760238272524)	(180, 0.0)	(185, 0.0009307563791715337)	(190, 0.011634671320535195)	(195, 0.0032577079697498545)	(200, 0.0032577079697498545)	(205, 0.017219313554392088)	(210, 0.00418848167539267)	(215, 0.0)	(220, 0.0)	(225, 0.0)	(230, 0.0)	(235, 0.0)	(240, 0.0)	(245, 0.0004653868528214078)	(250, 0.0)	(255, 0.0)	(260, 0.0013961605584642235)	(265, 0.0004653868528214078)	(270, 0.006050029086678301)	(275, 0.006050029086678301)	(280, 0.002326934264107039)	(285, 0.01675392670157068)	(290, 0.009307867009196173)	(295, 0.0)	(300, 0.0)
678B14_S144_L001_R1_001	(1, 0.0)	(2, 0.0)	(3, 0.013644160299391861)	(4, 0.0)	(5, 0.0)	(6, 0.0)	(7, 0.0)	(8, 0.0)	(9, 0.0)	(10, 0.0)	(15, 0.0)	(20, 0.0)	(25, 0.0)	(30, 0.0)	(35, 0.000779666302822392)	(40, 0.0)	(45, 0.0)	(50, 0.0)	(55, 0.0007796815001072061)	(60, 0.00038984834899224205)	(65, 0.0007797088567129034)	(70, 0.0003898559482271301)	(75, 0.0027289916375899106)	(80, 0.0003898559482271301)	(85, 0.0)	(90, 0.0)	(95, 0.0003898559482271301)	(100, 0.004288415430498431)	(105, 0.0003898559482271301)	(110, 0.0)	(115, 0.0007797118964542602)	(120, 0.0015594237929085204)	(125, 0.0023391356893627804)	(130, 0.0023391356893627804)	(135, 0.0011695678446813902)	(140, 0.0003898559482271301)	(145, 0.0)	(150, 0.0)	(155, 0.0015594237929085204)	(160, 0.0011695678446813902)	(165, 0.0)	(170, 0.003118847585817041)	(175, 0.010915966550359642)	(180, 0.0077971189645426025)	(185, 0.0)	(190, 0.009356542757451122)	(195, 0.016763805773766592)	(200, 0.0)	(205, 0.0)	(210, 0.0)	(215, 0.0)	(220, 0.0)	(225, 0.021831933100719285)	(230, 0.0035087035340441706)	(235, 0.0)	(240, 0.0)	(245, 0.012475390343268163)	(250, 0.04873199352839126)	(255, 0.0)	(260, 0.0)	(265, 0.0007797270955165692)	(270, 0.007017543859649122)	(275, 0.0)	(280, 0.0)	(285, 0.0)	(290, 0.0)	(295, 0.000390478570536049)	(300, 0.0)
678B14_S144_L001_R2_001	(1, 0.00584749727116794)	(2, 0.0)	(3, 0.0)	(4, 0.0)	(5, 0.0)	(6, 0.0)	(7, 0.0)	(8, 0.0)	(9, 0.0)	(10, 0.0)	(15, 0.00779666302822392)	(20, 0.000389833151411196)	(25, 0.0)	(30, 0.0)	(35, 0.0011694994542335879)	(40, 0.0)	(45, 0.0027288746121099656)	(50, 0.0)	(55, 0.0007796875791870198)	(60, 0.001169545046976726)	(65, 0.0003898544283564517)	(70, 0.0)	(75, 0.0011695678446813902)	(80, 0.0015594237929085204)	(85, 0.0)	(90, 0.0027289916375899106)	(95, 0.0007797118964542602)	(100, 0.0)	(105, 0.0019492797411356506)	(110, 0.0003898559482271301)	(115, 0.007017407068088341)	(120, 0.0)	(125, 0.0074072630163154705)	(130, 0.010915966550359642)	(135, 0.0)	(140, 0.010136254653905382)	(145, 0.011305822498586773)	(150, 0.0011695678446813902)	(155, 0.021831933100719285)	(160, 0.004678271378725561)	(165, 0.0)	(170, 0.003118847585817041)	(175, 0.006237695171634082)	(180, 0.0)	(185, 0.0011695678446813902)	(190, 0.018713085514902243)	(195, 0.004678271378725561)	(200, 0.005457983275179821)	(205, 0.023391356893627802)	(210, 0.005068127326952691)	(215, 0.0)	(220, 0.0)	(225, 0.0)	(230, 0.0)	(235, 0.0)	(240, 0.0)	(245, 0.0015594237929085204)	(250, 0.0003898559482271301)	(255, 0.0)	(260, 0.0035087035340441706)	(265, 0.0019492797411356506)	(270, 0.006627551119861211)	(275, 0.013644958187949554)	(280, 0.0035087035340441706)	(285, 0.019492797411356504)	(290, 0.018713085514902243)	(295, 0.0)	(300, 0.0)
681A0_S153_L001_R1_001	(1, 0.0034766283658108368)	(2, 0.0017383141829054184)	(3, 0.013906513463243347)	(4, 0.0034766283658108368)	(5, 0.0034766283658108368)	(6, 0.0017383141829054184)	(7, 0.0017383141829054184)	(8, 0.0017383141829054184)	(9, 0.0017383141829054184)	(10, 0.0017383141829054184)	(15, 0.0017383141829054184)	(20, 0.0017383141829054184)	(25, 0.0017383141829054184)	(30, 0.004171954038973004)	(35, 0.0024336736999836595)	(40, 0.0)	(45, 0.003129019921426833)	(50, 0.001043006640475611)	(55, 0.001390675520634148)	(60, 0.004172070076870391)	(65, 0.0013907238717752591)	(70, 0.0020860858076628885)	(75, 0.005910576455044851)	(80, 0.0006953667712034713)	(85, 0.0)	(90, 0.0)	(95, 0.0020861220729099664)	(100, 0.008692175303791527)	(105, 0.005563050220435866)	(110, 0.0)	(115, 0.0027816411682892906)	(120, 0.0031293463143254522)	(125, 0.004520166898470097)	(130, 0.0024339360222531293)	(135, 0.0027816411682892906)	(140, 0.0024339360222531293)	(145, 0.0)	(150, 0.0)	(155, 0.0034770514603616135)	(160, 0.004867872044506259)	(165, 0.0)	(170, 0.0024339360222531293)	(175, 0.014255910987482615)	(180, 0.011821974965229486)	(185, 0.0)	(190, 0.011822016070987729)	(195, 0.015299292407726142)	(200, 0.0)	(205, 0.001043133573254055)	(210, 0.0)	(215, 0.0006954344726868111)	(220, 0.0)	(225, 0.021210751416947737)	(230, 0.004172606836120867)	(235, 0.0006954344726868111)	(240, 0.0)	(245, 0.013560972217392817)	(250, 0.0493765343236458)	(255, 0.0)	(260, 0.0)	(265, 0.0017386466374574032)	(270, 0.009736421169761459)	(275, 0.0017386466374574032)	(280, 0.0)	(285, 0.0)	(290, 0.0)	(295, 0.001392292269993317)	(300, 0.0017710399546613772)
681A0_S153_L001_R2_001	(1, 0.0069532567316216735)	(2, 0.0017383141829054184)	(3, 0.0017383141829054184)	(4, 0.0017383141829054184)	(5, 0.0017383141829054184)	(6, 0.0017383141829054184)	(7, 0.0017383141829054184)	(8, 0.0017383141829054184)	(9, 0.0017383141829054184)	(10, 0.0017383141829054184)	(15, 0.013558850626662263)	(20, 0.004519616875554088)	(25, 0.0017383141829054184)	(30, 0.0017383141829054184)	(35, 0.0024336736999836595)	(40, 0.002781351041268296)	(45, 0.00695337760317074)	(50, 0.0)	(55, 0.0024336821611097587)	(60, 0.0024337075448410614)	(65, 0.0031291287114943328)	(70, 0.0006953619358876296)	(75, 0.0010430429038314443)	(80, 0.006953667712034713)	(85, 0.0)	(90, 0.004172244145819933)	(95, 0.007996801279488205)	(100, 0.0)	(105, 0.005910740859213106)	(110, 0.005563243649209672)	(115, 0.009735744089012517)	(120, 0.0)	(125, 0.009040333796940194)	(130, 0.01564673157162726)	(135, 0.0)	(140, 0.013908205841446454)	(145, 0.012169680111265646)	(150, 0.0017385257301808068)	(155, 0.021905424200278162)	(160, 0.004520166898470097)	(165, 0.0003477051460361613)	(170, 0.005910987482614743)	(175, 0.00764951321279555)	(180, 0.0)	(185, 0.0017385257301808068)	(190, 0.01947155588162685)	(195, 0.0066065126306090165)	(200, 0.00417253429301622)	(205, 0.0232966498026739)	(210, 0.0062588014395243315)	(215, 0.0003477111910846851)	(220, 0.0)	(225, 0.0013908447643387403)	(230, 0.0003477111910846851)	(235, 0.0)	(240, 0.0006954223821693702)	(245, 0.005215667866270275)	(250, 0.0010431480818245355)	(255, 0.0006954344726868111)	(260, 0.004520402663560338)	(265, 0.003129509536311004)	(270, 0.007649912199871342)	(275, 0.01495210111793035)	(280, 0.004172679381748005)	(285, 0.020167950345115357)	(290, 0.02190679527925948)	(295, 0.0)	(300, 0.0)
681A14_S154_L001_R1_001	(1, 0.0022089196174151222)	(2, 0.0022089196174151222)	(3, 0.0198802765567361)	(4, 0.0022089196174151222)	(5, 0.0022089196174151222)	(6, 0.0022089196174151222)	(7, 0.0022089196174151222)	(8, 0.0022089196174151222)	(9, 0.0022089196174151222)	(10, 0.0022089196174151222)	(15, 0.0022089196174151222)	(20, 0.0022089196174151222)	(25, 0.0022089196174151222)	(30, 0.0022089196174151222)	(35, 0.001325375191627163)	(40, 0.0)	(45, 0.0)	(50, 0.0)	(55, 0.0)	(60, 0.0013254044692638702)	(65, 0.0008836224987960643)	(70, 0.0)	(75, 0.0013254396041353716)	(80, 0.0004418132013784572)	(85, 0.0)	(90, 0.0)	(95, 0.0)	(100, 0.002650879208270743)	(105, 0.002650879208270743)	(110, 0.0)	(115, 0.0013254396041353716)	(120, 0.002650879208270743)	(125, 0.002650879208270743)	(130, 0.0008836264027569144)	(135, 0.0004418132013784572)	(140, 0.0008836264027569144)	(145, 0.0)	(150, 0.0)	(155, 0.002209066006892286)	(160, 0.0013254396041353716)	(165, 0.0)	(170, 0.002209066006892286)	(175, 0.008394450826190687)	(180, 0.008394599179980205)	(185, 0.0)	(190, 0.008836537314487945)	(195, 0.013696814386073432)	(200, 0.0)	(205, 0.0)	(210, 0.0)	(215, 0.0)	(220, 0.0)	(225, 0.02076613794017585)	(230, 0.0030928290549198075)	(235, 0.0)	(240, 0.0)	(245, 0.01281314894181063)	(250, 0.045951212184140645)	(255, 0.0)	(260, 0.0)	(265, 0.0)	(270, 0.003976670201484624)	(275, 0.0)	(280, 0.0)	(285, 0.0)	(290, 0.0)	(295, 0.0)	(300, 0.0)
681A14_S154_L001_R2_001	(1, 0.0044178392348302445)	(2, 0.0022089196174151222)	(3, 0.0022089196174151222)	(4, 0.0022089196174151222)	(5, 0.0022089196174151222)	(6, 0.0022089196174151222)	(7, 0.0022089196174151222)	(8, 0.0022089196174151222)	(9, 0.0022089196174151222)	(10, 0.0022089196174151222)	(15, 0.009719246316626538)	(20, 0.0022089196174151222)	(25, 0.0022089196174151222)	(30, 0.0022089196174151222)	(35, 0.0008835834610847755)	(40, 0.00044179368235034236)	(45, 0.007068698917605478)	(50, 0.0)	(55, 0.0013253810470510272)	(60, 0.0004418014897546235)	(65, 0.0013254337481940965)	(70, 0.0)	(75, 0.0008836264027569144)	(80, 0.0017672528055138288)	(85, 0.0)	(90, 0.002650879208270743)	(95, 0.003976318812406115)	(100, 0.0)	(105, 0.002209066006892286)	(110, 0.0035345056110276576)	(115, 0.005743571617919944)	(120, 0.0)	(125, 0.005743571617919944)	(130, 0.01104533003446143)	(135, 0.0)	(140, 0.010161703631704516)	(145, 0.010603516833082973)	(150, 0.0017672528055138288)	(155, 0.01899796765927366)	(160, 0.003976318812406115)	(165, 0.0)	(170, 0.0035345056110276576)	(175, 0.005301758416541486)	(180, 0.0)	(185, 0.0)	(190, 0.013696874903348664)	(195, 0.0022092124157737764)	(200, 0.003092897382083287)	(205, 0.015464486910416438)	(210, 0.004860267314702309)	(215, 0.0)	(220, 0.0)	(225, 0.0)	(230, 0.0)	(235, 0.0)	(240, 0.0)	(245, 0.0022092124157737764)	(250, 0.0)	(255, 0.0008836849663095106)	(260, 0.0026511134676564154)	(265, 0.0017674089784376105)	(270, 0.006185931424531637)	(275, 0.007511488158359844)	(280, 0.0022092612230470133)	(285, 0.015464828561329092)	(290, 0.00883716203378447)	(295, 0.0)	(300, 0.0)
681B0_S155_L001_R1_001	(1, 0.0)	(2, 0.0)	(3, 0.015766653527788728)	(4, 0.005255551175929575)	(5, 0.0)	(6, 0.0)	(7, 0.0026277755879647877)	(8, 0.0)	(9, 0.0)	(10, 0.0)	(15, 0.0)	(20, 0.0)	(25, 0.0)	(30, 0.0005255551175929575)	(35, 0.0005255551175929575)	(40, 0.0)	(45, 0.0005255551175929575)	(50, 0.0005255551175929575)	(55, 0.0005255551175929575)	(60, 0.002102242567258623)	(65, 0.0010511875791675647)	(70, 0.0026280103858970453)	(75, 0.0031536621902183907)	(80, 0.001051220730072797)	(85, 0.0)	(90, 0.0)	(95, 0.002628051825181993)	(100, 0.00683293474547318)	(105, 0.004730543013776393)	(110, 0.0)	(115, 0.004204993429697767)	(120, 0.005256241787122208)	(125, 0.0036793692509855453)	(130, 0.0036793692509855453)	(135, 0.002628120893561104)	(140, 0.0031537450722733244)	(145, 0.0)	(150, 0.0)	(155, 0.0031537450722733244)	(160, 0.004730617608409987)	(165, 0.0)	(170, 0.004204993429697767)	(175, 0.017345597897503284)	(180, 0.012614980289093298)	(185, 0.0)	(190, 0.016821211547761727)	(195, 0.0257578863814375)	(200, 0.0)	(205, 0.0)	(210, 0.0)	(215, 0.0)	(220, 0.0)	(225, 0.03154242456103459)	(230, 0.004205656608137946)	(235, 0.0)	(240, 0.0005257070760172432)	(245, 0.017348333508569024)	(250, 0.06518767742613815)	(255, 0.0005257126034339547)	(260, 0.0)	(265, 0.0015772041427895484)	(270, 0.014194837285105935)	(275, 0.0010514694285263656)	(280, 0.0)	(285, 0.0)	(290, 0.0)	(295, 0.0005261136510709044)	(300, 0.0)
681B0_S155_L001_R2_001	(1, 0.013138877939823938)	(2, 0.0)	(3, 0.0)	(4, 0.0)	(5, 0.0)	(6, 0.0)	(7, 0.0)	(8, 0.0)	(9, 0.0)	(10, 0.0)	(15, 0.018394429115753515)	(20, 0.00210222047037183)	(25, 0.0)	(30, 0.0)	(35, 0.0005255551175929575)	(40, 0.0026277755879647877)	(45, 0.0063066614111154905)	(50, 0.0)	(55, 0.0026277755879647877)	(60, 0.002627803209073279)	(65, 0.0026279689479189114)	(70, 0.001051204154358818)	(75, 0.0)	(80, 0.004204882920291188)	(85, 0.0)	(90, 0.0031536621902183907)	(95, 0.005256103650363986)	(100, 0.0)	(105, 0.00630739068503519)	(110, 0.004730617608409987)	(115, 0.009986859395532195)	(120, 0.0)	(125, 0.013140604467805518)	(130, 0.024178712220762157)	(135, 0.0)	(140, 0.015243101182654402)	(145, 0.016819973718791067)	(150, 0.004204993429697767)	(155, 0.034165571616294355)	(160, 0.004730617608409987)	(165, 0.0010512483574244417)	(170, 0.006833114323258869)	(175, 0.009986859395532195)	(180, 0.0)	(185, 0.002102518817543417)	(190, 0.02891069748371802)	(195, 0.006833545348458247)	(200, 0.005782382657057398)	(205, 0.03311780476265573)	(210, 0.008936550491510277)	(215, 0.0)	(220, 0.0)	(225, 0.0)	(230, 0.0)	(235, 0.0)	(240, 0.0)	(245, 0.0026283972033853756)	(250, 0.0005256794406770752)	(255, 0.0)	(260, 0.004205634498819794)	(265, 0.002628535380086216)	(270, 0.008411313216275891)	(275, 0.015771212280517297)	(280, 0.004731363684155189)	(285, 0.024182525496793186)	(290, 0.028913889180948376)	(295, 0.0)	(300, 0.0)
681B14_S156_L001_R1_001	(1, 0.0)	(2, 0.0)	(3, 0.03165141244428033)	(4, 0.0026376177036900273)	(5, 0.0)	(6, 0.0)	(7, 0.0)	(8, 0.0)	(9, 0.0)	(10, 0.0)	(15, 0.0)	(20, 0.0)	(25, 0.0)	(30, 0.005275235407380055)	(35, 0.007385329570332075)	(40, 0.0)	(45, 0.005802912006752479)	(50, 0.0026376872757965814)	(55, 0.0026376872757965814)	(60, 0.010550860422667467)	(65, 0.004748187774999209)	(70, 0.005275792028278245)	(75, 0.016882534490490386)	(80, 0.001055158405655649)	(85, 0.0)	(90, 0.0)	(95, 0.0052760703827789066)	(100, 0.01635581818661461)	(105, 0.007386498535890468)	(110, 0.0)	(115, 0.006331284459334687)	(120, 0.006331284459334687)	(125, 0.008969319650724141)	(130, 0.006331284459334687)	(135, 0.005803677421056797)	(140, 0.006331284459334687)	(145, 0.0)	(150, 0.0)	(155, 0.007914105574168358)	(160, 0.008969319650724141)	(165, 0.0)	(170, 0.004748463344501016)	(175, 0.022687102645949298)	(180, 0.0168834252248925)	(185, 0.0)	(190, 0.017411491584445736)	(195, 0.02796420581655481)	(200, 0.0)	(205, 0.0005276348766653475)	(210, 0.0)	(215, 0.0005276348766653475)	(220, 0.0015829046299960427)	(225, 0.031130457723255508)	(230, 0.007386888273314867)	(235, 0.0005276348766653475)	(240, 0.0)	(245, 0.02005012531328321)	(250, 0.07017543859649122)	(255, 0.0005276348766653475)	(260, 0.0)	(265, 0.002110595187842972)	(270, 0.015829463908822287)	(275, 0.0026382439848037145)	(280, 0.0)	(285, 0.0)	(290, 0.0)	(295, 0.0010560554217885355)	(300, 0.00270617684865706)
681B14_S156_L001_R2_001	(1, 0.01846332392583019)	(2, 0.0)	(3, 0.0)	(4, 0.0)	(5, 0.0)	(6, 0.0)	(7, 0.0)	(8, 0.0)	(9, 0.0)	(10, 0.0)	(15, 0.02057341808878221)	(20, 0.007385329570332075)	(25, 0.0)	(30, 0.0)	(35, 0.007912853111070083)	(40, 0.005275263235635458)	(45, 0.013715973834142223)	(50, 0.0)	(55, 0.002110149820637265)	(60, 0.006330516253600481)	(65, 0.013189410486108912)	(70, 0.001055158405655649)	(75, 0.003165475216966947)	(80, 0.01635495528766256)	(85, 0.0)	(90, 0.006858638191007798)	(95, 0.015827793605571384)	(100, 0.0)	(105, 0.008969083043157116)	(110, 0.015300200485385669)	(115, 0.0205761316872428)	(120, 0.0)	(125, 0.01899335232668566)	(130, 0.029545214730399914)	(135, 0.0)	(140, 0.021631317927614222)	(145, 0.0205761316872428)	(150, 0.003165558721114277)	(155, 0.035876332172628464)	(160, 0.011079455523899969)	(165, 0.0036931518412999893)	(170, 0.018465759206499947)	(175, 0.015300200485385669)	(180, 0.0)	(185, 0.002638007354764505)	(190, 0.03323924341150711)	(195, 0.011079864720127893)	(200, 0.00685907244235741)	(205, 0.0390439508257268)	(210, 0.009497177227879492)	(215, 0.0005276209571044162)	(220, 0.0005276209571044162)	(225, 0.002110483828417665)	(230, 0.0010552419142088325)	(235, 0.0010552419142088325)	(240, 0.0015828628713132485)	(245, 0.007386693399461826)	(250, 0.003693346699730913)	(255, 0.007386693399461826)	(260, 0.00844215802664556)	(265, 0.00422107901332278)	(270, 0.010025062656641605)	(275, 0.0221606648199446)	(280, 0.006859253396649519)	(285, 0.03376863210658224)	(290, 0.030604276156102915)	(295, 0.0)	(300, 0.0)
682A0_S145_L001_R1_001	(1, 0.0)	(2, 0.0)	(3, 0.015180137633247874)	(4, 0.0)	(5, 0.001686681959249764)	(6, 0.0)	(7, 0.0)	(8, 0.0)	(9, 0.0)	(10, 0.0)	(15, 0.0)	(20, 0.0)	(25, 0.0)	(30, 0.003373363918499528)	(35, 0.006409391445149102)	(40, 0.0)	(45, 0.003373363918499528)	(50, 0.004385373094049386)	(55, 0.0026986911347996224)	(60, 0.010120091755498583)	(65, 0.005060114156175363)	(70, 0.005734815389545769)	(75, 0.012144519785446818)	(80, 0.0026987821745437374)	(85, 0.0)	(90, 0.0)	(95, 0.006072259892723409)	(100, 0.018554127449988193)	(105, 0.009108389839085112)	(110, 0.0)	(115, 0.007421650979995278)	(120, 0.01079512869817495)	(125, 0.013831258644536652)	(130, 0.0050602165772695076)	(135, 0.006072259892723409)	(140, 0.007758998751813244)	(145, 0.0)	(150, 0.0)	(155, 0.00809634652363121)	(160, 0.009108512748544325)	(165, 0.0)	(170, 0.004385595007168761)	(175, 0.02631357004301257)	(180, 0.017542380028675045)	(185, 0.0)	(190, 0.02395492425520429)	(195, 0.029353217045109486)	(200, 0.0)	(205, 0.0)	(210, 0.0)	(215, 0.0)	(220, 0.0)	(225, 0.03643970578311627)	(230, 0.007422903029894055)	(235, 0.000674809366354005)	(240, 0.0)	(245, 0.01956953765280266)	(250, 0.06748571833485739)	(255, 0.001349732584231749)	(260, 0.0)	(265, 0.0030368983145214355)	(270, 0.022945453931939735)	(275, 0.004049197752695247)	(280, 0.0)	(285, 0.0)	(290, 0.0)	(295, 0.002032189887823118)	(300, 0.0035288928098809)
682A0_S145_L001_R2_001	(1, 0.02192686547024693)	(2, 0.0)	(3, 0.0)	(4, 0.0)	(5, 0.0)	(6, 0.0)	(7, 0.0)	(8, 0.0)	(9, 0.0)	(10, 0.0)	(15, 0.028336256915396034)	(20, 0.007758737012548914)	(25, 0.0)	(30, 0.0)	(35, 0.007421400620698961)	(40, 0.006409391445149102)	(45, 0.016866819592497636)	(50, 0.0)	(55, 0.004048036702199433)	(60, 0.004048036702199433)	(65, 0.014168319637291017)	(70, 0.001686710408689932)	(75, 0.0006746955436359343)	(80, 0.013831258644536652)	(85, 0.0)	(90, 0.008771042067267146)	(95, 0.01653004081908039)	(100, 0.0)	(105, 0.011132476469992917)	(110, 0.015180649731808523)	(115, 0.01787943190635226)	(120, 0.0)	(125, 0.016867388590898355)	(130, 0.029011908376345173)	(135, 0.0)	(140, 0.01990351853726006)	(145, 0.020578214080895996)	(150, 0.0033734777181796713)	(155, 0.038457645987248254)	(160, 0.009783085382721048)	(165, 0.0023614344027257698)	(170, 0.014505954188172587)	(175, 0.013493910872718685)	(180, 0.0)	(185, 0.0013493910872718687)	(190, 0.03137704752104455)	(195, 0.00978424062484185)	(200, 0.008097302586076013)	(205, 0.04251083857689907)	(210, 0.008097439184857788)	(215, 0.000674786598738149)	(220, 0.000674786598738149)	(225, 0.0016869664968453728)	(230, 0.000674786598738149)	(235, 0.0)	(240, 0.001349573197476298)	(245, 0.008772225783595938)	(250, 0.0047237133785685125)	(255, 0.005398566005904682)	(260, 0.006748207507380852)	(265, 0.003374103753690426)	(270, 0.01045972163644032)	(275, 0.016195698017714047)	(280, 0.004723745255166597)	(285, 0.029017292281737665)	(290, 0.023956136651202026)	(295, 0.0)	(300, 0.0)
682A14_S146_L001_R1_001	(1, 0.0023200779546192754)	(2, 0.0)	(3, 0.009280311818477101)	(4, 0.0023200779546192754)	(5, 0.0023200779546192754)	(6, 0.0)	(7, 0.0023200779546192754)	(8, 0.0)	(9, 0.0)	(10, 0.0)	(15, 0.0)	(20, 0.0)	(25, 0.0)	(30, 0.0023200779546192754)	(35, 0.0032481091364669856)	(40, 0.0)	(45, 0.0023200779546192754)	(50, 0.0023200779546192754)	(55, 0.0018560623636954203)	(60, 0.0060322026820101154)	(65, 0.0027841452210147282)	(70, 0.003712210853576483)	(75, 0.010208579847335328)	(80, 0.0013920790700911812)	(85, 0.0)	(90, 0.0)	(95, 0.0027841581401823624)	(100, 0.007424421707152966)	(105, 0.006496368993758846)	(110, 0.0)	(115, 0.0041762372102735435)	(120, 0.006496368993758846)	(125, 0.005568316280364725)	(130, 0.0041762372102735435)	(135, 0.0027841581401823624)	(140, 0.0041762372102735435)	(145, 0.0)	(150, 0.0)	(155, 0.006496368993758846)	(160, 0.006032342637061786)	(165, 0.0)	(170, 0.0027841581401823624)	(175, 0.018561054267882418)	(180, 0.01252871163082063)	(185, 0.0)	(190, 0.016707274625826662)	(195, 0.024596820976911474)	(200, 0.0)	(205, 0.0)	(210, 0.0)	(215, 0.0)	(220, 0.0)	(225, 0.030166612521464704)	(230, 0.00788972942869077)	(235, 0.000464101731099457)	(240, 0.0)	(245, 0.019028170975077738)	(250, 0.05662146231888093)	(255, 0.00046411250087021095)	(260, 0.0)	(265, 0.0018564500034808438)	(270, 0.017172162532197804)	(275, 0.0013923375026106328)	(280, 0.0)	(285, 0.0)	(290, 0.0)	(295, 0.0009316885924048747)	(300, 0.001207787815836514)
682A14_S146_L001_R2_001	(1, 0.006960233863857825)	(2, 0.0)	(3, 0.0)	(4, 0.0)	(5, 0.0)	(6, 0.0)	(7, 0.0)	(8, 0.0)	(9, 0.0)	(10, 0.0)	(15, 0.019024639227878056)	(20, 0.0037121247273908405)	(25, 0.0)	(30, 0.0)	(35, 0.0032481091364669856)	(40, 0.0037121247273908405)	(45, 0.012064405364020231)	(50, 0.0)	(55, 0.0023200779546192754)	(60, 0.0037121247273908405)	(65, 0.00788841145954173)	(70, 0.0004640263566970604)	(75, 0.0013920790700911812)	(80, 0.010208579847335328)	(85, 0.0)	(90, 0.0041762372102735435)	(95, 0.01160065891742651)	(100, 0.0)	(105, 0.006032342637061786)	(110, 0.007888448063850027)	(115, 0.01113663256072945)	(120, 0.0)	(125, 0.01252871163082063)	(130, 0.017168975197791234)	(135, 0.0)	(140, 0.015776896127700054)	(145, 0.016704948841094174)	(150, 0.0018561054267882415)	(155, 0.03340989768218835)	(160, 0.007888448063850027)	(165, 0.0023201317834853023)	(170, 0.012992737987517692)	(175, 0.010208579847335328)	(180, 0.0)	(185, 0.0027841710594698936)	(190, 0.02970182155702518)	(195, 0.007889546351084811)	(200, 0.007425455389256295)	(205, 0.033414704326276023)	(210, 0.007889912514793585)	(215, 0.0)	(220, 0.00046411250087021095)	(225, 0.0)	(230, 0.0)	(235, 0.0)	(240, 0.0)	(245, 0.002320562504351055)	(250, 0.000928242234093409)	(255, 0.00185649308456326)	(260, 0.00464123271140815)	(265, 0.00185649308456326)	(270, 0.0092824654228163)	(275, 0.012531328320802004)	(280, 0.004177109440267335)	(285, 0.02506265664160401)	(290, 0.02134967047247749)	(295, 0.0)	(300, 0.0)
682B0_S147_L001_R1_001	(1, 0.0)	(2, 0.0)	(3, 0.018069749232035658)	(4, 0.0)	(5, 0.0)	(6, 0.0)	(7, 0.0020077499146706284)	(8, 0.0)	(9, 0.0)	(10, 0.0)	(15, 0.0)	(20, 0.0)	(25, 0.0)	(30, 0.0020077499146706284)	(35, 0.0020077499146706284)	(40, 0.0)	(45, 0.0020077499146706284)	(50, 0.0004015499829341257)	(55, 0.001204649948802377)	(60, 0.004015499829341257)	(65, 0.0032123998634730057)	(70, 0.00281084988053888)	(75, 0.004818599795209508)	(80, 0.0004015499829341257)	(85, 0.0)	(90, 0.0)	(95, 0.0016061999317365028)	(100, 0.006424799726946011)	(105, 0.005220149778143635)	(110, 0.0)	(115, 0.002409299897604754)	(120, 0.0032123998634730057)	(125, 0.007227899692814264)	(130, 0.002409299897604754)	(135, 0.003613949846407132)	(140, 0.004015499829341257)	(145, 0.0)	(150, 0.0)	(155, 0.005220149778143635)	(160, 0.004015499829341257)	(165, 0.0)	(170, 0.001204649948802377)	(175, 0.009637199590419017)	(180, 0.008030999658682514)	(185, 0.0)	(190, 0.01084250261023211)	(195, 0.01405509597622681)	(200, 0.0)	(205, 0.0)	(210, 0.0)	(215, 0.0)	(220, 0.0)	(225, 0.019677134366717534)	(230, 0.004818890048992049)	(235, 0.0)	(240, 0.0)	(245, 0.012850373463978796)	(250, 0.04176438461785588)	(255, 0.00040158223400196775)	(260, 0.0)	(265, 0.001204746702005903)	(270, 0.006425315744031484)	(275, 0.001204746702005903)	(280, 0.0)	(285, 0.0)	(290, 0.0)	(295, 0.0008055745760663794)	(300, 0.0010311085447965106)
682B0_S147_L001_R2_001	(1, 0.010038749573353142)	(2, 0.0)	(3, 0.0)	(4, 0.0)	(5, 0.0)	(6, 0.0)	(7, 0.0)	(8, 0.0)	(9, 0.0)	(10, 0.0)	(15, 0.01124339952215552)	(20, 0.00281084988053888)	(25, 0.0)	(30, 0.0)	(35, 0.0020077499146706284)	(40, 0.0020077499146706284)	(45, 0.004417049812275383)	(50, 0.0)	(55, 0.0016061999317365028)	(60, 0.002409299897604754)	(65, 0.004015564327332742)	(70, 0.0)	(75, 0.0008031160904308718)	(80, 0.003212464361723487)	(85, 0.0)	(90, 0.004015580452154359)	(95, 0.006023370678231539)	(100, 0.0)	(105, 0.005220254587800667)	(110, 0.003212464361723487)	(115, 0.0072280448138778465)	(120, 0.0)	(125, 0.006424928723446974)	(130, 0.014857647672971127)	(135, 0.0)	(140, 0.008031160904308717)	(145, 0.009235835039955025)	(150, 0.0008031160904308718)	(155, 0.020077902260771795)	(160, 0.004417138497369795)	(165, 0.0008031160904308718)	(170, 0.005220254587800667)	(175, 0.005220254587800667)	(180, 0.0)	(185, 0.0012046741356463078)	(190, 0.015260124892074773)	(195, 0.004417404574021645)	(200, 0.004015822340019678)	(205, 0.017268036062084612)	(210, 0.003212657872015742)	(215, 0.0)	(220, 0.0)	(225, 0.00040158223400196775)	(230, 0.0)	(235, 0.0)	(240, 0.00040158223400196775)	(245, 0.00040158223400196775)	(250, 0.00040158223400196775)	(255, 0.00040158223400196775)	(260, 0.002409493404011806)	(265, 0.001204746702005903)	(270, 0.00722848021203542)	(275, 0.009637973616047225)	(280, 0.003212657872015742)	(285, 0.02007911170009839)	(290, 0.015661707126076743)	(295, 0.0)	(300, 0.0)
682B14_S148_L001_R1_001	(1, 0.0)	(2, 0.0)	(3, 0.02305674842205378)	(4, 0.0)	(5, 0.0)	(6, 0.0)	(7, 0.0028820935527567224)	(8, 0.0)	(9, 0.0)	(10, 0.0)	(15, 0.0)	(20, 0.0)	(25, 0.0)	(30, 0.004611349684410756)	(35, 0.0040349309738594115)	(40, 0.0)	(45, 0.001152837421102689)	(50, 0.002305674842205378)	(55, 0.001152837421102689)	(60, 0.0034585122633080667)	(65, 0.0017292561316540334)	(70, 0.0028820935527567224)	(75, 0.006917223887479824)	(80, 0.0023057412958266085)	(85, 0.0)	(90, 0.0)	(95, 0.004035163568237498)	(100, 0.008070466703560228)	(105, 0.004035279875482792)	(110, 0.0)	(115, 0.005188216982763591)	(120, 0.007494091197325186)	(125, 0.009223496858246383)	(130, 0.0034588113218423935)	(135, 0.0028823427682019946)	(140, 0.0046117484291231916)	(145, 0.0)	(150, 0.0)	(155, 0.005188216982763591)	(160, 0.0046117484291231916)	(165, 0.0)	(170, 0.0028823427682019946)	(175, 0.016717588055571567)	(180, 0.010376433965527182)	(185, 0.0)	(190, 0.014990774907749077)	(195, 0.020756457564575646)	(200, 0.0)	(205, 0.0)	(210, 0.0)	(215, 0.0)	(220, 0.0)	(225, 0.02652519893899204)	(230, 0.004613078076346442)	(235, 0.0)	(240, 0.0)	(245, 0.01441586898858263)	(250, 0.05305039787798408)	(255, 0.0005766347595433052)	(260, 0.0)	(265, 0.0017299042786299156)	(270, 0.014992503748125935)	(275, 0.0011532695190866105)	(280, 0.0)	(285, 0.0)	(290, 0.0)	(295, 0.0017353378413554146)	(300, 0.0030074283480196083)
682B14_S148_L001_R2_001	(1, 0.017292561316540334)	(2, 0.0)	(3, 0.0)	(4, 0.0)	(5, 0.0)	(6, 0.0)	(7, 0.0)	(8, 0.0)	(9, 0.0)	(10, 0.0)	(15, 0.014410467763783612)	(20, 0.0028820935527567224)	(25, 0.0)	(30, 0.0)	(35, 0.0028820935527567224)	(40, 0.0028820935527567224)	(45, 0.012681211632129579)	(50, 0.0)	(55, 0.004611349684410756)	(60, 0.0040349309738594115)	(65, 0.006917184014387743)	(70, 0.0011528706479133042)	(75, 0.0011529038766392853)	(80, 0.014411298457991066)	(85, 0.0)	(90, 0.007494091197325186)	(95, 0.013835245287369574)	(100, 0.0)	(105, 0.007494307208947049)	(110, 0.01037673305854207)	(115, 0.014988614417894099)	(120, 0.0)	(125, 0.011529703398380076)	(130, 0.01787104026748912)	(135, 0.0)	(140, 0.015565099587813103)	(145, 0.014412129247975096)	(150, 0.002882425849595019)	(155, 0.021906436456922144)	(160, 0.008070792378866053)	(165, 0.0017294555097570113)	(170, 0.01383564407805609)	(175, 0.009223762718704061)	(180, 0.0)	(185, 0.0011529703398380077)	(190, 0.019027849852966613)	(195, 0.006342616617655538)	(200, 0.004612812085567665)	(205, 0.024217263449230236)	(210, 0.005766513854049534)	(215, 0.0)	(220, 0.0)	(225, 0.0)	(230, 0.0)	(235, 0.0)	(240, 0.0)	(245, 0.002306605541619814)	(250, 0.0005766513854049535)	(255, 0.002306605541619814)	(260, 0.004036559697834674)	(265, 0.0017299541562148602)	(270, 0.008073119395669348)	(275, 0.01326298186431393)	(280, 0.002883256927024767)	(285, 0.0172995415621486)	(290, 0.014416284635123837)	(295, 0.0)	(300, 0.0)
688A0_S137_L001_R1_001	(1, 0.0)	(2, 0.0)	(3, 0.01508921498359048)	(4, 0.0)	(5, 0.0)	(6, 0.0)	(7, 0.00377230374589762)	(8, 0.0)	(9, 0.0)	(10, 0.0)	(15, 0.0)	(20, 0.0)	(25, 0.0)	(30, 0.00377230374589762)	(35, 0.00377230374589762)	(40, 0.0)	(45, 0.004526764495077144)	(50, 0.002263382247538572)	(55, 0.000754460749179524)	(60, 0.003017842996718096)	(65, 0.001508921498359048)	(70, 0.00377230374589762)	(75, 0.0052812252442566675)	(80, 0.002263382247538572)	(85, 0.0)	(90, 0.0)	(95, 0.003017842996718096)	(100, 0.008299068240974764)	(105, 0.005281384628152798)	(110, 0.0)	(115, 0.006036596868515375)	(120, 0.00830032069420864)	(125, 0.00830032069420864)	(130, 0.006036596868515375)	(135, 0.0022637238256932655)	(140, 0.006791171477079796)	(145, 0.0)	(150, 0.0)	(155, 0.0030182984342576875)	(160, 0.005282022259950952)	(165, 0.0)	(170, 0.004527447651386531)	(175, 0.023391812865497078)	(180, 0.02112808903980381)	(185, 0.0)	(190, 0.01584606677985286)	(195, 0.026410111299754763)	(200, 0.0)	(205, 0.0)	(210, 0.0)	(215, 0.0)	(220, 0.0007545746085644219)	(225, 0.026410111299754763)	(230, 0.007545746085644218)	(235, 0.0030182984342576875)	(240, 0.0007545746085644219)	(245, 0.014336917562724014)	(250, 0.056593095642331635)	(255, 0.0015091492171288438)	(260, 0.0)	(265, 0.0007545746085644219)	(270, 0.017355215996981702)	(275, 0.0022637238256932655)	(280, 0.0)	(285, 0.0)	(290, 0.0)	(295, 0.0007559036071720133)	(300, 0.0)
688A0_S137_L001_R2_001	(1, 0.0188615187294881)	(2, 0.0)	(3, 0.0)	(4, 0.0)	(5, 0.0)	(6, 0.0)	(7, 0.0)	(8, 0.0)	(9, 0.0)	(10, 0.0)	(15, 0.01735259723112905)	(20, 0.006035685993436192)	(25, 0.0)	(30, 0.0)	(35, 0.003017842996718096)	(40, 0.003017842996718096)	(45, 0.00980798973933381)	(50, 0.0)	(55, 0.003017842996718096)	(60, 0.00377230374589762)	(65, 0.009053528990154288)	(70, 0.002263382247538572)	(75, 0.001508921498359048)	(80, 0.01508921498359048)	(85, 0.0)	(90, 0.010562450488513335)	(95, 0.013580293485231432)	(100, 0.0)	(105, 0.009053802219690512)	(110, 0.011318619128466328)	(115, 0.018864365214110543)	(120, 0.0)	(125, 0.018109790605546124)	(130, 0.027164685908319185)	(135, 0.0)	(140, 0.019618939822674965)	(145, 0.01660064138841728)	(150, 0.004527447651386531)	(155, 0.03697415581965667)	(160, 0.00830032069420864)	(165, 0.0022637238256932655)	(170, 0.01584606677985286)	(175, 0.015091492171288436)	(180, 0.0)	(185, 0.0015091492171288438)	(190, 0.030937558951141295)	(195, 0.009809469911337482)	(200, 0.006791171477079796)	(205, 0.037728730428221086)	(210, 0.00830032069420864)	(215, 0.0015091492171288438)	(220, 0.0007545746085644219)	(225, 0.0015091492171288438)	(230, 0.0)	(235, 0.0)	(240, 0.0007545746085644219)	(245, 0.0015091492171288438)	(250, 0.004527447651386531)	(255, 0.005282022259950952)	(260, 0.007545746085644218)	(265, 0.006036596868515375)	(270, 0.009809469911337482)	(275, 0.021882663648368234)	(280, 0.006791171477079796)	(285, 0.027165300855706977)	(290, 0.028675566153776498)	(295, 0.0)	(300, 0.0)
688A14_S138_L001_R1_001	(1, 0.0)	(2, 0.0)	(3, 0.034934497816593885)	(4, 0.0)	(5, 0.0)	(6, 0.0)	(7, 0.0)	(8, 0.0)	(9, 0.0)	(10, 0.0)	(15, 0.0)	(20, 0.0)	(25, 0.0)	(30, 0.0017467248908296941)	(35, 0.0017467248908296941)	(40, 0.0)	(45, 0.0008733624454148471)	(50, 0.0)	(55, 0.0008733624454148471)	(60, 0.0017467248908296941)	(65, 0.0)	(70, 0.0008733624454148471)	(75, 0.0034934497816593883)	(80, 0.0)	(85, 0.0)	(90, 0.0)	(95, 0.0008733929569591951)	(100, 0.007860605266605529)	(105, 0.004367155496938624)	(110, 0.0)	(115, 0.0052410901467505235)	(120, 0.006114605171208944)	(125, 0.0052410901467505235)	(130, 0.0034940600978336823)	(135, 0.0017470300489168412)	(140, 0.0026205450733752618)	(145, 0.0)	(150, 0.0)	(155, 0.0034940600978336823)	(160, 0.0026205450733752618)	(165, 0.0)	(170, 0.004367575122292103)	(175, 0.021837875611460517)	(180, 0.016596785464709992)	(185, 0.0)	(190, 0.014849755415793153)	(195, 0.020090845562543674)	(200, 0.0)	(205, 0.0)	(210, 0.0)	(215, 0.0)	(220, 0.0)	(225, 0.0262065953264905)	(230, 0.00262065953264905)	(235, 0.0)	(240, 0.0)	(245, 0.01747106355099367)	(250, 0.06464293513867655)	(255, 0.0008735531775496833)	(260, 0.0)	(265, 0.0)	(270, 0.013976850840794933)	(275, 0.0017471063550993666)	(280, 0.0)	(285, 0.0)	(290, 0.0)	(295, 0.0008750207817435664)	(300, 0.0)
688A14_S138_L001_R2_001	(1, 0.013100436681222707)	(2, 0.0)	(3, 0.0)	(4, 0.0)	(5, 0.0)	(6, 0.0)	(7, 0.0)	(8, 0.0)	(9, 0.0)	(10, 0.0)	(15, 0.01572052401746725)	(20, 0.0034934497816593883)	(25, 0.0)	(30, 0.0)	(35, 0.0008733624454148471)	(40, 0.0008733624454148471)	(45, 0.010480349344978166)	(50, 0.0)	(55, 0.0017467248908296941)	(60, 0.0017467248908296941)	(65, 0.005240174672489083)	(70, 0.0008733624454148471)	(75, 0.0017467248908296941)	(80, 0.010480349344978166)	(85, 0.0)	(90, 0.006986899563318777)	(95, 0.011354108440469537)	(100, 0.0)	(105, 0.00698732673613234)	(110, 0.010481722496396909)	(115, 0.01834301436869459)	(120, 0.0)	(125, 0.016596060619295104)	(130, 0.02533082936629253)	(135, 0.0)	(140, 0.020963444992793817)	(145, 0.012228676245796391)	(150, 0.004367384373498711)	(155, 0.03231864436389047)	(160, 0.0069878149975979385)	(165, 0.0008734768746997423)	(170, 0.008734768746997423)	(175, 0.01135519937109665)	(180, 0.0)	(185, 0.0008734768746997423)	(190, 0.028824736865091495)	(195, 0.010481722496396909)	(200, 0.005240861248198454)	(205, 0.03406559811328995)	(210, 0.0069878149975979385)	(215, 0.0)	(220, 0.0)	(225, 0.0)	(230, 0.0)	(235, 0.0)	(240, 0.0)	(245, 0.0061143381228981955)	(250, 0.0008734768746997423)	(255, 0.0017469537493994846)	(260, 0.0061143381228981955)	(265, 0.0034939074987989692)	(270, 0.00786129187229768)	(275, 0.020089968118094076)	(280, 0.004367384373498711)	(285, 0.024457352491592782)	(290, 0.02620430624099227)	(295, 0.0)	(300, 0.0)
688B0_S139_L001_R1_001	(1, 0.0)	(2, 0.0)	(3, 0.03104047678172337)	(4, 0.0)	(5, 0.0)	(6, 0.0)	(7, 0.0)	(8, 0.0)	(9, 0.0)	(10, 0.0)	(15, 0.0)	(20, 0.0)	(25, 0.0)	(30, 0.0)	(35, 0.0012416190712689348)	(40, 0.0)	(45, 0.0)	(50, 0.0)	(55, 0.0006208095356344674)	(60, 0.0024832381425378696)	(65, 0.001862474856589436)	(70, 0.0006208288064566196)	(75, 0.0037249728387397174)	(80, 0.0006208288064566196)	(85, 0.0)	(90, 0.0)	(95, 0.0012416576129132392)	(100, 0.007449945677479435)	(105, 0.0037249728387397174)	(110, 0.0)	(115, 0.004966630451652957)	(120, 0.005587459258109577)	(125, 0.006829116871022815)	(130, 0.0037249728387397174)	(135, 0.0018624864193698587)	(140, 0.003104144032283098)	(145, 0.0)	(150, 0.0)	(155, 0.0037249728387397174)	(160, 0.005587459258109577)	(165, 0.0)	(170, 0.0037249728387397174)	(175, 0.012416576129132393)	(180, 0.010554089709762533)	(185, 0.0)	(190, 0.013037404935589011)	(195, 0.021108179419525065)	(200, 0.0)	(205, 0.0)	(210, 0.0)	(215, 0.0)	(220, 0.0)	(225, 0.027937296290547885)	(230, 0.0037249728387397174)	(235, 0.0)	(240, 0.0)	(245, 0.016141548967872107)	(250, 0.06704951109731491)	(255, 0.0006208288064566196)	(260, 0.0)	(265, 0.0006208673516903114)	(270, 0.008071275571974047)	(275, 0.0006208673516903114)	(280, 0.0)	(285, 0.0)	(290, 0.0)	(295, 0.0006226999022361153)	(300, 0.0)
688B0_S139_L001_R2_001	(1, 0.012416190712689347)	(2, 0.0)	(3, 0.0)	(4, 0.0)	(5, 0.0)	(6, 0.0)	(7, 0.0)	(8, 0.0)	(9, 0.0)	(10, 0.0)	(15, 0.015520238390861685)	(20, 0.0024832381425378696)	(25, 0.0)	(30, 0.0)	(35, 0.0024832381425378696)	(40, 0.0024832381425378696)	(45, 0.00682890489197914)	(50, 0.0)	(55, 0.003104047678172337)	(60, 0.001862428606903402)	(65, 0.0031041247609823936)	(70, 0.0006208288064566196)	(75, 0.0006208288064566196)	(80, 0.006829116871022815)	(85, 0.0)	(90, 0.004966630451652957)	(95, 0.006829116871022815)	(100, 0.0)	(105, 0.004345801645196337)	(110, 0.006208288064566196)	(115, 0.009933260903305914)	(120, 0.0)	(125, 0.010554089709762533)	(130, 0.018624864193698586)	(135, 0.0)	(140, 0.018624864193698586)	(145, 0.01365823374204563)	(150, 0.0024833152258264784)	(155, 0.02669563867763464)	(160, 0.005587459258109577)	(165, 0.0012416576129132392)	(170, 0.006208288064566196)	(175, 0.008070774483936054)	(180, 0.0)	(185, 0.0006208288064566196)	(190, 0.020487350613068445)	(195, 0.006829116871022815)	(200, 0.005587459258109577)	(205, 0.02669563867763464)	(210, 0.004966630451652957)	(215, 0.0)	(220, 0.0)	(225, 0.0)	(230, 0.0)	(235, 0.0)	(240, 0.0)	(245, 0.003104144032283098)	(250, 0.0006208288064566196)	(255, 0.0)	(260, 0.003104221119878811)	(265, 0.0024833923139007882)	(270, 0.007450176941702365)	(275, 0.011175265412553549)	(280, 0.0024833923139007882)	(285, 0.024213075060532687)	(290, 0.016142651368400138)	(295, 0.0)	(300, 0.0)
688B14_S140_L001_R1_001	(1, 0.0)	(2, 0.0)	(3, 0.02038676607642125)	(4, 0.002912395153774464)	(5, 0.0)	(6, 0.0)	(7, 0.002912395153774464)	(8, 0.0)	(9, 0.0)	(10, 0.0)	(15, 0.0)	(20, 0.0)	(25, 0.0)	(30, 0.0011649580615097858)	(35, 0.0017474370922646784)	(40, 0.0)	(45, 0.0011649580615097858)	(50, 0.0017474370922646784)	(55, 0.0005824790307548929)	(60, 0.004659832246039143)	(65, 0.0017474370922646784)	(70, 0.005242311276794035)	(75, 0.005824790307548928)	(80, 0.0005824790307548929)	(85, 0.0)	(90, 0.0)	(95, 0.0034949556140637015)	(100, 0.012232415902140673)	(105, 0.007572447939420417)	(110, 0.0)	(115, 0.0034949759720401923)	(120, 0.005824959953400321)	(125, 0.005824959953400321)	(130, 0.0029124799767001604)	(135, 0.005242463958060288)	(140, 0.004659967962720256)	(145, 0.0)	(150, 0.0)	(155, 0.005824959953400321)	(160, 0.004659967962720256)	(165, 0.0)	(170, 0.002329983981360128)	(175, 0.013979903888160769)	(180, 0.012814911897480704)	(185, 0.0)	(190, 0.013980311061921128)	(195, 0.022718005475621833)	(200, 0.0)	(205, 0.0)	(210, 0.0)	(215, 0.0)	(220, 0.0)	(225, 0.030290673967495775)	(230, 0.008155181452787324)	(235, 0.0005825129609133803)	(240, 0.0)	(245, 0.01747538882740141)	(250, 0.058252992747502404)	(255, 0.000582529927475024)	(260, 0.0)	(265, 0.0017475897824250721)	(270, 0.011650598549500481)	(275, 0.0017475897824250721)	(280, 0.0)	(285, 0.0)	(290, 0.0)	(295, 0.0017513032615104408)	(300, 0.0014929606903450233)
688B14_S140_L001_R2_001	(1, 0.01456197576887232)	(2, 0.0)	(3, 0.0)	(4, 0.0)	(5, 0.0)	(6, 0.0)	(7, 0.0)	(8, 0.0)	(9, 0.0)	(10, 0.0)	(15, 0.016309412861137)	(20, 0.005824790307548928)	(25, 0.0)	(30, 0.0)	(35, 0.003494874184529357)	(40, 0.003494874184529357)	(45, 0.0081547064305685)	(50, 0.0)	(55, 0.002912395153774464)	(60, 0.005242311276794035)	(65, 0.006989748369058714)	(70, 0.0011649580615097858)	(75, 0.0005824790307548929)	(80, 0.0081547064305685)	(85, 0.0)	(90, 0.004659832246039143)	(95, 0.009319881637503203)	(100, 0.0)	(105, 0.0069899519440803845)	(110, 0.0069899519440803845)	(115, 0.011067423911460608)	(120, 0.0)	(125, 0.011649919906800641)	(130, 0.020387359836901122)	(135, 0.0)	(140, 0.013397407892820738)	(145, 0.01689238386486093)	(150, 0.0017474879860200961)	(155, 0.030289791757681667)	(160, 0.005824959953400321)	(165, 0.002329983981360128)	(170, 0.011649919906800641)	(175, 0.010484927916120577)	(180, 0.0)	(185, 0.0029124799767001604)	(190, 0.025630570280188735)	(195, 0.007572668491873944)	(200, 0.006407642570047184)	(205, 0.026213083241102116)	(210, 0.005825129609133803)	(215, 0.0)	(220, 0.0)	(225, 0.0)	(230, 0.0)	(235, 0.0)	(240, 0.0)	(245, 0.001747538882740141)	(250, 0.0017475897824250721)	(255, 0.001165059854950048)	(260, 0.002330119709900096)	(265, 0.002330119709900096)	(270, 0.010485538694550432)	(275, 0.01747589782425072)	(280, 0.004660239419800192)	(285, 0.02563131680890106)	(290, 0.023883727026475985)	(295, 0.0)	(300, 0.0)
692A0_S157_L001_R1_001	(1, 0.0)	(2, 0.0)	(3, 0.011197581322434353)	(4, 0.0027993953306085883)	(5, 0.0)	(6, 0.0)	(7, 0.0)	(8, 0.0)	(9, 0.0)	(10, 0.0)	(15, 0.0)	(20, 0.0)	(25, 0.0)	(30, 0.0)	(35, 0.0)	(40, 0.0)	(45, 0.0)	(50, 0.0)	(55, 0.0005599072793545389)	(60, 0.002799567746739903)	(65, 0.0005599386307260724)	(70, 0.0011198960736443658)	(75, 0.0016798723297029425)	(80, 0.0)	(85, 0.0)	(90, 0.0)	(95, 0.001679919363870534)	(100, 0.003359838727741068)	(105, 0.003359838727741068)	(110, 0.0)	(115, 0.0005599731212901781)	(120, 0.0022398924851607122)	(125, 0.001679919363870534)	(130, 0.0022398924851607122)	(135, 0.0027998656064508903)	(140, 0.001679919363870534)	(145, 0.0)	(150, 0.0)	(155, 0.0022398924851607122)	(160, 0.001679919363870534)	(165, 0.0)	(170, 0.0027999440011199778)	(175, 0.011759764804703907)	(180, 0.008399832003359933)	(185, 0.0)	(190, 0.01007979840403192)	(195, 0.014559708805823884)	(200, 0.0)	(205, 0.0)	(210, 0.0)	(215, 0.0)	(220, 0.0)	(225, 0.01624012992103937)	(230, 0.002240017920143361)	(235, 0.0)	(240, 0.0)	(245, 0.007840062720501764)	(250, 0.030240241921935373)	(255, 0.0)	(260, 0.0)	(265, 0.0)	(270, 0.006720053760430084)	(275, 0.0005600044800358403)	(280, 0.0)	(285, 0.0)	(290, 0.0)	(295, 0.0005604752830400179)	(300, 0.0)
692A0_S157_L001_R2_001	(1, 0.008398185991825766)	(2, 0.0)	(3, 0.0)	(4, 0.0)	(5, 0.0)	(6, 0.0)	(7, 0.0)	(8, 0.0)	(9, 0.0)	(10, 0.0)	(15, 0.007838306925704048)	(20, 0.0011197581322434354)	(25, 0.0)	(30, 0.0)	(35, 0.001679637198365153)	(40, 0.0011197581322434354)	(45, 0.0044790325289737415)	(50, 0.0)	(55, 0.0005599072793545389)	(60, 0.0011198270986959614)	(65, 0.00223975452290429)	(70, 0.0005599480368221829)	(75, 0.0011199148864686284)	(80, 0.008959319091749027)	(85, 0.0)	(90, 0.0022398297729372568)	(95, 0.0044797849703214244)	(100, 0.0)	(105, 0.0027998656064508903)	(110, 0.0027998656064508903)	(115, 0.010639489304513383)	(120, 0.0)	(125, 0.009519543061933027)	(130, 0.016239220517415165)	(135, 0.0)	(140, 0.010079516183223204)	(145, 0.007839623698062494)	(150, 0.001679919363870534)	(155, 0.021278978609026767)	(160, 0.003919811849031247)	(165, 0.0016799664006719864)	(170, 0.00503989920201596)	(175, 0.007839843203135936)	(180, 0.0)	(185, 0.0005600013440032256)	(190, 0.015120120960967686)	(195, 0.004480035840286722)	(200, 0.003920031360250882)	(205, 0.019600266563625266)	(210, 0.004480286738351254)	(215, 0.0)	(220, 0.0)	(225, 0.0)	(230, 0.0)	(235, 0.0)	(240, 0.0)	(245, 0.0005600358422939068)	(250, 0.0005600358422939068)	(255, 0.0005600358422939068)	(260, 0.003360215053763441)	(265, 0.002240143369175627)	(270, 0.004480286738351254)	(275, 0.011760752688172043)	(280, 0.003360215053763441)	(285, 0.01456093189964158)	(290, 0.016241585178713443)	(295, 0.0)	(300, 0.0)
692A14_S158_L001_R1_001	(1, 0.0)	(2, 0.0)	(3, 0.00576036866359447)	(4, 0.0)	(5, 0.0)	(6, 0.0)	(7, 0.0)	(8, 0.0)	(9, 0.0)	(10, 0.0)	(15, 0.0)	(20, 0.0)	(25, 0.0)	(30, 0.000576036866359447)	(35, 0.002304147465437788)	(40, 0.0)	(45, 0.001728110599078341)	(50, 0.001728110599078341)	(55, 0.000576036866359447)	(60, 0.0)	(65, 0.0005760534577608802)	(70, 0.0023042138310435207)	(75, 0.0046084276620870415)	(80, 0.0011521069155217604)	(85, 0.0)	(90, 0.0)	(95, 0.002880267288804401)	(100, 0.006912641493130562)	(105, 0.003456320746565281)	(110, 0.0)	(115, 0.0017281603732826405)	(120, 0.003456320746565281)	(125, 0.0046084276620870415)	(130, 0.0023042138310435207)	(135, 0.0011521069155217604)	(140, 0.002880267288804401)	(145, 0.0)	(150, 0.0)	(155, 0.002880267288804401)	(160, 0.003456320746565281)	(165, 0.0)	(170, 0.0023042138310435207)	(175, 0.013825282986261124)	(180, 0.010369141435089173)	(185, 0.0)	(190, 0.009793472938329925)	(195, 0.01152173286862344)	(200, 0.0)	(205, 0.0)	(210, 0.0)	(215, 0.0)	(220, 0.0)	(225, 0.01958920289228819)	(230, 0.004033071183706392)	(235, 0.0005761530262437703)	(240, 0.0)	(245, 0.0155561317085818)	(250, 0.043787629994526546)	(255, 0.0005761530262437703)	(260, 0.0)	(265, 0.0005761530262437703)	(270, 0.004609224209950163)	(275, 0.0005761530262437703)	(280, 0.0)	(285, 0.0)	(290, 0.0)	(295, 0.0)	(300, 0.0)
692A14_S158_L001_R2_001	(1, 0.008640552995391706)	(2, 0.0)	(3, 0.0)	(4, 0.0)	(5, 0.0)	(6, 0.0)	(7, 0.0)	(8, 0.0)	(9, 0.0)	(10, 0.0)	(15, 0.01152073732718894)	(20, 0.001728110599078341)	(25, 0.0)	(30, 0.0)	(35, 0.001728110599078341)	(40, 0.001728110599078341)	(45, 0.005184331797235023)	(50, 0.0)	(55, 0.001728110599078341)	(60, 0.0017281305084159957)	(65, 0.0023042138310435207)	(70, 0.0)	(75, 0.0)	(80, 0.0046084276620870415)	(85, 0.0)	(90, 0.0046084276620870415)	(95, 0.003456320746565281)	(100, 0.0)	(105, 0.005184481119847922)	(110, 0.003456320746565281)	(115, 0.0046084276620870415)	(120, 0.0)	(125, 0.008064748408652322)	(130, 0.013825282986261124)	(135, 0.0)	(140, 0.010368962239695844)	(145, 0.011521069155217604)	(150, 0.0011521069155217604)	(155, 0.019009764106109047)	(160, 0.0046084276620870415)	(165, 0.0005760534577608802)	(170, 0.0046084276620870415)	(175, 0.006912641493130562)	(180, 0.0)	(185, 0.0005760766873286172)	(190, 0.018434772589797505)	(195, 0.00288043321715586)	(200, 0.005184779790880548)	(205, 0.02304359848833994)	(210, 0.004609091432851299)	(215, 0.0)	(220, 0.0)	(225, 0.0)	(230, 0.0)	(235, 0.0)	(240, 0.0)	(245, 0.0005761530262437703)	(250, 0.0)	(255, 0.0)	(260, 0.0017284590787313109)	(265, 0.0017284590787313109)	(270, 0.007489989341169015)	(275, 0.0057615302624377035)	(280, 0.0023046121049750813)	(285, 0.01843689683980065)	(290, 0.01094709671471866)	(295, 0.0)	(300, 0.0)
692B0_S159_L001_R1_001	(1, 0.0)	(2, 0.0)	(3, 0.0060653848486686476)	(4, 0.009098077273002972)	(5, 0.0)	(6, 0.0)	(7, 0.0)	(8, 0.0)	(9, 0.0)	(10, 0.0)	(15, 0.0)	(20, 0.0)	(25, 0.0)	(30, 0.0)	(35, 0.0012130769697337297)	(40, 0.0)	(45, 0.0)	(50, 0.0012130769697337297)	(55, 0.0)	(60, 0.0018196154546005943)	(65, 0.0)	(70, 0.003032802795031056)	(75, 0.001213150551983501)	(80, 0.0012131873464559764)	(85, 0.0)	(90, 0.0)	(95, 0.002426448286320898)	(100, 0.0054595086442220195)	(105, 0.0054595086442220195)	(110, 0.0)	(115, 0.002426448286320898)	(120, 0.0036396724294813464)	(125, 0.007885956930542917)	(130, 0.0018198362147406732)	(135, 0.002426448286320898)	(140, 0.004246284501061571)	(145, 0.0)	(150, 0.0)	(155, 0.004852896572641796)	(160, 0.002426448286320898)	(165, 0.0)	(170, 0.0030330603579011226)	(175, 0.010312405216863815)	(180, 0.008492723555782029)	(185, 0.0)	(190, 0.010919348478874094)	(195, 0.013953347286680622)	(200, 0.0)	(205, 0.0)	(210, 0.0)	(215, 0.0)	(220, 0.0)	(225, 0.024268899405411964)	(230, 0.005460502366217692)	(235, 0.0012134449702705982)	(240, 0.0006067224851352991)	(245, 0.012741172187841281)	(250, 0.043077296444606235)	(255, 0.0006067224851352991)	(260, 0.0)	(265, 0.0012134817826047386)	(270, 0.00910111336953554)	(275, 0.0012134817826047386)	(280, 0.0)	(285, 0.0)	(290, 0.0)	(295, 0.0006075371053287079)	(300, 0.0)
692B0_S159_L001_R2_001	(1, 0.009098077273002972)	(2, 0.0)	(3, 0.0)	(4, 0.0)	(5, 0.0)	(6, 0.0)	(7, 0.0)	(8, 0.0)	(9, 0.0)	(10, 0.0)	(15, 0.010917692727603566)	(20, 0.0030326924243343238)	(25, 0.0)	(30, 0.0)	(35, 0.0018196154546005943)	(40, 0.0018196154546005943)	(45, 0.007278461818402377)	(50, 0.0)	(55, 0.0024261539394674595)	(60, 0.0018196154546005943)	(65, 0.003639319204687443)	(70, 0.0006065605590062111)	(75, 0.0)	(80, 0.004852749385823906)	(85, 0.0)	(90, 0.0054595086442220195)	(95, 0.008492569002123142)	(100, 0.0)	(105, 0.0036396724294813464)	(110, 0.004852896572641796)	(115, 0.002426448286320898)	(120, 0.0)	(125, 0.009099181073703368)	(130, 0.015771913861085833)	(135, 0.0)	(140, 0.009099181073703368)	(145, 0.010919017288444039)	(150, 0.001213224143160449)	(155, 0.02305125872004853)	(160, 0.0054595086442220195)	(165, 0.0018198362147406732)	(170, 0.008492569002123142)	(175, 0.009099181073703368)	(180, 0.0)	(185, 0.0006066304710485608)	(190, 0.01819891413145682)	(195, 0.00546000546000546)	(200, 0.00424692856059457)	(205, 0.023661459123312606)	(210, 0.00424692856059457)	(215, 0.0)	(220, 0.0006067040800849386)	(225, 0.0)	(230, 0.0)	(235, 0.0)	(240, 0.0)	(245, 0.0)	(250, 0.0024268163203397543)	(255, 0.0024268163203397543)	(260, 0.0024268163203397543)	(265, 0.0018201122402548156)	(270, 0.006673744880934324)	(275, 0.012134081601698772)	(280, 0.0036402244805096313)	(285, 0.018807826482633093)	(290, 0.015167878074528884)	(295, 0.0)	(300, 0.0)
692B14_S160_L001_R1_001	(1, 0.0)	(2, 0.0)	(3, 0.013824088474166234)	(4, 0.0034560221185415585)	(5, 0.0)	(6, 0.0)	(7, 0.0)	(8, 0.0)	(9, 0.0)	(10, 0.0)	(15, 0.0)	(20, 0.0)	(25, 0.0)	(30, 0.0006912044237083117)	(35, 0.0013824088474166233)	(40, 0.0)	(45, 0.0)	(50, 0.0)	(55, 0.0006912044237083117)	(60, 0.0027648176948332466)	(65, 0.002073613271124935)	(70, 0.0006912044237083117)	(75, 0.004838430965958182)	(80, 0.0006912044237083117)	(85, 0.0)	(90, 0.0)	(95, 0.0013824088474166233)	(100, 0.004838430965958182)	(105, 0.006220839813374806)	(110, 0.0)	(115, 0.0034560221185415585)	(120, 0.005529635389666493)	(125, 0.004838430965958182)	(130, 0.004838430965958182)	(135, 0.0027648176948332466)	(140, 0.0013824088474166233)	(145, 0.0)	(150, 0.0)	(155, 0.005529635389666493)	(160, 0.004838430965958182)	(165, 0.0)	(170, 0.0034560221185415585)	(175, 0.021427337134957664)	(180, 0.012441679626749611)	(185, 0.0)	(190, 0.017280110592707794)	(195, 0.019353723863832727)	(200, 0.0)	(205, 0.0)	(210, 0.0)	(215, 0.0)	(220, 0.0)	(225, 0.02281132271109114)	(230, 0.005530017626931186)	(235, 0.0)	(240, 0.0)	(245, 0.017281305084159954)	(250, 0.06083019389624305)	(255, 0.0)	(260, 0.0)	(265, 0.0027651043826904466)	(270, 0.016590626296142677)	(275, 0.0006912760956726117)	(280, 0.0)	(285, 0.0)	(290, 0.0)	(295, 0.0020752485110091933)	(300, 0.0017764513607617422)
692B14_S160_L001_R2_001	(1, 0.010368066355624676)	(2, 0.0)	(3, 0.0)	(4, 0.0)	(5, 0.0)	(6, 0.0)	(7, 0.0)	(8, 0.0)	(9, 0.0)	(10, 0.0)	(15, 0.012441679626749611)	(20, 0.002073613271124935)	(25, 0.0)	(30, 0.0)	(35, 0.002073613271124935)	(40, 0.0006912044237083117)	(45, 0.008985657508208053)	(50, 0.0)	(55, 0.0027648176948332466)	(60, 0.002073613271124935)	(65, 0.00414722654224987)	(70, 0.0)	(75, 0.0006912044237083117)	(80, 0.006912044237083117)	(85, 0.0)	(90, 0.005529635389666493)	(95, 0.004838430965958182)	(100, 0.0)	(105, 0.005529635389666493)	(110, 0.0034560221185415585)	(115, 0.014515292897874548)	(120, 0.0)	(125, 0.013132884050457923)	(130, 0.01866251944012442)	(135, 0.0)	(140, 0.012441679626749611)	(145, 0.017971315016416106)	(150, 0.002073613271124935)	(155, 0.026265768100915847)	(160, 0.004838430965958182)	(165, 0.0013824088474166233)	(170, 0.009676861931916364)	(175, 0.00829445308449974)	(180, 0.0)	(185, 0.0013824088474166233)	(190, 0.027648176948332468)	(195, 0.006220839813374806)	(200, 0.004838430965958182)	(205, 0.02833938137204078)	(210, 0.006221269830297583)	(215, 0.0)	(220, 0.0006912522033663982)	(225, 0.0006912522033663982)	(230, 0.0)	(235, 0.0)	(240, 0.0013825044067327964)	(245, 0.007603774237030381)	(250, 0.0013825044067327964)	(255, 0.0034562610168319915)	(260, 0.006912760956726116)	(265, 0.0027651043826904466)	(270, 0.00898658924374395)	(275, 0.015208074104797456)	(280, 0.003456380478363058)	(285, 0.022812111157196183)	(290, 0.020739143058608817)	(295, 0.0)	(300, 0.0)
722A0_S149_L001_R1_001	(1, 0.0)	(2, 0.0)	(3, 0.014454209065679926)	(4, 0.0)	(5, 0.0)	(6, 0.0)	(7, 0.0)	(8, 0.0)	(9, 0.0)	(10, 0.0)	(15, 0.0)	(20, 0.0)	(25, 0.0)	(30, 0.0028908418131359855)	(35, 0.002312673450508788)	(40, 0.0)	(45, 0.0017345050878815912)	(50, 0.0017345050878815912)	(55, 0.000578168362627197)	(60, 0.0040472721385785984)	(65, 0.0028909253852158075)	(70, 0.0028909253852158075)	(75, 0.005781850770431615)	(80, 0.0017345552311294845)	(85, 0.0)	(90, 0.0)	(95, 0.004047295539302131)	(100, 0.005203665693388454)	(105, 0.004625480616345292)	(110, 0.0)	(115, 0.0028909253852158075)	(120, 0.004625480616345292)	(125, 0.008094591078604262)	(130, 0.004625480616345292)	(135, 0.0017345552311294845)	(140, 0.006360035847474777)	(145, 0.0)	(150, 0.0)	(155, 0.004625480616345292)	(160, 0.005203665693388454)	(165, 0.0)	(170, 0.002312740308172646)	(175, 0.019658292619467492)	(180, 0.010407331386776908)	(185, 0.0)	(190, 0.017345552311294844)	(195, 0.01908010754242433)	(200, 0.0)	(205, 0.0)	(210, 0.0)	(215, 0.0)	(220, 0.0011564035848511131)	(225, 0.027175484244001156)	(230, 0.006938421509106678)	(235, 0.0017346053772766695)	(240, 0.0005782017924255566)	(245, 0.015611448395490028)	(250, 0.05319733319455769)	(255, 0.0011564704521799469)	(260, 0.0)	(265, 0.0023129409043598937)	(270, 0.016768821556609227)	(275, 0.0023129409043598937)	(280, 0.0)	(285, 0.0)	(290, 0.0)	(295, 0.0023192439264799677)	(300, 0.004619720044965275)
722A0_S149_L001_R2_001	(1, 0.01734505087881591)	(2, 0.0)	(3, 0.0)	(4, 0.0)	(5, 0.0)	(6, 0.0)	(7, 0.0)	(8, 0.0)	(9, 0.0)	(10, 0.0)	(15, 0.01734505087881591)	(20, 0.004047178538390379)	(25, 0.0)	(30, 0.0)	(35, 0.005203515263644773)	(40, 0.0034690101757631825)	(45, 0.012719703977798336)	(50, 0.0)	(55, 0.0034690101757631825)	(60, 0.0040472721385785984)	(65, 0.006360035847474777)	(70, 0.001156370154086323)	(75, 0.001156370154086323)	(80, 0.01098551646382007)	(85, 0.0)	(90, 0.006938220924517938)	(95, 0.008672776155647422)	(100, 0.0)	(105, 0.008094591078604262)	(110, 0.010407331386776908)	(115, 0.014454626926079038)	(120, 0.0)	(125, 0.01156370154086323)	(130, 0.019658292619467492)	(135, 0.0)	(140, 0.014454626926079038)	(145, 0.016189182157208524)	(150, 0.002312740308172646)	(155, 0.03237836431441705)	(160, 0.009250961232690584)	(165, 0.002312740308172646)	(170, 0.013298256771992714)	(175, 0.01156370154086323)	(180, 0.0)	(185, 0.001156370154086323)	(190, 0.023705588158769622)	(195, 0.0075164060015611)	(200, 0.005781850770431615)	(205, 0.028331068775114918)	(210, 0.008094825093957791)	(215, 0.0005782017924255566)	(220, 0.0005782017924255566)	(225, 0.0005782017924255566)	(230, 0.0)	(235, 0.0)	(240, 0.0011564035848511131)	(245, 0.005782017924255565)	(250, 0.00404752956142126)	(255, 0.006360403596519125)	(260, 0.007516840614068055)	(265, 0.002891092543872329)	(270, 0.008673277631616988)	(275, 0.01676833675445951)	(280, 0.006360403596519125)	(285, 0.0237069588597531)	(290, 0.022550521842204168)	(295, 0.0)	(300, 0.0)
722A14_S150_L001_R1_001	(1, 0.0)	(2, 0.0)	(3, 0.02030456852791878)	(4, 0.0)	(5, 0.0)	(6, 0.0)	(7, 0.0)	(8, 0.0)	(9, 0.0)	(10, 0.0)	(15, 0.0)	(20, 0.0)	(25, 0.0)	(30, 0.0047377326565143825)	(35, 0.0033840947546531306)	(40, 0.0)	(45, 0.0020304568527918783)	(50, 0.0020304568527918783)	(55, 0.0013536379018612521)	(60, 0.006768189509306261)	(65, 0.0054145516074450084)	(70, 0.0047377326565143825)	(75, 0.012859560067681896)	(80, 0.0006768189509306261)	(85, 0.0)	(90, 0.0)	(95, 0.0040609137055837565)	(100, 0.012859560067681896)	(105, 0.008798646362098138)	(110, 0.0)	(115, 0.0033840947546531306)	(120, 0.006091370558375634)	(125, 0.008798646362098138)	(130, 0.0047377326565143825)	(135, 0.0054145516074450084)	(140, 0.006091370558375634)	(145, 0.0)	(150, 0.0)	(155, 0.007445008460236886)	(160, 0.007445008460236886)	(165, 0.0)	(170, 0.0020304568527918783)	(175, 0.02098138747884941)	(180, 0.01218298848707588)	(185, 0.0)	(190, 0.01962894524877996)	(195, 0.021659672397454987)	(200, 0.0)	(205, 0.0)	(210, 0.0)	(215, 0.0)	(220, 0.0)	(225, 0.02775333378460705)	(230, 0.008122926961348406)	(235, 0.0006769105801123672)	(240, 0.0)	(245, 0.016245853922696812)	(250, 0.05212352598730081)	(255, 0.0006769334912844813)	(260, 0.0)	(265, 0.0006769564040075819)	(270, 0.012862171676144056)	(275, 0.0020308692120227455)	(280, 0.0)	(285, 0.0)	(290, 0.0)	(295, 0.0013629455980264547)	(300, 0.0)
722A14_S150_L001_R2_001	(1, 0.01015228426395939)	(2, 0.0)	(3, 0.0)	(4, 0.0)	(5, 0.0)	(6, 0.0)	(7, 0.0)	(8, 0.0)	(9, 0.0)	(10, 0.0)	(15, 0.02233502538071066)	(20, 0.006091370558375634)	(25, 0.0)	(30, 0.0)	(35, 0.0047377326565143825)	(40, 0.0047377326565143825)	(45, 0.010829103214890017)	(50, 0.0)	(55, 0.0013536379018612521)	(60, 0.006091370558375634)	(65, 0.008121827411167513)	(70, 0.0006768189509306261)	(75, 0.0006768189509306261)	(80, 0.01015228426395939)	(85, 0.0)	(90, 0.0040609137055837565)	(95, 0.014213197969543147)	(100, 0.0)	(105, 0.01015228426395939)	(110, 0.009475465313028765)	(115, 0.013536379018612522)	(120, 0.0)	(125, 0.013536379018612522)	(130, 0.027072758037225045)	(135, 0.0)	(140, 0.015566835871404398)	(145, 0.018274111675126905)	(150, 0.0020304568527918783)	(155, 0.029780033840947545)	(160, 0.006768189509306261)	(165, 0.0027072758037225042)	(170, 0.014213197969543147)	(175, 0.012182741116751269)	(180, 0.0)	(185, 0.003384209279501845)	(190, 0.02978104165961623)	(195, 0.009475785982605164)	(200, 0.00609157670310332)	(205, 0.029104199803715862)	(210, 0.007445764375401903)	(215, 0.0)	(220, 0.0)	(225, 0.0)	(230, 0.0)	(235, 0.0)	(240, 0.0)	(245, 0.0013537753409821641)	(250, 0.0013538119961280977)	(255, 0.0006769105801123672)	(260, 0.002030745486668156)	(265, 0.0027077339651379252)	(270, 0.008800135386698256)	(275, 0.013538669825689627)	(280, 0.0027077339651379252)	(285, 0.026400406160094772)	(290, 0.020984938229818922)	(295, 0.0)	(300, 0.0)
722B0_S151_L001_R1_001	(1, 0.0)	(2, 0.0)	(3, 0.011985377839036375)	(4, 0.0)	(5, 0.0)	(6, 0.0)	(7, 0.0)	(8, 0.0)	(9, 0.0)	(10, 0.0)	(15, 0.0)	(20, 0.0)	(25, 0.0)	(30, 0.009588302271229102)	(35, 0.007191226703421825)	(40, 0.0)	(45, 0.0035956133517109127)	(50, 0.004194882243662732)	(55, 0.002996344459759094)	(60, 0.011386108947084557)	(65, 0.0065919578114700065)	(70, 0.007191312894024019)	(75, 0.016180744913552873)	(80, 0.003595721091900638)	(85, 0.0)	(90, 0.0)	(95, 0.0059928684865010635)	(100, 0.01797860545950319)	(105, 0.010787163275701915)	(110, 0.0)	(115, 0.007790729032451383)	(120, 0.012585023821652235)	(125, 0.01797860545950319)	(130, 0.007191442183801276)	(135, 0.00659215533515117)	(140, 0.010787163275701915)	(145, 0.0)	(150, 0.0)	(155, 0.009588589578401703)	(160, 0.012585023821652235)	(165, 0.0)	(170, 0.004195007940550745)	(175, 0.028765768735205106)	(180, 0.020975416811496925)	(185, 0.0)	(190, 0.024572969733293377)	(195, 0.02577165118369793)	(200, 0.0)	(205, 0.0)	(210, 0.0)	(215, 0.0)	(220, 0.0)	(225, 0.030568209062574923)	(230, 0.007192519779429394)	(235, 0.0005993766482857828)	(240, 0.0)	(245, 0.01798183834327329)	(250, 0.05154917251589933)	(255, 0.0011988251513516755)	(260, 0.0)	(265, 0.002397650302703351)	(270, 0.022777677875681832)	(275, 0.005994125756758377)	(280, 0.0)	(285, 0.0)	(290, 0.0)	(295, 0.0018073051273246464)	(300, 0.0032566394737270615)
722B0_S151_L001_R2_001	(1, 0.02397075567807275)	(2, 0.0)	(3, 0.0)	(4, 0.0)	(5, 0.0)	(6, 0.0)	(7, 0.0)	(8, 0.0)	(9, 0.0)	(10, 0.0)	(15, 0.02816563792173548)	(20, 0.009588302271229102)	(25, 0.0)	(30, 0.0)	(35, 0.008989033379277282)	(40, 0.0065919578114700065)	(45, 0.014981722298795469)	(50, 0.0)	(55, 0.0065919578114700065)	(60, 0.007191226703421825)	(65, 0.013183915622940013)	(70, 0.0017978066758554563)	(75, 0.0005992688919518189)	(80, 0.017378797866602746)	(85, 0.0)	(90, 0.012584646730988193)	(95, 0.020974411218313657)	(100, 0.0)	(105, 0.016779528974650928)	(110, 0.017978066758554564)	(115, 0.018577335650506382)	(120, 0.0)	(125, 0.016779528974650928)	(130, 0.02816563792173548)	(135, 0.0)	(140, 0.020974411218313657)	(145, 0.017378797866602746)	(150, 0.0035956133517109127)	(155, 0.041349553544675496)	(160, 0.009588302271229102)	(165, 0.004194882243662732)	(170, 0.018577335650506382)	(175, 0.013783184514891831)	(180, 0.0)	(185, 0.003595721091900638)	(190, 0.03775846568774348)	(195, 0.013784836679652383)	(200, 0.008990110878034162)	(205, 0.04315253221456398)	(210, 0.009590026372572525)	(215, 0.0)	(220, 0.0)	(225, 0.0017981299448573485)	(230, 0.0)	(235, 0.0)	(240, 0.0011987532965715656)	(245, 0.004795013186286262)	(250, 0.0017981730561749262)	(255, 0.0017981838343273293)	(260, 0.006593340725866875)	(265, 0.0035963676686546586)	(270, 0.008990919171636646)	(275, 0.020379416789043068)	(280, 0.006593340725866875)	(285, 0.023975784457697727)	(290, 0.032367891052076346)	(295, 0.0)	(300, 0.0)
722B14_S152_L001_R1_001	(1, 0.0)	(2, 0.0)	(3, 0.010829933937402982)	(4, 0.0036099779791343273)	(5, 0.0)	(6, 0.0)	(7, 0.0)	(8, 0.0)	(9, 0.0)	(10, 0.0)	(15, 0.0)	(20, 0.0)	(25, 0.0)	(30, 0.0)	(35, 0.0)	(40, 0.0)	(45, 0.0)	(50, 0.0)	(55, 0.0)	(60, 0.0)	(65, 0.0)	(70, 0.0)	(75, 0.0021659867874805963)	(80, 0.0)	(85, 0.0)	(90, 0.0)	(95, 0.0014439911916537308)	(100, 0.0014439911916537308)	(105, 0.0)	(110, 0.0)	(115, 0.0)	(120, 0.0021659867874805963)	(125, 0.0007219955958268654)	(130, 0.004331973574961193)	(135, 0.0)	(140, 0.0)	(145, 0.0)	(150, 0.0)	(155, 0.0021659867874805963)	(160, 0.0036099779791343273)	(165, 0.0)	(170, 0.0028879823833074616)	(175, 0.010829933937402982)	(180, 0.010108157282927322)	(185, 0.0)	(190, 0.010830715910321672)	(195, 0.014440954547095564)	(200, 0.0)	(205, 0.0)	(210, 0.0)	(215, 0.0)	(220, 0.0)	(225, 0.01949599249043252)	(230, 0.0036103689797097266)	(235, 0.0)	(240, 0.0)	(245, 0.01227525453101307)	(250, 0.04332818209390661)	(255, 0.0)	(260, 0.0)	(265, 0.0007222302470027445)	(270, 0.010833453705041166)	(275, 0.0)	(280, 0.0)	(285, 0.0)	(290, 0.0)	(295, 0.0)	(300, 0.0018778637422068654)
722B14_S152_L001_R2_001	(1, 0.0036099779791343273)	(2, 0.0)	(3, 0.0)	(4, 0.0)	(5, 0.0)	(6, 0.0)	(7, 0.0)	(8, 0.0)	(9, 0.0)	(10, 0.0)	(15, 0.01443991191653731)	(20, 0.0014439911916537308)	(25, 0.0)	(30, 0.0)	(35, 0.0021659867874805963)	(40, 0.0007219955958268654)	(45, 0.0036099779791343273)	(50, 0.0)	(55, 0.0)	(60, 0.0007219955958268654)	(65, 0.0014439911916537308)	(70, 0.0007219955958268654)	(75, 0.0)	(80, 0.004331973574961193)	(85, 0.0)	(90, 0.0007219955958268654)	(95, 0.0014439911916537308)	(100, 0.0)	(105, 0.0007219955958268654)	(110, 0.0036099779791343273)	(115, 0.00649796036244179)	(120, 0.0)	(125, 0.007219955958268655)	(130, 0.015161907512364174)	(135, 0.0)	(140, 0.00938594274574925)	(145, 0.010829933937402982)	(150, 0.0021659867874805963)	(155, 0.0209378722789791)	(160, 0.004331973574961193)	(165, 0.0014439911916537308)	(170, 0.004331973574961193)	(175, 0.00649796036244179)	(180, 0.0)	(185, 0.0014440433212996391)	(190, 0.015163002274450343)	(195, 0.005776381818838225)	(200, 0.005054334091483447)	(205, 0.02238364116857048)	(210, 0.004332442775651672)	(215, 0.0)	(220, 0.0)	(225, 0.0)	(230, 0.0)	(235, 0.0)	(240, 0.0007220737959419453)	(245, 0.0036103689797097266)	(250, 0.0014442727364635537)	(255, 0.002888712356467105)	(260, 0.004333162414149219)	(265, 0.0021666907410082333)	(270, 0.00794453271703019)	(275, 0.012277914199046655)	(280, 0.0036111512350137224)	(285, 0.020222446916076844)	(290, 0.018056147395942423)	(295, 0.0)	(300, 0.0)
727A0_S161_L001_R1_001	(1, 0.0)	(2, 0.0)	(3, 0.03551824346141427)	(4, 0.006457862447529868)	(5, 0.0)	(6, 0.0)	(7, 0.0)	(8, 0.0)	(9, 0.0)	(10, 0.0)	(15, 0.0)	(20, 0.0)	(25, 0.0)	(30, 0.003228931223764934)	(35, 0.003228931223764934)	(40, 0.0)	(45, 0.0012916141948400013)	(50, 0.0012916141948400013)	(55, 0.0012916141948400013)	(60, 0.001291630877727763)	(65, 0.0019375464203829882)	(70, 0.0038750928407659765)	(75, 0.005812639261148965)	(80, 0.0006458488067943295)	(85, 0.0)	(90, 0.0)	(95, 0.002583395227177318)	(100, 0.008396034488326284)	(105, 0.005812639261148965)	(110, 0.0)	(115, 0.002583395227177318)	(120, 0.0032292440339716476)	(125, 0.005812676802252735)	(130, 0.0012917393270038106)	(135, 0.0025834786540076212)	(140, 0.003229348317509527)	(145, 0.0)	(150, 0.0)	(155, 0.003229348317509527)	(160, 0.003229348317509527)	(165, 0.0)	(170, 0.0006458905215565961)	(175, 0.009042467301792345)	(180, 0.006458905215565962)	(185, 0.0)	(190, 0.007105943152454781)	(195, 0.008397932816537468)	(200, 0.0)	(205, 0.0)	(210, 0.0)	(215, 0.0)	(220, 0.0)	(225, 0.01227469474772272)	(230, 0.0032301828283480844)	(235, 0.0)	(240, 0.0)	(245, 0.00969067369563532)	(250, 0.03165845054497761)	(255, 0.0)	(260, 0.0)	(265, 0.0)	(270, 0.004522694233564852)	(275, 0.0006460991762235503)	(280, 0.0)	(285, 0.0)	(290, 0.0)	(295, 0.0006462829038783437)	(300, 0.0016454946356874876)
727A0_S161_L001_R2_001	(1, 0.006457862447529868)	(2, 0.0)	(3, 0.0)	(4, 0.0)	(5, 0.0)	(6, 0.0)	(7, 0.0)	(8, 0.0)	(9, 0.0)	(10, 0.0)	(15, 0.009041007426541816)	(20, 0.0038747174685179204)	(25, 0.0)	(30, 0.0)	(35, 0.003228931223764934)	(40, 0.0019373962685747866)	(45, 0.005812263876780006)	(50, 0.0)	(55, 0.0012916141948400013)	(60, 0.002583261755455526)	(65, 0.007104336874737624)	(70, 0.0006458488067943295)	(75, 0.0006458488067943295)	(80, 0.006458488067943295)	(85, 0.0)	(90, 0.0032292440339716476)	(95, 0.007104336874737624)	(100, 0.0)	(105, 0.005166790454354636)	(110, 0.005166790454354636)	(115, 0.006458488067943295)	(120, 0.0)	(125, 0.005812676802252735)	(130, 0.009042175289026674)	(135, 0.0)	(140, 0.008396305625524769)	(145, 0.010333914616030485)	(150, 0.0012917393270038106)	(155, 0.016792611251049538)	(160, 0.005812826971517148)	(165, 0.0012917810431131921)	(170, 0.007750686258679154)	(175, 0.005813014694009366)	(180, 0.0)	(185, 0.0006458905215565961)	(190, 0.012919896640826873)	(195, 0.003229974160206718)	(200, 0.003230015891678187)	(205, 0.016150392454536644)	(210, 0.0038762193940177015)	(215, 0.0)	(220, 0.0)	(225, 0.0)	(230, 0.0006460365656696168)	(235, 0.0012920731313392337)	(240, 0.0006460365656696168)	(245, 0.001938134739127064)	(250, 0.0019382724823455682)	(255, 0.0012921983524471006)	(260, 0.0025843967048942013)	(265, 0.0012921983524471006)	(270, 0.0071070909384590535)	(275, 0.009691487643353255)	(280, 0.0025843967048942013)	(285, 0.016798578581812308)	(290, 0.010984324722484265)	(295, 0.0)	(300, 0.0)
727A14_S162_L001_R1_001	(1, 0.003464283239797686)	(2, 0.0)	(3, 0.010392849719393056)	(4, 0.006928566479595372)	(5, 0.0)	(6, 0.0)	(7, 0.0)	(8, 0.0)	(9, 0.0)	(10, 0.0)	(15, 0.0)	(20, 0.0)	(25, 0.0)	(30, 0.003464283239797686)	(35, 0.002771426591838149)	(40, 0.0)	(45, 0.003464283239797686)	(50, 0.0020785699438786117)	(55, 0.0020785699438786117)	(60, 0.006928566479595372)	(65, 0.003464283239797686)	(70, 0.00484999653571676)	(75, 0.00969999307143352)	(80, 0.0)	(85, 0.0)	(90, 0.0)	(95, 0.003464283239797686)	(100, 0.01662890519445426)	(105, 0.00900744846700156)	(110, 0.0)	(115, 0.004850164559154686)	(120, 0.008314567815693747)	(125, 0.008314798262207164)	(130, 0.0041574279379157425)	(135, 0.005543237250554323)	(140, 0.005543237250554323)	(145, 0.0)	(150, 0.0)	(155, 0.006929142587896174)	(160, 0.007622215292935592)	(165, 0.0)	(170, 0.0020787859889824342)	(175, 0.020094931226830197)	(180, 0.013858573259882895)	(185, 0.0)	(190, 0.01594012059047751)	(195, 0.02564280268902904)	(200, 0.0)	(205, 0.0013861166555777333)	(210, 0.0)	(215, 0.0006930967563071805)	(220, 0.0)	(225, 0.0318824507901303)	(230, 0.007624064319378986)	(235, 0.0006930967563071805)	(240, 0.0)	(245, 0.020792902689215416)	(250, 0.06238303181534623)	(255, 0.0006931688212664194)	(260, 0.0)	(265, 0.0013863856924996533)	(270, 0.013170664078746707)	(275, 0.0020795785387494803)	(280, 0.0)	(285, 0.0)	(290, 0.0)	(295, 0.0020802274381999095)	(300, 0.0035371935906052137)
727A14_S162_L001_R2_001	(1, 0.006928566479595372)	(2, 0.0)	(3, 0.0)	(4, 0.0)	(5, 0.0)	(6, 0.0)	(7, 0.0)	(8, 0.0)	(9, 0.0)	(10, 0.0)	(15, 0.02217141273470519)	(20, 0.005542853183676298)	(25, 0.0)	(30, 0.0)	(35, 0.006235709831635835)	(40, 0.00484999653571676)	(45, 0.00969999307143352)	(50, 0.0)	(55, 0.0041571398877572234)	(60, 0.0013857132959190744)	(65, 0.009007136423473984)	(70, 0.0013857132959190744)	(75, 0.0013857132959190744)	(80, 0.013164276311231207)	(85, 0.0)	(90, 0.003464283239797686)	(95, 0.00969999307143352)	(100, 0.0)	(105, 0.007621687164385935)	(110, 0.010393209769617183)	(115, 0.016629135631387494)	(120, 0.0)	(125, 0.011779297538126815)	(130, 0.024944567627494457)	(135, 0.0)	(140, 0.018015521064301553)	(145, 0.019401330376940133)	(150, 0.0027716186252771616)	(155, 0.028409484610374316)	(160, 0.006236357966947302)	(165, 0.0027717146519765793)	(170, 0.011086858607906317)	(175, 0.009008072618923882)	(180, 0.0)	(185, 0.0013858573259882896)	(190, 0.020098412918428166)	(195, 0.009009820704567979)	(200, 0.006237654641854663)	(205, 0.02495061856741865)	(210, 0.004851610041446612)	(215, 0.0006930967563071805)	(220, 0.0)	(225, 0.0020792902689215414)	(230, 0.0006930967563071805)	(235, 0.0)	(240, 0.001386193512614361)	(245, 0.004851677294150264)	(250, 0.0027725791917931654)	(255, 0.0013863376425328389)	(260, 0.004159012927598516)	(265, 0.0027726752850656777)	(270, 0.010397532318996292)	(275, 0.01594288288912765)	(280, 0.003465844106332097)	(285, 0.02426090874432468)	(290, 0.019409130609585337)	(295, 0.0)	(300, 0.0)
727B0_S163_L001_R1_001	(1, 0.0029391018104867155)	(2, 0.0029391018104867155)	(3, 0.014695509052433577)	(4, 0.005878203620973431)	(5, 0.0029391018104867155)	(6, 0.0029391018104867155)	(7, 0.0029391018104867155)	(8, 0.0029391018104867155)	(9, 0.0029391018104867155)	(10, 0.0029391018104867155)	(15, 0.0029391018104867155)	(20, 0.0029391018104867155)	(25, 0.0029391018104867155)	(30, 0.005878203620973431)	(35, 0.005878341837334525)	(40, 0.0)	(45, 0.002939188196220204)	(50, 0.0011756752784880817)	(55, 0.0017635336511612869)	(60, 0.0035271709737343332)	(65, 0.0023514887863378504)	(70, 0.0035272746512407184)	(75, 0.007642563198118753)	(80, 0.0011757789535567313)	(85, 0.0)	(90, 0.0)	(95, 0.0029395337899409154)	(100, 0.009994414885799113)	(105, 0.007054881095858197)	(110, 0.0)	(115, 0.004115347305917282)	(120, 0.005291160821893647)	(125, 0.005879067579881831)	(130, 0.002351627031952732)	(135, 0.002351627031952732)	(140, 0.004703254063905464)	(145, 0.0)	(150, 0.0)	(155, 0.002351627031952732)	(160, 0.004115347305917282)	(165, 0.0)	(170, 0.004115347305917282)	(175, 0.011170228401775478)	(180, 0.008818601369822746)	(185, 0.0)	(190, 0.008231420507996237)	(195, 0.012347130761994356)	(200, 0.0)	(205, 0.0)	(210, 0.0)	(215, 0.0)	(220, 0.0)	(225, 0.015874882408278456)	(230, 0.004703668861712135)	(235, 0.0005879586077140169)	(240, 0.0)	(245, 0.00940733772342427)	(250, 0.03762935089369708)	(255, 0.0005879586077140169)	(260, 0.0)	(265, 0.0005879586077140169)	(270, 0.006467544684854187)	(275, 0.0011759172154280338)	(280, 0.0)	(285, 0.0)	(290, 0.0)	(295, 0.0029407267123851646)	(300, 0.0015363107034766712)
727B0_S163_L001_R2_001	(1, 0.014695509052433577)	(2, 0.0029391018104867155)	(3, 0.0029391018104867155)	(4, 0.0029391018104867155)	(5, 0.0029391018104867155)	(6, 0.0029391018104867155)	(7, 0.0029391018104867155)	(8, 0.0029391018104867155)	(9, 0.0029391018104867155)	(10, 0.0029391018104867155)	(15, 0.012932047966141547)	(20, 0.006466023983070774)	(25, 0.0029391018104867155)	(30, 0.0029391018104867155)	(35, 0.003527005102400715)	(40, 0.0023513505569761634)	(45, 0.007054051670928489)	(50, 0.0)	(55, 0.004702756403096765)	(60, 0.002939309144778611)	(65, 0.0064665941624290875)	(70, 0.0011757582170802397)	(75, 0.0011757789535567313)	(80, 0.00823045267489712)	(85, 0.0)	(90, 0.007054881095858197)	(95, 0.0064669743378700136)	(100, 0.0)	(105, 0.0064669743378700136)	(110, 0.008230694611834564)	(115, 0.011758135159763662)	(120, 0.0)	(125, 0.00764278785384638)	(130, 0.012933948675740027)	(135, 0.0)	(140, 0.012346041917751845)	(145, 0.009406508127810928)	(150, 0.0017637202739645493)	(155, 0.022340456803550957)	(160, 0.004703254063905464)	(165, 0.0017637202739645493)	(170, 0.009994414885799113)	(175, 0.00764278785384638)	(180, 0.0)	(185, 0.0)	(190, 0.016462841015992474)	(195, 0.006467544684854187)	(200, 0.004115710253998118)	(205, 0.022342427093132642)	(210, 0.004703668861712135)	(215, 0.0011759172154280338)	(220, 0.0005879586077140169)	(225, 0.0017638758231420506)	(230, 0.0005879586077140169)	(235, 0.0023518344308560675)	(240, 0.0005879586077140169)	(245, 0.004115710253998118)	(250, 0.0035277516462841013)	(255, 0.0023518344308560675)	(260, 0.004703668861712135)	(265, 0.0023518344308560675)	(270, 0.004115710253998118)	(275, 0.014698965192850423)	(280, 0.004115710253998118)	(285, 0.018226716839134526)	(290, 0.01705079962370649)	(295, 0.0)	(300, 0.0)
727B14_S164_L001_R1_001	(1, 0.0)	(2, 0.0)	(3, 0.04096202235356077)	(4, 0.0)	(5, 0.0)	(6, 0.0)	(7, 0.0)	(8, 0.0)	(9, 0.0)	(10, 0.0)	(15, 0.0)	(20, 0.0)	(25, 0.0)	(30, 0.004096202235356078)	(35, 0.00585171747908011)	(40, 0.0)	(45, 0.0035110304874480663)	(50, 0.004096202235356078)	(55, 0.0023406869916320436)	(60, 0.008192404470712155)	(65, 0.002340796573073817)	(70, 0.0052668539325842695)	(75, 0.009363295880149813)	(80, 0.0011704119850187266)	(85, 0.0)	(90, 0.0)	(95, 0.0046816479400749065)	(100, 0.012874531835205993)	(105, 0.007607677902621722)	(110, 0.0)	(115, 0.006437265917602996)	(120, 0.007607677902621722)	(125, 0.008192883895131087)	(130, 0.006437265917602996)	(135, 0.0040964419475655435)	(140, 0.00351123595505618)	(145, 0.0)	(150, 0.0)	(155, 0.0052668539325842695)	(160, 0.005852059925093633)	(165, 0.0)	(170, 0.0046816479400749065)	(175, 0.026334269662921347)	(180, 0.01814138576779026)	(185, 0.0)	(190, 0.019315754046065146)	(195, 0.02809564224882203)	(200, 0.0)	(205, 0.0)	(210, 0.0)	(215, 0.0)	(220, 0.0)	(225, 0.03453422693084375)	(230, 0.007023910562205507)	(235, 0.0005853258801837923)	(240, 0.0)	(245, 0.020486405806432732)	(250, 0.06087852392994287)	(255, 0.001170788818966779)	(260, 0.0)	(265, 0.0017561832284501682)	(270, 0.016391043465534903)	(275, 0.002341577637933558)	(280, 0.0)	(285, 0.0)	(290, 0.0)	(295, 0.0005856172405715624)	(300, 0.0)
727B14_S164_L001_R2_001	(1, 0.02340686991632044)	(2, 0.0)	(3, 0.0)	(4, 0.0)	(5, 0.0)	(6, 0.0)	(7, 0.0)	(8, 0.0)	(9, 0.0)	(10, 0.0)	(15, 0.021651354672596407)	(20, 0.0064368892269881205)	(25, 0.0)	(30, 0.0)	(35, 0.0064368892269881205)	(40, 0.0035110304874480663)	(45, 0.013458950201884251)	(50, 0.0)	(55, 0.004681373983264087)	(60, 0.004096202235356078)	(65, 0.010533584578832177)	(70, 0.0011704119850187266)	(75, 0.0011704119850187266)	(80, 0.016970973782771535)	(85, 0.0)	(90, 0.009363295880149813)	(95, 0.01580056179775281)	(100, 0.0)	(105, 0.009948501872659176)	(110, 0.011704119850187267)	(115, 0.021067415730337078)	(120, 0.0)	(125, 0.019311797752808987)	(130, 0.027504681647940073)	(135, 0.0)	(140, 0.0175561797752809)	(145, 0.021067415730337078)	(150, 0.0040964419475655435)	(155, 0.040964419475655434)	(160, 0.009363295880149813)	(165, 0.0029260299625468167)	(170, 0.01580056179775281)	(175, 0.015215355805243445)	(180, 0.0)	(185, 0.002926047085949707)	(190, 0.03745976002341235)	(195, 0.012876792508047994)	(200, 0.008194322505121452)	(205, 0.04097161252560726)	(210, 0.00877963125548727)	(215, 0.000585308750365818)	(220, 0.000585308750365818)	(225, 0.001170617500731636)	(230, 0.000585308750365818)	(235, 0.0)	(240, 0.001755926251097454)	(245, 0.008194322505121452)	(250, 0.00292666366195864)	(255, 0.005853430110044486)	(260, 0.009365488176071178)	(265, 0.005268087099040037)	(270, 0.013462889253102319)	(275, 0.02575509248419574)	(280, 0.005268087099040037)	(285, 0.030437836572231328)	(290, 0.03804796384858081)	(295, 0.0)	(300, 0.0)
