Sample	0	1	2	3	4	5	6	7	8	9	10	11	12	13	14	15	16	17	18	19	20	21	22	23	24	25	26	27	28	29	30	31	32	33	34	35	36	37	38	39	40	41	42	43	44	45	46	47	48	49	50
504A0_S1_L001_R1_001	(30, 4.0)	(40, 1.0)	(50, 2.0)	(60, 1.0)	(70, 0.0)	(80, 0.0)	(90, 0.0)	(100, 0.0)	(110, 0.0)	(120, 1.0)	(130, 0.0)	(140, 0.0)	(150, 0.0)	(160, 0.0)	(170, 1.0)	(180, 0.0)	(190, 0.0)	(200, 0.0)	(210, 0.0)	(220, 1.0)	(230, 0.0)	(240, 0.0)	(250, 0.0)	(260, 0.0)	(270, 0.0)	(280, 0.0)	(290, 2196.0)	(300, 43448.0)																							
504A0_S1_L001_R2_001	(30, 4.0)	(40, 1.0)	(50, 2.0)	(60, 1.0)	(70, 0.0)	(80, 0.0)	(90, 0.0)	(100, 0.0)	(110, 0.0)	(120, 1.0)	(130, 0.0)	(140, 0.0)	(150, 0.0)	(160, 0.0)	(170, 1.0)	(180, 0.0)	(190, 0.0)	(200, 0.0)	(210, 0.0)	(220, 2.0)	(230, 0.0)	(240, 0.0)	(250, 0.0)	(260, 0.0)	(270, 0.0)	(280, 0.0)	(290, 1354.0)	(300, 44289.0)																							
504A14_S2_L001_R1_001	(30, 1.0)	(40, 3.0)	(50, 0.0)	(60, 0.0)	(70, 0.0)	(80, 1.0)	(90, 0.0)	(100, 1.0)	(110, 0.0)	(120, 0.0)	(130, 0.0)	(140, 0.0)	(150, 0.0)	(160, 0.0)	(170, 0.0)	(180, 0.0)	(190, 0.0)	(200, 0.0)	(210, 1.0)	(220, 0.0)	(230, 0.0)	(240, 0.0)	(250, 0.0)	(260, 1.0)	(270, 0.0)	(280, 0.0)	(290, 2386.0)	(300, 35936.0)																							
504A14_S2_L001_R2_001	(30, 1.0)	(40, 3.0)	(50, 0.0)	(60, 0.0)	(70, 0.0)	(80, 1.0)	(90, 0.0)	(100, 1.0)	(110, 0.0)	(120, 0.0)	(130, 0.0)	(140, 0.0)	(150, 0.0)	(160, 0.0)	(170, 0.0)	(180, 0.0)	(190, 0.0)	(200, 0.0)	(210, 1.0)	(220, 0.0)	(230, 0.0)	(240, 0.0)	(250, 0.0)	(260, 0.0)	(270, 0.0)	(280, 0.0)	(290, 1481.0)	(300, 36842.0)																							
504B0_S3_L001_R1_001	(30, 1.0)	(40, 0.0)	(50, 0.0)	(60, 1.0)	(70, 0.0)	(80, 0.0)	(90, 0.0)	(100, 0.0)	(110, 0.0)	(120, 0.0)	(130, 0.0)	(140, 0.0)	(150, 0.0)	(160, 0.0)	(170, 0.0)	(180, 1.0)	(190, 1.0)	(200, 0.0)	(210, 0.0)	(220, 0.0)	(230, 0.0)	(240, 0.0)	(250, 0.0)	(260, 0.0)	(270, 0.0)	(280, 0.0)	(290, 1606.0)	(300, 37209.0)																							
504B0_S3_L001_R2_001	(30, 1.0)	(40, 0.0)	(50, 0.0)	(60, 1.0)	(70, 0.0)	(80, 0.0)	(90, 0.0)	(100, 0.0)	(110, 0.0)	(120, 0.0)	(130, 0.0)	(140, 0.0)	(150, 0.0)	(160, 0.0)	(170, 0.0)	(180, 1.0)	(190, 1.0)	(200, 0.0)	(210, 0.0)	(220, 1.0)	(230, 0.0)	(240, 0.0)	(250, 0.0)	(260, 0.0)	(270, 0.0)	(280, 0.0)	(290, 1082.0)	(300, 37732.0)																							
504B14_S4_L001_R1_001	(40, 1.0)	(50, 0.0)	(60, 3.0)	(70, 0.0)	(80, 0.0)	(90, 0.0)	(100, 0.0)	(110, 0.0)	(120, 0.0)	(130, 0.0)	(140, 0.0)	(150, 0.0)	(160, 0.0)	(170, 0.0)	(180, 2.0)	(190, 0.0)	(200, 0.0)	(210, 0.0)	(220, 1.0)	(230, 0.0)	(240, 0.0)	(250, 0.0)	(260, 0.0)	(270, 0.0)	(280, 0.0)	(290, 1621.0)	(300, 26334.0)																								
504B14_S4_L001_R2_001	(40, 1.0)	(50, 0.0)	(60, 3.0)	(70, 0.0)	(80, 0.0)	(90, 0.0)	(100, 0.0)	(110, 0.0)	(120, 0.0)	(130, 0.0)	(140, 0.0)	(150, 0.0)	(160, 0.0)	(170, 0.0)	(180, 2.0)	(190, 0.0)	(200, 0.0)	(210, 0.0)	(220, 1.0)	(230, 0.0)	(240, 0.0)	(250, 0.0)	(260, 0.0)	(270, 0.0)	(280, 0.0)	(290, 481.0)	(300, 27474.0)																								
508A0_S9_L001_R1_001	(30, 2.0)	(40, 2.0)	(50, 2.0)	(60, 1.0)	(70, 1.0)	(80, 0.0)	(90, 1.0)	(100, 1.0)	(110, 2.0)	(120, 0.0)	(130, 0.0)	(140, 0.0)	(150, 0.0)	(160, 0.0)	(170, 0.0)	(180, 0.0)	(190, 0.0)	(200, 0.0)	(210, 0.0)	(220, 0.0)	(230, 1.0)	(240, 1.0)	(250, 0.0)	(260, 0.0)	(270, 0.0)	(280, 0.0)	(290, 953.0)	(300, 37422.0)																							
508A0_S9_L001_R2_001	(30, 2.0)	(40, 2.0)	(50, 2.0)	(60, 1.0)	(70, 1.0)	(80, 0.0)	(90, 1.0)	(100, 1.0)	(110, 2.0)	(120, 0.0)	(130, 0.0)	(140, 0.0)	(150, 0.0)	(160, 0.0)	(170, 0.0)	(180, 0.0)	(190, 0.0)	(200, 0.0)	(210, 0.0)	(220, 0.0)	(230, 1.0)	(240, 1.0)	(250, 0.0)	(260, 0.0)	(270, 0.0)	(280, 0.0)	(290, 1037.0)	(300, 37338.0)																							
508A14_S10_L001_R1_001	(30, 1.0)	(40, 1.0)	(50, 0.0)	(60, 1.0)	(70, 0.0)	(80, 2.0)	(90, 0.0)	(100, 0.0)	(110, 0.0)	(120, 0.0)	(130, 0.0)	(140, 0.0)	(150, 0.0)	(160, 0.0)	(170, 0.0)	(180, 0.0)	(190, 0.0)	(200, 0.0)	(210, 0.0)	(220, 0.0)	(230, 0.0)	(240, 0.0)	(250, 0.0)	(260, 0.0)	(270, 0.0)	(280, 0.0)	(290, 899.0)	(300, 36564.0)																							
508A14_S10_L001_R2_001	(30, 2.0)	(40, 1.0)	(50, 0.0)	(60, 1.0)	(70, 0.0)	(80, 2.0)	(90, 0.0)	(100, 0.0)	(110, 0.0)	(120, 0.0)	(130, 0.0)	(140, 0.0)	(150, 0.0)	(160, 0.0)	(170, 0.0)	(180, 0.0)	(190, 0.0)	(200, 0.0)	(210, 0.0)	(220, 0.0)	(230, 0.0)	(240, 0.0)	(250, 0.0)	(260, 0.0)	(270, 0.0)	(280, 0.0)	(290, 1025.0)	(300, 36437.0)																							
508B0_S11_L001_R1_001	(30, 2.0)	(40, 2.0)	(50, 0.0)	(60, 1.0)	(70, 0.0)	(80, 0.0)	(90, 0.0)	(100, 0.0)	(110, 0.0)	(120, 0.0)	(130, 0.0)	(140, 0.0)	(150, 0.0)	(160, 0.0)	(170, 2.0)	(180, 0.0)	(190, 0.0)	(200, 0.0)	(210, 0.0)	(220, 0.0)	(230, 0.0)	(240, 0.0)	(250, 0.0)	(260, 0.0)	(270, 0.0)	(280, 0.0)	(290, 838.0)	(300, 25451.0)																							
508B0_S11_L001_R2_001	(30, 2.0)	(40, 2.0)	(50, 0.0)	(60, 1.0)	(70, 0.0)	(80, 0.0)	(90, 0.0)	(100, 0.0)	(110, 0.0)	(120, 0.0)	(130, 0.0)	(140, 0.0)	(150, 0.0)	(160, 0.0)	(170, 2.0)	(180, 0.0)	(190, 0.0)	(200, 0.0)	(210, 0.0)	(220, 0.0)	(230, 0.0)	(240, 0.0)	(250, 0.0)	(260, 0.0)	(270, 0.0)	(280, 0.0)	(290, 697.0)	(300, 25592.0)																							
508B14_S12_L001_R1_001	(30, 1.0)	(40, 1.0)	(50, 0.0)	(60, 0.0)	(70, 0.0)	(80, 1.0)	(90, 0.0)	(100, 0.0)	(110, 0.0)	(120, 0.0)	(130, 0.0)	(140, 0.0)	(150, 0.0)	(160, 0.0)	(170, 0.0)	(180, 0.0)	(190, 0.0)	(200, 0.0)	(210, 0.0)	(220, 0.0)	(230, 0.0)	(240, 0.0)	(250, 0.0)	(260, 0.0)	(270, 0.0)	(280, 0.0)	(290, 790.0)	(300, 25440.0)																							
508B14_S12_L001_R2_001	(30, 1.0)	(40, 1.0)	(50, 0.0)	(60, 0.0)	(70, 0.0)	(80, 1.0)	(90, 0.0)	(100, 0.0)	(110, 0.0)	(120, 0.0)	(130, 0.0)	(140, 0.0)	(150, 0.0)	(160, 0.0)	(170, 0.0)	(180, 0.0)	(190, 0.0)	(200, 0.0)	(210, 0.0)	(220, 0.0)	(230, 0.0)	(240, 0.0)	(250, 0.0)	(260, 0.0)	(270, 0.0)	(280, 0.0)	(290, 756.0)	(300, 25474.0)																							
519A0_S33_L001_R1_001	(55, 2.0)	(60, 0.0)	(65, 1.0)	(70, 0.0)	(75, 1.0)	(80, 0.0)	(85, 0.0)	(90, 0.0)	(95, 1.0)	(100, 0.0)	(105, 0.0)	(110, 0.0)	(115, 0.0)	(120, 0.0)	(125, 0.0)	(130, 0.0)	(135, 0.0)	(140, 0.0)	(145, 0.0)	(150, 0.0)	(155, 0.0)	(160, 0.0)	(165, 0.0)	(170, 0.0)	(175, 0.0)	(180, 0.0)	(185, 0.0)	(190, 0.0)	(195, 0.0)	(200, 0.0)	(205, 0.0)	(210, 0.0)	(215, 1.0)	(220, 0.0)	(225, 0.0)	(230, 0.0)	(235, 0.0)	(240, 0.0)	(245, 0.0)	(250, 0.0)	(255, 0.0)	(260, 0.0)	(265, 0.0)	(270, 0.0)	(275, 0.0)	(280, 0.0)	(285, 0.0)	(290, 0.0)	(295, 501.0)	(300, 25851.0)	
519A0_S33_L001_R2_001	(30, 1.0)	(40, 0.0)	(50, 2.0)	(60, 1.0)	(70, 1.0)	(80, 0.0)	(90, 0.0)	(100, 0.0)	(110, 0.0)	(120, 0.0)	(130, 0.0)	(140, 0.0)	(150, 0.0)	(160, 0.0)	(170, 0.0)	(180, 0.0)	(190, 0.0)	(200, 0.0)	(210, 0.0)	(220, 0.0)	(230, 0.0)	(240, 0.0)	(250, 0.0)	(260, 0.0)	(270, 0.0)	(280, 0.0)	(290, 489.0)	(300, 25864.0)																							
519A14_S34_L001_R1_001	(30, 1.0)	(40, 1.0)	(50, 1.0)	(60, 0.0)	(70, 0.0)	(80, 0.0)	(90, 0.0)	(100, 0.0)	(110, 0.0)	(120, 0.0)	(130, 0.0)	(140, 0.0)	(150, 0.0)	(160, 0.0)	(170, 0.0)	(180, 0.0)	(190, 0.0)	(200, 0.0)	(210, 1.0)	(220, 0.0)	(230, 0.0)	(240, 0.0)	(250, 1.0)	(260, 0.0)	(270, 0.0)	(280, 0.0)	(290, 397.0)	(300, 32655.0)																							
519A14_S34_L001_R2_001	(30, 1.0)	(40, 1.0)	(50, 1.0)	(60, 0.0)	(70, 0.0)	(80, 0.0)	(90, 0.0)	(100, 0.0)	(110, 0.0)	(120, 0.0)	(130, 0.0)	(140, 0.0)	(150, 0.0)	(160, 0.0)	(170, 0.0)	(180, 0.0)	(190, 0.0)	(200, 0.0)	(210, 1.0)	(220, 0.0)	(230, 0.0)	(240, 0.0)	(250, 1.0)	(260, 0.0)	(270, 0.0)	(280, 0.0)	(290, 544.0)	(300, 32508.0)																							
519B0_S35_L001_R1_001	(30, 1.0)	(40, 1.0)	(50, 4.0)	(60, 1.0)	(70, 1.0)	(80, 1.0)	(90, 3.0)	(100, 0.0)	(110, 0.0)	(120, 0.0)	(130, 1.0)	(140, 0.0)	(150, 1.0)	(160, 0.0)	(170, 0.0)	(180, 0.0)	(190, 0.0)	(200, 1.0)	(210, 0.0)	(220, 0.0)	(230, 0.0)	(240, 0.0)	(250, 0.0)	(260, 0.0)	(270, 0.0)	(280, 0.0)	(290, 589.0)	(300, 24771.0)																							
519B0_S35_L001_R2_001	(30, 1.0)	(40, 1.0)	(50, 4.0)	(60, 1.0)	(70, 1.0)	(80, 1.0)	(90, 3.0)	(100, 0.0)	(110, 1.0)	(120, 0.0)	(130, 1.0)	(140, 0.0)	(150, 0.0)	(160, 0.0)	(170, 0.0)	(180, 0.0)	(190, 0.0)	(200, 1.0)	(210, 0.0)	(220, 0.0)	(230, 0.0)	(240, 0.0)	(250, 0.0)	(260, 0.0)	(270, 0.0)	(280, 0.0)	(290, 425.0)	(300, 24935.0)																							
519B14_S36_L001_R1_001	(30, 3.0)	(40, 1.0)	(50, 2.0)	(60, 2.0)	(70, 0.0)	(80, 0.0)	(90, 0.0)	(100, 0.0)	(110, 0.0)	(120, 0.0)	(130, 0.0)	(140, 0.0)	(150, 0.0)	(160, 0.0)	(170, 0.0)	(180, 0.0)	(190, 0.0)	(200, 0.0)	(210, 0.0)	(220, 1.0)	(230, 0.0)	(240, 0.0)	(250, 1.0)	(260, 0.0)	(270, 0.0)	(280, 0.0)	(290, 341.0)	(300, 29737.0)																							
519B14_S36_L001_R2_001	(30, 3.0)	(40, 2.0)	(50, 2.0)	(60, 2.0)	(70, 0.0)	(80, 0.0)	(90, 0.0)	(100, 0.0)	(110, 0.0)	(120, 0.0)	(130, 1.0)	(140, 0.0)	(150, 0.0)	(160, 0.0)	(170, 0.0)	(180, 0.0)	(190, 0.0)	(200, 0.0)	(210, 0.0)	(220, 1.0)	(230, 0.0)	(240, 0.0)	(250, 0.0)	(260, 0.0)	(270, 0.0)	(280, 0.0)	(290, 666.0)	(300, 29411.0)																							
521A0_S25_L001_R1_001	(85, 1.0)	(90, 0.0)	(95, 0.0)	(100, 1.0)	(105, 0.0)	(110, 0.0)	(115, 0.0)	(120, 0.0)	(125, 0.0)	(130, 0.0)	(135, 0.0)	(140, 0.0)	(145, 0.0)	(150, 0.0)	(155, 0.0)	(160, 0.0)	(165, 0.0)	(170, 0.0)	(175, 0.0)	(180, 0.0)	(185, 0.0)	(190, 0.0)	(195, 1.0)	(200, 0.0)	(205, 0.0)	(210, 0.0)	(215, 1.0)	(220, 0.0)	(225, 0.0)	(230, 0.0)	(235, 0.0)	(240, 0.0)	(245, 0.0)	(250, 0.0)	(255, 0.0)	(260, 0.0)	(265, 0.0)	(270, 0.0)	(275, 0.0)	(280, 0.0)	(285, 0.0)	(290, 0.0)	(295, 163.0)	(300, 27346.0)							
521A0_S25_L001_R2_001	(85, 1.0)	(90, 0.0)	(95, 0.0)	(100, 1.0)	(105, 0.0)	(110, 0.0)	(115, 0.0)	(120, 0.0)	(125, 0.0)	(130, 0.0)	(135, 0.0)	(140, 0.0)	(145, 0.0)	(150, 0.0)	(155, 0.0)	(160, 0.0)	(165, 0.0)	(170, 0.0)	(175, 0.0)	(180, 0.0)	(185, 0.0)	(190, 0.0)	(195, 2.0)	(200, 0.0)	(205, 0.0)	(210, 0.0)	(215, 1.0)	(220, 0.0)	(225, 0.0)	(230, 0.0)	(235, 0.0)	(240, 0.0)	(245, 0.0)	(250, 0.0)	(255, 0.0)	(260, 0.0)	(265, 0.0)	(270, 0.0)	(275, 0.0)	(280, 0.0)	(285, 0.0)	(290, 5.0)	(295, 682.0)	(300, 26821.0)							
521A14_S26_L001_R1_001	(30, 2.0)	(40, 1.0)	(50, 0.0)	(60, 0.0)	(70, 0.0)	(80, 0.0)	(90, 0.0)	(100, 2.0)	(110, 0.0)	(120, 0.0)	(130, 0.0)	(140, 0.0)	(150, 0.0)	(160, 0.0)	(170, 0.0)	(180, 0.0)	(190, 1.0)	(200, 0.0)	(210, 0.0)	(220, 0.0)	(230, 0.0)	(240, 0.0)	(250, 0.0)	(260, 0.0)	(270, 0.0)	(280, 0.0)	(290, 310.0)	(300, 27898.0)																							
521A14_S26_L001_R2_001	(30, 2.0)	(40, 1.0)	(50, 0.0)	(60, 0.0)	(70, 0.0)	(80, 0.0)	(90, 0.0)	(100, 2.0)	(110, 0.0)	(120, 0.0)	(130, 0.0)	(140, 0.0)	(150, 0.0)	(160, 0.0)	(170, 0.0)	(180, 0.0)	(190, 1.0)	(200, 0.0)	(210, 0.0)	(220, 0.0)	(230, 0.0)	(240, 0.0)	(250, 0.0)	(260, 0.0)	(270, 0.0)	(280, 0.0)	(290, 787.0)	(300, 27421.0)																							
521B0_S27_L001_R1_001	(40, 1.0)	(50, 0.0)	(60, 2.0)	(70, 0.0)	(80, 0.0)	(90, 1.0)	(100, 0.0)	(110, 0.0)	(120, 0.0)	(130, 0.0)	(140, 0.0)	(150, 0.0)	(160, 0.0)	(170, 0.0)	(180, 0.0)	(190, 0.0)	(200, 0.0)	(210, 1.0)	(220, 0.0)	(230, 0.0)	(240, 0.0)	(250, 0.0)	(260, 0.0)	(270, 0.0)	(280, 0.0)	(290, 291.0)	(300, 29738.0)																								
521B0_S27_L001_R2_001	(40, 1.0)	(50, 0.0)	(60, 2.0)	(70, 0.0)	(80, 0.0)	(90, 1.0)	(100, 0.0)	(110, 0.0)	(120, 0.0)	(130, 0.0)	(140, 0.0)	(150, 0.0)	(160, 0.0)	(170, 0.0)	(180, 0.0)	(190, 0.0)	(200, 0.0)	(210, 0.0)	(220, 0.0)	(230, 0.0)	(240, 0.0)	(250, 0.0)	(260, 0.0)	(270, 0.0)	(280, 0.0)	(290, 673.0)	(300, 29357.0)																								
521B14_S28_L001_R1_001	(30, 1.0)	(40, 2.0)	(50, 0.0)	(60, 0.0)	(70, 0.0)	(80, 0.0)	(90, 1.0)	(100, 2.0)	(110, 1.0)	(120, 0.0)	(130, 0.0)	(140, 0.0)	(150, 0.0)	(160, 0.0)	(170, 0.0)	(180, 0.0)	(190, 3.0)	(200, 0.0)	(210, 0.0)	(220, 0.0)	(230, 0.0)	(240, 0.0)	(250, 1.0)	(260, 0.0)	(270, 0.0)	(280, 0.0)	(290, 238.0)	(300, 29567.0)																							
521B14_S28_L001_R2_001	(30, 1.0)	(40, 2.0)	(50, 0.0)	(60, 0.0)	(70, 0.0)	(80, 0.0)	(90, 1.0)	(100, 2.0)	(110, 1.0)	(120, 0.0)	(130, 0.0)	(140, 0.0)	(150, 0.0)	(160, 0.0)	(170, 0.0)	(180, 0.0)	(190, 3.0)	(200, 0.0)	(210, 0.0)	(220, 0.0)	(230, 0.0)	(240, 0.0)	(250, 1.0)	(260, 0.0)	(270, 0.0)	(280, 0.0)	(290, 764.0)	(300, 29041.0)																							
523A0_S17_L001_R1_001	(30, 1.0)	(40, 0.0)	(50, 1.0)	(60, 1.0)	(70, 0.0)	(80, 0.0)	(90, 1.0)	(100, 0.0)	(110, 0.0)	(120, 0.0)	(130, 0.0)	(140, 0.0)	(150, 0.0)	(160, 0.0)	(170, 0.0)	(180, 0.0)	(190, 0.0)	(200, 1.0)	(210, 0.0)	(220, 0.0)	(230, 0.0)	(240, 0.0)	(250, 0.0)	(260, 0.0)	(270, 0.0)	(280, 0.0)	(290, 375.0)	(300, 25157.0)																							
523A0_S17_L001_R2_001	(30, 1.0)	(40, 0.0)	(50, 1.0)	(60, 1.0)	(70, 0.0)	(80, 0.0)	(90, 1.0)	(100, 0.0)	(110, 0.0)	(120, 0.0)	(130, 0.0)	(140, 0.0)	(150, 0.0)	(160, 0.0)	(170, 0.0)	(180, 0.0)	(190, 0.0)	(200, 1.0)	(210, 0.0)	(220, 0.0)	(230, 0.0)	(240, 0.0)	(250, 0.0)	(260, 0.0)	(270, 0.0)	(280, 0.0)	(290, 527.0)	(300, 25005.0)																							
523A14_S18_L001_R1_001	(30, 4.0)	(40, 3.0)	(50, 0.0)	(60, 0.0)	(70, 0.0)	(80, 0.0)	(90, 0.0)	(100, 0.0)	(110, 0.0)	(120, 1.0)	(130, 0.0)	(140, 0.0)	(150, 0.0)	(160, 0.0)	(170, 0.0)	(180, 0.0)	(190, 0.0)	(200, 0.0)	(210, 0.0)	(220, 0.0)	(230, 0.0)	(240, 0.0)	(250, 0.0)	(260, 0.0)	(270, 0.0)	(280, 0.0)	(290, 553.0)	(300, 22999.0)																							
523A14_S18_L001_R2_001	(30, 4.0)	(40, 3.0)	(50, 0.0)	(60, 0.0)	(70, 0.0)	(80, 1.0)	(90, 0.0)	(100, 0.0)	(110, 0.0)	(120, 1.0)	(130, 0.0)	(140, 0.0)	(150, 0.0)	(160, 0.0)	(170, 0.0)	(180, 0.0)	(190, 0.0)	(200, 0.0)	(210, 0.0)	(220, 0.0)	(230, 0.0)	(240, 0.0)	(250, 0.0)	(260, 0.0)	(270, 0.0)	(280, 0.0)	(290, 699.0)	(300, 22852.0)																							
523B0_S19_L001_R1_001	(30, 3.0)	(40, 0.0)	(50, 0.0)	(60, 0.0)	(70, 0.0)	(80, 0.0)	(90, 0.0)	(100, 0.0)	(110, 0.0)	(120, 0.0)	(130, 0.0)	(140, 0.0)	(150, 0.0)	(160, 0.0)	(170, 0.0)	(180, 0.0)	(190, 0.0)	(200, 1.0)	(210, 0.0)	(220, 0.0)	(230, 0.0)	(240, 0.0)	(250, 0.0)	(260, 0.0)	(270, 0.0)	(280, 0.0)	(290, 700.0)	(300, 21073.0)																							
523B0_S19_L001_R2_001	(30, 3.0)	(40, 0.0)	(50, 0.0)	(60, 0.0)	(70, 0.0)	(80, 0.0)	(90, 0.0)	(100, 0.0)	(110, 0.0)	(120, 0.0)	(130, 0.0)	(140, 0.0)	(150, 0.0)	(160, 0.0)	(170, 0.0)	(180, 0.0)	(190, 0.0)	(200, 1.0)	(210, 0.0)	(220, 0.0)	(230, 0.0)	(240, 0.0)	(250, 0.0)	(260, 0.0)	(270, 0.0)	(280, 0.0)	(290, 669.0)	(300, 21104.0)																							
523B14_S20_L001_R1_001	(30, 2.0)	(40, 0.0)	(50, 1.0)	(60, 0.0)	(70, 1.0)	(80, 0.0)	(90, 1.0)	(100, 0.0)	(110, 0.0)	(120, 1.0)	(130, 0.0)	(140, 0.0)	(150, 0.0)	(160, 0.0)	(170, 0.0)	(180, 0.0)	(190, 0.0)	(200, 0.0)	(210, 0.0)	(220, 0.0)	(230, 0.0)	(240, 0.0)	(250, 3.0)	(260, 0.0)	(270, 0.0)	(280, 0.0)	(290, 197.0)	(300, 20580.0)																							
523B14_S20_L001_R2_001	(30, 2.0)	(40, 0.0)	(50, 1.0)	(60, 1.0)	(70, 1.0)	(80, 0.0)	(90, 1.0)	(100, 0.0)	(110, 0.0)	(120, 1.0)	(130, 0.0)	(140, 0.0)	(150, 0.0)	(160, 0.0)	(170, 0.0)	(180, 0.0)	(190, 0.0)	(200, 0.0)	(210, 0.0)	(220, 0.0)	(230, 0.0)	(240, 0.0)	(250, 2.0)	(260, 0.0)	(270, 0.0)	(280, 0.0)	(290, 839.0)	(300, 19938.0)																							
528A0_S53_L001_R1_001	(30, 3.0)	(40, 1.0)	(50, 1.0)	(60, 5.0)	(70, 1.0)	(80, 0.0)	(90, 1.0)	(100, 0.0)	(110, 0.0)	(120, 0.0)	(130, 0.0)	(140, 0.0)	(150, 0.0)	(160, 0.0)	(170, 0.0)	(180, 0.0)	(190, 0.0)	(200, 1.0)	(210, 1.0)	(220, 0.0)	(230, 0.0)	(240, 0.0)	(250, 0.0)	(260, 0.0)	(270, 0.0)	(280, 0.0)	(290, 1082.0)	(300, 22908.0)																							
528A0_S53_L001_R2_001	(30, 4.0)	(40, 1.0)	(50, 1.0)	(60, 5.0)	(70, 1.0)	(80, 0.0)	(90, 0.0)	(100, 0.0)	(110, 0.0)	(120, 0.0)	(130, 0.0)	(140, 0.0)	(150, 0.0)	(160, 0.0)	(170, 0.0)	(180, 0.0)	(190, 0.0)	(200, 0.0)	(210, 1.0)	(220, 0.0)	(230, 0.0)	(240, 0.0)	(250, 0.0)	(260, 0.0)	(270, 0.0)	(280, 0.0)	(290, 958.0)	(300, 23033.0)																							
528A14_S54_L001_R1_001	(30, 2.0)	(40, 4.0)	(50, 1.0)	(60, 4.0)	(70, 0.0)	(80, 0.0)	(90, 2.0)	(100, 0.0)	(110, 0.0)	(120, 0.0)	(130, 0.0)	(140, 0.0)	(150, 0.0)	(160, 0.0)	(170, 0.0)	(180, 0.0)	(190, 0.0)	(200, 0.0)	(210, 0.0)	(220, 1.0)	(230, 0.0)	(240, 0.0)	(250, 0.0)	(260, 0.0)	(270, 0.0)	(280, 0.0)	(290, 910.0)	(300, 24255.0)																							
528A14_S54_L001_R2_001	(30, 2.0)	(40, 4.0)	(50, 1.0)	(60, 4.0)	(70, 0.0)	(80, 0.0)	(90, 2.0)	(100, 0.0)	(110, 0.0)	(120, 0.0)	(130, 0.0)	(140, 0.0)	(150, 0.0)	(160, 0.0)	(170, 0.0)	(180, 0.0)	(190, 0.0)	(200, 0.0)	(210, 0.0)	(220, 1.0)	(230, 0.0)	(240, 0.0)	(250, 0.0)	(260, 0.0)	(270, 0.0)	(280, 0.0)	(290, 555.0)	(300, 24610.0)																							
528B0_S55_L001_R1_001	(30, 2.0)	(40, 1.0)	(50, 1.0)	(60, 0.0)	(70, 1.0)	(80, 0.0)	(90, 0.0)	(100, 0.0)	(110, 0.0)	(120, 1.0)	(130, 0.0)	(140, 0.0)	(150, 0.0)	(160, 0.0)	(170, 0.0)	(180, 0.0)	(190, 5.0)	(200, 0.0)	(210, 4.0)	(220, 0.0)	(230, 0.0)	(240, 0.0)	(250, 0.0)	(260, 0.0)	(270, 0.0)	(280, 0.0)	(290, 1234.0)	(300, 23031.0)																							
528B0_S55_L001_R2_001	(30, 2.0)	(40, 1.0)	(50, 1.0)	(60, 1.0)	(70, 1.0)	(80, 0.0)	(90, 0.0)	(100, 0.0)	(110, 0.0)	(120, 1.0)	(130, 0.0)	(140, 0.0)	(150, 0.0)	(160, 0.0)	(170, 0.0)	(180, 0.0)	(190, 5.0)	(200, 0.0)	(210, 3.0)	(220, 0.0)	(230, 0.0)	(240, 1.0)	(250, 0.0)	(260, 0.0)	(270, 0.0)	(280, 0.0)	(290, 1008.0)	(300, 23256.0)																							
528B14_S56_L001_R1_001	(30, 2.0)	(40, 3.0)	(50, 0.0)	(60, 3.0)	(70, 1.0)	(80, 0.0)	(90, 0.0)	(100, 0.0)	(110, 0.0)	(120, 0.0)	(130, 0.0)	(140, 0.0)	(150, 0.0)	(160, 0.0)	(170, 1.0)	(180, 0.0)	(190, 3.0)	(200, 0.0)	(210, 0.0)	(220, 0.0)	(230, 0.0)	(240, 0.0)	(250, 0.0)	(260, 0.0)	(270, 0.0)	(280, 0.0)	(290, 1046.0)	(300, 24705.0)																							
528B14_S56_L001_R2_001	(30, 2.0)	(40, 3.0)	(50, 0.0)	(60, 3.0)	(70, 1.0)	(80, 0.0)	(90, 0.0)	(100, 0.0)	(110, 0.0)	(120, 0.0)	(130, 0.0)	(140, 0.0)	(150, 0.0)	(160, 0.0)	(170, 1.0)	(180, 0.0)	(190, 3.0)	(200, 0.0)	(210, 0.0)	(220, 0.0)	(230, 0.0)	(240, 0.0)	(250, 0.0)	(260, 0.0)	(270, 0.0)	(280, 0.0)	(290, 813.0)	(300, 24938.0)																							
532A0_S45_L001_R1_001	(30, 1.0)	(40, 0.0)	(50, 2.0)	(60, 1.0)	(70, 0.0)	(80, 1.0)	(90, 0.0)	(100, 0.0)	(110, 0.0)	(120, 0.0)	(130, 0.0)	(140, 1.0)	(150, 1.0)	(160, 1.0)	(170, 0.0)	(180, 0.0)	(190, 0.0)	(200, 0.0)	(210, 0.0)	(220, 0.0)	(230, 0.0)	(240, 0.0)	(250, 0.0)	(260, 0.0)	(270, 0.0)	(280, 0.0)	(290, 1934.0)	(300, 35164.0)																							
532A0_S45_L001_R2_001	(30, 1.0)	(40, 0.0)	(50, 1.0)	(60, 1.0)	(70, 0.0)	(80, 1.0)	(90, 0.0)	(100, 0.0)	(110, 0.0)	(120, 0.0)	(130, 0.0)	(140, 1.0)	(150, 1.0)	(160, 0.0)	(170, 0.0)	(180, 0.0)	(190, 0.0)	(200, 0.0)	(210, 0.0)	(220, 0.0)	(230, 0.0)	(240, 0.0)	(250, 0.0)	(260, 0.0)	(270, 0.0)	(280, 0.0)	(290, 733.0)	(300, 36367.0)																							
532A14_S46_L001_R1_001	(30, 4.0)	(40, 1.0)	(50, 2.0)	(60, 2.0)	(70, 0.0)	(80, 0.0)	(90, 0.0)	(100, 1.0)	(110, 0.0)	(120, 0.0)	(130, 0.0)	(140, 0.0)	(150, 0.0)	(160, 0.0)	(170, 1.0)	(180, 1.0)	(190, 1.0)	(200, 0.0)	(210, 0.0)	(220, 0.0)	(230, 0.0)	(240, 0.0)	(250, 0.0)	(260, 0.0)	(270, 0.0)	(280, 0.0)	(290, 3907.0)	(300, 41333.0)																							
532A14_S46_L001_R2_001	(30, 4.0)	(40, 1.0)	(50, 2.0)	(60, 2.0)	(70, 0.0)	(80, 0.0)	(90, 0.0)	(100, 1.0)	(110, 0.0)	(120, 0.0)	(130, 0.0)	(140, 0.0)	(150, 0.0)	(160, 0.0)	(170, 1.0)	(180, 1.0)	(190, 1.0)	(200, 0.0)	(210, 0.0)	(220, 0.0)	(230, 0.0)	(240, 0.0)	(250, 0.0)	(260, 0.0)	(270, 0.0)	(280, 0.0)	(290, 773.0)	(300, 44467.0)																							
532B0_S47_L001_R1_001	(200, 1.0)	(205, 0.0)	(210, 0.0)	(215, 0.0)	(220, 0.0)	(225, 0.0)	(230, 0.0)	(235, 0.0)	(240, 0.0)	(245, 0.0)	(250, 0.0)	(255, 0.0)	(260, 0.0)	(265, 0.0)	(270, 0.0)	(275, 0.0)	(280, 0.0)	(285, 0.0)	(290, 0.0)	(295, 2297.0)	(300, 47469.0)																														
532B0_S47_L001_R2_001	(65, 1.0)	(70, 0.0)	(75, 0.0)	(80, 0.0)	(85, 0.0)	(90, 0.0)	(95, 0.0)	(100, 0.0)	(105, 0.0)	(110, 0.0)	(115, 0.0)	(120, 0.0)	(125, 0.0)	(130, 0.0)	(135, 0.0)	(140, 0.0)	(145, 0.0)	(150, 0.0)	(155, 0.0)	(160, 0.0)	(165, 0.0)	(170, 0.0)	(175, 0.0)	(180, 0.0)	(185, 1.0)	(190, 0.0)	(195, 0.0)	(200, 1.0)	(205, 0.0)	(210, 0.0)	(215, 0.0)	(220, 0.0)	(225, 0.0)	(230, 0.0)	(235, 0.0)	(240, 0.0)	(245, 0.0)	(250, 0.0)	(255, 0.0)	(260, 0.0)	(265, 0.0)	(270, 0.0)	(275, 0.0)	(280, 0.0)	(285, 0.0)	(290, 10.0)	(295, 971.0)	(300, 48783.0)			
532B14_S48_L001_R1_001	(30, 1.0)	(40, 1.0)	(50, 0.0)	(60, 0.0)	(70, 0.0)	(80, 0.0)	(90, 0.0)	(100, 0.0)	(110, 0.0)	(120, 1.0)	(130, 0.0)	(140, 0.0)	(150, 0.0)	(160, 0.0)	(170, 0.0)	(180, 0.0)	(190, 0.0)	(200, 0.0)	(210, 0.0)	(220, 1.0)	(230, 0.0)	(240, 0.0)	(250, 0.0)	(260, 0.0)	(270, 0.0)	(280, 0.0)	(290, 3290.0)	(300, 59303.0)																							
532B14_S48_L001_R2_001	(30, 1.0)	(40, 1.0)	(50, 0.0)	(60, 0.0)	(70, 0.0)	(80, 0.0)	(90, 0.0)	(100, 0.0)	(110, 0.0)	(120, 1.0)	(130, 0.0)	(140, 0.0)	(150, 0.0)	(160, 0.0)	(170, 0.0)	(180, 0.0)	(190, 0.0)	(200, 0.0)	(210, 0.0)	(220, 1.0)	(230, 0.0)	(240, 0.0)	(250, 0.0)	(260, 0.0)	(270, 0.0)	(280, 0.0)	(290, 1190.0)	(300, 61403.0)																							
550A0_S65_L001_R1_001	(40, 2.0)	(50, 1.0)	(60, 1.0)	(70, 0.0)	(80, 2.0)	(90, 0.0)	(100, 0.0)	(110, 0.0)	(120, 0.0)	(130, 0.0)	(140, 1.0)	(150, 0.0)	(160, 0.0)	(170, 0.0)	(180, 0.0)	(190, 0.0)	(200, 0.0)	(210, 0.0)	(220, 0.0)	(230, 0.0)	(240, 0.0)	(250, 0.0)	(260, 0.0)	(270, 0.0)	(280, 0.0)	(290, 407.0)	(300, 23394.0)																								
550A0_S65_L001_R2_001	(40, 2.0)	(50, 1.0)	(60, 1.0)	(70, 0.0)	(80, 2.0)	(90, 0.0)	(100, 0.0)	(110, 0.0)	(120, 0.0)	(130, 0.0)	(140, 1.0)	(150, 0.0)	(160, 0.0)	(170, 0.0)	(180, 0.0)	(190, 0.0)	(200, 0.0)	(210, 0.0)	(220, 0.0)	(230, 0.0)	(240, 0.0)	(250, 0.0)	(260, 0.0)	(270, 0.0)	(280, 0.0)	(290, 546.0)	(300, 23255.0)																								
550A14_S66_L001_R1_001	(30, 2.0)	(40, 1.0)	(50, 1.0)	(60, 0.0)	(70, 0.0)	(80, 0.0)	(90, 0.0)	(100, 2.0)	(110, 0.0)	(120, 0.0)	(130, 0.0)	(140, 0.0)	(150, 1.0)	(160, 0.0)	(170, 0.0)	(180, 0.0)	(190, 0.0)	(200, 1.0)	(210, 0.0)	(220, 0.0)	(230, 0.0)	(240, 0.0)	(250, 0.0)	(260, 0.0)	(270, 0.0)	(280, 0.0)	(290, 507.0)	(300, 23969.0)																							
550A14_S66_L001_R2_001	(30, 2.0)	(40, 1.0)	(50, 1.0)	(60, 0.0)	(70, 0.0)	(80, 0.0)	(90, 0.0)	(100, 1.0)	(110, 0.0)	(120, 0.0)	(130, 0.0)	(140, 0.0)	(150, 1.0)	(160, 0.0)	(170, 0.0)	(180, 0.0)	(190, 0.0)	(200, 1.0)	(210, 0.0)	(220, 0.0)	(230, 0.0)	(240, 0.0)	(250, 0.0)	(260, 0.0)	(270, 0.0)	(280, 0.0)	(290, 513.0)	(300, 23964.0)																							
550B0_S67_L001_R1_001	(70, 1.0)	(75, 0.0)	(80, 0.0)	(85, 0.0)	(90, 0.0)	(95, 0.0)	(100, 0.0)	(105, 0.0)	(110, 0.0)	(115, 0.0)	(120, 0.0)	(125, 0.0)	(130, 0.0)	(135, 0.0)	(140, 0.0)	(145, 0.0)	(150, 0.0)	(155, 0.0)	(160, 0.0)	(165, 0.0)	(170, 0.0)	(175, 0.0)	(180, 0.0)	(185, 0.0)	(190, 0.0)	(195, 0.0)	(200, 0.0)	(205, 1.0)	(210, 0.0)	(215, 1.0)	(220, 0.0)	(225, 0.0)	(230, 0.0)	(235, 0.0)	(240, 0.0)	(245, 1.0)	(250, 1.0)	(255, 0.0)	(260, 0.0)	(265, 0.0)	(270, 0.0)	(275, 0.0)	(280, 0.0)	(285, 0.0)	(290, 1.0)	(295, 544.0)	(300, 24984.0)				
550B0_S67_L001_R2_001	(40, 1.0)	(50, 0.0)	(60, 0.0)	(70, 1.0)	(80, 0.0)	(90, 0.0)	(100, 0.0)	(110, 0.0)	(120, 0.0)	(130, 0.0)	(140, 0.0)	(150, 0.0)	(160, 0.0)	(170, 0.0)	(180, 0.0)	(190, 0.0)	(200, 0.0)	(210, 1.0)	(220, 0.0)	(230, 0.0)	(240, 1.0)	(250, 1.0)	(260, 0.0)	(270, 0.0)	(280, 0.0)	(290, 596.0)	(300, 24933.0)																								
550B14_S68_L001_R1_001	(30, 1.0)	(40, 0.0)	(50, 3.0)	(60, 1.0)	(70, 0.0)	(80, 0.0)	(90, 0.0)	(100, 0.0)	(110, 0.0)	(120, 0.0)	(130, 0.0)	(140, 0.0)	(150, 0.0)	(160, 1.0)	(170, 0.0)	(180, 0.0)	(190, 0.0)	(200, 2.0)	(210, 1.0)	(220, 0.0)	(230, 0.0)	(240, 0.0)	(250, 0.0)	(260, 1.0)	(270, 0.0)	(280, 0.0)	(290, 439.0)	(300, 24470.0)																							
550B14_S68_L001_R2_001	(30, 1.0)	(40, 0.0)	(50, 2.0)	(60, 1.0)	(70, 0.0)	(80, 0.0)	(90, 0.0)	(100, 0.0)	(110, 0.0)	(120, 0.0)	(130, 0.0)	(140, 0.0)	(150, 0.0)	(160, 1.0)	(170, 0.0)	(180, 0.0)	(190, 0.0)	(200, 2.0)	(210, 1.0)	(220, 0.0)	(230, 0.0)	(240, 0.0)	(250, 0.0)	(260, 1.0)	(270, 0.0)	(280, 0.0)	(290, 626.0)	(300, 24284.0)																							
551A0_S73_L001_R1_001	(40, 1.0)	(50, 0.0)	(60, 1.0)	(70, 1.0)	(80, 0.0)	(90, 0.0)	(100, 1.0)	(110, 0.0)	(120, 0.0)	(130, 0.0)	(140, 0.0)	(150, 0.0)	(160, 0.0)	(170, 0.0)	(180, 1.0)	(190, 0.0)	(200, 0.0)	(210, 0.0)	(220, 0.0)	(230, 0.0)	(240, 0.0)	(250, 0.0)	(260, 0.0)	(270, 0.0)	(280, 0.0)	(290, 612.0)	(300, 28714.0)																								
551A0_S73_L001_R2_001	(40, 1.0)	(50, 0.0)	(60, 1.0)	(70, 1.0)	(80, 0.0)	(90, 0.0)	(100, 1.0)	(110, 0.0)	(120, 0.0)	(130, 0.0)	(140, 0.0)	(150, 0.0)	(160, 0.0)	(170, 0.0)	(180, 1.0)	(190, 0.0)	(200, 0.0)	(210, 0.0)	(220, 0.0)	(230, 0.0)	(240, 0.0)	(250, 0.0)	(260, 0.0)	(270, 0.0)	(280, 0.0)	(290, 798.0)	(300, 28528.0)																								
551A14_S74_L001_R1_001	(30, 1.0)	(40, 0.0)	(50, 0.0)	(60, 0.0)	(70, 0.0)	(80, 0.0)	(90, 0.0)	(100, 0.0)	(110, 0.0)	(120, 0.0)	(130, 0.0)	(140, 0.0)	(150, 1.0)	(160, 0.0)	(170, 0.0)	(180, 0.0)	(190, 0.0)	(200, 0.0)	(210, 0.0)	(220, 0.0)	(230, 0.0)	(240, 0.0)	(250, 0.0)	(260, 0.0)	(270, 0.0)	(280, 0.0)	(290, 323.0)	(300, 30097.0)																							
551A14_S74_L001_R2_001	(30, 1.0)	(40, 0.0)	(50, 0.0)	(60, 0.0)	(70, 0.0)	(80, 0.0)	(90, 0.0)	(100, 0.0)	(110, 0.0)	(120, 0.0)	(130, 0.0)	(140, 0.0)	(150, 1.0)	(160, 0.0)	(170, 0.0)	(180, 0.0)	(190, 0.0)	(200, 0.0)	(210, 0.0)	(220, 0.0)	(230, 0.0)	(240, 0.0)	(250, 0.0)	(260, 0.0)	(270, 0.0)	(280, 0.0)	(290, 599.0)	(300, 29821.0)																							
551B0_S75_L001_R1_001	(40, 4.0)	(50, 0.0)	(60, 1.0)	(70, 0.0)	(80, 0.0)	(90, 0.0)	(100, 1.0)	(110, 0.0)	(120, 0.0)	(130, 0.0)	(140, 0.0)	(150, 0.0)	(160, 0.0)	(170, 0.0)	(180, 0.0)	(190, 0.0)	(200, 0.0)	(210, 0.0)	(220, 0.0)	(230, 0.0)	(240, 0.0)	(250, 0.0)	(260, 0.0)	(270, 0.0)	(280, 0.0)	(290, 425.0)	(300, 35996.0)																								
551B0_S75_L001_R2_001	(40, 4.0)	(50, 0.0)	(60, 1.0)	(70, 0.0)	(80, 0.0)	(90, 0.0)	(100, 1.0)	(110, 0.0)	(120, 0.0)	(130, 0.0)	(140, 0.0)	(150, 0.0)	(160, 0.0)	(170, 0.0)	(180, 0.0)	(190, 0.0)	(200, 0.0)	(210, 0.0)	(220, 0.0)	(230, 0.0)	(240, 0.0)	(250, 0.0)	(260, 0.0)	(270, 0.0)	(280, 0.0)	(290, 664.0)	(300, 35757.0)																								
551B14_S76_L001_R1_001	(40, 1.0)	(50, 1.0)	(60, 0.0)	(70, 0.0)	(80, 0.0)	(90, 0.0)	(100, 0.0)	(110, 0.0)	(120, 0.0)	(130, 0.0)	(140, 0.0)	(150, 0.0)	(160, 0.0)	(170, 0.0)	(180, 0.0)	(190, 0.0)	(200, 0.0)	(210, 0.0)	(220, 0.0)	(230, 0.0)	(240, 0.0)	(250, 0.0)	(260, 0.0)	(270, 0.0)	(280, 0.0)	(290, 114.0)	(300, 42727.0)																								
551B14_S76_L001_R2_001	(40, 1.0)	(50, 1.0)	(60, 0.0)	(70, 0.0)	(80, 0.0)	(90, 0.0)	(100, 0.0)	(110, 0.0)	(120, 0.0)	(130, 0.0)	(140, 0.0)	(150, 0.0)	(160, 0.0)	(170, 0.0)	(180, 0.0)	(190, 0.0)	(200, 0.0)	(210, 0.0)	(220, 0.0)	(230, 0.0)	(240, 0.0)	(250, 0.0)	(260, 0.0)	(270, 0.0)	(280, 0.0)	(290, 792.0)	(300, 42049.0)																								
554A0_S69_L001_R1_001	(30, 1.0)	(40, 2.0)	(50, 0.0)	(60, 0.0)	(70, 1.0)	(80, 0.0)	(90, 1.0)	(100, 3.0)	(110, 0.0)	(120, 0.0)	(130, 0.0)	(140, 1.0)	(150, 0.0)	(160, 0.0)	(170, 0.0)	(180, 3.0)	(190, 0.0)	(200, 1.0)	(210, 0.0)	(220, 0.0)	(230, 0.0)	(240, 0.0)	(250, 0.0)	(260, 0.0)	(270, 0.0)	(280, 0.0)	(290, 881.0)	(300, 20898.0)																							
554A0_S69_L001_R2_001	(30, 1.0)	(40, 2.0)	(50, 0.0)	(60, 0.0)	(70, 1.0)	(80, 0.0)	(90, 1.0)	(100, 3.0)	(110, 0.0)	(120, 0.0)	(130, 0.0)	(140, 1.0)	(150, 0.0)	(160, 0.0)	(170, 0.0)	(180, 3.0)	(190, 1.0)	(200, 0.0)	(210, 0.0)	(220, 0.0)	(230, 0.0)	(240, 0.0)	(250, 0.0)	(260, 0.0)	(270, 0.0)	(280, 0.0)	(290, 752.0)	(300, 21027.0)																							
554A14_S70_L001_R1_001	(30, 3.0)	(40, 1.0)	(50, 2.0)	(60, 1.0)	(70, 0.0)	(80, 0.0)	(90, 0.0)	(100, 1.0)	(110, 0.0)	(120, 0.0)	(130, 0.0)	(140, 0.0)	(150, 0.0)	(160, 0.0)	(170, 0.0)	(180, 0.0)	(190, 2.0)	(200, 0.0)	(210, 0.0)	(220, 0.0)	(230, 0.0)	(240, 0.0)	(250, 0.0)	(260, 0.0)	(270, 0.0)	(280, 0.0)	(290, 621.0)	(300, 23544.0)																							
554A14_S70_L001_R2_001	(30, 2.0)	(40, 1.0)	(50, 2.0)	(60, 1.0)	(70, 0.0)	(80, 0.0)	(90, 0.0)	(100, 1.0)	(110, 0.0)	(120, 0.0)	(130, 0.0)	(140, 0.0)	(150, 0.0)	(160, 0.0)	(170, 0.0)	(180, 0.0)	(190, 1.0)	(200, 0.0)	(210, 0.0)	(220, 0.0)	(230, 0.0)	(240, 0.0)	(250, 0.0)	(260, 0.0)	(270, 0.0)	(280, 0.0)	(290, 965.0)	(300, 23202.0)																							
554B0_S71_L001_R1_001	(30, 1.0)	(40, 1.0)	(50, 0.0)	(60, 1.0)	(70, 1.0)	(80, 0.0)	(90, 1.0)	(100, 0.0)	(110, 0.0)	(120, 0.0)	(130, 0.0)	(140, 0.0)	(150, 0.0)	(160, 0.0)	(170, 0.0)	(180, 4.0)	(190, 0.0)	(200, 1.0)	(210, 0.0)	(220, 0.0)	(230, 0.0)	(240, 0.0)	(250, 0.0)	(260, 0.0)	(270, 0.0)	(280, 0.0)	(290, 830.0)	(300, 22962.0)																							
554B0_S71_L001_R2_001	(30, 1.0)	(40, 1.0)	(50, 0.0)	(60, 1.0)	(70, 0.0)	(80, 0.0)	(90, 0.0)	(100, 0.0)	(110, 0.0)	(120, 0.0)	(130, 0.0)	(140, 0.0)	(150, 0.0)	(160, 0.0)	(170, 0.0)	(180, 4.0)	(190, 0.0)	(200, 1.0)	(210, 0.0)	(220, 0.0)	(230, 0.0)	(240, 0.0)	(250, 0.0)	(260, 0.0)	(270, 0.0)	(280, 0.0)	(290, 1111.0)	(300, 22683.0)																							
554B14_S72_L001_R1_001	(40, 1.0)	(50, 0.0)	(60, 1.0)	(70, 0.0)	(80, 0.0)	(90, 0.0)	(100, 0.0)	(110, 0.0)	(120, 0.0)	(130, 0.0)	(140, 0.0)	(150, 0.0)	(160, 0.0)	(170, 0.0)	(180, 0.0)	(190, 0.0)	(200, 2.0)	(210, 0.0)	(220, 0.0)	(230, 0.0)	(240, 0.0)	(250, 0.0)	(260, 0.0)	(270, 0.0)	(280, 0.0)	(290, 768.0)	(300, 24393.0)																								
554B14_S72_L001_R2_001	(40, 1.0)	(50, 0.0)	(60, 1.0)	(70, 0.0)	(80, 0.0)	(90, 0.0)	(100, 0.0)	(110, 0.0)	(120, 0.0)	(130, 0.0)	(140, 0.0)	(150, 0.0)	(160, 0.0)	(170, 0.0)	(180, 0.0)	(190, 0.0)	(200, 2.0)	(210, 0.0)	(220, 0.0)	(230, 0.0)	(240, 0.0)	(250, 0.0)	(260, 0.0)	(270, 0.0)	(280, 0.0)	(290, 1094.0)	(300, 24067.0)																								
574A0_S97_L001_R1_001	(40, 1.0)	(50, 0.0)	(60, 0.0)	(70, 0.0)	(80, 0.0)	(90, 0.0)	(100, 0.0)	(110, 0.0)	(120, 0.0)	(130, 0.0)	(140, 0.0)	(150, 0.0)	(160, 0.0)	(170, 0.0)	(180, 0.0)	(190, 0.0)	(200, 0.0)	(210, 0.0)	(220, 0.0)	(230, 0.0)	(240, 0.0)	(250, 3.0)	(260, 0.0)	(270, 0.0)	(280, 0.0)	(290, 69.0)	(300, 61331.0)																								
574A0_S97_L001_R2_001	(30, 1.0)	(40, 1.0)	(50, 0.0)	(60, 0.0)	(70, 0.0)	(80, 0.0)	(90, 0.0)	(100, 0.0)	(110, 0.0)	(120, 0.0)	(130, 0.0)	(140, 0.0)	(150, 0.0)	(160, 0.0)	(170, 0.0)	(180, 0.0)	(190, 0.0)	(200, 0.0)	(210, 0.0)	(220, 0.0)	(230, 0.0)	(240, 1.0)	(250, 2.0)	(260, 0.0)	(270, 0.0)	(280, 0.0)	(290, 1403.0)	(300, 59996.0)																							
574A14_S98_L001_R1_001	(185, 2.0)	(190, 0.0)	(195, 0.0)	(200, 0.0)	(205, 0.0)	(210, 0.0)	(215, 0.0)	(220, 0.0)	(225, 0.0)	(230, 0.0)	(235, 0.0)	(240, 0.0)	(245, 3.0)	(250, 10.0)	(255, 1.0)	(260, 1.0)	(265, 0.0)	(270, 0.0)	(275, 0.0)	(280, 0.0)	(285, 0.0)	(290, 0.0)	(295, 160.0)	(300, 39410.0)																											
574A14_S98_L001_R2_001	(185, 2.0)	(190, 0.0)	(195, 0.0)	(200, 0.0)	(205, 0.0)	(210, 0.0)	(215, 0.0)	(220, 0.0)	(225, 0.0)	(230, 0.0)	(235, 0.0)	(240, 0.0)	(245, 2.0)	(250, 10.0)	(255, 1.0)	(260, 0.0)	(265, 0.0)	(270, 0.0)	(275, 0.0)	(280, 0.0)	(285, 0.0)	(290, 10.0)	(295, 898.0)	(300, 38664.0)																											
574B0_S99_L001_R1_001	(40, 1.0)	(50, 1.0)	(60, 0.0)	(70, 0.0)	(80, 0.0)	(90, 0.0)	(100, 0.0)	(110, 0.0)	(120, 0.0)	(130, 0.0)	(140, 0.0)	(150, 0.0)	(160, 0.0)	(170, 0.0)	(180, 0.0)	(190, 0.0)	(200, 0.0)	(210, 0.0)	(220, 0.0)	(230, 0.0)	(240, 0.0)	(250, 5.0)	(260, 0.0)	(270, 0.0)	(280, 0.0)	(290, 137.0)	(300, 36515.0)																								
574B0_S99_L001_R2_001	(40, 1.0)	(50, 1.0)	(60, 0.0)	(70, 0.0)	(80, 0.0)	(90, 0.0)	(100, 0.0)	(110, 0.0)	(120, 0.0)	(130, 0.0)	(140, 0.0)	(150, 0.0)	(160, 0.0)	(170, 0.0)	(180, 0.0)	(190, 0.0)	(200, 0.0)	(210, 0.0)	(220, 0.0)	(230, 0.0)	(240, 0.0)	(250, 4.0)	(260, 0.0)	(270, 0.0)	(280, 0.0)	(290, 868.0)	(300, 35785.0)																								
574B14_S100_L001_R1_001	(185, 1.0)	(190, 0.0)	(195, 0.0)	(200, 0.0)	(205, 0.0)	(210, 0.0)	(215, 0.0)	(220, 0.0)	(225, 0.0)	(230, 0.0)	(235, 0.0)	(240, 0.0)	(245, 1.0)	(250, 0.0)	(255, 0.0)	(260, 0.0)	(265, 0.0)	(270, 0.0)	(275, 0.0)	(280, 0.0)	(285, 0.0)	(290, 0.0)	(295, 68.0)	(300, 33693.0)																											
574B14_S100_L001_R2_001	(185, 1.0)	(190, 0.0)	(195, 0.0)	(200, 0.0)	(205, 0.0)	(210, 0.0)	(215, 0.0)	(220, 0.0)	(225, 0.0)	(230, 0.0)	(235, 0.0)	(240, 0.0)	(245, 1.0)	(250, 0.0)	(255, 0.0)	(260, 0.0)	(265, 0.0)	(270, 0.0)	(275, 0.0)	(280, 0.0)	(285, 0.0)	(290, 8.0)	(295, 854.0)	(300, 32899.0)																											
576A0_S93_L001_R1_001	(30, 2.0)	(40, 1.0)	(50, 0.0)	(60, 0.0)	(70, 1.0)	(80, 0.0)	(90, 0.0)	(100, 0.0)	(110, 0.0)	(120, 0.0)	(130, 0.0)	(140, 0.0)	(150, 2.0)	(160, 0.0)	(170, 0.0)	(180, 0.0)	(190, 0.0)	(200, 0.0)	(210, 1.0)	(220, 0.0)	(230, 0.0)	(240, 0.0)	(250, 0.0)	(260, 0.0)	(270, 0.0)	(280, 0.0)	(290, 461.0)	(300, 28332.0)																							
576A0_S93_L001_R2_001	(30, 2.0)	(40, 1.0)	(50, 0.0)	(60, 0.0)	(70, 0.0)	(80, 0.0)	(90, 0.0)	(100, 0.0)	(110, 0.0)	(120, 0.0)	(130, 0.0)	(140, 0.0)	(150, 2.0)	(160, 0.0)	(170, 0.0)	(180, 0.0)	(190, 0.0)	(200, 0.0)	(210, 1.0)	(220, 0.0)	(230, 0.0)	(240, 0.0)	(250, 0.0)	(260, 0.0)	(270, 0.0)	(280, 0.0)	(290, 667.0)	(300, 28127.0)																							
576A14_S94_L001_R1_001	(40, 1.0)	(50, 0.0)	(60, 1.0)	(70, 0.0)	(80, 0.0)	(90, 0.0)	(100, 0.0)	(110, 0.0)	(120, 0.0)	(130, 0.0)	(140, 0.0)	(150, 0.0)	(160, 0.0)	(170, 0.0)	(180, 0.0)	(190, 1.0)	(200, 2.0)	(210, 0.0)	(220, 0.0)	(230, 0.0)	(240, 0.0)	(250, 0.0)	(260, 0.0)	(270, 0.0)	(280, 0.0)	(290, 845.0)	(300, 31903.0)																								
576A14_S94_L001_R2_001	(40, 1.0)	(50, 0.0)	(60, 1.0)	(70, 0.0)	(80, 0.0)	(90, 0.0)	(100, 0.0)	(110, 0.0)	(120, 0.0)	(130, 0.0)	(140, 0.0)	(150, 0.0)	(160, 0.0)	(170, 0.0)	(180, 0.0)	(190, 0.0)	(200, 2.0)	(210, 0.0)	(220, 0.0)	(230, 0.0)	(240, 0.0)	(250, 0.0)	(260, 0.0)	(270, 0.0)	(280, 0.0)	(290, 846.0)	(300, 31903.0)																								
576B0_S95_L001_R1_001	(30, 4.0)	(40, 3.0)	(50, 0.0)	(60, 2.0)	(70, 0.0)	(80, 0.0)	(90, 0.0)	(100, 0.0)	(110, 1.0)	(120, 0.0)	(130, 0.0)	(140, 0.0)	(150, 0.0)	(160, 0.0)	(170, 1.0)	(180, 0.0)	(190, 1.0)	(200, 1.0)	(210, 0.0)	(220, 0.0)	(230, 1.0)	(240, 0.0)	(250, 0.0)	(260, 0.0)	(270, 0.0)	(280, 0.0)	(290, 645.0)	(300, 39756.0)																							
576B0_S95_L001_R2_001	(30, 4.0)	(40, 3.0)	(50, 0.0)	(60, 2.0)	(70, 0.0)	(80, 0.0)	(90, 0.0)	(100, 0.0)	(110, 1.0)	(120, 0.0)	(130, 0.0)	(140, 0.0)	(150, 0.0)	(160, 0.0)	(170, 1.0)	(180, 0.0)	(190, 1.0)	(200, 1.0)	(210, 0.0)	(220, 0.0)	(230, 0.0)	(240, 0.0)	(250, 0.0)	(260, 0.0)	(270, 0.0)	(280, 0.0)	(290, 891.0)	(300, 39511.0)																							
576B14_S96_L001_R1_001	(40, 2.0)	(50, 1.0)	(60, 3.0)	(70, 0.0)	(80, 0.0)	(90, 0.0)	(100, 0.0)	(110, 0.0)	(120, 0.0)	(130, 0.0)	(140, 0.0)	(150, 0.0)	(160, 0.0)	(170, 0.0)	(180, 1.0)	(190, 0.0)	(200, 0.0)	(210, 1.0)	(220, 0.0)	(230, 0.0)	(240, 0.0)	(250, 0.0)	(260, 0.0)	(270, 0.0)	(280, 0.0)	(290, 750.0)	(300, 52629.0)																								
576B14_S96_L001_R2_001	(40, 2.0)	(50, 1.0)	(60, 3.0)	(70, 0.0)	(80, 0.0)	(90, 0.0)	(100, 0.0)	(110, 0.0)	(120, 0.0)	(130, 0.0)	(140, 0.0)	(150, 0.0)	(160, 0.0)	(170, 0.0)	(180, 1.0)	(190, 0.0)	(200, 0.0)	(210, 1.0)	(220, 0.0)	(230, 0.0)	(240, 0.0)	(250, 0.0)	(260, 0.0)	(270, 0.0)	(280, 0.0)	(290, 1200.0)	(300, 52179.0)																								
578A0_S101_L001_R1_001	(40, 1.0)	(50, 0.0)	(60, 0.0)	(70, 0.0)	(80, 0.0)	(90, 0.0)	(100, 0.0)	(110, 0.0)	(120, 0.0)	(130, 0.0)	(140, 0.0)	(150, 0.0)	(160, 0.0)	(170, 0.0)	(180, 0.0)	(190, 0.0)	(200, 0.0)	(210, 0.0)	(220, 0.0)	(230, 0.0)	(240, 0.0)	(250, 0.0)	(260, 0.0)	(270, 1.0)	(280, 0.0)	(290, 83.0)	(300, 27384.0)																								
578A0_S101_L001_R2_001	(40, 1.0)	(50, 0.0)	(60, 0.0)	(70, 0.0)	(80, 0.0)	(90, 0.0)	(100, 0.0)	(110, 0.0)	(120, 0.0)	(130, 0.0)	(140, 0.0)	(150, 0.0)	(160, 0.0)	(170, 0.0)	(180, 0.0)	(190, 0.0)	(200, 0.0)	(210, 0.0)	(220, 0.0)	(230, 0.0)	(240, 0.0)	(250, 0.0)	(260, 0.0)	(270, 1.0)	(280, 0.0)	(290, 687.0)	(300, 26780.0)																								
578A14_S102_L001_R1_001	(248, 1.0)	(250, 3.0)	(252, 0.0)	(254, 0.0)	(256, 0.0)	(258, 0.0)	(260, 0.0)	(262, 0.0)	(264, 0.0)	(266, 0.0)	(268, 0.0)	(270, 0.0)	(272, 0.0)	(274, 0.0)	(276, 0.0)	(278, 0.0)	(280, 0.0)	(282, 0.0)	(284, 0.0)	(286, 0.0)	(288, 0.0)	(290, 0.0)	(292, 0.0)	(294, 0.0)	(296, 2.0)	(298, 99.0)	(300, 27491.0)																								
578A14_S102_L001_R2_001	(250, 3.0)	(252, 0.0)	(254, 0.0)	(256, 0.0)	(258, 0.0)	(260, 0.0)	(262, 0.0)	(264, 0.0)	(266, 0.0)	(268, 0.0)	(270, 0.0)	(272, 0.0)	(274, 0.0)	(276, 0.0)	(278, 0.0)	(280, 0.0)	(282, 0.0)	(284, 0.0)	(286, 0.0)	(288, 0.0)	(290, 0.0)	(292, 0.0)	(294, 7.0)	(296, 227.0)	(298, 369.0)	(300, 26990.0)																									
578B0_S103_L001_R1_001	(40, 1.0)	(50, 0.0)	(60, 1.0)	(70, 0.0)	(80, 0.0)	(90, 0.0)	(100, 0.0)	(110, 0.0)	(120, 0.0)	(130, 0.0)	(140, 0.0)	(150, 0.0)	(160, 0.0)	(170, 0.0)	(180, 1.0)	(190, 0.0)	(200, 0.0)	(210, 0.0)	(220, 0.0)	(230, 0.0)	(240, 0.0)	(250, 1.0)	(260, 0.0)	(270, 0.0)	(280, 0.0)	(290, 142.0)	(300, 27633.0)																								
578B0_S103_L001_R2_001	(40, 1.0)	(50, 0.0)	(60, 1.0)	(70, 0.0)	(80, 0.0)	(90, 0.0)	(100, 0.0)	(110, 0.0)	(120, 0.0)	(130, 0.0)	(140, 0.0)	(150, 0.0)	(160, 0.0)	(170, 0.0)	(180, 1.0)	(190, 0.0)	(200, 0.0)	(210, 0.0)	(220, 0.0)	(230, 0.0)	(240, 0.0)	(250, 1.0)	(260, 0.0)	(270, 0.0)	(280, 0.0)	(290, 631.0)	(300, 27144.0)																								
578B14_S104_L001_R1_001	(40, 2.0)	(50, 0.0)	(60, 0.0)	(70, 0.0)	(80, 0.0)	(90, 0.0)	(100, 0.0)	(110, 0.0)	(120, 0.0)	(130, 0.0)	(140, 0.0)	(150, 0.0)	(160, 0.0)	(170, 0.0)	(180, 0.0)	(190, 0.0)	(200, 0.0)	(210, 0.0)	(220, 0.0)	(230, 0.0)	(240, 1.0)	(250, 1.0)	(260, 0.0)	(270, 0.0)	(280, 0.0)	(290, 36.0)	(300, 23604.0)																								
578B14_S104_L001_R2_001	(40, 2.0)	(50, 0.0)	(60, 0.0)	(70, 0.0)	(80, 0.0)	(90, 0.0)	(100, 0.0)	(110, 0.0)	(120, 0.0)	(130, 0.0)	(140, 0.0)	(150, 0.0)	(160, 0.0)	(170, 0.0)	(180, 0.0)	(190, 0.0)	(200, 0.0)	(210, 0.0)	(220, 0.0)	(230, 0.0)	(240, 0.0)	(250, 1.0)	(260, 0.0)	(270, 0.0)	(280, 0.0)	(290, 591.0)	(300, 23050.0)																								
583A0_S129_L001_R1_001	(40, 1.0)	(50, 0.0)	(60, 0.0)	(70, 0.0)	(80, 0.0)	(90, 0.0)	(100, 0.0)	(110, 0.0)	(120, 0.0)	(130, 0.0)	(140, 0.0)	(150, 0.0)	(160, 0.0)	(170, 0.0)	(180, 0.0)	(190, 0.0)	(200, 0.0)	(210, 0.0)	(220, 0.0)	(230, 0.0)	(240, 0.0)	(250, 0.0)	(260, 0.0)	(270, 0.0)	(280, 0.0)	(290, 85.0)	(300, 31312.0)																								
583A0_S129_L001_R2_001	(40, 1.0)	(50, 0.0)	(60, 0.0)	(70, 0.0)	(80, 0.0)	(90, 0.0)	(100, 0.0)	(110, 0.0)	(120, 0.0)	(130, 0.0)	(140, 0.0)	(150, 0.0)	(160, 0.0)	(170, 0.0)	(180, 0.0)	(190, 0.0)	(200, 0.0)	(210, 0.0)	(220, 0.0)	(230, 0.0)	(240, 0.0)	(250, 0.0)	(260, 0.0)	(270, 0.0)	(280, 0.0)	(290, 864.0)	(300, 30533.0)																								
583A14_S130_L001_R1_001	(120, 1.0)	(125, 0.0)	(130, 0.0)	(135, 0.0)	(140, 0.0)	(145, 0.0)	(150, 0.0)	(155, 0.0)	(160, 0.0)	(165, 0.0)	(170, 0.0)	(175, 0.0)	(180, 0.0)	(185, 0.0)	(190, 1.0)	(195, 0.0)	(200, 0.0)	(205, 0.0)	(210, 0.0)	(215, 0.0)	(220, 1.0)	(225, 0.0)	(230, 0.0)	(235, 0.0)	(240, 0.0)	(245, 0.0)	(250, 1.0)	(255, 0.0)	(260, 0.0)	(265, 0.0)	(270, 0.0)	(275, 0.0)	(280, 0.0)	(285, 0.0)	(290, 0.0)	(295, 184.0)	(300, 27611.0)														
583A14_S130_L001_R2_001	(120, 1.0)	(125, 0.0)	(130, 0.0)	(135, 0.0)	(140, 0.0)	(145, 0.0)	(150, 0.0)	(155, 0.0)	(160, 0.0)	(165, 0.0)	(170, 0.0)	(175, 0.0)	(180, 0.0)	(185, 0.0)	(190, 1.0)	(195, 0.0)	(200, 0.0)	(205, 0.0)	(210, 0.0)	(215, 0.0)	(220, 1.0)	(225, 0.0)	(230, 0.0)	(235, 0.0)	(240, 0.0)	(245, 0.0)	(250, 1.0)	(255, 0.0)	(260, 0.0)	(265, 0.0)	(270, 0.0)	(275, 0.0)	(280, 0.0)	(285, 0.0)	(290, 5.0)	(295, 566.0)	(300, 27224.0)														
583B0_S131_L001_R1_001	(297, 3.0)	(298, 23.0)	(299, 37.0)	(300, 275.0)	(301, 34139.0)																																														
583B0_S131_L001_R2_001	(291, 2.0)	(292, 0.0)	(293, 0.0)	(294, 7.0)	(295, 0.0)	(296, 95.0)	(297, 217.0)	(298, 465.0)	(299, 36.0)	(300, 10053.0)	(301, 23602.0)																																								
583B14_S132_L001_R1_001	(65, 1.0)	(70, 0.0)	(75, 0.0)	(80, 0.0)	(85, 0.0)	(90, 0.0)	(95, 0.0)	(100, 0.0)	(105, 1.0)	(110, 0.0)	(115, 0.0)	(120, 0.0)	(125, 0.0)	(130, 0.0)	(135, 0.0)	(140, 0.0)	(145, 0.0)	(150, 0.0)	(155, 0.0)	(160, 0.0)	(165, 0.0)	(170, 0.0)	(175, 0.0)	(180, 0.0)	(185, 0.0)	(190, 0.0)	(195, 0.0)	(200, 0.0)	(205, 0.0)	(210, 0.0)	(215, 0.0)	(220, 0.0)	(225, 0.0)	(230, 0.0)	(235, 0.0)	(240, 0.0)	(245, 0.0)	(250, 0.0)	(255, 0.0)	(260, 0.0)	(265, 0.0)	(270, 0.0)	(275, 0.0)	(280, 0.0)	(285, 0.0)	(290, 0.0)	(295, 226.0)	(300, 29809.0)			
583B14_S132_L001_R2_001	(65, 1.0)	(70, 0.0)	(75, 0.0)	(80, 0.0)	(85, 0.0)	(90, 0.0)	(95, 0.0)	(100, 0.0)	(105, 1.0)	(110, 0.0)	(115, 0.0)	(120, 0.0)	(125, 0.0)	(130, 0.0)	(135, 0.0)	(140, 0.0)	(145, 0.0)	(150, 0.0)	(155, 0.0)	(160, 0.0)	(165, 0.0)	(170, 0.0)	(175, 0.0)	(180, 0.0)	(185, 0.0)	(190, 0.0)	(195, 0.0)	(200, 0.0)	(205, 0.0)	(210, 0.0)	(215, 0.0)	(220, 0.0)	(225, 0.0)	(230, 0.0)	(235, 0.0)	(240, 0.0)	(245, 0.0)	(250, 0.0)	(255, 0.0)	(260, 0.0)	(265, 0.0)	(270, 0.0)	(275, 0.0)	(280, 0.0)	(285, 0.0)	(290, 15.0)	(295, 821.0)	(300, 29199.0)			
586A0_S109_L001_R1_001	(40, 3.0)	(50, 0.0)	(60, 1.0)	(70, 0.0)	(80, 0.0)	(90, 0.0)	(100, 0.0)	(110, 0.0)	(120, 0.0)	(130, 0.0)	(140, 0.0)	(150, 1.0)	(160, 0.0)	(170, 0.0)	(180, 0.0)	(190, 0.0)	(200, 0.0)	(210, 0.0)	(220, 0.0)	(230, 0.0)	(240, 0.0)	(250, 0.0)	(260, 1.0)	(270, 0.0)	(280, 0.0)	(290, 232.0)	(300, 27340.0)																								
586A0_S109_L001_R2_001	(40, 3.0)	(50, 0.0)	(60, 1.0)	(70, 0.0)	(80, 0.0)	(90, 0.0)	(100, 0.0)	(110, 0.0)	(120, 0.0)	(130, 0.0)	(140, 0.0)	(150, 1.0)	(160, 0.0)	(170, 0.0)	(180, 0.0)	(190, 0.0)	(200, 0.0)	(210, 0.0)	(220, 0.0)	(230, 0.0)	(240, 0.0)	(250, 0.0)	(260, 1.0)	(270, 0.0)	(280, 0.0)	(290, 724.0)	(300, 26848.0)																								
586A14_S110_L001_R1_001	(120, 1.0)	(125, 0.0)	(130, 0.0)	(135, 0.0)	(140, 0.0)	(145, 0.0)	(150, 0.0)	(155, 0.0)	(160, 0.0)	(165, 0.0)	(170, 0.0)	(175, 0.0)	(180, 0.0)	(185, 0.0)	(190, 0.0)	(195, 0.0)	(200, 0.0)	(205, 7.0)	(210, 0.0)	(215, 0.0)	(220, 0.0)	(225, 0.0)	(230, 0.0)	(235, 0.0)	(240, 0.0)	(245, 0.0)	(250, 0.0)	(255, 0.0)	(260, 1.0)	(265, 0.0)	(270, 0.0)	(275, 0.0)	(280, 0.0)	(285, 0.0)	(290, 1.0)	(295, 258.0)	(300, 25714.0)														
586A14_S110_L001_R2_001	(120, 1.0)	(125, 0.0)	(130, 0.0)	(135, 0.0)	(140, 0.0)	(145, 0.0)	(150, 0.0)	(155, 0.0)	(160, 0.0)	(165, 0.0)	(170, 0.0)	(175, 0.0)	(180, 0.0)	(185, 0.0)	(190, 0.0)	(195, 0.0)	(200, 0.0)	(205, 9.0)	(210, 0.0)	(215, 0.0)	(220, 0.0)	(225, 0.0)	(230, 0.0)	(235, 0.0)	(240, 0.0)	(245, 0.0)	(250, 0.0)	(255, 0.0)	(260, 1.0)	(265, 0.0)	(270, 0.0)	(275, 0.0)	(280, 0.0)	(285, 0.0)	(290, 5.0)	(295, 625.0)	(300, 25341.0)														
586B0_S111_L001_R1_001	(292, 2.0)	(293, 0.0)	(294, 0.0)	(295, 0.0)	(296, 1.0)	(297, 8.0)	(298, 149.0)	(299, 56.0)	(300, 261.0)	(301, 26340.0)																																									
586B0_S111_L001_R2_001	(292, 1.0)	(293, 0.0)	(294, 7.0)	(295, 0.0)	(296, 82.0)	(297, 141.0)	(298, 683.0)	(299, 39.0)	(300, 9172.0)	(301, 16692.0)																																									
586B14_S112_L001_R1_001	(40, 1.0)	(50, 0.0)	(60, 0.0)	(70, 0.0)	(80, 0.0)	(90, 0.0)	(100, 0.0)	(110, 0.0)	(120, 0.0)	(130, 0.0)	(140, 0.0)	(150, 0.0)	(160, 0.0)	(170, 0.0)	(180, 0.0)	(190, 0.0)	(200, 0.0)	(210, 0.0)	(220, 0.0)	(230, 0.0)	(240, 0.0)	(250, 0.0)	(260, 0.0)	(270, 0.0)	(280, 0.0)	(290, 225.0)	(300, 21524.0)																								
586B14_S112_L001_R2_001	(40, 1.0)	(50, 0.0)	(60, 0.0)	(70, 0.0)	(80, 0.0)	(90, 0.0)	(100, 0.0)	(110, 0.0)	(120, 0.0)	(130, 0.0)	(140, 0.0)	(150, 0.0)	(160, 0.0)	(170, 0.0)	(180, 0.0)	(190, 0.0)	(200, 0.0)	(210, 0.0)	(220, 0.0)	(230, 0.0)	(240, 0.0)	(250, 0.0)	(260, 0.0)	(270, 0.0)	(280, 0.0)	(290, 669.0)	(300, 21080.0)																								
597A0_S121_L001_R1_001	(65, 1.0)	(70, 0.0)	(75, 0.0)	(80, 0.0)	(85, 0.0)	(90, 0.0)	(95, 0.0)	(100, 0.0)	(105, 0.0)	(110, 0.0)	(115, 0.0)	(120, 0.0)	(125, 0.0)	(130, 0.0)	(135, 0.0)	(140, 0.0)	(145, 0.0)	(150, 0.0)	(155, 0.0)	(160, 0.0)	(165, 0.0)	(170, 0.0)	(175, 0.0)	(180, 0.0)	(185, 0.0)	(190, 0.0)	(195, 0.0)	(200, 0.0)	(205, 0.0)	(210, 0.0)	(215, 0.0)	(220, 0.0)	(225, 0.0)	(230, 0.0)	(235, 0.0)	(240, 0.0)	(245, 0.0)	(250, 1.0)	(255, 0.0)	(260, 0.0)	(265, 0.0)	(270, 0.0)	(275, 0.0)	(280, 0.0)	(285, 0.0)	(290, 0.0)	(295, 113.0)	(300, 31029.0)			
597A0_S121_L001_R2_001	(65, 1.0)	(70, 0.0)	(75, 0.0)	(80, 0.0)	(85, 0.0)	(90, 0.0)	(95, 0.0)	(100, 0.0)	(105, 0.0)	(110, 0.0)	(115, 0.0)	(120, 0.0)	(125, 0.0)	(130, 0.0)	(135, 0.0)	(140, 0.0)	(145, 0.0)	(150, 0.0)	(155, 0.0)	(160, 0.0)	(165, 0.0)	(170, 0.0)	(175, 0.0)	(180, 0.0)	(185, 0.0)	(190, 0.0)	(195, 0.0)	(200, 0.0)	(205, 0.0)	(210, 0.0)	(215, 0.0)	(220, 0.0)	(225, 0.0)	(230, 0.0)	(235, 0.0)	(240, 0.0)	(245, 0.0)	(250, 1.0)	(255, 0.0)	(260, 0.0)	(265, 0.0)	(270, 0.0)	(275, 0.0)	(280, 0.0)	(285, 0.0)	(290, 6.0)	(295, 791.0)	(300, 30345.0)			
597A14_S122_L001_R1_001	(65, 1.0)	(70, 0.0)	(75, 0.0)	(80, 0.0)	(85, 0.0)	(90, 0.0)	(95, 0.0)	(100, 0.0)	(105, 0.0)	(110, 0.0)	(115, 0.0)	(120, 0.0)	(125, 0.0)	(130, 0.0)	(135, 0.0)	(140, 0.0)	(145, 0.0)	(150, 0.0)	(155, 0.0)	(160, 0.0)	(165, 0.0)	(170, 0.0)	(175, 0.0)	(180, 0.0)	(185, 0.0)	(190, 0.0)	(195, 0.0)	(200, 0.0)	(205, 0.0)	(210, 0.0)	(215, 0.0)	(220, 0.0)	(225, 0.0)	(230, 0.0)	(235, 0.0)	(240, 0.0)	(245, 0.0)	(250, 0.0)	(255, 1.0)	(260, 1.0)	(265, 0.0)	(270, 0.0)	(275, 0.0)	(280, 0.0)	(285, 0.0)	(290, 0.0)	(295, 145.0)	(300, 27851.0)			
597A14_S122_L001_R2_001	(65, 1.0)	(70, 0.0)	(75, 0.0)	(80, 0.0)	(85, 0.0)	(90, 0.0)	(95, 0.0)	(100, 0.0)	(105, 0.0)	(110, 0.0)	(115, 0.0)	(120, 0.0)	(125, 0.0)	(130, 0.0)	(135, 0.0)	(140, 0.0)	(145, 0.0)	(150, 0.0)	(155, 0.0)	(160, 0.0)	(165, 0.0)	(170, 0.0)	(175, 0.0)	(180, 0.0)	(185, 0.0)	(190, 0.0)	(195, 0.0)	(200, 0.0)	(205, 0.0)	(210, 0.0)	(215, 0.0)	(220, 0.0)	(225, 0.0)	(230, 0.0)	(235, 0.0)	(240, 0.0)	(245, 0.0)	(250, 0.0)	(255, 1.0)	(260, 1.0)	(265, 0.0)	(270, 0.0)	(275, 0.0)	(280, 0.0)	(285, 0.0)	(290, 7.0)	(295, 597.0)	(300, 27392.0)			
597B0_S123_L001_R1_001	(297, 2.0)	(298, 5.0)	(299, 11.0)	(300, 2229.0)	(301, 3093.0)																																														
597B0_S123_L001_R2_001	(294, 2.0)	(295, 1.0)	(296, 9.0)	(297, 7.0)	(298, 26.0)	(299, 59.0)	(300, 5129.0)	(301, 107.0)																																											
597B14_S124_L001_R1_001	(95, 3.0)	(100, 0.0)	(105, 0.0)	(110, 0.0)	(115, 0.0)	(120, 0.0)	(125, 0.0)	(130, 0.0)	(135, 0.0)	(140, 0.0)	(145, 0.0)	(150, 0.0)	(155, 0.0)	(160, 0.0)	(165, 0.0)	(170, 0.0)	(175, 0.0)	(180, 0.0)	(185, 0.0)	(190, 0.0)	(195, 0.0)	(200, 0.0)	(205, 0.0)	(210, 0.0)	(215, 0.0)	(220, 0.0)	(225, 0.0)	(230, 0.0)	(235, 0.0)	(240, 0.0)	(245, 0.0)	(250, 0.0)	(255, 0.0)	(260, 1.0)	(265, 0.0)	(270, 0.0)	(275, 0.0)	(280, 0.0)	(285, 1.0)	(290, 0.0)	(295, 306.0)	(300, 27997.0)									
597B14_S124_L001_R2_001	(95, 3.0)	(100, 0.0)	(105, 0.0)	(110, 0.0)	(115, 0.0)	(120, 0.0)	(125, 0.0)	(130, 0.0)	(135, 0.0)	(140, 0.0)	(145, 0.0)	(150, 0.0)	(155, 0.0)	(160, 0.0)	(165, 0.0)	(170, 0.0)	(175, 0.0)	(180, 0.0)	(185, 0.0)	(190, 0.0)	(195, 0.0)	(200, 0.0)	(205, 0.0)	(210, 0.0)	(215, 0.0)	(220, 0.0)	(225, 0.0)	(230, 0.0)	(235, 0.0)	(240, 0.0)	(245, 0.0)	(250, 0.0)	(255, 0.0)	(260, 1.0)	(265, 0.0)	(270, 0.0)	(275, 0.0)	(280, 0.0)	(285, 0.0)	(290, 3.0)	(295, 823.0)	(300, 27478.0)									
603A0_S13_L001_R1_001	(30, 1.0)	(40, 0.0)	(50, 0.0)	(60, 2.0)	(70, 1.0)	(80, 0.0)	(90, 0.0)	(100, 0.0)	(110, 0.0)	(120, 0.0)	(130, 1.0)	(140, 0.0)	(150, 0.0)	(160, 0.0)	(170, 0.0)	(180, 0.0)	(190, 2.0)	(200, 2.0)	(210, 0.0)	(220, 0.0)	(230, 0.0)	(240, 0.0)	(250, 1.0)	(260, 0.0)	(270, 0.0)	(280, 0.0)	(290, 1098.0)	(300, 18640.0)																							
603A0_S13_L001_R2_001	(30, 1.0)	(40, 0.0)	(50, 0.0)	(60, 2.0)	(70, 1.0)	(80, 0.0)	(90, 1.0)	(100, 0.0)	(110, 0.0)	(120, 0.0)	(130, 0.0)	(140, 0.0)	(150, 0.0)	(160, 0.0)	(170, 0.0)	(180, 0.0)	(190, 2.0)	(200, 2.0)	(210, 0.0)	(220, 0.0)	(230, 0.0)	(240, 0.0)	(250, 0.0)	(260, 0.0)	(270, 0.0)	(280, 0.0)	(290, 478.0)	(300, 19261.0)																							
603A14_S14_L001_R1_001	(30, 1.0)	(40, 0.0)	(50, 1.0)	(60, 2.0)	(70, 0.0)	(80, 0.0)	(90, 2.0)	(100, 0.0)	(110, 1.0)	(120, 0.0)	(130, 0.0)	(140, 0.0)	(150, 0.0)	(160, 0.0)	(170, 0.0)	(180, 0.0)	(190, 0.0)	(200, 0.0)	(210, 0.0)	(220, 0.0)	(230, 0.0)	(240, 0.0)	(250, 0.0)	(260, 0.0)	(270, 0.0)	(280, 0.0)	(290, 1020.0)	(300, 18805.0)																							
603A14_S14_L001_R2_001	(30, 1.0)	(40, 0.0)	(50, 2.0)	(60, 2.0)	(70, 0.0)	(80, 0.0)	(90, 2.0)	(100, 0.0)	(110, 0.0)	(120, 0.0)	(130, 0.0)	(140, 0.0)	(150, 0.0)	(160, 0.0)	(170, 0.0)	(180, 0.0)	(190, 0.0)	(200, 0.0)	(210, 0.0)	(220, 0.0)	(230, 0.0)	(240, 0.0)	(250, 0.0)	(260, 0.0)	(270, 0.0)	(280, 0.0)	(290, 344.0)	(300, 19481.0)																							
603B0_S15_L001_R1_001	(30, 2.0)	(40, 0.0)	(50, 0.0)	(60, 1.0)	(70, 0.0)	(80, 0.0)	(90, 0.0)	(100, 1.0)	(110, 0.0)	(120, 0.0)	(130, 1.0)	(140, 0.0)	(150, 0.0)	(160, 0.0)	(170, 0.0)	(180, 0.0)	(190, 2.0)	(200, 2.0)	(210, 0.0)	(220, 0.0)	(230, 0.0)	(240, 0.0)	(250, 0.0)	(260, 0.0)	(270, 0.0)	(280, 0.0)	(290, 564.0)	(300, 22085.0)																							
603B0_S15_L001_R2_001	(30, 2.0)	(40, 0.0)	(50, 0.0)	(60, 1.0)	(70, 0.0)	(80, 1.0)	(90, 0.0)	(100, 1.0)	(110, 0.0)	(120, 0.0)	(130, 1.0)	(140, 0.0)	(150, 0.0)	(160, 0.0)	(170, 0.0)	(180, 0.0)	(190, 1.0)	(200, 2.0)	(210, 0.0)	(220, 0.0)	(230, 0.0)	(240, 0.0)	(250, 0.0)	(260, 0.0)	(270, 0.0)	(280, 0.0)	(290, 478.0)	(300, 22171.0)																							
603B14_S16_L001_R1_001	(30, 1.0)	(40, 1.0)	(50, 1.0)	(60, 4.0)	(70, 0.0)	(80, 0.0)	(90, 0.0)	(100, 0.0)	(110, 0.0)	(120, 0.0)	(130, 0.0)	(140, 0.0)	(150, 0.0)	(160, 0.0)	(170, 0.0)	(180, 0.0)	(190, 1.0)	(200, 0.0)	(210, 0.0)	(220, 1.0)	(230, 0.0)	(240, 0.0)	(250, 0.0)	(260, 0.0)	(270, 0.0)	(280, 0.0)	(290, 1220.0)	(300, 21767.0)																							
603B14_S16_L001_R2_001	(30, 1.0)	(40, 1.0)	(50, 1.0)	(60, 5.0)	(70, 0.0)	(80, 0.0)	(90, 0.0)	(100, 0.0)	(110, 0.0)	(120, 0.0)	(130, 0.0)	(140, 0.0)	(150, 0.0)	(160, 0.0)	(170, 0.0)	(180, 0.0)	(190, 1.0)	(200, 0.0)	(210, 0.0)	(220, 1.0)	(230, 0.0)	(240, 0.0)	(250, 0.0)	(260, 0.0)	(270, 0.0)	(280, 0.0)	(290, 465.0)	(300, 22521.0)																							
607A0_S5_L001_R1_001	(30, 1.0)	(40, 1.0)	(50, 1.0)	(60, 1.0)	(70, 0.0)	(80, 1.0)	(90, 1.0)	(100, 1.0)	(110, 0.0)	(120, 0.0)	(130, 0.0)	(140, 1.0)	(150, 0.0)	(160, 0.0)	(170, 0.0)	(180, 0.0)	(190, 0.0)	(200, 0.0)	(210, 0.0)	(220, 2.0)	(230, 0.0)	(240, 1.0)	(250, 0.0)	(260, 1.0)	(270, 0.0)	(280, 0.0)	(290, 415.0)	(300, 25270.0)																							
607A0_S5_L001_R2_001	(30, 1.0)	(40, 1.0)	(50, 1.0)	(60, 1.0)	(70, 0.0)	(80, 1.0)	(90, 1.0)	(100, 1.0)	(110, 0.0)	(120, 0.0)	(130, 0.0)	(140, 1.0)	(150, 0.0)	(160, 0.0)	(170, 0.0)	(180, 0.0)	(190, 0.0)	(200, 1.0)	(210, 0.0)	(220, 2.0)	(230, 0.0)	(240, 1.0)	(250, 0.0)	(260, 0.0)	(270, 0.0)	(280, 0.0)	(290, 572.0)	(300, 25113.0)																							
607A14_S6_L001_R1_001	(40, 2.0)	(50, 0.0)	(60, 1.0)	(70, 0.0)	(80, 0.0)	(90, 0.0)	(100, 0.0)	(110, 2.0)	(120, 0.0)	(130, 0.0)	(140, 0.0)	(150, 0.0)	(160, 0.0)	(170, 0.0)	(180, 3.0)	(190, 1.0)	(200, 0.0)	(210, 0.0)	(220, 1.0)	(230, 0.0)	(240, 0.0)	(250, 0.0)	(260, 0.0)	(270, 0.0)	(280, 0.0)	(290, 247.0)	(300, 19434.0)																								
607A14_S6_L001_R2_001	(40, 2.0)	(50, 0.0)	(60, 1.0)	(70, 0.0)	(80, 0.0)	(90, 0.0)	(100, 0.0)	(110, 2.0)	(120, 0.0)	(130, 0.0)	(140, 0.0)	(150, 0.0)	(160, 0.0)	(170, 0.0)	(180, 2.0)	(190, 1.0)	(200, 0.0)	(210, 0.0)	(220, 1.0)	(230, 0.0)	(240, 0.0)	(250, 0.0)	(260, 0.0)	(270, 0.0)	(280, 0.0)	(290, 597.0)	(300, 19085.0)																								
607B0_S7_L001_R1_001	(30, 1.0)	(40, 0.0)	(50, 0.0)	(60, 1.0)	(70, 0.0)	(80, 0.0)	(90, 0.0)	(100, 0.0)	(110, 0.0)	(120, 0.0)	(130, 0.0)	(140, 0.0)	(150, 0.0)	(160, 0.0)	(170, 0.0)	(180, 1.0)	(190, 1.0)	(200, 1.0)	(210, 0.0)	(220, 0.0)	(230, 0.0)	(240, 0.0)	(250, 0.0)	(260, 0.0)	(270, 0.0)	(280, 0.0)	(290, 238.0)	(300, 21166.0)																							
607B0_S7_L001_R2_001	(30, 1.0)	(40, 0.0)	(50, 0.0)	(60, 1.0)	(70, 0.0)	(80, 0.0)	(90, 0.0)	(100, 0.0)	(110, 0.0)	(120, 0.0)	(130, 0.0)	(140, 0.0)	(150, 0.0)	(160, 0.0)	(170, 0.0)	(180, 1.0)	(190, 1.0)	(200, 1.0)	(210, 0.0)	(220, 0.0)	(230, 0.0)	(240, 0.0)	(250, 0.0)	(260, 0.0)	(270, 0.0)	(280, 0.0)	(290, 433.0)	(300, 20971.0)																							
607B14_S8_L001_R1_001	(30, 1.0)	(40, 1.0)	(50, 1.0)	(60, 2.0)	(70, 0.0)	(80, 0.0)	(90, 0.0)	(100, 0.0)	(110, 0.0)	(120, 0.0)	(130, 0.0)	(140, 0.0)	(150, 0.0)	(160, 0.0)	(170, 1.0)	(180, 0.0)	(190, 0.0)	(200, 5.0)	(210, 0.0)	(220, 0.0)	(230, 0.0)	(240, 0.0)	(250, 0.0)	(260, 0.0)	(270, 0.0)	(280, 0.0)	(290, 275.0)	(300, 22705.0)																							
607B14_S8_L001_R2_001	(30, 1.0)	(40, 1.0)	(50, 1.0)	(60, 2.0)	(70, 0.0)	(80, 0.0)	(90, 0.0)	(100, 0.0)	(110, 0.0)	(120, 0.0)	(130, 0.0)	(140, 0.0)	(150, 0.0)	(160, 0.0)	(170, 1.0)	(180, 0.0)	(190, 0.0)	(200, 4.0)	(210, 0.0)	(220, 0.0)	(230, 0.0)	(240, 0.0)	(250, 0.0)	(260, 0.0)	(270, 0.0)	(280, 0.0)	(290, 647.0)	(300, 22334.0)																							
610A0_S21_L001_R1_001	(55, 1.0)	(60, 1.0)	(65, 0.0)	(70, 2.0)	(75, 0.0)	(80, 1.0)	(85, 0.0)	(90, 0.0)	(95, 0.0)	(100, 2.0)	(105, 0.0)	(110, 1.0)	(115, 0.0)	(120, 0.0)	(125, 0.0)	(130, 0.0)	(135, 0.0)	(140, 0.0)	(145, 0.0)	(150, 0.0)	(155, 0.0)	(160, 0.0)	(165, 0.0)	(170, 0.0)	(175, 0.0)	(180, 0.0)	(185, 1.0)	(190, 0.0)	(195, 0.0)	(200, 0.0)	(205, 1.0)	(210, 0.0)	(215, 0.0)	(220, 1.0)	(225, 0.0)	(230, 0.0)	(235, 0.0)	(240, 0.0)	(245, 0.0)	(250, 0.0)	(255, 0.0)	(260, 0.0)	(265, 0.0)	(270, 0.0)	(275, 0.0)	(280, 0.0)	(285, 0.0)	(290, 0.0)	(295, 1176.0)	(300, 22176.0)	
610A0_S21_L001_R2_001	(50, 1.0)	(55, 0.0)	(60, 1.0)	(65, 0.0)	(70, 2.0)	(75, 0.0)	(80, 1.0)	(85, 0.0)	(90, 0.0)	(95, 0.0)	(100, 1.0)	(105, 0.0)	(110, 0.0)	(115, 0.0)	(120, 0.0)	(125, 0.0)	(130, 0.0)	(135, 0.0)	(140, 0.0)	(145, 0.0)	(150, 0.0)	(155, 0.0)	(160, 0.0)	(165, 0.0)	(170, 0.0)	(175, 0.0)	(180, 0.0)	(185, 1.0)	(190, 0.0)	(195, 0.0)	(200, 0.0)	(205, 1.0)	(210, 0.0)	(215, 0.0)	(220, 0.0)	(225, 0.0)	(230, 0.0)	(235, 0.0)	(240, 0.0)	(245, 0.0)	(250, 0.0)	(255, 0.0)	(260, 0.0)	(265, 0.0)	(270, 0.0)	(275, 0.0)	(280, 0.0)	(285, 0.0)	(290, 8.0)	(295, 397.0)	(300, 22950.0)
610A14_S22_L001_R1_001	(30, 1.0)	(40, 2.0)	(50, 0.0)	(60, 1.0)	(70, 0.0)	(80, 0.0)	(90, 0.0)	(100, 1.0)	(110, 0.0)	(120, 0.0)	(130, 0.0)	(140, 0.0)	(150, 0.0)	(160, 0.0)	(170, 0.0)	(180, 0.0)	(190, 0.0)	(200, 0.0)	(210, 0.0)	(220, 0.0)	(230, 0.0)	(240, 0.0)	(250, 1.0)	(260, 0.0)	(270, 0.0)	(280, 0.0)	(290, 1070.0)	(300, 23348.0)																							
610A14_S22_L001_R2_001	(30, 1.0)	(40, 1.0)	(50, 0.0)	(60, 0.0)	(70, 0.0)	(80, 0.0)	(90, 0.0)	(100, 1.0)	(110, 0.0)	(120, 0.0)	(130, 0.0)	(140, 0.0)	(150, 0.0)	(160, 0.0)	(170, 0.0)	(180, 0.0)	(190, 0.0)	(200, 0.0)	(210, 0.0)	(220, 0.0)	(230, 0.0)	(240, 0.0)	(250, 0.0)	(260, 0.0)	(270, 0.0)	(280, 0.0)	(290, 516.0)	(300, 23905.0)																							
610B0_S23_L001_R1_001	(30, 4.0)	(40, 1.0)	(50, 1.0)	(60, 2.0)	(70, 0.0)	(80, 0.0)	(90, 1.0)	(100, 0.0)	(110, 0.0)	(120, 0.0)	(130, 0.0)	(140, 0.0)	(150, 0.0)	(160, 0.0)	(170, 1.0)	(180, 0.0)	(190, 0.0)	(200, 0.0)	(210, 0.0)	(220, 0.0)	(230, 0.0)	(240, 0.0)	(250, 0.0)	(260, 0.0)	(270, 0.0)	(280, 0.0)	(290, 881.0)	(300, 24884.0)																							
610B0_S23_L001_R2_001	(30, 4.0)	(40, 1.0)	(50, 1.0)	(60, 3.0)	(70, 0.0)	(80, 0.0)	(90, 1.0)	(100, 0.0)	(110, 0.0)	(120, 0.0)	(130, 0.0)	(140, 0.0)	(150, 0.0)	(160, 0.0)	(170, 1.0)	(180, 0.0)	(190, 0.0)	(200, 0.0)	(210, 0.0)	(220, 0.0)	(230, 0.0)	(240, 0.0)	(250, 0.0)	(260, 0.0)	(270, 0.0)	(280, 0.0)	(290, 474.0)	(300, 25290.0)																							
610B14_S24_L001_R1_001	(60, 1.0)	(65, 0.0)	(70, 0.0)	(75, 0.0)	(80, 0.0)	(85, 0.0)	(90, 0.0)	(95, 0.0)	(100, 0.0)	(105, 1.0)	(110, 0.0)	(115, 0.0)	(120, 0.0)	(125, 0.0)	(130, 0.0)	(135, 0.0)	(140, 0.0)	(145, 0.0)	(150, 0.0)	(155, 0.0)	(160, 0.0)	(165, 0.0)	(170, 0.0)	(175, 0.0)	(180, 0.0)	(185, 0.0)	(190, 0.0)	(195, 0.0)	(200, 0.0)	(205, 1.0)	(210, 0.0)	(215, 0.0)	(220, 0.0)	(225, 0.0)	(230, 0.0)	(235, 0.0)	(240, 0.0)	(245, 0.0)	(250, 1.0)	(255, 0.0)	(260, 0.0)	(265, 1.0)	(270, 0.0)	(275, 0.0)	(280, 0.0)	(285, 0.0)	(290, 1.0)	(295, 1118.0)	(300, 19458.0)		
610B14_S24_L001_R2_001	(60, 1.0)	(65, 0.0)	(70, 0.0)	(75, 0.0)	(80, 0.0)	(85, 0.0)	(90, 0.0)	(95, 0.0)	(100, 0.0)	(105, 1.0)	(110, 0.0)	(115, 0.0)	(120, 0.0)	(125, 0.0)	(130, 0.0)	(135, 0.0)	(140, 0.0)	(145, 0.0)	(150, 0.0)	(155, 0.0)	(160, 0.0)	(165, 0.0)	(170, 0.0)	(175, 0.0)	(180, 0.0)	(185, 0.0)	(190, 0.0)	(195, 0.0)	(200, 0.0)	(205, 1.0)	(210, 0.0)	(215, 0.0)	(220, 0.0)	(225, 0.0)	(230, 0.0)	(235, 0.0)	(240, 0.0)	(245, 0.0)	(250, 1.0)	(255, 0.0)	(260, 0.0)	(265, 0.0)	(270, 0.0)	(275, 0.0)	(280, 0.0)	(285, 0.0)	(290, 8.0)	(295, 493.0)	(300, 20077.0)		
612A0_S41_L001_R1_001	(30, 2.0)	(40, 2.0)	(50, 2.0)	(60, 0.0)	(70, 0.0)	(80, 0.0)	(90, 0.0)	(100, 1.0)	(110, 0.0)	(120, 0.0)	(130, 0.0)	(140, 0.0)	(150, 0.0)	(160, 0.0)	(170, 0.0)	(180, 0.0)	(190, 0.0)	(200, 0.0)	(210, 0.0)	(220, 0.0)	(230, 0.0)	(240, 0.0)	(250, 0.0)	(260, 1.0)	(270, 1.0)	(280, 0.0)	(290, 25.0)	(300, 9756.0)																							
612A0_S41_L001_R2_001	(30, 2.0)	(40, 2.0)	(50, 2.0)	(60, 0.0)	(70, 0.0)	(80, 0.0)	(90, 0.0)	(100, 1.0)	(110, 0.0)	(120, 0.0)	(130, 0.0)	(140, 0.0)	(150, 0.0)	(160, 0.0)	(170, 0.0)	(180, 0.0)	(190, 0.0)	(200, 0.0)	(210, 0.0)	(220, 0.0)	(230, 0.0)	(240, 0.0)	(250, 0.0)	(260, 1.0)	(270, 1.0)	(280, 0.0)	(290, 166.0)	(300, 9615.0)																							
612A14_S42_L001_R1_001	(30, 1.0)	(40, 1.0)	(50, 0.0)	(60, 0.0)	(70, 0.0)	(80, 0.0)	(90, 0.0)	(100, 0.0)	(110, 0.0)	(120, 0.0)	(130, 0.0)	(140, 0.0)	(150, 0.0)	(160, 0.0)	(170, 0.0)	(180, 1.0)	(190, 1.0)	(200, 0.0)	(210, 0.0)	(220, 0.0)	(230, 0.0)	(240, 0.0)	(250, 0.0)	(260, 0.0)	(270, 0.0)	(280, 0.0)	(290, 129.0)	(300, 32966.0)																							
612A14_S42_L001_R2_001	(185, 1.0)	(190, 0.0)	(195, 1.0)	(200, 0.0)	(205, 0.0)	(210, 0.0)	(215, 0.0)	(220, 0.0)	(225, 0.0)	(230, 0.0)	(235, 0.0)	(240, 0.0)	(245, 0.0)	(250, 0.0)	(255, 0.0)	(260, 0.0)	(265, 0.0)	(270, 0.0)	(275, 0.0)	(280, 0.0)	(285, 0.0)	(290, 9.0)	(295, 562.0)	(300, 32526.0)																											
612B0_S43_L001_R1_001	(30, 1.0)	(40, 0.0)	(50, 1.0)	(60, 1.0)	(70, 1.0)	(80, 0.0)	(90, 0.0)	(100, 0.0)	(110, 1.0)	(120, 1.0)	(130, 0.0)	(140, 0.0)	(150, 0.0)	(160, 0.0)	(170, 0.0)	(180, 0.0)	(190, 0.0)	(200, 1.0)	(210, 1.0)	(220, 0.0)	(230, 0.0)	(240, 0.0)	(250, 0.0)	(260, 0.0)	(270, 0.0)	(280, 0.0)	(290, 202.0)	(300, 27470.0)																							
612B0_S43_L001_R2_001	(30, 1.0)	(40, 0.0)	(50, 1.0)	(60, 1.0)	(70, 1.0)	(80, 0.0)	(90, 0.0)	(100, 0.0)	(110, 1.0)	(120, 1.0)	(130, 0.0)	(140, 0.0)	(150, 0.0)	(160, 0.0)	(170, 0.0)	(180, 0.0)	(190, 0.0)	(200, 1.0)	(210, 1.0)	(220, 0.0)	(230, 0.0)	(240, 0.0)	(250, 0.0)	(260, 0.0)	(270, 0.0)	(280, 0.0)	(290, 448.0)	(300, 27224.0)																							
612B14_S44_L001_R1_001	(40, 1.0)	(50, 1.0)	(60, 2.0)	(70, 0.0)	(80, 0.0)	(90, 0.0)	(100, 0.0)	(110, 0.0)	(120, 0.0)	(130, 0.0)	(140, 0.0)	(150, 0.0)	(160, 0.0)	(170, 0.0)	(180, 0.0)	(190, 0.0)	(200, 0.0)	(210, 0.0)	(220, 0.0)	(230, 0.0)	(240, 0.0)	(250, 0.0)	(260, 0.0)	(270, 0.0)	(280, 0.0)	(290, 188.0)	(300, 31113.0)																								
612B14_S44_L001_R2_001	(30, 1.0)	(40, 1.0)	(50, 1.0)	(60, 2.0)	(70, 0.0)	(80, 0.0)	(90, 0.0)	(100, 0.0)	(110, 0.0)	(120, 0.0)	(130, 0.0)	(140, 0.0)	(150, 0.0)	(160, 0.0)	(170, 0.0)	(180, 0.0)	(190, 0.0)	(200, 0.0)	(210, 0.0)	(220, 0.0)	(230, 0.0)	(240, 0.0)	(250, 0.0)	(260, 0.0)	(270, 0.0)	(280, 0.0)	(290, 571.0)	(300, 30729.0)																							
613A0_S49_L001_R1_001	(30, 4.0)	(40, 0.0)	(50, 2.0)	(60, 2.0)	(70, 0.0)	(80, 0.0)	(90, 1.0)	(100, 0.0)	(110, 0.0)	(120, 0.0)	(130, 0.0)	(140, 0.0)	(150, 0.0)	(160, 0.0)	(170, 0.0)	(180, 0.0)	(190, 1.0)	(200, 0.0)	(210, 1.0)	(220, 0.0)	(230, 0.0)	(240, 0.0)	(250, 0.0)	(260, 0.0)	(270, 0.0)	(280, 0.0)	(290, 1645.0)	(300, 50185.0)																							
613A0_S49_L001_R2_001	(30, 4.0)	(40, 0.0)	(50, 2.0)	(60, 2.0)	(70, 0.0)	(80, 0.0)	(90, 1.0)	(100, 0.0)	(110, 0.0)	(120, 0.0)	(130, 0.0)	(140, 0.0)	(150, 0.0)	(160, 0.0)	(170, 0.0)	(180, 0.0)	(190, 1.0)	(200, 0.0)	(210, 1.0)	(220, 0.0)	(230, 0.0)	(240, 0.0)	(250, 0.0)	(260, 0.0)	(270, 0.0)	(280, 0.0)	(290, 1308.0)	(300, 50522.0)																							
613A14_S50_L001_R1_001	(40, 3.0)	(50, 2.0)	(60, 3.0)	(70, 0.0)	(80, 0.0)	(90, 0.0)	(100, 0.0)	(110, 0.0)	(120, 0.0)	(130, 0.0)	(140, 1.0)	(150, 1.0)	(160, 0.0)	(170, 0.0)	(180, 0.0)	(190, 2.0)	(200, 2.0)	(210, 0.0)	(220, 0.0)	(230, 0.0)	(240, 0.0)	(250, 0.0)	(260, 0.0)	(270, 0.0)	(280, 0.0)	(290, 1542.0)	(300, 33181.0)																								
613A14_S50_L001_R2_001	(40, 3.0)	(50, 2.0)	(60, 3.0)	(70, 0.0)	(80, 0.0)	(90, 0.0)	(100, 0.0)	(110, 0.0)	(120, 0.0)	(130, 0.0)	(140, 1.0)	(150, 1.0)	(160, 0.0)	(170, 0.0)	(180, 0.0)	(190, 2.0)	(200, 2.0)	(210, 0.0)	(220, 0.0)	(230, 0.0)	(240, 0.0)	(250, 0.0)	(260, 0.0)	(270, 0.0)	(280, 0.0)	(290, 681.0)	(300, 34042.0)																								
613B0_S51_L001_R1_001	(30, 4.0)	(40, 1.0)	(50, 4.0)	(60, 2.0)	(70, 1.0)	(80, 1.0)	(90, 0.0)	(100, 0.0)	(110, 0.0)	(120, 0.0)	(130, 0.0)	(140, 0.0)	(150, 0.0)	(160, 0.0)	(170, 2.0)	(180, 0.0)	(190, 2.0)	(200, 2.0)	(210, 0.0)	(220, 1.0)	(230, 0.0)	(240, 0.0)	(250, 0.0)	(260, 0.0)	(270, 0.0)	(280, 0.0)	(290, 765.0)	(300, 33135.0)																							
613B0_S51_L001_R2_001	(30, 3.0)	(40, 1.0)	(50, 4.0)	(60, 2.0)	(70, 1.0)	(80, 1.0)	(90, 0.0)	(100, 0.0)	(110, 0.0)	(120, 0.0)	(130, 0.0)	(140, 0.0)	(150, 0.0)	(160, 0.0)	(170, 2.0)	(180, 0.0)	(190, 1.0)	(200, 2.0)	(210, 0.0)	(220, 1.0)	(230, 0.0)	(240, 0.0)	(250, 0.0)	(260, 0.0)	(270, 0.0)	(280, 0.0)	(290, 641.0)	(300, 33261.0)																							
613B14_S52_L001_R1_001	(30, 2.0)	(40, 1.0)	(50, 2.0)	(60, 2.0)	(70, 0.0)	(80, 1.0)	(90, 0.0)	(100, 1.0)	(110, 0.0)	(120, 1.0)	(130, 0.0)	(140, 0.0)	(150, 0.0)	(160, 0.0)	(170, 1.0)	(180, 0.0)	(190, 0.0)	(200, 0.0)	(210, 0.0)	(220, 1.0)	(230, 0.0)	(240, 0.0)	(250, 0.0)	(260, 0.0)	(270, 0.0)	(280, 0.0)	(290, 895.0)	(300, 30347.0)																							
613B14_S52_L001_R2_001	(30, 2.0)	(40, 1.0)	(50, 2.0)	(60, 1.0)	(70, 0.0)	(80, 1.0)	(90, 0.0)	(100, 1.0)	(110, 0.0)	(120, 1.0)	(130, 0.0)	(140, 0.0)	(150, 0.0)	(160, 0.0)	(170, 1.0)	(180, 0.0)	(190, 0.0)	(200, 0.0)	(210, 0.0)	(220, 1.0)	(230, 0.0)	(240, 0.0)	(250, 0.0)	(260, 0.0)	(270, 0.0)	(280, 0.0)	(290, 559.0)	(300, 30684.0)																							
615A0_S37_L001_R1_001	(30, 4.0)	(40, 0.0)	(50, 1.0)	(60, 2.0)	(70, 0.0)	(80, 1.0)	(90, 1.0)	(100, 1.0)	(110, 1.0)	(120, 0.0)	(130, 0.0)	(140, 0.0)	(150, 0.0)	(160, 0.0)	(170, 0.0)	(180, 0.0)	(190, 3.0)	(200, 0.0)	(210, 0.0)	(220, 0.0)	(230, 0.0)	(240, 0.0)	(250, 0.0)	(260, 0.0)	(270, 0.0)	(280, 0.0)	(290, 651.0)	(300, 41623.0)																							
615A0_S37_L001_R2_001	(30, 4.0)	(40, 0.0)	(50, 1.0)	(60, 2.0)	(70, 1.0)	(80, 1.0)	(90, 1.0)	(100, 1.0)	(110, 1.0)	(120, 0.0)	(130, 0.0)	(140, 0.0)	(150, 0.0)	(160, 0.0)	(170, 0.0)	(180, 0.0)	(190, 2.0)	(200, 0.0)	(210, 1.0)	(220, 0.0)	(230, 0.0)	(240, 0.0)	(250, 0.0)	(260, 0.0)	(270, 0.0)	(280, 0.0)	(290, 908.0)	(300, 41365.0)																							
615A14_S38_L001_R1_001	(30, 2.0)	(40, 2.0)	(50, 1.0)	(60, 2.0)	(70, 0.0)	(80, 1.0)	(90, 0.0)	(100, 0.0)	(110, 0.0)	(120, 0.0)	(130, 0.0)	(140, 0.0)	(150, 0.0)	(160, 0.0)	(170, 0.0)	(180, 0.0)	(190, 2.0)	(200, 0.0)	(210, 1.0)	(220, 1.0)	(230, 0.0)	(240, 0.0)	(250, 0.0)	(260, 0.0)	(270, 0.0)	(280, 0.0)	(290, 636.0)	(300, 34985.0)																							
615A14_S38_L001_R2_001	(30, 2.0)	(40, 2.0)	(50, 1.0)	(60, 2.0)	(70, 0.0)	(80, 1.0)	(90, 0.0)	(100, 0.0)	(110, 0.0)	(120, 0.0)	(130, 0.0)	(140, 0.0)	(150, 0.0)	(160, 0.0)	(170, 0.0)	(180, 0.0)	(190, 2.0)	(200, 0.0)	(210, 0.0)	(220, 1.0)	(230, 0.0)	(240, 0.0)	(250, 0.0)	(260, 0.0)	(270, 0.0)	(280, 0.0)	(290, 603.0)	(300, 35019.0)																							
615B0_S39_L001_R1_001	(40, 1.0)	(50, 0.0)	(60, 4.0)	(70, 0.0)	(80, 0.0)	(90, 1.0)	(100, 0.0)	(110, 0.0)	(120, 0.0)	(130, 0.0)	(140, 0.0)	(150, 1.0)	(160, 0.0)	(170, 0.0)	(180, 1.0)	(190, 0.0)	(200, 0.0)	(210, 1.0)	(220, 0.0)	(230, 0.0)	(240, 1.0)	(250, 0.0)	(260, 0.0)	(270, 0.0)	(280, 0.0)	(290, 510.0)	(300, 34499.0)																								
615B0_S39_L001_R2_001	(40, 1.0)	(50, 0.0)	(60, 3.0)	(70, 0.0)	(80, 0.0)	(90, 1.0)	(100, 0.0)	(110, 0.0)	(120, 0.0)	(130, 0.0)	(140, 0.0)	(150, 1.0)	(160, 0.0)	(170, 0.0)	(180, 2.0)	(190, 1.0)	(200, 0.0)	(210, 2.0)	(220, 0.0)	(230, 0.0)	(240, 1.0)	(250, 0.0)	(260, 0.0)	(270, 0.0)	(280, 0.0)	(290, 695.0)	(300, 34312.0)																								
615B14_S40_L001_R1_001	(30, 3.0)	(40, 0.0)	(50, 1.0)	(60, 0.0)	(70, 0.0)	(80, 0.0)	(90, 0.0)	(100, 0.0)	(110, 0.0)	(120, 0.0)	(130, 0.0)	(140, 0.0)	(150, 0.0)	(160, 0.0)	(170, 0.0)	(180, 0.0)	(190, 1.0)	(200, 0.0)	(210, 0.0)	(220, 0.0)	(230, 0.0)	(240, 0.0)	(250, 0.0)	(260, 0.0)	(270, 0.0)	(280, 0.0)	(290, 83.0)	(300, 8841.0)																							
615B14_S40_L001_R2_001	(30, 3.0)	(40, 0.0)	(50, 1.0)	(60, 0.0)	(70, 0.0)	(80, 0.0)	(90, 0.0)	(100, 0.0)	(110, 0.0)	(120, 0.0)	(130, 0.0)	(140, 0.0)	(150, 0.0)	(160, 0.0)	(170, 0.0)	(180, 0.0)	(190, 1.0)	(200, 0.0)	(210, 0.0)	(220, 0.0)	(230, 0.0)	(240, 0.0)	(250, 0.0)	(260, 0.0)	(270, 0.0)	(280, 0.0)	(290, 508.0)	(300, 8416.0)																							
621A0_S57_L001_R1_001	(30, 2.0)	(40, 2.0)	(50, 1.0)	(60, 2.0)	(70, 0.0)	(80, 0.0)	(90, 0.0)	(100, 0.0)	(110, 0.0)	(120, 0.0)	(130, 0.0)	(140, 0.0)	(150, 1.0)	(160, 0.0)	(170, 0.0)	(180, 1.0)	(190, 1.0)	(200, 0.0)	(210, 2.0)	(220, 0.0)	(230, 0.0)	(240, 0.0)	(250, 0.0)	(260, 0.0)	(270, 0.0)	(280, 0.0)	(290, 7396.0)	(300, 29644.0)																							
621A0_S57_L001_R2_001	(30, 2.0)	(40, 2.0)	(50, 1.0)	(60, 2.0)	(70, 0.0)	(80, 0.0)	(90, 0.0)	(100, 1.0)	(110, 0.0)	(120, 0.0)	(130, 0.0)	(140, 0.0)	(150, 1.0)	(160, 0.0)	(170, 0.0)	(180, 1.0)	(190, 1.0)	(200, 0.0)	(210, 1.0)	(220, 0.0)	(230, 0.0)	(240, 0.0)	(250, 0.0)	(260, 0.0)	(270, 0.0)	(280, 0.0)	(290, 480.0)	(300, 36560.0)																							
621A14_S58_L001_R1_001	(30, 1.0)	(40, 2.0)	(50, 1.0)	(60, 2.0)	(70, 1.0)	(80, 1.0)	(90, 0.0)	(100, 4.0)	(110, 0.0)	(120, 1.0)	(130, 0.0)	(140, 0.0)	(150, 0.0)	(160, 0.0)	(170, 0.0)	(180, 1.0)	(190, 1.0)	(200, 0.0)	(210, 0.0)	(220, 1.0)	(230, 0.0)	(240, 0.0)	(250, 1.0)	(260, 0.0)	(270, 0.0)	(280, 0.0)	(290, 1824.0)	(300, 31212.0)																							
621A14_S58_L001_R2_001	(30, 1.0)	(40, 2.0)	(50, 1.0)	(60, 2.0)	(70, 1.0)	(80, 1.0)	(90, 0.0)	(100, 3.0)	(110, 0.0)	(120, 1.0)	(130, 0.0)	(140, 0.0)	(150, 0.0)	(160, 0.0)	(170, 0.0)	(180, 1.0)	(190, 0.0)	(200, 0.0)	(210, 0.0)	(220, 1.0)	(230, 0.0)	(240, 0.0)	(250, 1.0)	(260, 0.0)	(270, 0.0)	(280, 0.0)	(290, 630.0)	(300, 32408.0)																							
621B0_S59_L001_R1_001	(30, 2.0)	(40, 0.0)	(50, 3.0)	(60, 2.0)	(70, 0.0)	(80, 0.0)	(90, 0.0)	(100, 1.0)	(110, 0.0)	(120, 0.0)	(130, 0.0)	(140, 0.0)	(150, 0.0)	(160, 0.0)	(170, 0.0)	(180, 0.0)	(190, 3.0)	(200, 0.0)	(210, 0.0)	(220, 0.0)	(230, 0.0)	(240, 0.0)	(250, 0.0)	(260, 1.0)	(270, 0.0)	(280, 0.0)	(290, 2421.0)	(300, 30235.0)																							
621B0_S59_L001_R2_001	(30, 2.0)	(40, 0.0)	(50, 2.0)	(60, 2.0)	(70, 0.0)	(80, 0.0)	(90, 0.0)	(100, 2.0)	(110, 0.0)	(120, 0.0)	(130, 0.0)	(140, 0.0)	(150, 0.0)	(160, 0.0)	(170, 0.0)	(180, 1.0)	(190, 4.0)	(200, 0.0)	(210, 0.0)	(220, 0.0)	(230, 0.0)	(240, 0.0)	(250, 0.0)	(260, 0.0)	(270, 0.0)	(280, 0.0)	(290, 716.0)	(300, 31939.0)																							
621B14_S60_L001_R1_001	(40, 2.0)	(50, 0.0)	(60, 0.0)	(70, 1.0)	(80, 0.0)	(90, 0.0)	(100, 0.0)	(110, 0.0)	(120, 3.0)	(130, 0.0)	(140, 0.0)	(150, 0.0)	(160, 0.0)	(170, 0.0)	(180, 2.0)	(190, 1.0)	(200, 1.0)	(210, 1.0)	(220, 0.0)	(230, 0.0)	(240, 0.0)	(250, 1.0)	(260, 0.0)	(270, 0.0)	(280, 0.0)	(290, 4826.0)	(300, 27102.0)																								
621B14_S60_L001_R2_001	(30, 1.0)	(40, 2.0)	(50, 0.0)	(60, 0.0)	(70, 1.0)	(80, 0.0)	(90, 0.0)	(100, 0.0)	(110, 0.0)	(120, 1.0)	(130, 0.0)	(140, 0.0)	(150, 0.0)	(160, 0.0)	(170, 0.0)	(180, 2.0)	(190, 0.0)	(200, 1.0)	(210, 1.0)	(220, 0.0)	(230, 0.0)	(240, 0.0)	(250, 1.0)	(260, 0.0)	(270, 0.0)	(280, 0.0)	(290, 450.0)	(300, 31480.0)																							
622A0_S61_L001_R1_001	(30, 1.0)	(40, 4.0)	(50, 1.0)	(60, 0.0)	(70, 0.0)	(80, 0.0)	(90, 0.0)	(100, 0.0)	(110, 0.0)	(120, 1.0)	(130, 0.0)	(140, 0.0)	(150, 0.0)	(160, 0.0)	(170, 0.0)	(180, 0.0)	(190, 0.0)	(200, 0.0)	(210, 2.0)	(220, 0.0)	(230, 0.0)	(240, 0.0)	(250, 0.0)	(260, 0.0)	(270, 0.0)	(280, 0.0)	(290, 229.0)	(300, 39406.0)																							
622A0_S61_L001_R2_001	(30, 1.0)	(40, 4.0)	(50, 1.0)	(60, 0.0)	(70, 0.0)	(80, 0.0)	(90, 0.0)	(100, 0.0)	(110, 0.0)	(120, 1.0)	(130, 0.0)	(140, 0.0)	(150, 0.0)	(160, 0.0)	(170, 0.0)	(180, 0.0)	(190, 0.0)	(200, 0.0)	(210, 2.0)	(220, 0.0)	(230, 0.0)	(240, 0.0)	(250, 0.0)	(260, 0.0)	(270, 0.0)	(280, 0.0)	(290, 1003.0)	(300, 38632.0)																							
622A14_S62_L001_R1_001	(40, 1.0)	(50, 0.0)	(60, 1.0)	(70, 0.0)	(80, 1.0)	(90, 2.0)	(100, 1.0)	(110, 1.0)	(120, 0.0)	(130, 0.0)	(140, 0.0)	(150, 0.0)	(160, 0.0)	(170, 0.0)	(180, 2.0)	(190, 0.0)	(200, 0.0)	(210, 0.0)	(220, 0.0)	(230, 0.0)	(240, 0.0)	(250, 0.0)	(260, 0.0)	(270, 0.0)	(280, 0.0)	(290, 816.0)	(300, 24272.0)																								
622A14_S62_L001_R2_001	(30, 2.0)	(40, 1.0)	(50, 1.0)	(60, 1.0)	(70, 0.0)	(80, 1.0)	(90, 0.0)	(100, 1.0)	(110, 0.0)	(120, 0.0)	(130, 0.0)	(140, 0.0)	(150, 0.0)	(160, 0.0)	(170, 0.0)	(180, 1.0)	(190, 0.0)	(200, 0.0)	(210, 0.0)	(220, 0.0)	(230, 1.0)	(240, 0.0)	(250, 0.0)	(260, 0.0)	(270, 0.0)	(280, 0.0)	(290, 798.0)	(300, 24290.0)																							
622B0_S63_L001_R1_001	(30, 2.0)	(40, 2.0)	(50, 2.0)	(60, 1.0)	(70, 1.0)	(80, 0.0)	(90, 0.0)	(100, 1.0)	(110, 0.0)	(120, 0.0)	(130, 0.0)	(140, 0.0)	(150, 0.0)	(160, 0.0)	(170, 0.0)	(180, 1.0)	(190, 0.0)	(200, 0.0)	(210, 1.0)	(220, 1.0)	(230, 0.0)	(240, 0.0)	(250, 0.0)	(260, 0.0)	(270, 0.0)	(280, 0.0)	(290, 1071.0)	(300, 23970.0)																							
622B0_S63_L001_R2_001	(30, 2.0)	(40, 2.0)	(50, 2.0)	(60, 1.0)	(70, 1.0)	(80, 0.0)	(90, 0.0)	(100, 1.0)	(110, 0.0)	(120, 0.0)	(130, 0.0)	(140, 0.0)	(150, 0.0)	(160, 0.0)	(170, 0.0)	(180, 1.0)	(190, 0.0)	(200, 0.0)	(210, 1.0)	(220, 1.0)	(230, 0.0)	(240, 0.0)	(250, 0.0)	(260, 0.0)	(270, 0.0)	(280, 0.0)	(290, 692.0)	(300, 24349.0)																							
622B14_S64_L001_R1_001	(30, 2.0)	(40, 1.0)	(50, 0.0)	(60, 0.0)	(70, 0.0)	(80, 0.0)	(90, 0.0)	(100, 0.0)	(110, 0.0)	(120, 0.0)	(130, 0.0)	(140, 0.0)	(150, 0.0)	(160, 0.0)	(170, 0.0)	(180, 0.0)	(190, 1.0)	(200, 1.0)	(210, 1.0)	(220, 0.0)	(230, 0.0)	(240, 0.0)	(250, 1.0)	(260, 0.0)	(270, 0.0)	(280, 0.0)	(290, 1137.0)	(300, 21516.0)																							
622B14_S64_L001_R2_001	(30, 2.0)	(40, 1.0)	(50, 0.0)	(60, 0.0)	(70, 0.0)	(80, 0.0)	(90, 0.0)	(100, 0.0)	(110, 0.0)	(120, 0.0)	(130, 0.0)	(140, 0.0)	(150, 0.0)	(160, 0.0)	(170, 0.0)	(180, 0.0)	(190, 1.0)	(200, 1.0)	(210, 1.0)	(220, 0.0)	(230, 0.0)	(240, 0.0)	(250, 0.0)	(260, 0.0)	(270, 0.0)	(280, 0.0)	(290, 583.0)	(300, 22071.0)																							
639A0_S81_L001_R1_001	(30, 1.0)	(40, 3.0)	(50, 0.0)	(60, 0.0)	(70, 0.0)	(80, 0.0)	(90, 0.0)	(100, 1.0)	(110, 0.0)	(120, 0.0)	(130, 0.0)	(140, 0.0)	(150, 1.0)	(160, 0.0)	(170, 0.0)	(180, 0.0)	(190, 0.0)	(200, 0.0)	(210, 0.0)	(220, 0.0)	(230, 0.0)	(240, 0.0)	(250, 0.0)	(260, 0.0)	(270, 0.0)	(280, 0.0)	(290, 419.0)	(300, 31745.0)																							
639A0_S81_L001_R2_001	(30, 1.0)	(40, 3.0)	(50, 0.0)	(60, 0.0)	(70, 0.0)	(80, 0.0)	(90, 0.0)	(100, 1.0)	(110, 0.0)	(120, 0.0)	(130, 0.0)	(140, 0.0)	(150, 1.0)	(160, 0.0)	(170, 0.0)	(180, 0.0)	(190, 1.0)	(200, 0.0)	(210, 0.0)	(220, 0.0)	(230, 0.0)	(240, 0.0)	(250, 0.0)	(260, 0.0)	(270, 0.0)	(280, 0.0)	(290, 725.0)	(300, 31438.0)																							
639B14_S84_L001_R1_001	(30, 1.0)	(40, 2.0)	(50, 0.0)	(60, 0.0)	(70, 1.0)	(80, 1.0)	(90, 1.0)	(100, 1.0)	(110, 0.0)	(120, 0.0)	(130, 0.0)	(140, 0.0)	(150, 0.0)	(160, 0.0)	(170, 0.0)	(180, 0.0)	(190, 1.0)	(200, 0.0)	(210, 0.0)	(220, 0.0)	(230, 0.0)	(240, 0.0)	(250, 0.0)	(260, 0.0)	(270, 1.0)	(280, 0.0)	(290, 538.0)	(300, 29469.0)																							
639B14_S84_L001_R2_001	(30, 1.0)	(40, 2.0)	(50, 0.0)	(60, 0.0)	(70, 1.0)	(80, 1.0)	(90, 0.0)	(100, 1.0)	(110, 0.0)	(120, 0.0)	(130, 0.0)	(140, 0.0)	(150, 0.0)	(160, 0.0)	(170, 0.0)	(180, 0.0)	(190, 1.0)	(200, 0.0)	(210, 0.0)	(220, 0.0)	(230, 0.0)	(240, 0.0)	(250, 0.0)	(260, 0.0)	(270, 1.0)	(280, 0.0)	(290, 735.0)	(300, 29273.0)																							
640A0_S85_L001_R1_001	(30, 1.0)	(40, 0.0)	(50, 0.0)	(60, 1.0)	(70, 0.0)	(80, 0.0)	(90, 0.0)	(100, 5.0)	(110, 0.0)	(120, 0.0)	(130, 0.0)	(140, 0.0)	(150, 0.0)	(160, 0.0)	(170, 1.0)	(180, 0.0)	(190, 1.0)	(200, 0.0)	(210, 0.0)	(220, 0.0)	(230, 0.0)	(240, 0.0)	(250, 0.0)	(260, 0.0)	(270, 0.0)	(280, 0.0)	(290, 170.0)	(300, 28020.0)																							
640A0_S85_L001_R2_001	(30, 1.0)	(40, 0.0)	(50, 0.0)	(60, 1.0)	(70, 0.0)	(80, 0.0)	(90, 0.0)	(100, 5.0)	(110, 0.0)	(120, 0.0)	(130, 0.0)	(140, 0.0)	(150, 0.0)	(160, 0.0)	(170, 1.0)	(180, 0.0)	(190, 1.0)	(200, 0.0)	(210, 0.0)	(220, 0.0)	(230, 0.0)	(240, 0.0)	(250, 0.0)	(260, 0.0)	(270, 0.0)	(280, 0.0)	(290, 513.0)	(300, 27677.0)																							
640A14_S86_L001_R1_001	(60, 2.0)	(65, 0.0)	(70, 0.0)	(75, 0.0)	(80, 0.0)	(85, 0.0)	(90, 0.0)	(95, 0.0)	(100, 0.0)	(105, 2.0)	(110, 0.0)	(115, 0.0)	(120, 0.0)	(125, 0.0)	(130, 0.0)	(135, 0.0)	(140, 0.0)	(145, 0.0)	(150, 0.0)	(155, 0.0)	(160, 0.0)	(165, 0.0)	(170, 0.0)	(175, 0.0)	(180, 0.0)	(185, 0.0)	(190, 1.0)	(195, 0.0)	(200, 0.0)	(205, 0.0)	(210, 0.0)	(215, 0.0)	(220, 1.0)	(225, 1.0)	(230, 0.0)	(235, 0.0)	(240, 0.0)	(245, 0.0)	(250, 0.0)	(255, 0.0)	(260, 0.0)	(265, 0.0)	(270, 0.0)	(275, 0.0)	(280, 0.0)	(285, 1.0)	(290, 0.0)	(295, 206.0)	(300, 28156.0)		
640A14_S86_L001_R2_001	(30, 1.0)	(40, 0.0)	(50, 0.0)	(60, 2.0)	(70, 0.0)	(80, 0.0)	(90, 0.0)	(100, 3.0)	(110, 0.0)	(120, 0.0)	(130, 0.0)	(140, 0.0)	(150, 0.0)	(160, 0.0)	(170, 0.0)	(180, 0.0)	(190, 0.0)	(200, 0.0)	(210, 0.0)	(220, 2.0)	(230, 0.0)	(240, 0.0)	(250, 0.0)	(260, 0.0)	(270, 0.0)	(280, 0.0)	(290, 526.0)	(300, 27836.0)																							
640B0_S87_L001_R1_001	(30, 1.0)	(40, 1.0)	(50, 0.0)	(60, 1.0)	(70, 0.0)	(80, 0.0)	(90, 0.0)	(100, 1.0)	(110, 0.0)	(120, 0.0)	(130, 0.0)	(140, 0.0)	(150, 1.0)	(160, 0.0)	(170, 0.0)	(180, 1.0)	(190, 0.0)	(200, 0.0)	(210, 1.0)	(220, 0.0)	(230, 0.0)	(240, 0.0)	(250, 1.0)	(260, 1.0)	(270, 0.0)	(280, 0.0)	(290, 417.0)	(300, 39952.0)																							
640B0_S87_L001_R2_001	(30, 1.0)	(40, 1.0)	(50, 0.0)	(60, 1.0)	(70, 1.0)	(80, 0.0)	(90, 0.0)	(100, 1.0)	(110, 0.0)	(120, 0.0)	(130, 0.0)	(140, 0.0)	(150, 1.0)	(160, 0.0)	(170, 0.0)	(180, 1.0)	(190, 0.0)	(200, 0.0)	(210, 1.0)	(220, 0.0)	(230, 0.0)	(240, 0.0)	(250, 0.0)	(260, 1.0)	(270, 0.0)	(280, 0.0)	(290, 986.0)	(300, 39383.0)																							
640B14_S88_L001_R1_001	(30, 2.0)	(40, 0.0)	(50, 0.0)	(60, 1.0)	(70, 0.0)	(80, 0.0)	(90, 0.0)	(100, 6.0)	(110, 0.0)	(120, 1.0)	(130, 0.0)	(140, 0.0)	(150, 0.0)	(160, 1.0)	(170, 0.0)	(180, 1.0)	(190, 0.0)	(200, 0.0)	(210, 1.0)	(220, 0.0)	(230, 0.0)	(240, 0.0)	(250, 1.0)	(260, 0.0)	(270, 0.0)	(280, 0.0)	(290, 227.0)	(300, 44758.0)																							
640B14_S88_L001_R2_001	(30, 2.0)	(40, 0.0)	(50, 0.0)	(60, 1.0)	(70, 0.0)	(80, 0.0)	(90, 0.0)	(100, 7.0)	(110, 0.0)	(120, 1.0)	(130, 0.0)	(140, 0.0)	(150, 0.0)	(160, 1.0)	(170, 0.0)	(180, 1.0)	(190, 0.0)	(200, 0.0)	(210, 1.0)	(220, 0.0)	(230, 0.0)	(240, 0.0)	(250, 0.0)	(260, 0.0)	(270, 0.0)	(280, 0.0)	(290, 976.0)	(300, 44009.0)																							
644A14_S90_L001_R1_001	(30, 1.0)	(40, 2.0)	(50, 0.0)	(60, 0.0)	(70, 1.0)	(80, 0.0)	(90, 1.0)	(100, 1.0)	(110, 0.0)	(120, 0.0)	(130, 0.0)	(140, 0.0)	(150, 0.0)	(160, 0.0)	(170, 0.0)	(180, 0.0)	(190, 0.0)	(200, 0.0)	(210, 1.0)	(220, 0.0)	(230, 0.0)	(240, 0.0)	(250, 1.0)	(260, 0.0)	(270, 0.0)	(280, 0.0)	(290, 369.0)	(300, 26720.0)																							
644A14_S90_L001_R2_001	(30, 1.0)	(40, 2.0)	(50, 0.0)	(60, 0.0)	(70, 1.0)	(80, 0.0)	(90, 1.0)	(100, 1.0)	(110, 0.0)	(120, 0.0)	(130, 0.0)	(140, 0.0)	(150, 0.0)	(160, 0.0)	(170, 0.0)	(180, 0.0)	(190, 0.0)	(200, 0.0)	(210, 1.0)	(220, 0.0)	(230, 0.0)	(240, 0.0)	(250, 1.0)	(260, 0.0)	(270, 0.0)	(280, 0.0)	(290, 403.0)	(300, 26686.0)																							
644B0_S91_L001_R1_001	(30, 1.0)	(40, 0.0)	(50, 1.0)	(60, 1.0)	(70, 0.0)	(80, 0.0)	(90, 0.0)	(100, 0.0)	(110, 0.0)	(120, 0.0)	(130, 0.0)	(140, 0.0)	(150, 0.0)	(160, 0.0)	(170, 0.0)	(180, 0.0)	(190, 1.0)	(200, 0.0)	(210, 0.0)	(220, 0.0)	(230, 0.0)	(240, 0.0)	(250, 0.0)	(260, 0.0)	(270, 0.0)	(280, 0.0)	(290, 598.0)	(300, 28668.0)																							
644B0_S91_L001_R2_001	(30, 1.0)	(40, 0.0)	(50, 1.0)	(60, 1.0)	(70, 0.0)	(80, 0.0)	(90, 0.0)	(100, 0.0)	(110, 0.0)	(120, 0.0)	(130, 0.0)	(140, 0.0)	(150, 0.0)	(160, 0.0)	(170, 0.0)	(180, 0.0)	(190, 1.0)	(200, 0.0)	(210, 0.0)	(220, 0.0)	(230, 0.0)	(240, 0.0)	(250, 0.0)	(260, 0.0)	(270, 0.0)	(280, 0.0)	(290, 526.0)	(300, 28740.0)																							
644B14_S92_L001_R1_001	(40, 1.0)	(50, 0.0)	(60, 0.0)	(70, 0.0)	(80, 0.0)	(90, 0.0)	(100, 0.0)	(110, 0.0)	(120, 0.0)	(130, 0.0)	(140, 0.0)	(150, 0.0)	(160, 0.0)	(170, 0.0)	(180, 0.0)	(190, 3.0)	(200, 0.0)	(210, 1.0)	(220, 0.0)	(230, 1.0)	(240, 0.0)	(250, 0.0)	(260, 0.0)	(270, 0.0)	(280, 0.0)	(290, 628.0)	(300, 27064.0)																								
644B14_S92_L001_R2_001	(30, 1.0)	(40, 1.0)	(50, 0.0)	(60, 1.0)	(70, 0.0)	(80, 0.0)	(90, 0.0)	(100, 0.0)	(110, 0.0)	(120, 0.0)	(130, 0.0)	(140, 0.0)	(150, 0.0)	(160, 0.0)	(170, 0.0)	(180, 0.0)	(190, 2.0)	(200, 0.0)	(210, 1.0)	(220, 0.0)	(230, 1.0)	(240, 0.0)	(250, 0.0)	(260, 0.0)	(270, 0.0)	(280, 0.0)	(290, 454.0)	(300, 27237.0)																							
651A0_S105_L001_R1_001	(155, 1.0)	(160, 0.0)	(165, 0.0)	(170, 0.0)	(175, 0.0)	(180, 0.0)	(185, 0.0)	(190, 0.0)	(195, 0.0)	(200, 0.0)	(205, 0.0)	(210, 0.0)	(215, 0.0)	(220, 0.0)	(225, 0.0)	(230, 0.0)	(235, 0.0)	(240, 0.0)	(245, 0.0)	(250, 2.0)	(255, 0.0)	(260, 0.0)	(265, 0.0)	(270, 0.0)	(275, 0.0)	(280, 0.0)	(285, 0.0)	(290, 0.0)	(295, 1197.0)	(300, 47886.0)																					
651A0_S105_L001_R2_001	(155, 1.0)	(160, 0.0)	(165, 0.0)	(170, 0.0)	(175, 0.0)	(180, 0.0)	(185, 0.0)	(190, 0.0)	(195, 0.0)	(200, 0.0)	(205, 0.0)	(210, 0.0)	(215, 0.0)	(220, 0.0)	(225, 0.0)	(230, 0.0)	(235, 0.0)	(240, 0.0)	(245, 0.0)	(250, 1.0)	(255, 0.0)	(260, 0.0)	(265, 0.0)	(270, 0.0)	(275, 0.0)	(280, 0.0)	(285, 0.0)	(290, 14.0)	(295, 1337.0)	(300, 47733.0)																					
651A14_S106_L001_R1_001	(40, 1.0)	(50, 0.0)	(60, 0.0)	(70, 0.0)	(80, 0.0)	(90, 0.0)	(100, 0.0)	(110, 0.0)	(120, 0.0)	(130, 0.0)	(140, 0.0)	(150, 0.0)	(160, 0.0)	(170, 0.0)	(180, 1.0)	(190, 0.0)	(200, 6.0)	(210, 0.0)	(220, 0.0)	(230, 0.0)	(240, 1.0)	(250, 3.0)	(260, 0.0)	(270, 0.0)	(280, 0.0)	(290, 334.0)	(300, 33570.0)																								
651A14_S106_L001_R2_001	(40, 2.0)	(50, 0.0)	(60, 0.0)	(70, 0.0)	(80, 0.0)	(90, 0.0)	(100, 0.0)	(110, 0.0)	(120, 0.0)	(130, 0.0)	(140, 0.0)	(150, 0.0)	(160, 0.0)	(170, 0.0)	(180, 1.0)	(190, 0.0)	(200, 6.0)	(210, 0.0)	(220, 0.0)	(230, 0.0)	(240, 1.0)	(250, 3.0)	(260, 0.0)	(270, 0.0)	(280, 0.0)	(290, 776.0)	(300, 33127.0)																								
651B0_S107_L001_R1_001	(250, 1.0)	(252, 0.0)	(254, 0.0)	(256, 0.0)	(258, 0.0)	(260, 0.0)	(262, 0.0)	(264, 0.0)	(266, 0.0)	(268, 0.0)	(270, 0.0)	(272, 0.0)	(274, 0.0)	(276, 0.0)	(278, 0.0)	(280, 0.0)	(282, 0.0)	(284, 0.0)	(286, 0.0)	(288, 0.0)	(290, 0.0)	(292, 0.0)	(294, 2.0)	(296, 89.0)	(298, 119.0)	(300, 35400.0)																									
651B0_S107_L001_R2_001	(294, 10.0)	(295, 0.0)	(296, 146.0)	(297, 184.0)	(298, 484.0)	(299, 40.0)	(300, 11685.0)	(301, 23062.0)																																											
651B14_S108_L001_R1_001	(248, 2.0)	(250, 1.0)	(252, 0.0)	(254, 0.0)	(256, 0.0)	(258, 0.0)	(260, 0.0)	(262, 0.0)	(264, 0.0)	(266, 0.0)	(268, 0.0)	(270, 0.0)	(272, 0.0)	(274, 0.0)	(276, 0.0)	(278, 0.0)	(280, 0.0)	(282, 0.0)	(284, 0.0)	(286, 0.0)	(288, 0.0)	(290, 0.0)	(292, 0.0)	(294, 1.0)	(296, 130.0)	(298, 142.0)	(300, 26490.0)																								
651B14_S108_L001_R2_001	(248, 2.0)	(250, 1.0)	(252, 0.0)	(254, 0.0)	(256, 0.0)	(258, 0.0)	(260, 0.0)	(262, 0.0)	(264, 0.0)	(266, 0.0)	(268, 0.0)	(270, 0.0)	(272, 0.0)	(274, 0.0)	(276, 0.0)	(278, 0.0)	(280, 0.0)	(282, 0.0)	(284, 0.0)	(286, 0.0)	(288, 0.0)	(290, 2.0)	(292, 0.0)	(294, 3.0)	(296, 282.0)	(298, 396.0)	(300, 26080.0)																								
653A0_S113_L001_R1_001	(70, 1.0)	(75, 0.0)	(80, 0.0)	(85, 0.0)	(90, 0.0)	(95, 0.0)	(100, 0.0)	(105, 0.0)	(110, 0.0)	(115, 0.0)	(120, 0.0)	(125, 0.0)	(130, 0.0)	(135, 0.0)	(140, 0.0)	(145, 0.0)	(150, 0.0)	(155, 0.0)	(160, 0.0)	(165, 0.0)	(170, 0.0)	(175, 0.0)	(180, 0.0)	(185, 0.0)	(190, 0.0)	(195, 0.0)	(200, 0.0)	(205, 0.0)	(210, 0.0)	(215, 0.0)	(220, 0.0)	(225, 0.0)	(230, 0.0)	(235, 0.0)	(240, 0.0)	(245, 0.0)	(250, 0.0)	(255, 0.0)	(260, 0.0)	(265, 0.0)	(270, 0.0)	(275, 0.0)	(280, 0.0)	(285, 0.0)	(290, 0.0)	(295, 182.0)	(300, 26799.0)				
653A0_S113_L001_R2_001	(70, 1.0)	(75, 0.0)	(80, 0.0)	(85, 0.0)	(90, 0.0)	(95, 0.0)	(100, 0.0)	(105, 0.0)	(110, 0.0)	(115, 0.0)	(120, 0.0)	(125, 0.0)	(130, 0.0)	(135, 0.0)	(140, 0.0)	(145, 0.0)	(150, 0.0)	(155, 0.0)	(160, 0.0)	(165, 0.0)	(170, 0.0)	(175, 0.0)	(180, 0.0)	(185, 0.0)	(190, 0.0)	(195, 0.0)	(200, 0.0)	(205, 0.0)	(210, 0.0)	(215, 0.0)	(220, 0.0)	(225, 0.0)	(230, 0.0)	(235, 0.0)	(240, 0.0)	(245, 0.0)	(250, 0.0)	(255, 0.0)	(260, 0.0)	(265, 0.0)	(270, 0.0)	(275, 0.0)	(280, 0.0)	(285, 0.0)	(290, 7.0)	(295, 662.0)	(300, 26312.0)				
653A14_S114_L001_R1_001	(65, 1.0)	(70, 0.0)	(75, 0.0)	(80, 0.0)	(85, 0.0)	(90, 0.0)	(95, 2.0)	(100, 0.0)	(105, 0.0)	(110, 0.0)	(115, 0.0)	(120, 0.0)	(125, 0.0)	(130, 0.0)	(135, 0.0)	(140, 0.0)	(145, 0.0)	(150, 0.0)	(155, 0.0)	(160, 0.0)	(165, 0.0)	(170, 0.0)	(175, 0.0)	(180, 0.0)	(185, 0.0)	(190, 0.0)	(195, 0.0)	(200, 0.0)	(205, 0.0)	(210, 0.0)	(215, 0.0)	(220, 0.0)	(225, 0.0)	(230, 0.0)	(235, 0.0)	(240, 0.0)	(245, 0.0)	(250, 0.0)	(255, 0.0)	(260, 0.0)	(265, 0.0)	(270, 0.0)	(275, 0.0)	(280, 0.0)	(285, 0.0)	(290, 0.0)	(295, 196.0)	(300, 25424.0)			
653A14_S114_L001_R2_001	(65, 1.0)	(70, 0.0)	(75, 0.0)	(80, 0.0)	(85, 0.0)	(90, 0.0)	(95, 2.0)	(100, 0.0)	(105, 0.0)	(110, 0.0)	(115, 0.0)	(120, 0.0)	(125, 0.0)	(130, 0.0)	(135, 0.0)	(140, 0.0)	(145, 0.0)	(150, 0.0)	(155, 0.0)	(160, 0.0)	(165, 0.0)	(170, 0.0)	(175, 0.0)	(180, 0.0)	(185, 0.0)	(190, 0.0)	(195, 0.0)	(200, 0.0)	(205, 0.0)	(210, 0.0)	(215, 0.0)	(220, 0.0)	(225, 0.0)	(230, 0.0)	(235, 0.0)	(240, 0.0)	(245, 0.0)	(250, 0.0)	(255, 0.0)	(260, 0.0)	(265, 0.0)	(270, 0.0)	(275, 0.0)	(280, 0.0)	(285, 0.0)	(290, 8.0)	(295, 514.0)	(300, 25098.0)			
653B0_S115_L001_R1_001	(298, 60.0)	(299, 138.0)	(300, 932.0)	(301, 24649.0)																																															
653B0_S115_L001_R2_001	(291, 2.0)	(292, 0.0)	(293, 0.0)	(294, 4.0)	(295, 0.0)	(296, 49.0)	(297, 169.0)	(298, 391.0)	(299, 24.0)	(300, 6723.0)	(301, 18417.0)																																								
653B14_S116_L001_R1_001	(295, 1.0)	(296, 1.0)	(297, 3.0)	(298, 36.0)	(299, 98.0)	(300, 933.0)	(301, 25455.0)																																												
653B14_S116_L001_R2_001	(291, 2.0)	(292, 0.0)	(293, 0.0)	(294, 5.0)	(295, 0.0)	(296, 52.0)	(297, 193.0)	(298, 410.0)	(299, 20.0)	(300, 6886.0)	(301, 18959.0)																																								
655A14_S126_L001_R1_001	(70, 1.0)	(75, 0.0)	(80, 0.0)	(85, 0.0)	(90, 0.0)	(95, 0.0)	(100, 0.0)	(105, 0.0)	(110, 0.0)	(115, 0.0)	(120, 0.0)	(125, 0.0)	(130, 0.0)	(135, 0.0)	(140, 0.0)	(145, 0.0)	(150, 0.0)	(155, 0.0)	(160, 0.0)	(165, 0.0)	(170, 0.0)	(175, 0.0)	(180, 0.0)	(185, 0.0)	(190, 0.0)	(195, 0.0)	(200, 0.0)	(205, 1.0)	(210, 0.0)	(215, 0.0)	(220, 0.0)	(225, 0.0)	(230, 0.0)	(235, 0.0)	(240, 0.0)	(245, 0.0)	(250, 0.0)	(255, 0.0)	(260, 0.0)	(265, 0.0)	(270, 0.0)	(275, 0.0)	(280, 0.0)	(285, 0.0)	(290, 0.0)	(295, 467.0)	(300, 25181.0)				
655A14_S126_L001_R2_001	(70, 1.0)	(75, 0.0)	(80, 0.0)	(85, 0.0)	(90, 0.0)	(95, 0.0)	(100, 0.0)	(105, 0.0)	(110, 0.0)	(115, 0.0)	(120, 0.0)	(125, 0.0)	(130, 0.0)	(135, 0.0)	(140, 0.0)	(145, 0.0)	(150, 0.0)	(155, 0.0)	(160, 0.0)	(165, 0.0)	(170, 0.0)	(175, 0.0)	(180, 0.0)	(185, 0.0)	(190, 0.0)	(195, 0.0)	(200, 0.0)	(205, 1.0)	(210, 0.0)	(215, 0.0)	(220, 0.0)	(225, 0.0)	(230, 0.0)	(235, 0.0)	(240, 0.0)	(245, 0.0)	(250, 0.0)	(255, 0.0)	(260, 0.0)	(265, 0.0)	(270, 0.0)	(275, 0.0)	(280, 0.0)	(285, 0.0)	(290, 4.0)	(295, 695.0)	(300, 24949.0)				
655B0_S127_L001_R1_001	(248, 1.0)	(250, 0.0)	(252, 0.0)	(254, 0.0)	(256, 0.0)	(258, 0.0)	(260, 0.0)	(262, 0.0)	(264, 0.0)	(266, 0.0)	(268, 0.0)	(270, 0.0)	(272, 0.0)	(274, 0.0)	(276, 0.0)	(278, 0.0)	(280, 0.0)	(282, 0.0)	(284, 0.0)	(286, 0.0)	(288, 0.0)	(290, 0.0)	(292, 0.0)	(294, 0.0)	(296, 47.0)	(298, 232.0)	(300, 31429.0)																								
655B0_S127_L001_R2_001	(248, 1.0)	(250, 0.0)	(252, 0.0)	(254, 0.0)	(256, 0.0)	(258, 0.0)	(260, 0.0)	(262, 0.0)	(264, 0.0)	(266, 0.0)	(268, 0.0)	(270, 0.0)	(272, 0.0)	(274, 0.0)	(276, 0.0)	(278, 0.0)	(280, 0.0)	(282, 0.0)	(284, 0.0)	(286, 0.0)	(288, 0.0)	(290, 0.0)	(292, 0.0)	(294, 10.0)	(296, 267.0)	(298, 571.0)	(300, 30860.0)																								
655B14_S128_L001_R1_001	(190, 1.0)	(195, 0.0)	(200, 0.0)	(205, 0.0)	(210, 0.0)	(215, 0.0)	(220, 0.0)	(225, 0.0)	(230, 0.0)	(235, 0.0)	(240, 0.0)	(245, 0.0)	(250, 0.0)	(255, 1.0)	(260, 0.0)	(265, 0.0)	(270, 0.0)	(275, 0.0)	(280, 0.0)	(285, 0.0)	(290, 1.0)	(295, 479.0)	(300, 23151.0)																												
655B14_S128_L001_R2_001	(190, 1.0)	(195, 0.0)	(200, 0.0)	(205, 0.0)	(210, 0.0)	(215, 0.0)	(220, 0.0)	(225, 0.0)	(230, 0.0)	(235, 0.0)	(240, 0.0)	(245, 0.0)	(250, 0.0)	(255, 1.0)	(260, 0.0)	(265, 0.0)	(270, 0.0)	(275, 0.0)	(280, 0.0)	(285, 0.0)	(290, 4.0)	(295, 615.0)	(300, 23012.0)																												
656A0_S117_L001_R1_001	(95, 1.0)	(100, 0.0)	(105, 0.0)	(110, 0.0)	(115, 0.0)	(120, 0.0)	(125, 0.0)	(130, 0.0)	(135, 0.0)	(140, 0.0)	(145, 0.0)	(150, 0.0)	(155, 0.0)	(160, 0.0)	(165, 0.0)	(170, 0.0)	(175, 0.0)	(180, 0.0)	(185, 0.0)	(190, 0.0)	(195, 0.0)	(200, 0.0)	(205, 0.0)	(210, 0.0)	(215, 0.0)	(220, 0.0)	(225, 0.0)	(230, 0.0)	(235, 0.0)	(240, 0.0)	(245, 2.0)	(250, 1.0)	(255, 1.0)	(260, 0.0)	(265, 0.0)	(270, 0.0)	(275, 0.0)	(280, 0.0)	(285, 0.0)	(290, 0.0)	(295, 773.0)	(300, 28149.0)									
656A0_S117_L001_R2_001	(95, 1.0)	(100, 0.0)	(105, 0.0)	(110, 0.0)	(115, 0.0)	(120, 0.0)	(125, 0.0)	(130, 0.0)	(135, 0.0)	(140, 0.0)	(145, 0.0)	(150, 0.0)	(155, 0.0)	(160, 0.0)	(165, 0.0)	(170, 0.0)	(175, 0.0)	(180, 0.0)	(185, 0.0)	(190, 0.0)	(195, 0.0)	(200, 0.0)	(205, 0.0)	(210, 0.0)	(215, 0.0)	(220, 0.0)	(225, 0.0)	(230, 0.0)	(235, 0.0)	(240, 0.0)	(245, 2.0)	(250, 2.0)	(255, 0.0)	(260, 0.0)	(265, 0.0)	(270, 0.0)	(275, 0.0)	(280, 0.0)	(285, 0.0)	(290, 3.0)	(295, 739.0)	(300, 28180.0)									
656A14_S118_L001_R1_001	(248, 1.0)	(250, 1.0)	(252, 0.0)	(254, 0.0)	(256, 0.0)	(258, 1.0)	(260, 0.0)	(262, 0.0)	(264, 0.0)	(266, 0.0)	(268, 0.0)	(270, 0.0)	(272, 0.0)	(274, 0.0)	(276, 0.0)	(278, 0.0)	(280, 0.0)	(282, 0.0)	(284, 0.0)	(286, 0.0)	(288, 0.0)	(290, 0.0)	(292, 0.0)	(294, 1.0)	(296, 9.0)	(298, 789.0)	(300, 30496.0)																								
656A14_S118_L001_R2_001	(248, 1.0)	(250, 1.0)	(252, 0.0)	(254, 0.0)	(256, 0.0)	(258, 0.0)	(260, 0.0)	(262, 0.0)	(264, 0.0)	(266, 0.0)	(268, 0.0)	(270, 0.0)	(272, 0.0)	(274, 0.0)	(276, 0.0)	(278, 0.0)	(280, 0.0)	(282, 0.0)	(284, 0.0)	(286, 0.0)	(288, 0.0)	(290, 0.0)	(292, 0.0)	(294, 4.0)	(296, 258.0)	(298, 565.0)	(300, 30469.0)																								
656B0_S119_L001_R1_001	(40, 1.0)	(50, 0.0)	(60, 0.0)	(70, 0.0)	(80, 0.0)	(90, 0.0)	(100, 0.0)	(110, 0.0)	(120, 0.0)	(130, 0.0)	(140, 0.0)	(150, 0.0)	(160, 0.0)	(170, 0.0)	(180, 0.0)	(190, 0.0)	(200, 0.0)	(210, 0.0)	(220, 0.0)	(230, 0.0)	(240, 0.0)	(250, 0.0)	(260, 0.0)	(270, 0.0)	(280, 1.0)	(290, 531.0)	(300, 27592.0)																								
656B0_S119_L001_R2_001	(40, 1.0)	(50, 0.0)	(60, 0.0)	(70, 0.0)	(80, 0.0)	(90, 0.0)	(100, 0.0)	(110, 0.0)	(120, 0.0)	(130, 0.0)	(140, 0.0)	(150, 0.0)	(160, 0.0)	(170, 0.0)	(180, 0.0)	(190, 0.0)	(200, 0.0)	(210, 0.0)	(220, 0.0)	(230, 0.0)	(240, 0.0)	(250, 0.0)	(260, 0.0)	(270, 0.0)	(280, 1.0)	(290, 799.0)	(300, 27324.0)																								
656B14_S120_L001_R1_001	(60, 1.0)	(65, 0.0)	(70, 0.0)	(75, 0.0)	(80, 0.0)	(85, 0.0)	(90, 0.0)	(95, 0.0)	(100, 0.0)	(105, 0.0)	(110, 0.0)	(115, 0.0)	(120, 0.0)	(125, 0.0)	(130, 0.0)	(135, 0.0)	(140, 0.0)	(145, 0.0)	(150, 0.0)	(155, 0.0)	(160, 0.0)	(165, 0.0)	(170, 0.0)	(175, 0.0)	(180, 1.0)	(185, 0.0)	(190, 0.0)	(195, 0.0)	(200, 0.0)	(205, 1.0)	(210, 0.0)	(215, 0.0)	(220, 0.0)	(225, 0.0)	(230, 0.0)	(235, 0.0)	(240, 0.0)	(245, 0.0)	(250, 1.0)	(255, 0.0)	(260, 1.0)	(265, 0.0)	(270, 0.0)	(275, 0.0)	(280, 0.0)	(285, 0.0)	(290, 0.0)	(295, 507.0)	(300, 25579.0)		
656B14_S120_L001_R2_001	(60, 1.0)	(65, 0.0)	(70, 0.0)	(75, 0.0)	(80, 0.0)	(85, 0.0)	(90, 0.0)	(95, 0.0)	(100, 0.0)	(105, 0.0)	(110, 0.0)	(115, 0.0)	(120, 0.0)	(125, 0.0)	(130, 0.0)	(135, 0.0)	(140, 0.0)	(145, 0.0)	(150, 0.0)	(155, 0.0)	(160, 0.0)	(165, 0.0)	(170, 0.0)	(175, 0.0)	(180, 1.0)	(185, 0.0)	(190, 0.0)	(195, 0.0)	(200, 0.0)	(205, 0.0)	(210, 0.0)	(215, 0.0)	(220, 0.0)	(225, 0.0)	(230, 0.0)	(235, 0.0)	(240, 0.0)	(245, 0.0)	(250, 0.0)	(255, 0.0)	(260, 1.0)	(265, 0.0)	(270, 0.0)	(275, 0.0)	(280, 0.0)	(285, 0.0)	(290, 10.0)	(295, 681.0)	(300, 25397.0)		
676A0_S133_L001_R1_001	(100, 1.0)	(105, 0.0)	(110, 0.0)	(115, 0.0)	(120, 0.0)	(125, 0.0)	(130, 0.0)	(135, 0.0)	(140, 0.0)	(145, 0.0)	(150, 0.0)	(155, 0.0)	(160, 0.0)	(165, 0.0)	(170, 0.0)	(175, 0.0)	(180, 1.0)	(185, 1.0)	(190, 0.0)	(195, 0.0)	(200, 0.0)	(205, 0.0)	(210, 0.0)	(215, 0.0)	(220, 0.0)	(225, 0.0)	(230, 0.0)	(235, 0.0)	(240, 0.0)	(245, 0.0)	(250, 0.0)	(255, 1.0)	(260, 0.0)	(265, 0.0)	(270, 0.0)	(275, 0.0)	(280, 0.0)	(285, 0.0)	(290, 0.0)	(295, 799.0)	(300, 30313.0)										
676A0_S133_L001_R2_001	(100, 1.0)	(105, 0.0)	(110, 0.0)	(115, 0.0)	(120, 0.0)	(125, 0.0)	(130, 0.0)	(135, 0.0)	(140, 0.0)	(145, 0.0)	(150, 0.0)	(155, 0.0)	(160, 0.0)	(165, 0.0)	(170, 0.0)	(175, 0.0)	(180, 1.0)	(185, 1.0)	(190, 0.0)	(195, 0.0)	(200, 0.0)	(205, 0.0)	(210, 0.0)	(215, 0.0)	(220, 0.0)	(225, 0.0)	(230, 0.0)	(235, 0.0)	(240, 0.0)	(245, 0.0)	(250, 0.0)	(255, 0.0)	(260, 0.0)	(265, 0.0)	(270, 0.0)	(275, 0.0)	(280, 0.0)	(285, 0.0)	(290, 8.0)	(295, 893.0)	(300, 30212.0)										
676A14_S134_L001_R1_001	(185, 4.0)	(190, 0.0)	(195, 1.0)	(200, 0.0)	(205, 1.0)	(210, 0.0)	(215, 0.0)	(220, 0.0)	(225, 0.0)	(230, 0.0)	(235, 0.0)	(240, 0.0)	(245, 0.0)	(250, 1.0)	(255, 0.0)	(260, 0.0)	(265, 0.0)	(270, 1.0)	(275, 0.0)	(280, 0.0)	(285, 0.0)	(290, 0.0)	(295, 457.0)	(300, 32754.0)																											
676A14_S134_L001_R2_001	(185, 3.0)	(190, 0.0)	(195, 1.0)	(200, 0.0)	(205, 0.0)	(210, 0.0)	(215, 0.0)	(220, 0.0)	(225, 0.0)	(230, 0.0)	(235, 0.0)	(240, 0.0)	(245, 1.0)	(250, 1.0)	(255, 0.0)	(260, 0.0)	(265, 0.0)	(270, 0.0)	(275, 0.0)	(280, 0.0)	(285, 0.0)	(290, 8.0)	(295, 861.0)	(300, 32344.0)																											
676B0_S135_L001_R1_001	(185, 2.0)	(190, 0.0)	(195, 1.0)	(200, 0.0)	(205, 0.0)	(210, 0.0)	(215, 0.0)	(220, 0.0)	(225, 0.0)	(230, 0.0)	(235, 0.0)	(240, 0.0)	(245, 1.0)	(250, 1.0)	(255, 1.0)	(260, 0.0)	(265, 0.0)	(270, 0.0)	(275, 0.0)	(280, 0.0)	(285, 0.0)	(290, 0.0)	(295, 544.0)	(300, 37390.0)																											
676B0_S135_L001_R2_001	(185, 2.0)	(190, 0.0)	(195, 1.0)	(200, 0.0)	(205, 0.0)	(210, 0.0)	(215, 0.0)	(220, 0.0)	(225, 0.0)	(230, 0.0)	(235, 0.0)	(240, 0.0)	(245, 0.0)	(250, 1.0)	(255, 1.0)	(260, 0.0)	(265, 0.0)	(270, 0.0)	(275, 0.0)	(280, 0.0)	(285, 0.0)	(290, 9.0)	(295, 956.0)	(300, 36970.0)																											
676B14_S136_L001_R1_001	(105, 1.0)	(110, 0.0)	(115, 0.0)	(120, 0.0)	(125, 0.0)	(130, 0.0)	(135, 0.0)	(140, 0.0)	(145, 0.0)	(150, 0.0)	(155, 0.0)	(160, 0.0)	(165, 0.0)	(170, 0.0)	(175, 0.0)	(180, 0.0)	(185, 10.0)	(190, 0.0)	(195, 0.0)	(200, 0.0)	(205, 1.0)	(210, 0.0)	(215, 1.0)	(220, 1.0)	(225, 0.0)	(230, 0.0)	(235, 0.0)	(240, 0.0)	(245, 1.0)	(250, 2.0)	(255, 0.0)	(260, 0.0)	(265, 0.0)	(270, 0.0)	(275, 0.0)	(280, 0.0)	(285, 1.0)	(290, 0.0)	(295, 677.0)	(300, 38440.0)											
676B14_S136_L001_R2_001	(105, 1.0)	(110, 0.0)	(115, 0.0)	(120, 0.0)	(125, 0.0)	(130, 0.0)	(135, 0.0)	(140, 0.0)	(145, 0.0)	(150, 0.0)	(155, 0.0)	(160, 0.0)	(165, 0.0)	(170, 0.0)	(175, 0.0)	(180, 0.0)	(185, 10.0)	(190, 0.0)	(195, 0.0)	(200, 1.0)	(205, 1.0)	(210, 0.0)	(215, 1.0)	(220, 1.0)	(225, 0.0)	(230, 0.0)	(235, 0.0)	(240, 0.0)	(245, 1.0)	(250, 2.0)	(255, 0.0)	(260, 0.0)	(265, 0.0)	(270, 0.0)	(275, 0.0)	(280, 0.0)	(285, 0.0)	(290, 6.0)	(295, 1183.0)	(300, 37928.0)											
678A0_S141_L001_R1_001	(105, 1.0)	(110, 0.0)	(115, 0.0)	(120, 0.0)	(125, 0.0)	(130, 0.0)	(135, 0.0)	(140, 0.0)	(145, 0.0)	(150, 0.0)	(155, 0.0)	(160, 0.0)	(165, 0.0)	(170, 0.0)	(175, 0.0)	(180, 0.0)	(185, 3.0)	(190, 0.0)	(195, 0.0)	(200, 0.0)	(205, 0.0)	(210, 1.0)	(215, 0.0)	(220, 0.0)	(225, 0.0)	(230, 0.0)	(235, 0.0)	(240, 0.0)	(245, 0.0)	(250, 0.0)	(255, 0.0)	(260, 0.0)	(265, 0.0)	(270, 0.0)	(275, 0.0)	(280, 0.0)	(285, 0.0)	(290, 0.0)	(295, 254.0)	(300, 33390.0)											
678A0_S141_L001_R2_001	(105, 1.0)	(110, 0.0)	(115, 0.0)	(120, 0.0)	(125, 0.0)	(130, 0.0)	(135, 0.0)	(140, 0.0)	(145, 0.0)	(150, 0.0)	(155, 0.0)	(160, 0.0)	(165, 0.0)	(170, 0.0)	(175, 0.0)	(180, 0.0)	(185, 3.0)	(190, 0.0)	(195, 0.0)	(200, 0.0)	(205, 0.0)	(210, 0.0)	(215, 0.0)	(220, 0.0)	(225, 0.0)	(230, 0.0)	(235, 0.0)	(240, 0.0)	(245, 0.0)	(250, 0.0)	(255, 0.0)	(260, 0.0)	(265, 0.0)	(270, 0.0)	(275, 0.0)	(280, 0.0)	(285, 0.0)	(290, 12.0)	(295, 887.0)	(300, 32746.0)											
678A14_S142_L001_R1_001	(160, 1.0)	(165, 0.0)	(170, 0.0)	(175, 0.0)	(180, 0.0)	(185, 0.0)	(190, 0.0)	(195, 0.0)	(200, 0.0)	(205, 1.0)	(210, 0.0)	(215, 0.0)	(220, 0.0)	(225, 0.0)	(230, 0.0)	(235, 0.0)	(240, 0.0)	(245, 0.0)	(250, 1.0)	(255, 0.0)	(260, 0.0)	(265, 0.0)	(270, 0.0)	(275, 0.0)	(280, 0.0)	(285, 0.0)	(290, 0.0)	(295, 354.0)	(300, 35034.0)																						
678A14_S142_L001_R2_001	(160, 1.0)	(165, 0.0)	(170, 0.0)	(175, 0.0)	(180, 0.0)	(185, 0.0)	(190, 1.0)	(195, 0.0)	(200, 0.0)	(205, 1.0)	(210, 0.0)	(215, 0.0)	(220, 0.0)	(225, 0.0)	(230, 0.0)	(235, 0.0)	(240, 0.0)	(245, 0.0)	(250, 2.0)	(255, 0.0)	(260, 0.0)	(265, 0.0)	(270, 0.0)	(275, 0.0)	(280, 0.0)	(285, 0.0)	(290, 8.0)	(295, 891.0)	(300, 34487.0)																						
678B0_S143_L001_R1_001	(65, 1.0)	(70, 0.0)	(75, 0.0)	(80, 0.0)	(85, 0.0)	(90, 0.0)	(95, 0.0)	(100, 0.0)	(105, 0.0)	(110, 0.0)	(115, 0.0)	(120, 0.0)	(125, 0.0)	(130, 0.0)	(135, 0.0)	(140, 0.0)	(145, 0.0)	(150, 0.0)	(155, 0.0)	(160, 0.0)	(165, 0.0)	(170, 0.0)	(175, 0.0)	(180, 0.0)	(185, 1.0)	(190, 0.0)	(195, 0.0)	(200, 0.0)	(205, 0.0)	(210, 0.0)	(215, 0.0)	(220, 0.0)	(225, 0.0)	(230, 0.0)	(235, 0.0)	(240, 0.0)	(245, 0.0)	(250, 0.0)	(255, 0.0)	(260, 1.0)	(265, 0.0)	(270, 0.0)	(275, 0.0)	(280, 0.0)	(285, 0.0)	(290, 0.0)	(295, 394.0)	(300, 42580.0)			
678B0_S143_L001_R2_001	(65, 1.0)	(70, 0.0)	(75, 0.0)	(80, 0.0)	(85, 0.0)	(90, 0.0)	(95, 0.0)	(100, 0.0)	(105, 0.0)	(110, 0.0)	(115, 0.0)	(120, 0.0)	(125, 0.0)	(130, 0.0)	(135, 0.0)	(140, 0.0)	(145, 0.0)	(150, 0.0)	(155, 0.0)	(160, 0.0)	(165, 0.0)	(170, 0.0)	(175, 0.0)	(180, 0.0)	(185, 1.0)	(190, 0.0)	(195, 0.0)	(200, 0.0)	(205, 0.0)	(210, 0.0)	(215, 0.0)	(220, 0.0)	(225, 0.0)	(230, 0.0)	(235, 0.0)	(240, 0.0)	(245, 0.0)	(250, 0.0)	(255, 0.0)	(260, 0.0)	(265, 0.0)	(270, 0.0)	(275, 0.0)	(280, 0.0)	(285, 0.0)	(290, 15.0)	(295, 1183.0)	(300, 41777.0)			
678B14_S144_L001_R1_001	(40, 1.0)	(50, 1.0)	(60, 1.0)	(70, 0.0)	(80, 0.0)	(90, 0.0)	(100, 0.0)	(110, 0.0)	(120, 0.0)	(130, 0.0)	(140, 0.0)	(150, 0.0)	(160, 0.0)	(170, 0.0)	(180, 0.0)	(190, 0.0)	(200, 0.0)	(210, 0.0)	(220, 0.0)	(230, 0.0)	(240, 0.0)	(250, 1.0)	(260, 0.0)	(270, 1.0)	(280, 0.0)	(290, 597.0)	(300, 50702.0)																								
678B14_S144_L001_R2_001	(40, 1.0)	(50, 1.0)	(60, 1.0)	(70, 0.0)	(80, 0.0)	(90, 0.0)	(100, 0.0)	(110, 0.0)	(120, 0.0)	(130, 0.0)	(140, 0.0)	(150, 0.0)	(160, 0.0)	(170, 0.0)	(180, 0.0)	(190, 0.0)	(200, 0.0)	(210, 0.0)	(220, 0.0)	(230, 0.0)	(240, 0.0)	(250, 0.0)	(260, 0.0)	(270, 0.0)	(280, 0.0)	(290, 1478.0)	(300, 49823.0)																								
681A0_S153_L001_R1_001	(30, 1.0)	(40, 0.0)	(50, 0.0)	(60, 2.0)	(70, 0.0)	(80, 1.0)	(90, 0.0)	(100, 2.0)	(110, 1.0)	(120, 0.0)	(130, 0.0)	(140, 0.0)	(150, 0.0)	(160, 0.0)	(170, 0.0)	(180, 0.0)	(190, 1.0)	(200, 0.0)	(210, 1.0)	(220, 0.0)	(230, 0.0)	(240, 0.0)	(250, 2.0)	(260, 0.0)	(270, 0.0)	(280, 0.0)	(290, 411.0)	(300, 57105.0)																							
681A0_S153_L001_R2_001	(30, 1.0)	(40, 0.0)	(50, 0.0)	(60, 2.0)	(70, 0.0)	(80, 1.0)	(90, 0.0)	(100, 2.0)	(110, 1.0)	(120, 0.0)	(130, 0.0)	(140, 0.0)	(150, 0.0)	(160, 0.0)	(170, 0.0)	(180, 0.0)	(190, 1.0)	(200, 0.0)	(210, 0.0)	(220, 0.0)	(230, 0.0)	(240, 0.0)	(250, 2.0)	(260, 0.0)	(270, 0.0)	(280, 0.0)	(290, 1448.0)	(300, 56069.0)																							
681A14_S154_L001_R1_001	(30, 1.0)	(40, 0.0)	(50, 0.0)	(60, 2.0)	(70, 0.0)	(80, 0.0)	(90, 0.0)	(100, 0.0)	(110, 0.0)	(120, 0.0)	(130, 0.0)	(140, 0.0)	(150, 0.0)	(160, 0.0)	(170, 0.0)	(180, 1.0)	(190, 1.0)	(200, 0.0)	(210, 0.0)	(220, 0.0)	(230, 0.0)	(240, 0.0)	(250, 2.0)	(260, 0.0)	(270, 0.0)	(280, 0.0)	(290, 394.0)	(300, 44870.0)																							
681A14_S154_L001_R2_001	(30, 1.0)	(40, 0.0)	(50, 0.0)	(60, 2.0)	(70, 0.0)	(80, 0.0)	(90, 0.0)	(100, 0.0)	(110, 0.0)	(120, 0.0)	(130, 0.0)	(140, 0.0)	(150, 0.0)	(160, 0.0)	(170, 0.0)	(180, 1.0)	(190, 2.0)	(200, 0.0)	(210, 0.0)	(220, 0.0)	(230, 0.0)	(240, 0.0)	(250, 1.0)	(260, 0.0)	(270, 0.0)	(280, 0.0)	(290, 1088.0)	(300, 44176.0)																							
681B0_S155_L001_R1_001	(60, 2.0)	(65, 1.0)	(70, 1.0)	(75, 0.0)	(80, 0.0)	(85, 0.0)	(90, 0.0)	(95, 0.0)	(100, 0.0)	(105, 1.0)	(110, 0.0)	(115, 0.0)	(120, 0.0)	(125, 0.0)	(130, 0.0)	(135, 0.0)	(140, 0.0)	(145, 0.0)	(150, 0.0)	(155, 0.0)	(160, 0.0)	(165, 0.0)	(170, 0.0)	(175, 0.0)	(180, 0.0)	(185, 2.0)	(190, 1.0)	(195, 1.0)	(200, 1.0)	(205, 0.0)	(210, 0.0)	(215, 1.0)	(220, 0.0)	(225, 0.0)	(230, 0.0)	(235, 0.0)	(240, 0.0)	(245, 0.0)	(250, 0.0)	(255, 1.0)	(260, 1.0)	(265, 0.0)	(270, 0.0)	(275, 0.0)	(280, 0.0)	(285, 0.0)	(290, 0.0)	(295, 220.0)	(300, 37822.0)		
681B0_S155_L001_R2_001	(60, 2.0)	(65, 1.0)	(70, 1.0)	(75, 0.0)	(80, 0.0)	(85, 0.0)	(90, 0.0)	(95, 0.0)	(100, 0.0)	(105, 1.0)	(110, 0.0)	(115, 0.0)	(120, 0.0)	(125, 0.0)	(130, 0.0)	(135, 0.0)	(140, 0.0)	(145, 0.0)	(150, 0.0)	(155, 0.0)	(160, 0.0)	(165, 0.0)	(170, 0.0)	(175, 0.0)	(180, 0.0)	(185, 1.0)	(190, 1.0)	(195, 1.0)	(200, 1.0)	(205, 0.0)	(210, 0.0)	(215, 0.0)	(220, 0.0)	(225, 0.0)	(230, 0.0)	(235, 0.0)	(240, 0.0)	(245, 0.0)	(250, 0.0)	(255, 1.0)	(260, 1.0)	(265, 0.0)	(270, 0.0)	(275, 0.0)	(280, 0.0)	(285, 0.0)	(290, 9.0)	(295, 964.0)	(300, 37071.0)		
681B14_S156_L001_R1_001	(40, 1.0)	(50, 0.0)	(60, 3.0)	(70, 0.0)	(80, 0.0)	(90, 2.0)	(100, 0.0)	(110, 0.0)	(120, 0.0)	(130, 0.0)	(140, 0.0)	(150, 0.0)	(160, 0.0)	(170, 0.0)	(180, 1.0)	(190, 1.0)	(200, 0.0)	(210, 0.0)	(220, 0.0)	(230, 0.0)	(240, 0.0)	(250, 1.0)	(260, 0.0)	(270, 0.0)	(280, 0.0)	(290, 290.0)	(300, 37614.0)																								
681B14_S156_L001_R2_001	(40, 1.0)	(50, 0.0)	(60, 3.0)	(70, 0.0)	(80, 0.0)	(90, 1.0)	(100, 0.0)	(110, 0.0)	(120, 0.0)	(130, 0.0)	(140, 0.0)	(150, 0.0)	(160, 0.0)	(170, 0.0)	(180, 1.0)	(190, 1.0)	(200, 0.0)	(210, 0.0)	(220, 0.0)	(230, 0.0)	(240, 0.0)	(250, 1.0)	(260, 0.0)	(270, 0.0)	(280, 0.0)	(290, 1006.0)	(300, 36899.0)																								
682A0_S145_L001_R1_001	(65, 1.0)	(70, 1.0)	(75, 0.0)	(80, 0.0)	(85, 0.0)	(90, 0.0)	(95, 0.0)	(100, 0.0)	(105, 0.0)	(110, 0.0)	(115, 0.0)	(120, 0.0)	(125, 0.0)	(130, 0.0)	(135, 0.0)	(140, 0.0)	(145, 0.0)	(150, 0.0)	(155, 0.0)	(160, 1.0)	(165, 0.0)	(170, 0.0)	(175, 0.0)	(180, 0.0)	(185, 7.0)	(190, 0.0)	(195, 0.0)	(200, 0.0)	(205, 2.0)	(210, 0.0)	(215, 0.0)	(220, 0.0)	(225, 0.0)	(230, 0.0)	(235, 0.0)	(240, 0.0)	(245, 2.0)	(250, 3.0)	(255, 0.0)	(260, 0.0)	(265, 0.0)	(270, 0.0)	(275, 0.0)	(280, 0.0)	(285, 0.0)	(290, 1.0)	(295, 1136.0)	(300, 58134.0)			
682A0_S145_L001_R2_001	(65, 1.0)	(70, 1.0)	(75, 0.0)	(80, 0.0)	(85, 0.0)	(90, 0.0)	(95, 0.0)	(100, 0.0)	(105, 0.0)	(110, 0.0)	(115, 0.0)	(120, 0.0)	(125, 0.0)	(130, 0.0)	(135, 0.0)	(140, 0.0)	(145, 0.0)	(150, 0.0)	(155, 0.0)	(160, 0.0)	(165, 0.0)	(170, 0.0)	(175, 0.0)	(180, 0.0)	(185, 7.0)	(190, 0.0)	(195, 0.0)	(200, 0.0)	(205, 1.0)	(210, 0.0)	(215, 0.0)	(220, 0.0)	(225, 0.0)	(230, 0.0)	(235, 0.0)	(240, 0.0)	(245, 1.0)	(250, 2.0)	(255, 0.0)	(260, 0.0)	(265, 0.0)	(270, 0.0)	(275, 0.0)	(280, 0.0)	(285, 0.0)	(290, 16.0)	(295, 1489.0)	(300, 57770.0)			
682A14_S146_L001_R1_001	(65, 1.0)	(70, 0.0)	(75, 0.0)	(80, 0.0)	(85, 0.0)	(90, 0.0)	(95, 0.0)	(100, 0.0)	(105, 0.0)	(110, 0.0)	(115, 0.0)	(120, 0.0)	(125, 0.0)	(130, 0.0)	(135, 0.0)	(140, 0.0)	(145, 0.0)	(150, 0.0)	(155, 0.0)	(160, 0.0)	(165, 0.0)	(170, 0.0)	(175, 0.0)	(180, 0.0)	(185, 6.0)	(190, 0.0)	(195, 0.0)	(200, 0.0)	(205, 1.0)	(210, 0.0)	(215, 0.0)	(220, 0.0)	(225, 0.0)	(230, 0.0)	(235, 0.0)	(240, 0.0)	(245, 0.0)	(250, 1.0)	(255, 0.0)	(260, 0.0)	(265, 0.0)	(270, 0.0)	(275, 0.0)	(280, 0.0)	(285, 0.0)	(290, 0.0)	(295, 963.0)	(300, 42130.0)			
682A14_S146_L001_R2_001	(65, 1.0)	(70, 0.0)	(75, 0.0)	(80, 0.0)	(85, 0.0)	(90, 0.0)	(95, 0.0)	(100, 0.0)	(105, 0.0)	(110, 0.0)	(115, 0.0)	(120, 0.0)	(125, 0.0)	(130, 0.0)	(135, 0.0)	(140, 0.0)	(145, 0.0)	(150, 0.0)	(155, 0.0)	(160, 0.0)	(165, 0.0)	(170, 0.0)	(175, 0.0)	(180, 0.0)	(185, 6.0)	(190, 0.0)	(195, 0.0)	(200, 0.0)	(205, 2.0)	(210, 0.0)	(215, 0.0)	(220, 0.0)	(225, 0.0)	(230, 0.0)	(235, 0.0)	(240, 0.0)	(245, 0.0)	(250, 1.0)	(255, 0.0)	(260, 0.0)	(265, 0.0)	(270, 0.0)	(275, 0.0)	(280, 0.0)	(285, 0.0)	(290, 11.0)	(295, 1034.0)	(300, 42047.0)			
682B0_S147_L001_R1_001	(185, 3.0)	(190, 0.0)	(195, 0.0)	(200, 0.0)	(205, 0.0)	(210, 0.0)	(215, 0.0)	(220, 0.0)	(225, 0.0)	(230, 0.0)	(235, 0.0)	(240, 0.0)	(245, 0.0)	(250, 1.0)	(255, 0.0)	(260, 0.0)	(265, 0.0)	(270, 0.0)	(275, 0.0)	(280, 0.0)	(285, 0.0)	(290, 0.0)	(295, 843.0)	(300, 48960.0)																											
682B0_S147_L001_R2_001	(65, 1.0)	(70, 0.0)	(75, 0.0)	(80, 0.0)	(85, 0.0)	(90, 0.0)	(95, 0.0)	(100, 0.0)	(105, 0.0)	(110, 0.0)	(115, 0.0)	(120, 0.0)	(125, 0.0)	(130, 0.0)	(135, 0.0)	(140, 0.0)	(145, 0.0)	(150, 0.0)	(155, 0.0)	(160, 0.0)	(165, 0.0)	(170, 0.0)	(175, 0.0)	(180, 0.0)	(185, 3.0)	(190, 0.0)	(195, 0.0)	(200, 0.0)	(205, 0.0)	(210, 0.0)	(215, 0.0)	(220, 0.0)	(225, 0.0)	(230, 0.0)	(235, 0.0)	(240, 0.0)	(245, 0.0)	(250, 0.0)	(255, 0.0)	(260, 0.0)	(265, 0.0)	(270, 0.0)	(275, 0.0)	(280, 0.0)	(285, 0.0)	(290, 10.0)	(295, 1241.0)	(300, 48552.0)			
682B14_S148_L001_R1_001	(70, 1.0)	(75, 0.0)	(80, 0.0)	(85, 1.0)	(90, 0.0)	(95, 0.0)	(100, 1.0)	(105, 0.0)	(110, 0.0)	(115, 0.0)	(120, 0.0)	(125, 0.0)	(130, 0.0)	(135, 0.0)	(140, 0.0)	(145, 0.0)	(150, 0.0)	(155, 0.0)	(160, 0.0)	(165, 0.0)	(170, 0.0)	(175, 0.0)	(180, 0.0)	(185, 6.0)	(190, 0.0)	(195, 0.0)	(200, 0.0)	(205, 4.0)	(210, 0.0)	(215, 0.0)	(220, 0.0)	(225, 0.0)	(230, 0.0)	(235, 0.0)	(240, 0.0)	(245, 0.0)	(250, 0.0)	(255, 0.0)	(260, 0.0)	(265, 0.0)	(270, 0.0)	(275, 0.0)	(280, 0.0)	(285, 0.0)	(290, 1.0)	(295, 800.0)	(300, 33883.0)				
682B14_S148_L001_R2_001	(65, 1.0)	(70, 1.0)	(75, 0.0)	(80, 0.0)	(85, 1.0)	(90, 0.0)	(95, 0.0)	(100, 1.0)	(105, 0.0)	(110, 0.0)	(115, 0.0)	(120, 0.0)	(125, 0.0)	(130, 0.0)	(135, 0.0)	(140, 0.0)	(145, 0.0)	(150, 0.0)	(155, 0.0)	(160, 0.0)	(165, 0.0)	(170, 0.0)	(175, 0.0)	(180, 0.0)	(185, 7.0)	(190, 0.0)	(195, 0.0)	(200, 0.0)	(205, 3.0)	(210, 0.0)	(215, 0.0)	(220, 0.0)	(225, 0.0)	(230, 0.0)	(235, 0.0)	(240, 0.0)	(245, 0.0)	(250, 0.0)	(255, 0.0)	(260, 0.0)	(265, 0.0)	(270, 0.0)	(275, 0.0)	(280, 0.0)	(285, 0.0)	(290, 3.0)	(295, 978.0)	(300, 33702.0)			
688A0_S137_L001_R1_001	(105, 4.0)	(110, 0.0)	(115, 0.0)	(120, 0.0)	(125, 0.0)	(130, 0.0)	(135, 0.0)	(140, 0.0)	(145, 0.0)	(150, 0.0)	(155, 0.0)	(160, 0.0)	(165, 0.0)	(170, 0.0)	(175, 0.0)	(180, 0.0)	(185, 0.0)	(190, 0.0)	(195, 0.0)	(200, 0.0)	(205, 0.0)	(210, 0.0)	(215, 0.0)	(220, 0.0)	(225, 0.0)	(230, 0.0)	(235, 0.0)	(240, 0.0)	(245, 0.0)	(250, 0.0)	(255, 0.0)	(260, 0.0)	(265, 0.0)	(270, 0.0)	(275, 0.0)	(280, 0.0)	(285, 1.0)	(290, 0.0)	(295, 287.0)	(300, 26217.0)											
688A0_S137_L001_R2_001	(105, 4.0)	(110, 0.0)	(115, 0.0)	(120, 0.0)	(125, 0.0)	(130, 0.0)	(135, 0.0)	(140, 0.0)	(145, 0.0)	(150, 0.0)	(155, 0.0)	(160, 0.0)	(165, 0.0)	(170, 0.0)	(175, 0.0)	(180, 0.0)	(185, 0.0)	(190, 0.0)	(195, 0.0)	(200, 0.0)	(205, 0.0)	(210, 0.0)	(215, 0.0)	(220, 0.0)	(225, 0.0)	(230, 0.0)	(235, 0.0)	(240, 0.0)	(245, 0.0)	(250, 0.0)	(255, 0.0)	(260, 0.0)	(265, 0.0)	(270, 0.0)	(275, 0.0)	(280, 0.0)	(285, 1.0)	(290, 9.0)	(295, 613.0)	(300, 25882.0)											
688A14_S138_L001_R1_001	(95, 1.0)	(100, 0.0)	(105, 3.0)	(110, 0.0)	(115, 0.0)	(120, 0.0)	(125, 0.0)	(130, 0.0)	(135, 0.0)	(140, 0.0)	(145, 0.0)	(150, 0.0)	(155, 0.0)	(160, 0.0)	(165, 0.0)	(170, 0.0)	(175, 0.0)	(180, 0.0)	(185, 0.0)	(190, 0.0)	(195, 0.0)	(200, 0.0)	(205, 0.0)	(210, 0.0)	(215, 0.0)	(220, 1.0)	(225, 0.0)	(230, 0.0)	(235, 0.0)	(240, 0.0)	(245, 0.0)	(250, 0.0)	(255, 0.0)	(260, 0.0)	(265, 0.0)	(270, 0.0)	(275, 0.0)	(280, 0.0)	(285, 0.0)	(290, 1.0)	(295, 242.0)	(300, 22652.0)									
688A14_S138_L001_R2_001	(95, 1.0)	(100, 0.0)	(105, 2.0)	(110, 0.0)	(115, 0.0)	(120, 0.0)	(125, 0.0)	(130, 0.0)	(135, 0.0)	(140, 0.0)	(145, 0.0)	(150, 0.0)	(155, 0.0)	(160, 0.0)	(165, 0.0)	(170, 0.0)	(175, 0.0)	(180, 0.0)	(185, 0.0)	(190, 0.0)	(195, 0.0)	(200, 0.0)	(205, 0.0)	(210, 0.0)	(215, 0.0)	(220, 0.0)	(225, 0.0)	(230, 0.0)	(235, 0.0)	(240, 0.0)	(245, 0.0)	(250, 0.0)	(255, 0.0)	(260, 0.0)	(265, 0.0)	(270, 0.0)	(275, 0.0)	(280, 0.0)	(285, 0.0)	(290, 8.0)	(295, 527.0)	(300, 22362.0)									
688B0_S139_L001_R1_001	(65, 1.0)	(70, 0.0)	(75, 0.0)	(80, 0.0)	(85, 0.0)	(90, 0.0)	(95, 0.0)	(100, 0.0)	(105, 0.0)	(110, 0.0)	(115, 0.0)	(120, 0.0)	(125, 0.0)	(130, 0.0)	(135, 0.0)	(140, 0.0)	(145, 0.0)	(150, 0.0)	(155, 0.0)	(160, 0.0)	(165, 0.0)	(170, 0.0)	(175, 0.0)	(180, 0.0)	(185, 0.0)	(190, 0.0)	(195, 0.0)	(200, 0.0)	(205, 0.0)	(210, 0.0)	(215, 0.0)	(220, 0.0)	(225, 0.0)	(230, 0.0)	(235, 0.0)	(240, 0.0)	(245, 0.0)	(250, 0.0)	(255, 0.0)	(260, 2.0)	(265, 0.0)	(270, 0.0)	(275, 0.0)	(280, 0.0)	(285, 0.0)	(290, 0.0)	(295, 484.0)	(300, 31729.0)			
688B0_S139_L001_R2_001	(65, 1.0)	(70, 0.0)	(75, 0.0)	(80, 0.0)	(85, 0.0)	(90, 0.0)	(95, 0.0)	(100, 0.0)	(105, 0.0)	(110, 0.0)	(115, 0.0)	(120, 0.0)	(125, 0.0)	(130, 0.0)	(135, 0.0)	(140, 0.0)	(145, 0.0)	(150, 0.0)	(155, 0.0)	(160, 0.0)	(165, 0.0)	(170, 0.0)	(175, 0.0)	(180, 0.0)	(185, 0.0)	(190, 0.0)	(195, 0.0)	(200, 0.0)	(205, 0.0)	(210, 0.0)	(215, 0.0)	(220, 0.0)	(225, 0.0)	(230, 0.0)	(235, 0.0)	(240, 0.0)	(245, 0.0)	(250, 0.0)	(255, 0.0)	(260, 1.0)	(265, 0.0)	(270, 0.0)	(275, 0.0)	(280, 0.0)	(285, 0.0)	(290, 14.0)	(295, 922.0)	(300, 31278.0)			
688B14_S140_L001_R1_001	(95, 1.0)	(100, 0.0)	(105, 0.0)	(110, 0.0)	(115, 0.0)	(120, 0.0)	(125, 0.0)	(130, 0.0)	(135, 0.0)	(140, 0.0)	(145, 0.0)	(150, 0.0)	(155, 0.0)	(160, 0.0)	(165, 0.0)	(170, 0.0)	(175, 0.0)	(180, 0.0)	(185, 1.0)	(190, 0.0)	(195, 0.0)	(200, 0.0)	(205, 0.0)	(210, 0.0)	(215, 0.0)	(220, 0.0)	(225, 0.0)	(230, 0.0)	(235, 0.0)	(240, 0.0)	(245, 1.0)	(250, 0.0)	(255, 0.0)	(260, 0.0)	(265, 0.0)	(270, 0.0)	(275, 0.0)	(280, 0.0)	(285, 0.0)	(290, 0.0)	(295, 353.0)	(300, 33980.0)									
688B14_S140_L001_R2_001	(95, 1.0)	(100, 0.0)	(105, 0.0)	(110, 0.0)	(115, 0.0)	(120, 0.0)	(125, 0.0)	(130, 0.0)	(135, 0.0)	(140, 0.0)	(145, 0.0)	(150, 0.0)	(155, 0.0)	(160, 0.0)	(165, 0.0)	(170, 0.0)	(175, 0.0)	(180, 0.0)	(185, 1.0)	(190, 0.0)	(195, 0.0)	(200, 0.0)	(205, 0.0)	(210, 0.0)	(215, 0.0)	(220, 0.0)	(225, 0.0)	(230, 0.0)	(235, 0.0)	(240, 0.0)	(245, 1.0)	(250, 0.0)	(255, 0.0)	(260, 0.0)	(265, 0.0)	(270, 0.0)	(275, 0.0)	(280, 0.0)	(285, 0.0)	(290, 11.0)	(295, 965.0)	(300, 33357.0)									
692A0_S157_L001_R1_001	(50, 1.0)	(55, 1.0)	(60, 1.0)	(65, 1.0)	(70, 1.0)	(75, 0.0)	(80, 0.0)	(85, 0.0)	(90, 1.0)	(95, 0.0)	(100, 0.0)	(105, 0.0)	(110, 0.0)	(115, 0.0)	(120, 0.0)	(125, 0.0)	(130, 0.0)	(135, 0.0)	(140, 0.0)	(145, 0.0)	(150, 0.0)	(155, 0.0)	(160, 1.0)	(165, 0.0)	(170, 0.0)	(175, 0.0)	(180, 0.0)	(185, 0.0)	(190, 0.0)	(195, 0.0)	(200, 0.0)	(205, 1.0)	(210, 0.0)	(215, 0.0)	(220, 0.0)	(225, 0.0)	(230, 0.0)	(235, 0.0)	(240, 0.0)	(245, 0.0)	(250, 0.0)	(255, 0.0)	(260, 0.0)	(265, 0.0)	(270, 0.0)	(275, 0.0)	(280, 0.0)	(285, 0.0)	(290, 1.0)	(295, 255.0)	(300, 35458.0)
692A0_S157_L001_R2_001	(50, 1.0)	(55, 1.0)	(60, 1.0)	(65, 1.0)	(70, 1.0)	(75, 0.0)	(80, 0.0)	(85, 0.0)	(90, 1.0)	(95, 0.0)	(100, 0.0)	(105, 0.0)	(110, 0.0)	(115, 0.0)	(120, 0.0)	(125, 0.0)	(130, 0.0)	(135, 0.0)	(140, 0.0)	(145, 0.0)	(150, 0.0)	(155, 0.0)	(160, 1.0)	(165, 0.0)	(170, 0.0)	(175, 0.0)	(180, 0.0)	(185, 1.0)	(190, 0.0)	(195, 0.0)	(200, 0.0)	(205, 2.0)	(210, 0.0)	(215, 0.0)	(220, 0.0)	(225, 0.0)	(230, 0.0)	(235, 0.0)	(240, 0.0)	(245, 0.0)	(250, 0.0)	(255, 0.0)	(260, 0.0)	(265, 0.0)	(270, 0.0)	(275, 0.0)	(280, 0.0)	(285, 0.0)	(290, 9.0)	(295, 906.0)	(300, 34797.0)
692A14_S158_L001_R1_001	(60, 1.0)	(65, 0.0)	(70, 0.0)	(75, 0.0)	(80, 0.0)	(85, 0.0)	(90, 0.0)	(95, 0.0)	(100, 0.0)	(105, 0.0)	(110, 0.0)	(115, 0.0)	(120, 0.0)	(125, 0.0)	(130, 0.0)	(135, 0.0)	(140, 0.0)	(145, 0.0)	(150, 0.0)	(155, 0.0)	(160, 0.0)	(165, 0.0)	(170, 0.0)	(175, 0.0)	(180, 1.0)	(185, 1.0)	(190, 0.0)	(195, 0.0)	(200, 0.0)	(205, 3.0)	(210, 0.0)	(215, 1.0)	(220, 0.0)	(225, 0.0)	(230, 0.0)	(235, 0.0)	(240, 0.0)	(245, 0.0)	(250, 0.0)	(255, 0.0)	(260, 0.0)	(265, 0.0)	(270, 0.0)	(275, 0.0)	(280, 0.0)	(285, 0.0)	(290, 0.0)	(295, 296.0)	(300, 34417.0)		
692A14_S158_L001_R2_001	(60, 1.0)	(65, 0.0)	(70, 0.0)	(75, 0.0)	(80, 0.0)	(85, 0.0)	(90, 0.0)	(95, 0.0)	(100, 0.0)	(105, 0.0)	(110, 0.0)	(115, 0.0)	(120, 0.0)	(125, 0.0)	(130, 0.0)	(135, 0.0)	(140, 0.0)	(145, 0.0)	(150, 0.0)	(155, 0.0)	(160, 0.0)	(165, 0.0)	(170, 0.0)	(175, 0.0)	(180, 1.0)	(185, 1.0)	(190, 0.0)	(195, 0.0)	(200, 0.0)	(205, 3.0)	(210, 0.0)	(215, 1.0)	(220, 0.0)	(225, 0.0)	(230, 0.0)	(235, 0.0)	(240, 0.0)	(245, 0.0)	(250, 0.0)	(255, 0.0)	(260, 0.0)	(265, 0.0)	(270, 0.0)	(275, 0.0)	(280, 0.0)	(285, 0.0)	(290, 8.0)	(295, 875.0)	(300, 33830.0)		
692B0_S159_L001_R1_001	(65, 1.0)	(70, 1.0)	(75, 1.0)	(80, 0.0)	(85, 1.0)	(90, 0.0)	(95, 0.0)	(100, 0.0)	(105, 0.0)	(110, 0.0)	(115, 0.0)	(120, 0.0)	(125, 0.0)	(130, 0.0)	(135, 0.0)	(140, 0.0)	(145, 0.0)	(150, 0.0)	(155, 0.0)	(160, 0.0)	(165, 0.0)	(170, 0.0)	(175, 0.0)	(180, 1.0)	(185, 0.0)	(190, 0.0)	(195, 4.0)	(200, 0.0)	(205, 1.0)	(210, 0.0)	(215, 0.0)	(220, 0.0)	(225, 0.0)	(230, 0.0)	(235, 0.0)	(240, 0.0)	(245, 0.0)	(250, 0.0)	(255, 0.0)	(260, 1.0)	(265, 0.0)	(270, 0.0)	(275, 0.0)	(280, 0.0)	(285, 0.0)	(290, 0.0)	(295, 379.0)	(300, 32584.0)			
692B0_S159_L001_R2_001	(65, 1.0)	(70, 1.0)	(75, 1.0)	(80, 0.0)	(85, 1.0)	(90, 0.0)	(95, 0.0)	(100, 0.0)	(105, 0.0)	(110, 0.0)	(115, 0.0)	(120, 0.0)	(125, 0.0)	(130, 0.0)	(135, 0.0)	(140, 0.0)	(145, 0.0)	(150, 0.0)	(155, 0.0)	(160, 0.0)	(165, 0.0)	(170, 0.0)	(175, 0.0)	(180, 1.0)	(185, 0.0)	(190, 0.0)	(195, 4.0)	(200, 0.0)	(205, 0.0)	(210, 0.0)	(215, 0.0)	(220, 0.0)	(225, 0.0)	(230, 0.0)	(235, 0.0)	(240, 0.0)	(245, 0.0)	(250, 0.0)	(255, 0.0)	(260, 0.0)	(265, 0.0)	(270, 0.0)	(275, 0.0)	(280, 0.0)	(285, 0.0)	(290, 8.0)	(295, 848.0)	(300, 32109.0)			
692B14_S160_L001_R1_001	(208, 2.0)	(210, 0.0)	(212, 0.0)	(214, 0.0)	(216, 0.0)	(218, 0.0)	(220, 0.0)	(222, 0.0)	(224, 0.0)	(226, 0.0)	(228, 0.0)	(230, 0.0)	(232, 0.0)	(234, 0.0)	(236, 0.0)	(238, 0.0)	(240, 0.0)	(242, 0.0)	(244, 0.0)	(246, 0.0)	(248, 0.0)	(250, 0.0)	(252, 0.0)	(254, 0.0)	(256, 0.0)	(258, 1.0)	(260, 0.0)	(262, 0.0)	(264, 0.0)	(266, 0.0)	(268, 0.0)	(270, 0.0)	(272, 0.0)	(274, 0.0)	(276, 0.0)	(278, 0.0)	(280, 0.0)	(282, 0.0)	(284, 0.0)	(286, 0.0)	(288, 0.0)	(290, 1.0)	(292, 0.0)	(294, 0.0)	(296, 17.0)	(298, 119.0)	(300, 28795.0)				
692B14_S160_L001_R2_001	(208, 2.0)	(210, 0.0)	(212, 0.0)	(214, 0.0)	(216, 0.0)	(218, 0.0)	(220, 0.0)	(222, 0.0)	(224, 0.0)	(226, 0.0)	(228, 0.0)	(230, 0.0)	(232, 0.0)	(234, 0.0)	(236, 0.0)	(238, 0.0)	(240, 0.0)	(242, 0.0)	(244, 0.0)	(246, 0.0)	(248, 0.0)	(250, 0.0)	(252, 0.0)	(254, 0.0)	(256, 0.0)	(258, 1.0)	(260, 0.0)	(262, 0.0)	(264, 0.0)	(266, 0.0)	(268, 0.0)	(270, 0.0)	(272, 0.0)	(274, 0.0)	(276, 0.0)	(278, 0.0)	(280, 0.0)	(282, 0.0)	(284, 0.0)	(286, 0.0)	(288, 0.0)	(290, 2.0)	(292, 0.0)	(294, 10.0)	(296, 237.0)	(298, 511.0)	(300, 28172.0)				
722A0_S149_L001_R1_001	(60, 1.0)	(65, 0.0)	(70, 0.0)	(75, 0.0)	(80, 0.0)	(85, 0.0)	(90, 0.0)	(95, 0.0)	(100, 0.0)	(105, 0.0)	(110, 0.0)	(115, 0.0)	(120, 0.0)	(125, 0.0)	(130, 0.0)	(135, 0.0)	(140, 0.0)	(145, 0.0)	(150, 0.0)	(155, 0.0)	(160, 0.0)	(165, 0.0)	(170, 0.0)	(175, 0.0)	(180, 0.0)	(185, 0.0)	(190, 0.0)	(195, 0.0)	(200, 0.0)	(205, 1.0)	(210, 0.0)	(215, 0.0)	(220, 0.0)	(225, 0.0)	(230, 0.0)	(235, 0.0)	(240, 0.0)	(245, 1.0)	(250, 1.0)	(255, 0.0)	(260, 0.0)	(265, 0.0)	(270, 0.0)	(275, 0.0)	(280, 0.0)	(285, 0.0)	(290, 1.0)	(295, 1123.0)	(300, 33464.0)		
722A0_S149_L001_R2_001	(60, 1.0)	(65, 0.0)	(70, 0.0)	(75, 0.0)	(80, 0.0)	(85, 0.0)	(90, 0.0)	(95, 0.0)	(100, 0.0)	(105, 0.0)	(110, 0.0)	(115, 0.0)	(120, 0.0)	(125, 0.0)	(130, 0.0)	(135, 0.0)	(140, 0.0)	(145, 0.0)	(150, 0.0)	(155, 0.0)	(160, 0.0)	(165, 0.0)	(170, 0.0)	(175, 0.0)	(180, 0.0)	(185, 0.0)	(190, 0.0)	(195, 0.0)	(200, 0.0)	(205, 1.0)	(210, 0.0)	(215, 0.0)	(220, 0.0)	(225, 0.0)	(230, 0.0)	(235, 0.0)	(240, 0.0)	(245, 1.0)	(250, 0.0)	(255, 0.0)	(260, 0.0)	(265, 0.0)	(270, 0.0)	(275, 0.0)	(280, 0.0)	(285, 0.0)	(290, 8.0)	(295, 899.0)	(300, 33682.0)		
722A14_S150_L001_R1_001	(180, 1.0)	(185, 0.0)	(190, 1.0)	(195, 0.0)	(200, 0.0)	(205, 2.0)	(210, 0.0)	(215, 0.0)	(220, 0.0)	(225, 0.0)	(230, 0.0)	(235, 0.0)	(240, 0.0)	(245, 0.0)	(250, 1.0)	(255, 0.0)	(260, 1.0)	(265, 0.0)	(270, 0.0)	(275, 0.0)	(280, 0.0)	(285, 0.0)	(290, 0.0)	(295, 630.0)	(300, 28914.0)																										
722A14_S150_L001_R2_001	(180, 1.0)	(185, 0.0)	(190, 0.0)	(195, 0.0)	(200, 0.0)	(205, 2.0)	(210, 0.0)	(215, 0.0)	(220, 0.0)	(225, 0.0)	(230, 0.0)	(235, 0.0)	(240, 0.0)	(245, 0.0)	(250, 1.0)	(255, 0.0)	(260, 1.0)	(265, 0.0)	(270, 0.0)	(275, 0.0)	(280, 0.0)	(285, 0.0)	(290, 9.0)	(295, 806.0)	(300, 28730.0)																										
722B0_S151_L001_R1_001	(70, 1.0)	(75, 0.0)	(80, 0.0)	(85, 0.0)	(90, 0.0)	(95, 0.0)	(100, 0.0)	(105, 0.0)	(110, 0.0)	(115, 0.0)	(120, 0.0)	(125, 0.0)	(130, 0.0)	(135, 0.0)	(140, 0.0)	(145, 0.0)	(150, 0.0)	(155, 0.0)	(160, 0.0)	(165, 0.0)	(170, 0.0)	(175, 0.0)	(180, 1.0)	(185, 2.0)	(190, 0.0)	(195, 0.0)	(200, 0.0)	(205, 2.0)	(210, 0.0)	(215, 0.0)	(220, 0.0)	(225, 0.0)	(230, 0.0)	(235, 0.0)	(240, 1.0)	(245, 0.0)	(250, 1.0)	(255, 0.0)	(260, 0.0)	(265, 0.0)	(270, 0.0)	(275, 0.0)	(280, 0.0)	(285, 0.0)	(290, 0.0)	(295, 777.0)	(300, 32589.0)				
722B0_S151_L001_R2_001	(180, 1.0)	(185, 3.0)	(190, 0.0)	(195, 0.0)	(200, 0.0)	(205, 2.0)	(210, 0.0)	(215, 0.0)	(220, 0.0)	(225, 0.0)	(230, 0.0)	(235, 0.0)	(240, 0.0)	(245, 0.0)	(250, 1.0)	(255, 0.0)	(260, 0.0)	(265, 0.0)	(270, 0.0)	(275, 0.0)	(280, 0.0)	(285, 0.0)	(290, 7.0)	(295, 857.0)	(300, 32503.0)																										
722B14_S152_L001_R1_001	(180, 1.0)	(185, 1.0)	(190, 0.0)	(195, 0.0)	(200, 0.0)	(205, 1.0)	(210, 0.0)	(215, 0.0)	(220, 0.0)	(225, 0.0)	(230, 0.0)	(235, 0.0)	(240, 0.0)	(245, 0.0)	(250, 4.0)	(255, 0.0)	(260, 2.0)	(265, 0.0)	(270, 0.0)	(275, 0.0)	(280, 0.0)	(285, 1.0)	(290, 1.0)	(295, 523.0)	(300, 27167.0)																										
722B14_S152_L001_R2_001	(180, 1.0)	(185, 1.0)	(190, 0.0)	(195, 0.0)	(200, 0.0)	(205, 1.0)	(210, 0.0)	(215, 0.0)	(220, 0.0)	(225, 0.0)	(230, 0.0)	(235, 0.0)	(240, 0.0)	(245, 0.0)	(250, 4.0)	(255, 0.0)	(260, 2.0)	(265, 0.0)	(270, 0.0)	(275, 0.0)	(280, 0.0)	(285, 0.0)	(290, 7.0)	(295, 703.0)	(300, 26982.0)																										
727A0_S161_L001_R1_001	(40, 1.0)	(50, 0.0)	(60, 2.0)	(70, 0.0)	(80, 0.0)	(90, 0.0)	(100, 0.0)	(110, 0.0)	(120, 1.0)	(130, 0.0)	(140, 0.0)	(150, 0.0)	(160, 1.0)	(170, 0.0)	(180, 5.0)	(190, 0.0)	(200, 2.0)	(210, 0.0)	(220, 0.0)	(230, 0.0)	(240, 1.0)	(250, 2.0)	(260, 0.0)	(270, 0.0)	(280, 0.0)	(290, 116.0)	(300, 30839.0)																								
727A0_S161_L001_R2_001	(40, 1.0)	(50, 0.0)	(60, 2.0)	(70, 0.0)	(80, 0.0)	(90, 0.0)	(100, 0.0)	(110, 0.0)	(120, 1.0)	(130, 0.0)	(140, 0.0)	(150, 0.0)	(160, 1.0)	(170, 0.0)	(180, 5.0)	(190, 0.0)	(200, 2.0)	(210, 0.0)	(220, 0.0)	(230, 0.0)	(240, 1.0)	(250, 2.0)	(260, 0.0)	(270, 0.0)	(280, 0.0)	(290, 883.0)	(300, 30072.0)																								
727A14_S162_L001_R1_001	(100, 1.0)	(105, 0.0)	(110, 0.0)	(115, 0.0)	(120, 0.0)	(125, 1.0)	(130, 0.0)	(135, 0.0)	(140, 0.0)	(145, 0.0)	(150, 0.0)	(155, 1.0)	(160, 0.0)	(165, 0.0)	(170, 0.0)	(175, 0.0)	(180, 0.0)	(185, 5.0)	(190, 0.0)	(195, 0.0)	(200, 0.0)	(205, 1.0)	(210, 1.0)	(215, 0.0)	(220, 0.0)	(225, 0.0)	(230, 0.0)	(235, 0.0)	(240, 0.0)	(245, 0.0)	(250, 3.0)	(255, 1.0)	(260, 0.0)	(265, 0.0)	(270, 0.0)	(275, 0.0)	(280, 0.0)	(285, 0.0)	(290, 0.0)	(295, 126.0)	(300, 28726.0)										
727A14_S162_L001_R2_001	(100, 1.0)	(105, 0.0)	(110, 0.0)	(115, 0.0)	(120, 0.0)	(125, 1.0)	(130, 0.0)	(135, 0.0)	(140, 0.0)	(145, 0.0)	(150, 0.0)	(155, 1.0)	(160, 0.0)	(165, 0.0)	(170, 0.0)	(175, 0.0)	(180, 0.0)	(185, 5.0)	(190, 0.0)	(195, 1.0)	(200, 0.0)	(205, 0.0)	(210, 1.0)	(215, 0.0)	(220, 0.0)	(225, 0.0)	(230, 0.0)	(235, 0.0)	(240, 0.0)	(245, 0.0)	(250, 3.0)	(255, 0.0)	(260, 0.0)	(265, 0.0)	(270, 0.0)	(275, 0.0)	(280, 0.0)	(285, 0.0)	(290, 6.0)	(295, 721.0)	(300, 28126.0)										
727B0_S163_L001_R1_001	(30, 1.0)	(40, 0.0)	(50, 1.0)	(60, 1.0)	(70, 1.0)	(80, 1.0)	(90, 0.0)	(100, 0.0)	(110, 0.0)	(120, 0.0)	(130, 0.0)	(140, 0.0)	(150, 0.0)	(160, 0.0)	(170, 0.0)	(180, 3.0)	(190, 0.0)	(200, 0.0)	(210, 0.0)	(220, 0.0)	(230, 0.0)	(240, 0.0)	(250, 0.0)	(260, 0.0)	(270, 0.0)	(280, 0.0)	(290, 327.0)	(300, 33689.0)																							
727B0_S163_L001_R2_001	(30, 1.0)	(40, 0.0)	(50, 1.0)	(60, 1.0)	(70, 1.0)	(80, 1.0)	(90, 0.0)	(100, 0.0)	(110, 0.0)	(120, 0.0)	(130, 0.0)	(140, 0.0)	(150, 0.0)	(160, 0.0)	(170, 0.0)	(180, 3.0)	(190, 0.0)	(200, 0.0)	(210, 0.0)	(220, 0.0)	(230, 0.0)	(240, 0.0)	(250, 0.0)	(260, 0.0)	(270, 0.0)	(280, 0.0)	(290, 1005.0)	(300, 33011.0)																							
727B14_S164_L001_R1_001	(65, 2.0)	(70, 0.0)	(75, 0.0)	(80, 0.0)	(85, 0.0)	(90, 0.0)	(95, 0.0)	(100, 0.0)	(105, 0.0)	(110, 0.0)	(115, 0.0)	(120, 0.0)	(125, 0.0)	(130, 0.0)	(135, 0.0)	(140, 0.0)	(145, 0.0)	(150, 0.0)	(155, 0.0)	(160, 0.0)	(165, 0.0)	(170, 0.0)	(175, 0.0)	(180, 0.0)	(185, 7.0)	(190, 0.0)	(195, 0.0)	(200, 0.0)	(205, 0.0)	(210, 0.0)	(215, 0.0)	(220, 0.0)	(225, 0.0)	(230, 0.0)	(235, 0.0)	(240, 0.0)	(245, 0.0)	(250, 4.0)	(255, 0.0)	(260, 0.0)	(265, 0.0)	(270, 0.0)	(275, 0.0)	(280, 0.0)	(285, 0.0)	(290, 2.0)	(295, 158.0)	(300, 34005.0)			
727B14_S164_L001_R2_001	(65, 2.0)	(70, 0.0)	(75, 0.0)	(80, 0.0)	(85, 0.0)	(90, 0.0)	(95, 0.0)	(100, 0.0)	(105, 0.0)	(110, 0.0)	(115, 0.0)	(120, 0.0)	(125, 0.0)	(130, 0.0)	(135, 0.0)	(140, 0.0)	(145, 0.0)	(150, 0.0)	(155, 0.0)	(160, 0.0)	(165, 0.0)	(170, 0.0)	(175, 0.0)	(180, 0.0)	(185, 6.0)	(190, 0.0)	(195, 0.0)	(200, 0.0)	(205, 0.0)	(210, 0.0)	(215, 0.0)	(220, 0.0)	(225, 0.0)	(230, 0.0)	(235, 0.0)	(240, 0.0)	(245, 0.0)	(250, 2.0)	(255, 0.0)	(260, 0.0)	(265, 0.0)	(270, 0.0)	(275, 0.0)	(280, 0.0)	(285, 0.0)	(290, 10.0)	(295, 1084.0)	(300, 33074.0)			
