Sample	0	1	2	3	4	5	6	7	8	9	10	11	12	13	14	15	16	17	18	19	20	21	22	23	24	25	26	27	28	29	30	31	32	33	34	35
504A0_S1_L001_R1_001	(2.0, 3.0)	(3.0, 0.0)	(4.0, 0.0)	(5.0, 0.0)	(6.0, 0.0)	(7.0, 0.0)	(8.0, 0.0)	(9.0, 0.0)	(10.0, 0.0)	(11.0, 0.0)	(12.0, 0.0)	(13.0, 0.0)	(14.0, 0.0)	(15.0, 0.0)	(16.0, 0.0)	(17.0, 0.0)	(18.0, 2.0)	(19.0, 13.0)	(20.0, 26.0)	(21.0, 43.0)	(22.0, 108.0)	(23.0, 169.0)	(24.0, 220.0)	(25.0, 237.0)	(26.0, 285.0)	(27.0, 384.0)	(28.0, 487.0)	(29.0, 639.0)	(30.0, 756.0)	(31.0, 1021.0)	(32.0, 1436.0)	(33.0, 1991.0)	(34.0, 2947.0)	(35.0, 4897.0)	(36.0, 10191.0)	(37.0, 19800.0)
504A0_S1_L001_R2_001	(2.0, 3.0)	(3.0, 0.0)	(4.0, 0.0)	(5.0, 0.0)	(6.0, 0.0)	(7.0, 0.0)	(8.0, 0.0)	(9.0, 0.0)	(10.0, 0.0)	(11.0, 1.0)	(12.0, 58.0)	(13.0, 229.0)	(14.0, 182.0)	(15.0, 91.0)	(16.0, 80.0)	(17.0, 126.0)	(18.0, 168.0)	(19.0, 195.0)	(20.0, 261.0)	(21.0, 324.0)	(22.0, 430.0)	(23.0, 520.0)	(24.0, 653.0)	(25.0, 926.0)	(26.0, 1125.0)	(27.0, 1492.0)	(28.0, 2074.0)	(29.0, 2542.0)	(30.0, 3362.0)	(31.0, 4734.0)	(32.0, 6186.0)	(33.0, 7909.0)	(34.0, 7792.0)	(35.0, 3807.0)	(36.0, 378.0)	(37.0, 7.0)
504A14_S2_L001_R1_001	(2.0, 1.0)	(3.0, 0.0)	(4.0, 0.0)	(5.0, 0.0)	(6.0, 0.0)	(7.0, 0.0)	(8.0, 0.0)	(9.0, 0.0)	(10.0, 0.0)	(11.0, 0.0)	(12.0, 0.0)	(13.0, 0.0)	(14.0, 0.0)	(15.0, 0.0)	(16.0, 1.0)	(17.0, 0.0)	(18.0, 0.0)	(19.0, 7.0)	(20.0, 30.0)	(21.0, 54.0)	(22.0, 100.0)	(23.0, 190.0)	(24.0, 209.0)	(25.0, 246.0)	(26.0, 295.0)	(27.0, 336.0)	(28.0, 425.0)	(29.0, 520.0)	(30.0, 708.0)	(31.0, 941.0)	(32.0, 1257.0)	(33.0, 1670.0)	(34.0, 2543.0)	(35.0, 4283.0)	(36.0, 8957.0)	(37.0, 15557.0)
504A14_S2_L001_R2_001	(2.0, 1.0)	(3.0, 0.0)	(4.0, 0.0)	(5.0, 0.0)	(6.0, 0.0)	(7.0, 0.0)	(8.0, 0.0)	(9.0, 0.0)	(10.0, 1.0)	(11.0, 1.0)	(12.0, 60.0)	(13.0, 194.0)	(14.0, 154.0)	(15.0, 70.0)	(16.0, 72.0)	(17.0, 94.0)	(18.0, 119.0)	(19.0, 144.0)	(20.0, 195.0)	(21.0, 264.0)	(22.0, 300.0)	(23.0, 379.0)	(24.0, 554.0)	(25.0, 690.0)	(26.0, 923.0)	(27.0, 1200.0)	(28.0, 1681.0)	(29.0, 2097.0)	(30.0, 2942.0)	(31.0, 3900.0)	(32.0, 5154.0)	(33.0, 6946.0)	(34.0, 6529.0)	(35.0, 3355.0)	(36.0, 307.0)	(37.0, 4.0)
504B0_S3_L001_R1_001	(2.0, 1.0)	(3.0, 0.0)	(4.0, 0.0)	(5.0, 0.0)	(6.0, 0.0)	(7.0, 0.0)	(8.0, 0.0)	(9.0, 0.0)	(10.0, 0.0)	(11.0, 0.0)	(12.0, 0.0)	(13.0, 0.0)	(14.0, 0.0)	(15.0, 0.0)	(16.0, 0.0)	(17.0, 2.0)	(18.0, 1.0)	(19.0, 11.0)	(20.0, 13.0)	(21.0, 40.0)	(22.0, 95.0)	(23.0, 148.0)	(24.0, 162.0)	(25.0, 227.0)	(26.0, 234.0)	(27.0, 322.0)	(28.0, 396.0)	(29.0, 486.0)	(30.0, 674.0)	(31.0, 852.0)	(32.0, 1181.0)	(33.0, 1692.0)	(34.0, 2545.0)	(35.0, 4115.0)	(36.0, 8863.0)	(37.0, 16759.0)
504B0_S3_L001_R2_001	(2.0, 1.0)	(3.0, 0.0)	(4.0, 0.0)	(5.0, 0.0)	(6.0, 0.0)	(7.0, 0.0)	(8.0, 0.0)	(9.0, 0.0)	(10.0, 1.0)	(11.0, 7.0)	(12.0, 46.0)	(13.0, 177.0)	(14.0, 122.0)	(15.0, 79.0)	(16.0, 66.0)	(17.0, 92.0)	(18.0, 137.0)	(19.0, 188.0)	(20.0, 221.0)	(21.0, 310.0)	(22.0, 374.0)	(23.0, 491.0)	(24.0, 615.0)	(25.0, 772.0)	(26.0, 1039.0)	(27.0, 1408.0)	(28.0, 1906.0)	(29.0, 2436.0)	(30.0, 3228.0)	(31.0, 4167.0)	(32.0, 5404.0)	(33.0, 6607.0)	(34.0, 5982.0)	(35.0, 2706.0)	(36.0, 235.0)	(37.0, 2.0)
504B14_S4_L001_R1_001	(18.0, 5.0)	(19.0, 12.0)	(20.0, 15.0)	(21.0, 34.0)	(22.0, 95.0)	(23.0, 121.0)	(24.0, 136.0)	(25.0, 155.0)	(26.0, 206.0)	(27.0, 257.0)	(28.0, 314.0)	(29.0, 405.0)	(30.0, 519.0)	(31.0, 688.0)	(32.0, 928.0)	(33.0, 1229.0)	(34.0, 1918.0)	(35.0, 3221.0)	(36.0, 6456.0)	(37.0, 11248.0)																
504B14_S4_L001_R2_001	(11.0, 4.0)	(12.0, 29.0)	(13.0, 143.0)	(14.0, 91.0)	(15.0, 55.0)	(16.0, 49.0)	(17.0, 89.0)	(18.0, 115.0)	(19.0, 132.0)	(20.0, 195.0)	(21.0, 234.0)	(22.0, 303.0)	(23.0, 348.0)	(24.0, 491.0)	(25.0, 633.0)	(26.0, 826.0)	(27.0, 1142.0)	(28.0, 1385.0)	(29.0, 1893.0)	(30.0, 2555.0)	(31.0, 3227.0)	(32.0, 4069.0)	(33.0, 4347.0)	(34.0, 3785.0)	(35.0, 1698.0)	(36.0, 118.0)	(37.0, 6.0)									
508A0_S9_L001_R1_001	(2.0, 2.0)	(3.0, 0.0)	(4.0, 0.0)	(5.0, 0.0)	(6.0, 0.0)	(7.0, 0.0)	(8.0, 0.0)	(9.0, 0.0)	(10.0, 0.0)	(11.0, 0.0)	(12.0, 0.0)	(13.0, 0.0)	(14.0, 0.0)	(15.0, 0.0)	(16.0, 0.0)	(17.0, 1.0)	(18.0, 3.0)	(19.0, 10.0)	(20.0, 21.0)	(21.0, 43.0)	(22.0, 90.0)	(23.0, 137.0)	(24.0, 153.0)	(25.0, 205.0)	(26.0, 269.0)	(27.0, 286.0)	(28.0, 384.0)	(29.0, 464.0)	(30.0, 557.0)	(31.0, 793.0)	(32.0, 1083.0)	(33.0, 1538.0)	(34.0, 2295.0)	(35.0, 3812.0)	(36.0, 8051.0)	(37.0, 18192.0)
508A0_S9_L001_R2_001	(2.0, 2.0)	(3.0, 0.0)	(4.0, 0.0)	(5.0, 0.0)	(6.0, 0.0)	(7.0, 0.0)	(8.0, 0.0)	(9.0, 0.0)	(10.0, 0.0)	(11.0, 4.0)	(12.0, 46.0)	(13.0, 196.0)	(14.0, 141.0)	(15.0, 80.0)	(16.0, 63.0)	(17.0, 72.0)	(18.0, 117.0)	(19.0, 151.0)	(20.0, 194.0)	(21.0, 261.0)	(22.0, 316.0)	(23.0, 398.0)	(24.0, 543.0)	(25.0, 659.0)	(26.0, 840.0)	(27.0, 1110.0)	(28.0, 1510.0)	(29.0, 2071.0)	(30.0, 2755.0)	(31.0, 3786.0)	(32.0, 5130.0)	(33.0, 6593.0)	(34.0, 7124.0)	(35.0, 3770.0)	(36.0, 446.0)	(37.0, 11.0)
508A14_S10_L001_R1_001	(2.0, 1.0)	(3.0, 0.0)	(4.0, 0.0)	(5.0, 0.0)	(6.0, 0.0)	(7.0, 0.0)	(8.0, 0.0)	(9.0, 0.0)	(10.0, 0.0)	(11.0, 0.0)	(12.0, 0.0)	(13.0, 0.0)	(14.0, 0.0)	(15.0, 0.0)	(16.0, 0.0)	(17.0, 2.0)	(18.0, 4.0)	(19.0, 17.0)	(20.0, 17.0)	(21.0, 43.0)	(22.0, 76.0)	(23.0, 131.0)	(24.0, 141.0)	(25.0, 185.0)	(26.0, 240.0)	(27.0, 290.0)	(28.0, 330.0)	(29.0, 454.0)	(30.0, 559.0)	(31.0, 759.0)	(32.0, 1036.0)	(33.0, 1434.0)	(34.0, 2205.0)	(35.0, 3676.0)	(36.0, 7999.0)	(37.0, 17869.0)
508A14_S10_L001_R2_001	(2.0, 1.0)	(3.0, 0.0)	(4.0, 0.0)	(5.0, 0.0)	(6.0, 0.0)	(7.0, 0.0)	(8.0, 0.0)	(9.0, 0.0)	(10.0, 1.0)	(11.0, 2.0)	(12.0, 53.0)	(13.0, 171.0)	(14.0, 132.0)	(15.0, 75.0)	(16.0, 62.0)	(17.0, 68.0)	(18.0, 92.0)	(19.0, 126.0)	(20.0, 175.0)	(21.0, 231.0)	(22.0, 257.0)	(23.0, 357.0)	(24.0, 472.0)	(25.0, 581.0)	(26.0, 760.0)	(27.0, 992.0)	(28.0, 1309.0)	(29.0, 1834.0)	(30.0, 2468.0)	(31.0, 3524.0)	(32.0, 5035.0)	(33.0, 6698.0)	(34.0, 7322.0)	(35.0, 4195.0)	(36.0, 473.0)	(37.0, 2.0)
508B0_S11_L001_R1_001	(2.0, 2.0)	(3.0, 0.0)	(4.0, 0.0)	(5.0, 0.0)	(6.0, 0.0)	(7.0, 0.0)	(8.0, 0.0)	(9.0, 0.0)	(10.0, 0.0)	(11.0, 0.0)	(12.0, 0.0)	(13.0, 0.0)	(14.0, 0.0)	(15.0, 0.0)	(16.0, 0.0)	(17.0, 1.0)	(18.0, 2.0)	(19.0, 12.0)	(20.0, 15.0)	(21.0, 20.0)	(22.0, 39.0)	(23.0, 84.0)	(24.0, 95.0)	(25.0, 124.0)	(26.0, 143.0)	(27.0, 218.0)	(28.0, 278.0)	(29.0, 336.0)	(30.0, 403.0)	(31.0, 574.0)	(32.0, 796.0)	(33.0, 1081.0)	(34.0, 1513.0)	(35.0, 2546.0)	(36.0, 5643.0)	(37.0, 12371.0)
508B0_S11_L001_R2_001	(2.0, 2.0)	(3.0, 0.0)	(4.0, 0.0)	(5.0, 0.0)	(6.0, 0.0)	(7.0, 0.0)	(8.0, 0.0)	(9.0, 0.0)	(10.0, 1.0)	(11.0, 3.0)	(12.0, 42.0)	(13.0, 129.0)	(14.0, 98.0)	(15.0, 42.0)	(16.0, 41.0)	(17.0, 60.0)	(18.0, 72.0)	(19.0, 105.0)	(20.0, 152.0)	(21.0, 184.0)	(22.0, 241.0)	(23.0, 335.0)	(24.0, 384.0)	(25.0, 503.0)	(26.0, 662.0)	(27.0, 831.0)	(28.0, 1113.0)	(29.0, 1561.0)	(30.0, 2010.0)	(31.0, 2731.0)	(32.0, 3721.0)	(33.0, 4724.0)	(34.0, 4328.0)	(35.0, 2054.0)	(36.0, 165.0)	(37.0, 2.0)
508B14_S12_L001_R1_001	(2.0, 1.0)	(3.0, 0.0)	(4.0, 0.0)	(5.0, 0.0)	(6.0, 0.0)	(7.0, 0.0)	(8.0, 0.0)	(9.0, 0.0)	(10.0, 0.0)	(11.0, 0.0)	(12.0, 0.0)	(13.0, 0.0)	(14.0, 0.0)	(15.0, 0.0)	(16.0, 0.0)	(17.0, 1.0)	(18.0, 4.0)	(19.0, 9.0)	(20.0, 16.0)	(21.0, 36.0)	(22.0, 83.0)	(23.0, 110.0)	(24.0, 125.0)	(25.0, 152.0)	(26.0, 160.0)	(27.0, 218.0)	(28.0, 257.0)	(29.0, 356.0)	(30.0, 433.0)	(31.0, 535.0)	(32.0, 713.0)	(33.0, 1072.0)	(34.0, 1599.0)	(35.0, 2662.0)	(36.0, 5785.0)	(37.0, 11906.0)
508B14_S12_L001_R2_001	(2.0, 1.0)	(3.0, 0.0)	(4.0, 0.0)	(5.0, 0.0)	(6.0, 0.0)	(7.0, 0.0)	(8.0, 0.0)	(9.0, 0.0)	(10.0, 0.0)	(11.0, 4.0)	(12.0, 47.0)	(13.0, 149.0)	(14.0, 107.0)	(15.0, 60.0)	(16.0, 52.0)	(17.0, 61.0)	(18.0, 93.0)	(19.0, 112.0)	(20.0, 150.0)	(21.0, 199.0)	(22.0, 227.0)	(23.0, 340.0)	(24.0, 399.0)	(25.0, 495.0)	(26.0, 643.0)	(27.0, 938.0)	(28.0, 1174.0)	(29.0, 1612.0)	(30.0, 2120.0)	(31.0, 2856.0)	(32.0, 3896.0)	(33.0, 4604.0)	(34.0, 4086.0)	(35.0, 1673.0)	(36.0, 134.0)	(37.0, 1.0)
519A0_S33_L001_R1_001	(18.0, 4.0)	(19.0, 3.0)	(20.0, 14.0)	(21.0, 32.0)	(22.0, 84.0)	(23.0, 97.0)	(24.0, 124.0)	(25.0, 140.0)	(26.0, 166.0)	(27.0, 213.0)	(28.0, 252.0)	(29.0, 315.0)	(30.0, 393.0)	(31.0, 559.0)	(32.0, 743.0)	(33.0, 1038.0)	(34.0, 1553.0)	(35.0, 2665.0)	(36.0, 5483.0)	(37.0, 12480.0)																
519A0_S33_L001_R2_001	(11.0, 4.0)	(12.0, 34.0)	(13.0, 129.0)	(14.0, 87.0)	(15.0, 34.0)	(16.0, 32.0)	(17.0, 43.0)	(18.0, 62.0)	(19.0, 77.0)	(20.0, 112.0)	(21.0, 142.0)	(22.0, 185.0)	(23.0, 252.0)	(24.0, 308.0)	(25.0, 448.0)	(26.0, 550.0)	(27.0, 721.0)	(28.0, 1007.0)	(29.0, 1377.0)	(30.0, 1871.0)	(31.0, 2543.0)	(32.0, 3427.0)	(33.0, 4631.0)	(34.0, 5104.0)	(35.0, 2844.0)	(36.0, 331.0)	(37.0, 3.0)									
519A14_S34_L001_R1_001	(2.0, 1.0)	(3.0, 0.0)	(4.0, 0.0)	(5.0, 0.0)	(6.0, 0.0)	(7.0, 0.0)	(8.0, 0.0)	(9.0, 0.0)	(10.0, 0.0)	(11.0, 0.0)	(12.0, 0.0)	(13.0, 0.0)	(14.0, 0.0)	(15.0, 0.0)	(16.0, 1.0)	(17.0, 0.0)	(18.0, 3.0)	(19.0, 17.0)	(20.0, 19.0)	(21.0, 36.0)	(22.0, 80.0)	(23.0, 119.0)	(24.0, 155.0)	(25.0, 190.0)	(26.0, 214.0)	(27.0, 273.0)	(28.0, 365.0)	(29.0, 417.0)	(30.0, 585.0)	(31.0, 739.0)	(32.0, 1103.0)	(33.0, 1438.0)	(34.0, 2140.0)	(35.0, 3521.0)	(36.0, 7362.0)	(37.0, 14279.0)
519A14_S34_L001_R2_001	(2.0, 1.0)	(3.0, 0.0)	(4.0, 0.0)	(5.0, 0.0)	(6.0, 0.0)	(7.0, 0.0)	(8.0, 0.0)	(9.0, 0.0)	(10.0, 0.0)	(11.0, 1.0)	(12.0, 48.0)	(13.0, 165.0)	(14.0, 107.0)	(15.0, 44.0)	(16.0, 41.0)	(17.0, 41.0)	(18.0, 61.0)	(19.0, 81.0)	(20.0, 115.0)	(21.0, 162.0)	(22.0, 235.0)	(23.0, 254.0)	(24.0, 328.0)	(25.0, 483.0)	(26.0, 640.0)	(27.0, 881.0)	(28.0, 1204.0)	(29.0, 1741.0)	(30.0, 2222.0)	(31.0, 3158.0)	(32.0, 4508.0)	(33.0, 5702.0)	(34.0, 6459.0)	(35.0, 3925.0)	(36.0, 447.0)	(37.0, 3.0)
519B0_S35_L001_R1_001	(2.0, 1.0)	(3.0, 0.0)	(4.0, 0.0)	(5.0, 0.0)	(6.0, 0.0)	(7.0, 0.0)	(8.0, 0.0)	(9.0, 0.0)	(10.0, 0.0)	(11.0, 0.0)	(12.0, 0.0)	(13.0, 0.0)	(14.0, 0.0)	(15.0, 0.0)	(16.0, 0.0)	(17.0, 0.0)	(18.0, 3.0)	(19.0, 12.0)	(20.0, 8.0)	(21.0, 26.0)	(22.0, 54.0)	(23.0, 89.0)	(24.0, 95.0)	(25.0, 146.0)	(26.0, 169.0)	(27.0, 204.0)	(28.0, 260.0)	(29.0, 357.0)	(30.0, 455.0)	(31.0, 590.0)	(32.0, 753.0)	(33.0, 1119.0)	(34.0, 1678.0)	(35.0, 2814.0)	(36.0, 6033.0)	(37.0, 10509.0)
519B0_S35_L001_R2_001	(2.0, 1.0)	(3.0, 0.0)	(4.0, 0.0)	(5.0, 0.0)	(6.0, 0.0)	(7.0, 0.0)	(8.0, 0.0)	(9.0, 0.0)	(10.0, 0.0)	(11.0, 3.0)	(12.0, 36.0)	(13.0, 99.0)	(14.0, 70.0)	(15.0, 47.0)	(16.0, 39.0)	(17.0, 54.0)	(18.0, 85.0)	(19.0, 117.0)	(20.0, 149.0)	(21.0, 207.0)	(22.0, 256.0)	(23.0, 369.0)	(24.0, 396.0)	(25.0, 537.0)	(26.0, 719.0)	(27.0, 976.0)	(28.0, 1308.0)	(29.0, 1783.0)	(30.0, 2350.0)	(31.0, 2943.0)	(32.0, 3825.0)	(33.0, 4277.0)	(34.0, 3343.0)	(35.0, 1304.0)	(36.0, 76.0)	(37.0, 6.0)
519B14_S36_L001_R1_001	(2.0, 3.0)	(3.0, 0.0)	(4.0, 0.0)	(5.0, 0.0)	(6.0, 0.0)	(7.0, 0.0)	(8.0, 0.0)	(9.0, 0.0)	(10.0, 0.0)	(11.0, 0.0)	(12.0, 0.0)	(13.0, 0.0)	(14.0, 0.0)	(15.0, 0.0)	(16.0, 0.0)	(17.0, 0.0)	(18.0, 2.0)	(19.0, 6.0)	(20.0, 11.0)	(21.0, 27.0)	(22.0, 61.0)	(23.0, 99.0)	(24.0, 120.0)	(25.0, 140.0)	(26.0, 184.0)	(27.0, 208.0)	(28.0, 264.0)	(29.0, 377.0)	(30.0, 441.0)	(31.0, 654.0)	(32.0, 784.0)	(33.0, 1213.0)	(34.0, 1837.0)	(35.0, 2989.0)	(36.0, 6282.0)	(37.0, 14386.0)
519B14_S36_L001_R2_001	(2.0, 3.0)	(3.0, 0.0)	(4.0, 0.0)	(5.0, 0.0)	(6.0, 0.0)	(7.0, 0.0)	(8.0, 0.0)	(9.0, 1.0)	(10.0, 0.0)	(11.0, 4.0)	(12.0, 46.0)	(13.0, 118.0)	(14.0, 77.0)	(15.0, 45.0)	(16.0, 40.0)	(17.0, 51.0)	(18.0, 82.0)	(19.0, 118.0)	(20.0, 153.0)	(21.0, 197.0)	(22.0, 244.0)	(23.0, 332.0)	(24.0, 380.0)	(25.0, 542.0)	(26.0, 714.0)	(27.0, 938.0)	(28.0, 1235.0)	(29.0, 1603.0)	(30.0, 2269.0)	(31.0, 3097.0)	(32.0, 4254.0)	(33.0, 5335.0)	(34.0, 5443.0)	(35.0, 2546.0)	(36.0, 218.0)	(37.0, 3.0)
521A0_S25_L001_R1_001	(18.0, 2.0)	(19.0, 11.0)	(20.0, 11.0)	(21.0, 26.0)	(22.0, 47.0)	(23.0, 87.0)	(24.0, 101.0)	(25.0, 164.0)	(26.0, 169.0)	(27.0, 213.0)	(28.0, 276.0)	(29.0, 315.0)	(30.0, 419.0)	(31.0, 528.0)	(32.0, 793.0)	(33.0, 1069.0)	(34.0, 1594.0)	(35.0, 2694.0)	(36.0, 5573.0)	(37.0, 13421.0)																
521A0_S25_L001_R2_001	(11.0, 2.0)	(12.0, 34.0)	(13.0, 105.0)	(14.0, 107.0)	(15.0, 56.0)	(16.0, 45.0)	(17.0, 51.0)	(18.0, 84.0)	(19.0, 104.0)	(20.0, 123.0)	(21.0, 137.0)	(22.0, 214.0)	(23.0, 286.0)	(24.0, 342.0)	(25.0, 412.0)	(26.0, 581.0)	(27.0, 706.0)	(28.0, 996.0)	(29.0, 1255.0)	(30.0, 1775.0)	(31.0, 2432.0)	(32.0, 3343.0)	(33.0, 4687.0)	(34.0, 5680.0)	(35.0, 3531.0)	(36.0, 422.0)	(37.0, 3.0)									
521A14_S26_L001_R1_001	(2.0, 2.0)	(3.0, 0.0)	(4.0, 0.0)	(5.0, 0.0)	(6.0, 0.0)	(7.0, 0.0)	(8.0, 0.0)	(9.0, 0.0)	(10.0, 0.0)	(11.0, 0.0)	(12.0, 0.0)	(13.0, 0.0)	(14.0, 0.0)	(15.0, 0.0)	(16.0, 0.0)	(17.0, 0.0)	(18.0, 2.0)	(19.0, 12.0)	(20.0, 11.0)	(21.0, 28.0)	(22.0, 60.0)	(23.0, 91.0)	(24.0, 138.0)	(25.0, 152.0)	(26.0, 175.0)	(27.0, 214.0)	(28.0, 285.0)	(29.0, 340.0)	(30.0, 449.0)	(31.0, 616.0)	(32.0, 832.0)	(33.0, 1134.0)	(34.0, 1742.0)	(35.0, 2903.0)	(36.0, 6050.0)	(37.0, 12978.0)
521A14_S26_L001_R2_001	(2.0, 2.0)	(3.0, 0.0)	(4.0, 0.0)	(5.0, 0.0)	(6.0, 0.0)	(7.0, 0.0)	(8.0, 0.0)	(9.0, 0.0)	(10.0, 0.0)	(11.0, 4.0)	(12.0, 35.0)	(13.0, 138.0)	(14.0, 99.0)	(15.0, 54.0)	(16.0, 53.0)	(17.0, 57.0)	(18.0, 64.0)	(19.0, 86.0)	(20.0, 110.0)	(21.0, 146.0)	(22.0, 203.0)	(23.0, 247.0)	(24.0, 308.0)	(25.0, 450.0)	(26.0, 541.0)	(27.0, 766.0)	(28.0, 1024.0)	(29.0, 1387.0)	(30.0, 1890.0)	(31.0, 2694.0)	(32.0, 3645.0)	(33.0, 4848.0)	(34.0, 5519.0)	(35.0, 3431.0)	(36.0, 412.0)	(37.0, 1.0)
521B0_S27_L001_R1_001	(18.0, 6.0)	(19.0, 11.0)	(20.0, 9.0)	(21.0, 27.0)	(22.0, 66.0)	(23.0, 105.0)	(24.0, 148.0)	(25.0, 182.0)	(26.0, 213.0)	(27.0, 309.0)	(28.0, 363.0)	(29.0, 499.0)	(30.0, 652.0)	(31.0, 862.0)	(32.0, 1214.0)	(33.0, 1615.0)	(34.0, 2322.0)	(35.0, 3733.0)	(36.0, 7341.0)	(37.0, 10357.0)																
521B0_S27_L001_R2_001	(11.0, 4.0)	(12.0, 34.0)	(13.0, 144.0)	(14.0, 109.0)	(15.0, 63.0)	(16.0, 81.0)	(17.0, 104.0)	(18.0, 164.0)	(19.0, 203.0)	(20.0, 285.0)	(21.0, 386.0)	(22.0, 476.0)	(23.0, 646.0)	(24.0, 847.0)	(25.0, 1033.0)	(26.0, 1285.0)	(27.0, 1756.0)	(28.0, 2104.0)	(29.0, 2583.0)	(30.0, 3211.0)	(31.0, 3759.0)	(32.0, 4048.0)	(33.0, 3730.0)	(34.0, 2306.0)	(35.0, 638.0)	(36.0, 34.0)	(37.0, 1.0)									
521B14_S28_L001_R1_001	(2.0, 1.0)	(3.0, 0.0)	(4.0, 0.0)	(5.0, 0.0)	(6.0, 0.0)	(7.0, 0.0)	(8.0, 0.0)	(9.0, 0.0)	(10.0, 0.0)	(11.0, 0.0)	(12.0, 0.0)	(13.0, 0.0)	(14.0, 0.0)	(15.0, 0.0)	(16.0, 1.0)	(17.0, 0.0)	(18.0, 4.0)	(19.0, 3.0)	(20.0, 16.0)	(21.0, 45.0)	(22.0, 73.0)	(23.0, 119.0)	(24.0, 129.0)	(25.0, 164.0)	(26.0, 217.0)	(27.0, 242.0)	(28.0, 313.0)	(29.0, 375.0)	(30.0, 488.0)	(31.0, 628.0)	(32.0, 840.0)	(33.0, 1226.0)	(34.0, 1734.0)	(35.0, 2949.0)	(36.0, 6385.0)	(37.0, 13864.0)
521B14_S28_L001_R2_001	(2.0, 1.0)	(3.0, 0.0)	(4.0, 0.0)	(5.0, 0.0)	(6.0, 0.0)	(7.0, 0.0)	(8.0, 0.0)	(9.0, 0.0)	(10.0, 0.0)	(11.0, 5.0)	(12.0, 34.0)	(13.0, 125.0)	(14.0, 106.0)	(15.0, 56.0)	(16.0, 52.0)	(17.0, 61.0)	(18.0, 103.0)	(19.0, 129.0)	(20.0, 170.0)	(21.0, 205.0)	(22.0, 240.0)	(23.0, 318.0)	(24.0, 414.0)	(25.0, 518.0)	(26.0, 660.0)	(27.0, 864.0)	(28.0, 1144.0)	(29.0, 1499.0)	(30.0, 2127.0)	(31.0, 2860.0)	(32.0, 4070.0)	(33.0, 5301.0)	(34.0, 5547.0)	(35.0, 2913.0)	(36.0, 288.0)	(37.0, 6.0)
523A0_S17_L001_R1_001	(2.0, 1.0)	(3.0, 0.0)	(4.0, 0.0)	(5.0, 0.0)	(6.0, 0.0)	(7.0, 0.0)	(8.0, 0.0)	(9.0, 0.0)	(10.0, 0.0)	(11.0, 0.0)	(12.0, 0.0)	(13.0, 0.0)	(14.0, 0.0)	(15.0, 0.0)	(16.0, 0.0)	(17.0, 0.0)	(18.0, 2.0)	(19.0, 11.0)	(20.0, 16.0)	(21.0, 25.0)	(22.0, 51.0)	(23.0, 80.0)	(24.0, 91.0)	(25.0, 125.0)	(26.0, 151.0)	(27.0, 183.0)	(28.0, 261.0)	(29.0, 308.0)	(30.0, 392.0)	(31.0, 513.0)	(32.0, 725.0)	(33.0, 1011.0)	(34.0, 1599.0)	(35.0, 2538.0)	(36.0, 5371.0)	(37.0, 12083.0)
523A0_S17_L001_R2_001	(2.0, 1.0)	(3.0, 0.0)	(4.0, 0.0)	(5.0, 0.0)	(6.0, 0.0)	(7.0, 0.0)	(8.0, 0.0)	(9.0, 0.0)	(10.0, 0.0)	(11.0, 3.0)	(12.0, 31.0)	(13.0, 104.0)	(14.0, 72.0)	(15.0, 35.0)	(16.0, 38.0)	(17.0, 62.0)	(18.0, 89.0)	(19.0, 123.0)	(20.0, 154.0)	(21.0, 207.0)	(22.0, 246.0)	(23.0, 362.0)	(24.0, 400.0)	(25.0, 489.0)	(26.0, 684.0)	(27.0, 882.0)	(28.0, 1180.0)	(29.0, 1577.0)	(30.0, 2116.0)	(31.0, 2745.0)	(32.0, 3470.0)	(33.0, 4398.0)	(34.0, 4089.0)	(35.0, 1828.0)	(36.0, 150.0)	(37.0, 2.0)
523A14_S18_L001_R1_001	(2.0, 4.0)	(3.0, 0.0)	(4.0, 0.0)	(5.0, 0.0)	(6.0, 0.0)	(7.0, 0.0)	(8.0, 0.0)	(9.0, 0.0)	(10.0, 0.0)	(11.0, 0.0)	(12.0, 0.0)	(13.0, 0.0)	(14.0, 0.0)	(15.0, 0.0)	(16.0, 0.0)	(17.0, 0.0)	(18.0, 0.0)	(19.0, 5.0)	(20.0, 8.0)	(21.0, 11.0)	(22.0, 38.0)	(23.0, 60.0)	(24.0, 89.0)	(25.0, 112.0)	(26.0, 137.0)	(27.0, 182.0)	(28.0, 220.0)	(29.0, 294.0)	(30.0, 359.0)	(31.0, 483.0)	(32.0, 604.0)	(33.0, 859.0)	(34.0, 1342.0)	(35.0, 2240.0)	(36.0, 4894.0)	(37.0, 11619.0)
523A14_S18_L001_R2_001	(2.0, 4.0)	(3.0, 0.0)	(4.0, 0.0)	(5.0, 0.0)	(6.0, 0.0)	(7.0, 0.0)	(8.0, 0.0)	(9.0, 0.0)	(10.0, 0.0)	(11.0, 2.0)	(12.0, 36.0)	(13.0, 97.0)	(14.0, 64.0)	(15.0, 42.0)	(16.0, 45.0)	(17.0, 49.0)	(18.0, 84.0)	(19.0, 96.0)	(20.0, 157.0)	(21.0, 176.0)	(22.0, 218.0)	(23.0, 262.0)	(24.0, 330.0)	(25.0, 415.0)	(26.0, 594.0)	(27.0, 720.0)	(28.0, 906.0)	(29.0, 1279.0)	(30.0, 1669.0)	(31.0, 2381.0)	(32.0, 3278.0)	(33.0, 4210.0)	(34.0, 4183.0)	(35.0, 2087.0)	(36.0, 174.0)	(37.0, 2.0)
523B0_S19_L001_R1_001	(2.0, 3.0)	(3.0, 0.0)	(4.0, 0.0)	(5.0, 0.0)	(6.0, 0.0)	(7.0, 0.0)	(8.0, 0.0)	(9.0, 0.0)	(10.0, 0.0)	(11.0, 0.0)	(12.0, 0.0)	(13.0, 0.0)	(14.0, 0.0)	(15.0, 1.0)	(16.0, 4.0)	(17.0, 5.0)	(18.0, 8.0)	(19.0, 12.0)	(20.0, 16.0)	(21.0, 24.0)	(22.0, 33.0)	(23.0, 59.0)	(24.0, 94.0)	(25.0, 121.0)	(26.0, 146.0)	(27.0, 164.0)	(28.0, 192.0)	(29.0, 285.0)	(30.0, 345.0)	(31.0, 447.0)	(32.0, 648.0)	(33.0, 867.0)	(34.0, 1259.0)	(35.0, 2178.0)	(36.0, 4561.0)	(37.0, 10305.0)
523B0_S19_L001_R2_001	(2.0, 3.0)	(3.0, 0.0)	(4.0, 0.0)	(5.0, 0.0)	(6.0, 0.0)	(7.0, 0.0)	(8.0, 0.0)	(9.0, 0.0)	(10.0, 0.0)	(11.0, 6.0)	(12.0, 37.0)	(13.0, 101.0)	(14.0, 69.0)	(15.0, 48.0)	(16.0, 47.0)	(17.0, 60.0)	(18.0, 85.0)	(19.0, 107.0)	(20.0, 125.0)	(21.0, 154.0)	(22.0, 233.0)	(23.0, 262.0)	(24.0, 317.0)	(25.0, 450.0)	(26.0, 588.0)	(27.0, 716.0)	(28.0, 971.0)	(29.0, 1242.0)	(30.0, 1755.0)	(31.0, 2317.0)	(32.0, 3164.0)	(33.0, 3759.0)	(34.0, 3535.0)	(35.0, 1515.0)	(36.0, 111.0)	
523B14_S20_L001_R1_001	(2.0, 2.0)	(3.0, 0.0)	(4.0, 0.0)	(5.0, 0.0)	(6.0, 0.0)	(7.0, 0.0)	(8.0, 0.0)	(9.0, 0.0)	(10.0, 0.0)	(11.0, 0.0)	(12.0, 0.0)	(13.0, 0.0)	(14.0, 0.0)	(15.0, 0.0)	(16.0, 1.0)	(17.0, 0.0)	(18.0, 0.0)	(19.0, 5.0)	(20.0, 18.0)	(21.0, 20.0)	(22.0, 37.0)	(23.0, 72.0)	(24.0, 83.0)	(25.0, 96.0)	(26.0, 108.0)	(27.0, 149.0)	(28.0, 193.0)	(29.0, 287.0)	(30.0, 319.0)	(31.0, 448.0)	(32.0, 574.0)	(33.0, 826.0)	(34.0, 1169.0)	(35.0, 2092.0)	(36.0, 4242.0)	(37.0, 10045.0)
523B14_S20_L001_R2_001	(2.0, 2.0)	(3.0, 0.0)	(4.0, 0.0)	(5.0, 0.0)	(6.0, 0.0)	(7.0, 0.0)	(8.0, 0.0)	(9.0, 0.0)	(10.0, 0.0)	(11.0, 0.0)	(12.0, 31.0)	(13.0, 98.0)	(14.0, 60.0)	(15.0, 52.0)	(16.0, 44.0)	(17.0, 68.0)	(18.0, 93.0)	(19.0, 136.0)	(20.0, 177.0)	(21.0, 173.0)	(22.0, 246.0)	(23.0, 347.0)	(24.0, 369.0)	(25.0, 485.0)	(26.0, 590.0)	(27.0, 794.0)	(28.0, 980.0)	(29.0, 1379.0)	(30.0, 1756.0)	(31.0, 2419.0)	(32.0, 3177.0)	(33.0, 3584.0)	(34.0, 2802.0)	(35.0, 867.0)	(36.0, 54.0)	(37.0, 3.0)
528A0_S53_L001_R1_001	(2.0, 3.0)	(3.0, 0.0)	(4.0, 0.0)	(5.0, 0.0)	(6.0, 0.0)	(7.0, 0.0)	(8.0, 0.0)	(9.0, 0.0)	(10.0, 0.0)	(11.0, 0.0)	(12.0, 0.0)	(13.0, 0.0)	(14.0, 0.0)	(15.0, 0.0)	(16.0, 1.0)	(17.0, 2.0)	(18.0, 0.0)	(19.0, 7.0)	(20.0, 15.0)	(21.0, 39.0)	(22.0, 64.0)	(23.0, 85.0)	(24.0, 137.0)	(25.0, 157.0)	(26.0, 157.0)	(27.0, 211.0)	(28.0, 266.0)	(29.0, 358.0)	(30.0, 443.0)	(31.0, 601.0)	(32.0, 794.0)	(33.0, 1094.0)	(34.0, 1633.0)	(35.0, 2728.0)	(36.0, 5762.0)	(37.0, 9447.0)
528A0_S53_L001_R2_001	(2.0, 3.0)	(3.0, 0.0)	(4.0, 0.0)	(5.0, 0.0)	(6.0, 0.0)	(7.0, 0.0)	(8.0, 0.0)	(9.0, 0.0)	(10.0, 0.0)	(11.0, 2.0)	(12.0, 39.0)	(13.0, 119.0)	(14.0, 93.0)	(15.0, 63.0)	(16.0, 49.0)	(17.0, 45.0)	(18.0, 53.0)	(19.0, 75.0)	(20.0, 98.0)	(21.0, 132.0)	(22.0, 152.0)	(23.0, 213.0)	(24.0, 268.0)	(25.0, 370.0)	(26.0, 490.0)	(27.0, 688.0)	(28.0, 928.0)	(29.0, 1209.0)	(30.0, 1682.0)	(31.0, 2416.0)	(32.0, 3218.0)	(33.0, 4411.0)	(34.0, 4706.0)	(35.0, 2250.0)	(36.0, 226.0)	(37.0, 6.0)
528A14_S54_L001_R1_001	(2.0, 1.0)	(3.0, 0.0)	(4.0, 0.0)	(5.0, 0.0)	(6.0, 0.0)	(7.0, 0.0)	(8.0, 0.0)	(9.0, 0.0)	(10.0, 0.0)	(11.0, 0.0)	(12.0, 0.0)	(13.0, 0.0)	(14.0, 0.0)	(15.0, 0.0)	(16.0, 0.0)	(17.0, 0.0)	(18.0, 0.0)	(19.0, 8.0)	(20.0, 18.0)	(21.0, 51.0)	(22.0, 95.0)	(23.0, 129.0)	(24.0, 115.0)	(25.0, 143.0)	(26.0, 172.0)	(27.0, 231.0)	(28.0, 261.0)	(29.0, 371.0)	(30.0, 480.0)	(31.0, 685.0)	(32.0, 848.0)	(33.0, 1189.0)	(34.0, 1692.0)	(35.0, 2755.0)	(36.0, 5637.0)	(37.0, 10298.0)
528A14_S54_L001_R2_001	(2.0, 1.0)	(3.0, 0.0)	(4.0, 0.0)	(5.0, 0.0)	(6.0, 0.0)	(7.0, 0.0)	(8.0, 0.0)	(9.0, 0.0)	(10.0, 0.0)	(11.0, 4.0)	(12.0, 67.0)	(13.0, 132.0)	(14.0, 97.0)	(15.0, 57.0)	(16.0, 46.0)	(17.0, 57.0)	(18.0, 62.0)	(19.0, 89.0)	(20.0, 103.0)	(21.0, 123.0)	(22.0, 199.0)	(23.0, 223.0)	(24.0, 289.0)	(25.0, 384.0)	(26.0, 528.0)	(27.0, 693.0)	(28.0, 940.0)	(29.0, 1273.0)	(30.0, 1791.0)	(31.0, 2448.0)	(32.0, 3199.0)	(33.0, 4235.0)	(34.0, 4960.0)	(35.0, 2846.0)	(36.0, 325.0)	(37.0, 8.0)
528B0_S55_L001_R1_001	(2.0, 2.0)	(3.0, 0.0)	(4.0, 0.0)	(5.0, 0.0)	(6.0, 0.0)	(7.0, 0.0)	(8.0, 0.0)	(9.0, 0.0)	(10.0, 0.0)	(11.0, 0.0)	(12.0, 0.0)	(13.0, 0.0)	(14.0, 0.0)	(15.0, 0.0)	(16.0, 0.0)	(17.0, 2.0)	(18.0, 1.0)	(19.0, 3.0)	(20.0, 15.0)	(21.0, 31.0)	(22.0, 62.0)	(23.0, 102.0)	(24.0, 123.0)	(25.0, 120.0)	(26.0, 190.0)	(27.0, 194.0)	(28.0, 238.0)	(29.0, 354.0)	(30.0, 434.0)	(31.0, 532.0)	(32.0, 734.0)	(33.0, 1050.0)	(34.0, 1517.0)	(35.0, 2553.0)	(36.0, 5408.0)	(37.0, 10615.0)
528B0_S55_L001_R2_001	(2.0, 2.0)	(3.0, 0.0)	(4.0, 0.0)	(5.0, 0.0)	(6.0, 0.0)	(7.0, 0.0)	(8.0, 0.0)	(9.0, 0.0)	(10.0, 0.0)	(11.0, 4.0)	(12.0, 46.0)	(13.0, 121.0)	(14.0, 105.0)	(15.0, 62.0)	(16.0, 41.0)	(17.0, 47.0)	(18.0, 56.0)	(19.0, 89.0)	(20.0, 116.0)	(21.0, 166.0)	(22.0, 202.0)	(23.0, 250.0)	(24.0, 359.0)	(25.0, 425.0)	(26.0, 589.0)	(27.0, 753.0)	(28.0, 1084.0)	(29.0, 1343.0)	(30.0, 1770.0)	(31.0, 2417.0)	(32.0, 3272.0)	(33.0, 4338.0)	(34.0, 4350.0)	(35.0, 2089.0)	(36.0, 179.0)	(37.0, 5.0)
528B14_S56_L001_R1_001	(2.0, 2.0)	(3.0, 0.0)	(4.0, 0.0)	(5.0, 0.0)	(6.0, 0.0)	(7.0, 0.0)	(8.0, 0.0)	(9.0, 0.0)	(10.0, 0.0)	(11.0, 0.0)	(12.0, 0.0)	(13.0, 0.0)	(14.0, 0.0)	(15.0, 0.0)	(16.0, 0.0)	(17.0, 0.0)	(18.0, 5.0)	(19.0, 8.0)	(20.0, 16.0)	(21.0, 36.0)	(22.0, 78.0)	(23.0, 114.0)	(24.0, 107.0)	(25.0, 156.0)	(26.0, 159.0)	(27.0, 223.0)	(28.0, 314.0)	(29.0, 400.0)	(30.0, 474.0)	(31.0, 630.0)	(32.0, 861.0)	(33.0, 1178.0)	(34.0, 1690.0)	(35.0, 2762.0)	(36.0, 5849.0)	(37.0, 10702.0)
528B14_S56_L001_R2_001	(2.0, 2.0)	(3.0, 0.0)	(4.0, 0.0)	(5.0, 0.0)	(6.0, 0.0)	(7.0, 0.0)	(8.0, 0.0)	(9.0, 0.0)	(10.0, 0.0)	(11.0, 2.0)	(12.0, 51.0)	(13.0, 143.0)	(14.0, 89.0)	(15.0, 63.0)	(16.0, 64.0)	(17.0, 65.0)	(18.0, 83.0)	(19.0, 119.0)	(20.0, 136.0)	(21.0, 179.0)	(22.0, 257.0)	(23.0, 311.0)	(24.0, 412.0)	(25.0, 525.0)	(26.0, 664.0)	(27.0, 872.0)	(28.0, 1129.0)	(29.0, 1522.0)	(30.0, 2028.0)	(31.0, 2665.0)	(32.0, 3400.0)	(33.0, 4361.0)	(34.0, 4270.0)	(35.0, 2127.0)	(36.0, 217.0)	(37.0, 8.0)
532A0_S45_L001_R1_001	(2.0, 1.0)	(3.0, 0.0)	(4.0, 0.0)	(5.0, 0.0)	(6.0, 0.0)	(7.0, 0.0)	(8.0, 0.0)	(9.0, 0.0)	(10.0, 0.0)	(11.0, 0.0)	(12.0, 0.0)	(13.0, 0.0)	(14.0, 0.0)	(15.0, 0.0)	(16.0, 0.0)	(17.0, 0.0)	(18.0, 1.0)	(19.0, 10.0)	(20.0, 19.0)	(21.0, 48.0)	(22.0, 104.0)	(23.0, 158.0)	(24.0, 186.0)	(25.0, 236.0)	(26.0, 226.0)	(27.0, 324.0)	(28.0, 416.0)	(29.0, 562.0)	(30.0, 667.0)	(31.0, 922.0)	(32.0, 1312.0)	(33.0, 1655.0)	(34.0, 2578.0)	(35.0, 4151.0)	(36.0, 8577.0)	(37.0, 14953.0)
532A0_S45_L001_R2_001	(2.0, 1.0)	(3.0, 0.0)	(4.0, 0.0)	(5.0, 0.0)	(6.0, 0.0)	(7.0, 0.0)	(8.0, 0.0)	(9.0, 0.0)	(10.0, 0.0)	(11.0, 1.0)	(12.0, 35.0)	(13.0, 168.0)	(14.0, 150.0)	(15.0, 72.0)	(16.0, 59.0)	(17.0, 87.0)	(18.0, 122.0)	(19.0, 172.0)	(20.0, 227.0)	(21.0, 271.0)	(22.0, 352.0)	(23.0, 477.0)	(24.0, 604.0)	(25.0, 774.0)	(26.0, 1064.0)	(27.0, 1340.0)	(28.0, 1779.0)	(29.0, 2461.0)	(30.0, 3303.0)	(31.0, 4238.0)	(32.0, 5180.0)	(33.0, 6271.0)	(34.0, 5482.0)	(35.0, 2243.0)	(36.0, 170.0)	(37.0, 3.0)
532A14_S46_L001_R1_001	(2.0, 4.0)	(3.0, 0.0)	(4.0, 0.0)	(5.0, 0.0)	(6.0, 0.0)	(7.0, 0.0)	(8.0, 0.0)	(9.0, 0.0)	(10.0, 0.0)	(11.0, 0.0)	(12.0, 0.0)	(13.0, 0.0)	(14.0, 0.0)	(15.0, 1.0)	(16.0, 0.0)	(17.0, 1.0)	(18.0, 5.0)	(19.0, 16.0)	(20.0, 45.0)	(21.0, 99.0)	(22.0, 200.0)	(23.0, 232.0)	(24.0, 275.0)	(25.0, 333.0)	(26.0, 434.0)	(27.0, 571.0)	(28.0, 678.0)	(29.0, 910.0)	(30.0, 1074.0)	(31.0, 1480.0)	(32.0, 2016.0)	(33.0, 2689.0)	(34.0, 3986.0)	(35.0, 6112.0)	(36.0, 10957.0)	(37.0, 13135.0)
532A14_S46_L001_R2_001	(2.0, 4.0)	(3.0, 0.0)	(4.0, 0.0)	(5.0, 0.0)	(6.0, 0.0)	(7.0, 0.0)	(8.0, 0.0)	(9.0, 0.0)	(10.0, 0.0)	(11.0, 4.0)	(12.0, 54.0)	(13.0, 225.0)	(14.0, 164.0)	(15.0, 89.0)	(16.0, 77.0)	(17.0, 104.0)	(18.0, 134.0)	(19.0, 203.0)	(20.0, 230.0)	(21.0, 318.0)	(22.0, 399.0)	(23.0, 536.0)	(24.0, 706.0)	(25.0, 958.0)	(26.0, 1243.0)	(27.0, 1698.0)	(28.0, 2358.0)	(29.0, 3232.0)	(30.0, 4324.0)	(31.0, 5639.0)	(32.0, 6802.0)	(33.0, 7222.0)	(34.0, 5845.0)	(35.0, 2485.0)	(36.0, 192.0)	(37.0, 8.0)
532B0_S47_L001_R1_001	(16.0, 1.0)	(17.0, 1.0)	(18.0, 2.0)	(19.0, 11.0)	(20.0, 20.0)	(21.0, 65.0)	(22.0, 143.0)	(23.0, 178.0)	(24.0, 211.0)	(25.0, 279.0)	(26.0, 359.0)	(27.0, 446.0)	(28.0, 531.0)	(29.0, 697.0)	(30.0, 978.0)	(31.0, 1196.0)	(32.0, 1625.0)	(33.0, 2285.0)	(34.0, 3358.0)	(35.0, 5606.0)	(36.0, 11708.0)	(37.0, 20067.0)														
532B0_S47_L001_R2_001	(11.0, 2.0)	(12.0, 54.0)	(13.0, 250.0)	(14.0, 171.0)	(15.0, 85.0)	(16.0, 85.0)	(17.0, 90.0)	(18.0, 143.0)	(19.0, 200.0)	(20.0, 250.0)	(21.0, 332.0)	(22.0, 440.0)	(23.0, 576.0)	(24.0, 754.0)	(25.0, 924.0)	(26.0, 1242.0)	(27.0, 1637.0)	(28.0, 2127.0)	(29.0, 2937.0)	(30.0, 4117.0)	(31.0, 5370.0)	(32.0, 6869.0)	(33.0, 8389.0)	(34.0, 8168.0)	(35.0, 4179.0)	(36.0, 375.0)	(37.0, 1.0)									
532B14_S48_L001_R1_001	(2.0, 1.0)	(3.0, 0.0)	(4.0, 0.0)	(5.0, 0.0)	(6.0, 0.0)	(7.0, 0.0)	(8.0, 0.0)	(9.0, 0.0)	(10.0, 0.0)	(11.0, 0.0)	(12.0, 0.0)	(13.0, 0.0)	(14.0, 0.0)	(15.0, 0.0)	(16.0, 0.0)	(17.0, 1.0)	(18.0, 3.0)	(19.0, 14.0)	(20.0, 31.0)	(21.0, 65.0)	(22.0, 142.0)	(23.0, 201.0)	(24.0, 262.0)	(25.0, 348.0)	(26.0, 390.0)	(27.0, 525.0)	(28.0, 709.0)	(29.0, 970.0)	(30.0, 1156.0)	(31.0, 1557.0)	(32.0, 2165.0)	(33.0, 2939.0)	(34.0, 4374.0)	(35.0, 6921.0)	(36.0, 14493.0)	(37.0, 25330.0)
532B14_S48_L001_R2_001	(2.0, 1.0)	(3.0, 0.0)	(4.0, 0.0)	(5.0, 0.0)	(6.0, 0.0)	(7.0, 0.0)	(8.0, 0.0)	(9.0, 0.0)	(10.0, 0.0)	(11.0, 7.0)	(12.0, 68.0)	(13.0, 272.0)	(14.0, 213.0)	(15.0, 124.0)	(16.0, 126.0)	(17.0, 165.0)	(18.0, 198.0)	(19.0, 326.0)	(20.0, 429.0)	(21.0, 508.0)	(22.0, 662.0)	(23.0, 835.0)	(24.0, 1057.0)	(25.0, 1345.0)	(26.0, 1747.0)	(27.0, 2238.0)	(28.0, 2895.0)	(29.0, 3660.0)	(30.0, 5150.0)	(31.0, 6696.0)	(32.0, 8520.0)	(33.0, 10352.0)	(34.0, 9807.0)	(35.0, 4757.0)	(36.0, 438.0)	(37.0, 1.0)
550A0_S65_L001_R1_001	(18.0, 3.0)	(19.0, 7.0)	(20.0, 17.0)	(21.0, 49.0)	(22.0, 84.0)	(23.0, 122.0)	(24.0, 112.0)	(25.0, 136.0)	(26.0, 184.0)	(27.0, 242.0)	(28.0, 264.0)	(29.0, 355.0)	(30.0, 475.0)	(31.0, 621.0)	(32.0, 882.0)	(33.0, 1180.0)	(34.0, 1721.0)	(35.0, 2856.0)	(36.0, 5690.0)	(37.0, 8808.0)																
550A0_S65_L001_R2_001	(11.0, 3.0)	(12.0, 44.0)	(13.0, 109.0)	(14.0, 80.0)	(15.0, 37.0)	(16.0, 56.0)	(17.0, 50.0)	(18.0, 60.0)	(19.0, 73.0)	(20.0, 105.0)	(21.0, 141.0)	(22.0, 180.0)	(23.0, 241.0)	(24.0, 315.0)	(25.0, 408.0)	(26.0, 572.0)	(27.0, 744.0)	(28.0, 1002.0)	(29.0, 1336.0)	(30.0, 1772.0)	(31.0, 2435.0)	(32.0, 3364.0)	(33.0, 4153.0)	(34.0, 4145.0)	(35.0, 2144.0)	(36.0, 234.0)	(37.0, 5.0)									
550A14_S66_L001_R1_001	(2.0, 2.0)	(3.0, 0.0)	(4.0, 0.0)	(5.0, 0.0)	(6.0, 0.0)	(7.0, 0.0)	(8.0, 0.0)	(9.0, 0.0)	(10.0, 0.0)	(11.0, 0.0)	(12.0, 0.0)	(13.0, 0.0)	(14.0, 0.0)	(15.0, 0.0)	(16.0, 0.0)	(17.0, 0.0)	(18.0, 2.0)	(19.0, 2.0)	(20.0, 10.0)	(21.0, 36.0)	(22.0, 70.0)	(23.0, 68.0)	(24.0, 117.0)	(25.0, 143.0)	(26.0, 180.0)	(27.0, 216.0)	(28.0, 261.0)	(29.0, 329.0)	(30.0, 396.0)	(31.0, 563.0)	(32.0, 753.0)	(33.0, 1059.0)	(34.0, 1626.0)	(35.0, 2602.0)	(36.0, 5431.0)	(37.0, 10618.0)
550A14_S66_L001_R2_001	(2.0, 2.0)	(3.0, 0.0)	(4.0, 0.0)	(5.0, 0.0)	(6.0, 0.0)	(7.0, 0.0)	(8.0, 0.0)	(9.0, 0.0)	(10.0, 0.0)	(11.0, 4.0)	(12.0, 25.0)	(13.0, 137.0)	(14.0, 69.0)	(15.0, 36.0)	(16.0, 48.0)	(17.0, 49.0)	(18.0, 90.0)	(19.0, 98.0)	(20.0, 126.0)	(21.0, 180.0)	(22.0, 215.0)	(23.0, 274.0)	(24.0, 356.0)	(25.0, 487.0)	(26.0, 618.0)	(27.0, 746.0)	(28.0, 1035.0)	(29.0, 1421.0)	(30.0, 1958.0)	(31.0, 2627.0)	(32.0, 3449.0)	(33.0, 4239.0)	(34.0, 4118.0)	(35.0, 1896.0)	(36.0, 176.0)	(37.0, 5.0)
550B0_S67_L001_R1_001	(13.0, 1.0)	(14.0, 0.0)	(15.0, 1.0)	(16.0, 5.0)	(17.0, 6.0)	(18.0, 17.0)	(19.0, 22.0)	(20.0, 10.0)	(21.0, 31.0)	(22.0, 67.0)	(23.0, 106.0)	(24.0, 90.0)	(25.0, 123.0)	(26.0, 171.0)	(27.0, 178.0)	(28.0, 297.0)	(29.0, 342.0)	(30.0, 427.0)	(31.0, 563.0)	(32.0, 754.0)	(33.0, 1060.0)	(34.0, 1603.0)	(35.0, 2476.0)	(36.0, 5605.0)	(37.0, 11579.0)											
550B0_S67_L001_R2_001	(10.0, 1.0)	(11.0, 2.0)	(12.0, 45.0)	(13.0, 119.0)	(14.0, 92.0)	(15.0, 63.0)	(16.0, 32.0)	(17.0, 62.0)	(18.0, 88.0)	(19.0, 88.0)	(20.0, 137.0)	(21.0, 188.0)	(22.0, 223.0)	(23.0, 308.0)	(24.0, 358.0)	(25.0, 437.0)	(26.0, 662.0)	(27.0, 830.0)	(28.0, 1045.0)	(29.0, 1339.0)	(30.0, 1906.0)	(31.0, 2599.0)	(32.0, 3514.0)	(33.0, 4446.0)	(34.0, 4493.0)	(35.0, 2253.0)	(36.0, 200.0)	(37.0, 4.0)								
550B14_S68_L001_R1_001	(18.0, 3.0)	(19.0, 11.0)	(20.0, 14.0)	(21.0, 44.0)	(22.0, 70.0)	(23.0, 104.0)	(24.0, 101.0)	(25.0, 154.0)	(26.0, 189.0)	(27.0, 216.0)	(28.0, 268.0)	(29.0, 337.0)	(30.0, 401.0)	(31.0, 529.0)	(32.0, 715.0)	(33.0, 1019.0)	(34.0, 1564.0)	(35.0, 2593.0)	(36.0, 5471.0)	(37.0, 11116.0)																
550B14_S68_L001_R2_001	(11.0, 5.0)	(12.0, 32.0)	(13.0, 121.0)	(14.0, 75.0)	(15.0, 40.0)	(16.0, 53.0)	(17.0, 55.0)	(18.0, 90.0)	(19.0, 129.0)	(20.0, 143.0)	(21.0, 204.0)	(22.0, 234.0)	(23.0, 307.0)	(24.0, 394.0)	(25.0, 530.0)	(26.0, 617.0)	(27.0, 779.0)	(28.0, 1087.0)	(29.0, 1392.0)	(30.0, 1882.0)	(31.0, 2613.0)	(32.0, 3508.0)	(33.0, 4354.0)	(34.0, 4196.0)	(35.0, 1915.0)	(36.0, 159.0)	(37.0, 5.0)									
551A0_S73_L001_R1_001	(15.0, 1.0)	(16.0, 0.0)	(17.0, 0.0)	(18.0, 1.0)	(19.0, 8.0)	(20.0, 24.0)	(21.0, 36.0)	(22.0, 97.0)	(23.0, 121.0)	(24.0, 149.0)	(25.0, 159.0)	(26.0, 207.0)	(27.0, 258.0)	(28.0, 353.0)	(29.0, 397.0)	(30.0, 551.0)	(31.0, 719.0)	(32.0, 941.0)	(33.0, 1402.0)	(34.0, 2031.0)	(35.0, 3273.0)	(36.0, 6915.0)	(37.0, 11688.0)													
551A0_S73_L001_R2_001	(11.0, 2.0)	(12.0, 28.0)	(13.0, 130.0)	(14.0, 77.0)	(15.0, 40.0)	(16.0, 46.0)	(17.0, 68.0)	(18.0, 68.0)	(19.0, 118.0)	(20.0, 164.0)	(21.0, 201.0)	(22.0, 271.0)	(23.0, 312.0)	(24.0, 458.0)	(25.0, 604.0)	(26.0, 790.0)	(27.0, 1022.0)	(28.0, 1314.0)	(29.0, 1798.0)	(30.0, 2411.0)	(31.0, 3235.0)	(32.0, 4188.0)	(33.0, 4906.0)	(34.0, 4732.0)	(35.0, 2144.0)	(36.0, 202.0)	(37.0, 2.0)									
551A14_S74_L001_R1_001	(2.0, 1.0)	(3.0, 0.0)	(4.0, 0.0)	(5.0, 0.0)	(6.0, 0.0)	(7.0, 0.0)	(8.0, 0.0)	(9.0, 0.0)	(10.0, 0.0)	(11.0, 0.0)	(12.0, 0.0)	(13.0, 0.0)	(14.0, 0.0)	(15.0, 0.0)	(16.0, 0.0)	(17.0, 0.0)	(18.0, 3.0)	(19.0, 12.0)	(20.0, 26.0)	(21.0, 54.0)	(22.0, 77.0)	(23.0, 113.0)	(24.0, 137.0)	(25.0, 187.0)	(26.0, 215.0)	(27.0, 264.0)	(28.0, 378.0)	(29.0, 460.0)	(30.0, 575.0)	(31.0, 785.0)	(32.0, 1037.0)	(33.0, 1477.0)	(34.0, 2234.0)	(35.0, 3591.0)	(36.0, 6961.0)	(37.0, 11835.0)
551A14_S74_L001_R2_001	(2.0, 1.0)	(3.0, 0.0)	(4.0, 0.0)	(5.0, 0.0)	(6.0, 0.0)	(7.0, 0.0)	(8.0, 0.0)	(9.0, 0.0)	(10.0, 0.0)	(11.0, 0.0)	(12.0, 42.0)	(13.0, 136.0)	(14.0, 112.0)	(15.0, 48.0)	(16.0, 51.0)	(17.0, 61.0)	(18.0, 110.0)	(19.0, 135.0)	(20.0, 203.0)	(21.0, 280.0)	(22.0, 300.0)	(23.0, 448.0)	(24.0, 575.0)	(25.0, 697.0)	(26.0, 967.0)	(27.0, 1349.0)	(28.0, 1671.0)	(29.0, 2291.0)	(30.0, 2795.0)	(31.0, 3765.0)	(32.0, 4563.0)	(33.0, 4819.0)	(34.0, 3669.0)	(35.0, 1273.0)	(36.0, 61.0)	
551B0_S75_L001_R1_001	(16.0, 3.0)	(17.0, 14.0)	(18.0, 20.0)	(19.0, 21.0)	(20.0, 24.0)	(21.0, 41.0)	(22.0, 83.0)	(23.0, 113.0)	(24.0, 128.0)	(25.0, 182.0)	(26.0, 226.0)	(27.0, 243.0)	(28.0, 345.0)	(29.0, 452.0)	(30.0, 546.0)	(31.0, 788.0)	(32.0, 1026.0)	(33.0, 1440.0)	(34.0, 2200.0)	(35.0, 3585.0)	(36.0, 7902.0)	(37.0, 17045.0)														
551B0_S75_L001_R2_001	(11.0, 2.0)	(12.0, 34.0)	(13.0, 161.0)	(14.0, 129.0)	(15.0, 65.0)	(16.0, 58.0)	(17.0, 85.0)	(18.0, 80.0)	(19.0, 166.0)	(20.0, 202.0)	(21.0, 236.0)	(22.0, 336.0)	(23.0, 400.0)	(24.0, 490.0)	(25.0, 691.0)	(26.0, 870.0)	(27.0, 1181.0)	(28.0, 1546.0)	(29.0, 2046.0)	(30.0, 2761.0)	(31.0, 3685.0)	(32.0, 5066.0)	(33.0, 6391.0)	(34.0, 6524.0)	(35.0, 2974.0)	(36.0, 246.0)	(37.0, 2.0)									
551B14_S76_L001_R1_001	(13.0, 1.0)	(14.0, 0.0)	(15.0, 0.0)	(16.0, 0.0)	(17.0, 2.0)	(18.0, 4.0)	(19.0, 15.0)	(20.0, 23.0)	(21.0, 50.0)	(22.0, 106.0)	(23.0, 132.0)	(24.0, 201.0)	(25.0, 201.0)	(26.0, 239.0)	(27.0, 356.0)	(28.0, 421.0)	(29.0, 512.0)	(30.0, 700.0)	(31.0, 922.0)	(32.0, 1273.0)	(33.0, 1726.0)	(34.0, 2605.0)	(35.0, 4401.0)	(36.0, 9168.0)	(37.0, 19785.0)											
551B14_S76_L001_R2_001	(11.0, 1.0)	(12.0, 37.0)	(13.0, 159.0)	(14.0, 126.0)	(15.0, 62.0)	(16.0, 78.0)	(17.0, 105.0)	(18.0, 153.0)	(19.0, 223.0)	(20.0, 246.0)	(21.0, 318.0)	(22.0, 442.0)	(23.0, 509.0)	(24.0, 639.0)	(25.0, 846.0)	(26.0, 1115.0)	(27.0, 1386.0)	(28.0, 1874.0)	(29.0, 2535.0)	(30.0, 3489.0)	(31.0, 4489.0)	(32.0, 6166.0)	(33.0, 7698.0)	(34.0, 7064.0)	(35.0, 2903.0)	(36.0, 178.0)	(37.0, 2.0)									
554A0_S69_L001_R1_001	(2.0, 1.0)	(3.0, 0.0)	(4.0, 0.0)	(5.0, 0.0)	(6.0, 0.0)	(7.0, 0.0)	(8.0, 0.0)	(9.0, 0.0)	(10.0, 0.0)	(11.0, 0.0)	(12.0, 0.0)	(13.0, 0.0)	(14.0, 0.0)	(15.0, 2.0)	(16.0, 5.0)	(17.0, 9.0)	(18.0, 9.0)	(19.0, 16.0)	(20.0, 19.0)	(21.0, 43.0)	(22.0, 73.0)	(23.0, 95.0)	(24.0, 102.0)	(25.0, 144.0)	(26.0, 194.0)	(27.0, 215.0)	(28.0, 281.0)	(29.0, 342.0)	(30.0, 434.0)	(31.0, 541.0)	(32.0, 776.0)	(33.0, 1086.0)	(34.0, 1508.0)	(35.0, 2432.0)	(36.0, 5075.0)	(37.0, 8390.0)
554A0_S69_L001_R2_001	(2.0, 1.0)	(3.0, 0.0)	(4.0, 0.0)	(5.0, 0.0)	(6.0, 0.0)	(7.0, 0.0)	(8.0, 0.0)	(9.0, 0.0)	(10.0, 0.0)	(11.0, 1.0)	(12.0, 32.0)	(13.0, 113.0)	(14.0, 84.0)	(15.0, 61.0)	(16.0, 38.0)	(17.0, 40.0)	(18.0, 74.0)	(19.0, 75.0)	(20.0, 87.0)	(21.0, 161.0)	(22.0, 204.0)	(23.0, 241.0)	(24.0, 330.0)	(25.0, 461.0)	(26.0, 564.0)	(27.0, 772.0)	(28.0, 987.0)	(29.0, 1296.0)	(30.0, 1688.0)	(31.0, 2300.0)	(32.0, 3083.0)	(33.0, 3746.0)	(34.0, 3531.0)	(35.0, 1663.0)	(36.0, 155.0)	(37.0, 4.0)
554A14_S70_L001_R1_001	(2.0, 3.0)	(3.0, 0.0)	(4.0, 0.0)	(5.0, 0.0)	(6.0, 0.0)	(7.0, 0.0)	(8.0, 0.0)	(9.0, 0.0)	(10.0, 0.0)	(11.0, 0.0)	(12.0, 0.0)	(13.0, 0.0)	(14.0, 0.0)	(15.0, 0.0)	(16.0, 0.0)	(17.0, 0.0)	(18.0, 4.0)	(19.0, 10.0)	(20.0, 26.0)	(21.0, 47.0)	(22.0, 94.0)	(23.0, 143.0)	(24.0, 137.0)	(25.0, 196.0)	(26.0, 227.0)	(27.0, 276.0)	(28.0, 331.0)	(29.0, 434.0)	(30.0, 504.0)	(31.0, 692.0)	(32.0, 912.0)	(33.0, 1195.0)	(34.0, 1772.0)	(35.0, 2931.0)	(36.0, 5691.0)	(37.0, 8550.0)
554A14_S70_L001_R2_001	(2.0, 2.0)	(3.0, 0.0)	(4.0, 0.0)	(5.0, 0.0)	(6.0, 0.0)	(7.0, 0.0)	(8.0, 0.0)	(9.0, 0.0)	(10.0, 0.0)	(11.0, 3.0)	(12.0, 33.0)	(13.0, 105.0)	(14.0, 65.0)	(15.0, 50.0)	(16.0, 50.0)	(17.0, 38.0)	(18.0, 79.0)	(19.0, 90.0)	(20.0, 120.0)	(21.0, 179.0)	(22.0, 213.0)	(23.0, 284.0)	(24.0, 398.0)	(25.0, 548.0)	(26.0, 697.0)	(27.0, 869.0)	(28.0, 1117.0)	(29.0, 1595.0)	(30.0, 2114.0)	(31.0, 2865.0)	(32.0, 3451.0)	(33.0, 3816.0)	(34.0, 3476.0)	(35.0, 1756.0)	(36.0, 160.0)	(37.0, 2.0)
554B0_S71_L001_R1_001	(2.0, 1.0)	(3.0, 0.0)	(4.0, 0.0)	(5.0, 0.0)	(6.0, 0.0)	(7.0, 0.0)	(8.0, 0.0)	(9.0, 0.0)	(10.0, 0.0)	(11.0, 0.0)	(12.0, 0.0)	(13.0, 0.0)	(14.0, 0.0)	(15.0, 0.0)	(16.0, 0.0)	(17.0, 1.0)	(18.0, 3.0)	(19.0, 7.0)	(20.0, 10.0)	(21.0, 35.0)	(22.0, 80.0)	(23.0, 119.0)	(24.0, 125.0)	(25.0, 160.0)	(26.0, 195.0)	(27.0, 255.0)	(28.0, 295.0)	(29.0, 370.0)	(30.0, 481.0)	(31.0, 594.0)	(32.0, 814.0)	(33.0, 1066.0)	(34.0, 1611.0)	(35.0, 2764.0)	(36.0, 5553.0)	(37.0, 9263.0)
554B0_S71_L001_R2_001	(2.0, 1.0)	(3.0, 0.0)	(4.0, 0.0)	(5.0, 0.0)	(6.0, 0.0)	(7.0, 0.0)	(8.0, 0.0)	(9.0, 0.0)	(10.0, 0.0)	(11.0, 0.0)	(12.0, 40.0)	(13.0, 126.0)	(14.0, 83.0)	(15.0, 35.0)	(16.0, 45.0)	(17.0, 59.0)	(18.0, 84.0)	(19.0, 105.0)	(20.0, 138.0)	(21.0, 185.0)	(22.0, 238.0)	(23.0, 292.0)	(24.0, 385.0)	(25.0, 504.0)	(26.0, 741.0)	(27.0, 961.0)	(28.0, 1174.0)	(29.0, 1558.0)	(30.0, 2149.0)	(31.0, 2827.0)	(32.0, 3573.0)	(33.0, 3715.0)	(34.0, 3149.0)	(35.0, 1471.0)	(36.0, 160.0)	(37.0, 4.0)
554B14_S72_L001_R1_001	(16.0, 1.0)	(17.0, 0.0)	(18.0, 2.0)	(19.0, 6.0)	(20.0, 19.0)	(21.0, 36.0)	(22.0, 82.0)	(23.0, 124.0)	(24.0, 147.0)	(25.0, 155.0)	(26.0, 208.0)	(27.0, 276.0)	(28.0, 318.0)	(29.0, 393.0)	(30.0, 513.0)	(31.0, 676.0)	(32.0, 900.0)	(33.0, 1244.0)	(34.0, 1811.0)	(35.0, 2887.0)	(36.0, 6226.0)	(37.0, 9141.0)														
554B14_S72_L001_R2_001	(11.0, 4.0)	(12.0, 40.0)	(13.0, 118.0)	(14.0, 72.0)	(15.0, 54.0)	(16.0, 53.0)	(17.0, 72.0)	(18.0, 98.0)	(19.0, 140.0)	(20.0, 161.0)	(21.0, 217.0)	(22.0, 301.0)	(23.0, 336.0)	(24.0, 435.0)	(25.0, 616.0)	(26.0, 762.0)	(27.0, 933.0)	(28.0, 1210.0)	(29.0, 1595.0)	(30.0, 2264.0)	(31.0, 2901.0)	(32.0, 3626.0)	(33.0, 3954.0)	(34.0, 3439.0)	(35.0, 1631.0)	(36.0, 130.0)	(37.0, 3.0)									
574A0_S97_L001_R1_001	(17.0, 1.0)	(18.0, 7.0)	(19.0, 15.0)	(20.0, 22.0)	(21.0, 59.0)	(22.0, 133.0)	(23.0, 180.0)	(24.0, 230.0)	(25.0, 292.0)	(26.0, 387.0)	(27.0, 458.0)	(28.0, 596.0)	(29.0, 728.0)	(30.0, 907.0)	(31.0, 1175.0)	(32.0, 1546.0)	(33.0, 2242.0)	(34.0, 3364.0)	(35.0, 5698.0)	(36.0, 12327.0)	(37.0, 31037.0)															
574A0_S97_L001_R2_001	(2.0, 1.0)	(3.0, 0.0)	(4.0, 0.0)	(5.0, 0.0)	(6.0, 0.0)	(7.0, 0.0)	(8.0, 0.0)	(9.0, 0.0)	(10.0, 0.0)	(11.0, 4.0)	(12.0, 71.0)	(13.0, 227.0)	(14.0, 194.0)	(15.0, 95.0)	(16.0, 124.0)	(17.0, 148.0)	(18.0, 183.0)	(19.0, 259.0)	(20.0, 369.0)	(21.0, 433.0)	(22.0, 534.0)	(23.0, 688.0)	(24.0, 917.0)	(25.0, 1138.0)	(26.0, 1524.0)	(27.0, 1924.0)	(28.0, 2584.0)	(29.0, 3549.0)	(30.0, 4746.0)	(31.0, 6391.0)	(32.0, 9012.0)	(33.0, 11547.0)	(34.0, 10650.0)	(35.0, 3875.0)	(36.0, 216.0)	(37.0, 1.0)
574A14_S98_L001_R1_001	(17.0, 1.0)	(18.0, 4.0)	(19.0, 9.0)	(20.0, 23.0)	(21.0, 59.0)	(22.0, 93.0)	(23.0, 133.0)	(24.0, 171.0)	(25.0, 230.0)	(26.0, 247.0)	(27.0, 311.0)	(28.0, 383.0)	(29.0, 452.0)	(30.0, 628.0)	(31.0, 808.0)	(32.0, 1093.0)	(33.0, 1500.0)	(34.0, 2259.0)	(35.0, 3799.0)	(36.0, 8026.0)	(37.0, 19358.0)															
574A14_S98_L001_R2_001	(11.0, 5.0)	(12.0, 53.0)	(13.0, 172.0)	(14.0, 137.0)	(15.0, 80.0)	(16.0, 76.0)	(17.0, 90.0)	(18.0, 128.0)	(19.0, 166.0)	(20.0, 171.0)	(21.0, 269.0)	(22.0, 314.0)	(23.0, 384.0)	(24.0, 513.0)	(25.0, 688.0)	(26.0, 861.0)	(27.0, 1171.0)	(28.0, 1581.0)	(29.0, 2165.0)	(30.0, 2932.0)	(31.0, 4042.0)	(32.0, 5525.0)	(33.0, 7447.0)	(34.0, 7356.0)	(35.0, 3044.0)	(36.0, 213.0)	(37.0, 4.0)									
574B0_S99_L001_R1_001	(17.0, 2.0)	(18.0, 3.0)	(19.0, 6.0)	(20.0, 15.0)	(21.0, 43.0)	(22.0, 87.0)	(23.0, 120.0)	(24.0, 149.0)	(25.0, 174.0)	(26.0, 211.0)	(27.0, 268.0)	(28.0, 338.0)	(29.0, 403.0)	(30.0, 542.0)	(31.0, 653.0)	(32.0, 923.0)	(33.0, 1330.0)	(34.0, 2107.0)	(35.0, 3449.0)	(36.0, 7343.0)	(37.0, 18493.0)															
574B0_S99_L001_R2_001	(11.0, 2.0)	(12.0, 51.0)	(13.0, 160.0)	(14.0, 112.0)	(15.0, 85.0)	(16.0, 81.0)	(17.0, 81.0)	(18.0, 133.0)	(19.0, 165.0)	(20.0, 187.0)	(21.0, 248.0)	(22.0, 323.0)	(23.0, 425.0)	(24.0, 508.0)	(25.0, 661.0)	(26.0, 857.0)	(27.0, 1172.0)	(28.0, 1549.0)	(29.0, 2151.0)	(30.0, 2920.0)	(31.0, 3949.0)	(32.0, 5311.0)	(33.0, 6974.0)	(34.0, 6182.0)	(35.0, 2253.0)	(36.0, 117.0)	(37.0, 2.0)									
574B14_S100_L001_R1_001	(17.0, 1.0)	(18.0, 2.0)	(19.0, 8.0)	(20.0, 17.0)	(21.0, 41.0)	(22.0, 87.0)	(23.0, 113.0)	(24.0, 137.0)	(25.0, 159.0)	(26.0, 209.0)	(27.0, 234.0)	(28.0, 327.0)	(29.0, 406.0)	(30.0, 504.0)	(31.0, 674.0)	(32.0, 893.0)	(33.0, 1226.0)	(34.0, 1891.0)	(35.0, 3188.0)	(36.0, 6729.0)	(37.0, 16917.0)															
574B14_S100_L001_R2_001	(11.0, 5.0)	(12.0, 63.0)	(13.0, 116.0)	(14.0, 97.0)	(15.0, 76.0)	(16.0, 60.0)	(17.0, 94.0)	(18.0, 135.0)	(19.0, 157.0)	(20.0, 204.0)	(21.0, 252.0)	(22.0, 337.0)	(23.0, 382.0)	(24.0, 506.0)	(25.0, 653.0)	(26.0, 903.0)	(27.0, 1145.0)	(28.0, 1535.0)	(29.0, 2066.0)	(30.0, 2733.0)	(31.0, 3660.0)	(32.0, 5271.0)	(33.0, 6316.0)	(34.0, 5299.0)	(35.0, 1629.0)	(36.0, 68.0)	(37.0, 1.0)									
576A0_S93_L001_R1_001	(2.0, 1.0)	(3.0, 0.0)	(4.0, 0.0)	(5.0, 0.0)	(6.0, 0.0)	(7.0, 0.0)	(8.0, 0.0)	(9.0, 0.0)	(10.0, 0.0)	(11.0, 0.0)	(12.0, 0.0)	(13.0, 0.0)	(14.0, 0.0)	(15.0, 0.0)	(16.0, 0.0)	(17.0, 0.0)	(18.0, 4.0)	(19.0, 5.0)	(20.0, 18.0)	(21.0, 25.0)	(22.0, 57.0)	(23.0, 80.0)	(24.0, 115.0)	(25.0, 147.0)	(26.0, 162.0)	(27.0, 244.0)	(28.0, 299.0)	(29.0, 409.0)	(30.0, 477.0)	(31.0, 623.0)	(32.0, 887.0)	(33.0, 1188.0)	(34.0, 1753.0)	(35.0, 3030.0)	(36.0, 6349.0)	(37.0, 12927.0)
576A0_S93_L001_R2_001	(2.0, 1.0)	(3.0, 0.0)	(4.0, 0.0)	(5.0, 0.0)	(6.0, 0.0)	(7.0, 0.0)	(8.0, 0.0)	(9.0, 0.0)	(10.0, 0.0)	(11.0, 1.0)	(12.0, 34.0)	(13.0, 135.0)	(14.0, 102.0)	(15.0, 41.0)	(16.0, 31.0)	(17.0, 55.0)	(18.0, 64.0)	(19.0, 102.0)	(20.0, 114.0)	(21.0, 156.0)	(22.0, 208.0)	(23.0, 290.0)	(24.0, 394.0)	(25.0, 447.0)	(26.0, 637.0)	(27.0, 802.0)	(28.0, 1035.0)	(29.0, 1449.0)	(30.0, 1956.0)	(31.0, 2713.0)	(32.0, 3774.0)	(33.0, 4991.0)	(34.0, 5681.0)	(35.0, 3229.0)	(36.0, 355.0)	(37.0, 3.0)
576A14_S94_L001_R1_001	(18.0, 6.0)	(19.0, 15.0)	(20.0, 15.0)	(21.0, 55.0)	(22.0, 91.0)	(23.0, 119.0)	(24.0, 153.0)	(25.0, 189.0)	(26.0, 254.0)	(27.0, 279.0)	(28.0, 373.0)	(29.0, 466.0)	(30.0, 628.0)	(31.0, 774.0)	(32.0, 1031.0)	(33.0, 1541.0)	(34.0, 2231.0)	(35.0, 3617.0)	(36.0, 7451.0)	(37.0, 13465.0)																
576A14_S94_L001_R2_001	(11.0, 1.0)	(12.0, 31.0)	(13.0, 171.0)	(14.0, 106.0)	(15.0, 52.0)	(16.0, 48.0)	(17.0, 52.0)	(18.0, 75.0)	(19.0, 105.0)	(20.0, 146.0)	(21.0, 168.0)	(22.0, 221.0)	(23.0, 313.0)	(24.0, 378.0)	(25.0, 532.0)	(26.0, 680.0)	(27.0, 910.0)	(28.0, 1258.0)	(29.0, 1613.0)	(30.0, 2254.0)	(31.0, 3128.0)	(32.0, 4372.0)	(33.0, 5858.0)	(34.0, 6258.0)	(35.0, 3642.0)	(36.0, 378.0)	(37.0, 3.0)									
576B0_S95_L001_R1_001	(2.0, 4.0)	(3.0, 0.0)	(4.0, 0.0)	(5.0, 0.0)	(6.0, 0.0)	(7.0, 0.0)	(8.0, 0.0)	(9.0, 0.0)	(10.0, 0.0)	(11.0, 0.0)	(12.0, 0.0)	(13.0, 0.0)	(14.0, 0.0)	(15.0, 0.0)	(16.0, 0.0)	(17.0, 1.0)	(18.0, 6.0)	(19.0, 13.0)	(20.0, 18.0)	(21.0, 40.0)	(22.0, 84.0)	(23.0, 133.0)	(24.0, 147.0)	(25.0, 200.0)	(26.0, 257.0)	(27.0, 311.0)	(28.0, 398.0)	(29.0, 525.0)	(30.0, 624.0)	(31.0, 862.0)	(32.0, 1207.0)	(33.0, 1665.0)	(34.0, 2392.0)	(35.0, 4000.0)	(36.0, 8616.0)	(37.0, 18912.0)
576B0_S95_L001_R2_001	(2.0, 4.0)	(3.0, 0.0)	(4.0, 0.0)	(5.0, 0.0)	(6.0, 0.0)	(7.0, 0.0)	(8.0, 0.0)	(9.0, 0.0)	(10.0, 0.0)	(11.0, 4.0)	(12.0, 39.0)	(13.0, 176.0)	(14.0, 132.0)	(15.0, 66.0)	(16.0, 77.0)	(17.0, 64.0)	(18.0, 112.0)	(19.0, 131.0)	(20.0, 209.0)	(21.0, 217.0)	(22.0, 333.0)	(23.0, 388.0)	(24.0, 511.0)	(25.0, 645.0)	(26.0, 842.0)	(27.0, 1151.0)	(28.0, 1545.0)	(29.0, 1981.0)	(30.0, 2733.0)	(31.0, 3804.0)	(32.0, 5242.0)	(33.0, 7003.0)	(34.0, 7927.0)	(35.0, 4603.0)	(36.0, 468.0)	(37.0, 8.0)
576B14_S96_L001_R1_001	(17.0, 1.0)	(18.0, 3.0)	(19.0, 12.0)	(20.0, 33.0)	(21.0, 48.0)	(22.0, 95.0)	(23.0, 166.0)	(24.0, 212.0)	(25.0, 287.0)	(26.0, 332.0)	(27.0, 461.0)	(28.0, 600.0)	(29.0, 720.0)	(30.0, 936.0)	(31.0, 1232.0)	(32.0, 1660.0)	(33.0, 2326.0)	(34.0, 3465.0)	(35.0, 5701.0)	(36.0, 11923.0)	(37.0, 23174.0)															
576B14_S96_L001_R2_001	(11.0, 2.0)	(12.0, 79.0)	(13.0, 224.0)	(14.0, 174.0)	(15.0, 82.0)	(16.0, 84.0)	(17.0, 129.0)	(18.0, 152.0)	(19.0, 217.0)	(20.0, 308.0)	(21.0, 377.0)	(22.0, 527.0)	(23.0, 601.0)	(24.0, 738.0)	(25.0, 969.0)	(26.0, 1204.0)	(27.0, 1620.0)	(28.0, 2054.0)	(29.0, 2743.0)	(30.0, 3695.0)	(31.0, 5018.0)	(32.0, 6890.0)	(33.0, 9160.0)	(34.0, 10124.0)	(35.0, 5645.0)	(36.0, 564.0)	(37.0, 7.0)									
578A0_S101_L001_R1_001	(17.0, 1.0)	(18.0, 2.0)	(19.0, 5.0)	(20.0, 15.0)	(21.0, 32.0)	(22.0, 62.0)	(23.0, 96.0)	(24.0, 120.0)	(25.0, 137.0)	(26.0, 185.0)	(27.0, 212.0)	(28.0, 243.0)	(29.0, 347.0)	(30.0, 498.0)	(31.0, 543.0)	(32.0, 764.0)	(33.0, 1042.0)	(34.0, 1578.0)	(35.0, 2640.0)	(36.0, 5729.0)	(37.0, 13218.0)															
578A0_S101_L001_R2_001	(11.0, 1.0)	(12.0, 41.0)	(13.0, 117.0)	(14.0, 91.0)	(15.0, 63.0)	(16.0, 36.0)	(17.0, 66.0)	(18.0, 75.0)	(19.0, 100.0)	(20.0, 133.0)	(21.0, 178.0)	(22.0, 206.0)	(23.0, 295.0)	(24.0, 368.0)	(25.0, 480.0)	(26.0, 653.0)	(27.0, 820.0)	(28.0, 1051.0)	(29.0, 1525.0)	(30.0, 2007.0)	(31.0, 2874.0)	(32.0, 4259.0)	(33.0, 5419.0)	(34.0, 4851.0)	(35.0, 1664.0)	(36.0, 95.0)	(37.0, 1.0)									
578A14_S102_L001_R1_001	(15.0, 1.0)	(16.0, 1.0)	(17.0, 0.0)	(18.0, 0.0)	(19.0, 4.0)	(20.0, 16.0)	(21.0, 43.0)	(22.0, 82.0)	(23.0, 119.0)	(24.0, 138.0)	(25.0, 163.0)	(26.0, 198.0)	(27.0, 243.0)	(28.0, 289.0)	(29.0, 359.0)	(30.0, 456.0)	(31.0, 617.0)	(32.0, 775.0)	(33.0, 1108.0)	(34.0, 1686.0)	(35.0, 2662.0)	(36.0, 5883.0)	(37.0, 12753.0)													
578A14_S102_L001_R2_001	(11.0, 1.0)	(12.0, 50.0)	(13.0, 133.0)	(14.0, 92.0)	(15.0, 49.0)	(16.0, 59.0)	(17.0, 65.0)	(18.0, 88.0)	(19.0, 121.0)	(20.0, 150.0)	(21.0, 172.0)	(22.0, 219.0)	(23.0, 295.0)	(24.0, 367.0)	(25.0, 472.0)	(26.0, 648.0)	(27.0, 824.0)	(28.0, 1078.0)	(29.0, 1508.0)	(30.0, 2052.0)	(31.0, 2815.0)	(32.0, 3934.0)	(33.0, 5335.0)	(34.0, 4906.0)	(35.0, 2054.0)	(36.0, 109.0)										
578B0_S103_L001_R1_001	(18.0, 4.0)	(19.0, 5.0)	(20.0, 12.0)	(21.0, 41.0)	(22.0, 68.0)	(23.0, 96.0)	(24.0, 118.0)	(25.0, 135.0)	(26.0, 178.0)	(27.0, 210.0)	(28.0, 263.0)	(29.0, 295.0)	(30.0, 430.0)	(31.0, 531.0)	(32.0, 758.0)	(33.0, 1063.0)	(34.0, 1583.0)	(35.0, 2661.0)	(36.0, 5662.0)	(37.0, 13666.0)																
578B0_S103_L001_R2_001	(11.0, 5.0)	(12.0, 42.0)	(13.0, 98.0)	(14.0, 103.0)	(15.0, 59.0)	(16.0, 37.0)	(17.0, 61.0)	(18.0, 67.0)	(19.0, 102.0)	(20.0, 111.0)	(21.0, 194.0)	(22.0, 212.0)	(23.0, 269.0)	(24.0, 337.0)	(25.0, 449.0)	(26.0, 599.0)	(27.0, 762.0)	(28.0, 993.0)	(29.0, 1393.0)	(30.0, 1893.0)	(31.0, 2658.0)	(32.0, 3778.0)	(33.0, 5443.0)	(34.0, 5488.0)	(35.0, 2427.0)	(36.0, 198.0)	(37.0, 1.0)									
578B14_S104_L001_R1_001	(17.0, 1.0)	(18.0, 3.0)	(19.0, 12.0)	(20.0, 12.0)	(21.0, 25.0)	(22.0, 63.0)	(23.0, 77.0)	(24.0, 100.0)	(25.0, 121.0)	(26.0, 124.0)	(27.0, 170.0)	(28.0, 235.0)	(29.0, 317.0)	(30.0, 413.0)	(31.0, 566.0)	(32.0, 696.0)	(33.0, 977.0)	(34.0, 1514.0)	(35.0, 2406.0)	(36.0, 5030.0)	(37.0, 10782.0)															
578B14_S104_L001_R2_001	(11.0, 2.0)	(12.0, 28.0)	(13.0, 95.0)	(14.0, 73.0)	(15.0, 33.0)	(16.0, 40.0)	(17.0, 70.0)	(18.0, 83.0)	(19.0, 100.0)	(20.0, 157.0)	(21.0, 189.0)	(22.0, 234.0)	(23.0, 340.0)	(24.0, 383.0)	(25.0, 483.0)	(26.0, 643.0)	(27.0, 766.0)	(28.0, 1041.0)	(29.0, 1404.0)	(30.0, 1873.0)	(31.0, 2569.0)	(32.0, 3536.0)	(33.0, 4399.0)	(34.0, 3727.0)	(35.0, 1287.0)	(36.0, 87.0)	(37.0, 2.0)									
583A0_S129_L001_R1_001	(17.0, 1.0)	(18.0, 2.0)	(19.0, 8.0)	(20.0, 21.0)	(21.0, 37.0)	(22.0, 99.0)	(23.0, 143.0)	(24.0, 147.0)	(25.0, 177.0)	(26.0, 205.0)	(27.0, 257.0)	(28.0, 312.0)	(29.0, 384.0)	(30.0, 504.0)	(31.0, 670.0)	(32.0, 900.0)	(33.0, 1198.0)	(34.0, 1847.0)	(35.0, 3079.0)	(36.0, 6453.0)	(37.0, 14954.0)															
583A0_S129_L001_R2_001	(11.0, 2.0)	(12.0, 49.0)	(13.0, 147.0)	(14.0, 123.0)	(15.0, 69.0)	(16.0, 69.0)	(17.0, 100.0)	(18.0, 105.0)	(19.0, 162.0)	(20.0, 205.0)	(21.0, 226.0)	(22.0, 307.0)	(23.0, 395.0)	(24.0, 520.0)	(25.0, 612.0)	(26.0, 812.0)	(27.0, 1069.0)	(28.0, 1409.0)	(29.0, 1841.0)	(30.0, 2485.0)	(31.0, 3291.0)	(32.0, 3946.0)	(33.0, 5261.0)	(34.0, 5456.0)	(35.0, 2549.0)	(36.0, 188.0)										
583A14_S130_L001_R1_001	(18.0, 2.0)	(19.0, 5.0)	(20.0, 18.0)	(21.0, 37.0)	(22.0, 65.0)	(23.0, 103.0)	(24.0, 125.0)	(25.0, 129.0)	(26.0, 166.0)	(27.0, 240.0)	(28.0, 255.0)	(29.0, 336.0)	(30.0, 444.0)	(31.0, 586.0)	(32.0, 714.0)	(33.0, 1041.0)	(34.0, 1557.0)	(35.0, 2584.0)	(36.0, 5419.0)	(37.0, 13973.0)																
583A14_S130_L001_R2_001	(11.0, 2.0)	(12.0, 41.0)	(13.0, 149.0)	(14.0, 108.0)	(15.0, 70.0)	(16.0, 76.0)	(17.0, 74.0)	(18.0, 82.0)	(19.0, 107.0)	(20.0, 139.0)	(21.0, 180.0)	(22.0, 219.0)	(23.0, 274.0)	(24.0, 364.0)	(25.0, 424.0)	(26.0, 593.0)	(27.0, 793.0)	(28.0, 1027.0)	(29.0, 1293.0)	(30.0, 1847.0)	(31.0, 2646.0)	(32.0, 3521.0)	(33.0, 5028.0)	(34.0, 5437.0)	(35.0, 3005.0)	(36.0, 298.0)	(37.0, 2.0)									
583B0_S131_L001_R1_001	(16.0, 1.0)	(17.0, 1.0)	(18.0, 4.0)	(19.0, 6.0)	(20.0, 13.0)	(21.0, 40.0)	(22.0, 65.0)	(23.0, 95.0)	(24.0, 130.0)	(25.0, 160.0)	(26.0, 197.0)	(27.0, 260.0)	(28.0, 305.0)	(29.0, 417.0)	(30.0, 466.0)	(31.0, 643.0)	(32.0, 872.0)	(33.0, 1245.0)	(34.0, 1892.0)	(35.0, 3059.0)	(36.0, 6852.0)	(37.0, 17754.0)														
583B0_S131_L001_R2_001	(9.0, 1.0)	(10.0, 0.0)	(11.0, 2.0)	(12.0, 48.0)	(13.0, 181.0)	(14.0, 125.0)	(15.0, 63.0)	(16.0, 63.0)	(17.0, 86.0)	(18.0, 136.0)	(19.0, 160.0)	(20.0, 200.0)	(21.0, 258.0)	(22.0, 311.0)	(23.0, 392.0)	(24.0, 484.0)	(25.0, 623.0)	(26.0, 816.0)	(27.0, 1071.0)	(28.0, 1384.0)	(29.0, 1883.0)	(30.0, 2745.0)	(31.0, 3722.0)	(32.0, 5039.0)	(33.0, 6516.0)	(34.0, 5924.0)	(35.0, 2120.0)	(36.0, 124.0)								
583B14_S132_L001_R1_001	(16.0, 1.0)	(17.0, 1.0)	(18.0, 3.0)	(19.0, 10.0)	(20.0, 21.0)	(21.0, 45.0)	(22.0, 107.0)	(23.0, 130.0)	(24.0, 167.0)	(25.0, 194.0)	(26.0, 220.0)	(27.0, 257.0)	(28.0, 334.0)	(29.0, 374.0)	(30.0, 534.0)	(31.0, 694.0)	(32.0, 859.0)	(33.0, 1234.0)	(34.0, 1808.0)	(35.0, 2997.0)	(36.0, 6495.0)	(37.0, 13552.0)														
583B14_S132_L001_R2_001	(11.0, 5.0)	(12.0, 76.0)	(13.0, 150.0)	(14.0, 104.0)	(15.0, 71.0)	(16.0, 100.0)	(17.0, 128.0)	(18.0, 130.0)	(19.0, 180.0)	(20.0, 214.0)	(21.0, 257.0)	(22.0, 290.0)	(23.0, 411.0)	(24.0, 544.0)	(25.0, 676.0)	(26.0, 861.0)	(27.0, 1082.0)	(28.0, 1501.0)	(29.0, 1933.0)	(30.0, 2536.0)	(31.0, 3329.0)	(32.0, 4184.0)	(33.0, 5121.0)	(34.0, 4493.0)	(35.0, 1575.0)	(36.0, 84.0)	(37.0, 2.0)									
586A0_S109_L001_R1_001	(17.0, 2.0)	(18.0, 0.0)	(19.0, 5.0)	(20.0, 11.0)	(21.0, 20.0)	(22.0, 60.0)	(23.0, 86.0)	(24.0, 98.0)	(25.0, 117.0)	(26.0, 172.0)	(27.0, 197.0)	(28.0, 258.0)	(29.0, 323.0)	(30.0, 441.0)	(31.0, 587.0)	(32.0, 741.0)	(33.0, 1044.0)	(34.0, 1653.0)	(35.0, 2666.0)	(36.0, 5992.0)	(37.0, 13105.0)															
586A0_S109_L001_R2_001	(11.0, 1.0)	(12.0, 38.0)	(13.0, 93.0)	(14.0, 90.0)	(15.0, 43.0)	(16.0, 58.0)	(17.0, 60.0)	(18.0, 72.0)	(19.0, 120.0)	(20.0, 188.0)	(21.0, 183.0)	(22.0, 293.0)	(23.0, 347.0)	(24.0, 424.0)	(25.0, 531.0)	(26.0, 759.0)	(27.0, 937.0)	(28.0, 1280.0)	(29.0, 1724.0)	(30.0, 2326.0)	(31.0, 3028.0)	(32.0, 3985.0)	(33.0, 4959.0)	(34.0, 4377.0)	(35.0, 1549.0)	(36.0, 109.0)	(37.0, 4.0)									
586A14_S110_L001_R1_001	(18.0, 1.0)	(19.0, 6.0)	(20.0, 12.0)	(21.0, 30.0)	(22.0, 68.0)	(23.0, 89.0)	(24.0, 145.0)	(25.0, 156.0)	(26.0, 169.0)	(27.0, 232.0)	(28.0, 229.0)	(29.0, 354.0)	(30.0, 461.0)	(31.0, 550.0)	(32.0, 771.0)	(33.0, 1068.0)	(34.0, 1710.0)	(35.0, 2625.0)	(36.0, 5594.0)	(37.0, 11712.0)																
586A14_S110_L001_R2_001	(11.0, 5.0)	(12.0, 34.0)	(13.0, 91.0)	(14.0, 72.0)	(15.0, 58.0)	(16.0, 44.0)	(17.0, 50.0)	(18.0, 91.0)	(19.0, 116.0)	(20.0, 138.0)	(21.0, 188.0)	(22.0, 203.0)	(23.0, 281.0)	(24.0, 383.0)	(25.0, 486.0)	(26.0, 611.0)	(27.0, 840.0)	(28.0, 1125.0)	(29.0, 1519.0)	(30.0, 2057.0)	(31.0, 2621.0)	(32.0, 3670.0)	(33.0, 4717.0)	(34.0, 4591.0)	(35.0, 1860.0)	(36.0, 127.0)	(37.0, 4.0)									
586B0_S111_L001_R1_001	(17.0, 1.0)	(18.0, 5.0)	(19.0, 13.0)	(20.0, 12.0)	(21.0, 35.0)	(22.0, 76.0)	(23.0, 117.0)	(24.0, 165.0)	(25.0, 177.0)	(26.0, 208.0)	(27.0, 277.0)	(28.0, 325.0)	(29.0, 471.0)	(30.0, 558.0)	(31.0, 713.0)	(32.0, 1031.0)	(33.0, 1388.0)	(34.0, 2076.0)	(35.0, 3348.0)	(36.0, 6697.0)	(37.0, 9124.0)															
586B0_S111_L001_R2_001	(11.0, 1.0)	(12.0, 38.0)	(13.0, 121.0)	(14.0, 90.0)	(15.0, 46.0)	(16.0, 47.0)	(17.0, 47.0)	(18.0, 84.0)	(19.0, 108.0)	(20.0, 142.0)	(21.0, 178.0)	(22.0, 266.0)	(23.0, 376.0)	(24.0, 492.0)	(25.0, 623.0)	(26.0, 873.0)	(27.0, 1216.0)	(28.0, 1589.0)	(29.0, 2136.0)	(30.0, 2654.0)	(31.0, 3064.0)	(32.0, 3696.0)	(33.0, 4269.0)	(34.0, 3375.0)	(35.0, 1214.0)	(36.0, 72.0)										
586B14_S112_L001_R1_001	(17.0, 2.0)	(18.0, 2.0)	(19.0, 4.0)	(20.0, 17.0)	(21.0, 33.0)	(22.0, 83.0)	(23.0, 90.0)	(24.0, 120.0)	(25.0, 143.0)	(26.0, 214.0)	(27.0, 289.0)	(28.0, 363.0)	(29.0, 453.0)	(30.0, 587.0)	(31.0, 804.0)	(32.0, 1115.0)	(33.0, 1520.0)	(34.0, 2131.0)	(35.0, 3313.0)	(36.0, 5377.0)	(37.0, 5090.0)															
586B14_S112_L001_R2_001	(11.0, 2.0)	(12.0, 29.0)	(13.0, 112.0)	(14.0, 80.0)	(15.0, 41.0)	(16.0, 57.0)	(17.0, 83.0)	(18.0, 115.0)	(19.0, 137.0)	(20.0, 188.0)	(21.0, 280.0)	(22.0, 358.0)	(23.0, 467.0)	(24.0, 641.0)	(25.0, 876.0)	(26.0, 1100.0)	(27.0, 1366.0)	(28.0, 1720.0)	(29.0, 2124.0)	(30.0, 2389.0)	(31.0, 2789.0)	(32.0, 3005.0)	(33.0, 2392.0)	(34.0, 1183.0)	(35.0, 209.0)	(36.0, 6.0)	(37.0, 1.0)									
597A0_S121_L001_R1_001	(16.0, 1.0)	(17.0, 0.0)	(18.0, 2.0)	(19.0, 10.0)	(20.0, 21.0)	(21.0, 32.0)	(22.0, 60.0)	(23.0, 109.0)	(24.0, 118.0)	(25.0, 154.0)	(26.0, 203.0)	(27.0, 257.0)	(28.0, 310.0)	(29.0, 389.0)	(30.0, 443.0)	(31.0, 611.0)	(32.0, 790.0)	(33.0, 1171.0)	(34.0, 1750.0)	(35.0, 2853.0)	(36.0, 6218.0)	(37.0, 15642.0)														
597A0_S121_L001_R2_001	(11.0, 1.0)	(12.0, 65.0)	(13.0, 155.0)	(14.0, 78.0)	(15.0, 64.0)	(16.0, 60.0)	(17.0, 91.0)	(18.0, 115.0)	(19.0, 153.0)	(20.0, 179.0)	(21.0, 223.0)	(22.0, 262.0)	(23.0, 342.0)	(24.0, 420.0)	(25.0, 547.0)	(26.0, 738.0)	(27.0, 978.0)	(28.0, 1222.0)	(29.0, 1703.0)	(30.0, 2431.0)	(31.0, 3170.0)	(32.0, 4531.0)	(33.0, 5931.0)	(34.0, 5402.0)	(35.0, 2152.0)	(36.0, 130.0)	(37.0, 1.0)									
597A14_S122_L001_R1_001	(18.0, 2.0)	(19.0, 8.0)	(20.0, 12.0)	(21.0, 24.0)	(22.0, 66.0)	(23.0, 104.0)	(24.0, 118.0)	(25.0, 157.0)	(26.0, 183.0)	(27.0, 229.0)	(28.0, 262.0)	(29.0, 370.0)	(30.0, 459.0)	(31.0, 553.0)	(32.0, 859.0)	(33.0, 1170.0)	(34.0, 1693.0)	(35.0, 2841.0)	(36.0, 6089.0)	(37.0, 12800.0)																
597A14_S122_L001_R2_001	(11.0, 6.0)	(12.0, 49.0)	(13.0, 132.0)	(14.0, 66.0)	(15.0, 63.0)	(16.0, 40.0)	(17.0, 62.0)	(18.0, 107.0)	(19.0, 103.0)	(20.0, 120.0)	(21.0, 179.0)	(22.0, 207.0)	(23.0, 253.0)	(24.0, 374.0)	(25.0, 519.0)	(26.0, 633.0)	(27.0, 883.0)	(28.0, 1083.0)	(29.0, 1566.0)	(30.0, 2133.0)	(31.0, 2861.0)	(32.0, 3903.0)	(33.0, 5213.0)	(34.0, 5139.0)	(35.0, 2184.0)	(36.0, 120.0)	(37.0, 1.0)									
597B0_S123_L001_R1_001	(19.0, 1.0)	(20.0, 3.0)	(21.0, 9.0)	(22.0, 17.0)	(23.0, 16.0)	(24.0, 21.0)	(25.0, 19.0)	(26.0, 36.0)	(27.0, 32.0)	(28.0, 56.0)	(29.0, 59.0)	(30.0, 86.0)	(31.0, 112.0)	(32.0, 139.0)	(33.0, 207.0)	(34.0, 311.0)	(35.0, 533.0)	(36.0, 1111.0)	(37.0, 2572.0)																	
597B0_S123_L001_R2_001	(11.0, 1.0)	(12.0, 7.0)	(13.0, 19.0)	(14.0, 16.0)	(15.0, 15.0)	(16.0, 13.0)	(17.0, 13.0)	(18.0, 14.0)	(19.0, 28.0)	(20.0, 19.0)	(21.0, 34.0)	(22.0, 39.0)	(23.0, 75.0)	(24.0, 73.0)	(25.0, 92.0)	(26.0, 118.0)	(27.0, 181.0)	(28.0, 231.0)	(29.0, 294.0)	(30.0, 398.0)	(31.0, 548.0)	(32.0, 725.0)	(33.0, 957.0)	(34.0, 957.0)	(35.0, 435.0)	(36.0, 38.0)										
597B14_S124_L001_R1_001	(15.0, 1.0)	(16.0, 0.0)	(17.0, 1.0)	(18.0, 4.0)	(19.0, 9.0)	(20.0, 12.0)	(21.0, 32.0)	(22.0, 71.0)	(23.0, 124.0)	(24.0, 146.0)	(25.0, 160.0)	(26.0, 182.0)	(27.0, 222.0)	(28.0, 275.0)	(29.0, 358.0)	(30.0, 485.0)	(31.0, 597.0)	(32.0, 806.0)	(33.0, 1108.0)	(34.0, 1735.0)	(35.0, 2695.0)	(36.0, 5912.0)	(37.0, 13373.0)													
597B14_S124_L001_R2_001	(11.0, 3.0)	(12.0, 63.0)	(13.0, 161.0)	(14.0, 82.0)	(15.0, 68.0)	(16.0, 63.0)	(17.0, 76.0)	(18.0, 104.0)	(19.0, 155.0)	(20.0, 180.0)	(21.0, 272.0)	(22.0, 259.0)	(23.0, 373.0)	(24.0, 382.0)	(25.0, 627.0)	(26.0, 767.0)	(27.0, 1010.0)	(28.0, 1297.0)	(29.0, 1753.0)	(30.0, 2340.0)	(31.0, 3112.0)	(32.0, 4289.0)	(33.0, 4978.0)	(34.0, 4272.0)	(35.0, 1529.0)	(36.0, 91.0)	(37.0, 2.0)									
603A0_S13_L001_R1_001	(2.0, 1.0)	(3.0, 0.0)	(4.0, 0.0)	(5.0, 0.0)	(6.0, 0.0)	(7.0, 0.0)	(8.0, 0.0)	(9.0, 0.0)	(10.0, 0.0)	(11.0, 0.0)	(12.0, 0.0)	(13.0, 0.0)	(14.0, 0.0)	(15.0, 0.0)	(16.0, 1.0)	(17.0, 0.0)	(18.0, 0.0)	(19.0, 4.0)	(20.0, 10.0)	(21.0, 23.0)	(22.0, 43.0)	(23.0, 65.0)	(24.0, 115.0)	(25.0, 108.0)	(26.0, 126.0)	(27.0, 200.0)	(28.0, 225.0)	(29.0, 267.0)	(30.0, 290.0)	(31.0, 445.0)	(32.0, 566.0)	(33.0, 759.0)	(34.0, 1252.0)	(35.0, 2103.0)	(36.0, 4410.0)	(37.0, 8735.0)
603A0_S13_L001_R2_001	(2.0, 1.0)	(3.0, 0.0)	(4.0, 0.0)	(5.0, 0.0)	(6.0, 0.0)	(7.0, 0.0)	(8.0, 0.0)	(9.0, 0.0)	(10.0, 0.0)	(11.0, 2.0)	(12.0, 40.0)	(13.0, 116.0)	(14.0, 73.0)	(15.0, 48.0)	(16.0, 36.0)	(17.0, 47.0)	(18.0, 60.0)	(19.0, 72.0)	(20.0, 116.0)	(21.0, 142.0)	(22.0, 172.0)	(23.0, 215.0)	(24.0, 264.0)	(25.0, 349.0)	(26.0, 466.0)	(27.0, 668.0)	(28.0, 837.0)	(29.0, 1191.0)	(30.0, 1496.0)	(31.0, 2108.0)	(32.0, 2933.0)	(33.0, 3659.0)	(34.0, 3198.0)	(35.0, 1339.0)	(36.0, 95.0)	(37.0, 5.0)
603A14_S14_L001_R1_001	(2.0, 1.0)	(3.0, 0.0)	(4.0, 0.0)	(5.0, 0.0)	(6.0, 0.0)	(7.0, 0.0)	(8.0, 0.0)	(9.0, 0.0)	(10.0, 0.0)	(11.0, 0.0)	(12.0, 0.0)	(13.0, 0.0)	(14.0, 0.0)	(15.0, 0.0)	(16.0, 0.0)	(17.0, 0.0)	(18.0, 1.0)	(19.0, 4.0)	(20.0, 12.0)	(21.0, 37.0)	(22.0, 61.0)	(23.0, 90.0)	(24.0, 104.0)	(25.0, 118.0)	(26.0, 141.0)	(27.0, 140.0)	(28.0, 233.0)	(29.0, 309.0)	(30.0, 395.0)	(31.0, 469.0)	(32.0, 699.0)	(33.0, 1048.0)	(34.0, 1396.0)	(35.0, 2242.0)	(36.0, 4721.0)	(37.0, 7611.0)
603A14_S14_L001_R2_001	(2.0, 1.0)	(3.0, 0.0)	(4.0, 0.0)	(5.0, 0.0)	(6.0, 0.0)	(7.0, 0.0)	(8.0, 0.0)	(9.0, 0.0)	(10.0, 0.0)	(11.0, 4.0)	(12.0, 30.0)	(13.0, 98.0)	(14.0, 95.0)	(15.0, 41.0)	(16.0, 22.0)	(17.0, 42.0)	(18.0, 47.0)	(19.0, 70.0)	(20.0, 80.0)	(21.0, 117.0)	(22.0, 167.0)	(23.0, 197.0)	(24.0, 238.0)	(25.0, 324.0)	(26.0, 468.0)	(27.0, 600.0)	(28.0, 826.0)	(29.0, 1117.0)	(30.0, 1539.0)	(31.0, 2066.0)	(32.0, 2764.0)	(33.0, 3398.0)	(34.0, 3453.0)	(35.0, 1856.0)	(36.0, 166.0)	(37.0, 6.0)
603B0_S15_L001_R1_001	(2.0, 2.0)	(3.0, 0.0)	(4.0, 0.0)	(5.0, 0.0)	(6.0, 0.0)	(7.0, 0.0)	(8.0, 0.0)	(9.0, 0.0)	(10.0, 0.0)	(11.0, 0.0)	(12.0, 0.0)	(13.0, 0.0)	(14.0, 0.0)	(15.0, 0.0)	(16.0, 0.0)	(17.0, 0.0)	(18.0, 1.0)	(19.0, 6.0)	(20.0, 6.0)	(21.0, 14.0)	(22.0, 44.0)	(23.0, 71.0)	(24.0, 96.0)	(25.0, 110.0)	(26.0, 163.0)	(27.0, 161.0)	(28.0, 210.0)	(29.0, 259.0)	(30.0, 385.0)	(31.0, 463.0)	(32.0, 632.0)	(33.0, 907.0)	(34.0, 1406.0)	(35.0, 2358.0)	(36.0, 4935.0)	(37.0, 10429.0)
603B0_S15_L001_R2_001	(2.0, 2.0)	(3.0, 0.0)	(4.0, 0.0)	(5.0, 0.0)	(6.0, 0.0)	(7.0, 0.0)	(8.0, 0.0)	(9.0, 0.0)	(10.0, 0.0)	(11.0, 1.0)	(12.0, 32.0)	(13.0, 112.0)	(14.0, 91.0)	(15.0, 44.0)	(16.0, 39.0)	(17.0, 56.0)	(18.0, 64.0)	(19.0, 91.0)	(20.0, 95.0)	(21.0, 132.0)	(22.0, 174.0)	(23.0, 213.0)	(24.0, 309.0)	(25.0, 344.0)	(26.0, 469.0)	(27.0, 644.0)	(28.0, 858.0)	(29.0, 1110.0)	(30.0, 1595.0)	(31.0, 2075.0)	(32.0, 3048.0)	(33.0, 4016.0)	(34.0, 4418.0)	(35.0, 2370.0)	(36.0, 252.0)	(37.0, 4.0)
603B14_S16_L001_R1_001	(2.0, 1.0)	(3.0, 0.0)	(4.0, 0.0)	(5.0, 0.0)	(6.0, 0.0)	(7.0, 0.0)	(8.0, 0.0)	(9.0, 0.0)	(10.0, 0.0)	(11.0, 0.0)	(12.0, 0.0)	(13.0, 0.0)	(14.0, 0.0)	(15.0, 0.0)	(16.0, 0.0)	(17.0, 0.0)	(18.0, 2.0)	(19.0, 5.0)	(20.0, 11.0)	(21.0, 33.0)	(22.0, 58.0)	(23.0, 103.0)	(24.0, 110.0)	(25.0, 133.0)	(26.0, 157.0)	(27.0, 185.0)	(28.0, 279.0)	(29.0, 325.0)	(30.0, 437.0)	(31.0, 560.0)	(32.0, 794.0)	(33.0, 1063.0)	(34.0, 1551.0)	(35.0, 2504.0)	(36.0, 5291.0)	(37.0, 9394.0)
603B14_S16_L001_R2_001	(2.0, 1.0)	(3.0, 0.0)	(4.0, 0.0)	(5.0, 0.0)	(6.0, 0.0)	(7.0, 0.0)	(8.0, 0.0)	(9.0, 0.0)	(10.0, 0.0)	(11.0, 2.0)	(12.0, 35.0)	(13.0, 107.0)	(14.0, 101.0)	(15.0, 59.0)	(16.0, 55.0)	(17.0, 67.0)	(18.0, 76.0)	(19.0, 107.0)	(20.0, 148.0)	(21.0, 193.0)	(22.0, 191.0)	(23.0, 311.0)	(24.0, 384.0)	(25.0, 443.0)	(26.0, 633.0)	(27.0, 793.0)	(28.0, 1012.0)	(29.0, 1367.0)	(30.0, 1829.0)	(31.0, 2382.0)	(32.0, 3171.0)	(33.0, 3970.0)	(34.0, 3663.0)	(35.0, 1735.0)	(36.0, 156.0)	(37.0, 5.0)
607A0_S5_L001_R1_001	(2.0, 1.0)	(3.0, 0.0)	(4.0, 0.0)	(5.0, 0.0)	(6.0, 0.0)	(7.0, 0.0)	(8.0, 0.0)	(9.0, 0.0)	(10.0, 0.0)	(11.0, 0.0)	(12.0, 0.0)	(13.0, 0.0)	(14.0, 0.0)	(15.0, 0.0)	(16.0, 1.0)	(17.0, 2.0)	(18.0, 4.0)	(19.0, 3.0)	(20.0, 12.0)	(21.0, 44.0)	(22.0, 104.0)	(23.0, 141.0)	(24.0, 156.0)	(25.0, 154.0)	(26.0, 214.0)	(27.0, 226.0)	(28.0, 317.0)	(29.0, 393.0)	(30.0, 501.0)	(31.0, 658.0)	(32.0, 803.0)	(33.0, 1140.0)	(34.0, 1786.0)	(35.0, 2940.0)	(36.0, 6131.0)	(37.0, 9966.0)
607A0_S5_L001_R2_001	(2.0, 1.0)	(3.0, 0.0)	(4.0, 0.0)	(5.0, 0.0)	(6.0, 0.0)	(7.0, 0.0)	(8.0, 0.0)	(9.0, 0.0)	(10.0, 0.0)	(11.0, 3.0)	(12.0, 29.0)	(13.0, 119.0)	(14.0, 106.0)	(15.0, 60.0)	(16.0, 46.0)	(17.0, 55.0)	(18.0, 80.0)	(19.0, 117.0)	(20.0, 142.0)	(21.0, 202.0)	(22.0, 270.0)	(23.0, 342.0)	(24.0, 395.0)	(25.0, 581.0)	(26.0, 729.0)	(27.0, 1092.0)	(28.0, 1392.0)	(29.0, 1898.0)	(30.0, 2401.0)	(31.0, 3047.0)	(32.0, 3397.0)	(33.0, 3684.0)	(34.0, 3513.0)	(35.0, 1807.0)	(36.0, 183.0)	(37.0, 6.0)
607A14_S6_L001_R1_001	(18.0, 1.0)	(19.0, 15.0)	(20.0, 22.0)	(21.0, 35.0)	(22.0, 103.0)	(23.0, 115.0)	(24.0, 110.0)	(25.0, 153.0)	(26.0, 177.0)	(27.0, 223.0)	(28.0, 276.0)	(29.0, 364.0)	(30.0, 465.0)	(31.0, 627.0)	(32.0, 860.0)	(33.0, 1155.0)	(34.0, 1713.0)	(35.0, 2633.0)	(36.0, 4794.0)	(37.0, 5850.0)																
607A14_S6_L001_R2_001	(11.0, 1.0)	(12.0, 31.0)	(13.0, 95.0)	(14.0, 82.0)	(15.0, 45.0)	(16.0, 39.0)	(17.0, 41.0)	(18.0, 49.0)	(19.0, 93.0)	(20.0, 102.0)	(21.0, 151.0)	(22.0, 181.0)	(23.0, 244.0)	(24.0, 308.0)	(25.0, 435.0)	(26.0, 596.0)	(27.0, 809.0)	(28.0, 1012.0)	(29.0, 1446.0)	(30.0, 1896.0)	(31.0, 2499.0)	(32.0, 3017.0)	(33.0, 2971.0)	(34.0, 2427.0)	(35.0, 1039.0)	(36.0, 78.0)	(37.0, 4.0)									
607B0_S7_L001_R1_001	(2.0, 1.0)	(3.0, 0.0)	(4.0, 0.0)	(5.0, 0.0)	(6.0, 0.0)	(7.0, 0.0)	(8.0, 0.0)	(9.0, 0.0)	(10.0, 0.0)	(11.0, 0.0)	(12.0, 0.0)	(13.0, 0.0)	(14.0, 0.0)	(15.0, 0.0)	(16.0, 0.0)	(17.0, 1.0)	(18.0, 3.0)	(19.0, 4.0)	(20.0, 18.0)	(21.0, 29.0)	(22.0, 65.0)	(23.0, 106.0)	(24.0, 103.0)	(25.0, 126.0)	(26.0, 147.0)	(27.0, 196.0)	(28.0, 279.0)	(29.0, 314.0)	(30.0, 386.0)	(31.0, 497.0)	(32.0, 672.0)	(33.0, 1040.0)	(34.0, 1407.0)	(35.0, 2466.0)	(36.0, 5023.0)	(37.0, 8526.0)
607B0_S7_L001_R2_001	(2.0, 1.0)	(3.0, 0.0)	(4.0, 0.0)	(5.0, 0.0)	(6.0, 0.0)	(7.0, 0.0)	(8.0, 0.0)	(9.0, 0.0)	(10.0, 0.0)	(11.0, 0.0)	(12.0, 33.0)	(13.0, 114.0)	(14.0, 94.0)	(15.0, 51.0)	(16.0, 42.0)	(17.0, 37.0)	(18.0, 87.0)	(19.0, 94.0)	(20.0, 122.0)	(21.0, 151.0)	(22.0, 221.0)	(23.0, 264.0)	(24.0, 372.0)	(25.0, 449.0)	(26.0, 626.0)	(27.0, 827.0)	(28.0, 1105.0)	(29.0, 1421.0)	(30.0, 1910.0)	(31.0, 2389.0)	(32.0, 2702.0)	(33.0, 3256.0)	(34.0, 3178.0)	(35.0, 1684.0)	(36.0, 176.0)	(37.0, 3.0)
607B14_S8_L001_R1_001	(16.0, 1.0)	(17.0, 0.0)	(18.0, 4.0)	(19.0, 8.0)	(20.0, 10.0)	(21.0, 32.0)	(22.0, 65.0)	(23.0, 91.0)	(24.0, 109.0)	(25.0, 139.0)	(26.0, 179.0)	(27.0, 199.0)	(28.0, 256.0)	(29.0, 335.0)	(30.0, 423.0)	(31.0, 575.0)	(32.0, 738.0)	(33.0, 1119.0)	(34.0, 1538.0)	(35.0, 2539.0)	(36.0, 5327.0)	(37.0, 9304.0)														
607B14_S8_L001_R2_001	(10.0, 1.0)	(11.0, 1.0)	(12.0, 22.0)	(13.0, 103.0)	(14.0, 82.0)	(15.0, 52.0)	(16.0, 36.0)	(17.0, 74.0)	(18.0, 99.0)	(19.0, 112.0)	(20.0, 145.0)	(21.0, 210.0)	(22.0, 247.0)	(23.0, 321.0)	(24.0, 406.0)	(25.0, 482.0)	(26.0, 617.0)	(27.0, 808.0)	(28.0, 1098.0)	(29.0, 1367.0)	(30.0, 1842.0)	(31.0, 2417.0)	(32.0, 3062.0)	(33.0, 3685.0)	(34.0, 3615.0)	(35.0, 1915.0)	(36.0, 166.0)	(37.0, 6.0)								
610A0_S21_L001_R1_001	(15.0, 4.0)	(16.0, 5.0)	(17.0, 6.0)	(18.0, 15.0)	(19.0, 13.0)	(20.0, 14.0)	(21.0, 35.0)	(22.0, 71.0)	(23.0, 92.0)	(24.0, 98.0)	(25.0, 138.0)	(26.0, 154.0)	(27.0, 231.0)	(28.0, 234.0)	(29.0, 324.0)	(30.0, 396.0)	(31.0, 525.0)	(32.0, 665.0)	(33.0, 871.0)	(34.0, 1435.0)	(35.0, 2388.0)	(36.0, 5032.0)	(37.0, 10617.0)													
610A0_S21_L001_R2_001	(12.0, 45.0)	(13.0, 118.0)	(14.0, 85.0)	(15.0, 30.0)	(16.0, 43.0)	(17.0, 62.0)	(18.0, 98.0)	(19.0, 155.0)	(20.0, 184.0)	(21.0, 232.0)	(22.0, 292.0)	(23.0, 381.0)	(24.0, 460.0)	(25.0, 577.0)	(26.0, 759.0)	(27.0, 1073.0)	(28.0, 1374.0)	(29.0, 1805.0)	(30.0, 2413.0)	(31.0, 3163.0)	(32.0, 3539.0)	(33.0, 3226.0)	(34.0, 2364.0)	(35.0, 823.0)	(36.0, 55.0)	(37.0, 7.0)										
610A14_S22_L001_R1_001	(2.0, 1.0)	(3.0, 0.0)	(4.0, 0.0)	(5.0, 0.0)	(6.0, 0.0)	(7.0, 0.0)	(8.0, 0.0)	(9.0, 0.0)	(10.0, 0.0)	(11.0, 0.0)	(12.0, 0.0)	(13.0, 0.0)	(14.0, 0.0)	(15.0, 0.0)	(16.0, 0.0)	(17.0, 0.0)	(18.0, 3.0)	(19.0, 12.0)	(20.0, 19.0)	(21.0, 39.0)	(22.0, 67.0)	(23.0, 90.0)	(24.0, 116.0)	(25.0, 114.0)	(26.0, 168.0)	(27.0, 172.0)	(28.0, 256.0)	(29.0, 305.0)	(30.0, 405.0)	(31.0, 537.0)	(32.0, 773.0)	(33.0, 1055.0)	(34.0, 1519.0)	(35.0, 2518.0)	(36.0, 5232.0)	(37.0, 11023.0)
610A14_S22_L001_R2_001	(2.0, 1.0)	(3.0, 0.0)	(4.0, 0.0)	(5.0, 0.0)	(6.0, 0.0)	(7.0, 0.0)	(8.0, 0.0)	(9.0, 0.0)	(10.0, 0.0)	(11.0, 3.0)	(12.0, 33.0)	(13.0, 114.0)	(14.0, 82.0)	(15.0, 37.0)	(16.0, 55.0)	(17.0, 49.0)	(18.0, 87.0)	(19.0, 118.0)	(20.0, 167.0)	(21.0, 203.0)	(22.0, 252.0)	(23.0, 377.0)	(24.0, 434.0)	(25.0, 531.0)	(26.0, 669.0)	(27.0, 919.0)	(28.0, 1154.0)	(29.0, 1423.0)	(30.0, 2041.0)	(31.0, 2628.0)	(32.0, 3571.0)	(33.0, 4417.0)	(34.0, 3663.0)	(35.0, 1301.0)	(36.0, 93.0)	(37.0, 2.0)
610B0_S23_L001_R1_001	(2.0, 4.0)	(3.0, 0.0)	(4.0, 0.0)	(5.0, 0.0)	(6.0, 0.0)	(7.0, 0.0)	(8.0, 0.0)	(9.0, 0.0)	(10.0, 0.0)	(11.0, 0.0)	(12.0, 0.0)	(13.0, 0.0)	(14.0, 0.0)	(15.0, 0.0)	(16.0, 1.0)	(17.0, 0.0)	(18.0, 2.0)	(19.0, 7.0)	(20.0, 18.0)	(21.0, 30.0)	(22.0, 58.0)	(23.0, 63.0)	(24.0, 107.0)	(25.0, 122.0)	(26.0, 177.0)	(27.0, 198.0)	(28.0, 266.0)	(29.0, 302.0)	(30.0, 411.0)	(31.0, 532.0)	(32.0, 711.0)	(33.0, 977.0)	(34.0, 1470.0)	(35.0, 2588.0)	(36.0, 5362.0)	(37.0, 12369.0)
610B0_S23_L001_R2_001	(2.0, 4.0)	(3.0, 0.0)	(4.0, 0.0)	(5.0, 0.0)	(6.0, 0.0)	(7.0, 0.0)	(8.0, 0.0)	(9.0, 0.0)	(10.0, 0.0)	(11.0, 1.0)	(12.0, 47.0)	(13.0, 102.0)	(14.0, 70.0)	(15.0, 33.0)	(16.0, 29.0)	(17.0, 52.0)	(18.0, 100.0)	(19.0, 99.0)	(20.0, 140.0)	(21.0, 211.0)	(22.0, 264.0)	(23.0, 341.0)	(24.0, 377.0)	(25.0, 510.0)	(26.0, 662.0)	(27.0, 871.0)	(28.0, 1211.0)	(29.0, 1460.0)	(30.0, 2056.0)	(31.0, 2727.0)	(32.0, 3611.0)	(33.0, 4573.0)	(34.0, 4173.0)	(35.0, 1894.0)	(36.0, 153.0)	(37.0, 4.0)
610B14_S24_L001_R1_001	(19.0, 10.0)	(20.0, 16.0)	(21.0, 27.0)	(22.0, 53.0)	(23.0, 65.0)	(24.0, 94.0)	(25.0, 121.0)	(26.0, 119.0)	(27.0, 180.0)	(28.0, 223.0)	(29.0, 319.0)	(30.0, 363.0)	(31.0, 465.0)	(32.0, 684.0)	(33.0, 906.0)	(34.0, 1308.0)	(35.0, 2221.0)	(36.0, 4620.0)	(37.0, 8788.0)																	
610B14_S24_L001_R2_001	(11.0, 5.0)	(12.0, 31.0)	(13.0, 105.0)	(14.0, 63.0)	(15.0, 36.0)	(16.0, 49.0)	(17.0, 67.0)	(18.0, 100.0)	(19.0, 116.0)	(20.0, 181.0)	(21.0, 196.0)	(22.0, 279.0)	(23.0, 311.0)	(24.0, 433.0)	(25.0, 500.0)	(26.0, 599.0)	(27.0, 754.0)	(28.0, 1008.0)	(29.0, 1349.0)	(30.0, 1797.0)	(31.0, 2303.0)	(32.0, 2964.0)	(33.0, 3338.0)	(34.0, 2756.0)	(35.0, 1169.0)	(36.0, 71.0)	(37.0, 2.0)									
612A0_S41_L001_R1_001	(2.0, 2.0)	(3.0, 0.0)	(4.0, 0.0)	(5.0, 0.0)	(6.0, 0.0)	(7.0, 0.0)	(8.0, 0.0)	(9.0, 0.0)	(10.0, 0.0)	(11.0, 0.0)	(12.0, 0.0)	(13.0, 0.0)	(14.0, 0.0)	(15.0, 0.0)	(16.0, 0.0)	(17.0, 0.0)	(18.0, 2.0)	(19.0, 2.0)	(20.0, 7.0)	(21.0, 13.0)	(22.0, 28.0)	(23.0, 39.0)	(24.0, 33.0)	(25.0, 53.0)	(26.0, 64.0)	(27.0, 61.0)	(28.0, 93.0)	(29.0, 116.0)	(30.0, 160.0)	(31.0, 195.0)	(32.0, 310.0)	(33.0, 406.0)	(34.0, 572.0)	(35.0, 972.0)	(36.0, 1990.0)	(37.0, 4672.0)
612A0_S41_L001_R2_001	(2.0, 2.0)	(3.0, 0.0)	(4.0, 0.0)	(5.0, 0.0)	(6.0, 0.0)	(7.0, 0.0)	(8.0, 0.0)	(9.0, 0.0)	(10.0, 0.0)	(11.0, 1.0)	(12.0, 14.0)	(13.0, 76.0)	(14.0, 45.0)	(15.0, 32.0)	(16.0, 21.0)	(17.0, 20.0)	(18.0, 28.0)	(19.0, 38.0)	(20.0, 45.0)	(21.0, 71.0)	(22.0, 71.0)	(23.0, 90.0)	(24.0, 141.0)	(25.0, 170.0)	(26.0, 195.0)	(27.0, 273.0)	(28.0, 360.0)	(29.0, 490.0)	(30.0, 664.0)	(31.0, 892.0)	(32.0, 1174.0)	(33.0, 1742.0)	(34.0, 1994.0)	(35.0, 1028.0)	(36.0, 112.0)	(37.0, 1.0)
612A14_S42_L001_R1_001	(2.0, 1.0)	(3.0, 0.0)	(4.0, 0.0)	(5.0, 0.0)	(6.0, 0.0)	(7.0, 0.0)	(8.0, 0.0)	(9.0, 0.0)	(10.0, 0.0)	(11.0, 0.0)	(12.0, 0.0)	(13.0, 0.0)	(14.0, 0.0)	(15.0, 0.0)	(16.0, 0.0)	(17.0, 0.0)	(18.0, 3.0)	(19.0, 3.0)	(20.0, 15.0)	(21.0, 45.0)	(22.0, 68.0)	(23.0, 91.0)	(24.0, 130.0)	(25.0, 154.0)	(26.0, 214.0)	(27.0, 293.0)	(28.0, 318.0)	(29.0, 437.0)	(30.0, 507.0)	(31.0, 706.0)	(32.0, 988.0)	(33.0, 1358.0)	(34.0, 1969.0)	(35.0, 3240.0)	(36.0, 6879.0)	(37.0, 15680.0)
612A14_S42_L001_R2_001	(12.0, 28.0)	(13.0, 134.0)	(14.0, 120.0)	(15.0, 61.0)	(16.0, 53.0)	(17.0, 62.0)	(18.0, 76.0)	(19.0, 127.0)	(20.0, 143.0)	(21.0, 202.0)	(22.0, 298.0)	(23.0, 304.0)	(24.0, 376.0)	(25.0, 481.0)	(26.0, 654.0)	(27.0, 827.0)	(28.0, 1162.0)	(29.0, 1500.0)	(30.0, 2018.0)	(31.0, 2893.0)	(32.0, 4198.0)	(33.0, 5636.0)	(34.0, 6869.0)	(35.0, 4376.0)	(36.0, 500.0)	(37.0, 1.0)										
612B0_S43_L001_R1_001	(2.0, 1.0)	(3.0, 0.0)	(4.0, 0.0)	(5.0, 0.0)	(6.0, 0.0)	(7.0, 0.0)	(8.0, 0.0)	(9.0, 0.0)	(10.0, 0.0)	(11.0, 0.0)	(12.0, 0.0)	(13.0, 0.0)	(14.0, 0.0)	(15.0, 0.0)	(16.0, 0.0)	(17.0, 1.0)	(18.0, 0.0)	(19.0, 4.0)	(20.0, 8.0)	(21.0, 31.0)	(22.0, 65.0)	(23.0, 83.0)	(24.0, 122.0)	(25.0, 119.0)	(26.0, 188.0)	(27.0, 233.0)	(28.0, 297.0)	(29.0, 353.0)	(30.0, 458.0)	(31.0, 578.0)	(32.0, 782.0)	(33.0, 1205.0)	(34.0, 1678.0)	(35.0, 2902.0)	(36.0, 5885.0)	(37.0, 12687.0)
612B0_S43_L001_R2_001	(2.0, 1.0)	(3.0, 0.0)	(4.0, 0.0)	(5.0, 0.0)	(6.0, 0.0)	(7.0, 0.0)	(8.0, 0.0)	(9.0, 0.0)	(10.0, 0.0)	(11.0, 2.0)	(12.0, 32.0)	(13.0, 132.0)	(14.0, 108.0)	(15.0, 63.0)	(16.0, 38.0)	(17.0, 63.0)	(18.0, 68.0)	(19.0, 103.0)	(20.0, 127.0)	(21.0, 223.0)	(22.0, 228.0)	(23.0, 290.0)	(24.0, 376.0)	(25.0, 444.0)	(26.0, 548.0)	(27.0, 839.0)	(28.0, 1066.0)	(29.0, 1476.0)	(30.0, 2005.0)	(31.0, 2632.0)	(32.0, 3648.0)	(33.0, 4917.0)	(34.0, 5242.0)	(35.0, 2753.0)	(36.0, 252.0)	(37.0, 4.0)
612B14_S44_L001_R1_001	(16.0, 1.0)	(17.0, 2.0)	(18.0, 1.0)	(19.0, 7.0)	(20.0, 9.0)	(21.0, 39.0)	(22.0, 76.0)	(23.0, 114.0)	(24.0, 146.0)	(25.0, 165.0)	(26.0, 203.0)	(27.0, 265.0)	(28.0, 337.0)	(29.0, 395.0)	(30.0, 504.0)	(31.0, 679.0)	(32.0, 911.0)	(33.0, 1247.0)	(34.0, 1959.0)	(35.0, 3154.0)	(36.0, 6729.0)	(37.0, 14362.0)														
612B14_S44_L001_R2_001	(11.0, 2.0)	(12.0, 44.0)	(13.0, 157.0)	(14.0, 116.0)	(15.0, 66.0)	(16.0, 42.0)	(17.0, 65.0)	(18.0, 105.0)	(19.0, 137.0)	(20.0, 187.0)	(21.0, 219.0)	(22.0, 279.0)	(23.0, 359.0)	(24.0, 464.0)	(25.0, 580.0)	(26.0, 744.0)	(27.0, 941.0)	(28.0, 1202.0)	(29.0, 1627.0)	(30.0, 2278.0)	(31.0, 3059.0)	(32.0, 4229.0)	(33.0, 5577.0)	(34.0, 5821.0)	(35.0, 2764.0)	(36.0, 236.0)	(37.0, 5.0)									
613A0_S49_L001_R1_001	(2.0, 4.0)	(3.0, 0.0)	(4.0, 0.0)	(5.0, 0.0)	(6.0, 0.0)	(7.0, 0.0)	(8.0, 0.0)	(9.0, 0.0)	(10.0, 0.0)	(11.0, 0.0)	(12.0, 0.0)	(13.0, 0.0)	(14.0, 0.0)	(15.0, 0.0)	(16.0, 1.0)	(17.0, 1.0)	(18.0, 3.0)	(19.0, 12.0)	(20.0, 20.0)	(21.0, 62.0)	(22.0, 146.0)	(23.0, 198.0)	(24.0, 234.0)	(25.0, 278.0)	(26.0, 311.0)	(27.0, 395.0)	(28.0, 526.0)	(29.0, 641.0)	(30.0, 815.0)	(31.0, 1061.0)	(32.0, 1457.0)	(33.0, 2134.0)	(34.0, 3062.0)	(35.0, 5265.0)	(36.0, 10978.0)	(37.0, 24237.0)
613A0_S49_L001_R2_001	(2.0, 4.0)	(3.0, 0.0)	(4.0, 0.0)	(5.0, 0.0)	(6.0, 0.0)	(7.0, 0.0)	(8.0, 0.0)	(9.0, 0.0)	(10.0, 0.0)	(11.0, 7.0)	(12.0, 91.0)	(13.0, 217.0)	(14.0, 167.0)	(15.0, 85.0)	(16.0, 85.0)	(17.0, 124.0)	(18.0, 150.0)	(19.0, 214.0)	(20.0, 279.0)	(21.0, 388.0)	(22.0, 408.0)	(23.0, 547.0)	(24.0, 692.0)	(25.0, 873.0)	(26.0, 1203.0)	(27.0, 1526.0)	(28.0, 2032.0)	(29.0, 2744.0)	(30.0, 3616.0)	(31.0, 5051.0)	(32.0, 6977.0)	(33.0, 9030.0)	(34.0, 9607.0)	(35.0, 5219.0)	(36.0, 499.0)	(37.0, 6.0)
613A14_S50_L001_R1_001	(17.0, 1.0)	(18.0, 6.0)	(19.0, 12.0)	(20.0, 17.0)	(21.0, 41.0)	(22.0, 104.0)	(23.0, 159.0)	(24.0, 148.0)	(25.0, 170.0)	(26.0, 235.0)	(27.0, 258.0)	(28.0, 313.0)	(29.0, 426.0)	(30.0, 547.0)	(31.0, 798.0)	(32.0, 1030.0)	(33.0, 1423.0)	(34.0, 2186.0)	(35.0, 3491.0)	(36.0, 7449.0)	(37.0, 15923.0)															
613A14_S50_L001_R2_001	(11.0, 3.0)	(12.0, 54.0)	(13.0, 192.0)	(14.0, 110.0)	(15.0, 73.0)	(16.0, 53.0)	(17.0, 60.0)	(18.0, 90.0)	(19.0, 119.0)	(20.0, 144.0)	(21.0, 176.0)	(22.0, 281.0)	(23.0, 365.0)	(24.0, 449.0)	(25.0, 596.0)	(26.0, 767.0)	(27.0, 1017.0)	(28.0, 1372.0)	(29.0, 1863.0)	(30.0, 2420.0)	(31.0, 3337.0)	(32.0, 4582.0)	(33.0, 5931.0)	(34.0, 6488.0)	(35.0, 3773.0)	(36.0, 411.0)	(37.0, 11.0)									
613B0_S51_L001_R1_001	(2.0, 4.0)	(3.0, 0.0)	(4.0, 0.0)	(5.0, 0.0)	(6.0, 0.0)	(7.0, 0.0)	(8.0, 0.0)	(9.0, 0.0)	(10.0, 0.0)	(11.0, 0.0)	(12.0, 0.0)	(13.0, 0.0)	(14.0, 0.0)	(15.0, 0.0)	(16.0, 0.0)	(17.0, 0.0)	(18.0, 3.0)	(19.0, 9.0)	(20.0, 21.0)	(21.0, 45.0)	(22.0, 70.0)	(23.0, 136.0)	(24.0, 127.0)	(25.0, 175.0)	(26.0, 238.0)	(27.0, 267.0)	(28.0, 333.0)	(29.0, 434.0)	(30.0, 604.0)	(31.0, 720.0)	(32.0, 982.0)	(33.0, 1331.0)	(34.0, 2008.0)	(35.0, 3482.0)	(36.0, 7305.0)	(37.0, 15626.0)
613B0_S51_L001_R2_001	(2.0, 3.0)	(3.0, 0.0)	(4.0, 0.0)	(5.0, 0.0)	(6.0, 0.0)	(7.0, 0.0)	(8.0, 0.0)	(9.0, 0.0)	(10.0, 0.0)	(11.0, 5.0)	(12.0, 49.0)	(13.0, 176.0)	(14.0, 118.0)	(15.0, 55.0)	(16.0, 50.0)	(17.0, 66.0)	(18.0, 93.0)	(19.0, 124.0)	(20.0, 159.0)	(21.0, 228.0)	(22.0, 253.0)	(23.0, 314.0)	(24.0, 419.0)	(25.0, 569.0)	(26.0, 726.0)	(27.0, 1002.0)	(28.0, 1312.0)	(29.0, 1701.0)	(30.0, 2451.0)	(31.0, 3426.0)	(32.0, 4632.0)	(33.0, 6006.0)	(34.0, 6364.0)	(35.0, 3292.0)	(36.0, 316.0)	(37.0, 11.0)
613B14_S52_L001_R1_001	(2.0, 1.0)	(3.0, 0.0)	(4.0, 0.0)	(5.0, 0.0)	(6.0, 0.0)	(7.0, 0.0)	(8.0, 0.0)	(9.0, 0.0)	(10.0, 0.0)	(11.0, 0.0)	(12.0, 0.0)	(13.0, 0.0)	(14.0, 0.0)	(15.0, 0.0)	(16.0, 0.0)	(17.0, 1.0)	(18.0, 4.0)	(19.0, 11.0)	(20.0, 18.0)	(21.0, 33.0)	(22.0, 83.0)	(23.0, 139.0)	(24.0, 141.0)	(25.0, 158.0)	(26.0, 209.0)	(27.0, 248.0)	(28.0, 300.0)	(29.0, 404.0)	(30.0, 504.0)	(31.0, 650.0)	(32.0, 901.0)	(33.0, 1338.0)	(34.0, 1916.0)	(35.0, 3073.0)	(36.0, 6714.0)	(37.0, 14408.0)
613B14_S52_L001_R2_001	(2.0, 1.0)	(3.0, 0.0)	(4.0, 0.0)	(5.0, 0.0)	(6.0, 0.0)	(7.0, 0.0)	(8.0, 0.0)	(9.0, 0.0)	(10.0, 0.0)	(11.0, 4.0)	(12.0, 68.0)	(13.0, 155.0)	(14.0, 93.0)	(15.0, 69.0)	(16.0, 73.0)	(17.0, 73.0)	(18.0, 87.0)	(19.0, 144.0)	(20.0, 169.0)	(21.0, 240.0)	(22.0, 284.0)	(23.0, 400.0)	(24.0, 475.0)	(25.0, 620.0)	(26.0, 764.0)	(27.0, 1004.0)	(28.0, 1376.0)	(29.0, 1836.0)	(30.0, 2566.0)	(31.0, 3354.0)	(32.0, 4508.0)	(33.0, 5498.0)	(34.0, 5101.0)	(35.0, 2134.0)	(36.0, 150.0)	(37.0, 8.0)
615A0_S37_L001_R1_001	(2.0, 4.0)	(3.0, 0.0)	(4.0, 0.0)	(5.0, 0.0)	(6.0, 0.0)	(7.0, 0.0)	(8.0, 0.0)	(9.0, 0.0)	(10.0, 0.0)	(11.0, 0.0)	(12.0, 0.0)	(13.0, 0.0)	(14.0, 0.0)	(15.0, 0.0)	(16.0, 0.0)	(17.0, 0.0)	(18.0, 2.0)	(19.0, 5.0)	(20.0, 27.0)	(21.0, 35.0)	(22.0, 89.0)	(23.0, 154.0)	(24.0, 187.0)	(25.0, 249.0)	(26.0, 273.0)	(27.0, 341.0)	(28.0, 411.0)	(29.0, 581.0)	(30.0, 750.0)	(31.0, 984.0)	(32.0, 1222.0)	(33.0, 1821.0)	(34.0, 2763.0)	(35.0, 4596.0)	(36.0, 9739.0)	(37.0, 18055.0)
615A0_S37_L001_R2_001	(2.0, 4.0)	(3.0, 0.0)	(4.0, 0.0)	(5.0, 0.0)	(6.0, 0.0)	(7.0, 0.0)	(8.0, 0.0)	(9.0, 0.0)	(10.0, 0.0)	(11.0, 2.0)	(12.0, 58.0)	(13.0, 192.0)	(14.0, 130.0)	(15.0, 77.0)	(16.0, 77.0)	(17.0, 114.0)	(18.0, 140.0)	(19.0, 208.0)	(20.0, 294.0)	(21.0, 358.0)	(22.0, 514.0)	(23.0, 601.0)	(24.0, 803.0)	(25.0, 1067.0)	(26.0, 1385.0)	(27.0, 1837.0)	(28.0, 2451.0)	(29.0, 3281.0)	(30.0, 4092.0)	(31.0, 5107.0)	(32.0, 6069.0)	(33.0, 6378.0)	(34.0, 4959.0)	(35.0, 1942.0)	(36.0, 141.0)	(37.0, 7.0)
615A14_S38_L001_R1_001	(2.0, 2.0)	(3.0, 0.0)	(4.0, 0.0)	(5.0, 0.0)	(6.0, 0.0)	(7.0, 0.0)	(8.0, 0.0)	(9.0, 0.0)	(10.0, 0.0)	(11.0, 0.0)	(12.0, 0.0)	(13.0, 0.0)	(14.0, 0.0)	(15.0, 1.0)	(16.0, 0.0)	(17.0, 0.0)	(18.0, 3.0)	(19.0, 11.0)	(20.0, 18.0)	(21.0, 48.0)	(22.0, 96.0)	(23.0, 160.0)	(24.0, 190.0)	(25.0, 219.0)	(26.0, 270.0)	(27.0, 316.0)	(28.0, 416.0)	(29.0, 507.0)	(30.0, 643.0)	(31.0, 893.0)	(32.0, 1190.0)	(33.0, 1709.0)	(34.0, 2437.0)	(35.0, 4155.0)	(36.0, 8498.0)	(37.0, 13851.0)
615A14_S38_L001_R2_001	(2.0, 2.0)	(3.0, 0.0)	(4.0, 0.0)	(5.0, 0.0)	(6.0, 0.0)	(7.0, 0.0)	(8.0, 0.0)	(9.0, 0.0)	(10.0, 0.0)	(11.0, 5.0)	(12.0, 46.0)	(13.0, 149.0)	(14.0, 106.0)	(15.0, 47.0)	(16.0, 49.0)	(17.0, 68.0)	(18.0, 90.0)	(19.0, 121.0)	(20.0, 189.0)	(21.0, 242.0)	(22.0, 284.0)	(23.0, 372.0)	(24.0, 486.0)	(25.0, 715.0)	(26.0, 925.0)	(27.0, 1273.0)	(28.0, 1715.0)	(29.0, 2270.0)	(30.0, 3089.0)	(31.0, 4079.0)	(32.0, 4927.0)	(33.0, 5634.0)	(34.0, 5644.0)	(35.0, 2863.0)	(36.0, 237.0)	(37.0, 6.0)
615B0_S39_L001_R1_001	(17.0, 2.0)	(18.0, 5.0)	(19.0, 9.0)	(20.0, 21.0)	(21.0, 60.0)	(22.0, 130.0)	(23.0, 178.0)	(24.0, 210.0)	(25.0, 276.0)	(26.0, 325.0)	(27.0, 427.0)	(28.0, 547.0)	(29.0, 681.0)	(30.0, 855.0)	(31.0, 1206.0)	(32.0, 1486.0)	(33.0, 2113.0)	(34.0, 2967.0)	(35.0, 4597.0)	(36.0, 8492.0)	(37.0, 10432.0)															
615B0_S39_L001_R2_001	(11.0, 3.0)	(12.0, 61.0)	(13.0, 150.0)	(14.0, 106.0)	(15.0, 44.0)	(16.0, 42.0)	(17.0, 63.0)	(18.0, 80.0)	(19.0, 109.0)	(20.0, 142.0)	(21.0, 182.0)	(22.0, 231.0)	(23.0, 407.0)	(24.0, 507.0)	(25.0, 653.0)	(26.0, 969.0)	(27.0, 1331.0)	(28.0, 1815.0)	(29.0, 2549.0)	(30.0, 3414.0)	(31.0, 4641.0)	(32.0, 5572.0)	(33.0, 5687.0)	(34.0, 4316.0)	(35.0, 1795.0)	(36.0, 146.0)	(37.0, 4.0)									
615B14_S40_L001_R1_001	(2.0, 3.0)	(3.0, 0.0)	(4.0, 0.0)	(5.0, 0.0)	(6.0, 0.0)	(7.0, 0.0)	(8.0, 0.0)	(9.0, 0.0)	(10.0, 0.0)	(11.0, 0.0)	(12.0, 0.0)	(13.0, 0.0)	(14.0, 0.0)	(15.0, 0.0)	(16.0, 0.0)	(17.0, 0.0)	(18.0, 0.0)	(19.0, 2.0)	(20.0, 2.0)	(21.0, 15.0)	(22.0, 33.0)	(23.0, 51.0)	(24.0, 50.0)	(25.0, 83.0)	(26.0, 79.0)	(27.0, 97.0)	(28.0, 132.0)	(29.0, 160.0)	(30.0, 211.0)	(31.0, 284.0)	(32.0, 350.0)	(33.0, 497.0)	(34.0, 753.0)	(35.0, 1164.0)	(36.0, 2218.0)	(37.0, 2745.0)
615B14_S40_L001_R2_001	(2.0, 3.0)	(3.0, 0.0)	(4.0, 0.0)	(5.0, 0.0)	(6.0, 0.0)	(7.0, 0.0)	(8.0, 0.0)	(9.0, 0.0)	(10.0, 1.0)	(11.0, 1.0)	(12.0, 18.0)	(13.0, 44.0)	(14.0, 30.0)	(15.0, 17.0)	(16.0, 18.0)	(17.0, 26.0)	(18.0, 29.0)	(19.0, 36.0)	(20.0, 68.0)	(21.0, 99.0)	(22.0, 105.0)	(23.0, 134.0)	(24.0, 138.0)	(25.0, 210.0)	(26.0, 328.0)	(27.0, 377.0)	(28.0, 474.0)	(29.0, 614.0)	(30.0, 867.0)	(31.0, 1121.0)	(32.0, 1388.0)	(33.0, 1458.0)	(34.0, 1016.0)	(35.0, 294.0)	(36.0, 14.0)	(37.0, 1.0)
621A0_S57_L001_R1_001	(2.0, 1.0)	(3.0, 0.0)	(4.0, 0.0)	(5.0, 0.0)	(6.0, 0.0)	(7.0, 0.0)	(8.0, 0.0)	(9.0, 0.0)	(10.0, 0.0)	(11.0, 0.0)	(12.0, 0.0)	(13.0, 0.0)	(14.0, 0.0)	(15.0, 0.0)	(16.0, 1.0)	(17.0, 0.0)	(18.0, 6.0)	(19.0, 12.0)	(20.0, 21.0)	(21.0, 71.0)	(22.0, 162.0)	(23.0, 201.0)	(24.0, 248.0)	(25.0, 300.0)	(26.0, 349.0)	(27.0, 388.0)	(28.0, 551.0)	(29.0, 677.0)	(30.0, 866.0)	(31.0, 1174.0)	(32.0, 1588.0)	(33.0, 2181.0)	(34.0, 3121.0)	(35.0, 4940.0)	(36.0, 9217.0)	(37.0, 10977.0)
621A0_S57_L001_R2_001	(2.0, 1.0)	(3.0, 0.0)	(4.0, 0.0)	(5.0, 0.0)	(6.0, 0.0)	(7.0, 0.0)	(8.0, 0.0)	(9.0, 0.0)	(10.0, 1.0)	(11.0, 1.0)	(12.0, 43.0)	(13.0, 183.0)	(14.0, 143.0)	(15.0, 61.0)	(16.0, 55.0)	(17.0, 76.0)	(18.0, 88.0)	(19.0, 143.0)	(20.0, 166.0)	(21.0, 216.0)	(22.0, 319.0)	(23.0, 415.0)	(24.0, 578.0)	(25.0, 810.0)	(26.0, 1033.0)	(27.0, 1433.0)	(28.0, 1969.0)	(29.0, 2599.0)	(30.0, 3615.0)	(31.0, 4818.0)	(32.0, 5829.0)	(33.0, 5759.0)	(34.0, 4498.0)	(35.0, 1994.0)	(36.0, 200.0)	(37.0, 6.0)
621A14_S58_L001_R1_001	(2.0, 1.0)	(3.0, 0.0)	(4.0, 0.0)	(5.0, 0.0)	(6.0, 0.0)	(7.0, 0.0)	(8.0, 0.0)	(9.0, 0.0)	(10.0, 0.0)	(11.0, 0.0)	(12.0, 0.0)	(13.0, 0.0)	(14.0, 0.0)	(15.0, 1.0)	(16.0, 2.0)	(17.0, 0.0)	(18.0, 3.0)	(19.0, 11.0)	(20.0, 17.0)	(21.0, 40.0)	(22.0, 81.0)	(23.0, 110.0)	(24.0, 154.0)	(25.0, 210.0)	(26.0, 229.0)	(27.0, 294.0)	(28.0, 349.0)	(29.0, 449.0)	(30.0, 549.0)	(31.0, 768.0)	(32.0, 1039.0)	(33.0, 1386.0)	(34.0, 2093.0)	(35.0, 3444.0)	(36.0, 7465.0)	(37.0, 14358.0)
621A14_S58_L001_R2_001	(2.0, 1.0)	(3.0, 0.0)	(4.0, 0.0)	(5.0, 0.0)	(6.0, 0.0)	(7.0, 0.0)	(8.0, 0.0)	(9.0, 0.0)	(10.0, 0.0)	(11.0, 4.0)	(12.0, 55.0)	(13.0, 159.0)	(14.0, 121.0)	(15.0, 57.0)	(16.0, 54.0)	(17.0, 55.0)	(18.0, 70.0)	(19.0, 124.0)	(20.0, 156.0)	(21.0, 211.0)	(22.0, 220.0)	(23.0, 320.0)	(24.0, 390.0)	(25.0, 545.0)	(26.0, 701.0)	(27.0, 936.0)	(28.0, 1219.0)	(29.0, 1691.0)	(30.0, 2313.0)	(31.0, 3182.0)	(32.0, 4312.0)	(33.0, 5644.0)	(34.0, 6310.0)	(35.0, 3760.0)	(36.0, 433.0)	(37.0, 10.0)
621B0_S59_L001_R1_001	(2.0, 1.0)	(3.0, 0.0)	(4.0, 0.0)	(5.0, 0.0)	(6.0, 0.0)	(7.0, 0.0)	(8.0, 0.0)	(9.0, 0.0)	(10.0, 0.0)	(11.0, 0.0)	(12.0, 0.0)	(13.0, 0.0)	(14.0, 0.0)	(15.0, 0.0)	(16.0, 0.0)	(17.0, 2.0)	(18.0, 3.0)	(19.0, 8.0)	(20.0, 14.0)	(21.0, 43.0)	(22.0, 80.0)	(23.0, 140.0)	(24.0, 130.0)	(25.0, 164.0)	(26.0, 191.0)	(27.0, 248.0)	(28.0, 347.0)	(29.0, 453.0)	(30.0, 529.0)	(31.0, 769.0)	(32.0, 1005.0)	(33.0, 1389.0)	(34.0, 2034.0)	(35.0, 3317.0)	(36.0, 7089.0)	(37.0, 14712.0)
621B0_S59_L001_R2_001	(2.0, 1.0)	(3.0, 0.0)	(4.0, 0.0)	(5.0, 0.0)	(6.0, 0.0)	(7.0, 0.0)	(8.0, 0.0)	(9.0, 0.0)	(10.0, 0.0)	(11.0, 8.0)	(12.0, 43.0)	(13.0, 162.0)	(14.0, 105.0)	(15.0, 53.0)	(16.0, 50.0)	(17.0, 65.0)	(18.0, 79.0)	(19.0, 143.0)	(20.0, 174.0)	(21.0, 212.0)	(22.0, 285.0)	(23.0, 352.0)	(24.0, 436.0)	(25.0, 626.0)	(26.0, 790.0)	(27.0, 1048.0)	(28.0, 1322.0)	(29.0, 1821.0)	(30.0, 2388.0)	(31.0, 3422.0)	(32.0, 4408.0)	(33.0, 5553.0)	(34.0, 5763.0)	(35.0, 3091.0)	(36.0, 263.0)	(37.0, 5.0)
621B14_S60_L001_R1_001	(18.0, 3.0)	(19.0, 12.0)	(20.0, 22.0)	(21.0, 38.0)	(22.0, 142.0)	(23.0, 193.0)	(24.0, 213.0)	(25.0, 241.0)	(26.0, 274.0)	(27.0, 328.0)	(28.0, 377.0)	(29.0, 442.0)	(30.0, 576.0)	(31.0, 821.0)	(32.0, 1115.0)	(33.0, 1582.0)	(34.0, 2328.0)	(35.0, 3801.0)	(36.0, 7737.0)	(37.0, 11695.0)																
621B14_S60_L001_R2_001	(2.0, 1.0)	(3.0, 0.0)	(4.0, 0.0)	(5.0, 0.0)	(6.0, 0.0)	(7.0, 0.0)	(8.0, 0.0)	(9.0, 0.0)	(10.0, 0.0)	(11.0, 5.0)	(12.0, 40.0)	(13.0, 169.0)	(14.0, 93.0)	(15.0, 72.0)	(16.0, 61.0)	(17.0, 71.0)	(18.0, 105.0)	(19.0, 150.0)	(20.0, 225.0)	(21.0, 253.0)	(22.0, 342.0)	(23.0, 424.0)	(24.0, 538.0)	(25.0, 718.0)	(26.0, 985.0)	(27.0, 1294.0)	(28.0, 1732.0)	(29.0, 2287.0)	(30.0, 3057.0)	(31.0, 3967.0)	(32.0, 4734.0)	(33.0, 4887.0)	(34.0, 3983.0)	(35.0, 1621.0)	(36.0, 119.0)	(37.0, 7.0)
622A0_S61_L001_R1_001	(2.0, 1.0)	(3.0, 0.0)	(4.0, 0.0)	(5.0, 0.0)	(6.0, 0.0)	(7.0, 0.0)	(8.0, 0.0)	(9.0, 0.0)	(10.0, 0.0)	(11.0, 0.0)	(12.0, 0.0)	(13.0, 0.0)	(14.0, 0.0)	(15.0, 0.0)	(16.0, 0.0)	(17.0, 1.0)	(18.0, 4.0)	(19.0, 8.0)	(20.0, 25.0)	(21.0, 32.0)	(22.0, 91.0)	(23.0, 137.0)	(24.0, 185.0)	(25.0, 192.0)	(26.0, 270.0)	(27.0, 298.0)	(28.0, 407.0)	(29.0, 487.0)	(30.0, 690.0)	(31.0, 854.0)	(32.0, 1119.0)	(33.0, 1555.0)	(34.0, 2429.0)	(35.0, 4024.0)	(36.0, 8421.0)	(37.0, 18414.0)
622A0_S61_L001_R2_001	(2.0, 1.0)	(3.0, 0.0)	(4.0, 0.0)	(5.0, 0.0)	(6.0, 0.0)	(7.0, 0.0)	(8.0, 0.0)	(9.0, 0.0)	(10.0, 0.0)	(11.0, 0.0)	(12.0, 56.0)	(13.0, 177.0)	(14.0, 118.0)	(15.0, 80.0)	(16.0, 68.0)	(17.0, 77.0)	(18.0, 108.0)	(19.0, 171.0)	(20.0, 223.0)	(21.0, 309.0)	(22.0, 374.0)	(23.0, 486.0)	(24.0, 589.0)	(25.0, 784.0)	(26.0, 1070.0)	(27.0, 1282.0)	(28.0, 1764.0)	(29.0, 2270.0)	(30.0, 3124.0)	(31.0, 4191.0)	(32.0, 5727.0)	(33.0, 7018.0)	(34.0, 6457.0)	(35.0, 2885.0)	(36.0, 229.0)	(37.0, 6.0)
622A14_S62_L001_R1_001	(18.0, 1.0)	(19.0, 9.0)	(20.0, 15.0)	(21.0, 45.0)	(22.0, 92.0)	(23.0, 139.0)	(24.0, 146.0)	(25.0, 194.0)	(26.0, 217.0)	(27.0, 257.0)	(28.0, 313.0)	(29.0, 407.0)	(30.0, 529.0)	(31.0, 666.0)	(32.0, 877.0)	(33.0, 1297.0)	(34.0, 1854.0)	(35.0, 2969.0)	(36.0, 6110.0)	(37.0, 8960.0)																
622A14_S62_L001_R2_001	(11.0, 3.0)	(12.0, 50.0)	(13.0, 121.0)	(14.0, 96.0)	(15.0, 53.0)	(16.0, 47.0)	(17.0, 57.0)	(18.0, 75.0)	(19.0, 124.0)	(20.0, 132.0)	(21.0, 177.0)	(22.0, 271.0)	(23.0, 308.0)	(24.0, 398.0)	(25.0, 551.0)	(26.0, 751.0)	(27.0, 997.0)	(28.0, 1353.0)	(29.0, 1783.0)	(30.0, 2403.0)	(31.0, 3064.0)	(32.0, 3689.0)	(33.0, 4024.0)	(34.0, 3188.0)	(35.0, 1284.0)	(36.0, 91.0)	(37.0, 7.0)									
622B0_S63_L001_R1_001	(2.0, 2.0)	(3.0, 0.0)	(4.0, 0.0)	(5.0, 0.0)	(6.0, 0.0)	(7.0, 0.0)	(8.0, 0.0)	(9.0, 0.0)	(10.0, 0.0)	(11.0, 0.0)	(12.0, 0.0)	(13.0, 0.0)	(14.0, 0.0)	(15.0, 0.0)	(16.0, 0.0)	(17.0, 2.0)	(18.0, 1.0)	(19.0, 5.0)	(20.0, 10.0)	(21.0, 27.0)	(22.0, 72.0)	(23.0, 90.0)	(24.0, 132.0)	(25.0, 152.0)	(26.0, 201.0)	(27.0, 218.0)	(28.0, 256.0)	(29.0, 331.0)	(30.0, 487.0)	(31.0, 605.0)	(32.0, 764.0)	(33.0, 1050.0)	(34.0, 1523.0)	(35.0, 2523.0)	(36.0, 5615.0)	(37.0, 10987.0)
622B0_S63_L001_R2_001	(2.0, 2.0)	(3.0, 0.0)	(4.0, 0.0)	(5.0, 0.0)	(6.0, 0.0)	(7.0, 0.0)	(8.0, 0.0)	(9.0, 0.0)	(10.0, 0.0)	(11.0, 6.0)	(12.0, 36.0)	(13.0, 109.0)	(14.0, 101.0)	(15.0, 37.0)	(16.0, 42.0)	(17.0, 57.0)	(18.0, 86.0)	(19.0, 104.0)	(20.0, 127.0)	(21.0, 182.0)	(22.0, 215.0)	(23.0, 277.0)	(24.0, 327.0)	(25.0, 498.0)	(26.0, 592.0)	(27.0, 793.0)	(28.0, 1017.0)	(29.0, 1439.0)	(30.0, 1917.0)	(31.0, 2629.0)	(32.0, 3576.0)	(33.0, 4502.0)	(34.0, 4290.0)	(35.0, 1914.0)	(36.0, 173.0)	(37.0, 5.0)
622B14_S64_L001_R1_001	(2.0, 2.0)	(3.0, 0.0)	(4.0, 0.0)	(5.0, 0.0)	(6.0, 0.0)	(7.0, 0.0)	(8.0, 0.0)	(9.0, 0.0)	(10.0, 0.0)	(11.0, 0.0)	(12.0, 0.0)	(13.0, 0.0)	(14.0, 0.0)	(15.0, 1.0)	(16.0, 0.0)	(17.0, 0.0)	(18.0, 1.0)	(19.0, 7.0)	(20.0, 14.0)	(21.0, 30.0)	(22.0, 75.0)	(23.0, 116.0)	(24.0, 134.0)	(25.0, 151.0)	(26.0, 160.0)	(27.0, 215.0)	(28.0, 288.0)	(29.0, 369.0)	(30.0, 461.0)	(31.0, 631.0)	(32.0, 836.0)	(33.0, 1144.0)	(34.0, 1636.0)	(35.0, 2627.0)	(36.0, 5500.0)	(37.0, 8262.0)
622B14_S64_L001_R2_001	(2.0, 2.0)	(3.0, 0.0)	(4.0, 0.0)	(5.0, 0.0)	(6.0, 0.0)	(7.0, 0.0)	(8.0, 0.0)	(9.0, 0.0)	(10.0, 0.0)	(11.0, 3.0)	(12.0, 43.0)	(13.0, 131.0)	(14.0, 73.0)	(15.0, 48.0)	(16.0, 47.0)	(17.0, 61.0)	(18.0, 76.0)	(19.0, 97.0)	(20.0, 169.0)	(21.0, 162.0)	(22.0, 250.0)	(23.0, 363.0)	(24.0, 371.0)	(25.0, 514.0)	(26.0, 712.0)	(27.0, 923.0)	(28.0, 1126.0)	(29.0, 1606.0)	(30.0, 2055.0)	(31.0, 2598.0)	(32.0, 3100.0)	(33.0, 3531.0)	(34.0, 3162.0)	(35.0, 1321.0)	(36.0, 113.0)	(37.0, 3.0)
639A0_S81_L001_R1_001	(2.0, 1.0)	(3.0, 0.0)	(4.0, 0.0)	(5.0, 0.0)	(6.0, 0.0)	(7.0, 0.0)	(8.0, 0.0)	(9.0, 0.0)	(10.0, 0.0)	(11.0, 0.0)	(12.0, 0.0)	(13.0, 0.0)	(14.0, 0.0)	(15.0, 0.0)	(16.0, 0.0)	(17.0, 0.0)	(18.0, 1.0)	(19.0, 14.0)	(20.0, 16.0)	(21.0, 47.0)	(22.0, 99.0)	(23.0, 140.0)	(24.0, 160.0)	(25.0, 163.0)	(26.0, 247.0)	(27.0, 284.0)	(28.0, 337.0)	(29.0, 479.0)	(30.0, 564.0)	(31.0, 754.0)	(32.0, 966.0)	(33.0, 1465.0)	(34.0, 2199.0)	(35.0, 3526.0)	(36.0, 7224.0)	(37.0, 13484.0)
639A0_S81_L001_R2_001	(2.0, 1.0)	(3.0, 0.0)	(4.0, 0.0)	(5.0, 0.0)	(6.0, 0.0)	(7.0, 0.0)	(8.0, 0.0)	(9.0, 0.0)	(10.0, 0.0)	(11.0, 1.0)	(12.0, 45.0)	(13.0, 164.0)	(14.0, 97.0)	(15.0, 46.0)	(16.0, 50.0)	(17.0, 60.0)	(18.0, 68.0)	(19.0, 120.0)	(20.0, 153.0)	(21.0, 214.0)	(22.0, 319.0)	(23.0, 342.0)	(24.0, 459.0)	(25.0, 586.0)	(26.0, 761.0)	(27.0, 1049.0)	(28.0, 1376.0)	(29.0, 1893.0)	(30.0, 2736.0)	(31.0, 3400.0)	(32.0, 4388.0)	(33.0, 5218.0)	(34.0, 5462.0)	(35.0, 2845.0)	(36.0, 315.0)	(37.0, 2.0)
639B14_S84_L001_R1_001	(2.0, 1.0)	(3.0, 0.0)	(4.0, 0.0)	(5.0, 0.0)	(6.0, 0.0)	(7.0, 0.0)	(8.0, 0.0)	(9.0, 0.0)	(10.0, 0.0)	(11.0, 0.0)	(12.0, 0.0)	(13.0, 0.0)	(14.0, 0.0)	(15.0, 0.0)	(16.0, 0.0)	(17.0, 0.0)	(18.0, 2.0)	(19.0, 9.0)	(20.0, 26.0)	(21.0, 41.0)	(22.0, 103.0)	(23.0, 89.0)	(24.0, 131.0)	(25.0, 169.0)	(26.0, 184.0)	(27.0, 255.0)	(28.0, 337.0)	(29.0, 389.0)	(30.0, 500.0)	(31.0, 729.0)	(32.0, 999.0)	(33.0, 1362.0)	(34.0, 2032.0)	(35.0, 3316.0)	(36.0, 6914.0)	(37.0, 12428.0)
639B14_S84_L001_R2_001	(11.0, 2.0)	(12.0, 41.0)	(13.0, 140.0)	(14.0, 89.0)	(15.0, 52.0)	(16.0, 40.0)	(17.0, 69.0)	(18.0, 96.0)	(19.0, 139.0)	(20.0, 151.0)	(21.0, 207.0)	(22.0, 249.0)	(23.0, 289.0)	(24.0, 403.0)	(25.0, 522.0)	(26.0, 710.0)	(27.0, 927.0)	(28.0, 1273.0)	(29.0, 1681.0)	(30.0, 2375.0)	(31.0, 3166.0)	(32.0, 4237.0)	(33.0, 5464.0)	(34.0, 5160.0)	(35.0, 2337.0)	(36.0, 192.0)	(37.0, 5.0)									
640A0_S85_L001_R1_001	(2.0, 1.0)	(3.0, 0.0)	(4.0, 0.0)	(5.0, 0.0)	(6.0, 0.0)	(7.0, 0.0)	(8.0, 0.0)	(9.0, 0.0)	(10.0, 0.0)	(11.0, 0.0)	(12.0, 0.0)	(13.0, 0.0)	(14.0, 0.0)	(15.0, 1.0)	(16.0, 0.0)	(17.0, 0.0)	(18.0, 3.0)	(19.0, 6.0)	(20.0, 15.0)	(21.0, 32.0)	(22.0, 58.0)	(23.0, 91.0)	(24.0, 99.0)	(25.0, 123.0)	(26.0, 152.0)	(27.0, 224.0)	(28.0, 260.0)	(29.0, 356.0)	(30.0, 479.0)	(31.0, 606.0)	(32.0, 872.0)	(33.0, 1155.0)	(34.0, 1777.0)	(35.0, 2949.0)	(36.0, 6004.0)	(37.0, 12936.0)
640A0_S85_L001_R2_001	(2.0, 1.0)	(3.0, 0.0)	(4.0, 0.0)	(5.0, 0.0)	(6.0, 0.0)	(7.0, 0.0)	(8.0, 0.0)	(9.0, 0.0)	(10.0, 0.0)	(11.0, 3.0)	(12.0, 31.0)	(13.0, 132.0)	(14.0, 95.0)	(15.0, 49.0)	(16.0, 35.0)	(17.0, 60.0)	(18.0, 82.0)	(19.0, 128.0)	(20.0, 147.0)	(21.0, 169.0)	(22.0, 245.0)	(23.0, 296.0)	(24.0, 360.0)	(25.0, 480.0)	(26.0, 669.0)	(27.0, 854.0)	(28.0, 1115.0)	(29.0, 1481.0)	(30.0, 2035.0)	(31.0, 2798.0)	(32.0, 3794.0)	(33.0, 5116.0)	(34.0, 5170.0)	(35.0, 2639.0)	(36.0, 210.0)	(37.0, 5.0)
640A14_S86_L001_R1_001	(18.0, 1.0)	(19.0, 9.0)	(20.0, 14.0)	(21.0, 62.0)	(22.0, 103.0)	(23.0, 102.0)	(24.0, 134.0)	(25.0, 183.0)	(26.0, 193.0)	(27.0, 267.0)	(28.0, 336.0)	(29.0, 439.0)	(30.0, 533.0)	(31.0, 669.0)	(32.0, 1013.0)	(33.0, 1301.0)	(34.0, 2007.0)	(35.0, 3323.0)	(36.0, 6560.0)	(37.0, 11121.0)																
640A14_S86_L001_R2_001	(2.0, 1.0)	(3.0, 0.0)	(4.0, 0.0)	(5.0, 0.0)	(6.0, 0.0)	(7.0, 0.0)	(8.0, 0.0)	(9.0, 0.0)	(10.0, 0.0)	(11.0, 0.0)	(12.0, 33.0)	(13.0, 103.0)	(14.0, 92.0)	(15.0, 50.0)	(16.0, 35.0)	(17.0, 46.0)	(18.0, 57.0)	(19.0, 87.0)	(20.0, 133.0)	(21.0, 151.0)	(22.0, 200.0)	(23.0, 285.0)	(24.0, 334.0)	(25.0, 460.0)	(26.0, 553.0)	(27.0, 817.0)	(28.0, 1009.0)	(29.0, 1395.0)	(30.0, 1955.0)	(31.0, 2674.0)	(32.0, 3504.0)	(33.0, 5165.0)	(34.0, 5668.0)	(35.0, 3211.0)	(36.0, 346.0)	(37.0, 6.0)
640B0_S87_L001_R1_001	(2.0, 1.0)	(3.0, 0.0)	(4.0, 0.0)	(5.0, 0.0)	(6.0, 0.0)	(7.0, 0.0)	(8.0, 0.0)	(9.0, 0.0)	(10.0, 0.0)	(11.0, 0.0)	(12.0, 0.0)	(13.0, 0.0)	(14.0, 0.0)	(15.0, 0.0)	(16.0, 0.0)	(17.0, 1.0)	(18.0, 2.0)	(19.0, 5.0)	(20.0, 32.0)	(21.0, 74.0)	(22.0, 134.0)	(23.0, 161.0)	(24.0, 187.0)	(25.0, 216.0)	(26.0, 259.0)	(27.0, 376.0)	(28.0, 482.0)	(29.0, 575.0)	(30.0, 753.0)	(31.0, 1007.0)	(32.0, 1361.0)	(33.0, 1898.0)	(34.0, 2871.0)	(35.0, 4849.0)	(36.0, 9860.0)	(37.0, 15274.0)
640B0_S87_L001_R2_001	(2.0, 1.0)	(3.0, 0.0)	(4.0, 0.0)	(5.0, 0.0)	(6.0, 0.0)	(7.0, 0.0)	(8.0, 0.0)	(9.0, 0.0)	(10.0, 0.0)	(11.0, 1.0)	(12.0, 55.0)	(13.0, 177.0)	(14.0, 122.0)	(15.0, 59.0)	(16.0, 63.0)	(17.0, 50.0)	(18.0, 86.0)	(19.0, 94.0)	(20.0, 138.0)	(21.0, 204.0)	(22.0, 265.0)	(23.0, 323.0)	(24.0, 428.0)	(25.0, 610.0)	(26.0, 830.0)	(27.0, 1046.0)	(28.0, 1423.0)	(29.0, 1877.0)	(30.0, 2756.0)	(31.0, 3915.0)	(32.0, 5315.0)	(33.0, 7185.0)	(34.0, 8131.0)	(35.0, 4716.0)	(36.0, 503.0)	(37.0, 5.0)
640B14_S88_L001_R1_001	(2.0, 2.0)	(3.0, 0.0)	(4.0, 0.0)	(5.0, 0.0)	(6.0, 0.0)	(7.0, 0.0)	(8.0, 0.0)	(9.0, 0.0)	(10.0, 0.0)	(11.0, 0.0)	(12.0, 0.0)	(13.0, 0.0)	(14.0, 0.0)	(15.0, 0.0)	(16.0, 1.0)	(17.0, 0.0)	(18.0, 3.0)	(19.0, 11.0)	(20.0, 20.0)	(21.0, 66.0)	(22.0, 117.0)	(23.0, 154.0)	(24.0, 215.0)	(25.0, 258.0)	(26.0, 312.0)	(27.0, 403.0)	(28.0, 490.0)	(29.0, 678.0)	(30.0, 848.0)	(31.0, 1123.0)	(32.0, 1496.0)	(33.0, 2085.0)	(34.0, 3139.0)	(35.0, 5048.0)	(36.0, 10527.0)	(37.0, 18003.0)
640B14_S88_L001_R2_001	(2.0, 2.0)	(3.0, 0.0)	(4.0, 0.0)	(5.0, 0.0)	(6.0, 0.0)	(7.0, 0.0)	(8.0, 0.0)	(9.0, 0.0)	(10.0, 0.0)	(11.0, 5.0)	(12.0, 55.0)	(13.0, 210.0)	(14.0, 150.0)	(15.0, 68.0)	(16.0, 67.0)	(17.0, 93.0)	(18.0, 117.0)	(19.0, 183.0)	(20.0, 266.0)	(21.0, 299.0)	(22.0, 405.0)	(23.0, 495.0)	(24.0, 625.0)	(25.0, 863.0)	(26.0, 1087.0)	(27.0, 1447.0)	(28.0, 1862.0)	(29.0, 2427.0)	(30.0, 3158.0)	(31.0, 4355.0)	(32.0, 5971.0)	(33.0, 7755.0)	(34.0, 8336.0)	(35.0, 4307.0)	(36.0, 382.0)	(37.0, 9.0)
644A14_S90_L001_R1_001	(2.0, 1.0)	(3.0, 0.0)	(4.0, 0.0)	(5.0, 0.0)	(6.0, 0.0)	(7.0, 0.0)	(8.0, 0.0)	(9.0, 0.0)	(10.0, 0.0)	(11.0, 0.0)	(12.0, 0.0)	(13.0, 0.0)	(14.0, 0.0)	(15.0, 0.0)	(16.0, 0.0)	(17.0, 0.0)	(18.0, 2.0)	(19.0, 5.0)	(20.0, 14.0)	(21.0, 39.0)	(22.0, 51.0)	(23.0, 107.0)	(24.0, 102.0)	(25.0, 111.0)	(26.0, 161.0)	(27.0, 193.0)	(28.0, 264.0)	(29.0, 303.0)	(30.0, 434.0)	(31.0, 532.0)	(32.0, 764.0)	(33.0, 1022.0)	(34.0, 1639.0)	(35.0, 2734.0)	(36.0, 5908.0)	(37.0, 12711.0)
644A14_S90_L001_R2_001	(2.0, 1.0)	(3.0, 0.0)	(4.0, 0.0)	(5.0, 0.0)	(6.0, 0.0)	(7.0, 0.0)	(8.0, 0.0)	(9.0, 0.0)	(10.0, 1.0)	(11.0, 1.0)	(12.0, 30.0)	(13.0, 112.0)	(14.0, 99.0)	(15.0, 68.0)	(16.0, 39.0)	(17.0, 61.0)	(18.0, 68.0)	(19.0, 78.0)	(20.0, 126.0)	(21.0, 170.0)	(22.0, 203.0)	(23.0, 257.0)	(24.0, 283.0)	(25.0, 412.0)	(26.0, 539.0)	(27.0, 704.0)	(28.0, 943.0)	(29.0, 1320.0)	(30.0, 1768.0)	(31.0, 2511.0)	(32.0, 3511.0)	(33.0, 4725.0)	(34.0, 5476.0)	(35.0, 3250.0)	(36.0, 337.0)	(37.0, 4.0)
644B0_S91_L001_R1_001	(2.0, 1.0)	(3.0, 0.0)	(4.0, 0.0)	(5.0, 0.0)	(6.0, 0.0)	(7.0, 0.0)	(8.0, 0.0)	(9.0, 0.0)	(10.0, 0.0)	(11.0, 0.0)	(12.0, 0.0)	(13.0, 0.0)	(14.0, 0.0)	(15.0, 0.0)	(16.0, 1.0)	(17.0, 2.0)	(18.0, 0.0)	(19.0, 10.0)	(20.0, 17.0)	(21.0, 51.0)	(22.0, 103.0)	(23.0, 111.0)	(24.0, 167.0)	(25.0, 138.0)	(26.0, 216.0)	(27.0, 248.0)	(28.0, 341.0)	(29.0, 372.0)	(30.0, 531.0)	(31.0, 700.0)	(32.0, 889.0)	(33.0, 1296.0)	(34.0, 1858.0)	(35.0, 3107.0)	(36.0, 6695.0)	(37.0, 12416.0)
644B0_S91_L001_R2_001	(2.0, 1.0)	(3.0, 0.0)	(4.0, 0.0)	(5.0, 0.0)	(6.0, 0.0)	(7.0, 0.0)	(8.0, 0.0)	(9.0, 0.0)	(10.0, 0.0)	(11.0, 2.0)	(12.0, 34.0)	(13.0, 113.0)	(14.0, 134.0)	(15.0, 58.0)	(16.0, 43.0)	(17.0, 51.0)	(18.0, 82.0)	(19.0, 112.0)	(20.0, 168.0)	(21.0, 204.0)	(22.0, 233.0)	(23.0, 304.0)	(24.0, 382.0)	(25.0, 528.0)	(26.0, 701.0)	(27.0, 887.0)	(28.0, 1183.0)	(29.0, 1648.0)	(30.0, 2227.0)	(31.0, 3102.0)	(32.0, 3908.0)	(33.0, 4984.0)	(34.0, 5117.0)	(35.0, 2754.0)	(36.0, 309.0)	(37.0, 1.0)
644B14_S92_L001_R1_001	(18.0, 1.0)	(19.0, 2.0)	(20.0, 13.0)	(21.0, 43.0)	(22.0, 68.0)	(23.0, 95.0)	(24.0, 125.0)	(25.0, 144.0)	(26.0, 163.0)	(27.0, 217.0)	(28.0, 278.0)	(29.0, 346.0)	(30.0, 431.0)	(31.0, 573.0)	(32.0, 822.0)	(33.0, 1121.0)	(34.0, 1700.0)	(35.0, 2804.0)	(36.0, 6214.0)	(37.0, 12538.0)																
644B14_S92_L001_R2_001	(2.0, 1.0)	(3.0, 0.0)	(4.0, 0.0)	(5.0, 0.0)	(6.0, 0.0)	(7.0, 0.0)	(8.0, 0.0)	(9.0, 0.0)	(10.0, 0.0)	(11.0, 3.0)	(12.0, 31.0)	(13.0, 123.0)	(14.0, 99.0)	(15.0, 52.0)	(16.0, 58.0)	(17.0, 74.0)	(18.0, 86.0)	(19.0, 124.0)	(20.0, 162.0)	(21.0, 189.0)	(22.0, 273.0)	(23.0, 318.0)	(24.0, 391.0)	(25.0, 474.0)	(26.0, 653.0)	(27.0, 906.0)	(28.0, 1141.0)	(29.0, 1591.0)	(30.0, 2104.0)	(31.0, 2895.0)	(32.0, 3900.0)	(33.0, 5017.0)	(34.0, 4689.0)	(35.0, 2184.0)	(36.0, 158.0)	(37.0, 2.0)
651A0_S105_L001_R1_001	(17.0, 2.0)	(18.0, 10.0)	(19.0, 12.0)	(20.0, 32.0)	(21.0, 51.0)	(22.0, 167.0)	(23.0, 269.0)	(24.0, 278.0)	(25.0, 372.0)	(26.0, 481.0)	(27.0, 496.0)	(28.0, 640.0)	(29.0, 783.0)	(30.0, 945.0)	(31.0, 1252.0)	(32.0, 1670.0)	(33.0, 2307.0)	(34.0, 3333.0)	(35.0, 5854.0)	(36.0, 11980.0)	(37.0, 18152.0)															
651A0_S105_L001_R2_001	(10.0, 1.0)	(11.0, 4.0)	(12.0, 59.0)	(13.0, 180.0)	(14.0, 158.0)	(15.0, 88.0)	(16.0, 118.0)	(17.0, 159.0)	(18.0, 202.0)	(19.0, 243.0)	(20.0, 323.0)	(21.0, 464.0)	(22.0, 595.0)	(23.0, 687.0)	(24.0, 940.0)	(25.0, 1266.0)	(26.0, 1614.0)	(27.0, 2165.0)	(28.0, 2897.0)	(29.0, 3941.0)	(30.0, 5339.0)	(31.0, 6615.0)	(32.0, 7245.0)	(33.0, 6938.0)	(34.0, 5045.0)	(35.0, 1719.0)	(36.0, 80.0)	(37.0, 1.0)								
651A14_S106_L001_R1_001	(18.0, 1.0)	(19.0, 11.0)	(20.0, 20.0)	(21.0, 46.0)	(22.0, 108.0)	(23.0, 157.0)	(24.0, 194.0)	(25.0, 199.0)	(26.0, 289.0)	(27.0, 366.0)	(28.0, 412.0)	(29.0, 445.0)	(30.0, 639.0)	(31.0, 903.0)	(32.0, 1095.0)	(33.0, 1593.0)	(34.0, 2339.0)	(35.0, 3733.0)	(36.0, 7963.0)	(37.0, 13403.0)																
651A14_S106_L001_R2_001	(11.0, 3.0)	(12.0, 43.0)	(13.0, 143.0)	(14.0, 110.0)	(15.0, 67.0)	(16.0, 47.0)	(17.0, 67.0)	(18.0, 99.0)	(19.0, 117.0)	(20.0, 150.0)	(21.0, 215.0)	(22.0, 321.0)	(23.0, 356.0)	(24.0, 456.0)	(25.0, 660.0)	(26.0, 775.0)	(27.0, 1076.0)	(28.0, 1423.0)	(29.0, 2057.0)	(30.0, 2668.0)	(31.0, 3571.0)	(32.0, 4598.0)	(33.0, 5844.0)	(34.0, 5836.0)	(35.0, 2942.0)	(36.0, 266.0)	(37.0, 6.0)									
651B0_S107_L001_R1_001	(16.0, 1.0)	(17.0, 1.0)	(18.0, 4.0)	(19.0, 5.0)	(20.0, 20.0)	(21.0, 40.0)	(22.0, 63.0)	(23.0, 102.0)	(24.0, 151.0)	(25.0, 188.0)	(26.0, 228.0)	(27.0, 314.0)	(28.0, 328.0)	(29.0, 442.0)	(30.0, 538.0)	(31.0, 706.0)	(32.0, 945.0)	(33.0, 1348.0)	(34.0, 2032.0)	(35.0, 3433.0)	(36.0, 7424.0)	(37.0, 17298.0)														
651B0_S107_L001_R2_001	(11.0, 2.0)	(12.0, 37.0)	(13.0, 125.0)	(14.0, 70.0)	(15.0, 61.0)	(16.0, 70.0)	(17.0, 100.0)	(18.0, 111.0)	(19.0, 171.0)	(20.0, 223.0)	(21.0, 296.0)	(22.0, 333.0)	(23.0, 437.0)	(24.0, 542.0)	(25.0, 738.0)	(26.0, 889.0)	(27.0, 1171.0)	(28.0, 1552.0)	(29.0, 2130.0)	(30.0, 3003.0)	(31.0, 3847.0)	(32.0, 5380.0)	(33.0, 6526.0)	(34.0, 5539.0)	(35.0, 2131.0)	(36.0, 127.0)										
651B14_S108_L001_R1_001	(15.0, 1.0)	(16.0, 0.0)	(17.0, 0.0)	(18.0, 3.0)	(19.0, 4.0)	(20.0, 12.0)	(21.0, 34.0)	(22.0, 78.0)	(23.0, 108.0)	(24.0, 130.0)	(25.0, 142.0)	(26.0, 188.0)	(27.0, 242.0)	(28.0, 295.0)	(29.0, 360.0)	(30.0, 467.0)	(31.0, 614.0)	(32.0, 749.0)	(33.0, 1072.0)	(34.0, 1627.0)	(35.0, 2680.0)	(36.0, 5709.0)	(37.0, 12251.0)													
651B14_S108_L001_R2_001	(11.0, 2.0)	(12.0, 36.0)	(13.0, 101.0)	(14.0, 85.0)	(15.0, 58.0)	(16.0, 57.0)	(17.0, 78.0)	(18.0, 82.0)	(19.0, 147.0)	(20.0, 166.0)	(21.0, 221.0)	(22.0, 280.0)	(23.0, 366.0)	(24.0, 459.0)	(25.0, 597.0)	(26.0, 750.0)	(27.0, 971.0)	(28.0, 1261.0)	(29.0, 1727.0)	(30.0, 2217.0)	(31.0, 2902.0)	(32.0, 3818.0)	(33.0, 4588.0)	(34.0, 4125.0)	(35.0, 1584.0)	(36.0, 87.0)	(37.0, 1.0)									
653A0_S113_L001_R1_001	(18.0, 2.0)	(19.0, 4.0)	(20.0, 19.0)	(21.0, 32.0)	(22.0, 70.0)	(23.0, 110.0)	(24.0, 109.0)	(25.0, 156.0)	(26.0, 176.0)	(27.0, 190.0)	(28.0, 310.0)	(29.0, 340.0)	(30.0, 468.0)	(31.0, 567.0)	(32.0, 824.0)	(33.0, 1072.0)	(34.0, 1673.0)	(35.0, 2699.0)	(36.0, 5889.0)	(37.0, 12272.0)																
653A0_S113_L001_R2_001	(10.0, 1.0)	(11.0, 1.0)	(12.0, 22.0)	(13.0, 121.0)	(14.0, 104.0)	(15.0, 50.0)	(16.0, 61.0)	(17.0, 75.0)	(18.0, 83.0)	(19.0, 130.0)	(20.0, 151.0)	(21.0, 184.0)	(22.0, 200.0)	(23.0, 298.0)	(24.0, 340.0)	(25.0, 450.0)	(26.0, 603.0)	(27.0, 753.0)	(28.0, 1006.0)	(29.0, 1476.0)	(30.0, 1888.0)	(31.0, 2605.0)	(32.0, 3635.0)	(33.0, 5041.0)	(34.0, 5079.0)	(35.0, 2433.0)	(36.0, 191.0)	(37.0, 1.0)								
653A14_S114_L001_R1_001	(18.0, 4.0)	(19.0, 7.0)	(20.0, 7.0)	(21.0, 49.0)	(22.0, 99.0)	(23.0, 127.0)	(24.0, 114.0)	(25.0, 154.0)	(26.0, 190.0)	(27.0, 243.0)	(28.0, 300.0)	(29.0, 367.0)	(30.0, 500.0)	(31.0, 620.0)	(32.0, 918.0)	(33.0, 1215.0)	(34.0, 1718.0)	(35.0, 2882.0)	(36.0, 5935.0)	(37.0, 10174.0)																
653A14_S114_L001_R2_001	(12.0, 31.0)	(13.0, 114.0)	(14.0, 92.0)	(15.0, 51.0)	(16.0, 51.0)	(17.0, 49.0)	(18.0, 88.0)	(19.0, 85.0)	(20.0, 91.0)	(21.0, 119.0)	(22.0, 180.0)	(23.0, 240.0)	(24.0, 301.0)	(25.0, 401.0)	(26.0, 557.0)	(27.0, 722.0)	(28.0, 953.0)	(29.0, 1284.0)	(30.0, 1714.0)	(31.0, 2325.0)	(32.0, 3295.0)	(33.0, 4510.0)	(34.0, 5343.0)	(35.0, 2799.0)	(36.0, 225.0)	(37.0, 3.0)										
653B0_S115_L001_R1_001	(15.0, 1.0)	(16.0, 0.0)	(17.0, 0.0)	(18.0, 1.0)	(19.0, 6.0)	(20.0, 9.0)	(21.0, 39.0)	(22.0, 83.0)	(23.0, 100.0)	(24.0, 98.0)	(25.0, 150.0)	(26.0, 150.0)	(27.0, 194.0)	(28.0, 251.0)	(29.0, 338.0)	(30.0, 435.0)	(31.0, 514.0)	(32.0, 702.0)	(33.0, 999.0)	(34.0, 1497.0)	(35.0, 2501.0)	(36.0, 5640.0)	(37.0, 12071.0)													
653B0_S115_L001_R2_001	(11.0, 5.0)	(12.0, 22.0)	(13.0, 116.0)	(14.0, 96.0)	(15.0, 51.0)	(16.0, 41.0)	(17.0, 66.0)	(18.0, 93.0)	(19.0, 115.0)	(20.0, 162.0)	(21.0, 197.0)	(22.0, 221.0)	(23.0, 291.0)	(24.0, 354.0)	(25.0, 456.0)	(26.0, 587.0)	(27.0, 801.0)	(28.0, 1025.0)	(29.0, 1414.0)	(30.0, 1805.0)	(31.0, 2545.0)	(32.0, 3638.0)	(33.0, 4792.0)	(34.0, 4743.0)	(35.0, 2038.0)	(36.0, 105.0)										
653B14_S116_L001_R1_001	(18.0, 2.0)	(19.0, 6.0)	(20.0, 13.0)	(21.0, 55.0)	(22.0, 95.0)	(23.0, 124.0)	(24.0, 128.0)	(25.0, 163.0)	(26.0, 175.0)	(27.0, 248.0)	(28.0, 310.0)	(29.0, 397.0)	(30.0, 495.0)	(31.0, 639.0)	(32.0, 807.0)	(33.0, 1191.0)	(34.0, 1781.0)	(35.0, 2870.0)	(36.0, 6129.0)	(37.0, 10899.0)																
653B14_S116_L001_R2_001	(11.0, 1.0)	(12.0, 42.0)	(13.0, 133.0)	(14.0, 94.0)	(15.0, 65.0)	(16.0, 40.0)	(17.0, 67.0)	(18.0, 91.0)	(19.0, 107.0)	(20.0, 122.0)	(21.0, 175.0)	(22.0, 246.0)	(23.0, 279.0)	(24.0, 362.0)	(25.0, 477.0)	(26.0, 660.0)	(27.0, 864.0)	(28.0, 1124.0)	(29.0, 1544.0)	(30.0, 2006.0)	(31.0, 2689.0)	(32.0, 3661.0)	(33.0, 5020.0)	(34.0, 4650.0)	(35.0, 1904.0)	(36.0, 104.0)										
655A14_S126_L001_R1_001	(17.0, 1.0)	(18.0, 2.0)	(19.0, 4.0)	(20.0, 8.0)	(21.0, 52.0)	(22.0, 97.0)	(23.0, 102.0)	(24.0, 162.0)	(25.0, 165.0)	(26.0, 199.0)	(27.0, 249.0)	(28.0, 318.0)	(29.0, 335.0)	(30.0, 465.0)	(31.0, 631.0)	(32.0, 796.0)	(33.0, 1134.0)	(34.0, 1641.0)	(35.0, 2733.0)	(36.0, 5744.0)	(37.0, 10812.0)															
655A14_S126_L001_R2_001	(11.0, 1.0)	(12.0, 55.0)	(13.0, 126.0)	(14.0, 81.0)	(15.0, 62.0)	(16.0, 64.0)	(17.0, 66.0)	(18.0, 89.0)	(19.0, 90.0)	(20.0, 110.0)	(21.0, 162.0)	(22.0, 208.0)	(23.0, 261.0)	(24.0, 324.0)	(25.0, 446.0)	(26.0, 593.0)	(27.0, 803.0)	(28.0, 1037.0)	(29.0, 1468.0)	(30.0, 1893.0)	(31.0, 2646.0)	(32.0, 3599.0)	(33.0, 4722.0)	(34.0, 4579.0)	(35.0, 2004.0)	(36.0, 160.0)	(37.0, 1.0)									
655B0_S127_L001_R1_001	(17.0, 3.0)	(18.0, 1.0)	(19.0, 11.0)	(20.0, 19.0)	(21.0, 30.0)	(22.0, 79.0)	(23.0, 128.0)	(24.0, 162.0)	(25.0, 184.0)	(26.0, 219.0)	(27.0, 309.0)	(28.0, 317.0)	(29.0, 400.0)	(30.0, 531.0)	(31.0, 701.0)	(32.0, 928.0)	(33.0, 1336.0)	(34.0, 1951.0)	(35.0, 3208.0)	(36.0, 7378.0)	(37.0, 13814.0)															
655B0_S127_L001_R2_001	(10.0, 1.0)	(11.0, 8.0)	(12.0, 77.0)	(13.0, 152.0)	(14.0, 106.0)	(15.0, 68.0)	(16.0, 55.0)	(17.0, 74.0)	(18.0, 107.0)	(19.0, 137.0)	(20.0, 159.0)	(21.0, 225.0)	(22.0, 275.0)	(23.0, 374.0)	(24.0, 491.0)	(25.0, 626.0)	(26.0, 868.0)	(27.0, 1166.0)	(28.0, 1513.0)	(29.0, 2142.0)	(30.0, 2851.0)	(31.0, 3572.0)	(32.0, 4423.0)	(33.0, 5177.0)	(34.0, 4868.0)	(35.0, 2044.0)	(36.0, 150.0)									
655B14_S128_L001_R1_001	(17.0, 2.0)	(18.0, 6.0)	(19.0, 7.0)	(20.0, 17.0)	(21.0, 41.0)	(22.0, 85.0)	(23.0, 118.0)	(24.0, 135.0)	(25.0, 136.0)	(26.0, 192.0)	(27.0, 236.0)	(28.0, 310.0)	(29.0, 405.0)	(30.0, 559.0)	(31.0, 675.0)	(32.0, 897.0)	(33.0, 1241.0)	(34.0, 1875.0)	(35.0, 2871.0)	(36.0, 5712.0)	(37.0, 8113.0)															
655B14_S128_L001_R2_001	(10.0, 1.0)	(11.0, 3.0)	(12.0, 48.0)	(13.0, 125.0)	(14.0, 78.0)	(15.0, 60.0)	(16.0, 28.0)	(17.0, 53.0)	(18.0, 83.0)	(19.0, 117.0)	(20.0, 132.0)	(21.0, 156.0)	(22.0, 220.0)	(23.0, 279.0)	(24.0, 389.0)	(25.0, 456.0)	(26.0, 615.0)	(27.0, 836.0)	(28.0, 1149.0)	(29.0, 1465.0)	(30.0, 1889.0)	(31.0, 2672.0)	(32.0, 3500.0)	(33.0, 4091.0)	(34.0, 3744.0)	(35.0, 1353.0)	(36.0, 90.0)	(37.0, 1.0)								
656A0_S117_L001_R1_001	(16.0, 1.0)	(17.0, 2.0)	(18.0, 3.0)	(19.0, 10.0)	(20.0, 11.0)	(21.0, 28.0)	(22.0, 76.0)	(23.0, 92.0)	(24.0, 135.0)	(25.0, 166.0)	(26.0, 195.0)	(27.0, 243.0)	(28.0, 262.0)	(29.0, 383.0)	(30.0, 450.0)	(31.0, 619.0)	(32.0, 826.0)	(33.0, 1110.0)	(34.0, 1700.0)	(35.0, 2786.0)	(36.0, 6369.0)	(37.0, 13460.0)														
656A0_S117_L001_R2_001	(11.0, 4.0)	(12.0, 54.0)	(13.0, 133.0)	(14.0, 109.0)	(15.0, 43.0)	(16.0, 54.0)	(17.0, 73.0)	(18.0, 110.0)	(19.0, 158.0)	(20.0, 203.0)	(21.0, 261.0)	(22.0, 288.0)	(23.0, 389.0)	(24.0, 471.0)	(25.0, 636.0)	(26.0, 847.0)	(27.0, 1113.0)	(28.0, 1367.0)	(29.0, 1895.0)	(30.0, 2624.0)	(31.0, 3375.0)	(32.0, 4337.0)	(33.0, 5086.0)	(34.0, 3988.0)	(35.0, 1234.0)	(36.0, 74.0)	(37.0, 1.0)									
656A14_S118_L001_R1_001	(17.0, 2.0)	(18.0, 1.0)	(19.0, 10.0)	(20.0, 27.0)	(21.0, 49.0)	(22.0, 74.0)	(23.0, 119.0)	(24.0, 151.0)	(25.0, 174.0)	(26.0, 205.0)	(27.0, 251.0)	(28.0, 327.0)	(29.0, 429.0)	(30.0, 506.0)	(31.0, 748.0)	(32.0, 969.0)	(33.0, 1351.0)	(34.0, 1931.0)	(35.0, 3176.0)	(36.0, 6981.0)	(37.0, 13817.0)															
656A14_S118_L001_R2_001	(11.0, 2.0)	(12.0, 39.0)	(13.0, 150.0)	(14.0, 115.0)	(15.0, 70.0)	(16.0, 71.0)	(17.0, 90.0)	(18.0, 103.0)	(19.0, 124.0)	(20.0, 179.0)	(21.0, 237.0)	(22.0, 296.0)	(23.0, 363.0)	(24.0, 475.0)	(25.0, 611.0)	(26.0, 850.0)	(27.0, 1137.0)	(28.0, 1464.0)	(29.0, 1989.0)	(30.0, 2765.0)	(31.0, 3510.0)	(32.0, 4536.0)	(33.0, 5730.0)	(34.0, 4689.0)	(35.0, 1621.0)	(36.0, 82.0)										
656B0_S119_L001_R1_001	(18.0, 1.0)	(19.0, 7.0)	(20.0, 16.0)	(21.0, 47.0)	(22.0, 77.0)	(23.0, 113.0)	(24.0, 129.0)	(25.0, 163.0)	(26.0, 211.0)	(27.0, 218.0)	(28.0, 313.0)	(29.0, 394.0)	(30.0, 510.0)	(31.0, 720.0)	(32.0, 926.0)	(33.0, 1273.0)	(34.0, 1926.0)	(35.0, 3119.0)	(36.0, 6567.0)	(37.0, 11395.0)																
656B0_S119_L001_R2_001	(11.0, 2.0)	(12.0, 31.0)	(13.0, 103.0)	(14.0, 96.0)	(15.0, 64.0)	(16.0, 65.0)	(17.0, 59.0)	(18.0, 97.0)	(19.0, 132.0)	(20.0, 128.0)	(21.0, 249.0)	(22.0, 259.0)	(23.0, 373.0)	(24.0, 412.0)	(25.0, 572.0)	(26.0, 718.0)	(27.0, 947.0)	(28.0, 1353.0)	(29.0, 1920.0)	(30.0, 2581.0)	(31.0, 3314.0)	(32.0, 4401.0)	(33.0, 4840.0)	(34.0, 3921.0)	(35.0, 1404.0)	(36.0, 83.0)	(37.0, 1.0)									
656B14_S120_L001_R1_001	(16.0, 1.0)	(17.0, 1.0)	(18.0, 3.0)	(19.0, 10.0)	(20.0, 23.0)	(21.0, 40.0)	(22.0, 79.0)	(23.0, 99.0)	(24.0, 128.0)	(25.0, 153.0)	(26.0, 189.0)	(27.0, 233.0)	(28.0, 286.0)	(29.0, 388.0)	(30.0, 506.0)	(31.0, 601.0)	(32.0, 839.0)	(33.0, 1188.0)	(34.0, 1744.0)	(35.0, 2911.0)	(36.0, 6013.0)	(37.0, 10656.0)														
656B14_S120_L001_R2_001	(11.0, 3.0)	(12.0, 30.0)	(13.0, 100.0)	(14.0, 99.0)	(15.0, 63.0)	(16.0, 50.0)	(17.0, 68.0)	(18.0, 109.0)	(19.0, 146.0)	(20.0, 179.0)	(21.0, 230.0)	(22.0, 270.0)	(23.0, 326.0)	(24.0, 407.0)	(25.0, 521.0)	(26.0, 689.0)	(27.0, 893.0)	(28.0, 1171.0)	(29.0, 1624.0)	(30.0, 2149.0)	(31.0, 2756.0)	(32.0, 3761.0)	(33.0, 4462.0)	(34.0, 4122.0)	(35.0, 1722.0)	(36.0, 140.0)	(37.0, 1.0)									
676A0_S133_L001_R1_001	(18.0, 1.0)	(19.0, 6.0)	(20.0, 11.0)	(21.0, 42.0)	(22.0, 117.0)	(23.0, 116.0)	(24.0, 172.0)	(25.0, 173.0)	(26.0, 208.0)	(27.0, 308.0)	(28.0, 319.0)	(29.0, 375.0)	(30.0, 526.0)	(31.0, 745.0)	(32.0, 898.0)	(33.0, 1319.0)	(34.0, 1908.0)	(35.0, 3187.0)	(36.0, 6911.0)	(37.0, 13774.0)																
676A0_S133_L001_R2_001	(10.0, 1.0)	(11.0, 2.0)	(12.0, 54.0)	(13.0, 168.0)	(14.0, 148.0)	(15.0, 67.0)	(16.0, 66.0)	(17.0, 97.0)	(18.0, 129.0)	(19.0, 162.0)	(20.0, 214.0)	(21.0, 254.0)	(22.0, 343.0)	(23.0, 405.0)	(24.0, 513.0)	(25.0, 673.0)	(26.0, 817.0)	(27.0, 1159.0)	(28.0, 1440.0)	(29.0, 1968.0)	(30.0, 2548.0)	(31.0, 3366.0)	(32.0, 4507.0)	(33.0, 5473.0)	(34.0, 4728.0)	(35.0, 1744.0)	(36.0, 68.0)	(37.0, 2.0)								
676A14_S134_L001_R1_001	(18.0, 4.0)	(19.0, 12.0)	(20.0, 31.0)	(21.0, 79.0)	(22.0, 148.0)	(23.0, 190.0)	(24.0, 193.0)	(25.0, 233.0)	(26.0, 297.0)	(27.0, 340.0)	(28.0, 416.0)	(29.0, 496.0)	(30.0, 660.0)	(31.0, 827.0)	(32.0, 1152.0)	(33.0, 1608.0)	(34.0, 2318.0)	(35.0, 3716.0)	(36.0, 7754.0)	(37.0, 12745.0)																
676A14_S134_L001_R2_001	(11.0, 7.0)	(12.0, 68.0)	(13.0, 189.0)	(14.0, 126.0)	(15.0, 69.0)	(16.0, 79.0)	(17.0, 97.0)	(18.0, 112.0)	(19.0, 121.0)	(20.0, 183.0)	(21.0, 189.0)	(22.0, 279.0)	(23.0, 331.0)	(24.0, 442.0)	(25.0, 635.0)	(26.0, 843.0)	(27.0, 1085.0)	(28.0, 1429.0)	(29.0, 1905.0)	(30.0, 2482.0)	(31.0, 3439.0)	(32.0, 4648.0)	(33.0, 5857.0)	(34.0, 5904.0)	(35.0, 2504.0)	(36.0, 195.0)	(37.0, 1.0)									
676B0_S135_L001_R1_001	(16.0, 1.0)	(17.0, 0.0)	(18.0, 2.0)	(19.0, 12.0)	(20.0, 26.0)	(21.0, 72.0)	(22.0, 137.0)	(23.0, 186.0)	(24.0, 198.0)	(25.0, 254.0)	(26.0, 307.0)	(27.0, 348.0)	(28.0, 433.0)	(29.0, 546.0)	(30.0, 711.0)	(31.0, 896.0)	(32.0, 1153.0)	(33.0, 1659.0)	(34.0, 2404.0)	(35.0, 3947.0)	(36.0, 8901.0)	(37.0, 15747.0)														
676B0_S135_L001_R2_001	(11.0, 5.0)	(12.0, 50.0)	(13.0, 188.0)	(14.0, 160.0)	(15.0, 86.0)	(16.0, 93.0)	(17.0, 98.0)	(18.0, 113.0)	(19.0, 169.0)	(20.0, 201.0)	(21.0, 246.0)	(22.0, 319.0)	(23.0, 428.0)	(24.0, 538.0)	(25.0, 709.0)	(26.0, 952.0)	(27.0, 1232.0)	(28.0, 1626.0)	(29.0, 2162.0)	(30.0, 2815.0)	(31.0, 4004.0)	(32.0, 5194.0)	(33.0, 6556.0)	(34.0, 6582.0)	(35.0, 3177.0)	(36.0, 234.0)	(37.0, 3.0)									
676B14_S136_L001_R1_001	(18.0, 4.0)	(19.0, 6.0)	(20.0, 28.0)	(21.0, 80.0)	(22.0, 123.0)	(23.0, 196.0)	(24.0, 221.0)	(25.0, 275.0)	(26.0, 302.0)	(27.0, 394.0)	(28.0, 446.0)	(29.0, 608.0)	(30.0, 730.0)	(31.0, 996.0)	(32.0, 1297.0)	(33.0, 1836.0)	(34.0, 2640.0)	(35.0, 4223.0)	(36.0, 9081.0)	(37.0, 15649.0)																
676B14_S136_L001_R2_001	(11.0, 4.0)	(12.0, 69.0)	(13.0, 188.0)	(14.0, 149.0)	(15.0, 76.0)	(16.0, 100.0)	(17.0, 116.0)	(18.0, 168.0)	(19.0, 199.0)	(20.0, 256.0)	(21.0, 327.0)	(22.0, 450.0)	(23.0, 546.0)	(24.0, 711.0)	(25.0, 863.0)	(26.0, 1167.0)	(27.0, 1475.0)	(28.0, 1893.0)	(29.0, 2514.0)	(30.0, 3315.0)	(31.0, 4364.0)	(32.0, 5734.0)	(33.0, 6489.0)	(34.0, 5511.0)	(35.0, 2301.0)	(36.0, 142.0)	(37.0, 8.0)									
678A0_S141_L001_R1_001	(17.0, 1.0)	(18.0, 2.0)	(19.0, 10.0)	(20.0, 19.0)	(21.0, 42.0)	(22.0, 87.0)	(23.0, 146.0)	(24.0, 174.0)	(25.0, 194.0)	(26.0, 251.0)	(27.0, 297.0)	(28.0, 365.0)	(29.0, 475.0)	(30.0, 592.0)	(31.0, 779.0)	(32.0, 1130.0)	(33.0, 1477.0)	(34.0, 2216.0)	(35.0, 3622.0)	(36.0, 7717.0)	(37.0, 14053.0)															
678A0_S141_L001_R2_001	(11.0, 3.0)	(12.0, 63.0)	(13.0, 155.0)	(14.0, 110.0)	(15.0, 71.0)	(16.0, 92.0)	(17.0, 113.0)	(18.0, 146.0)	(19.0, 177.0)	(20.0, 203.0)	(21.0, 302.0)	(22.0, 357.0)	(23.0, 403.0)	(24.0, 558.0)	(25.0, 783.0)	(26.0, 970.0)	(27.0, 1245.0)	(28.0, 1655.0)	(29.0, 2141.0)	(30.0, 2786.0)	(31.0, 3826.0)	(32.0, 4940.0)	(33.0, 5917.0)	(34.0, 4955.0)	(35.0, 1591.0)	(36.0, 85.0)	(37.0, 2.0)									
678A14_S142_L001_R1_001	(18.0, 3.0)	(19.0, 9.0)	(20.0, 27.0)	(21.0, 56.0)	(22.0, 143.0)	(23.0, 187.0)	(24.0, 224.0)	(25.0, 242.0)	(26.0, 305.0)	(27.0, 388.0)	(28.0, 433.0)	(29.0, 533.0)	(30.0, 704.0)	(31.0, 913.0)	(32.0, 1142.0)	(33.0, 1663.0)	(34.0, 2489.0)	(35.0, 3988.0)	(36.0, 8494.0)	(37.0, 13448.0)																
678A14_S142_L001_R2_001	(11.0, 5.0)	(12.0, 59.0)	(13.0, 163.0)	(14.0, 122.0)	(15.0, 84.0)	(16.0, 75.0)	(17.0, 85.0)	(18.0, 109.0)	(19.0, 175.0)	(20.0, 224.0)	(21.0, 242.0)	(22.0, 339.0)	(23.0, 452.0)	(24.0, 574.0)	(25.0, 734.0)	(26.0, 955.0)	(27.0, 1259.0)	(28.0, 1726.0)	(29.0, 2261.0)	(30.0, 2989.0)	(31.0, 3946.0)	(32.0, 4968.0)	(33.0, 6058.0)	(34.0, 5522.0)	(35.0, 2127.0)	(36.0, 137.0)	(37.0, 1.0)									
678B0_S143_L001_R1_001	(17.0, 1.0)	(18.0, 5.0)	(19.0, 8.0)	(20.0, 18.0)	(21.0, 82.0)	(22.0, 150.0)	(23.0, 202.0)	(24.0, 228.0)	(25.0, 276.0)	(26.0, 323.0)	(27.0, 384.0)	(28.0, 515.0)	(29.0, 611.0)	(30.0, 781.0)	(31.0, 1048.0)	(32.0, 1381.0)	(33.0, 2003.0)	(34.0, 2826.0)	(35.0, 4754.0)	(36.0, 10191.0)	(37.0, 17190.0)															
678B0_S143_L001_R2_001	(11.0, 5.0)	(12.0, 70.0)	(13.0, 189.0)	(14.0, 140.0)	(15.0, 84.0)	(16.0, 94.0)	(17.0, 105.0)	(18.0, 171.0)	(19.0, 217.0)	(20.0, 257.0)	(21.0, 369.0)	(22.0, 441.0)	(23.0, 525.0)	(24.0, 729.0)	(25.0, 939.0)	(26.0, 1311.0)	(27.0, 1714.0)	(28.0, 2229.0)	(29.0, 2945.0)	(30.0, 3808.0)	(31.0, 4856.0)	(32.0, 5935.0)	(33.0, 7045.0)	(34.0, 6156.0)	(35.0, 2488.0)	(36.0, 153.0)	(37.0, 2.0)									
678B14_S144_L001_R1_001	(18.0, 3.0)	(19.0, 16.0)	(20.0, 29.0)	(21.0, 72.0)	(22.0, 138.0)	(23.0, 234.0)	(24.0, 276.0)	(25.0, 344.0)	(26.0, 414.0)	(27.0, 498.0)	(28.0, 603.0)	(29.0, 792.0)	(30.0, 979.0)	(31.0, 1250.0)	(32.0, 1730.0)	(33.0, 2442.0)	(34.0, 3584.0)	(35.0, 5760.0)	(36.0, 12107.0)	(37.0, 20033.0)																
678B14_S144_L001_R2_001	(11.0, 2.0)	(12.0, 54.0)	(13.0, 238.0)	(14.0, 182.0)	(15.0, 104.0)	(16.0, 143.0)	(17.0, 171.0)	(18.0, 227.0)	(19.0, 327.0)	(20.0, 416.0)	(21.0, 511.0)	(22.0, 640.0)	(23.0, 818.0)	(24.0, 996.0)	(25.0, 1293.0)	(26.0, 1672.0)	(27.0, 2296.0)	(28.0, 2752.0)	(29.0, 3595.0)	(30.0, 4765.0)	(31.0, 6021.0)	(32.0, 7299.0)	(33.0, 8069.0)	(34.0, 6367.0)	(35.0, 2229.0)	(36.0, 115.0)	(37.0, 2.0)									
681A0_S153_L001_R1_001	(2.0, 1.0)	(3.0, 0.0)	(4.0, 0.0)	(5.0, 0.0)	(6.0, 0.0)	(7.0, 0.0)	(8.0, 0.0)	(9.0, 0.0)	(10.0, 0.0)	(11.0, 0.0)	(12.0, 0.0)	(13.0, 0.0)	(14.0, 0.0)	(15.0, 0.0)	(16.0, 1.0)	(17.0, 1.0)	(18.0, 4.0)	(19.0, 17.0)	(20.0, 30.0)	(21.0, 52.0)	(22.0, 124.0)	(23.0, 188.0)	(24.0, 229.0)	(25.0, 295.0)	(26.0, 348.0)	(27.0, 443.0)	(28.0, 569.0)	(29.0, 712.0)	(30.0, 877.0)	(31.0, 1090.0)	(32.0, 1504.0)	(33.0, 2142.0)	(34.0, 3141.0)	(35.0, 5299.0)	(36.0, 11645.0)	(37.0, 28815.0)
681A0_S153_L001_R2_001	(2.0, 1.0)	(3.0, 0.0)	(4.0, 0.0)	(5.0, 0.0)	(6.0, 0.0)	(7.0, 0.0)	(8.0, 0.0)	(9.0, 0.0)	(10.0, 1.0)	(11.0, 3.0)	(12.0, 59.0)	(13.0, 229.0)	(14.0, 225.0)	(15.0, 129.0)	(16.0, 121.0)	(17.0, 145.0)	(18.0, 179.0)	(19.0, 261.0)	(20.0, 325.0)	(21.0, 440.0)	(22.0, 525.0)	(23.0, 666.0)	(24.0, 847.0)	(25.0, 1119.0)	(26.0, 1418.0)	(27.0, 1789.0)	(28.0, 2329.0)	(29.0, 3095.0)	(30.0, 4427.0)	(31.0, 5818.0)	(32.0, 8218.0)	(33.0, 10477.0)	(34.0, 10214.0)	(35.0, 4190.0)	(36.0, 274.0)	(37.0, 3.0)
681A14_S154_L001_R1_001	(2.0, 1.0)	(3.0, 0.0)	(4.0, 0.0)	(5.0, 0.0)	(6.0, 0.0)	(7.0, 0.0)	(8.0, 0.0)	(9.0, 0.0)	(10.0, 0.0)	(11.0, 0.0)	(12.0, 0.0)	(13.0, 0.0)	(14.0, 0.0)	(15.0, 0.0)	(16.0, 0.0)	(17.0, 0.0)	(18.0, 2.0)	(19.0, 10.0)	(20.0, 30.0)	(21.0, 52.0)	(22.0, 121.0)	(23.0, 144.0)	(24.0, 178.0)	(25.0, 197.0)	(26.0, 302.0)	(27.0, 380.0)	(28.0, 417.0)	(29.0, 498.0)	(30.0, 677.0)	(31.0, 901.0)	(32.0, 1267.0)	(33.0, 1760.0)	(34.0, 2474.0)	(35.0, 4299.0)	(36.0, 9149.0)	(37.0, 22412.0)
681A14_S154_L001_R2_001	(2.0, 1.0)	(3.0, 0.0)	(4.0, 0.0)	(5.0, 0.0)	(6.0, 0.0)	(7.0, 0.0)	(8.0, 0.0)	(9.0, 0.0)	(10.0, 0.0)	(11.0, 1.0)	(12.0, 55.0)	(13.0, 192.0)	(14.0, 200.0)	(15.0, 98.0)	(16.0, 71.0)	(17.0, 102.0)	(18.0, 147.0)	(19.0, 179.0)	(20.0, 232.0)	(21.0, 280.0)	(22.0, 363.0)	(23.0, 451.0)	(24.0, 580.0)	(25.0, 746.0)	(26.0, 970.0)	(27.0, 1329.0)	(28.0, 1747.0)	(29.0, 2304.0)	(30.0, 3205.0)	(31.0, 4251.0)	(32.0, 5882.0)	(33.0, 8181.0)	(34.0, 8757.0)	(35.0, 4578.0)	(36.0, 366.0)	(37.0, 3.0)
681B0_S155_L001_R1_001	(19.0, 6.0)	(20.0, 11.0)	(21.0, 53.0)	(22.0, 109.0)	(23.0, 156.0)	(24.0, 180.0)	(25.0, 199.0)	(26.0, 278.0)	(27.0, 290.0)	(28.0, 334.0)	(29.0, 414.0)	(30.0, 568.0)	(31.0, 734.0)	(32.0, 1021.0)	(33.0, 1356.0)	(34.0, 2154.0)	(35.0, 3557.0)	(36.0, 7939.0)	(37.0, 18696.0)																	
681B0_S155_L001_R2_001	(11.0, 3.0)	(12.0, 42.0)	(13.0, 168.0)	(14.0, 159.0)	(15.0, 80.0)	(16.0, 71.0)	(17.0, 106.0)	(18.0, 127.0)	(19.0, 164.0)	(20.0, 210.0)	(21.0, 263.0)	(22.0, 315.0)	(23.0, 419.0)	(24.0, 502.0)	(25.0, 683.0)	(26.0, 887.0)	(27.0, 1153.0)	(28.0, 1495.0)	(29.0, 2093.0)	(30.0, 2821.0)	(31.0, 3775.0)	(32.0, 5284.0)	(33.0, 7073.0)	(34.0, 6964.0)	(35.0, 3031.0)	(36.0, 162.0)	(37.0, 5.0)									
681B14_S156_L001_R1_001	(18.0, 3.0)	(19.0, 8.0)	(20.0, 27.0)	(21.0, 68.0)	(22.0, 118.0)	(23.0, 184.0)	(24.0, 215.0)	(25.0, 221.0)	(26.0, 264.0)	(27.0, 319.0)	(28.0, 365.0)	(29.0, 456.0)	(30.0, 635.0)	(31.0, 798.0)	(32.0, 1062.0)	(33.0, 1497.0)	(34.0, 2273.0)	(35.0, 3670.0)	(36.0, 7985.0)	(37.0, 17745.0)																
681B14_S156_L001_R2_001	(11.0, 2.0)	(12.0, 50.0)	(13.0, 158.0)	(14.0, 138.0)	(15.0, 82.0)	(16.0, 79.0)	(17.0, 114.0)	(18.0, 129.0)	(19.0, 196.0)	(20.0, 233.0)	(21.0, 288.0)	(22.0, 374.0)	(23.0, 434.0)	(24.0, 554.0)	(25.0, 756.0)	(26.0, 982.0)	(27.0, 1269.0)	(28.0, 1634.0)	(29.0, 2204.0)	(30.0, 2884.0)	(31.0, 3813.0)	(32.0, 5209.0)	(33.0, 6962.0)	(34.0, 6501.0)	(35.0, 2684.0)	(36.0, 180.0)	(37.0, 4.0)									
682A0_S145_L001_R1_001	(17.0, 2.0)	(18.0, 5.0)	(19.0, 12.0)	(20.0, 30.0)	(21.0, 88.0)	(22.0, 177.0)	(23.0, 275.0)	(24.0, 327.0)	(25.0, 376.0)	(26.0, 412.0)	(27.0, 500.0)	(28.0, 652.0)	(29.0, 789.0)	(30.0, 967.0)	(31.0, 1238.0)	(32.0, 1717.0)	(33.0, 2434.0)	(34.0, 3498.0)	(35.0, 5954.0)	(36.0, 12873.0)	(37.0, 26962.0)															
682A0_S145_L001_R2_001	(11.0, 7.0)	(12.0, 75.0)	(13.0, 273.0)	(14.0, 230.0)	(15.0, 126.0)	(16.0, 123.0)	(17.0, 156.0)	(18.0, 242.0)	(19.0, 287.0)	(20.0, 369.0)	(21.0, 485.0)	(22.0, 537.0)	(23.0, 710.0)	(24.0, 919.0)	(25.0, 1237.0)	(26.0, 1570.0)	(27.0, 2126.0)	(28.0, 2885.0)	(29.0, 3846.0)	(30.0, 5168.0)	(31.0, 6977.0)	(32.0, 8706.0)	(33.0, 9762.0)	(34.0, 8625.0)	(35.0, 3579.0)	(36.0, 262.0)	(37.0, 6.0)									
682A14_S146_L001_R1_001	(16.0, 2.0)	(17.0, 1.0)	(18.0, 1.0)	(19.0, 17.0)	(20.0, 30.0)	(21.0, 62.0)	(22.0, 138.0)	(23.0, 172.0)	(24.0, 197.0)	(25.0, 262.0)	(26.0, 321.0)	(27.0, 383.0)	(28.0, 424.0)	(29.0, 630.0)	(30.0, 724.0)	(31.0, 907.0)	(32.0, 1238.0)	(33.0, 1738.0)	(34.0, 2564.0)	(35.0, 4092.0)	(36.0, 9076.0)	(37.0, 20123.0)														
682A14_S146_L001_R2_001	(11.0, 2.0)	(12.0, 54.0)	(13.0, 193.0)	(14.0, 160.0)	(15.0, 91.0)	(16.0, 93.0)	(17.0, 103.0)	(18.0, 135.0)	(19.0, 190.0)	(20.0, 261.0)	(21.0, 307.0)	(22.0, 333.0)	(23.0, 477.0)	(24.0, 592.0)	(25.0, 823.0)	(26.0, 1080.0)	(27.0, 1378.0)	(28.0, 1862.0)	(29.0, 2405.0)	(30.0, 3403.0)	(31.0, 4641.0)	(32.0, 6119.0)	(33.0, 7523.0)	(34.0, 7326.0)	(35.0, 3282.0)	(36.0, 264.0)	(37.0, 5.0)									
682B0_S147_L001_R1_001	(16.0, 1.0)	(17.0, 1.0)	(18.0, 1.0)	(19.0, 13.0)	(20.0, 18.0)	(21.0, 55.0)	(22.0, 113.0)	(23.0, 199.0)	(24.0, 222.0)	(25.0, 244.0)	(26.0, 297.0)	(27.0, 405.0)	(28.0, 495.0)	(29.0, 576.0)	(30.0, 729.0)	(31.0, 1000.0)	(32.0, 1322.0)	(33.0, 1858.0)	(34.0, 2788.0)	(35.0, 4674.0)	(36.0, 10192.0)	(37.0, 24604.0)														
682B0_S147_L001_R2_001	(11.0, 1.0)	(12.0, 56.0)	(13.0, 199.0)	(14.0, 166.0)	(15.0, 95.0)	(16.0, 108.0)	(17.0, 125.0)	(18.0, 177.0)	(19.0, 215.0)	(20.0, 289.0)	(21.0, 360.0)	(22.0, 439.0)	(23.0, 523.0)	(24.0, 726.0)	(25.0, 956.0)	(26.0, 1180.0)	(27.0, 1593.0)	(28.0, 2101.0)	(29.0, 2849.0)	(30.0, 3956.0)	(31.0, 5357.0)	(32.0, 7194.0)	(33.0, 9123.0)	(34.0, 8386.0)	(35.0, 3394.0)	(36.0, 236.0)	(37.0, 3.0)									
682B14_S148_L001_R1_001	(18.0, 5.0)	(19.0, 12.0)	(20.0, 16.0)	(21.0, 60.0)	(22.0, 124.0)	(23.0, 151.0)	(24.0, 217.0)	(25.0, 206.0)	(26.0, 270.0)	(27.0, 367.0)	(28.0, 394.0)	(29.0, 486.0)	(30.0, 602.0)	(31.0, 814.0)	(32.0, 1014.0)	(33.0, 1370.0)	(34.0, 2080.0)	(35.0, 3369.0)	(36.0, 7263.0)	(37.0, 15877.0)																
682B14_S148_L001_R2_001	(11.0, 1.0)	(12.0, 53.0)	(13.0, 169.0)	(14.0, 129.0)	(15.0, 80.0)	(16.0, 85.0)	(17.0, 105.0)	(18.0, 133.0)	(19.0, 189.0)	(20.0, 251.0)	(21.0, 298.0)	(22.0, 367.0)	(23.0, 440.0)	(24.0, 604.0)	(25.0, 728.0)	(26.0, 984.0)	(27.0, 1231.0)	(28.0, 1662.0)	(29.0, 2171.0)	(30.0, 3070.0)	(31.0, 4071.0)	(32.0, 5140.0)	(33.0, 5877.0)	(34.0, 4924.0)	(35.0, 1820.0)	(36.0, 109.0)	(37.0, 6.0)									
688A0_S137_L001_R1_001	(18.0, 3.0)	(19.0, 3.0)	(20.0, 10.0)	(21.0, 43.0)	(22.0, 71.0)	(23.0, 109.0)	(24.0, 109.0)	(25.0, 136.0)	(26.0, 193.0)	(27.0, 238.0)	(28.0, 256.0)	(29.0, 319.0)	(30.0, 422.0)	(31.0, 549.0)	(32.0, 730.0)	(33.0, 1074.0)	(34.0, 1605.0)	(35.0, 2564.0)	(36.0, 5652.0)	(37.0, 12423.0)																
688A0_S137_L001_R2_001	(11.0, 4.0)	(12.0, 46.0)	(13.0, 132.0)	(14.0, 107.0)	(15.0, 60.0)	(16.0, 53.0)	(17.0, 80.0)	(18.0, 95.0)	(19.0, 131.0)	(20.0, 163.0)	(21.0, 201.0)	(22.0, 228.0)	(23.0, 306.0)	(24.0, 366.0)	(25.0, 470.0)	(26.0, 621.0)	(27.0, 803.0)	(28.0, 1036.0)	(29.0, 1360.0)	(30.0, 1999.0)	(31.0, 2663.0)	(32.0, 3568.0)	(33.0, 4773.0)	(34.0, 4835.0)	(35.0, 2204.0)	(36.0, 201.0)	(37.0, 4.0)									
688A14_S138_L001_R1_001	(17.0, 2.0)	(18.0, 2.0)	(19.0, 3.0)	(20.0, 11.0)	(21.0, 40.0)	(22.0, 93.0)	(23.0, 99.0)	(24.0, 100.0)	(25.0, 118.0)	(26.0, 148.0)	(27.0, 188.0)	(28.0, 263.0)	(29.0, 263.0)	(30.0, 399.0)	(31.0, 478.0)	(32.0, 706.0)	(33.0, 947.0)	(34.0, 1379.0)	(35.0, 2296.0)	(36.0, 4947.0)	(37.0, 10418.0)															
688A14_S138_L001_R2_001	(11.0, 1.0)	(12.0, 23.0)	(13.0, 98.0)	(14.0, 83.0)	(15.0, 38.0)	(16.0, 48.0)	(17.0, 48.0)	(18.0, 77.0)	(19.0, 87.0)	(20.0, 135.0)	(21.0, 134.0)	(22.0, 192.0)	(23.0, 285.0)	(24.0, 320.0)	(25.0, 398.0)	(26.0, 536.0)	(27.0, 676.0)	(28.0, 988.0)	(29.0, 1233.0)	(30.0, 1682.0)	(31.0, 2302.0)	(32.0, 3150.0)	(33.0, 4094.0)	(34.0, 4101.0)	(35.0, 1967.0)	(36.0, 201.0)	(37.0, 3.0)									
688B0_S139_L001_R1_001	(15.0, 1.0)	(16.0, 0.0)	(17.0, 0.0)	(18.0, 5.0)	(19.0, 8.0)	(20.0, 11.0)	(21.0, 41.0)	(22.0, 69.0)	(23.0, 104.0)	(24.0, 143.0)	(25.0, 179.0)	(26.0, 232.0)	(27.0, 285.0)	(28.0, 307.0)	(29.0, 382.0)	(30.0, 564.0)	(31.0, 678.0)	(32.0, 910.0)	(33.0, 1261.0)	(34.0, 1922.0)	(35.0, 3241.0)	(36.0, 6709.0)	(37.0, 15164.0)													
688B0_S139_L001_R2_001	(11.0, 1.0)	(12.0, 39.0)	(13.0, 131.0)	(14.0, 103.0)	(15.0, 69.0)	(16.0, 69.0)	(17.0, 106.0)	(18.0, 115.0)	(19.0, 184.0)	(20.0, 210.0)	(21.0, 267.0)	(22.0, 301.0)	(23.0, 399.0)	(24.0, 530.0)	(25.0, 620.0)	(26.0, 876.0)	(27.0, 1149.0)	(28.0, 1464.0)	(29.0, 2061.0)	(30.0, 2624.0)	(31.0, 3646.0)	(32.0, 4748.0)	(33.0, 5513.0)	(34.0, 5048.0)	(35.0, 1835.0)	(36.0, 107.0)	(37.0, 1.0)									
688B14_S140_L001_R1_001	(16.0, 1.0)	(17.0, 1.0)	(18.0, 5.0)	(19.0, 11.0)	(20.0, 19.0)	(21.0, 58.0)	(22.0, 103.0)	(23.0, 148.0)	(24.0, 160.0)	(25.0, 193.0)	(26.0, 245.0)	(27.0, 314.0)	(28.0, 377.0)	(29.0, 474.0)	(30.0, 599.0)	(31.0, 752.0)	(32.0, 1018.0)	(33.0, 1503.0)	(34.0, 2254.0)	(35.0, 3593.0)	(36.0, 7607.0)	(37.0, 14901.0)														
688B14_S140_L001_R2_001	(11.0, 5.0)	(12.0, 51.0)	(13.0, 160.0)	(14.0, 134.0)	(15.0, 76.0)	(16.0, 87.0)	(17.0, 113.0)	(18.0, 141.0)	(19.0, 181.0)	(20.0, 246.0)	(21.0, 298.0)	(22.0, 335.0)	(23.0, 451.0)	(24.0, 599.0)	(25.0, 824.0)	(26.0, 954.0)	(27.0, 1236.0)	(28.0, 1720.0)	(29.0, 2285.0)	(30.0, 3045.0)	(31.0, 3998.0)	(32.0, 5159.0)	(33.0, 5913.0)	(34.0, 4662.0)	(35.0, 1575.0)	(36.0, 87.0)	(37.0, 1.0)									
692A0_S157_L001_R1_001	(18.0, 2.0)	(19.0, 7.0)	(20.0, 10.0)	(21.0, 44.0)	(22.0, 82.0)	(23.0, 130.0)	(24.0, 142.0)	(25.0, 173.0)	(26.0, 238.0)	(27.0, 291.0)	(28.0, 322.0)	(29.0, 455.0)	(30.0, 521.0)	(31.0, 755.0)	(32.0, 1007.0)	(33.0, 1296.0)	(34.0, 2079.0)	(35.0, 3421.0)	(36.0, 7516.0)	(37.0, 17231.0)																
692A0_S157_L001_R2_001	(12.0, 49.0)	(13.0, 174.0)	(14.0, 141.0)	(15.0, 80.0)	(16.0, 54.0)	(17.0, 84.0)	(18.0, 126.0)	(19.0, 152.0)	(20.0, 201.0)	(21.0, 254.0)	(22.0, 336.0)	(23.0, 404.0)	(24.0, 498.0)	(25.0, 597.0)	(26.0, 862.0)	(27.0, 1214.0)	(28.0, 1555.0)	(29.0, 2026.0)	(30.0, 2816.0)	(31.0, 3684.0)	(32.0, 5156.0)	(33.0, 6600.0)	(34.0, 6182.0)	(35.0, 2321.0)	(36.0, 153.0)	(37.0, 3.0)										
692A14_S158_L001_R1_001	(18.0, 3.0)	(19.0, 7.0)	(20.0, 20.0)	(21.0, 51.0)	(22.0, 128.0)	(23.0, 165.0)	(24.0, 176.0)	(25.0, 192.0)	(26.0, 251.0)	(27.0, 281.0)	(28.0, 368.0)	(29.0, 458.0)	(30.0, 600.0)	(31.0, 771.0)	(32.0, 1029.0)	(33.0, 1464.0)	(34.0, 2060.0)	(35.0, 3494.0)	(36.0, 7659.0)	(37.0, 15543.0)																
692A14_S158_L001_R2_001	(11.0, 2.0)	(12.0, 45.0)	(13.0, 175.0)	(14.0, 155.0)	(15.0, 73.0)	(16.0, 81.0)	(17.0, 93.0)	(18.0, 114.0)	(19.0, 142.0)	(20.0, 183.0)	(21.0, 220.0)	(22.0, 293.0)	(23.0, 409.0)	(24.0, 501.0)	(25.0, 612.0)	(26.0, 792.0)	(27.0, 1024.0)	(28.0, 1426.0)	(29.0, 1921.0)	(30.0, 2588.0)	(31.0, 3523.0)	(32.0, 4826.0)	(33.0, 6345.0)	(34.0, 6274.0)	(35.0, 2707.0)	(36.0, 191.0)	(37.0, 5.0)									
692B0_S159_L001_R1_001	(18.0, 1.0)	(19.0, 10.0)	(20.0, 13.0)	(21.0, 46.0)	(22.0, 95.0)	(23.0, 118.0)	(24.0, 133.0)	(25.0, 189.0)	(26.0, 207.0)	(27.0, 266.0)	(28.0, 341.0)	(29.0, 410.0)	(30.0, 555.0)	(31.0, 666.0)	(32.0, 913.0)	(33.0, 1296.0)	(34.0, 1934.0)	(35.0, 3260.0)	(36.0, 6987.0)	(37.0, 15534.0)																
692B0_S159_L001_R2_001	(11.0, 2.0)	(12.0, 41.0)	(13.0, 145.0)	(14.0, 136.0)	(15.0, 71.0)	(16.0, 73.0)	(17.0, 99.0)	(18.0, 111.0)	(19.0, 129.0)	(20.0, 176.0)	(21.0, 242.0)	(22.0, 296.0)	(23.0, 381.0)	(24.0, 461.0)	(25.0, 567.0)	(26.0, 821.0)	(27.0, 1033.0)	(28.0, 1399.0)	(29.0, 1917.0)	(30.0, 2506.0)	(31.0, 3405.0)	(32.0, 4602.0)	(33.0, 5716.0)	(34.0, 5838.0)	(35.0, 2595.0)	(36.0, 205.0)	(37.0, 7.0)									
692B14_S160_L001_R1_001	(17.0, 1.0)	(18.0, 3.0)	(19.0, 4.0)	(20.0, 22.0)	(21.0, 43.0)	(22.0, 83.0)	(23.0, 145.0)	(24.0, 131.0)	(25.0, 197.0)	(26.0, 186.0)	(27.0, 243.0)	(28.0, 349.0)	(29.0, 372.0)	(30.0, 492.0)	(31.0, 688.0)	(32.0, 917.0)	(33.0, 1233.0)	(34.0, 1878.0)	(35.0, 3001.0)	(36.0, 6462.0)	(37.0, 12485.0)															
692B14_S160_L001_R2_001	(11.0, 3.0)	(12.0, 40.0)	(13.0, 137.0)	(14.0, 116.0)	(15.0, 67.0)	(16.0, 67.0)	(17.0, 108.0)	(18.0, 103.0)	(19.0, 164.0)	(20.0, 198.0)	(21.0, 224.0)	(22.0, 295.0)	(23.0, 368.0)	(24.0, 462.0)	(25.0, 550.0)	(26.0, 714.0)	(27.0, 963.0)	(28.0, 1351.0)	(29.0, 1615.0)	(30.0, 2150.0)	(31.0, 3006.0)	(32.0, 3887.0)	(33.0, 4968.0)	(34.0, 5020.0)	(35.0, 2204.0)	(36.0, 155.0)										
722A0_S149_L001_R1_001	(17.0, 1.0)	(18.0, 2.0)	(19.0, 4.0)	(20.0, 14.0)	(21.0, 50.0)	(22.0, 108.0)	(23.0, 121.0)	(24.0, 165.0)	(25.0, 229.0)	(26.0, 236.0)	(27.0, 290.0)	(28.0, 400.0)	(29.0, 495.0)	(30.0, 625.0)	(31.0, 725.0)	(32.0, 960.0)	(33.0, 1443.0)	(34.0, 2147.0)	(35.0, 3555.0)	(36.0, 7617.0)	(37.0, 15405.0)															
722A0_S149_L001_R2_001	(12.0, 42.0)	(13.0, 163.0)	(14.0, 140.0)	(15.0, 76.0)	(16.0, 70.0)	(17.0, 83.0)	(18.0, 102.0)	(19.0, 156.0)	(20.0, 195.0)	(21.0, 237.0)	(22.0, 291.0)	(23.0, 383.0)	(24.0, 524.0)	(25.0, 661.0)	(26.0, 839.0)	(27.0, 1114.0)	(28.0, 1521.0)	(29.0, 1990.0)	(30.0, 2795.0)	(31.0, 3686.0)	(32.0, 4848.0)	(33.0, 6043.0)	(34.0, 5770.0)	(35.0, 2656.0)	(36.0, 206.0)	(37.0, 1.0)										
722A14_S150_L001_R1_001	(17.0, 1.0)	(18.0, 3.0)	(19.0, 10.0)	(20.0, 21.0)	(21.0, 70.0)	(22.0, 137.0)	(23.0, 184.0)	(24.0, 185.0)	(25.0, 225.0)	(26.0, 270.0)	(27.0, 356.0)	(28.0, 427.0)	(29.0, 489.0)	(30.0, 595.0)	(31.0, 809.0)	(32.0, 1107.0)	(33.0, 1475.0)	(34.0, 2131.0)	(35.0, 3483.0)	(36.0, 7006.0)	(37.0, 10566.0)															
722A14_S150_L001_R2_001	(11.0, 1.0)	(12.0, 53.0)	(13.0, 154.0)	(14.0, 122.0)	(15.0, 75.0)	(16.0, 63.0)	(17.0, 98.0)	(18.0, 98.0)	(19.0, 128.0)	(20.0, 156.0)	(21.0, 192.0)	(22.0, 283.0)	(23.0, 344.0)	(24.0, 485.0)	(25.0, 611.0)	(26.0, 810.0)	(27.0, 1157.0)	(28.0, 1482.0)	(29.0, 1983.0)	(30.0, 2652.0)	(31.0, 3516.0)	(32.0, 4381.0)	(33.0, 4649.0)	(34.0, 4130.0)	(35.0, 1771.0)	(36.0, 154.0)	(37.0, 2.0)									
722B0_S151_L001_R1_001	(17.0, 1.0)	(18.0, 5.0)	(19.0, 10.0)	(20.0, 15.0)	(21.0, 47.0)	(22.0, 138.0)	(23.0, 202.0)	(24.0, 197.0)	(25.0, 246.0)	(26.0, 321.0)	(27.0, 340.0)	(28.0, 429.0)	(29.0, 530.0)	(30.0, 637.0)	(31.0, 797.0)	(32.0, 1167.0)	(33.0, 1556.0)	(34.0, 2331.0)	(35.0, 3817.0)	(36.0, 8045.0)	(37.0, 12543.0)															
722B0_S151_L001_R2_001	(9.0, 1.0)	(10.0, 0.0)	(11.0, 1.0)	(12.0, 40.0)	(13.0, 163.0)	(14.0, 134.0)	(15.0, 97.0)	(16.0, 91.0)	(17.0, 79.0)	(18.0, 108.0)	(19.0, 137.0)	(20.0, 187.0)	(21.0, 264.0)	(22.0, 316.0)	(23.0, 401.0)	(24.0, 502.0)	(25.0, 681.0)	(26.0, 960.0)	(27.0, 1244.0)	(28.0, 1631.0)	(29.0, 2147.0)	(30.0, 3040.0)	(31.0, 4116.0)	(32.0, 5008.0)	(33.0, 5093.0)	(34.0, 4501.0)	(35.0, 2223.0)	(36.0, 204.0)	(37.0, 5.0)							
722B14_S152_L001_R1_001	(17.0, 2.0)	(18.0, 3.0)	(19.0, 13.0)	(20.0, 21.0)	(21.0, 48.0)	(22.0, 79.0)	(23.0, 140.0)	(24.0, 132.0)	(25.0, 187.0)	(26.0, 196.0)	(27.0, 281.0)	(28.0, 362.0)	(29.0, 435.0)	(30.0, 520.0)	(31.0, 719.0)	(32.0, 938.0)	(33.0, 1268.0)	(34.0, 1853.0)	(35.0, 2971.0)	(36.0, 6370.0)	(37.0, 11163.0)															
722B14_S152_L001_R2_001	(11.0, 1.0)	(12.0, 38.0)	(13.0, 122.0)	(14.0, 97.0)	(15.0, 67.0)	(16.0, 66.0)	(17.0, 80.0)	(18.0, 125.0)	(19.0, 144.0)	(20.0, 192.0)	(21.0, 249.0)	(22.0, 302.0)	(23.0, 374.0)	(24.0, 508.0)	(25.0, 612.0)	(26.0, 860.0)	(27.0, 1038.0)	(28.0, 1405.0)	(29.0, 1863.0)	(30.0, 2466.0)	(31.0, 3128.0)	(32.0, 3939.0)	(33.0, 4581.0)	(34.0, 3806.0)	(35.0, 1545.0)	(36.0, 91.0)	(37.0, 2.0)									
727A0_S161_L001_R1_001	(18.0, 2.0)	(19.0, 5.0)	(20.0, 20.0)	(21.0, 39.0)	(22.0, 80.0)	(23.0, 126.0)	(24.0, 140.0)	(25.0, 185.0)	(26.0, 190.0)	(27.0, 258.0)	(28.0, 303.0)	(29.0, 401.0)	(30.0, 465.0)	(31.0, 616.0)	(32.0, 788.0)	(33.0, 1227.0)	(34.0, 1823.0)	(35.0, 2897.0)	(36.0, 6320.0)	(37.0, 15085.0)																
727A0_S161_L001_R2_001	(11.0, 1.0)	(12.0, 78.0)	(13.0, 185.0)	(14.0, 124.0)	(15.0, 84.0)	(16.0, 63.0)	(17.0, 108.0)	(18.0, 118.0)	(19.0, 170.0)	(20.0, 177.0)	(21.0, 271.0)	(22.0, 328.0)	(23.0, 447.0)	(24.0, 511.0)	(25.0, 637.0)	(26.0, 870.0)	(27.0, 1109.0)	(28.0, 1486.0)	(29.0, 1867.0)	(30.0, 2616.0)	(31.0, 3489.0)	(32.0, 4477.0)	(33.0, 5357.0)	(34.0, 4413.0)	(35.0, 1824.0)	(36.0, 151.0)	(37.0, 9.0)									
727A14_S162_L001_R1_001	(17.0, 1.0)	(18.0, 8.0)	(19.0, 9.0)	(20.0, 27.0)	(21.0, 41.0)	(22.0, 93.0)	(23.0, 130.0)	(24.0, 125.0)	(25.0, 147.0)	(26.0, 195.0)	(27.0, 209.0)	(28.0, 291.0)	(29.0, 359.0)	(30.0, 436.0)	(31.0, 598.0)	(32.0, 810.0)	(33.0, 1072.0)	(34.0, 1620.0)	(35.0, 2821.0)	(36.0, 6175.0)	(37.0, 13699.0)															
727A14_S162_L001_R2_001	(11.0, 6.0)	(12.0, 73.0)	(13.0, 208.0)	(14.0, 111.0)	(15.0, 84.0)	(16.0, 57.0)	(17.0, 84.0)	(18.0, 109.0)	(19.0, 127.0)	(20.0, 172.0)	(21.0, 220.0)	(22.0, 263.0)	(23.0, 339.0)	(24.0, 441.0)	(25.0, 618.0)	(26.0, 736.0)	(27.0, 1038.0)	(28.0, 1294.0)	(29.0, 1784.0)	(30.0, 2449.0)	(31.0, 3329.0)	(32.0, 4220.0)	(33.0, 4963.0)	(34.0, 4267.0)	(35.0, 1729.0)	(36.0, 140.0)	(37.0, 5.0)									
727B0_S163_L001_R1_001	(2.0, 1.0)	(3.0, 0.0)	(4.0, 0.0)	(5.0, 0.0)	(6.0, 0.0)	(7.0, 0.0)	(8.0, 0.0)	(9.0, 0.0)	(10.0, 0.0)	(11.0, 0.0)	(12.0, 0.0)	(13.0, 0.0)	(14.0, 0.0)	(15.0, 0.0)	(16.0, 0.0)	(17.0, 1.0)	(18.0, 3.0)	(19.0, 4.0)	(20.0, 19.0)	(21.0, 34.0)	(22.0, 99.0)	(23.0, 144.0)	(24.0, 165.0)	(25.0, 217.0)	(26.0, 227.0)	(27.0, 305.0)	(28.0, 308.0)	(29.0, 429.0)	(30.0, 555.0)	(31.0, 703.0)	(32.0, 915.0)	(33.0, 1284.0)	(34.0, 2008.0)	(35.0, 3273.0)	(36.0, 7234.0)	(37.0, 16096.0)
727B0_S163_L001_R2_001	(2.0, 1.0)	(3.0, 0.0)	(4.0, 0.0)	(5.0, 0.0)	(6.0, 0.0)	(7.0, 0.0)	(8.0, 0.0)	(9.0, 0.0)	(10.0, 0.0)	(11.0, 5.0)	(12.0, 83.0)	(13.0, 176.0)	(14.0, 151.0)	(15.0, 72.0)	(16.0, 74.0)	(17.0, 99.0)	(18.0, 132.0)	(19.0, 184.0)	(20.0, 225.0)	(21.0, 264.0)	(22.0, 352.0)	(23.0, 465.0)	(24.0, 615.0)	(25.0, 843.0)	(26.0, 1087.0)	(27.0, 1353.0)	(28.0, 1883.0)	(29.0, 2421.0)	(30.0, 3315.0)	(31.0, 4232.0)	(32.0, 5234.0)	(33.0, 5250.0)	(34.0, 4031.0)	(35.0, 1392.0)	(36.0, 80.0)	(37.0, 5.0)
727B14_S164_L001_R1_001	(18.0, 4.0)	(19.0, 11.0)	(20.0, 18.0)	(21.0, 47.0)	(22.0, 113.0)	(23.0, 164.0)	(24.0, 166.0)	(25.0, 197.0)	(26.0, 225.0)	(27.0, 274.0)	(28.0, 358.0)	(29.0, 450.0)	(30.0, 544.0)	(31.0, 683.0)	(32.0, 960.0)	(33.0, 1313.0)	(34.0, 2025.0)	(35.0, 3264.0)	(36.0, 7315.0)	(37.0, 16047.0)																
727B14_S164_L001_R2_001	(11.0, 4.0)	(12.0, 78.0)	(13.0, 221.0)	(14.0, 131.0)	(15.0, 97.0)	(16.0, 94.0)	(17.0, 114.0)	(18.0, 155.0)	(19.0, 218.0)	(20.0, 229.0)	(21.0, 328.0)	(22.0, 393.0)	(23.0, 511.0)	(24.0, 606.0)	(25.0, 800.0)	(26.0, 1054.0)	(27.0, 1383.0)	(28.0, 1847.0)	(29.0, 2382.0)	(30.0, 3166.0)	(31.0, 4008.0)	(32.0, 5056.0)	(33.0, 5407.0)	(34.0, 4286.0)	(35.0, 1526.0)	(36.0, 78.0)	(37.0, 6.0)									
