Sample	0	1	2	3	4	5	6	7	8	9	10	11	12	13	14	15	16	17	18	19	20	21	22	23	24	25	26	27	28	29	30	31	32	33	34	35	36	37	38	39	40	41	42	43	44	45	46	47	48	49	50	51	52	53	54	55	56	57	58	59	60	61	62	63	64	65	66	67	68	69	70	71	72	73	74	75	76	77	78	79	80	81	82	83	84	85	86	87	88	89	90	91	92	93	94	95	96	97	98	99	100
504A0_S1_L001_R1_001	(0.0, 0.01924752856386703)	(1.0, 0.009623764281933515)	(2.0, 0.0)	(3.0, 0.0)	(4.0, 0.0)	(5.0, 0.0)	(6.0, 0.0)	(7.0, 0.0)	(8.0, 0.0)	(9.0, 0.0)	(10.0, 0.0)	(11.0, 0.0)	(12.0, 0.0)	(13.0, 0.0)	(14.0, 0.0)	(15.0, 0.0)	(16.0, 0.0)	(17.0, 0.0)	(18.0, 0.0)	(19.0, 0.0)	(20.0, 0.0)	(21.0, 0.0)	(22.0, 0.0)	(23.0, 0.0)	(24.0, 0.0)	(25.0, 0.0)	(26.0, 0.0)	(27.0, 0.0)	(28.0, 0.0)	(29.0, 0.0)	(30.0, 0.0)	(31.0, 0.0)	(32.0, 0.0)	(33.0, 0.0)	(34.0, 0.0)	(35.0, 0.0)	(36.0, 0.0016039607136555858)	(37.0, 0.0016039607136555858)	(38.0, 0.0)	(39.0, 0.0037425749985296997)	(40.0, 0.0016039607136555858)	(41.0, 0.004811882140966757)	(42.0, 0.011762378566807629)	(43.0, 0.0112277249955891)	(44.0, 0.006415842854622343)	(45.0, 0.0016039607136555858)	(46.0, 0.017643567850211445)	(47.0, 0.05934654640525667)	(48.0, 0.09784160353299073)	(49.0, 0.2566337141848937)	(50.0, 1.8146142207156861)	(51.0, 9.626972203360825)	(52.0, 9.37087314274715)	(53.0, 13.189903601961092)	(54.0, 18.46586504274554)	(55.0, 15.509765447478294)	(56.0, 6.593347840266903)	(57.0, 4.327486005442782)	(58.0, 8.386041264562593)	(59.0, 5.572159519239603)	(60.0, 2.4326737490442953)	(61.0, 1.0965744745692025)	(62.0, 0.7923565925458592)	(63.0, 0.3919010677031815)	(64.0, 0.22615846062543757)	(65.0, 0.12029705352416893)	(66.0, 0.5148713890834431)	(67.0, 0.933505135347551)	(68.0, 0.09142576067836838)	(69.0, 0.01924752856386703)	(70.0, 0.016039607136555858)	(71.0, 0.0016039607136555858)	(72.0, 0.0016039607136555858)	(73.0, 0.0)	(74.0, 0.0)	(75.0, 0.0)	(76.0, 0.0)	(77.0, 0.0)	(78.0, 0.0)	(79.0, 0.0)	(80.0, 0.0)	(81.0, 0.0)	(82.0, 0.0)	(83.0, 0.0)	(84.0, 0.0)	(85.0, 0.0)	(86.0, 0.0)	(87.0, 0.0)	(88.0, 0.0)	(89.0, 0.0)	(90.0, 0.0)	(91.0, 0.0)	(92.0, 0.0)	(93.0, 0.0)	(94.0, 0.0)	(95.0, 0.0)	(96.0, 0.0)	(97.0, 0.0)	(98.0, 0.0)	(99.0, 0.0)	(100.0, 0.0)
504A0_S1_L001_R2_001	(0.0, 0.019334464757567275)	(1.0, 0.009667232378783638)	(2.0, 0.0)	(3.0, 0.0)	(4.0, 0.0)	(5.0, 0.0)	(6.0, 0.0)	(7.0, 0.0)	(8.0, 0.0)	(9.0, 0.0)	(10.0, 0.0)	(11.0, 0.0)	(12.0, 0.0)	(13.0, 0.0)	(14.0, 0.0)	(15.0, 0.0)	(16.0, 0.0)	(17.0, 0.0)	(18.0, 0.0)	(19.0, 0.0)	(20.0, 0.0)	(21.0, 0.0)	(22.0, 0.0)	(23.0, 0.0)	(24.0, 0.0)	(25.0, 0.0)	(26.0, 0.0)	(27.0, 0.0)	(28.0, 0.0)	(29.0, 0.0)	(30.0, 0.0)	(31.0, 0.00161120539646394)	(32.0, 0.0)	(33.0, 0.0)	(34.0, 0.00322241079292788)	(35.0, 0.00322241079292788)	(36.0, 0.0)	(37.0, 0.0)	(38.0, 0.00322241079292788)	(39.0, 0.00161120539646394)	(40.0, 0.00161120539646394)	(41.0, 0.010204300844271619)	(42.0, 0.01127843777524758)	(43.0, 0.016649122430127377)	(44.0, 0.01826032782659132)	(45.0, 0.012352574706223538)	(46.0, 0.033298244860254754)	(47.0, 0.07948613289222103)	(48.0, 0.20140067455799243)	(49.0, 0.3985048013920814)	(50.0, 1.0752110679069367)	(51.0, 3.8260757481363705)	(52.0, 14.084083438956691)	(53.0, 21.528389439085814)	(54.0, 21.240520741584152)	(55.0, 17.174912457840115)	(56.0, 6.552235278953357)	(57.0, 2.692324217491243)	(58.0, 3.0172506391114697)	(59.0, 2.2223893101892616)	(60.0, 1.0005585512041066)	(61.0, 0.43072890932136)	(62.0, 0.3431867494468192)	(63.0, 0.38722636361683355)	(64.0, 0.44147027863111954)	(65.0, 0.4479151002169754)	(66.0, 0.429654772390384)	(67.0, 0.7894906442673304)	(68.0, 0.776601001095619)	(69.0, 0.35446518722206677)	(70.0, 0.13050763711357913)	(71.0, 0.04833616189391819)	(72.0, 0.032224107929278795)	(73.0, 0.03383531332574274)	(74.0, 0.02255687555049516)	(75.0, 0.019334464757567275)	(76.0, 0.00161120539646394)	(77.0, 0.004833616189391819)	(78.0, 0.00322241079292788)	(79.0, 0.004833616189391819)	(80.0, 0.00644482158585576)	(81.0, 0.00322241079292788)	(82.0, 0.009667232378783638)	(83.0, 0.00644482158585576)	(84.0, 0.00322241079292788)	(85.0, 0.004833616189391819)	(86.0, 0.00322241079292788)	(87.0, 0.00644482158585576)	(88.0, 0.00322241079292788)	(89.0, 0.00161120539646394)	(90.0, 0.00161120539646394)	(91.0, 0.00161120539646394)	(92.0, 0.00161120539646394)	(93.0, 0.0)	(94.0, 0.0)	(95.0, 0.0)	(96.0, 0.0)	(97.0, 0.0)	(98.0, 0.0)	(99.0, 0.00161120539646394)	(100.0, 0.004296547723903839)
504A14_S2_L001_R1_001	(0.0, 0.007583992719366993)	(1.0, 0.0037919963596834967)	(2.0, 0.0)	(3.0, 0.0)	(4.0, 0.0)	(5.0, 0.0)	(6.0, 0.0)	(7.0, 0.0)	(8.0, 0.0)	(9.0, 0.0)	(10.0, 0.0)	(11.0, 0.0)	(12.0, 0.0)	(13.0, 0.0)	(14.0, 0.0)	(15.0, 0.0)	(16.0, 0.0)	(17.0, 0.0)	(18.0, 0.0)	(19.0, 0.0)	(20.0, 0.0)	(21.0, 0.0)	(22.0, 0.0)	(23.0, 0.0)	(24.0, 0.0)	(25.0, 0.0)	(26.0, 0.0)	(27.0, 0.0)	(28.0, 0.0)	(29.0, 0.0)	(30.0, 0.0)	(31.0, 0.0)	(32.0, 0.0)	(33.0, 0.0)	(34.0, 0.0)	(35.0, 0.0)	(36.0, 0.0)	(37.0, 0.0)	(38.0, 0.0)	(39.0, 0.0)	(40.0, 0.0)	(41.0, 0.0)	(42.0, 0.0)	(43.0, 0.0018959981798417483)	(44.0, 0.0037919963596834967)	(45.0, 0.017063983618575737)	(46.0, 0.032231969057309726)	(47.0, 0.1099678944308214)	(48.0, 0.15547185074702335)	(49.0, 0.23889577066006032)	(50.0, 1.6969183709583648)	(51.0, 8.334175999191046)	(52.0, 10.666885759789677)	(53.0, 9.787142604343103)	(54.0, 13.56839497434082)	(55.0, 12.523067977854737)	(56.0, 6.2782819728493156)	(57.0, 8.300680031347191)	(58.0, 16.608312056020257)	(59.0, 6.78135348990077)	(60.0, 2.100133983871381)	(61.0, 0.9214551154030893)	(62.0, 0.5713274515256469)	(63.0, 0.2142477943221176)	(64.0, 0.07773592537351168)	(65.0, 0.0701519326541447)	(66.0, 0.31852769421341376)	(67.0, 0.5403594812548983)	(68.0, 0.05308794903556896)	(69.0, 0.007583992719366993)	(70.0, 0.0018959981798417483)	(71.0, 0.0018959981798417483)	(72.0, 0.0018959981798417483)	(73.0, 0.0018959981798417483)	(74.0, 0.0018959981798417483)	(75.0, 0.0)	(76.0, 0.0)	(77.0, 0.0)	(78.0, 0.0)	(79.0, 0.0)	(80.0, 0.0)	(81.0, 0.0)	(82.0, 0.0)	(83.0, 0.0)	(84.0, 0.0)	(85.0, 0.0)	(86.0, 0.0)	(87.0, 0.0)	(88.0, 0.0)	(89.0, 0.0)	(90.0, 0.0)	(91.0, 0.0)	(92.0, 0.0)	(93.0, 0.0)	(94.0, 0.0)	(95.0, 0.0)	(96.0, 0.0)	(97.0, 0.0)	(98.0, 0.0)	(99.0, 0.0)	(100.0, 0.0)
504A14_S2_L001_R2_001	(0.0, 0.007653158841311766)	(1.0, 0.003826579420655883)	(2.0, 0.0)	(3.0, 0.0)	(4.0, 0.0)	(5.0, 0.0)	(6.0, 0.0)	(7.0, 0.0)	(8.0, 0.0)	(9.0, 0.0)	(10.0, 0.0)	(11.0, 0.0)	(12.0, 0.0)	(13.0, 0.0)	(14.0, 0.0)	(15.0, 0.0)	(16.0, 0.0)	(17.0, 0.0)	(18.0, 0.0)	(19.0, 0.0)	(20.0, 0.0)	(21.0, 0.0)	(22.0, 0.0)	(23.0, 0.0)	(24.0, 0.0)	(25.0, 0.0)	(26.0, 0.0)	(27.0, 0.0)	(28.0, 0.0)	(29.0, 0.0)	(30.0, 0.0)	(31.0, 0.0)	(32.0, 0.0)	(33.0, 0.0)	(34.0, 0.0)	(35.0, 0.0019132897103279415)	(36.0, 0.003826579420655883)	(37.0, 0.0019132897103279415)	(38.0, 0.004464342657431863)	(39.0, 0.003826579420655883)	(40.0, 0.003826579420655883)	(41.0, 0.003826579420655883)	(42.0, 0.007653158841311766)	(43.0, 0.007653158841311766)	(44.0, 0.011479738261967649)	(45.0, 0.02487276623426324)	(46.0, 0.04655671628464657)	(47.0, 0.12436383117131618)	(48.0, 0.24362555644842449)	(49.0, 0.33546346254416576)	(50.0, 0.8297299710455496)	(51.0, 3.4247885814870025)	(52.0, 12.445311802446342)	(53.0, 19.26108751387136)	(54.0, 20.33252975165503)	(55.0, 18.62587533004251)	(56.0, 8.135307848314408)	(57.0, 6.332351177948711)	(58.0, 3.91395298409419)	(59.0, 1.9439023456931885)	(60.0, 0.815699179836479)	(61.0, 0.33737675225449365)	(62.0, 0.23023252847612893)	(63.0, 0.22959476523935293)	(64.0, 0.30102424775826275)	(65.0, 0.26594726973558386)	(66.0, 0.32717254046607797)	(67.0, 0.5057462467633526)	(68.0, 0.47640913787165734)	(69.0, 0.20663528871541764)	(70.0, 0.06122527073049413)	(71.0, 0.030612635365247064)	(72.0, 0.005739869130983824)	(73.0, 0.007653158841311766)	(74.0, 0.005739869130983824)	(75.0, 0.011479738261967649)	(76.0, 0.015306317682623532)	(77.0, 0.007653158841311766)	(78.0, 0.007653158841311766)	(79.0, 0.01721960739295147)	(80.0, 0.005739869130983824)	(81.0, 0.003826579420655883)	(82.0, 0.003826579420655883)	(83.0, 0.005739869130983824)	(84.0, 0.011479738261967649)	(85.0, 0.005739869130983824)	(86.0, 0.0019132897103279415)	(87.0, 0.0019132897103279415)	(88.0, 0.0)	(89.0, 0.003826579420655883)	(90.0, 0.005739869130983824)	(91.0, 0.0)	(92.0, 0.0)	(93.0, 0.0)	(94.0, 0.0)	(95.0, 0.0)	(96.0, 0.0)	(97.0, 0.0)	(98.0, 0.0)	(99.0, 0.0)	(100.0, 0.0025510529471039216)
504B0_S3_L001_R1_001	(0.0, 0.007447680047665149)	(1.0, 0.0037238400238325743)	(2.0, 0.0)	(3.0, 0.0)	(4.0, 0.0)	(5.0, 0.0)	(6.0, 0.0)	(7.0, 0.0)	(8.0, 0.0)	(9.0, 0.0)	(10.0, 0.0)	(11.0, 0.0)	(12.0, 0.0)	(13.0, 0.0)	(14.0, 0.0)	(15.0, 0.0)	(16.0, 0.0)	(17.0, 0.0)	(18.0, 0.0)	(19.0, 0.0)	(20.0, 0.0)	(21.0, 0.0)	(22.0, 0.0)	(23.0, 0.0)	(24.0, 0.0)	(25.0, 0.0)	(26.0, 0.0)	(27.0, 0.0)	(28.0, 0.0)	(29.0, 0.0)	(30.0, 0.0)	(31.0, 0.0)	(32.0, 0.0)	(33.0, 0.0)	(34.0, 0.0)	(35.0, 0.0)	(36.0, 0.0)	(37.0, 0.0)	(38.0, 0.0)	(39.0, 0.0)	(40.0, 0.0)	(41.0, 0.0)	(42.0, 0.0)	(43.0, 0.0018619200119162872)	(44.0, 0.0018619200119162872)	(45.0, 0.0037238400238325743)	(46.0, 0.0037238400238325743)	(47.0, 0.007447680047665149)	(48.0, 0.01861920011916287)	(49.0, 0.08068320051637244)	(50.0, 1.096050247014721)	(51.0, 6.9269630843325585)	(52.0, 8.045356371490277)	(53.0, 10.426131426727236)	(54.0, 19.216876442988)	(55.0, 19.56133164519251)	(56.0, 5.650306596161961)	(57.0, 3.6214344231771722)	(58.0, 9.037139097837702)	(59.0, 5.762021796876996)	(60.0, 3.037412179439426)	(61.0, 1.3449268886075316)	(62.0, 1.0079193664506836)	(63.0, 0.5728507236662443)	(64.0, 0.44561952285196466)	(65.0, 0.2643926416921128)	(66.0, 1.3070678483652336)	(67.0, 2.2659566545021215)	(68.0, 0.23460192150145218)	(69.0, 0.029790720190660595)	(70.0, 0.007447680047665149)	(71.0, 0.009309600059581435)	(72.0, 0.0)	(73.0, 0.0)	(74.0, 0.0)	(75.0, 0.0)	(76.0, 0.0)	(77.0, 0.0)	(78.0, 0.0)	(79.0, 0.0)	(80.0, 0.0)	(81.0, 0.0)	(82.0, 0.0)	(83.0, 0.0)	(84.0, 0.0)	(85.0, 0.0)	(86.0, 0.0)	(87.0, 0.0)	(88.0, 0.0)	(89.0, 0.0)	(90.0, 0.0)	(91.0, 0.0)	(92.0, 0.0)	(93.0, 0.0)	(94.0, 0.0)	(95.0, 0.0)	(96.0, 0.0)	(97.0, 0.0)	(98.0, 0.0)	(99.0, 0.0)	(100.0, 0.0)
504B0_S3_L001_R2_001	(0.0, 0.007578006100294922)	(1.0, 0.003789003050147461)	(2.0, 0.0)	(3.0, 0.0)	(4.0, 0.0)	(5.0, 0.0)	(6.0, 0.0)	(7.0, 0.0)	(8.0, 0.0)	(9.0, 0.0)	(10.0, 0.0)	(11.0, 0.0)	(12.0, 0.0)	(13.0, 0.0)	(14.0, 0.0)	(15.0, 0.0)	(16.0, 0.0)	(17.0, 0.0)	(18.0, 0.0)	(19.0, 0.0)	(20.0, 0.0)	(21.0, 0.0)	(22.0, 0.0)	(23.0, 0.0)	(24.0, 0.0)	(25.0, 0.0)	(26.0, 0.0)	(27.0, 0.0)	(28.0, 0.0)	(29.0, 0.0)	(30.0, 0.0)	(31.0, 0.0)	(32.0, 0.0)	(33.0, 0.0)	(34.0, 0.0)	(35.0, 0.0)	(36.0, 0.0044205035585053705)	(37.0, 0.0044205035585053705)	(38.0, 0.003789003050147461)	(39.0, 0.007578006100294922)	(40.0, 0.011998509658800291)	(41.0, 0.011998509658800291)	(42.0, 0.003789003050147461)	(43.0, 0.003789003050147461)	(44.0, 0.009472507625368652)	(45.0, 0.015156012200589843)	(46.0, 0.024628519825958498)	(47.0, 0.027154521859390133)	(48.0, 0.0625185503274331)	(49.0, 0.252600203343164)	(50.0, 0.7451705998623331)	(51.0, 3.0362544441848254)	(52.0, 11.355010640783505)	(53.0, 17.2336488730873)	(54.0, 21.966745183229918)	(55.0, 20.79783774225941)	(56.0, 7.082909701742321)	(57.0, 2.8562767993028273)	(58.0, 3.29959015617008)	(59.0, 2.3782309144758895)	(60.0, 1.076076866241879)	(61.0, 0.5039374056696123)	(62.0, 0.3675332958643037)	(63.0, 0.4028973243323467)	(64.0, 0.5525629448131713)	(65.0, 0.661181032250732)	(66.0, 0.6895985551268379)	(67.0, 1.370356103136665)	(68.0, 1.7239963878170945)	(69.0, 0.8866267137345057)	(70.0, 0.2860697302861333)	(71.0, 0.07009655642772802)	(72.0, 0.03978453202654834)	(73.0, 0.030312024401179687)	(74.0, 0.011367009150442383)	(75.0, 0.018945015250737305)	(76.0, 0.020839516775811036)	(77.0, 0.003789003050147461)	(78.0, 0.007578006100294922)	(79.0, 0.007578006100294922)	(80.0, 0.007578006100294922)	(81.0, 0.011367009150442383)	(82.0, 0.005683504575221192)	(83.0, 0.003789003050147461)	(84.0, 0.005683504575221192)	(85.0, 0.007578006100294922)	(86.0, 0.0018945015250737304)	(87.0, 0.0018945015250737304)	(88.0, 0.0018945015250737304)	(89.0, 0.0018945015250737304)	(90.0, 0.0018945015250737304)	(91.0, 0.0)	(92.0, 0.003789003050147461)	(93.0, 0.003789003050147461)	(94.0, 0.0)	(95.0, 0.0)	(96.0, 0.0018945015250737304)	(97.0, 0.0018945015250737304)	(98.0, 0.0)	(99.0, 0.0)	(100.0, 0.0)
504B14_S4_L001_R1_001	(0.0, 0.0)	(1.0, 0.0)	(2.0, 0.0)	(3.0, 0.0)	(4.0, 0.0)	(5.0, 0.0)	(6.0, 0.0)	(7.0, 0.0)	(8.0, 0.0)	(9.0, 0.0)	(10.0, 0.0)	(11.0, 0.0)	(12.0, 0.0)	(13.0, 0.0)	(14.0, 0.0)	(15.0, 0.0)	(16.0, 0.0)	(17.0, 0.0)	(18.0, 0.0)	(19.0, 0.0)	(20.0, 0.0)	(21.0, 0.0)	(22.0, 0.0)	(23.0, 0.0)	(24.0, 0.0)	(25.0, 0.0)	(26.0, 0.0)	(27.0, 0.0)	(28.0, 0.0)	(29.0, 0.0)	(30.0, 0.0)	(31.0, 0.0)	(32.0, 0.0)	(33.0, 0.0)	(34.0, 0.0)	(35.0, 0.0)	(36.0, 0.0)	(37.0, 0.0)	(38.0, 0.0)	(39.0, 0.005248976449592323)	(40.0, 0.010497952899184647)	(41.0, 0.005248976449592323)	(42.0, 0.0026244882247961616)	(43.0, 0.0026244882247961616)	(44.0, 0.0)	(45.0, 0.0026244882247961616)	(46.0, 0.007873464674388484)	(47.0, 0.020995905798369293)	(48.0, 0.028869370472757776)	(49.0, 0.15834412289603508)	(50.0, 1.4810861881933002)	(51.0, 8.830528047030818)	(52.0, 10.293242817650546)	(53.0, 12.636910802393517)	(54.0, 13.828428456450972)	(55.0, 11.672848794485063)	(56.0, 6.104559610875869)	(57.0, 4.564859852328782)	(58.0, 5.438814431185871)	(59.0, 10.171641529901846)	(60.0, 5.959337929103805)	(61.0, 2.2518108968751083)	(62.0, 1.4268467648808463)	(63.0, 0.8870770199811026)	(64.0, 0.46453441578892063)	(65.0, 0.3333100045491125)	(66.0, 1.2545053714525651)	(67.0, 1.905378451202013)	(68.0, 0.21258354620848907)	(69.0, 0.023620394023165455)	(70.0, 0.010497952899184647)	(71.0, 0.0026244882247961616)	(72.0, 0.0)	(73.0, 0.0)	(74.0, 0.0)	(75.0, 0.0)	(76.0, 0.0)	(77.0, 0.0)	(78.0, 0.0)	(79.0, 0.0)	(80.0, 0.0)	(81.0, 0.0)	(82.0, 0.0)	(83.0, 0.0)	(84.0, 0.0)	(85.0, 0.0)	(86.0, 0.0)	(87.0, 0.0)	(88.0, 0.0)	(89.0, 0.0)	(90.0, 0.0)	(91.0, 0.0)	(92.0, 0.0)	(93.0, 0.0)	(94.0, 0.0)	(95.0, 0.0)	(96.0, 0.0)	(97.0, 0.0)	(98.0, 0.0)	(99.0, 0.0)	(100.0, 0.0)
504B14_S4_L001_R2_001	(0.0, 0.0)	(1.0, 0.0)	(2.0, 0.0)	(3.0, 0.0)	(4.0, 0.0)	(5.0, 0.0)	(6.0, 0.0)	(7.0, 0.0)	(8.0, 0.0)	(9.0, 0.0)	(10.0, 0.0)	(11.0, 0.0)	(12.0, 0.0)	(13.0, 0.0)	(14.0, 0.0)	(15.0, 0.0)	(16.0, 0.0)	(17.0, 0.0)	(18.0, 0.0)	(19.0, 0.0)	(20.0, 0.0)	(21.0, 0.0)	(22.0, 0.0)	(23.0, 0.0)	(24.0, 0.0)	(25.0, 0.0)	(26.0, 0.0)	(27.0, 0.0)	(28.0, 0.0)	(29.0, 0.0)	(30.0, 0.0)	(31.0, 0.0)	(32.0, 0.0)	(33.0, 0.0)	(34.0, 0.0)	(35.0, 0.0)	(36.0, 0.0)	(37.0, 0.0)	(38.0, 0.002654186093834327)	(39.0, 0.010616744375337307)	(40.0, 0.013270930469171636)	(41.0, 0.014155659167116412)	(42.0, 0.008847286979447757)	(43.0, 0.010616744375337307)	(44.0, 0.019464031354785066)	(45.0, 0.0256571322403985)	(46.0, 0.022118217448619394)	(47.0, 0.07077829583558204)	(48.0, 0.1335940333896612)	(49.0, 0.35123729308407564)	(50.0, 1.2625078519671933)	(51.0, 5.050031407868771)	(52.0, 13.865468154190516)	(53.0, 17.52912969237982)	(54.0, 15.776482141751227)	(55.0, 10.786612285342708)	(56.0, 5.2535190083960766)	(57.0, 3.9308496049686377)	(58.0, 8.169584796822061)	(59.0, 6.622194304116647)	(60.0, 2.617027488520647)	(61.0, 0.9732015677392531)	(62.0, 0.5157968309018044)	(63.0, 0.5184510169956386)	(64.0, 0.6095780728839505)	(65.0, 0.6449672208017416)	(66.0, 0.8166045882030281)	(67.0, 1.490767856036947)	(68.0, 1.5296959187465173)	(69.0, 0.737863734085943)	(70.0, 0.2733811676649357)	(71.0, 0.10351325765953875)	(72.0, 0.06635465234585818)	(73.0, 0.03981279140751491)	(74.0, 0.021233488750674614)	(75.0, 0.023887674844508943)	(76.0, 0.00796255828150298)	(77.0, 0.010616744375337307)	(78.0, 0.010616744375337307)	(79.0, 0.005308372187668654)	(80.0, 0.002654186093834327)	(81.0, 0.005308372187668654)	(82.0, 0.002654186093834327)	(83.0, 0.005308372187668654)	(84.0, 0.005308372187668654)	(85.0, 0.005308372187668654)	(86.0, 0.002654186093834327)	(87.0, 0.002654186093834327)	(88.0, 0.005308372187668654)	(89.0, 0.00796255828150298)	(90.0, 0.005308372187668654)	(91.0, 0.0)	(92.0, 0.0)	(93.0, 0.0)	(94.0, 0.0)	(95.0, 0.0)	(96.0, 0.0)	(97.0, 0.0)	(98.0, 0.0)	(99.0, 0.0)	(100.0, 0.003538914791779103)
508A0_S9_L001_R1_001	(0.0, 0.015463917525773203)	(1.0, 0.007731958762886602)	(2.0, 0.0)	(3.0, 0.0)	(4.0, 0.0)	(5.0, 0.0)	(6.0, 0.0)	(7.0, 0.0)	(8.0, 0.0)	(9.0, 0.0)	(10.0, 0.0)	(11.0, 0.0)	(12.0, 0.0)	(13.0, 0.0)	(14.0, 0.0)	(15.0, 0.0)	(16.0, 0.0)	(17.0, 0.0)	(18.0, 0.0)	(19.0, 0.0)	(20.0, 0.0)	(21.0, 0.0)	(22.0, 0.0)	(23.0, 0.0)	(24.0, 0.0)	(25.0, 0.0)	(26.0, 0.0)	(27.0, 0.0)	(28.0, 0.0)	(29.0, 0.0)	(30.0, 0.0)	(31.0, 0.0)	(32.0, 0.0)	(33.0, 0.0)	(34.0, 0.0)	(35.0, 0.0)	(36.0, 0.0)	(37.0, 0.0)	(38.0, 0.0)	(39.0, 0.0)	(40.0, 0.0)	(41.0, 0.003865979381443301)	(42.0, 0.0115979381443299)	(43.0, 0.0115979381443299)	(44.0, 0.00579896907216495)	(45.0, 0.0019329896907216504)	(46.0, 0.0541237113402062)	(47.0, 1.8498711340206193)	(48.0, 2.5960051546391765)	(49.0, 1.048969072164949)	(50.0, 2.471005154639176)	(51.0, 9.57731958762887)	(52.0, 14.292525773195877)	(53.0, 15.224226804123697)	(54.0, 21.840206185567045)	(55.0, 15.31185567010307)	(56.0, 5.454896907216505)	(57.0, 3.0444587628865962)	(58.0, 4.344072164948443)	(59.0, 1.4980670103092821)	(60.0, 0.5457474226804127)	(61.0, 0.24291237113402067)	(62.0, 0.14755154639175266)	(63.0, 0.11404639175257736)	(64.0, 0.0541237113402062)	(65.0, 0.015463917525773203)	(66.0, 0.07925257731958765)	(67.0, 0.11404639175257736)	(68.0, 0.019329896907216502)	(69.0, 0.0)	(70.0, 0.0)	(71.0, 0.0019329896907216504)	(72.0, 0.0)	(73.0, 0.0)	(74.0, 0.0)	(75.0, 0.0)	(76.0, 0.0)	(77.0, 0.0)	(78.0, 0.0)	(79.0, 0.0)	(80.0, 0.0)	(81.0, 0.0)	(82.0, 0.0)	(83.0, 0.0)	(84.0, 0.0)	(85.0, 0.0)	(86.0, 0.0)	(87.0, 0.0)	(88.0, 0.0)	(89.0, 0.0)	(90.0, 0.0)	(91.0, 0.0)	(92.0, 0.0)	(93.0, 0.0)	(94.0, 0.0)	(95.0, 0.0)	(96.0, 0.0)	(97.0, 0.0)	(98.0, 0.0)	(99.0, 0.0)	(100.0, 0.0)
508A0_S9_L001_R2_001	(0.0, 0.015353612897034831)	(1.0, 0.0076768064485174155)	(2.0, 0.0)	(3.0, 0.0)	(4.0, 0.0)	(5.0, 0.0)	(6.0, 0.0)	(7.0, 0.0)	(8.0, 0.0)	(9.0, 0.0)	(10.0, 0.0)	(11.0, 0.0)	(12.0, 0.0)	(13.0, 0.0)	(14.0, 0.0)	(15.0, 0.0)	(16.0, 0.0)	(17.0, 0.0)	(18.0, 0.0)	(19.0, 0.0)	(20.0, 0.0)	(21.0, 0.0)	(22.0, 0.0)	(23.0, 0.0)	(24.0, 0.0)	(25.0, 0.0)	(26.0, 0.0)	(27.0, 0.0)	(28.0, 0.0)	(29.0, 0.0)	(30.0, 0.0)	(31.0, 0.0)	(32.0, 0.0)	(33.0, 0.0)	(34.0, 0.0019192016121293539)	(35.0, 0.0019192016121293539)	(36.0, 0.0038384032242587077)	(37.0, 0.0)	(38.0, 0.0)	(39.0, 0.0019192016121293539)	(40.0, 0.005757604836388062)	(41.0, 0.01599334676774462)	(42.0, 0.016633080638454402)	(43.0, 0.04030323385471642)	(44.0, 0.027508556440520734)	(45.0, 0.07101045964878608)	(46.0, 0.1957585644371941)	(47.0, 1.5954962735502036)	(48.0, 4.429517320794546)	(49.0, 2.9817995713783048)	(50.0, 2.523110386079389)	(51.0, 5.138982183411708)	(52.0, 13.074880849566506)	(53.0, 21.504654063909467)	(54.0, 23.165403192272052)	(55.0, 15.006237405239403)	(56.0, 5.444774973610977)	(57.0, 1.7413555960720337)	(58.0, 0.9097015641493136)	(59.0, 0.5290599110769919)	(60.0, 0.2578127498960432)	(61.0, 0.17528708057448097)	(62.0, 0.15225666122892875)	(63.0, 0.17784601605732012)	(64.0, 0.15545533058247768)	(65.0, 0.13114544349550586)	(66.0, 0.09084220964078943)	(67.0, 0.11131369350350254)	(68.0, 0.11387262898634165)	(69.0, 0.07165019351949588)	(70.0, 0.030707225794069662)	(71.0, 0.0019192016121293539)	(72.0, 0.011515209672776123)	(73.0, 0.015353612897034831)	(74.0, 0.011515209672776123)	(75.0, 0.009596008060646768)	(76.0, 0.0038384032242587077)	(77.0, 0.0038384032242587077)	(78.0, 0.0038384032242587077)	(79.0, 0.0019192016121293539)	(80.0, 0.0038384032242587077)	(81.0, 0.0038384032242587077)	(82.0, 0.0)	(83.0, 0.0)	(84.0, 0.0)	(85.0, 0.0019192016121293539)	(86.0, 0.0019192016121293539)	(87.0, 0.0019192016121293539)	(88.0, 0.0)	(89.0, 0.0)	(90.0, 0.0)	(91.0, 0.0)	(92.0, 0.0)	(93.0, 0.0)	(94.0, 0.0)	(95.0, 0.0)	(96.0, 0.0)	(97.0, 0.0)	(98.0, 0.0)	(99.0, 0.0019192016121293539)	(100.0, 0.0025589354828391385)
508A14_S10_L001_R1_001	(0.0, 0.007926756767468592)	(1.0, 0.003963378383734296)	(2.0, 0.0)	(3.0, 0.0)	(4.0, 0.0)	(5.0, 0.0)	(6.0, 0.0)	(7.0, 0.0)	(8.0, 0.0)	(9.0, 0.0)	(10.0, 0.0)	(11.0, 0.0)	(12.0, 0.0)	(13.0, 0.0)	(14.0, 0.0)	(15.0, 0.0)	(16.0, 0.0)	(17.0, 0.0)	(18.0, 0.0)	(19.0, 0.0)	(20.0, 0.0)	(21.0, 0.0)	(22.0, 0.0)	(23.0, 0.0)	(24.0, 0.0)	(25.0, 0.0)	(26.0, 0.001981689191867148)	(27.0, 0.0)	(28.0, 0.0)	(29.0, 0.0)	(30.0, 0.0)	(31.0, 0.0)	(32.0, 0.0)	(33.0, 0.0)	(34.0, 0.0)	(35.0, 0.0)	(36.0, 0.0)	(37.0, 0.0)	(38.0, 0.0)	(39.0, 0.0)	(40.0, 0.0)	(41.0, 0.003963378383734296)	(42.0, 0.007926756767468592)	(43.0, 0.005945067575601443)	(44.0, 0.011890135151202887)	(45.0, 0.013871824343070034)	(46.0, 0.047560540604811546)	(47.0, 1.0225516230034484)	(48.0, 1.65140765988929)	(49.0, 0.7728587848281876)	(50.0, 1.658013290528847)	(51.0, 8.8634351921578)	(52.0, 11.369611456805782)	(53.0, 16.30864148600266)	(54.0, 24.160094064180328)	(55.0, 17.108583356453025)	(56.0, 6.62875034679563)	(57.0, 3.6938686536403558)	(58.0, 4.413221830288128)	(59.0, 1.3158416233997872)	(60.0, 0.281399865245135)	(61.0, 0.1750492119482647)	(62.0, 0.08719432444215451)	(63.0, 0.10304783797709167)	(64.0, 0.03963378383734296)	(65.0, 0.01783520272680433)	(66.0, 0.07728587848281876)	(67.0, 0.12682810827949748)	(68.0, 0.01783520272680433)	(69.0, 0.0)	(70.0, 0.0)	(71.0, 0.0)	(72.0, 0.0)	(73.0, 0.0)	(74.0, 0.0)	(75.0, 0.001981689191867148)	(76.0, 0.0)	(77.0, 0.0)	(78.0, 0.0)	(79.0, 0.0)	(80.0, 0.0)	(81.0, 0.0)	(82.0, 0.0)	(83.0, 0.0)	(84.0, 0.0)	(85.0, 0.0)	(86.0, 0.0)	(87.0, 0.0)	(88.0, 0.0)	(89.0, 0.0)	(90.0, 0.0)	(91.0, 0.0)	(92.0, 0.0)	(93.0, 0.0)	(94.0, 0.0)	(95.0, 0.0)	(96.0, 0.0)	(97.0, 0.0)	(98.0, 0.0)	(99.0, 0.0)	(100.0, 0.0)
508A14_S10_L001_R2_001	(0.0, 0.007866067097552342)	(1.0, 0.003933033548776171)	(2.0, 0.0)	(3.0, 0.0)	(4.0, 0.0)	(5.0, 0.0)	(6.0, 0.0)	(7.0, 0.0)	(8.0, 0.0)	(9.0, 0.0)	(10.0, 0.0)	(11.0, 0.0)	(12.0, 0.0)	(13.0, 0.0)	(14.0, 0.0)	(15.0, 0.0)	(16.0, 0.0)	(17.0, 0.0)	(18.0, 0.0)	(19.0, 0.0)	(20.0, 0.0)	(21.0, 0.0)	(22.0, 0.0)	(23.0, 0.0)	(24.0, 0.0)	(25.0, 0.0)	(26.0, 0.0)	(27.0, 0.0)	(28.0, 0.0)	(29.0, 0.0019665167743880855)	(30.0, 0.0)	(31.0, 0.0)	(32.0, 0.0019665167743880855)	(33.0, 0.0019665167743880855)	(34.0, 0.0019665167743880855)	(35.0, 0.0019665167743880855)	(36.0, 0.011799100646328513)	(37.0, 0.009177078280477733)	(38.0, 0.009832583871940428)	(39.0, 0.0019665167743880855)	(40.0, 0.007866067097552342)	(41.0, 0.003933033548776171)	(42.0, 0.008521572689015038)	(43.0, 0.024909212475582417)	(44.0, 0.022287190109731635)	(45.0, 0.0412968522621498)	(46.0, 0.10029235549379237)	(47.0, 0.7997168215844881)	(48.0, 2.233963055704866)	(49.0, 1.6957929651139938)	(50.0, 1.771176108132206)	(51.0, 5.066402716415173)	(52.0, 14.855723219318959)	(53.0, 23.984949591620097)	(54.0, 23.88334622494333)	(55.0, 15.167743880855289)	(56.0, 5.948057736932497)	(57.0, 1.8957221705101148)	(58.0, 0.7793961482491446)	(59.0, 0.3874038045544529)	(60.0, 0.19730718303027128)	(61.0, 0.13175662388400175)	(62.0, 0.12651257915230021)	(63.0, 0.1002923554937924)	(64.0, 0.13110111829253904)	(65.0, 0.0963593219450162)	(66.0, 0.09045977162185194)	(67.0, 0.1101249393657328)	(68.0, 0.12585707356083747)	(69.0, 0.06686157032919492)	(70.0, 0.015732134195104684)	(71.0, 0.011799100646328513)	(72.0, 0.005899550323164257)	(73.0, 0.0)	(74.0, 0.005899550323164257)	(75.0, 0.005899550323164257)	(76.0, 0.007866067097552342)	(77.0, 0.003933033548776171)	(78.0, 0.0)	(79.0, 0.003933033548776171)	(80.0, 0.003933033548776171)	(81.0, 0.0)	(82.0, 0.0)	(83.0, 0.0)	(84.0, 0.0019665167743880855)	(85.0, 0.0019665167743880855)	(86.0, 0.0)	(87.0, 0.003933033548776171)	(88.0, 0.0)	(89.0, 0.0019665167743880855)	(90.0, 0.003933033548776171)	(91.0, 0.003933033548776171)	(92.0, 0.003933033548776171)	(93.0, 0.0019665167743880855)	(94.0, 0.0019665167743880855)	(95.0, 0.0)	(96.0, 0.0)	(97.0, 0.0)	(98.0, 0.0)	(99.0, 0.0)	(100.0, 0.0)
508B0_S11_L001_R1_001	(0.0, 0.02269353328857666)	(1.0, 0.01134676664428833)	(2.0, 0.0)	(3.0, 0.0)	(4.0, 0.0)	(5.0, 0.0)	(6.0, 0.0)	(7.0, 0.0)	(8.0, 0.0)	(9.0, 0.0)	(10.0, 0.0)	(11.0, 0.0)	(12.0, 0.0)	(13.0, 0.0)	(14.0, 0.0)	(15.0, 0.0)	(16.0, 0.0)	(17.0, 0.0)	(18.0, 0.0)	(19.0, 0.0)	(20.0, 0.0)	(21.0, 0.0)	(22.0, 0.0)	(23.0, 0.0)	(24.0, 0.0)	(25.0, 0.0)	(26.0, 0.0)	(27.0, 0.0)	(28.0, 0.0)	(29.0, 0.0)	(30.0, 0.0)	(31.0, 0.0)	(32.0, 0.0)	(33.0, 0.0)	(34.0, 0.0)	(35.0, 0.0)	(36.0, 0.0)	(37.0, 0.0)	(38.0, 0.0037822555480961097)	(39.0, 0.0)	(40.0, 0.0)	(41.0, 0.0)	(42.0, 0.0)	(43.0, 0.0028366916610720826)	(44.0, 0.005673383322144165)	(45.0, 0.006618947209168192)	(46.0, 0.017965713853456522)	(47.0, 0.20707849125826203)	(48.0, 0.2638123244797037)	(49.0, 0.2628667605926796)	(50.0, 1.6651380050493128)	(51.0, 8.42119197783599)	(52.0, 10.73120455383569)	(53.0, 17.572359276454524)	(54.0, 22.941271026976935)	(55.0, 16.830091625140657)	(56.0, 7.425513204799687)	(57.0, 3.4966952542148517)	(58.0, 5.713097005399134)	(59.0, 2.01594220713523)	(60.0, 0.5200601378632151)	(61.0, 0.44063277135319684)	(62.0, 0.36687878816532266)	(63.0, 0.1758748829864691)	(64.0, 0.06524390820465789)	(65.0, 0.06240721654358582)	(66.0, 0.25813894115755953)	(67.0, 0.4396872074661728)	(68.0, 0.0482237582382254)	(69.0, 0.0028366916610720826)	(70.0, 0.0028366916610720826)	(71.0, 0.0)	(72.0, 0.0)	(73.0, 0.0)	(74.0, 0.0)	(75.0, 0.0)	(76.0, 0.0)	(77.0, 0.0)	(78.0, 0.0)	(79.0, 0.0)	(80.0, 0.0)	(81.0, 0.0)	(82.0, 0.0)	(83.0, 0.0)	(84.0, 0.0)	(85.0, 0.0)	(86.0, 0.0)	(87.0, 0.0)	(88.0, 0.0)	(89.0, 0.0)	(90.0, 0.0)	(91.0, 0.0)	(92.0, 0.0)	(93.0, 0.0)	(94.0, 0.0)	(95.0, 0.0)	(96.0, 0.0)	(97.0, 0.0)	(98.0, 0.0)	(99.0, 0.0)	(100.0, 0.0)
508B0_S11_L001_R2_001	(0.0, 0.02252696195759303)	(1.0, 0.011263480978796515)	(2.0, 0.0)	(3.0, 0.0)	(4.0, 0.0)	(5.0, 0.0)	(6.0, 0.0)	(7.0, 0.0)	(8.0, 0.0)	(9.0, 0.0)	(10.0, 0.0)	(11.0, 0.0)	(12.0, 0.0)	(13.0, 0.0)	(14.0, 0.0)	(15.0, 0.0)	(16.0, 0.0)	(17.0, 0.0)	(18.0, 0.0)	(19.0, 0.0)	(20.0, 0.0)	(21.0, 0.0)	(22.0, 0.0)	(23.0, 0.0)	(24.0, 0.0)	(25.0, 0.0)	(26.0, 0.0)	(27.0, 0.0)	(28.0, 0.0)	(29.0, 0.0037544936595988385)	(30.0, 0.0)	(31.0, 0.0)	(32.0, 0.002815870244699129)	(33.0, 0.0)	(34.0, 0.002815870244699129)	(35.0, 0.002815870244699129)	(36.0, 0.0)	(37.0, 0.0)	(38.0, 0.0)	(39.0, 0.011263480978796515)	(40.0, 0.005631740489398258)	(41.0, 0.012202104393696223)	(42.0, 0.007508987319197677)	(43.0, 0.012202104393696223)	(44.0, 0.009386234148997094)	(45.0, 0.023465585372492742)	(46.0, 0.06288776879828054)	(47.0, 0.20743577469283578)	(48.0, 0.5209359952693389)	(49.0, 0.6607908840893957)	(50.0, 2.0283651995982734)	(51.0, 6.4370793793822)	(52.0, 15.227287659917957)	(53.0, 23.271290325608405)	(54.0, 23.275983442682975)	(55.0, 16.29919559973346)	(56.0, 6.17520344662519)	(57.0, 1.8838171937037171)	(58.0, 0.7649780831432634)	(59.0, 0.38295835327908156)	(60.0, 0.23747172396962657)	(61.0, 0.18397018932034306)	(62.0, 0.16144322736275005)	(63.0, 0.2346558537249274)	(64.0, 0.2693849200762166)	(65.0, 0.21682200884183292)	(66.0, 0.2252696195759303)	(67.0, 0.400792198162176)	(68.0, 0.38108110644928206)	(69.0, 0.1642590976074492)	(70.0, 0.06570363904297967)	(71.0, 0.02815870244699129)	(72.0, 0.02252696195759303)	(73.0, 0.014079351223495644)	(74.0, 0.008447610734097387)	(75.0, 0.008447610734097387)	(76.0, 0.002815870244699129)	(77.0, 0.0)	(78.0, 0.002815870244699129)	(79.0, 0.0)	(80.0, 0.002815870244699129)	(81.0, 0.0)	(82.0, 0.005631740489398258)	(83.0, 0.005631740489398258)	(84.0, 0.002815870244699129)	(85.0, 0.005631740489398258)	(86.0, 0.005631740489398258)	(87.0, 0.0)	(88.0, 0.002815870244699129)	(89.0, 0.002815870244699129)	(90.0, 0.0)	(91.0, 0.002815870244699129)	(92.0, 0.002815870244699129)	(93.0, 0.0)	(94.0, 0.0)	(95.0, 0.0)	(96.0, 0.002815870244699129)	(97.0, 0.0)	(98.0, 0.0)	(99.0, 0.0)	(100.0, 0.0037544936595988385)
508B14_S12_L001_R1_001	(0.0, 0.011466465366496908)	(1.0, 0.005733232683248454)	(2.0, 0.0)	(3.0, 0.0)	(4.0, 0.0)	(5.0, 0.0)	(6.0, 0.0)	(7.0, 0.0)	(8.0, 0.0)	(9.0, 0.0)	(10.0, 0.0)	(11.0, 0.0)	(12.0, 0.0)	(13.0, 0.0)	(14.0, 0.0)	(15.0, 0.0)	(16.0, 0.0)	(17.0, 0.0)	(18.0, 0.0)	(19.0, 0.0)	(20.0, 0.0)	(21.0, 0.0)	(22.0, 0.0)	(23.0, 0.0)	(24.0, 0.0)	(25.0, 0.0)	(26.0, 0.0)	(27.0, 0.0)	(28.0, 0.0)	(29.0, 0.0)	(30.0, 0.0)	(31.0, 0.0)	(32.0, 0.0)	(33.0, 0.0)	(34.0, 0.0)	(35.0, 0.0)	(36.0, 0.0)	(37.0, 0.0)	(38.0, 0.005733232683248454)	(39.0, 0.005733232683248454)	(40.0, 0.0)	(41.0, 0.008599849024872682)	(42.0, 0.011466465366496908)	(43.0, 0.005733232683248454)	(44.0, 0.002866616341624227)	(45.0, 0.002866616341624227)	(46.0, 0.02866616341624227)	(47.0, 0.47585831270962164)	(48.0, 0.934516927369498)	(49.0, 0.7281205507725537)	(50.0, 1.9664988103542198)	(51.0, 10.048445816173457)	(52.0, 11.85250303383564)	(53.0, 13.855312317850432)	(54.0, 23.099194480807984)	(55.0, 14.818495408636167)	(56.0, 6.172780522297492)	(57.0, 3.6195809006908575)	(58.0, 5.845030720571762)	(59.0, 2.152828872559798)	(60.0, 0.8408741268764399)	(61.0, 0.780675183702331)	(62.0, 0.5790565010080939)	(63.0, 0.2665953197710531)	(64.0, 0.12039788634821753)	(65.0, 0.10033157195684796)	(66.0, 0.5561235702751)	(67.0, 0.9287836946862496)	(68.0, 0.13186435171471445)	(69.0, 0.03439939609949073)	(70.0, 0.002866616341624227)	(71.0, 0.0)	(72.0, 0.0)	(73.0, 0.0)	(74.0, 0.0)	(75.0, 0.0)	(76.0, 0.0)	(77.0, 0.0)	(78.0, 0.0)	(79.0, 0.0)	(80.0, 0.0)	(81.0, 0.0)	(82.0, 0.0)	(83.0, 0.0)	(84.0, 0.0)	(85.0, 0.0)	(86.0, 0.0)	(87.0, 0.0)	(88.0, 0.0)	(89.0, 0.0)	(90.0, 0.0)	(91.0, 0.0)	(92.0, 0.0)	(93.0, 0.0)	(94.0, 0.0)	(95.0, 0.0)	(96.0, 0.0)	(97.0, 0.0)	(98.0, 0.0)	(99.0, 0.0)	(100.0, 0.0)
508B14_S12_L001_R2_001	(0.0, 0.011269933695223437)	(1.0, 0.005634966847611719)	(2.0, 0.0)	(3.0, 0.0)	(4.0, 0.0)	(5.0, 0.0)	(6.0, 0.0)	(7.0, 0.0)	(8.0, 0.0)	(9.0, 0.0)	(10.0, 0.0)	(11.0, 0.0)	(12.0, 0.0)	(13.0, 0.0)	(14.0, 0.0)	(15.0, 0.0)	(16.0, 0.0)	(17.0, 0.0)	(18.0, 0.0)	(19.0, 0.0)	(20.0, 0.0)	(21.0, 0.0)	(22.0, 0.0)	(23.0, 0.0)	(24.0, 0.0)	(25.0, 0.0)	(26.0, 0.0)	(27.0, 0.0)	(28.0, 0.0)	(29.0, 0.0)	(30.0, 0.0)	(31.0, 0.0)	(32.0, 0.0)	(33.0, 0.0028174834238058593)	(34.0, 0.0028174834238058593)	(35.0, 0.0)	(36.0, 0.0)	(37.0, 0.008452450271417576)	(38.0, 0.008452450271417576)	(39.0, 0.0028174834238058593)	(40.0, 0.008452450271417576)	(41.0, 0.011269933695223437)	(42.0, 0.023479028531715494)	(43.0, 0.015026578260297916)	(44.0, 0.022539867390446874)	(45.0, 0.046018895922162364)	(46.0, 0.11645598151730885)	(47.0, 0.5465917842183369)	(48.0, 2.2211160991002865)	(49.0, 2.4230357444730393)	(50.0, 1.8229117752023911)	(51.0, 4.555870696294066)	(52.0, 13.190518229117792)	(53.0, 20.57514228291285)	(54.0, 23.268656436071282)	(55.0, 16.89175228685739)	(56.0, 6.513082514697876)	(57.0, 2.111234245571857)	(58.0, 0.8875072784988456)	(59.0, 0.42919664155975923)	(60.0, 0.2648434418377507)	(61.0, 0.22633783504573735)	(62.0, 0.26953924754409386)	(63.0, 0.3287063994440169)	(64.0, 0.35969871710588136)	(65.0, 0.3615770393884185)	(66.0, 0.39350851819155164)	(67.0, 0.7071883393752706)	(68.0, 0.7438156238847469)	(69.0, 0.3662728450947617)	(70.0, 0.10142940325701094)	(71.0, 0.03099231766186445)	(72.0, 0.016904900542835152)	(73.0, 0.022539867390446874)	(74.0, 0.019722383966641013)	(75.0, 0.008452450271417576)	(76.0, 0.005634966847611719)	(77.0, 0.005634966847611719)	(78.0, 0.0028174834238058593)	(79.0, 0.0028174834238058593)	(80.0, 0.011269933695223437)	(81.0, 0.0028174834238058593)	(82.0, 0.0)	(83.0, 0.0028174834238058593)	(84.0, 0.005634966847611719)	(85.0, 0.0028174834238058593)	(86.0, 0.0028174834238058593)	(87.0, 0.0028174834238058593)	(88.0, 0.0028174834238058593)	(89.0, 0.0)	(90.0, 0.0)	(91.0, 0.0)	(92.0, 0.0)	(93.0, 0.0)	(94.0, 0.0028174834238058593)	(95.0, 0.0028174834238058593)	(96.0, 0.0)	(97.0, 0.0)	(98.0, 0.0)	(99.0, 0.0)	(100.0, 0.0)
519A0_S33_L001_R1_001	(0.0, 0.0)	(1.0, 0.0)	(2.0, 0.0)	(3.0, 0.0)	(4.0, 0.0)	(5.0, 0.0)	(6.0, 0.0)	(7.0, 0.0)	(8.0, 0.0)	(9.0, 0.0)	(10.0, 0.0)	(11.0, 0.0)	(12.0, 0.0)	(13.0, 0.0)	(14.0, 0.0)	(15.0, 0.0)	(16.0, 0.0)	(17.0, 0.0)	(18.0, 0.0)	(19.0, 0.0)	(20.0, 0.0)	(21.0, 0.0)	(22.0, 0.0)	(23.0, 0.0)	(24.0, 0.0)	(25.0, 0.0)	(26.0, 0.0)	(27.0, 0.0)	(28.0, 0.0)	(29.0, 0.0)	(30.0, 0.0)	(31.0, 0.0)	(32.0, 0.0)	(33.0, 0.0)	(34.0, 0.0)	(35.0, 0.0)	(36.0, 0.0)	(37.0, 0.0)	(38.0, 0.0)	(39.0, 0.0)	(40.0, 0.0028086468875511412)	(41.0, 0.0037448625167348544)	(42.0, 0.006553509404285995)	(43.0, 0.0028086468875511412)	(44.0, 0.0056172937751022825)	(45.0, 0.0056172937751022825)	(46.0, 0.04212970331326712)	(47.0, 0.398827858032262)	(48.0, 0.7751865409641149)	(49.0, 0.6825011936749273)	(50.0, 1.971670115060901)	(51.0, 4.746613239961429)	(52.0, 9.62429666800858)	(53.0, 13.994551225038151)	(54.0, 22.091880201848078)	(55.0, 20.412309363092497)	(56.0, 8.599140554052413)	(57.0, 4.325316206828754)	(58.0, 3.4742961999007624)	(59.0, 2.8844803535150323)	(60.0, 2.683193993240525)	(61.0, 1.2807429807233204)	(62.0, 0.5102375179051241)	(63.0, 0.2621403761714398)	(64.0, 0.1572842257028639)	(65.0, 0.06459887841367624)	(66.0, 0.33142033273103466)	(67.0, 0.5729639650604328)	(68.0, 0.06740752530122739)	(69.0, 0.016851881325306847)	(70.0, 0.0)	(71.0, 0.0)	(72.0, 0.0)	(73.0, 0.0)	(74.0, 0.0)	(75.0, 0.0)	(76.0, 0.0)	(77.0, 0.0)	(78.0, 0.0)	(79.0, 0.0028086468875511412)	(80.0, 0.0)	(81.0, 0.0)	(82.0, 0.0)	(83.0, 0.0)	(84.0, 0.0)	(85.0, 0.0)	(86.0, 0.0)	(87.0, 0.0)	(88.0, 0.0)	(89.0, 0.0)	(90.0, 0.0)	(91.0, 0.0)	(92.0, 0.0)	(93.0, 0.0)	(94.0, 0.0)	(95.0, 0.0)	(96.0, 0.0)	(97.0, 0.0)	(98.0, 0.0)	(99.0, 0.0)	(100.0, 0.0)
519A0_S33_L001_R2_001	(0.0, 0.0)	(1.0, 0.0)	(2.0, 0.0)	(3.0, 0.0)	(4.0, 0.0)	(5.0, 0.0)	(6.0, 0.0)	(7.0, 0.0)	(8.0, 0.0)	(9.0, 0.0)	(10.0, 0.0)	(11.0, 0.0)	(12.0, 0.0)	(13.0, 0.0)	(14.0, 0.0)	(15.0, 0.0)	(16.0, 0.0)	(17.0, 0.0)	(18.0, 0.0)	(19.0, 0.0)	(20.0, 0.0)	(21.0, 0.0)	(22.0, 0.0)	(23.0, 0.0)	(24.0, 0.0)	(25.0, 0.0)	(26.0, 0.0)	(27.0, 0.0)	(28.0, 0.0)	(29.0, 0.002826002995563176)	(30.0, 0.0)	(31.0, 0.0)	(32.0, 0.0)	(33.0, 0.0)	(34.0, 0.002826002995563176)	(35.0, 0.002826002995563176)	(36.0, 0.0)	(37.0, 0.002826002995563176)	(38.0, 0.011304011982252704)	(39.0, 0.0)	(40.0, 0.005652005991126352)	(41.0, 0.0)	(42.0, 0.0037680039940842344)	(43.0, 0.0)	(44.0, 0.012246012980773763)	(45.0, 0.04050604293640552)	(46.0, 0.06970807389055834)	(47.0, 0.2986143165311756)	(48.0, 0.8911329446009213)	(49.0, 1.1699652401631537)	(50.0, 2.0290701508143623)	(51.0, 4.659136938685149)	(52.0, 12.018990740130215)	(53.0, 19.63883681716699)	(54.0, 24.42608589165104)	(55.0, 16.038509000819545)	(56.0, 5.728308072006557)	(57.0, 2.6253567828781907)	(58.0, 3.560763774409602)	(59.0, 2.655500814830865)	(60.0, 1.0192450803997852)	(61.0, 0.4267264523300396)	(62.0, 0.2015882136835066)	(63.0, 0.19311020469681706)	(64.0, 0.28071629755927546)	(65.0, 0.32310634249272313)	(66.0, 0.3042663225223019)	(67.0, 0.4813625102442609)	(68.0, 0.46629049426792407)	(69.0, 0.20912422167167502)	(70.0, 0.06499806889795305)	(71.0, 0.03391203594675811)	(72.0, 0.016956017973379055)	(73.0, 0.005652005991126352)	(74.0, 0.008478008986689527)	(75.0, 0.008478008986689527)	(76.0, 0.005652005991126352)	(77.0, 0.005652005991126352)	(78.0, 0.008478008986689527)	(79.0, 0.005652005991126352)	(80.0, 0.002826002995563176)	(81.0, 0.002826002995563176)	(82.0, 0.005652005991126352)	(83.0, 0.0)	(84.0, 0.0)	(85.0, 0.002826002995563176)	(86.0, 0.0)	(87.0, 0.0)	(88.0, 0.005652005991126352)	(89.0, 0.0)	(90.0, 0.0)	(91.0, 0.0)	(92.0, 0.002826002995563176)	(93.0, 0.002826002995563176)	(94.0, 0.002826002995563176)	(95.0, 0.0)	(96.0, 0.0)	(97.0, 0.0)	(98.0, 0.0)	(99.0, 0.0)	(100.0, 0.007536007988168469)
519A14_S34_L001_R1_001	(0.0, 0.008975317875841438)	(1.0, 0.004487658937920719)	(2.0, 0.0)	(3.0, 0.0)	(4.0, 0.0)	(5.0, 0.0)	(6.0, 0.0)	(7.0, 0.0)	(8.0, 0.0)	(9.0, 0.0)	(10.0, 0.0)	(11.0, 0.0)	(12.0, 0.0)	(13.0, 0.0)	(14.0, 0.0)	(15.0, 0.0)	(16.0, 0.0)	(17.0, 0.0)	(18.0, 0.0)	(19.0, 0.0)	(20.0, 0.0)	(21.0, 0.0)	(22.0, 0.0)	(23.0, 0.0)	(24.0, 0.0)	(25.0, 0.0)	(26.0, 0.0)	(27.0, 0.0)	(28.0, 0.0)	(29.0, 0.0)	(30.0, 0.0)	(31.0, 0.0)	(32.0, 0.0022438294689603594)	(33.0, 0.0)	(34.0, 0.0)	(35.0, 0.0)	(36.0, 0.0)	(37.0, 0.0)	(38.0, 0.0)	(39.0, 0.0)	(40.0, 0.0)	(41.0, 0.0022438294689603594)	(42.0, 0.0022438294689603594)	(43.0, 0.004487658937920719)	(44.0, 0.0)	(45.0, 0.008975317875841438)	(46.0, 0.015706806282722516)	(47.0, 0.053851907255048626)	(48.0, 0.143605086013463)	(49.0, 0.3769633507853404)	(50.0, 2.798055347793568)	(51.0, 4.525804038893043)	(52.0, 9.75841436050861)	(53.0, 15.431563201196699)	(54.0, 20.59311892296185)	(55.0, 20.198204936424837)	(56.0, 7.971578160059839)	(57.0, 3.9192221391174273)	(58.0, 3.056095736724007)	(59.0, 2.5646970830216924)	(60.0, 3.742707554225876)	(61.0, 1.9753178758414363)	(62.0, 0.5617053103964099)	(63.0, 0.2729992520568437)	(64.0, 0.18249813014210922)	(65.0, 0.13014210919970082)	(66.0, 0.5609573672400897)	(67.0, 1.005235602094241)	(68.0, 0.10770381451009725)	(69.0, 0.006731488406881078)	(70.0, 0.004487658937920719)	(71.0, 0.0)	(72.0, 0.004487658937920719)	(73.0, 0.0)	(74.0, 0.0)	(75.0, 0.0)	(76.0, 0.0)	(77.0, 0.0)	(78.0, 0.0022438294689603594)	(79.0, 0.0022438294689603594)	(80.0, 0.0)	(81.0, 0.0)	(82.0, 0.0)	(83.0, 0.0)	(84.0, 0.0)	(85.0, 0.0)	(86.0, 0.0)	(87.0, 0.0)	(88.0, 0.0)	(89.0, 0.0)	(90.0, 0.0)	(91.0, 0.0)	(92.0, 0.0)	(93.0, 0.0)	(94.0, 0.0)	(95.0, 0.0)	(96.0, 0.0)	(97.0, 0.0)	(98.0, 0.0)	(99.0, 0.0)	(100.0, 0.0)
519A14_S34_L001_R2_001	(0.0, 0.008982439331107688)	(1.0, 0.004491219665553844)	(2.0, 0.0)	(3.0, 0.0)	(4.0, 0.0)	(5.0, 0.0)	(6.0, 0.0)	(7.0, 0.0)	(8.0, 0.0)	(9.0, 0.0)	(10.0, 0.0)	(11.0, 0.0)	(12.0, 0.0)	(13.0, 0.0)	(14.0, 0.0)	(15.0, 0.0)	(16.0, 0.0)	(17.0, 0.0)	(18.0, 0.0)	(19.0, 0.0)	(20.0, 0.0)	(21.0, 0.0)	(22.0, 0.0)	(23.0, 0.0)	(24.0, 0.0)	(25.0, 0.0)	(26.0, 0.0)	(27.0, 0.0)	(28.0, 0.0)	(29.0, 0.0)	(30.0, 0.0)	(31.0, 0.0)	(32.0, 0.0)	(33.0, 0.0029941464437025626)	(34.0, 0.0029941464437025626)	(35.0, 0.0)	(36.0, 0.007485366109256405)	(37.0, 0.0)	(38.0, 0.0)	(39.0, 0.002245609832776922)	(40.0, 0.002245609832776922)	(41.0, 0.0)	(42.0, 0.002245609832776922)	(43.0, 0.007485366109256405)	(44.0, 0.00973097594203333)	(45.0, 0.015719268829438453)	(46.0, 0.03443268410257947)	(47.0, 0.07335658787071278)	(48.0, 0.2245609832776921)	(49.0, 0.550922945641272)	(50.0, 1.230594188361752)	(51.0, 4.247945267003002)	(52.0, 12.487836280072452)	(53.0, 20.75392607452429)	(54.0, 25.309519888617775)	(55.0, 15.566567360809614)	(56.0, 5.196341153045798)	(57.0, 2.3279488599787435)	(58.0, 3.7172328098567307)	(59.0, 3.192508645597857)	(60.0, 1.1677171130439996)	(61.0, 0.38325074479392807)	(62.0, 0.27995269248618965)	(63.0, 0.25075976466008965)	(64.0, 0.258245130769346)	(65.0, 0.2649819602676768)	(66.0, 0.31288830336691775)	(67.0, 0.6647005105019689)	(68.0, 0.7635073431441536)	(69.0, 0.3525607437459768)	(70.0, 0.10778927197329226)	(71.0, 0.047157806488315364)	(72.0, 0.0404209769899846)	(73.0, 0.0202104884949923)	(74.0, 0.013473658996661532)	(75.0, 0.013473658996661532)	(76.0, 0.008982439331107688)	(77.0, 0.008982439331107688)	(78.0, 0.004491219665553844)	(79.0, 0.011228049163884611)	(80.0, 0.002245609832776922)	(81.0, 0.002245609832776922)	(82.0, 0.002245609832776922)	(83.0, 0.006736829498330766)	(84.0, 0.006736829498330766)	(85.0, 0.002245609832776922)	(86.0, 0.002245609832776922)	(87.0, 0.0)	(88.0, 0.004491219665553844)	(89.0, 0.0)	(90.0, 0.0)	(91.0, 0.0)	(92.0, 0.002245609832776922)	(93.0, 0.0)	(94.0, 0.0)	(95.0, 0.0)	(96.0, 0.002245609832776922)	(97.0, 0.008982439331107688)	(98.0, 0.002245609832776922)	(99.0, 0.0)	(100.0, 0.0)
519B0_S35_L001_R1_001	(0.0, 0.01150957692713479)	(1.0, 0.005754788463567395)	(2.0, 0.0)	(3.0, 0.0)	(4.0, 0.0)	(5.0, 0.0)	(6.0, 0.0)	(7.0, 0.0)	(8.0, 0.0)	(9.0, 0.0)	(10.0, 0.0)	(11.0, 0.0)	(12.0, 0.0)	(13.0, 0.0)	(14.0, 0.0)	(15.0, 0.0)	(16.0, 0.0)	(17.0, 0.0)	(18.0, 0.0)	(19.0, 0.0)	(20.0, 0.0)	(21.0, 0.0)	(22.0, 0.0)	(23.0, 0.0)	(24.0, 0.0)	(25.0, 0.0)	(26.0, 0.0)	(27.0, 0.0)	(28.0, 0.0)	(29.0, 0.0)	(30.0, 0.0)	(31.0, 0.0)	(32.0, 0.0)	(33.0, 0.0)	(34.0, 0.0)	(35.0, 0.0)	(36.0, 0.0)	(37.0, 0.0)	(38.0, 0.0028773942317836974)	(39.0, 0.0028773942317836974)	(40.0, 0.003836525642378263)	(41.0, 0.003836525642378263)	(42.0, 0.0)	(43.0, 0.0)	(44.0, 0.0)	(45.0, 0.005754788463567395)	(46.0, 0.014386971158918488)	(47.0, 0.025896548086053277)	(48.0, 0.0978314038806457)	(49.0, 0.30500378856907195)	(50.0, 1.0483306317798606)	(51.0, 5.125598258217357)	(52.0, 12.186723703014591)	(53.0, 18.428750923163953)	(54.0, 23.134249623540914)	(55.0, 19.349517077334752)	(56.0, 6.616088470281316)	(57.0, 2.689404475307164)	(58.0, 2.233817055274745)	(59.0, 2.1455769655000454)	(60.0, 1.498163263348711)	(61.0, 0.9927010099653754)	(62.0, 0.6531684906148993)	(63.0, 0.38557082705901546)	(64.0, 0.2762298462512349)	(65.0, 0.15825668274810337)	(66.0, 0.8689730579986766)	(67.0, 1.473225846673253)	(68.0, 0.18415323083415663)	(69.0, 0.03165133654962068)	(70.0, 0.017264365390702183)	(71.0, 0.01150957692713479)	(72.0, 0.008632182695351091)	(73.0, 0.0028773942317836974)	(74.0, 0.0)	(75.0, 0.0)	(76.0, 0.0)	(77.0, 0.0)	(78.0, 0.0)	(79.0, 0.0)	(80.0, 0.0)	(81.0, 0.0)	(82.0, 0.0)	(83.0, 0.0)	(84.0, 0.0)	(85.0, 0.0)	(86.0, 0.0)	(87.0, 0.0)	(88.0, 0.0)	(89.0, 0.0)	(90.0, 0.0)	(91.0, 0.0)	(92.0, 0.0)	(93.0, 0.0)	(94.0, 0.0)	(95.0, 0.0)	(96.0, 0.0)	(97.0, 0.0)	(98.0, 0.0)	(99.0, 0.0)	(100.0, 0.0)
519B0_S35_L001_R2_001	(0.0, 0.01170708864217284)	(1.0, 0.00585354432108642)	(2.0, 0.0)	(3.0, 0.0)	(4.0, 0.0)	(5.0, 0.0)	(6.0, 0.0)	(7.0, 0.0)	(8.0, 0.0)	(9.0, 0.0)	(10.0, 0.0)	(11.0, 0.0)	(12.0, 0.0)	(13.0, 0.0)	(14.0, 0.0)	(15.0, 0.0)	(16.0, 0.0)	(17.0, 0.0)	(18.0, 0.0)	(19.0, 0.0)	(20.0, 0.0)	(21.0, 0.0)	(22.0, 0.0)	(23.0, 0.0)	(24.0, 0.0)	(25.0, 0.0)	(26.0, 0.0)	(27.0, 0.0)	(28.0, 0.0)	(29.0, 0.0)	(30.0, 0.0)	(31.0, 0.0)	(32.0, 0.0)	(33.0, 0.0)	(34.0, 0.0)	(35.0, 0.00585354432108642)	(36.0, 0.00292677216054321)	(37.0, 0.0)	(38.0, 0.0)	(39.0, 0.00585354432108642)	(40.0, 0.00292677216054321)	(41.0, 0.0)	(42.0, 0.00292677216054321)	(43.0, 0.0)	(44.0, 0.006829135041267489)	(45.0, 0.02829213088525103)	(46.0, 0.015609451522897118)	(47.0, 0.051706308169596704)	(48.0, 0.21950791204074074)	(49.0, 0.5726717527462882)	(50.0, 1.3258277887260723)	(51.0, 4.32576925328286)	(52.0, 12.329515521648387)	(53.0, 18.800608768609376)	(54.0, 25.17609412499267)	(55.0, 17.59087627558487)	(56.0, 7.205713059257383)	(57.0, 2.759946147392247)	(58.0, 1.9511814403621401)	(59.0, 1.3980215020194733)	(60.0, 0.6936450020487407)	(61.0, 0.3473102963844609)	(62.0, 0.22926381924255143)	(63.0, 0.27511658309106174)	(64.0, 0.3824315623109795)	(65.0, 0.4253575539989464)	(66.0, 0.48389299720981066)	(67.0, 0.8760804667226008)	(68.0, 1.2175372187859754)	(69.0, 0.7024253185303704)	(70.0, 0.2838968995726914)	(71.0, 0.09658348129792593)	(72.0, 0.03804803808706173)	(73.0, 0.02048740512380247)	(74.0, 0.01463386080271605)	(75.0, 0.02341417728434568)	(76.0, 0.01170708864217284)	(77.0, 0.01170708864217284)	(78.0, 0.01463386080271605)	(79.0, 0.01463386080271605)	(80.0, 0.00878031648162963)	(81.0, 0.0)	(82.0, 0.0)	(83.0, 0.0)	(84.0, 0.00292677216054321)	(85.0, 0.00292677216054321)	(86.0, 0.00585354432108642)	(87.0, 0.00878031648162963)	(88.0, 0.0)	(89.0, 0.0)	(90.0, 0.0)	(91.0, 0.0)	(92.0, 0.0)	(93.0, 0.00585354432108642)	(94.0, 0.0)	(95.0, 0.0)	(96.0, 0.0)	(97.0, 0.00292677216054321)	(98.0, 0.00292677216054321)	(99.0, 0.0)	(100.0, 0.0)
519B14_S36_L001_R1_001	(0.0, 0.029426670372247384)	(1.0, 0.014713335186123692)	(2.0, 0.0)	(3.0, 0.0)	(4.0, 0.0)	(5.0, 0.0)	(6.0, 0.0)	(7.0, 0.0)	(8.0, 0.0)	(9.0, 0.0)	(10.0, 0.0)	(11.0, 0.0)	(12.0, 0.0)	(13.0, 0.0)	(14.0, 0.0)	(15.0, 0.0)	(16.0, 0.0)	(17.0, 0.0)	(18.0, 0.0)	(19.0, 0.0)	(20.0, 0.0)	(21.0, 0.0)	(22.0, 0.0)	(23.0, 0.0)	(24.0, 0.0)	(25.0, 0.0)	(26.0, 0.0)	(27.0, 0.0)	(28.0, 0.0)	(29.0, 0.0)	(30.0, 0.0)	(31.0, 0.0)	(32.0, 0.0)	(33.0, 0.0)	(34.0, 0.0)	(35.0, 0.0)	(36.0, 0.0)	(37.0, 0.0)	(38.0, 0.0024522225310206155)	(39.0, 0.0)	(40.0, 0.0)	(41.0, 0.004904445062041231)	(42.0, 0.0024522225310206155)	(43.0, 0.0024522225310206155)	(44.0, 0.004904445062041231)	(45.0, 0.004904445062041231)	(46.0, 0.004904445062041231)	(47.0, 0.029426670372247384)	(48.0, 0.11770668148898954)	(49.0, 0.322875966584381)	(50.0, 1.4410894407297816)	(51.0, 6.307933757295362)	(52.0, 12.667364187742155)	(53.0, 15.24710229037584)	(54.0, 20.309307001912728)	(55.0, 22.197518350798607)	(56.0, 8.727459987902371)	(57.0, 3.310500416877829)	(58.0, 2.091745818960587)	(59.0, 1.761513184783143)	(60.0, 1.2767905311513996)	(61.0, 0.7986071376023804)	(62.0, 0.6441171181480816)	(63.0, 0.3686507871634325)	(64.0, 0.28772744363975217)	(65.0, 0.14549853684055652)	(66.0, 0.6400300805963807)	(67.0, 1.0814301361800913)	(68.0, 0.13242001667511322)	(69.0, 0.004904445062041231)	(70.0, 0.004904445062041231)	(71.0, 0.009808890124082462)	(72.0, 0.0)	(73.0, 0.0)	(74.0, 0.0)	(75.0, 0.0)	(76.0, 0.0)	(77.0, 0.0)	(78.0, 0.0)	(79.0, 0.0)	(80.0, 0.0)	(81.0, 0.0)	(82.0, 0.0)	(83.0, 0.0024522225310206155)	(84.0, 0.0)	(85.0, 0.0)	(86.0, 0.0)	(87.0, 0.0)	(88.0, 0.0)	(89.0, 0.0)	(90.0, 0.0)	(91.0, 0.0)	(92.0, 0.0)	(93.0, 0.0)	(94.0, 0.0)	(95.0, 0.0)	(96.0, 0.0)	(97.0, 0.0)	(98.0, 0.0)	(99.0, 0.0)	(100.0, 0.0)
519B14_S36_L001_R2_001	(0.0, 0.029469306898273602)	(1.0, 0.014734653449136801)	(2.0, 0.0)	(3.0, 0.0)	(4.0, 0.0)	(5.0, 0.0)	(6.0, 0.0)	(7.0, 0.0)	(8.0, 0.0)	(9.0, 0.0)	(10.0, 0.0)	(11.0, 0.0)	(12.0, 0.0)	(13.0, 0.0)	(14.0, 0.0)	(15.0, 0.0)	(16.0, 0.0)	(17.0, 0.0)	(18.0, 0.0)	(19.0, 0.0)	(20.0, 0.0)	(21.0, 0.0)	(22.0, 0.0)	(23.0, 0.0)	(24.0, 0.0)	(25.0, 0.0)	(26.0, 0.0)	(27.0, 0.0024557755748561335)	(28.0, 0.0024557755748561335)	(29.0, 0.0024557755748561335)	(30.0, 0.0)	(31.0, 0.0)	(32.0, 0.0)	(33.0, 0.0)	(34.0, 0.0024557755748561335)	(35.0, 0.0)	(36.0, 0.0024557755748561335)	(37.0, 0.0)	(38.0, 0.0)	(39.0, 0.0)	(40.0, 0.0)	(41.0, 0.008185918582853778)	(42.0, 0.008185918582853778)	(43.0, 0.010641694157709911)	(44.0, 0.008185918582853778)	(45.0, 0.014734653449136801)	(46.0, 0.04829691963883729)	(47.0, 0.10068679856910148)	(48.0, 0.31843223287301187)	(49.0, 0.6851613853848615)	(50.0, 2.210198017370526)	(51.0, 6.389928045775665)	(52.0, 13.578801745237831)	(53.0, 17.54078633933904)	(54.0, 24.070693592881533)	(55.0, 18.25050548047249)	(56.0, 6.888450487471455)	(57.0, 2.2445788754185068)	(58.0, 1.4677352019056824)	(59.0, 0.9618454334853187)	(60.0, 0.4256677663083965)	(61.0, 0.27422827252560156)	(62.0, 0.2341172714696181)	(63.0, 0.26849812951760393)	(64.0, 0.4404024197575333)	(65.0, 0.41093311285925965)	(66.0, 0.5214430137277858)	(67.0, 0.8873535743813495)	(68.0, 0.938106269595043)	(69.0, 0.4322165011746796)	(70.0, 0.11787722759309441)	(71.0, 0.039292409197698136)	(72.0, 0.014734653449136801)	(73.0, 0.017190429023992936)	(74.0, 0.009823102299424534)	(75.0, 0.012278877874280668)	(76.0, 0.009823102299424534)	(77.0, 0.0073673267245684005)	(78.0, 0.0024557755748561335)	(79.0, 0.0073673267245684005)	(80.0, 0.0073673267245684005)	(81.0, 0.004911551149712267)	(82.0, 0.004911551149712267)	(83.0, 0.004911551149712267)	(84.0, 0.0024557755748561335)	(85.0, 0.004911551149712267)	(86.0, 0.009823102299424534)	(87.0, 0.0)	(88.0, 0.0024557755748561335)	(89.0, 0.0024557755748561335)	(90.0, 0.004911551149712267)	(91.0, 0.0024557755748561335)	(92.0, 0.0)	(93.0, 0.0)	(94.0, 0.0024557755748561335)	(95.0, 0.0)	(96.0, 0.0024557755748561335)	(97.0, 0.004911551149712267)	(98.0, 0.004911551149712267)	(99.0, 0.0)	(100.0, 0.0)
521A0_S25_L001_R1_001	(0.0, 0.0)	(1.0, 0.0)	(2.0, 0.0)	(3.0, 0.0)	(4.0, 0.0)	(5.0, 0.0)	(6.0, 0.0)	(7.0, 0.0)	(8.0, 0.0)	(9.0, 0.0)	(10.0, 0.0)	(11.0, 0.0)	(12.0, 0.0)	(13.0, 0.0)	(14.0, 0.0)	(15.0, 0.0)	(16.0, 0.0)	(17.0, 0.0)	(18.0, 0.0)	(19.0, 0.0)	(20.0, 0.0)	(21.0, 0.0)	(22.0, 0.0)	(23.0, 0.0)	(24.0, 0.0)	(25.0, 0.0)	(26.0, 0.0)	(27.0, 0.0)	(28.0, 0.0)	(29.0, 0.0)	(30.0, 0.0)	(31.0, 0.0)	(32.0, 0.0)	(33.0, 0.002683843263553409)	(34.0, 0.0)	(35.0, 0.0)	(36.0, 0.0)	(37.0, 0.0)	(38.0, 0.0)	(39.0, 0.002683843263553409)	(40.0, 0.0)	(41.0, 0.0)	(42.0, 0.0)	(43.0, 0.002683843263553409)	(44.0, 0.0)	(45.0, 0.021470746108427273)	(46.0, 0.04025764895330113)	(47.0, 2.3188405797101455)	(48.0, 3.703703703703704)	(49.0, 1.9243156199677944)	(50.0, 1.5503667919126856)	(51.0, 7.843084630524244)	(52.0, 18.531937734836287)	(53.0, 13.763642869923062)	(54.0, 21.114689568795843)	(55.0, 16.67561281087851)	(56.0, 5.622651637144391)	(57.0, 2.478081946680982)	(58.0, 1.6765074252996965)	(59.0, 2.0683485417784944)	(60.0, 0.34889962426194315)	(61.0, 0.17981749865807842)	(62.0, 0.07783145464304886)	(63.0, 0.010735373054213636)	(64.0, 0.005367686527106818)	(65.0, 0.0035784576847378785)	(66.0, 0.008051529790660227)	(67.0, 0.002683843263553409)	(68.0, 0.0)	(69.0, 0.002683843263553409)	(70.0, 0.008051529790660227)	(71.0, 0.005367686527106818)	(72.0, 0.005367686527106818)	(73.0, 0.0)	(74.0, 0.0)	(75.0, 0.0)	(76.0, 0.0)	(77.0, 0.0)	(78.0, 0.0)	(79.0, 0.0)	(80.0, 0.0)	(81.0, 0.0)	(82.0, 0.0)	(83.0, 0.0)	(84.0, 0.0)	(85.0, 0.0)	(86.0, 0.0)	(87.0, 0.0)	(88.0, 0.0)	(89.0, 0.0)	(90.0, 0.0)	(91.0, 0.0)	(92.0, 0.0)	(93.0, 0.0)	(94.0, 0.0)	(95.0, 0.0)	(96.0, 0.0)	(97.0, 0.0)	(98.0, 0.0)	(99.0, 0.0)	(100.0, 0.0)
521A0_S25_L001_R2_001	(0.0, 0.0)	(1.0, 0.0)	(2.0, 0.0)	(3.0, 0.0)	(4.0, 0.0)	(5.0, 0.0)	(6.0, 0.0)	(7.0, 0.0)	(8.0, 0.0)	(9.0, 0.0)	(10.0, 0.0)	(11.0, 0.0)	(12.0, 0.0)	(13.0, 0.0)	(14.0, 0.0)	(15.0, 0.0)	(16.0, 0.0)	(17.0, 0.0)	(18.0, 0.0)	(19.0, 0.0)	(20.0, 0.0)	(21.0, 0.0)	(22.0, 0.0)	(23.0, 0.0)	(24.0, 0.0)	(25.0, 0.0)	(26.0, 0.0)	(27.0, 0.0)	(28.0, 0.0)	(29.0, 0.0)	(30.0, 0.0)	(31.0, 0.0)	(32.0, 0.0)	(33.0, 0.0)	(34.0, 0.0035945040033788333)	(35.0, 0.0035945040033788333)	(36.0, 0.002695878002534125)	(37.0, 0.002695878002534125)	(38.0, 0.00539175600506825)	(39.0, 0.002695878002534125)	(40.0, 0.0)	(41.0, 0.008087634007602375)	(42.0, 0.008087634007602375)	(43.0, 0.0107835120101365)	(44.0, 0.017073894016049456)	(45.0, 0.04493130004223542)	(46.0, 0.08267359207771316)	(47.0, 0.47537315444685063)	(48.0, 3.175744286985199)	(49.0, 2.993323208813725)	(50.0, 3.0634160368796137)	(51.0, 4.60006649832405)	(52.0, 11.64169984094323)	(53.0, 27.58961547793423)	(54.0, 25.70070362415865)	(55.0, 11.547344110854503)	(56.0, 3.566646597352647)	(57.0, 1.502502673412352)	(58.0, 1.77119184766492)	(59.0, 0.9588339429013039)	(60.0, 0.3980913183742058)	(61.0, 0.2606015402449654)	(62.0, 0.1967990941849911)	(63.0, 0.09165985208616025)	(64.0, 0.040438170038011874)	(65.0, 0.029654658027875373)	(66.0, 0.021567024020273)	(67.0, 0.018871146017738875)	(68.0, 0.021567024020273)	(69.0, 0.021567024020273)	(70.0, 0.0107835120101365)	(71.0, 0.0107835120101365)	(72.0, 0.00539175600506825)	(73.0, 0.0107835120101365)	(74.0, 0.0)	(75.0, 0.002695878002534125)	(76.0, 0.00539175600506825)	(77.0, 0.008087634007602375)	(78.0, 0.008087634007602375)	(79.0, 0.00539175600506825)	(80.0, 0.002695878002534125)	(81.0, 0.0)	(82.0, 0.002695878002534125)	(83.0, 0.002695878002534125)	(84.0, 0.002695878002534125)	(85.0, 0.0)	(86.0, 0.002695878002534125)	(87.0, 0.002695878002534125)	(88.0, 0.00539175600506825)	(89.0, 0.0)	(90.0, 0.002695878002534125)	(91.0, 0.002695878002534125)	(92.0, 0.0)	(93.0, 0.008087634007602375)	(94.0, 0.00539175600506825)	(95.0, 0.0)	(96.0, 0.0)	(97.0, 0.0)	(98.0, 0.002695878002534125)	(99.0, 0.002695878002534125)	(100.0, 0.007189008006757667)
521A14_S26_L001_R1_001	(0.0, 0.02094350489554428)	(1.0, 0.01047175244777214)	(2.0, 0.0)	(3.0, 0.0)	(4.0, 0.0)	(5.0, 0.0)	(6.0, 0.0)	(7.0, 0.0)	(8.0, 0.0)	(9.0, 0.0)	(10.0, 0.0)	(11.0, 0.0)	(12.0, 0.0)	(13.0, 0.0)	(14.0, 0.0)	(15.0, 0.0)	(16.0, 0.0)	(17.0, 0.0)	(18.0, 0.0)	(19.0, 0.0)	(20.0, 0.0)	(21.0, 0.0)	(22.0, 0.0)	(23.0, 0.0)	(24.0, 0.0)	(25.0, 0.0)	(26.0, 0.0)	(27.0, 0.0)	(28.0, 0.0)	(29.0, 0.0)	(30.0, 0.0)	(31.0, 0.0)	(32.0, 0.0)	(33.0, 0.0)	(34.0, 0.0)	(35.0, 0.0)	(36.0, 0.0)	(37.0, 0.0)	(38.0, 0.0)	(39.0, 0.0)	(40.0, 0.0)	(41.0, 0.0)	(42.0, 0.0)	(43.0, 0.002617938111943035)	(44.0, 0.002617938111943035)	(45.0, 0.0)	(46.0, 0.05497670035080372)	(47.0, 1.5890884339494222)	(48.0, 2.0638078782484257)	(49.0, 0.7504755920903365)	(50.0, 1.204251531493796)	(51.0, 7.307537916470324)	(52.0, 15.17444194285914)	(53.0, 13.101034958200259)	(54.0, 20.25847775625251)	(55.0, 19.62057350297572)	(56.0, 6.337155522976773)	(57.0, 3.3422343229139404)	(58.0, 4.01242647957135)	(59.0, 3.930397752063807)	(60.0, 0.7112065204111911)	(61.0, 0.3211337417316789)	(62.0, 0.12740632144789435)	(63.0, 0.011344398485086483)	(64.0, 0.011344398485086483)	(65.0, 0.007853814335829105)	(66.0, 0.007853814335829105)	(67.0, 0.00523587622388607)	(68.0, 0.002617938111943035)	(69.0, 0.0)	(70.0, 0.0)	(71.0, 0.00523587622388607)	(72.0, 0.00523587622388607)	(73.0, 0.0)	(74.0, 0.0)	(75.0, 0.0)	(76.0, 0.0)	(77.0, 0.0)	(78.0, 0.0)	(79.0, 0.0)	(80.0, 0.0)	(81.0, 0.0)	(82.0, 0.0)	(83.0, 0.0)	(84.0, 0.0)	(85.0, 0.0)	(86.0, 0.0)	(87.0, 0.0)	(88.0, 0.0)	(89.0, 0.0)	(90.0, 0.0)	(91.0, 0.0)	(92.0, 0.0)	(93.0, 0.0)	(94.0, 0.0)	(95.0, 0.0)	(96.0, 0.0)	(97.0, 0.0)	(98.0, 0.0)	(99.0, 0.0)	(100.0, 0.0)
521A14_S26_L001_R2_001	(0.0, 0.02099866133533988)	(1.0, 0.01049933066766994)	(2.0, 0.0)	(3.0, 0.0)	(4.0, 0.0)	(5.0, 0.0)	(6.0, 0.0)	(7.0, 0.0)	(8.0, 0.0)	(9.0, 0.0)	(10.0, 0.0)	(11.0, 0.0)	(12.0, 0.0)	(13.0, 0.0)	(14.0, 0.0)	(15.0, 0.0)	(16.0, 0.0)	(17.0, 0.0)	(18.0, 0.0)	(19.0, 0.0)	(20.0, 0.0)	(21.0, 0.0)	(22.0, 0.0)	(23.0, 0.0)	(24.0, 0.0)	(25.0, 0.0)	(26.0, 0.0)	(27.0, 0.0)	(28.0, 0.0)	(29.0, 0.0)	(30.0, 0.0)	(31.0, 0.0)	(32.0, 0.0)	(33.0, 0.0)	(34.0, 0.0)	(35.0, 0.002624832666917485)	(36.0, 0.003499776889223312)	(37.0, 0.003499776889223312)	(38.0, 0.00524966533383497)	(39.0, 0.00524966533383497)	(40.0, 0.00524966533383497)	(41.0, 0.002624832666917485)	(42.0, 0.002624832666917485)	(43.0, 0.007874498000752454)	(44.0, 0.030623047780703988)	(45.0, 0.03499776889223313)	(46.0, 0.08924431067519448)	(47.0, 0.4007244538160693)	(48.0, 2.2372323764360034)	(49.0, 1.8942542412921193)	(50.0, 1.6737682972710504)	(51.0, 3.023807232288946)	(52.0, 8.449336354807418)	(53.0, 22.62605758882865)	(54.0, 27.32888278372255)	(55.0, 16.901297542281686)	(56.0, 5.549771202085869)	(57.0, 2.4988406989054455)	(58.0, 3.5557733194508856)	(59.0, 1.7927607115046422)	(60.0, 0.6684573858416528)	(61.0, 0.4313475015967733)	(62.0, 0.23623494002257364)	(63.0, 0.1557400715704374)	(64.0, 0.0682456493398546)	(65.0, 0.061246095561407976)	(66.0, 0.034997768892233126)	(67.0, 0.04462215533759724)	(68.0, 0.026248326669174846)	(69.0, 0.01574899600150491)	(70.0, 0.01574899600150491)	(71.0, 0.013124163334587423)	(72.0, 0.018373828668422392)	(73.0, 0.01049933066766994)	(74.0, 0.002624832666917485)	(75.0, 0.00524966533383497)	(76.0, 0.01049933066766994)	(77.0, 0.00524966533383497)	(78.0, 0.002624832666917485)	(79.0, 0.002624832666917485)	(80.0, 0.0)	(81.0, 0.0)	(82.0, 0.002624832666917485)	(83.0, 0.002624832666917485)	(84.0, 0.0)	(85.0, 0.0)	(86.0, 0.0)	(87.0, 0.0)	(88.0, 0.0)	(89.0, 0.0)	(90.0, 0.0)	(91.0, 0.0)	(92.0, 0.0)	(93.0, 0.0)	(94.0, 0.0)	(95.0, 0.002624832666917485)	(96.0, 0.00524966533383497)	(97.0, 0.0)	(98.0, 0.0)	(99.0, 0.0)	(100.0, 0.0)
521B0_S27_L001_R1_001	(0.0, 0.0)	(1.0, 0.0)	(2.0, 0.0)	(3.0, 0.0)	(4.0, 0.0)	(5.0, 0.0)	(6.0, 0.0)	(7.0, 0.0)	(8.0, 0.0)	(9.0, 0.0)	(10.0, 0.0)	(11.0, 0.0)	(12.0, 0.0)	(13.0, 0.0)	(14.0, 0.0)	(15.0, 0.0)	(16.0, 0.0)	(17.0, 0.0)	(18.0, 0.0)	(19.0, 0.0)	(20.0, 0.0)	(21.0, 0.0)	(22.0, 0.0)	(23.0, 0.0)	(24.0, 0.0)	(25.0, 0.0)	(26.0, 0.0)	(27.0, 0.0)	(28.0, 0.0)	(29.0, 0.0)	(30.0, 0.0)	(31.0, 0.0)	(32.0, 0.0)	(33.0, 0.0)	(34.0, 0.0)	(35.0, 0.0)	(36.0, 0.0)	(37.0, 0.0)	(38.0, 0.0)	(39.0, 0.0)	(40.0, 0.0)	(41.0, 0.0049094211792429674)	(42.0, 0.014728263537728905)	(43.0, 0.01227355294810742)	(44.0, 0.0073641317688644525)	(45.0, 0.01718297412735039)	(46.0, 0.05645834356129414)	(47.0, 0.932790024056164)	(48.0, 1.3820020619568956)	(49.0, 0.8910599440325987)	(50.0, 1.369728509008788)	(51.0, 10.319603318768719)	(52.0, 21.835468931546302)	(53.0, 13.011602598720277)	(54.0, 18.248318523246105)	(55.0, 17.613366717397348)	(56.0, 5.702292699690707)	(57.0, 2.633086225800647)	(58.0, 2.5741731716497354)	(59.0, 2.5766278822393534)	(60.0, 0.48275974929222526)	(61.0, 0.15955618832539648)	(62.0, 0.08836958122637342)	(63.0, 0.02454710589621484)	(64.0, 0.0073641317688644525)	(65.0, 0.009818842358485935)	(66.0, 0.0073641317688644525)	(67.0, 0.0024547105896214837)	(68.0, 0.0049094211792429674)	(69.0, 0.0073641317688644525)	(70.0, 0.0)	(71.0, 0.0)	(72.0, 0.0024547105896214837)	(73.0, 0.0)	(74.0, 0.0)	(75.0, 0.0)	(76.0, 0.0)	(77.0, 0.0)	(78.0, 0.0)	(79.0, 0.0)	(80.0, 0.0)	(81.0, 0.0)	(82.0, 0.0)	(83.0, 0.0)	(84.0, 0.0)	(85.0, 0.0)	(86.0, 0.0)	(87.0, 0.0)	(88.0, 0.0)	(89.0, 0.0)	(90.0, 0.0)	(91.0, 0.0)	(92.0, 0.0)	(93.0, 0.0)	(94.0, 0.0)	(95.0, 0.0)	(96.0, 0.0)	(97.0, 0.0)	(98.0, 0.0)	(99.0, 0.0)	(100.0, 0.0)
521B0_S27_L001_R2_001	(0.0, 0.0)	(1.0, 0.0)	(2.0, 0.0)	(3.0, 0.0)	(4.0, 0.0)	(5.0, 0.0)	(6.0, 0.0)	(7.0, 0.0)	(8.0, 0.0)	(9.0, 0.0)	(10.0, 0.0)	(11.0, 0.0)	(12.0, 0.0)	(13.0, 0.0)	(14.0, 0.0)	(15.0, 0.0)	(16.0, 0.0)	(17.0, 0.0)	(18.0, 0.0)	(19.0, 0.0)	(20.0, 0.0)	(21.0, 0.0)	(22.0, 0.0)	(23.0, 0.0)	(24.0, 0.0)	(25.0, 0.0)	(26.0, 0.0)	(27.0, 0.0)	(28.0, 0.0)	(29.0, 0.0)	(30.0, 0.0)	(31.0, 0.0)	(32.0, 0.0)	(33.0, 0.0)	(34.0, 0.0)	(35.0, 0.0)	(36.0, 0.004926512849987682)	(37.0, 0.0)	(38.0, 0.002463256424993841)	(39.0, 0.0)	(40.0, 0.0)	(41.0, 0.012316282124969206)	(42.0, 0.014779538549963047)	(43.0, 0.021348222349946624)	(44.0, 0.026274735199934306)	(45.0, 0.04105427374989735)	(46.0, 0.09278265867476802)	(47.0, 0.4146481648739633)	(48.0, 1.2579029476968544)	(49.0, 1.4377206667214049)	(50.0, 1.8154199852204622)	(51.0, 3.4017571229164933)	(52.0, 9.714262254700765)	(53.0, 24.80252894326297)	(54.0, 25.00205271368749)	(55.0, 15.341161014861637)	(56.0, 7.1368749486821565)	(57.0, 3.0700385910173233)	(58.0, 2.5806716479185483)	(59.0, 1.70785778799573)	(60.0, 0.8490023811478773)	(61.0, 0.37934148944905155)	(62.0, 0.22579850562443543)	(63.0, 0.1535429838246161)	(64.0, 0.11823630839970438)	(65.0, 0.05665489777485834)	(66.0, 0.03694884637490761)	(67.0, 0.04433861564988914)	(68.0, 0.04433861564988914)	(69.0, 0.03448558994991378)	(70.0, 0.027095820674932256)	(71.0, 0.019706051399950728)	(72.0, 0.014779538549963047)	(73.0, 0.019706051399950728)	(74.0, 0.012316282124969206)	(75.0, 0.002463256424993841)	(76.0, 0.002463256424993841)	(77.0, 0.002463256424993841)	(78.0, 0.002463256424993841)	(79.0, 0.004926512849987682)	(80.0, 0.002463256424993841)	(81.0, 0.004926512849987682)	(82.0, 0.007389769274981524)	(83.0, 0.002463256424993841)	(84.0, 0.002463256424993841)	(85.0, 0.0)	(86.0, 0.002463256424993841)	(87.0, 0.002463256424993841)	(88.0, 0.0)	(89.0, 0.004926512849987682)	(90.0, 0.004926512849987682)	(91.0, 0.0)	(92.0, 0.002463256424993841)	(93.0, 0.004926512849987682)	(94.0, 0.0)	(95.0, 0.004926512849987682)	(96.0, 0.0)	(97.0, 0.0)	(98.0, 0.0)	(99.0, 0.0)	(100.0, 0.003284341899991788)
521B14_S28_L001_R1_001	(0.0, 0.009898948236749847)	(1.0, 0.004949474118374923)	(2.0, 0.0)	(3.0, 0.0)	(4.0, 0.0)	(5.0, 0.0)	(6.0, 0.0)	(7.0, 0.0)	(8.0, 0.0)	(9.0, 0.0)	(10.0, 0.0)	(11.0, 0.0)	(12.0, 0.0)	(13.0, 0.0)	(14.0, 0.0)	(15.0, 0.0)	(16.0, 0.0)	(17.0, 0.0)	(18.0, 0.0)	(19.0, 0.0)	(20.0, 0.0)	(21.0, 0.0)	(22.0, 0.0)	(23.0, 0.0)	(24.0, 0.0)	(25.0, 0.0)	(26.0, 0.0)	(27.0, 0.0)	(28.0, 0.0)	(29.0, 0.0)	(30.0, 0.0)	(31.0, 0.0)	(32.0, 0.0)	(33.0, 0.0)	(34.0, 0.0)	(35.0, 0.0)	(36.0, 0.0)	(37.0, 0.0)	(38.0, 0.0)	(39.0, 0.0)	(40.0, 0.0)	(41.0, 0.0)	(42.0, 0.0)	(43.0, 0.004949474118374923)	(44.0, 0.007424211177562384)	(45.0, 0.014848422355124768)	(46.0, 0.13858527531449785)	(47.0, 3.308723448133636)	(48.0, 4.9725716642606725)	(49.0, 3.0200041245617664)	(50.0, 2.5762012786141475)	(51.0, 8.767993400701176)	(52.0, 16.279645287688187)	(53.0, 12.72839760775418)	(54.0, 18.6892142709837)	(55.0, 17.0179418436791)	(56.0, 6.054856671478657)	(57.0, 2.4037945968240892)	(58.0, 2.077954217364408)	(59.0, 1.476593111981852)	(60.0, 0.24169931944730874)	(61.0, 0.1344607135491854)	(62.0, 0.04949474118374923)	(63.0, 0.007424211177562384)	(64.0, 0.0024747370591874616)	(65.0, 0.0024747370591874616)	(66.0, 0.0024747370591874616)	(67.0, 0.0024747370591874616)	(68.0, 0.0)	(69.0, 0.0)	(70.0, 0.0)	(71.0, 0.0)	(72.0, 0.0)	(73.0, 0.0024747370591874616)	(74.0, 0.0)	(75.0, 0.0)	(76.0, 0.0)	(77.0, 0.0)	(78.0, 0.0)	(79.0, 0.0)	(80.0, 0.0)	(81.0, 0.0)	(82.0, 0.0)	(83.0, 0.0)	(84.0, 0.0)	(85.0, 0.0)	(86.0, 0.0)	(87.0, 0.0)	(88.0, 0.0)	(89.0, 0.0)	(90.0, 0.0)	(91.0, 0.0)	(92.0, 0.0)	(93.0, 0.0)	(94.0, 0.0)	(95.0, 0.0)	(96.0, 0.0)	(97.0, 0.0)	(98.0, 0.0)	(99.0, 0.0)	(100.0, 0.0)
521B14_S28_L001_R2_001	(0.0, 0.009912112601599157)	(1.0, 0.004956056300799578)	(2.0, 0.0)	(3.0, 0.0)	(4.0, 0.0)	(5.0, 0.0)	(6.0, 0.0)	(7.0, 0.0)	(8.0, 0.0)	(9.0, 0.0)	(10.0, 0.0)	(11.0, 0.0)	(12.0, 0.0)	(13.0, 0.0)	(14.0, 0.0)	(15.0, 0.0)	(16.0, 0.0)	(17.0, 0.0)	(18.0, 0.0)	(19.0, 0.0)	(20.0, 0.0)	(21.0, 0.0)	(22.0, 0.0)	(23.0, 0.0)	(24.0, 0.0)	(25.0, 0.0)	(26.0, 0.0)	(27.0, 0.0)	(28.0, 0.0)	(29.0, 0.0)	(30.0, 0.0)	(31.0, 0.0)	(32.0, 0.0)	(33.0, 0.0)	(34.0, 0.002478028150399789)	(35.0, 0.004956056300799578)	(36.0, 0.002478028150399789)	(37.0, 0.002478028150399789)	(38.0, 0.0)	(39.0, 0.002478028150399789)	(40.0, 0.004956056300799578)	(41.0, 0.009912112601599157)	(42.0, 0.010738121985065751)	(43.0, 0.0074340844511993675)	(44.0, 0.018172206436265118)	(45.0, 0.05121258177492898)	(46.0, 0.10572920108372433)	(47.0, 0.8830040309257912)	(48.0, 4.768552170752657)	(49.0, 4.989922685521704)	(50.0, 4.180433489724435)	(51.0, 3.869027952157526)	(52.0, 9.262043216810989)	(53.0, 23.58504592612169)	(54.0, 24.12938610982621)	(55.0, 14.057027687834536)	(56.0, 5.014702967025706)	(57.0, 1.688363179805723)	(58.0, 1.497555012224939)	(59.0, 0.7483645014207365)	(60.0, 0.2791911716117096)	(61.0, 0.2354126742879799)	(62.0, 0.12472741690345607)	(63.0, 0.10407718231679114)	(64.0, 0.06938478821119409)	(65.0, 0.02973633780479747)	(66.0, 0.02973633780479747)	(67.0, 0.05451661930879537)	(68.0, 0.02973633780479747)	(69.0, 0.012390140751998945)	(70.0, 0.0223022533535981)	(71.0, 0.0074340844511993675)	(72.0, 0.004956056300799578)	(73.0, 0.012390140751998945)	(74.0, 0.0074340844511993675)	(75.0, 0.002478028150399789)	(76.0, 0.0074340844511993675)	(77.0, 0.0074340844511993675)	(78.0, 0.0074340844511993675)	(79.0, 0.0)	(80.0, 0.002478028150399789)	(81.0, 0.004956056300799578)	(82.0, 0.002478028150399789)	(83.0, 0.0)	(84.0, 0.002478028150399789)	(85.0, 0.002478028150399789)	(86.0, 0.002478028150399789)	(87.0, 0.0074340844511993675)	(88.0, 0.004956056300799578)	(89.0, 0.0)	(90.0, 0.002478028150399789)	(91.0, 0.002478028150399789)	(92.0, 0.002478028150399789)	(93.0, 0.0)	(94.0, 0.0)	(95.0, 0.0)	(96.0, 0.0)	(97.0, 0.0)	(98.0, 0.0)	(99.0, 0.0)	(100.0, 0.0033040375338663852)
523A0_S17_L001_R1_001	(0.0, 0.01142987770030861)	(1.0, 0.005714938850154305)	(2.0, 0.0)	(3.0, 0.0)	(4.0, 0.0)	(5.0, 0.0)	(6.0, 0.0)	(7.0, 0.0)	(8.0, 0.0)	(9.0, 0.0)	(10.0, 0.0)	(11.0, 0.0)	(12.0, 0.0)	(13.0, 0.0)	(14.0, 0.0)	(15.0, 0.0)	(16.0, 0.0)	(17.0, 0.0)	(18.0, 0.0)	(19.0, 0.0)	(20.0, 0.0)	(21.0, 0.0)	(22.0, 0.0)	(23.0, 0.0)	(24.0, 0.0)	(25.0, 0.0)	(26.0, 0.0)	(27.0, 0.0)	(28.0, 0.0)	(29.0, 0.0)	(30.0, 0.0)	(31.0, 0.0)	(32.0, 0.0)	(33.0, 0.0)	(34.0, 0.0)	(35.0, 0.0)	(36.0, 0.0)	(37.0, 0.0)	(38.0, 0.0)	(39.0, 0.008572408275231458)	(40.0, 0.014287347125385761)	(41.0, 0.008572408275231458)	(42.0, 0.0)	(43.0, 0.0)	(44.0, 0.0)	(45.0, 0.0028574694250771524)	(46.0, 0.0028574694250771524)	(47.0, 0.014287347125385761)	(48.0, 0.15144587952908906)	(49.0, 0.4543376385872672)	(50.0, 1.692574389454033)	(51.0, 8.196174800929631)	(52.0, 10.742180058673375)	(53.0, 15.84562045186117)	(54.0, 24.31230235836476)	(55.0, 18.68594506038785)	(56.0, 6.984607764696918)	(57.0, 3.5089724539947436)	(58.0, 1.4392121004305254)	(59.0, 2.002133577170726)	(60.0, 1.946889168285901)	(61.0, 1.0686935649788545)	(62.0, 0.5114870270888103)	(63.0, 0.3514687392844897)	(64.0, 0.17716310435478344)	(65.0, 0.10572636872785462)	(66.0, 0.620070865241742)	(67.0, 1.0258315236026976)	(68.0, 0.10001142987770033)	(69.0, 0.005714938850154305)	(70.0, 0.0)	(71.0, 0.0028574694250771524)	(72.0, 0.0)	(73.0, 0.0)	(74.0, 0.0)	(75.0, 0.0)	(76.0, 0.0)	(77.0, 0.0)	(78.0, 0.0)	(79.0, 0.0)	(80.0, 0.0)	(81.0, 0.0)	(82.0, 0.0)	(83.0, 0.0)	(84.0, 0.0)	(85.0, 0.0)	(86.0, 0.0)	(87.0, 0.0)	(88.0, 0.0)	(89.0, 0.0)	(90.0, 0.0)	(91.0, 0.0)	(92.0, 0.0)	(93.0, 0.0)	(94.0, 0.0)	(95.0, 0.0)	(96.0, 0.0)	(97.0, 0.0)	(98.0, 0.0)	(99.0, 0.0)	(100.0, 0.0)
523A0_S17_L001_R2_001	(0.0, 0.011566265060240968)	(1.0, 0.005783132530120484)	(2.0, 0.0)	(3.0, 0.0)	(4.0, 0.0)	(5.0, 0.0)	(6.0, 0.0)	(7.0, 0.0)	(8.0, 0.0)	(9.0, 0.0)	(10.0, 0.0)	(11.0, 0.0)	(12.0, 0.0)	(13.0, 0.0)	(14.0, 0.0)	(15.0, 0.0)	(16.0, 0.0)	(17.0, 0.0)	(18.0, 0.0)	(19.0, 0.0)	(20.0, 0.0)	(21.0, 0.0)	(22.0, 0.0)	(23.0, 0.0)	(24.0, 0.0)	(25.0, 0.0)	(26.0, 0.0)	(27.0, 0.0)	(28.0, 0.0)	(29.0, 0.0)	(30.0, 0.0)	(31.0, 0.0)	(32.0, 0.0)	(33.0, 0.0)	(34.0, 0.0)	(35.0, 0.0038554216867469886)	(36.0, 0.0)	(37.0, 0.002891566265060242)	(38.0, 0.002891566265060242)	(39.0, 0.008674698795180727)	(40.0, 0.020240963855421693)	(41.0, 0.008674698795180727)	(42.0, 0.005783132530120484)	(43.0, 0.015421686746987955)	(44.0, 0.017349397590361453)	(45.0, 0.035662650602409654)	(46.0, 0.02120481927710844)	(47.0, 0.058795180722891596)	(48.0, 0.210120481927711)	(49.0, 0.5012048192771086)	(50.0, 1.0930120481927703)	(51.0, 3.5180722891566276)	(52.0, 11.607710843373544)	(53.0, 23.436144578313204)	(54.0, 25.261686746987937)	(55.0, 15.968192771084341)	(56.0, 6.824096385542171)	(57.0, 2.792289156626507)	(58.0, 2.419277108433736)	(59.0, 1.6424096385542173)	(60.0, 0.6274698795180725)	(61.0, 0.25831325301204827)	(62.0, 0.21204819277108444)	(63.0, 0.2939759036144579)	(64.0, 0.4395180722891569)	(65.0, 0.37590361445783144)	(66.0, 0.3277108433734941)	(67.0, 0.6534939759036147)	(68.0, 0.7518072289156629)	(69.0, 0.31228915662650614)	(70.0, 0.08385542168674702)	(71.0, 0.04337349397590363)	(72.0, 0.008674698795180727)	(73.0, 0.008674698795180727)	(74.0, 0.011566265060240968)	(75.0, 0.011566265060240968)	(76.0, 0.020240963855421693)	(77.0, 0.008674698795180727)	(78.0, 0.002891566265060242)	(79.0, 0.002891566265060242)	(80.0, 0.008674698795180727)	(81.0, 0.002891566265060242)	(82.0, 0.011566265060240968)	(83.0, 0.008674698795180727)	(84.0, 0.002891566265060242)	(85.0, 0.002891566265060242)	(86.0, 0.002891566265060242)	(87.0, 0.0)	(88.0, 0.0)	(89.0, 0.002891566265060242)	(90.0, 0.002891566265060242)	(91.0, 0.0)	(92.0, 0.0)	(93.0, 0.0)	(94.0, 0.0)	(95.0, 0.002891566265060242)	(96.0, 0.0)	(97.0, 0.0)	(98.0, 0.0)	(99.0, 0.002891566265060242)	(100.0, 0.0)
523A14_S18_L001_R1_001	(0.0, 0.04950801410978406)	(1.0, 0.02475400705489203)	(2.0, 0.0)	(3.0, 0.0)	(4.0, 0.0)	(5.0, 0.0)	(6.0, 0.0)	(7.0, 0.0)	(8.0, 0.0)	(9.0, 0.0)	(10.0, 0.0)	(11.0, 0.0)	(12.0, 0.0)	(13.0, 0.0)	(14.0, 0.0)	(15.0, 0.0)	(16.0, 0.0)	(17.0, 0.0)	(18.0, 0.0)	(19.0, 0.0)	(20.0, 0.0)	(21.0, 0.0)	(22.0, 0.0)	(23.0, 0.0)	(24.0, 0.0)	(25.0, 0.0)	(26.0, 0.0)	(27.0, 0.0)	(28.0, 0.0)	(29.0, 0.0)	(30.0, 0.0)	(31.0, 0.0)	(32.0, 0.0)	(33.0, 0.0)	(34.0, 0.0)	(35.0, 0.0)	(36.0, 0.0)	(37.0, 0.0)	(38.0, 0.0)	(39.0, 0.0)	(40.0, 0.0)	(41.0, 0.0)	(42.0, 0.0030942508818615037)	(43.0, 0.0061885017637230075)	(44.0, 0.02578542401551253)	(45.0, 0.02887967489737403)	(46.0, 0.03403675970047654)	(47.0, 0.06807351940095308)	(48.0, 0.5693421622625168)	(49.0, 1.2542030241145297)	(50.0, 2.3433793345297786)	(51.0, 9.773707118839873)	(52.0, 14.414052024671504)	(53.0, 15.50529116900799)	(54.0, 22.159993398931434)	(55.0, 19.34835076427993)	(56.0, 8.15747674154755)	(57.0, 3.4026445530870344)	(58.0, 0.8694844978030825)	(59.0, 0.662169688718362)	(60.0, 0.48992305629473826)	(61.0, 0.24238298574581785)	(62.0, 0.12170720135321912)	(63.0, 0.13614703880190615)	(64.0, 0.061885017637230075)	(65.0, 0.012377003527446015)	(66.0, 0.07426202116467609)	(67.0, 0.15161829321121367)	(68.0, 0.0061885017637230075)	(69.0, 0.0)	(70.0, 0.0030942508818615037)	(71.0, 0.0)	(72.0, 0.0)	(73.0, 0.0)	(74.0, 0.0)	(75.0, 0.0)	(76.0, 0.0)	(77.0, 0.0)	(78.0, 0.0)	(79.0, 0.0)	(80.0, 0.0)	(81.0, 0.0)	(82.0, 0.0)	(83.0, 0.0)	(84.0, 0.0)	(85.0, 0.0)	(86.0, 0.0)	(87.0, 0.0)	(88.0, 0.0)	(89.0, 0.0)	(90.0, 0.0)	(91.0, 0.0)	(92.0, 0.0)	(93.0, 0.0)	(94.0, 0.0)	(95.0, 0.0)	(96.0, 0.0)	(97.0, 0.0)	(98.0, 0.0)	(99.0, 0.0)	(100.0, 0.0)
523A14_S18_L001_R2_001	(0.0, 0.05023232450081632)	(1.0, 0.02511616225040816)	(2.0, 0.0)	(3.0, 0.0)	(4.0, 0.0)	(5.0, 0.0)	(6.0, 0.0)	(7.0, 0.0)	(8.0, 0.0)	(9.0, 0.0)	(10.0, 0.0)	(11.0, 0.0)	(12.0, 0.0)	(13.0, 0.0)	(14.0, 0.0)	(15.0, 0.0)	(16.0, 0.0)	(17.0, 0.0)	(18.0, 0.0)	(19.0, 0.0)	(20.0, 0.0)	(21.0, 0.0)	(22.0, 0.0)	(23.0, 0.0)	(24.0, 0.0)	(25.0, 0.0)	(26.0, 0.0)	(27.0, 0.0)	(28.0, 0.0)	(29.0, 0.0)	(30.0, 0.0)	(31.0, 0.0)	(32.0, 0.0)	(33.0, 0.00313952028130102)	(34.0, 0.00313952028130102)	(35.0, 0.0)	(36.0, 0.0)	(37.0, 0.00627904056260204)	(38.0, 0.018837121687806123)	(39.0, 0.00627904056260204)	(40.0, 0.00627904056260204)	(41.0, 0.0)	(42.0, 0.015697601406505102)	(43.0, 0.018837121687806123)	(44.0, 0.02511616225040816)	(45.0, 0.04081376365691327)	(46.0, 0.05651136506341837)	(47.0, 0.20092929800326534)	(48.0, 0.7042990497718624)	(49.0, 1.505923228264056)	(50.0, 1.8523169659676018)	(51.0, 4.52928125915693)	(52.0, 14.174934070074139)	(53.0, 22.674661978316337)	(54.0, 24.364770396416734)	(55.0, 16.93352589057727)	(56.0, 7.233454728117553)	(57.0, 2.473941981665204)	(58.0, 0.980576834526352)	(59.0, 0.4730210557160204)	(60.0, 0.26581271715015303)	(61.0, 0.1862782033571939)	(62.0, 0.17581313575285715)	(63.0, 0.14023190589811224)	(64.0, 0.1737201222319898)	(65.0, 0.1548830005441837)	(66.0, 0.11302273012683674)	(67.0, 0.13499937209594387)	(68.0, 0.10360416928293367)	(69.0, 0.053371844782117345)	(70.0, 0.021976641969107143)	(71.0, 0.015697601406505102)	(72.0, 0.009418560843903061)	(73.0, 0.00627904056260204)	(74.0, 0.009418560843903061)	(75.0, 0.00627904056260204)	(76.0, 0.00627904056260204)	(77.0, 0.00313952028130102)	(78.0, 0.00313952028130102)	(79.0, 0.00627904056260204)	(80.0, 0.00313952028130102)	(81.0, 0.00627904056260204)	(82.0, 0.00313952028130102)	(83.0, 0.00313952028130102)	(84.0, 0.0)	(85.0, 0.00313952028130102)	(86.0, 0.0)	(87.0, 0.0)	(88.0, 0.0)	(89.0, 0.0)	(90.0, 0.0)	(91.0, 0.0)	(92.0, 0.0)	(93.0, 0.0)	(94.0, 0.0)	(95.0, 0.0)	(96.0, 0.0)	(97.0, 0.00313952028130102)	(98.0, 0.00313952028130102)	(99.0, 0.00313952028130102)	(100.0, 0.004186027041734694)
523B0_S19_L001_R1_001	(0.0, 0.040042712226374816)	(1.0, 0.020021356113187408)	(2.0, 0.0)	(3.0, 0.0)	(4.0, 0.0)	(5.0, 0.0)	(6.0, 0.0)	(7.0, 0.0)	(8.0, 0.0)	(9.0, 0.0)	(10.0, 0.0)	(11.0, 0.0)	(12.0, 0.0)	(13.0, 0.0)	(14.0, 0.0)	(15.0, 0.0)	(16.0, 0.0)	(17.0, 0.0)	(18.0, 0.0)	(19.0, 0.0)	(20.0, 0.0)	(21.0, 0.0)	(22.0, 0.0)	(23.0, 0.0)	(24.0, 0.0)	(25.0, 0.0)	(26.0, 0.0)	(27.0, 0.0)	(28.0, 0.0)	(29.0, 0.0)	(30.0, 0.0)	(31.0, 0.0)	(32.0, 0.0)	(33.0, 0.0)	(34.0, 0.0)	(35.0, 0.0)	(36.0, 0.0)	(37.0, 0.0)	(38.0, 0.0)	(39.0, 0.0)	(40.0, 0.0)	(41.0, 0.0044491902473749794)	(42.0, 0.011122975618437449)	(43.0, 0.010010678056593704)	(44.0, 0.0066737853710624705)	(45.0, 0.0066737853710624705)	(46.0, 0.040042712226374816)	(47.0, 0.16350774159103051)	(48.0, 2.344723260366614)	(49.0, 5.115456486919383)	(50.0, 4.145533012991638)	(51.0, 9.276561665776835)	(52.0, 11.247552945363953)	(53.0, 12.565625556148808)	(54.0, 20.211558996262653)	(55.0, 18.59094144865631)	(56.0, 8.485718099305938)	(57.0, 4.190024915465386)	(58.0, 1.203505961914932)	(59.0, 0.8464584445630905)	(60.0, 0.5594856736074039)	(61.0, 0.27807439046093624)	(62.0, 0.14571098060153057)	(63.0, 0.10010678056593704)	(64.0, 0.07341163908168716)	(65.0, 0.04337960491190605)	(66.0, 0.09009610250934334)	(67.0, 0.16017084890549926)	(68.0, 0.020021356113187408)	(69.0, 0.0033368926855312352)	(70.0, 0.0)	(71.0, 0.0)	(72.0, 0.0)	(73.0, 0.0)	(74.0, 0.0)	(75.0, 0.0)	(76.0, 0.0)	(77.0, 0.0)	(78.0, 0.0)	(79.0, 0.0)	(80.0, 0.0)	(81.0, 0.0)	(82.0, 0.0)	(83.0, 0.0)	(84.0, 0.0)	(85.0, 0.0)	(86.0, 0.0)	(87.0, 0.0)	(88.0, 0.0)	(89.0, 0.0)	(90.0, 0.0)	(91.0, 0.0)	(92.0, 0.0)	(93.0, 0.0)	(94.0, 0.0)	(95.0, 0.0)	(96.0, 0.0)	(97.0, 0.0)	(98.0, 0.0)	(99.0, 0.0)	(100.0, 0.0)
523B0_S19_L001_R2_001	(0.0, 0.04061280205771532)	(1.0, 0.02030640102885766)	(2.0, 0.0)	(3.0, 0.0)	(4.0, 0.0)	(5.0, 0.0)	(6.0, 0.0)	(7.0, 0.0)	(8.0, 0.0)	(9.0, 0.0)	(10.0, 0.0)	(11.0, 0.0)	(12.0, 0.0)	(13.0, 0.0)	(14.0, 0.0)	(15.0, 0.0)	(16.0, 0.0)	(17.0, 0.0)	(18.0, 0.0)	(19.0, 0.0)	(20.0, 0.0)	(21.0, 0.0)	(22.0, 0.0)	(23.0, 0.0)	(24.0, 0.0)	(25.0, 0.0)	(26.0, 0.0)	(27.0, 0.0)	(28.0, 0.0)	(29.0, 0.0)	(30.0, 0.0)	(31.0, 0.0)	(32.0, 0.0)	(33.0, 0.0)	(34.0, 0.0)	(35.0, 0.0)	(36.0, 0.003384400171476277)	(37.0, 0.003384400171476277)	(38.0, 0.006768800342952554)	(39.0, 0.014665734076397199)	(40.0, 0.006768800342952554)	(41.0, 0.01015320051442883)	(42.0, 0.018050134247873474)	(43.0, 0.027075201371810215)	(44.0, 0.011281333904920922)	(45.0, 0.04625346901017578)	(46.0, 0.1489136075449562)	(47.0, 0.5866293630558881)	(48.0, 2.7165452043049587)	(49.0, 4.952505584260285)	(50.0, 4.285778750479459)	(51.0, 4.372645021547348)	(52.0, 11.332099907493099)	(53.0, 19.66674939644861)	(54.0, 21.871122041470144)	(55.0, 15.815302001308652)	(56.0, 7.091446492633291)	(57.0, 3.303174567360846)	(58.0, 1.3097628663613188)	(59.0, 0.5933981633988406)	(60.0, 0.3079804156043412)	(61.0, 0.18050134247873478)	(62.0, 0.16583560840233758)	(63.0, 0.1274790731256064)	(64.0, 0.17260440874529012)	(65.0, 0.16809187518332178)	(66.0, 0.1319916066875748)	(67.0, 0.15568240788790874)	(68.0, 0.11845400600166969)	(69.0, 0.0744568037724781)	(70.0, 0.03384400171476277)	(71.0, 0.02030640102885766)	(72.0, 0.0)	(73.0, 0.0)	(74.0, 0.006768800342952554)	(75.0, 0.006768800342952554)	(76.0, 0.003384400171476277)	(77.0, 0.006768800342952554)	(78.0, 0.016922000857381384)	(79.0, 0.006768800342952554)	(80.0, 0.003384400171476277)	(81.0, 0.006768800342952554)	(82.0, 0.0)	(83.0, 0.003384400171476277)	(84.0, 0.006768800342952554)	(85.0, 0.0)	(86.0, 0.003384400171476277)	(87.0, 0.003384400171476277)	(88.0, 0.0)	(89.0, 0.0)	(90.0, 0.003384400171476277)	(91.0, 0.003384400171476277)	(92.0, 0.0)	(93.0, 0.0)	(94.0, 0.0)	(95.0, 0.0)	(96.0, 0.0)	(97.0, 0.0)	(98.0, 0.0)	(99.0, 0.006768800342952554)	(100.0, 0.0)
523B14_S20_L001_R1_001	(0.0, 0.0286194683933746)	(1.0, 0.0143097341966873)	(2.0, 0.0)	(3.0, 0.0)	(4.0, 0.0)	(5.0, 0.0)	(6.0, 0.0)	(7.0, 0.0)	(8.0, 0.0)	(9.0, 0.0)	(10.0, 0.0)	(11.0, 0.0)	(12.0, 0.0)	(13.0, 0.0)	(14.0, 0.0)	(15.0, 0.0)	(16.0, 0.0)	(17.0, 0.0)	(18.0, 0.0)	(19.0, 0.0)	(20.0, 0.0)	(21.0, 0.0)	(22.0, 0.0)	(23.0, 0.0)	(24.0, 0.0)	(25.0, 0.0)	(26.0, 0.0)	(27.0, 0.0)	(28.0, 0.0)	(29.0, 0.0)	(30.0, 0.0)	(31.0, 0.0)	(32.0, 0.0)	(33.0, 0.0)	(34.0, 0.0)	(35.0, 0.0)	(36.0, 0.0)	(37.0, 0.0)	(38.0, 0.0)	(39.0, 0.0)	(40.0, 0.003577433549171825)	(41.0, 0.0)	(42.0, 0.0)	(43.0, 0.0)	(44.0, 0.0)	(45.0, 0.0)	(46.0, 0.017887167745859123)	(47.0, 0.04650663613923372)	(48.0, 0.38636282331055705)	(49.0, 0.651092905949272)	(50.0, 2.0808738477682778)	(51.0, 7.393362668288435)	(52.0, 11.167555062664714)	(53.0, 17.32193324508998)	(54.0, 22.579568084522826)	(55.0, 20.857630069521463)	(56.0, 7.921630355716139)	(57.0, 3.57266363777293)	(58.0, 1.788716774585912)	(59.0, 1.1507411249836035)	(60.0, 0.7703406909216667)	(61.0, 0.43406193729951476)	(62.0, 0.37324556696359373)	(63.0, 0.25876769339009525)	(64.0, 0.21464601295030947)	(65.0, 0.08228097163095197)	(66.0, 0.28977211748291776)	(67.0, 0.52946016527743)	(68.0, 0.05008406968840555)	(69.0, 0.010732300647515474)	(70.0, 0.0)	(71.0, 0.0)	(72.0, 0.003577433549171825)	(73.0, 0.0)	(74.0, 0.0)	(75.0, 0.0)	(76.0, 0.0)	(77.0, 0.0)	(78.0, 0.0)	(79.0, 0.0)	(80.0, 0.0)	(81.0, 0.0)	(82.0, 0.0)	(83.0, 0.0)	(84.0, 0.0)	(85.0, 0.0)	(86.0, 0.0)	(87.0, 0.0)	(88.0, 0.0)	(89.0, 0.0)	(90.0, 0.0)	(91.0, 0.0)	(92.0, 0.0)	(93.0, 0.0)	(94.0, 0.0)	(95.0, 0.0)	(96.0, 0.0)	(97.0, 0.0)	(98.0, 0.0)	(99.0, 0.0)	(100.0, 0.0)
523B14_S20_L001_R2_001	(0.0, 0.0282489200673266)	(1.0, 0.0141244600336633)	(2.0, 0.0)	(3.0, 0.0)	(4.0, 0.0)	(5.0, 0.0)	(6.0, 0.0)	(7.0, 0.0)	(8.0, 0.0)	(9.0, 0.0)	(10.0, 0.0)	(11.0, 0.0)	(12.0, 0.0)	(13.0, 0.0)	(14.0, 0.0)	(15.0, 0.0)	(16.0, 0.0)	(17.0, 0.0)	(18.0, 0.0)	(19.0, 0.0)	(20.0, 0.0)	(21.0, 0.0)	(22.0, 0.0)	(23.0, 0.0)	(24.0, 0.0)	(25.0, 0.0)	(26.0, 0.0)	(27.0, 0.0)	(28.0, 0.0)	(29.0, 0.0)	(30.0, 0.0)	(31.0, 0.0)	(32.0, 0.0)	(33.0, 0.0)	(34.0, 0.0)	(35.0, 0.0)	(36.0, 0.003531115008415825)	(37.0, 0.010593345025247475)	(38.0, 0.0)	(39.0, 0.0)	(40.0, 0.003531115008415825)	(41.0, 0.012947421697524691)	(42.0, 0.004708153344554432)	(43.0, 0.0141244600336633)	(44.0, 0.027071881731187988)	(45.0, 0.06238303181534623)	(46.0, 0.05296672512623737)	(47.0, 0.18008686542920713)	(48.0, 0.688567426641086)	(49.0, 1.2759095563742497)	(50.0, 3.274520651137627)	(51.0, 6.804458621217262)	(52.0, 16.411445520780635)	(53.0, 23.099377346720164)	(54.0, 21.89644416718652)	(55.0, 13.43589260702222)	(56.0, 5.499123106439577)	(57.0, 2.2045928035876137)	(58.0, 1.1205404960039549)	(59.0, 0.5979354747584129)	(60.0, 0.3331018491272262)	(61.0, 0.249532127261385)	(62.0, 0.20362763215197927)	(63.0, 0.26601066396732553)	(64.0, 0.3354559257995034)	(65.0, 0.29896773737920646)	(66.0, 0.25894843395049383)	(67.0, 0.46610718111088884)	(68.0, 0.44138937605197814)	(69.0, 0.20833578549653364)	(70.0, 0.0564978401346532)	(71.0, 0.0282489200673266)	(72.0, 0.010593345025247475)	(73.0, 0.00706223001683165)	(74.0, 0.003531115008415825)	(75.0, 0.0141244600336633)	(76.0, 0.010593345025247475)	(77.0, 0.010593345025247475)	(78.0, 0.00706223001683165)	(79.0, 0.003531115008415825)	(80.0, 0.00706223001683165)	(81.0, 0.0)	(82.0, 0.003531115008415825)	(83.0, 0.003531115008415825)	(84.0, 0.010593345025247475)	(85.0, 0.00706223001683165)	(86.0, 0.0)	(87.0, 0.0)	(88.0, 0.0)	(89.0, 0.0)	(90.0, 0.00706223001683165)	(91.0, 0.00706223001683165)	(92.0, 0.003531115008415825)	(93.0, 0.0)	(94.0, 0.003531115008415825)	(95.0, 0.003531115008415825)	(96.0, 0.0)	(97.0, 0.003531115008415825)	(98.0, 0.003531115008415825)	(99.0, 0.0)	(100.0, 0.0)
528A0_S53_L001_R1_001	(0.0, 0.03625122096126158)	(1.0, 0.01812561048063079)	(2.0, 0.0)	(3.0, 0.0)	(4.0, 0.0)	(5.0, 0.0)	(6.0, 0.0)	(7.0, 0.0)	(8.0, 0.0)	(9.0, 0.0)	(10.0, 0.0)	(11.0, 0.0)	(12.0, 0.0)	(13.0, 0.0)	(14.0, 0.0)	(15.0, 0.0)	(16.0, 0.0)	(17.0, 0.0)	(18.0, 0.0)	(19.0, 0.0)	(20.0, 0.0)	(21.0, 0.0)	(22.0, 0.0)	(23.0, 0.0)	(24.0, 0.0)	(25.0, 0.0)	(26.0, 0.0)	(27.0, 0.0)	(28.0, 0.0)	(29.0, 0.0)	(30.0, 0.0)	(31.0, 0.0)	(32.0, 0.0)	(33.0, 0.0)	(34.0, 0.0)	(35.0, 0.0)	(36.0, 0.0030209350801051315)	(37.0, 0.0030209350801051315)	(38.0, 0.0)	(39.0, 0.0030209350801051315)	(40.0, 0.004027913440140175)	(41.0, 0.004027913440140175)	(42.0, 0.0)	(43.0, 0.006041870160210263)	(44.0, 0.0)	(45.0, 0.01510467540052566)	(46.0, 0.06041870160210264)	(47.0, 0.6404382369822879)	(48.0, 3.0571863010663933)	(49.0, 4.36625816911195)	(50.0, 3.769120001611169)	(51.0, 8.2612504657275)	(52.0, 12.499622383115028)	(53.0, 15.737057810627642)	(54.0, 21.70239761547519)	(55.0, 16.49229158065392)	(56.0, 7.195867360810423)	(57.0, 2.100556859033102)	(58.0, 1.4349441630499353)	(59.0, 1.2506671231635216)	(60.0, 0.7572477267463534)	(61.0, 0.29403768113023276)	(62.0, 0.06142567996213768)	(63.0, 0.0664605717623129)	(64.0, 0.01510467540052566)	(65.0, 0.012083740320420526)	(66.0, 0.04531402620157698)	(67.0, 0.07250244192252316)	(68.0, 0.0030209350801051315)	(69.0, 0.009062805240315394)	(70.0, 0.0030209350801051315)	(71.0, 0.0)	(72.0, 0.0)	(73.0, 0.0)	(74.0, 0.0)	(75.0, 0.0)	(76.0, 0.0)	(77.0, 0.0)	(78.0, 0.0)	(79.0, 0.0)	(80.0, 0.0)	(81.0, 0.0)	(82.0, 0.0)	(83.0, 0.0)	(84.0, 0.0)	(85.0, 0.0)	(86.0, 0.0)	(87.0, 0.0)	(88.0, 0.0)	(89.0, 0.0)	(90.0, 0.0)	(91.0, 0.0)	(92.0, 0.0)	(93.0, 0.0)	(94.0, 0.0)	(95.0, 0.0)	(96.0, 0.0)	(97.0, 0.0)	(98.0, 0.0)	(99.0, 0.0)	(100.0, 0.0)
528A0_S53_L001_R2_001	(0.0, 0.036732070158254075)	(1.0, 0.018366035079127038)	(2.0, 0.0)	(3.0, 0.0)	(4.0, 0.0)	(5.0, 0.0)	(6.0, 0.0)	(7.0, 0.0)	(8.0, 0.0)	(9.0, 0.0)	(10.0, 0.0)	(11.0, 0.0)	(12.0, 0.0)	(13.0, 0.0)	(14.0, 0.0)	(15.0, 0.0)	(16.0, 0.0)	(17.0, 0.0)	(18.0, 0.0)	(19.0, 0.0)	(20.0, 0.0)	(21.0, 0.0)	(22.0, 0.0)	(23.0, 0.0)	(24.0, 0.0)	(25.0, 0.0)	(26.0, 0.0)	(27.0, 0.0)	(28.0, 0.0)	(29.0, 0.0)	(30.0, 0.003061005846521173)	(31.0, 0.003061005846521173)	(32.0, 0.0)	(33.0, 0.0)	(34.0, 0.003061005846521173)	(35.0, 0.003061005846521173)	(36.0, 0.003061005846521173)	(37.0, 0.003061005846521173)	(38.0, 0.0)	(39.0, 0.006122011693042346)	(40.0, 0.003061005846521173)	(41.0, 0.007142346975216069)	(42.0, 0.01632536451477959)	(43.0, 0.01632536451477959)	(44.0, 0.028569387900864277)	(45.0, 0.05407776995520739)	(46.0, 0.1336639219647579)	(47.0, 0.7489260971155143)	(48.0, 2.3110594141234864)	(49.0, 4.51498362361873)	(50.0, 3.3048659789606956)	(51.0, 4.219086391788346)	(52.0, 11.576724111543133)	(53.0, 22.353505361861764)	(54.0, 22.802452886018326)	(55.0, 17.00898915383598)	(56.0, 5.603681369698093)	(57.0, 1.7060005917944667)	(58.0, 1.1713449039354356)	(59.0, 0.9223830950850467)	(60.0, 0.34691399593906624)	(61.0, 0.20202638587039742)	(62.0, 0.14488761006866885)	(63.0, 0.13264358668258416)	(64.0, 0.13162325140041042)	(65.0, 0.10101319293519871)	(66.0, 0.05509810523738111)	(67.0, 0.09489118124215636)	(68.0, 0.07958615200955049)	(69.0, 0.036732070158254075)	(70.0, 0.015305029232605866)	(71.0, 0.009183017539563519)	(72.0, 0.009183017539563519)	(73.0, 0.006122011693042346)	(74.0, 0.009183017539563519)	(75.0, 0.003061005846521173)	(76.0, 0.0)	(77.0, 0.006122011693042346)	(78.0, 0.0)	(79.0, 0.0)	(80.0, 0.003061005846521173)	(81.0, 0.0)	(82.0, 0.0)	(83.0, 0.003061005846521173)	(84.0, 0.0)	(85.0, 0.003061005846521173)	(86.0, 0.0)	(87.0, 0.003061005846521173)	(88.0, 0.006122011693042346)	(89.0, 0.0)	(90.0, 0.0)	(91.0, 0.0)	(92.0, 0.003061005846521173)	(93.0, 0.003061005846521173)	(94.0, 0.0)	(95.0, 0.0)	(96.0, 0.003061005846521173)	(97.0, 0.003061005846521173)	(98.0, 0.003061005846521173)	(99.0, 0.0)	(100.0, 0.0)
528A14_S54_L001_R1_001	(0.0, 0.011529703398380076)	(1.0, 0.005764851699190038)	(2.0, 0.0)	(3.0, 0.0)	(4.0, 0.0)	(5.0, 0.0)	(6.0, 0.0)	(7.0, 0.0)	(8.0, 0.0)	(9.0, 0.0)	(10.0, 0.0)	(11.0, 0.0)	(12.0, 0.0)	(13.0, 0.0)	(14.0, 0.0)	(15.0, 0.0)	(16.0, 0.0)	(17.0, 0.0)	(18.0, 0.0)	(19.0, 0.0)	(20.0, 0.0)	(21.0, 0.0)	(22.0, 0.0)	(23.0, 0.0)	(24.0, 0.0)	(25.0, 0.0)	(26.0, 0.0)	(27.0, 0.002882425849595019)	(28.0, 0.0)	(29.0, 0.0)	(30.0, 0.0)	(31.0, 0.0)	(32.0, 0.0)	(33.0, 0.0)	(34.0, 0.0)	(35.0, 0.0)	(36.0, 0.0)	(37.0, 0.0)	(38.0, 0.0)	(39.0, 0.008647277548785057)	(40.0, 0.014412129247975096)	(41.0, 0.017294555097570115)	(42.0, 0.02017698094716513)	(43.0, 0.02017698094716513)	(44.0, 0.02017698094716513)	(45.0, 0.02017698094716513)	(46.0, 0.07206064623987547)	(47.0, 0.2651831781627418)	(48.0, 1.0011625784260034)	(49.0, 1.8111242421622038)	(50.0, 3.7615657337215005)	(51.0, 12.797009963585355)	(52.0, 14.657135445190676)	(53.0, 13.183255027431093)	(54.0, 17.6856042044985)	(55.0, 13.949019494806828)	(56.0, 4.908771221860316)	(57.0, 3.477166383228124)	(58.0, 2.802678734422902)	(59.0, 3.7625265423380254)	(60.0, 3.465636679829742)	(61.0, 0.9531221475994193)	(62.0, 0.33532220716955385)	(63.0, 0.21329951287003143)	(64.0, 0.08262954102172387)	(65.0, 0.028824258495950193)	(66.0, 0.2075346611708414)	(67.0, 0.36895050874816243)	(68.0, 0.060530942841495405)	(69.0, 0.002882425849595019)	(70.0, 0.0)	(71.0, 0.002882425849595019)	(72.0, 0.0)	(73.0, 0.0)	(74.0, 0.0)	(75.0, 0.0)	(76.0, 0.0)	(77.0, 0.002882425849595019)	(78.0, 0.0)	(79.0, 0.0)	(80.0, 0.0)	(81.0, 0.0)	(82.0, 0.0)	(83.0, 0.0)	(84.0, 0.0)	(85.0, 0.0)	(86.0, 0.0)	(87.0, 0.0)	(88.0, 0.0)	(89.0, 0.0)	(90.0, 0.0)	(91.0, 0.0)	(92.0, 0.0)	(93.0, 0.0)	(94.0, 0.0)	(95.0, 0.0)	(96.0, 0.0)	(97.0, 0.0)	(98.0, 0.0)	(99.0, 0.0)	(100.0, 0.0)
528A14_S54_L001_R2_001	(0.0, 0.011737663226879257)	(1.0, 0.005868831613439629)	(2.0, 0.0)	(3.0, 0.0)	(4.0, 0.0)	(5.0, 0.0)	(6.0, 0.0)	(7.0, 0.0)	(8.0, 0.0)	(9.0, 0.0)	(10.0, 0.0)	(11.0, 0.0)	(12.0, 0.0)	(13.0, 0.0)	(14.0, 0.0)	(15.0, 0.0)	(16.0, 0.0)	(17.0, 0.0)	(18.0, 0.0)	(19.0, 0.0)	(20.0, 0.0)	(21.0, 0.0)	(22.0, 0.0)	(23.0, 0.0)	(24.0, 0.0)	(25.0, 0.0)	(26.0, 0.0)	(27.0, 0.0)	(28.0, 0.0)	(29.0, 0.0)	(30.0, 0.0029344158067198143)	(31.0, 0.0029344158067198143)	(32.0, 0.0029344158067198143)	(33.0, 0.0)	(34.0, 0.0)	(35.0, 0.003912554408959752)	(36.0, 0.006846970215679566)	(37.0, 0.0)	(38.0, 0.0)	(39.0, 0.011737663226879257)	(40.0, 0.020540910647038703)	(41.0, 0.029344158067198145)	(42.0, 0.029344158067198145)	(43.0, 0.034234851078397834)	(44.0, 0.03423485107839784)	(45.0, 0.04499437570303716)	(46.0, 0.0978138602239938)	(47.0, 0.26703183841150313)	(48.0, 0.9595539687973793)	(49.0, 1.8721572846872414)	(50.0, 2.0071404117963536)	(51.0, 4.3175037902870805)	(52.0, 14.374724898518132)	(53.0, 25.822859099134316)	(54.0, 22.151904924927866)	(55.0, 12.099574509708038)	(56.0, 4.226536900278774)	(57.0, 2.411111654521448)	(58.0, 3.6308504915146504)	(59.0, 2.3974177140900887)	(60.0, 0.7952266836210697)	(61.0, 0.36288942143101705)	(62.0, 0.21519049249278643)	(63.0, 0.18291191861886844)	(64.0, 0.24160023475326475)	(65.0, 0.1692179781875093)	(66.0, 0.205409106470387)	(67.0, 0.35408617401085757)	(68.0, 0.2611630067980635)	(69.0, 0.12031104807551239)	(70.0, 0.049885068714236855)	(71.0, 0.017606494840318888)	(72.0, 0.023475326453758515)	(73.0, 0.014672079033599073)	(74.0, 0.020540910647038703)	(75.0, 0.014672079033599073)	(76.0, 0.008803247420159444)	(77.0, 0.005868831613439629)	(78.0, 0.0029344158067198143)	(79.0, 0.008803247420159444)	(80.0, 0.008803247420159444)	(81.0, 0.0)	(82.0, 0.0029344158067198143)	(83.0, 0.0029344158067198143)	(84.0, 0.0)	(85.0, 0.0029344158067198143)	(86.0, 0.0)	(87.0, 0.0)	(88.0, 0.0029344158067198143)	(89.0, 0.005868831613439629)	(90.0, 0.0029344158067198143)	(91.0, 0.0029344158067198143)	(92.0, 0.0)	(93.0, 0.0)	(94.0, 0.0)	(95.0, 0.0029344158067198143)	(96.0, 0.0029344158067198143)	(97.0, 0.0029344158067198143)	(98.0, 0.0029344158067198143)	(99.0, 0.0029344158067198143)	(100.0, 0.0)
528B0_S55_L001_R1_001	(0.0, 0.023869908995971995)	(1.0, 0.011934954497985997)	(2.0, 0.0)	(3.0, 0.0)	(4.0, 0.0)	(5.0, 0.0)	(6.0, 0.0)	(7.0, 0.0)	(8.0, 0.0)	(9.0, 0.0)	(10.0, 0.0)	(11.0, 0.0)	(12.0, 0.0)	(13.0, 0.0)	(14.0, 0.0)	(15.0, 0.0)	(16.0, 0.0)	(17.0, 0.0)	(18.0, 0.0)	(19.0, 0.0)	(20.0, 0.0)	(21.0, 0.0)	(22.0, 0.0)	(23.0, 0.0)	(24.0, 0.0)	(25.0, 0.0)	(26.0, 0.0)	(27.0, 0.0)	(28.0, 0.0)	(29.0, 0.0029837386244964993)	(30.0, 0.0029837386244964993)	(31.0, 0.0)	(32.0, 0.0)	(33.0, 0.0)	(34.0, 0.0)	(35.0, 0.0)	(36.0, 0.0)	(37.0, 0.0029837386244964993)	(38.0, 0.0)	(39.0, 0.0029837386244964993)	(40.0, 0.0)	(41.0, 0.005967477248992999)	(42.0, 0.008951215873489498)	(43.0, 0.011934954497985997)	(44.0, 0.014918693122482497)	(45.0, 0.01591327266398133)	(46.0, 0.03679944303545682)	(47.0, 0.33716246456810445)	(48.0, 0.6186284748122742)	(49.0, 0.7310159630016424)	(50.0, 1.0413247799492784)	(51.0, 2.208961161668909)	(52.0, 6.078870157640851)	(53.0, 20.038788602118334)	(54.0, 30.48585210602227)	(55.0, 18.237605052464044)	(56.0, 8.293798796558779)	(57.0, 2.2815654681983237)	(58.0, 1.6977472773385078)	(59.0, 1.7037147545874998)	(60.0, 1.5207121189517148)	(61.0, 1.0164602914118073)	(62.0, 0.6703466109702135)	(63.0, 0.24864488537470827)	(64.0, 0.11636580635536348)	(65.0, 0.10741459048187398)	(66.0, 0.7310159630016424)	(67.0, 1.4530807101297951)	(68.0, 0.21781291958824445)	(69.0, 0.017902431746978996)	(70.0, 0.0029837386244964993)	(71.0, 0.0)	(72.0, 0.0)	(73.0, 0.0)	(74.0, 0.0)	(75.0, 0.0)	(76.0, 0.0)	(77.0, 0.0)	(78.0, 0.0)	(79.0, 0.0)	(80.0, 0.0)	(81.0, 0.0)	(82.0, 0.0)	(83.0, 0.0)	(84.0, 0.0)	(85.0, 0.0)	(86.0, 0.0)	(87.0, 0.0)	(88.0, 0.0)	(89.0, 0.0)	(90.0, 0.0)	(91.0, 0.0)	(92.0, 0.0)	(93.0, 0.0)	(94.0, 0.0)	(95.0, 0.0)	(96.0, 0.0)	(97.0, 0.0)	(98.0, 0.0)	(99.0, 0.0)	(100.0, 0.0)
528B0_S55_L001_R2_001	(0.0, 0.024306258861656944)	(1.0, 0.012153129430828472)	(2.0, 0.0)	(3.0, 0.0)	(4.0, 0.0)	(5.0, 0.0)	(6.0, 0.0)	(7.0, 0.0)	(8.0, 0.0)	(9.0, 0.0)	(10.0, 0.0)	(11.0, 0.0)	(12.0, 0.0)	(13.0, 0.0)	(14.0, 0.0)	(15.0, 0.0)	(16.0, 0.0)	(17.0, 0.0)	(18.0, 0.0)	(19.0, 0.0)	(20.0, 0.0)	(21.0, 0.0)	(22.0, 0.0)	(23.0, 0.0)	(24.0, 0.0)	(25.0, 0.0)	(26.0, 0.0)	(27.0, 0.0)	(28.0, 0.0040510431436094905)	(29.0, 0.0)	(30.0, 0.0)	(31.0, 0.0)	(32.0, 0.003038282357707118)	(33.0, 0.0)	(34.0, 0.006076564715414236)	(35.0, 0.003038282357707118)	(36.0, 0.0)	(37.0, 0.003038282357707118)	(38.0, 0.006076564715414236)	(39.0, 0.0)	(40.0, 0.0)	(41.0, 0.0)	(42.0, 0.019242454932145082)	(43.0, 0.025319019647559317)	(44.0, 0.03038282357707118)	(45.0, 0.03038282357707118)	(46.0, 0.042535953007899654)	(47.0, 0.35446627506583045)	(48.0, 0.9449058132469136)	(49.0, 0.8699615150901383)	(50.0, 1.1930322057929945)	(51.0, 2.5683613530484206)	(52.0, 9.227263520356553)	(53.0, 24.578691513064438)	(54.0, 24.20295726149484)	(55.0, 19.36803726959697)	(56.0, 6.398622645331191)	(57.0, 1.9404496657889465)	(58.0, 1.3125379785294748)	(59.0, 0.9479440956046208)	(60.0, 0.47903585173182234)	(61.0, 0.2714198906218359)	(62.0, 0.2886368239821762)	(63.0, 0.3554790358517328)	(64.0, 0.3250962122746616)	(65.0, 0.4030787927891443)	(66.0, 0.6714604010532732)	(67.0, 1.2629127000202587)	(68.0, 1.102896495847684)	(69.0, 0.44662750658294637)	(70.0, 0.11241644723516336)	(71.0, 0.042535953007899654)	(72.0, 0.024306258861656944)	(73.0, 0.012153129430828472)	(74.0, 0.006076564715414236)	(75.0, 0.006076564715414236)	(76.0, 0.003038282357707118)	(77.0, 0.006076564715414236)	(78.0, 0.01822969414624271)	(79.0, 0.009114847073121355)	(80.0, 0.003038282357707118)	(81.0, 0.003038282357707118)	(82.0, 0.003038282357707118)	(83.0, 0.0)	(84.0, 0.003038282357707118)	(85.0, 0.006076564715414236)	(86.0, 0.006076564715414236)	(87.0, 0.0)	(88.0, 0.003038282357707118)	(89.0, 0.003038282357707118)	(90.0, 0.0)	(91.0, 0.0)	(92.0, 0.0)	(93.0, 0.0)	(94.0, 0.003038282357707118)	(95.0, 0.003038282357707118)	(96.0, 0.0)	(97.0, 0.0)	(98.0, 0.0)	(99.0, 0.0)	(100.0, 0.0)
528B14_S56_L001_R1_001	(0.0, 0.022595465843187487)	(1.0, 0.011297732921593744)	(2.0, 0.0)	(3.0, 0.0)	(4.0, 0.0)	(5.0, 0.0)	(6.0, 0.0)	(7.0, 0.0)	(8.0, 0.0)	(9.0, 0.0)	(10.0, 0.0)	(11.0, 0.0)	(12.0, 0.0)	(13.0, 0.0)	(14.0, 0.0)	(15.0, 0.0)	(16.0, 0.0)	(17.0, 0.0)	(18.0, 0.0)	(19.0, 0.0)	(20.0, 0.0)	(21.0, 0.0)	(22.0, 0.0)	(23.0, 0.0)	(24.0, 0.0)	(25.0, 0.0)	(26.0, 0.0)	(27.0, 0.0)	(28.0, 0.0)	(29.0, 0.0)	(30.0, 0.0)	(31.0, 0.0)	(32.0, 0.0)	(33.0, 0.0)	(34.0, 0.0)	(35.0, 0.0)	(36.0, 0.0)	(37.0, 0.0)	(38.0, 0.0)	(39.0, 0.0)	(40.0, 0.003765910973864581)	(41.0, 0.015063643895458324)	(42.0, 0.022595465843187487)	(43.0, 0.04613240942984113)	(44.0, 0.07720117496422392)	(45.0, 0.11015289598553901)	(46.0, 0.09697220757701296)	(47.0, 0.12615801762446346)	(48.0, 0.27114559011824985)	(49.0, 0.7465918505686532)	(50.0, 1.964864050613846)	(51.0, 5.628153950440614)	(52.0, 9.220833019507442)	(53.0, 18.062250508397927)	(54.0, 24.34379001280409)	(55.0, 15.71326353844995)	(56.0, 6.475483919560148)	(57.0, 3.1690140845070456)	(58.0, 2.5768245838668444)	(59.0, 3.159599307072393)	(60.0, 2.9327031708970503)	(61.0, 1.4781200572418474)	(62.0, 0.7089327408300076)	(63.0, 0.39730360774271334)	(64.0, 0.15346087218498167)	(65.0, 0.12709949536792964)	(66.0, 0.7428259395947887)	(67.0, 1.4037433155080226)	(68.0, 0.1722904270543046)	(69.0, 0.008473299691195308)	(70.0, 0.0)	(71.0, 0.005648866460796872)	(72.0, 0.0)	(73.0, 0.0)	(74.0, 0.0)	(75.0, 0.0)	(76.0, 0.002824433230398436)	(77.0, 0.002824433230398436)	(78.0, 0.0)	(79.0, 0.0)	(80.0, 0.0)	(81.0, 0.0)	(82.0, 0.0)	(83.0, 0.0)	(84.0, 0.0)	(85.0, 0.0)	(86.0, 0.0)	(87.0, 0.0)	(88.0, 0.0)	(89.0, 0.0)	(90.0, 0.0)	(91.0, 0.0)	(92.0, 0.0)	(93.0, 0.0)	(94.0, 0.0)	(95.0, 0.0)	(96.0, 0.0)	(97.0, 0.0)	(98.0, 0.0)	(99.0, 0.0)	(100.0, 0.0)
528B14_S56_L001_R2_001	(0.0, 0.02293928735280626)	(1.0, 0.01146964367640313)	(2.0, 0.0)	(3.0, 0.0)	(4.0, 0.0)	(5.0, 0.0)	(6.0, 0.0)	(7.0, 0.0)	(8.0, 0.0)	(9.0, 0.0)	(10.0, 0.0)	(11.0, 0.0)	(12.0, 0.0)	(13.0, 0.0)	(14.0, 0.0)	(15.0, 0.0)	(16.0, 0.0)	(17.0, 0.0)	(18.0, 0.0)	(19.0, 0.0)	(20.0, 0.0)	(21.0, 0.0)	(22.0, 0.0)	(23.0, 0.0)	(24.0, 0.0)	(25.0, 0.0)	(26.0, 0.0)	(27.0, 0.0)	(28.0, 0.0)	(29.0, 0.0)	(30.0, 0.0)	(31.0, 0.0)	(32.0, 0.0)	(33.0, 0.0)	(34.0, 0.0028674109191007824)	(35.0, 0.0)	(36.0, 0.0028674109191007824)	(37.0, 0.0)	(38.0, 0.0038232145588010433)	(39.0, 0.01338125095580365)	(40.0, 0.0038232145588010433)	(41.0, 0.005734821838201565)	(42.0, 0.028674109191007827)	(43.0, 0.04014375286741096)	(44.0, 0.07933170209512164)	(45.0, 0.11756384768313209)	(46.0, 0.1022709894479279)	(47.0, 0.12234286588163337)	(48.0, 0.39761431411530845)	(49.0, 0.6595045113931804)	(50.0, 1.3706224193301717)	(51.0, 3.1245220981801567)	(52.0, 10.948730692766537)	(53.0, 24.538346842024687)	(54.0, 24.106323596880248)	(55.0, 15.217349747667846)	(56.0, 5.092521792322989)	(57.0, 2.2996635571188273)	(58.0, 3.0795993271142397)	(59.0, 2.415315797522559)	(60.0, 0.8946322067594443)	(61.0, 0.4148187796299132)	(62.0, 0.3068129683437837)	(63.0, 0.36989600856400096)	(64.0, 0.4119513687108124)	(65.0, 0.38040984860070376)	(66.0, 0.7235433552530977)	(67.0, 1.1641688331549176)	(68.0, 0.9213947086710516)	(69.0, 0.3010781465055822)	(70.0, 0.131900902278636)	(71.0, 0.025806698271907045)	(72.0, 0.014337054595503914)	(73.0, 0.008602232757302347)	(74.0, 0.008602232757302347)	(75.0, 0.0028674109191007824)	(76.0, 0.005734821838201565)	(77.0, 0.008602232757302347)	(78.0, 0.014337054595503914)	(79.0, 0.017204465514604694)	(80.0, 0.01146964367640313)	(81.0, 0.005734821838201565)	(82.0, 0.008602232757302347)	(83.0, 0.005734821838201565)	(84.0, 0.0)	(85.0, 0.0028674109191007824)	(86.0, 0.005734821838201565)	(87.0, 0.0028674109191007824)	(88.0, 0.0028674109191007824)	(89.0, 0.0)	(90.0, 0.0028674109191007824)	(91.0, 0.008602232757302347)	(92.0, 0.0)	(93.0, 0.0)	(94.0, 0.0)	(95.0, 0.0)	(96.0, 0.0)	(97.0, 0.0028674109191007824)	(98.0, 0.0028674109191007824)	(99.0, 0.0028674109191007824)	(100.0, 0.0)
532A0_S45_L001_R1_001	(0.0, 0.007770712185771833)	(1.0, 0.0038853560928859164)	(2.0, 0.0)	(3.0, 0.0)	(4.0, 0.0)	(5.0, 0.0)	(6.0, 0.0)	(7.0, 0.0)	(8.0, 0.0)	(9.0, 0.0)	(10.0, 0.0)	(11.0, 0.0)	(12.0, 0.0)	(13.0, 0.0)	(14.0, 0.0)	(15.0, 0.0)	(16.0, 0.0)	(17.0, 0.0)	(18.0, 0.0)	(19.0, 0.0)	(20.0, 0.0)	(21.0, 0.0)	(22.0, 0.0)	(23.0, 0.0)	(24.0, 0.0)	(25.0, 0.0)	(26.0, 0.0)	(27.0, 0.0)	(28.0, 0.0)	(29.0, 0.0)	(30.0, 0.0)	(31.0, 0.0)	(32.0, 0.0)	(33.0, 0.0)	(34.0, 0.0)	(35.0, 0.0)	(36.0, 0.0038853560928859164)	(37.0, 0.0038853560928859164)	(38.0, 0.0)	(39.0, 0.0)	(40.0, 0.0)	(41.0, 0.0)	(42.0, 0.0019426780464429582)	(43.0, 0.0019426780464429582)	(44.0, 0.0)	(45.0, 0.009713390232214791)	(46.0, 0.05633766334684579)	(47.0, 0.19297268594666717)	(48.0, 0.24542499320062708)	(49.0, 0.2803931980366003)	(50.0, 2.1239946641109704)	(51.0, 9.04122362814555)	(52.0, 11.595845259217953)	(53.0, 13.241293564555182)	(54.0, 20.731612552290454)	(55.0, 17.88494165490269)	(56.0, 5.743203864634203)	(57.0, 2.853794050224705)	(58.0, 2.080608187740412)	(59.0, 3.5020009583878067)	(60.0, 3.8367891417248265)	(61.0, 1.7645992255190208)	(62.0, 0.8269332884358858)	(63.0, 0.3399686581275177)	(64.0, 0.2680895704091283)	(65.0, 0.20009583878362472)	(66.0, 1.0976130962402713)	(67.0, 1.8261173636563808)	(68.0, 0.19621048269073876)	(69.0, 0.0233121365573155)	(70.0, 0.01165606827865775)	(71.0, 0.0019426780464429582)	(72.0, 0.0)	(73.0, 0.0)	(74.0, 0.0)	(75.0, 0.0)	(76.0, 0.0)	(77.0, 0.0)	(78.0, 0.0)	(79.0, 0.0)	(80.0, 0.0)	(81.0, 0.0)	(82.0, 0.0)	(83.0, 0.0)	(84.0, 0.0)	(85.0, 0.0)	(86.0, 0.0)	(87.0, 0.0)	(88.0, 0.0)	(89.0, 0.0)	(90.0, 0.0)	(91.0, 0.0)	(92.0, 0.0)	(93.0, 0.0)	(94.0, 0.0)	(95.0, 0.0)	(96.0, 0.0)	(97.0, 0.0)	(98.0, 0.0)	(99.0, 0.0)	(100.0, 0.0)
532A0_S45_L001_R2_001	(0.0, 0.008000160003200066)	(1.0, 0.004000080001600033)	(2.0, 0.0)	(3.0, 0.0)	(4.0, 0.0)	(5.0, 0.0)	(6.0, 0.0)	(7.0, 0.0)	(8.0, 0.0)	(9.0, 0.0)	(10.0, 0.0)	(11.0, 0.0)	(12.0, 0.0)	(13.0, 0.0)	(14.0, 0.0)	(15.0, 0.0)	(16.0, 0.0)	(17.0, 0.0)	(18.0, 0.0)	(19.0, 0.0)	(20.0, 0.0)	(21.0, 0.0)	(22.0, 0.0)	(23.0, 0.0)	(24.0, 0.0)	(25.0, 0.0)	(26.0, 0.0)	(27.0, 0.0)	(28.0, 0.0)	(29.0, 0.0)	(30.0, 0.0)	(31.0, 0.0020000400008000165)	(32.0, 0.0020000400008000165)	(33.0, 0.0)	(34.0, 0.0)	(35.0, 0.0)	(36.0, 0.0020000400008000165)	(37.0, 0.0)	(38.0, 0.0020000400008000165)	(39.0, 0.006000120002400048)	(40.0, 0.0020000400008000165)	(41.0, 0.0020000400008000165)	(42.0, 0.006666800002666721)	(43.0, 0.010666880004266754)	(44.0, 0.011333560004533425)	(45.0, 0.023333800009333522)	(46.0, 0.05133436002053374)	(47.0, 0.1860037200744015)	(48.0, 0.5106768802042709)	(49.0, 0.5606778802242713)	(50.0, 0.8220164403288062)	(51.0, 2.9953932411981548)	(52.0, 11.670233404668064)	(53.0, 21.10108868844045)	(54.0, 22.679120249071662)	(55.0, 15.682313646272922)	(56.0, 5.897451282358982)	(57.0, 2.6380527610552216)	(58.0, 4.254085081701634)	(59.0, 3.230731281292292)	(60.0, 1.2586918405034766)	(61.0, 0.4926765201970707)	(62.0, 0.3126729201250692)	(63.0, 0.3493403201397362)	(64.0, 0.4500090001800038)	(65.0, 0.4606758801842704)	(66.0, 0.6266792002506718)	(67.0, 1.108022160443209)	(68.0, 1.364027280545611)	(69.0, 0.7160143202864058)	(70.0, 0.2380047600952019)	(71.0, 0.09000180003600074)	(72.0, 0.04000080001600032)	(73.0, 0.02600052001040021)	(74.0, 0.016000320006400132)	(75.0, 0.008000160003200066)	(76.0, 0.01000020000400008)	(77.0, 0.006000120002400048)	(78.0, 0.006000120002400048)	(79.0, 0.006000120002400048)	(80.0, 0.008000160003200066)	(81.0, 0.01000020000400008)	(82.0, 0.004000080001600033)	(83.0, 0.008000160003200066)	(84.0, 0.0020000400008000165)	(85.0, 0.006000120002400048)	(86.0, 0.004000080001600033)	(87.0, 0.0020000400008000165)	(88.0, 0.0020000400008000165)	(89.0, 0.0)	(90.0, 0.0)	(91.0, 0.0020000400008000165)	(92.0, 0.0020000400008000165)	(93.0, 0.0)	(94.0, 0.0)	(95.0, 0.0020000400008000165)	(96.0, 0.0020000400008000165)	(97.0, 0.0)	(98.0, 0.0)	(99.0, 0.0)	(100.0, 0.0)
532A14_S46_L001_R1_001	(0.0, 0.02522253633621651)	(1.0, 0.012611268168108255)	(2.0, 0.0)	(3.0, 0.0)	(4.0, 0.0)	(5.0, 0.0)	(6.0, 0.0)	(7.0, 0.0)	(8.0, 0.0)	(9.0, 0.0)	(10.0, 0.0)	(11.0, 0.0)	(12.0, 0.0)	(13.0, 0.0)	(14.0, 0.0)	(15.0, 0.0)	(16.0, 0.0)	(17.0, 0.0)	(18.0, 0.0)	(19.0, 0.0)	(20.0, 0.0)	(21.0, 0.0)	(22.0, 0.0)	(23.0, 0.0)	(24.0, 0.0)	(25.0, 0.0)	(26.0, 0.0)	(27.0, 0.0)	(28.0, 0.0)	(29.0, 0.0)	(30.0, 0.0)	(31.0, 0.0)	(32.0, 0.0)	(33.0, 0.0)	(34.0, 0.0)	(35.0, 0.0)	(36.0, 0.0)	(37.0, 0.0)	(38.0, 0.0)	(39.0, 0.0)	(40.0, 0.0)	(41.0, 0.0015764085210135319)	(42.0, 0.0015764085210135319)	(43.0, 0.0031528170420270637)	(44.0, 0.004729225563040595)	(45.0, 0.012611268168108255)	(46.0, 0.06042899330551871)	(47.0, 0.3646758378611303)	(48.0, 0.5527939213687452)	(49.0, 0.7929334860698063)	(50.0, 1.9594757916198196)	(51.0, 7.153216398852424)	(52.0, 9.26875663405253)	(53.0, 11.115256481666403)	(54.0, 16.654756024507968)	(55.0, 14.599644782613316)	(56.0, 4.83326852542749)	(57.0, 3.12969638371886)	(58.0, 3.7240023961409583)	(59.0, 9.762697970636543)	(60.0, 9.134236440259313)	(61.0, 2.770275240927776)	(62.0, 0.8302418210671264)	(63.0, 0.49972150116128955)	(64.0, 0.33104578941284163)	(65.0, 0.18759261400061025)	(66.0, 0.717265877061157)	(67.0, 1.269008859415893)	(68.0, 0.18128697991655612)	(69.0, 0.024171597322207486)	(70.0, 0.012611268168108255)	(71.0, 0.0031528170420270637)	(72.0, 0.0)	(73.0, 0.0)	(74.0, 0.0015764085210135319)	(75.0, 0.0031528170420270637)	(76.0, 0.0)	(77.0, 0.0)	(78.0, 0.0)	(79.0, 0.0)	(80.0, 0.0)	(81.0, 0.0)	(82.0, 0.0)	(83.0, 0.0)	(84.0, 0.0)	(85.0, 0.0)	(86.0, 0.0)	(87.0, 0.0015764085210135319)	(88.0, 0.0)	(89.0, 0.0)	(90.0, 0.0)	(91.0, 0.0)	(92.0, 0.0)	(93.0, 0.0)	(94.0, 0.0)	(95.0, 0.0)	(96.0, 0.0)	(97.0, 0.0)	(98.0, 0.0)	(99.0, 0.0)	(100.0, 0.0)
532A14_S46_L001_R2_001	(0.0, 0.026255476728348822)	(1.0, 0.013127738364174411)	(2.0, 0.0)	(3.0, 0.0)	(4.0, 0.0)	(5.0, 0.0)	(6.0, 0.0)	(7.0, 0.0)	(8.0, 0.0)	(9.0, 0.0)	(10.0, 0.0)	(11.0, 0.0)	(12.0, 0.0)	(13.0, 0.0)	(14.0, 0.0)	(15.0, 0.0)	(16.0, 0.0)	(17.0, 0.0)	(18.0, 0.0)	(19.0, 0.0)	(20.0, 0.0)	(21.0, 0.0)	(22.0, 0.0)	(23.0, 0.0)	(24.0, 0.0)	(25.0, 0.0)	(26.0, 0.0)	(27.0, 0.0)	(28.0, 0.0)	(29.0, 0.0)	(30.0, 0.0)	(31.0, 0.0)	(32.0, 0.0)	(33.0, 0.0)	(34.0, 0.0016409672955218014)	(35.0, 0.0016409672955218014)	(36.0, 0.0016409672955218014)	(37.0, 0.0016409672955218014)	(38.0, 0.0032819345910436028)	(39.0, 0.0032819345910436028)	(40.0, 0.0016409672955218014)	(41.0, 0.0032819345910436028)	(42.0, 0.008751825576116274)	(43.0, 0.005469890985072671)	(44.0, 0.027349454925363358)	(45.0, 0.027349454925363358)	(46.0, 0.07329653919997381)	(47.0, 0.44962503897297373)	(48.0, 0.9572309223877175)	(49.0, 0.7739895743877826)	(50.0, 1.1847783873667421)	(51.0, 3.732106619115077)	(52.0, 11.182098140784019)	(53.0, 16.252140094847913)	(54.0, 17.31165797865649)	(55.0, 13.138678146144553)	(56.0, 4.9327476903385366)	(57.0, 3.851350242589666)	(58.0, 9.727107138754725)	(59.0, 7.581268905310727)	(60.0, 2.6922803428527686)	(61.0, 0.9162067399996724)	(62.0, 0.5004950251341495)	(63.0, 0.4753335266028151)	(64.0, 0.5475360876057744)	(65.0, 0.38562731444762327)	(66.0, 0.38508032534911607)	(67.0, 0.7455461412654051)	(68.0, 0.9812984427220373)	(69.0, 0.5825433899102396)	(70.0, 0.19363414087157257)	(71.0, 0.08861223395817727)	(72.0, 0.047588051570132246)	(73.0, 0.042665149683566835)	(74.0, 0.026255476728348822)	(75.0, 0.01969160754626162)	(76.0, 0.018050640250739818)	(77.0, 0.00984580377313081)	(78.0, 0.008204836477609006)	(79.0, 0.0065638691820872055)	(80.0, 0.004922901886565405)	(81.0, 0.004922901886565405)	(82.0, 0.008204836477609006)	(83.0, 0.004922901886565405)	(84.0, 0.0065638691820872055)	(85.0, 0.0065638691820872055)	(86.0, 0.0032819345910436028)	(87.0, 0.0032819345910436028)	(88.0, 0.0)	(89.0, 0.0016409672955218014)	(90.0, 0.0016409672955218014)	(91.0, 0.0)	(92.0, 0.0016409672955218014)	(93.0, 0.0)	(94.0, 0.0016409672955218014)	(95.0, 0.0016409672955218014)	(96.0, 0.0)	(97.0, 0.0)	(98.0, 0.0)	(99.0, 0.0016409672955218014)	(100.0, 0.0)
532B0_S47_L001_R1_001	(0.0, 0.0)	(1.0, 0.0)	(2.0, 0.0)	(3.0, 0.0)	(4.0, 0.0)	(5.0, 0.0)	(6.0, 0.0)	(7.0, 0.0)	(8.0, 0.0)	(9.0, 0.0)	(10.0, 0.0)	(11.0, 0.0)	(12.0, 0.0)	(13.0, 0.0)	(14.0, 0.0)	(15.0, 0.0)	(16.0, 0.0)	(17.0, 0.0)	(18.0, 0.0)	(19.0, 0.0)	(20.0, 0.0)	(21.0, 0.0)	(22.0, 0.0)	(23.0, 0.0)	(24.0, 0.0)	(25.0, 0.0)	(26.0, 0.0)	(27.0, 0.0)	(28.0, 0.0)	(29.0, 0.0)	(30.0, 0.0)	(31.0, 0.0)	(32.0, 0.0)	(33.0, 0.0)	(34.0, 0.0)	(35.0, 0.0)	(36.0, 0.0)	(37.0, 0.0)	(38.0, 0.0)	(39.0, 0.0)	(40.0, 0.0014436541774539733)	(41.0, 0.0)	(42.0, 0.0014436541774539733)	(43.0, 0.0014436541774539733)	(44.0, 0.0028873083549079467)	(45.0, 0.020211158484355632)	(46.0, 0.08565681452893577)	(47.0, 0.5928606488744318)	(48.0, 1.018738631223354)	(49.0, 1.3041009403000892)	(50.0, 2.5615237288624964)	(51.0, 9.671520552823239)	(52.0, 12.669990279395153)	(53.0, 11.606498368670769)	(54.0, 18.824769255940694)	(55.0, 17.272359797118504)	(56.0, 6.081633831554445)	(57.0, 3.111074752413308)	(58.0, 2.3656679787879007)	(59.0, 3.3916248808985214)	(60.0, 4.202477310568533)	(61.0, 1.8271849705975791)	(62.0, 0.6154778976545441)	(63.0, 0.30076128696957777)	(64.0, 0.23531563092499766)	(65.0, 0.15014003445521323)	(66.0, 0.7420382472113424)	(67.0, 1.2213314341260617)	(68.0, 0.10249944659923212)	(69.0, 0.010105579242177816)	(70.0, 0.005774616709815893)	(71.0, 0.0)	(72.0, 0.0)	(73.0, 0.0)	(74.0, 0.0)	(75.0, 0.0)	(76.0, 0.0)	(77.0, 0.0)	(78.0, 0.0)	(79.0, 0.0)	(80.0, 0.0)	(81.0, 0.0)	(82.0, 0.0)	(83.0, 0.0)	(84.0, 0.0)	(85.0, 0.0)	(86.0, 0.0)	(87.0, 0.0)	(88.0, 0.0)	(89.0, 0.0)	(90.0, 0.0)	(91.0, 0.0)	(92.0, 0.0)	(93.0, 0.0014436541774539733)	(94.0, 0.0)	(95.0, 0.0)	(96.0, 0.0)	(97.0, 0.0)	(98.0, 0.0)	(99.0, 0.0)	(100.0, 0.0)
532B0_S47_L001_R2_001	(0.0, 0.0)	(1.0, 0.0)	(2.0, 0.0)	(3.0, 0.0)	(4.0, 0.0)	(5.0, 0.0)	(6.0, 0.0)	(7.0, 0.0)	(8.0, 0.0)	(9.0, 0.0)	(10.0, 0.0)	(11.0, 0.0)	(12.0, 0.0)	(13.0, 0.0)	(14.0, 0.0)	(15.0, 0.0)	(16.0, 0.0)	(17.0, 0.0)	(18.0, 0.0)	(19.0, 0.0)	(20.0, 0.0)	(21.0, 0.0)	(22.0, 0.0)	(23.0, 0.0)	(24.0, 0.0)	(25.0, 0.0)	(26.0, 0.0)	(27.0, 0.0)	(28.0, 0.0)	(29.0, 0.0)	(30.0, 0.0014877336361697798)	(31.0, 0.0)	(32.0, 0.0)	(33.0, 0.0014877336361697798)	(34.0, 0.0014877336361697798)	(35.0, 0.0)	(36.0, 0.0)	(37.0, 0.0014877336361697798)	(38.0, 0.0014877336361697798)	(39.0, 0.0014877336361697798)	(40.0, 0.0014877336361697798)	(41.0, 0.006446845756735713)	(42.0, 0.0029754672723395596)	(43.0, 0.010414135453188459)	(44.0, 0.011901869089358239)	(45.0, 0.04016880817658405)	(46.0, 0.14579789634463836)	(47.0, 0.753289131113965)	(48.0, 1.6459293128158334)	(49.0, 1.304246487708841)	(50.0, 1.4713685661719138)	(51.0, 3.475841685304658)	(52.0, 12.445883688984242)	(53.0, 19.452613204132)	(54.0, 20.406250464916788)	(55.0, 15.944537290043584)	(56.0, 6.073920525269156)	(57.0, 2.705691572980772)	(58.0, 4.4111302312433995)	(59.0, 3.4083977604649642)	(60.0, 1.2918487074074256)	(61.0, 0.5162435717509135)	(62.0, 0.33771553541054006)	(63.0, 0.3114322411715406)	(64.0, 0.36747020813393566)	(65.0, 0.38234754449563346)	(66.0, 0.4577260487282356)	(67.0, 0.8609018641302458)	(68.0, 0.9556209056330552)	(69.0, 0.4225163526722175)	(70.0, 0.14431016270846864)	(71.0, 0.04611974272126318)	(72.0, 0.0297546727233956)	(73.0, 0.020828270906376917)	(74.0, 0.0223160045425467)	(75.0, 0.03124240635956538)	(76.0, 0.01636506999786758)	(77.0, 0.005950934544679119)	(78.0, 0.0074386681808489)	(79.0, 0.011901869089358239)	(80.0, 0.008926401817018679)	(81.0, 0.0074386681808489)	(82.0, 0.0029754672723395596)	(83.0, 0.0014877336361697798)	(84.0, 0.0014877336361697798)	(85.0, 0.0)	(86.0, 0.0)	(87.0, 0.0014877336361697798)	(88.0, 0.0014877336361697798)	(89.0, 0.0014877336361697798)	(90.0, 0.0014877336361697798)	(91.0, 0.0)	(92.0, 0.0)	(93.0, 0.0)	(94.0, 0.0)	(95.0, 0.0014877336361697798)	(96.0, 0.0029754672723395596)	(97.0, 0.0)	(98.0, 0.0)	(99.0, 0.0)	(100.0, 0.0)
532B14_S48_L001_R1_001	(0.0, 0.0046408557738046785)	(1.0, 0.0023204278869023392)	(2.0, 0.0)	(3.0, 0.0)	(4.0, 0.0)	(5.0, 0.0)	(6.0, 0.0)	(7.0, 0.0)	(8.0, 0.0)	(9.0, 0.0)	(10.0, 0.0)	(11.0, 0.0)	(12.0, 0.0)	(13.0, 0.0)	(14.0, 0.0)	(15.0, 0.0)	(16.0, 0.0)	(17.0, 0.0)	(18.0, 0.0)	(19.0, 0.0)	(20.0, 0.0)	(21.0, 0.0)	(22.0, 0.0)	(23.0, 0.0)	(24.0, 0.0)	(25.0, 0.0)	(26.0, 0.0)	(27.0, 0.0)	(28.0, 0.0)	(29.0, 0.0)	(30.0, 0.0)	(31.0, 0.0)	(32.0, 0.0)	(33.0, 0.0)	(34.0, 0.0)	(35.0, 0.0)	(36.0, 0.0)	(37.0, 0.0)	(38.0, 0.0)	(39.0, 0.0011602139434511696)	(40.0, 0.007734759623007797)	(41.0, 0.0046408557738046785)	(42.0, 0.009281711547609357)	(43.0, 0.011988877415662085)	(44.0, 0.018563423095218714)	(45.0, 0.021270588963271445)	(46.0, 0.06690567073901744)	(47.0, 0.47066012306002447)	(48.0, 0.6350237650489403)	(49.0, 0.636957454954692)	(50.0, 2.741198810393963)	(51.0, 11.780812381803178)	(52.0, 13.415940566107054)	(53.0, 14.144168184613221)	(54.0, 18.674416895808903)	(55.0, 15.385210366124827)	(56.0, 5.398475478878294)	(57.0, 2.5582717453098276)	(58.0, 2.154904030969955)	(59.0, 4.347708384092805)	(60.0, 3.6956681478731657)	(61.0, 1.2568984387387683)	(62.0, 0.5197758466661239)	(63.0, 0.21154567568926327)	(64.0, 0.1798331612349313)	(65.0, 0.09977839913680059)	(66.0, 0.561543548630366)	(67.0, 0.8748013133621819)	(68.0, 0.09745797124989825)	(69.0, 0.008121497604158187)	(70.0, 0.0011602139434511696)	(71.0, 0.0011602139434511696)	(72.0, 0.0)	(73.0, 0.0)	(74.0, 0.0)	(75.0, 0.0)	(76.0, 0.0)	(77.0, 0.0)	(78.0, 0.0)	(79.0, 0.0)	(80.0, 0.0)	(81.0, 0.0)	(82.0, 0.0)	(83.0, 0.0)	(84.0, 0.0)	(85.0, 0.0)	(86.0, 0.0)	(87.0, 0.0)	(88.0, 0.0)	(89.0, 0.0)	(90.0, 0.0)	(91.0, 0.0)	(92.0, 0.0)	(93.0, 0.0)	(94.0, 0.0)	(95.0, 0.0)	(96.0, 0.0)	(97.0, 0.0)	(98.0, 0.0)	(99.0, 0.0)	(100.0, 0.0)
532B14_S48_L001_R2_001	(0.0, 0.004742370711118481)	(1.0, 0.0023711853555592405)	(2.0, 0.0)	(3.0, 0.0)	(4.0, 0.0)	(5.0, 0.0)	(6.0, 0.0)	(7.0, 0.0)	(8.0, 0.0)	(9.0, 0.0)	(10.0, 0.0)	(11.0, 0.0)	(12.0, 0.0)	(13.0, 0.0)	(14.0, 0.0)	(15.0, 0.0)	(16.0, 0.0)	(17.0, 0.0)	(18.0, 0.0)	(19.0, 0.0)	(20.0, 0.0)	(21.0, 0.0)	(22.0, 0.0)	(23.0, 0.0)	(24.0, 0.0)	(25.0, 0.0)	(26.0, 0.0)	(27.0, 0.0)	(28.0, 0.0)	(29.0, 0.0011855926777796203)	(30.0, 0.0)	(31.0, 0.0)	(32.0, 0.0)	(33.0, 0.0011855926777796203)	(34.0, 0.0011855926777796203)	(35.0, 0.0)	(36.0, 0.0023711853555592405)	(37.0, 0.0)	(38.0, 0.0011855926777796203)	(39.0, 0.0063231609481579736)	(40.0, 0.006718358507417847)	(41.0, 0.007113556066677721)	(42.0, 0.013436717014835694)	(43.0, 0.02055027308151342)	(44.0, 0.03201100230004974)	(45.0, 0.049399694907484186)	(46.0, 0.10433215564460657)	(47.0, 0.3849224227191166)	(48.0, 0.9765331689311476)	(49.0, 0.9745571811348483)	(50.0, 1.3116606991835214)	(51.0, 3.9045518854875625)	(52.0, 14.231064108948102)	(53.0, 22.293094317849498)	(54.0, 20.904765292169554)	(55.0, 14.819118077126737)	(56.0, 5.492850876152981)	(57.0, 2.670745105478224)	(58.0, 4.074882033528556)	(59.0, 2.77823884159691)	(60.0, 1.0658478173238788)	(61.0, 0.46277634189331174)	(62.0, 0.2869134280226681)	(63.0, 0.29758376212268467)	(64.0, 0.3264331839486554)	(65.0, 0.30746370110418153)	(66.0, 0.3197148254412376)	(67.0, 0.5825212023490534)	(68.0, 0.6627463068788076)	(69.0, 0.33078035710051407)	(70.0, 0.12093045313352126)	(71.0, 0.04979489246674405)	(72.0, 0.021340668200033164)	(73.0, 0.014227112133355441)	(74.0, 0.00829914874445734)	(75.0, 0.011855926777796202)	(76.0, 0.005927963388898101)	(77.0, 0.005927963388898101)	(78.0, 0.00829914874445734)	(79.0, 0.0035567780333388603)	(80.0, 0.0011855926777796203)	(81.0, 0.0035567780333388603)	(82.0, 0.004742370711118481)	(83.0, 0.004742370711118481)	(84.0, 0.00829914874445734)	(85.0, 0.0035567780333388603)	(86.0, 0.0)	(87.0, 0.0)	(88.0, 0.0023711853555592405)	(89.0, 0.0)	(90.0, 0.0)	(91.0, 0.0)	(92.0, 0.0)	(93.0, 0.0011855926777796203)	(94.0, 0.0)	(95.0, 0.0011855926777796203)	(96.0, 0.0)	(97.0, 0.0011855926777796203)	(98.0, 0.0023711853555592405)	(99.0, 0.0)	(100.0, 0.0015807902370394934)
550A0_S65_L001_R1_001	(0.0, 0.0)	(1.0, 0.0)	(2.0, 0.0)	(3.0, 0.0)	(4.0, 0.0)	(5.0, 0.0)	(6.0, 0.0)	(7.0, 0.0)	(8.0, 0.0)	(9.0, 0.0)	(10.0, 0.0)	(11.0, 0.0)	(12.0, 0.0)	(13.0, 0.0)	(14.0, 0.0)	(15.0, 0.0)	(16.0, 0.0)	(17.0, 0.0)	(18.0, 0.0)	(19.0, 0.0)	(20.0, 0.0)	(21.0, 0.0)	(22.0, 0.0)	(23.0, 0.0)	(24.0, 0.0)	(25.0, 0.0)	(26.0, 0.0)	(27.0, 0.0)	(28.0, 0.0)	(29.0, 0.0)	(30.0, 0.0)	(31.0, 0.0)	(32.0, 0.0)	(33.0, 0.0)	(34.0, 0.0)	(35.0, 0.0)	(36.0, 0.0)	(37.0, 0.0)	(38.0, 0.0)	(39.0, 0.006135220254407135)	(40.0, 0.015338050636017836)	(41.0, 0.01227044050881427)	(42.0, 0.015338050636017836)	(43.0, 0.009202830381610702)	(44.0, 0.0)	(45.0, 0.0030676101272035677)	(46.0, 0.015338050636017836)	(47.0, 0.11350157470653198)	(48.0, 0.19121436459568902)	(49.0, 0.46729927604400995)	(50.0, 1.9131661826659583)	(51.0, 10.357274326148312)	(52.0, 18.11628287455519)	(53.0, 13.92490490408606)	(54.0, 15.248067405619864)	(55.0, 12.746942615239892)	(56.0, 8.649638022004993)	(57.0, 8.924700396744242)	(58.0, 6.638308315268509)	(59.0, 1.5102867192932183)	(60.0, 0.4488936152807887)	(61.0, 0.21064256206797827)	(62.0, 0.12577201521534626)	(63.0, 0.055216982289664214)	(64.0, 0.027608491144832107)	(65.0, 0.018405660763221404)	(66.0, 0.07975786330729275)	(67.0, 0.1319072354697534)	(68.0, 0.01227044050881427)	(69.0, 0.0030676101272035677)	(70.0, 0.0)	(71.0, 0.0)	(72.0, 0.0)	(73.0, 0.0)	(74.0, 0.0)	(75.0, 0.0)	(76.0, 0.0)	(77.0, 0.0)	(78.0, 0.0)	(79.0, 0.0)	(80.0, 0.0)	(81.0, 0.0)	(82.0, 0.0)	(83.0, 0.0)	(84.0, 0.0)	(85.0, 0.0)	(86.0, 0.0)	(87.0, 0.004090146836271423)	(88.0, 0.004090146836271423)	(89.0, 0.0)	(90.0, 0.0)	(91.0, 0.0)	(92.0, 0.0)	(93.0, 0.0)	(94.0, 0.0)	(95.0, 0.0)	(96.0, 0.0)	(97.0, 0.0)	(98.0, 0.0)	(99.0, 0.0)	(100.0, 0.0)
550A0_S65_L001_R2_001	(0.0, 0.0)	(1.0, 0.0)	(2.0, 0.0)	(3.0, 0.0)	(4.0, 0.0)	(5.0, 0.0)	(6.0, 0.0)	(7.0, 0.0)	(8.0, 0.0)	(9.0, 0.0)	(10.0, 0.0)	(11.0, 0.0)	(12.0, 0.0)	(13.0, 0.0)	(14.0, 0.0)	(15.0, 0.0)	(16.0, 0.0)	(17.0, 0.0)	(18.0, 0.0)	(19.0, 0.0)	(20.0, 0.0)	(21.0, 0.0)	(22.0, 0.0)	(23.0, 0.0)	(24.0, 0.0)	(25.0, 0.0)	(26.0, 0.0)	(27.0, 0.0)	(28.0, 0.0)	(29.0, 0.0031124206332738534)	(30.0, 0.0)	(31.0, 0.0)	(32.0, 0.0)	(33.0, 0.0)	(34.0, 0.0)	(35.0, 0.0)	(36.0, 0.0031124206332738534)	(37.0, 0.0)	(38.0, 0.0)	(39.0, 0.006224841266547707)	(40.0, 0.01867452379964312)	(41.0, 0.022824417977341593)	(42.0, 0.022824417977341593)	(43.0, 0.016599576710793883)	(44.0, 0.021786944432916976)	(45.0, 0.04149894177698472)	(46.0, 0.05706104494335399)	(47.0, 0.17222060837448655)	(48.0, 0.4066896294144501)	(49.0, 0.6204091795659218)	(50.0, 1.4099265468730542)	(51.0, 4.6011951695231765)	(52.0, 15.382620243183807)	(53.0, 24.014400132796567)	(54.0, 18.626800016599578)	(55.0, 12.052330165580798)	(56.0, 10.325974187658225)	(57.0, 8.008258289413625)	(58.0, 2.148607710503383)	(59.0, 0.6536083329875092)	(60.0, 0.26248080673942836)	(61.0, 0.20126986761837584)	(62.0, 0.11827198406440644)	(63.0, 0.10582230153131102)	(64.0, 0.10582230153131102)	(65.0, 0.0757355687429971)	(66.0, 0.0757355687429971)	(67.0, 0.11308461634228334)	(68.0, 0.09959746026476331)	(69.0, 0.06536083329875092)	(70.0, 0.04357388886583395)	(71.0, 0.013487156077520032)	(72.0, 0.010374735444246178)	(73.0, 0.006224841266547707)	(74.0, 0.006224841266547707)	(75.0, 0.006224841266547707)	(76.0, 0.006224841266547707)	(77.0, 0.0)	(78.0, 0.0)	(79.0, 0.006224841266547707)	(80.0, 0.0031124206332738534)	(81.0, 0.012449682533095413)	(82.0, 0.0031124206332738534)	(83.0, 0.0031124206332738534)	(84.0, 0.0)	(85.0, 0.0031124206332738534)	(86.0, 0.006224841266547707)	(87.0, 0.0)	(88.0, 0.0)	(89.0, 0.0)	(90.0, 0.0)	(91.0, 0.0031124206332738534)	(92.0, 0.0031124206332738534)	(93.0, 0.0)	(94.0, 0.0)	(95.0, 0.0)	(96.0, 0.0)	(97.0, 0.0)	(98.0, 0.0)	(99.0, 0.0)	(100.0, 0.004149894177698471)
550A14_S66_L001_R1_001	(0.0, 0.023818975784041293)	(1.0, 0.011909487892020646)	(2.0, 0.0)	(3.0, 0.0)	(4.0, 0.0)	(5.0, 0.0)	(6.0, 0.0)	(7.0, 0.0)	(8.0, 0.0)	(9.0, 0.0)	(10.0, 0.0)	(11.0, 0.0)	(12.0, 0.0)	(13.0, 0.0)	(14.0, 0.0)	(15.0, 0.0)	(16.0, 0.0)	(17.0, 0.0)	(18.0, 0.0)	(19.0, 0.0)	(20.0, 0.0)	(21.0, 0.0)	(22.0, 0.0)	(23.0, 0.0)	(24.0, 0.0)	(25.0, 0.0)	(26.0, 0.0)	(27.0, 0.0)	(28.0, 0.0)	(29.0, 0.0)	(30.0, 0.0)	(31.0, 0.0)	(32.0, 0.0)	(33.0, 0.0)	(34.0, 0.0)	(35.0, 0.0)	(36.0, 0.0)	(37.0, 0.0)	(38.0, 0.0)	(39.0, 0.0)	(40.0, 0.0)	(41.0, 0.0)	(42.0, 0.011909487892020646)	(43.0, 0.014886859865025808)	(44.0, 0.005954743946010323)	(45.0, 0.005954743946010323)	(46.0, 0.029773719730051617)	(47.0, 0.10718539102818582)	(48.0, 0.2649861055974594)	(49.0, 0.6996824136562131)	(50.0, 1.9670504168320762)	(51.0, 10.905121079793577)	(52.0, 18.78721714966254)	(53.0, 14.333068678046848)	(54.0, 17.106986899563328)	(55.0, 13.937078205637166)	(56.0, 8.103414053195715)	(57.0, 6.53533148074633)	(58.0, 4.303294958316785)	(59.0, 1.3983723699880861)	(60.0, 0.390035728463676)	(61.0, 0.24910678840809852)	(62.0, 0.19154426359666543)	(63.0, 0.11016276300119099)	(64.0, 0.05657006748709807)	(65.0, 0.035728463676061945)	(66.0, 0.12802699483922195)	(67.0, 0.22925764192139744)	(68.0, 0.026796347757046455)	(69.0, 0.014886859865025808)	(70.0, 0.011909487892020646)	(71.0, 0.0)	(72.0, 0.0)	(73.0, 0.0)	(74.0, 0.0)	(75.0, 0.0)	(76.0, 0.0)	(77.0, 0.0)	(78.0, 0.0029773719730051616)	(79.0, 0.0)	(80.0, 0.0)	(81.0, 0.0)	(82.0, 0.0)	(83.0, 0.0)	(84.0, 0.0)	(85.0, 0.0)	(86.0, 0.0)	(87.0, 0.0)	(88.0, 0.0)	(89.0, 0.0)	(90.0, 0.0)	(91.0, 0.0)	(92.0, 0.0)	(93.0, 0.0)	(94.0, 0.0)	(95.0, 0.0)	(96.0, 0.0)	(97.0, 0.0)	(98.0, 0.0)	(99.0, 0.0)	(100.0, 0.0)
550A14_S66_L001_R2_001	(0.0, 0.024144383412808616)	(1.0, 0.012072191706404308)	(2.0, 0.0)	(3.0, 0.0)	(4.0, 0.0)	(5.0, 0.0)	(6.0, 0.0)	(7.0, 0.0)	(8.0, 0.0)	(9.0, 0.0)	(10.0, 0.0)	(11.0, 0.0)	(12.0, 0.0)	(13.0, 0.0)	(14.0, 0.0)	(15.0, 0.0)	(16.0, 0.0)	(17.0, 0.0)	(18.0, 0.0)	(19.0, 0.0)	(20.0, 0.0)	(21.0, 0.0)	(22.0, 0.0)	(23.0, 0.0)	(24.0, 0.0)	(25.0, 0.0)	(26.0, 0.0)	(27.0, 0.0)	(28.0, 0.0)	(29.0, 0.0)	(30.0, 0.0)	(31.0, 0.0)	(32.0, 0.0)	(33.0, 0.0)	(34.0, 0.0)	(35.0, 0.004024063902134769)	(36.0, 0.0)	(37.0, 0.0)	(38.0, 0.0)	(39.0, 0.0)	(40.0, 0.0)	(41.0, 0.012072191706404308)	(42.0, 0.003018047926601077)	(43.0, 0.013078207681938)	(44.0, 0.032192511217078154)	(45.0, 0.029174463290477078)	(46.0, 0.06539103840969)	(47.0, 0.2112633548620754)	(48.0, 0.5875133297116762)	(49.0, 0.8400233395706334)	(50.0, 1.4375968290376455)	(51.0, 4.225267097241505)	(52.0, 14.992656083378622)	(53.0, 24.12828715720002)	(54.0, 20.5529063801533)	(55.0, 13.652642803967744)	(56.0, 8.97165046980947)	(57.0, 5.888211504798701)	(58.0, 1.801774612180843)	(59.0, 0.6217178728798219)	(60.0, 0.26156415363876)	(61.0, 0.15995654010985708)	(62.0, 0.13782418864811585)	(63.0, 0.1800768596205309)	(64.0, 0.16297458803645815)	(65.0, 0.10261362950443663)	(66.0, 0.10965574133317248)	(67.0, 0.2112633548620754)	(68.0, 0.2082453069354743)	(69.0, 0.14184825255025063)	(70.0, 0.05734291060542047)	(71.0, 0.030180479266010772)	(72.0, 0.02112633548620754)	(73.0, 0.015090239633005386)	(74.0, 0.012072191706404308)	(75.0, 0.009054143779803231)	(76.0, 0.003018047926601077)	(77.0, 0.003018047926601077)	(78.0, 0.009054143779803231)	(79.0, 0.009054143779803231)	(80.0, 0.006036095853202154)	(81.0, 0.006036095853202154)	(82.0, 0.006036095853202154)	(83.0, 0.0)	(84.0, 0.0)	(85.0, 0.003018047926601077)	(86.0, 0.0)	(87.0, 0.009054143779803231)	(88.0, 0.006036095853202154)	(89.0, 0.003018047926601077)	(90.0, 0.006036095853202154)	(91.0, 0.003018047926601077)	(92.0, 0.0)	(93.0, 0.0)	(94.0, 0.0)	(95.0, 0.0)	(96.0, 0.0)	(97.0, 0.0)	(98.0, 0.0)	(99.0, 0.0)	(100.0, 0.0)
550B0_S67_L001_R1_001	(0.0, 0.0)	(1.0, 0.0)	(2.0, 0.0)	(3.0, 0.0)	(4.0, 0.0)	(5.0, 0.0)	(6.0, 0.0)	(7.0, 0.0)	(8.0, 0.0)	(9.0, 0.0)	(10.0, 0.0)	(11.0, 0.0)	(12.0, 0.0)	(13.0, 0.0)	(14.0, 0.0)	(15.0, 0.0)	(16.0, 0.0)	(17.0, 0.0)	(18.0, 0.0)	(19.0, 0.0)	(20.0, 0.0)	(21.0, 0.0)	(22.0, 0.0)	(23.0, 0.0)	(24.0, 0.0)	(25.0, 0.0)	(26.0, 0.0)	(27.0, 0.0)	(28.0, 0.0)	(29.0, 0.0)	(30.0, 0.0)	(31.0, 0.0)	(32.0, 0.0)	(33.0, 0.0)	(34.0, 0.0)	(35.0, 0.0)	(36.0, 0.0)	(37.0, 0.0)	(38.0, 0.0)	(39.0, 0.002880682145532063)	(40.0, 0.0)	(41.0, 0.0)	(42.0, 0.0)	(43.0, 0.005761364291064126)	(44.0, 0.008642046436596188)	(45.0, 0.008642046436596188)	(46.0, 0.008642046436596188)	(47.0, 0.14403410727660312)	(48.0, 0.273664803825546)	(49.0, 0.6174262065257055)	(50.0, 2.2142843425323124)	(51.0, 11.387336521288248)	(52.0, 19.42155902517714)	(53.0, 15.617138138311159)	(54.0, 15.820706343262087)	(55.0, 12.617387797430437)	(56.0, 7.612682683259397)	(57.0, 6.47481323577423)	(58.0, 4.428568685064615)	(59.0, 1.7860229302298785)	(60.0, 0.5233239231049917)	(61.0, 0.2640625300071057)	(62.0, 0.1978068406598683)	(63.0, 0.09506251080255806)	(64.0, 0.046090914328513005)	(65.0, 0.040329550037448876)	(66.0, 0.13251137869447488)	(67.0, 0.2160511609149047)	(68.0, 0.008642046436596188)	(69.0, 0.008642046436596188)	(70.0, 0.011522728582128251)	(71.0, 0.002880682145532063)	(72.0, 0.002880682145532063)	(73.0, 0.0)	(74.0, 0.0)	(75.0, 0.0)	(76.0, 0.0)	(77.0, 0.0)	(78.0, 0.0)	(79.0, 0.0)	(80.0, 0.0)	(81.0, 0.0)	(82.0, 0.0)	(83.0, 0.0)	(84.0, 0.0)	(85.0, 0.0)	(86.0, 0.0)	(87.0, 0.0)	(88.0, 0.0)	(89.0, 0.0)	(90.0, 0.0)	(91.0, 0.0)	(92.0, 0.0)	(93.0, 0.0)	(94.0, 0.0)	(95.0, 0.0)	(96.0, 0.0)	(97.0, 0.0)	(98.0, 0.0)	(99.0, 0.0)	(100.0, 0.0)
550B0_S67_L001_R2_001	(0.0, 0.0)	(1.0, 0.0)	(2.0, 0.0)	(3.0, 0.0)	(4.0, 0.0)	(5.0, 0.0)	(6.0, 0.0)	(7.0, 0.0)	(8.0, 0.0)	(9.0, 0.0)	(10.0, 0.0)	(11.0, 0.0)	(12.0, 0.0)	(13.0, 0.0)	(14.0, 0.0)	(15.0, 0.0)	(16.0, 0.0)	(17.0, 0.0)	(18.0, 0.0)	(19.0, 0.0)	(20.0, 0.0)	(21.0, 0.0)	(22.0, 0.0)	(23.0, 0.0)	(24.0, 0.0)	(25.0, 0.0)	(26.0, 0.0)	(27.0, 0.0)	(28.0, 0.0)	(29.0, 0.0)	(30.0, 0.0)	(31.0, 0.0)	(32.0, 0.005807594397607277)	(33.0, 0.0)	(34.0, 0.0)	(35.0, 0.0038717295984048504)	(36.0, 0.0038717295984048504)	(37.0, 0.0)	(38.0, 0.0)	(39.0, 0.0)	(40.0, 0.006775526797208489)	(41.0, 0.0038717295984048504)	(42.0, 0.011615188795214554)	(43.0, 0.02903797198803638)	(44.0, 0.026134174789232745)	(45.0, 0.02903797198803638)	(46.0, 0.07453079476929338)	(47.0, 0.2197206547094753)	(48.0, 0.5313948873810658)	(49.0, 0.8043518240686076)	(50.0, 1.5670825549543625)	(51.0, 4.765131203236763)	(52.0, 14.92164587225229)	(53.0, 25.530184971881535)	(54.0, 22.209208908849803)	(55.0, 13.169688228974104)	(56.0, 7.540193392893446)	(57.0, 4.7593236088391615)	(58.0, 1.5603070281571552)	(59.0, 0.5178438337866488)	(60.0, 0.2487586266975117)	(61.0, 0.168420237530611)	(62.0, 0.1413181303417771)	(63.0, 0.12776707674736007)	(64.0, 0.15680504873539647)	(65.0, 0.18584302072343287)	(66.0, 0.13067087394616372)	(67.0, 0.17132403472941465)	(68.0, 0.1509974543377892)	(69.0, 0.10163290195812733)	(70.0, 0.02903797198803638)	(71.0, 0.011615188795214554)	(72.0, 0.020326580391625465)	(73.0, 0.008711391596410914)	(74.0, 0.005807594397607277)	(75.0, 0.008711391596410914)	(76.0, 0.0)	(77.0, 0.0)	(78.0, 0.0029037971988036385)	(79.0, 0.0029037971988036385)	(80.0, 0.0)	(81.0, 0.0029037971988036385)	(82.0, 0.0029037971988036385)	(83.0, 0.0)	(84.0, 0.005807594397607277)	(85.0, 0.0029037971988036385)	(86.0, 0.0029037971988036385)	(87.0, 0.0029037971988036385)	(88.0, 0.0)	(89.0, 0.0)	(90.0, 0.0)	(91.0, 0.0)	(92.0, 0.0029037971988036385)	(93.0, 0.0029037971988036385)	(94.0, 0.0029037971988036385)	(95.0, 0.0029037971988036385)	(96.0, 0.0)	(97.0, 0.0)	(98.0, 0.0)	(99.0, 0.0)	(100.0, 0.0038717295984048504)
550B14_S68_L001_R1_001	(0.0, 0.0)	(1.0, 0.0)	(2.0, 0.0)	(3.0, 0.0)	(4.0, 0.0)	(5.0, 0.0)	(6.0, 0.0)	(7.0, 0.0)	(8.0, 0.0)	(9.0, 0.0)	(10.0, 0.0)	(11.0, 0.0)	(12.0, 0.0)	(13.0, 0.0)	(14.0, 0.0)	(15.0, 0.0)	(16.0, 0.0)	(17.0, 0.0)	(18.0, 0.0)	(19.0, 0.0)	(20.0, 0.0)	(21.0, 0.0)	(22.0, 0.0)	(23.0, 0.0)	(24.0, 0.0)	(25.0, 0.0)	(26.0, 0.0)	(27.0, 0.0)	(28.0, 0.0)	(29.0, 0.0)	(30.0, 0.0)	(31.0, 0.0)	(32.0, 0.0)	(33.0, 0.0)	(34.0, 0.0)	(35.0, 0.0)	(36.0, 0.0)	(37.0, 0.0)	(38.0, 0.0)	(39.0, 0.005934600700282885)	(40.0, 0.01186920140056577)	(41.0, 0.005934600700282885)	(42.0, 0.0)	(43.0, 0.0029673003501414423)	(44.0, 0.006923700816996697)	(45.0, 0.009891001167138138)	(46.0, 0.044509505252121634)	(47.0, 0.3382722399161244)	(48.0, 0.5370813633756011)	(49.0, 0.9950347174140971)	(50.0, 2.6339736108088867)	(51.0, 10.310379616624806)	(52.0, 21.62073945124722)	(53.0, 15.976934185278235)	(54.0, 15.840438369171734)	(55.0, 11.850408498348216)	(56.0, 8.338113983897454)	(57.0, 5.651718066902733)	(58.0, 3.7427548416450724)	(59.0, 1.4421079701687367)	(60.0, 0.2848608336135784)	(61.0, 0.13847401633993398)	(62.0, 0.07121520840339461)	(63.0, 0.029673003501414424)	(64.0, 0.029673003501414424)	(65.0, 0.014836501750707212)	(66.0, 0.014836501750707212)	(67.0, 0.035607604201697306)	(68.0, 0.0029673003501414423)	(69.0, 0.0)	(70.0, 0.0)	(71.0, 0.005934600700282885)	(72.0, 0.005934600700282885)	(73.0, 0.0)	(74.0, 0.0)	(75.0, 0.0)	(76.0, 0.0)	(77.0, 0.0)	(78.0, 0.0)	(79.0, 0.0)	(80.0, 0.0)	(81.0, 0.0)	(82.0, 0.0)	(83.0, 0.0)	(84.0, 0.0)	(85.0, 0.0)	(86.0, 0.0)	(87.0, 0.0)	(88.0, 0.0)	(89.0, 0.0)	(90.0, 0.0)	(91.0, 0.0)	(92.0, 0.0)	(93.0, 0.0)	(94.0, 0.0)	(95.0, 0.0)	(96.0, 0.0)	(97.0, 0.0)	(98.0, 0.0)	(99.0, 0.0)	(100.0, 0.0)
550B14_S68_L001_R2_001	(0.0, 0.0)	(1.0, 0.0)	(2.0, 0.0)	(3.0, 0.0)	(4.0, 0.0)	(5.0, 0.0)	(6.0, 0.0)	(7.0, 0.0)	(8.0, 0.0)	(9.0, 0.0)	(10.0, 0.0)	(11.0, 0.0)	(12.0, 0.0)	(13.0, 0.0)	(14.0, 0.0)	(15.0, 0.0)	(16.0, 0.0)	(17.0, 0.0)	(18.0, 0.0)	(19.0, 0.0)	(20.0, 0.0)	(21.0, 0.0)	(22.0, 0.0)	(23.0, 0.0)	(24.0, 0.0)	(25.0, 0.0)	(26.0, 0.0)	(27.0, 0.0)	(28.0, 0.0)	(29.0, 0.0)	(30.0, 0.0)	(31.0, 0.0)	(32.0, 0.0)	(33.0, 0.0)	(34.0, 0.0)	(35.0, 0.002976633427593396)	(36.0, 0.002976633427593396)	(37.0, 0.0)	(38.0, 0.005953266855186792)	(39.0, 0.011906533710373583)	(40.0, 0.023813067420747167)	(41.0, 0.014883167137966977)	(42.0, 0.005953266855186792)	(43.0, 0.02282085627821603)	(44.0, 0.03968844570124528)	(45.0, 0.05754824626680565)	(46.0, 0.13394850424170282)	(47.0, 0.42168973557573114)	(48.0, 1.0844867787865269)	(49.0, 1.8058242794066597)	(50.0, 2.991516594731366)	(51.0, 9.13429577814161)	(52.0, 18.495807907922778)	(53.0, 22.45770700004957)	(54.0, 17.51649551024458)	(55.0, 11.005605992955322)	(56.0, 7.238180284764607)	(57.0, 4.63660266904798)	(58.0, 1.3950488663987715)	(59.0, 0.4256585801458556)	(60.0, 0.21332539564419334)	(61.0, 0.13593292652676506)	(62.0, 0.1309718708141094)	(63.0, 0.13196408195664053)	(64.0, 0.08136131368755281)	(65.0, 0.05655603512427452)	(66.0, 0.0684625688346481)	(67.0, 0.05357940169668112)	(68.0, 0.04167286798630754)	(69.0, 0.029766334275933955)	(70.0, 0.03571960113112075)	(71.0, 0.02083643399315377)	(72.0, 0.005953266855186792)	(73.0, 0.005953266855186792)	(74.0, 0.005953266855186792)	(75.0, 0.002976633427593396)	(76.0, 0.002976633427593396)	(77.0, 0.002976633427593396)	(78.0, 0.005953266855186792)	(79.0, 0.0)	(80.0, 0.002976633427593396)	(81.0, 0.002976633427593396)	(82.0, 0.005953266855186792)	(83.0, 0.002976633427593396)	(84.0, 0.005953266855186792)	(85.0, 0.008929900282780187)	(86.0, 0.0)	(87.0, 0.0)	(88.0, 0.002976633427593396)	(89.0, 0.0)	(90.0, 0.0)	(91.0, 0.0)	(92.0, 0.0)	(93.0, 0.002976633427593396)	(94.0, 0.0)	(95.0, 0.0)	(96.0, 0.0)	(97.0, 0.0)	(98.0, 0.0)	(99.0, 0.0)	(100.0, 0.0)
551A0_S73_L001_R1_001	(0.0, 0.0)	(1.0, 0.0)	(2.0, 0.0)	(3.0, 0.0)	(4.0, 0.0)	(5.0, 0.0)	(6.0, 0.0)	(7.0, 0.0)	(8.0, 0.0)	(9.0, 0.0)	(10.0, 0.0)	(11.0, 0.0)	(12.0, 0.0)	(13.0, 0.0)	(14.0, 0.0)	(15.0, 0.0)	(16.0, 0.0)	(17.0, 0.0)	(18.0, 0.0)	(19.0, 0.0)	(20.0, 0.0)	(21.0, 0.0)	(22.0, 0.0)	(23.0, 0.0)	(24.0, 0.0)	(25.0, 0.0)	(26.0, 0.0)	(27.0, 0.0)	(28.0, 0.0)	(29.0, 0.0)	(30.0, 0.0)	(31.0, 0.0)	(32.0, 0.0)	(33.0, 0.0)	(34.0, 0.0)	(35.0, 0.0)	(36.0, 0.0)	(37.0, 0.0)	(38.0, 0.0)	(39.0, 0.0)	(40.0, 0.0)	(41.0, 0.0)	(42.0, 0.0)	(43.0, 0.002524105204704933)	(44.0, 0.002524105204704933)	(45.0, 0.015144631228229599)	(46.0, 0.1287293654399516)	(47.0, 0.7774244030491193)	(48.0, 1.388257862587713)	(49.0, 1.9115890083632028)	(50.0, 2.5586013091692337)	(51.0, 7.432648459454461)	(52.0, 9.26346610126711)	(53.0, 11.897790566577484)	(54.0, 16.514378985982802)	(55.0, 17.60815790802159)	(56.0, 11.739613307082646)	(57.0, 5.996432597977351)	(58.0, 4.3313645312736515)	(59.0, 2.688172043010759)	(60.0, 1.7458394332542455)	(61.0, 1.1543574469517224)	(62.0, 0.5872751442946811)	(63.0, 0.1926733639591432)	(64.0, 0.14387399666818118)	(65.0, 0.09339189257408252)	(66.0, 0.5881165126962494)	(67.0, 1.052551870361957)	(68.0, 0.14387399666818118)	(69.0, 0.020192841637639465)	(70.0, 0.013461894425092975)	(71.0, 0.002524105204704933)	(72.0, 0.0)	(73.0, 0.0)	(74.0, 0.0)	(75.0, 0.002524105204704933)	(76.0, 0.0)	(77.0, 0.0)	(78.0, 0.0)	(79.0, 0.0)	(80.0, 0.0)	(81.0, 0.0)	(82.0, 0.0)	(83.0, 0.0)	(84.0, 0.0)	(85.0, 0.0)	(86.0, 0.0)	(87.0, 0.0)	(88.0, 0.0)	(89.0, 0.0)	(90.0, 0.0)	(91.0, 0.0)	(92.0, 0.0)	(93.0, 0.0)	(94.0, 0.0)	(95.0, 0.0)	(96.0, 0.0)	(97.0, 0.0)	(98.0, 0.002524105204704933)	(99.0, 0.0)	(100.0, 0.0)
551A0_S73_L001_R2_001	(0.0, 0.0)	(1.0, 0.0)	(2.0, 0.0)	(3.0, 0.0)	(4.0, 0.0)	(5.0, 0.0)	(6.0, 0.0)	(7.0, 0.0)	(8.0, 0.0)	(9.0, 0.0)	(10.0, 0.0)	(11.0, 0.0)	(12.0, 0.0)	(13.0, 0.0)	(14.0, 0.0)	(15.0, 0.0)	(16.0, 0.0)	(17.0, 0.0)	(18.0, 0.0)	(19.0, 0.0)	(20.0, 0.0)	(21.0, 0.0)	(22.0, 0.0)	(23.0, 0.0)	(24.0, 0.0)	(25.0, 0.0)	(26.0, 0.0)	(27.0, 0.0)	(28.0, 0.0)	(29.0, 0.0)	(30.0, 0.0)	(31.0, 0.0)	(32.0, 0.0)	(33.0, 0.0)	(34.0, 0.0)	(35.0, 0.0)	(36.0, 0.0)	(37.0, 0.0)	(38.0, 0.0)	(39.0, 0.0)	(40.0, 0.0)	(41.0, 0.0)	(42.0, 0.00501987032001674)	(43.0, 0.008366450533361233)	(44.0, 0.01589625601338634)	(45.0, 0.027609286760092066)	(46.0, 0.07780798996025946)	(47.0, 0.4676845848148931)	(48.0, 1.8004601547793375)	(49.0, 2.443840200794817)	(50.0, 2.632085337795446)	(51.0, 4.191591717213973)	(52.0, 10.750052290315876)	(53.0, 18.07236979711352)	(54.0, 20.80652583141597)	(55.0, 15.968207487973244)	(56.0, 9.138673917590474)	(57.0, 4.046015477933491)	(58.0, 2.791047897929308)	(59.0, 1.8355992470194544)	(60.0, 0.8617444049362069)	(61.0, 0.3697971135745665)	(62.0, 0.20246810290734185)	(63.0, 0.2192010039740643)	(64.0, 0.25434009621418147)	(65.0, 0.298682284040996)	(66.0, 0.29784563898765987)	(67.0, 0.7496339677891665)	(68.0, 0.8734574356829127)	(69.0, 0.43170884752143956)	(70.0, 0.13051662832043523)	(71.0, 0.045178832880150656)	(72.0, 0.03764902740012555)	(73.0, 0.017569546120058586)	(74.0, 0.02007948128006696)	(75.0, 0.025099351600083697)	(76.0, 0.01003974064003348)	(77.0, 0.00501987032001674)	(78.0, 0.00752980548002511)	(79.0, 0.01505961096005022)	(80.0, 0.00752980548002511)	(81.0, 0.0)	(82.0, 0.00250993516000837)	(83.0, 0.00501987032001674)	(84.0, 0.00752980548002511)	(85.0, 0.0)	(86.0, 0.0)	(87.0, 0.00501987032001674)	(88.0, 0.00501987032001674)	(89.0, 0.00250993516000837)	(90.0, 0.0)	(91.0, 0.0)	(92.0, 0.0)	(93.0, 0.0)	(94.0, 0.0)	(95.0, 0.0)	(96.0, 0.0)	(97.0, 0.0)	(98.0, 0.00501987032001674)	(99.0, 0.00501987032001674)	(100.0, 0.003346580213344493)
551A14_S74_L001_R1_001	(0.0, 0.009737019336097566)	(1.0, 0.004868509668048783)	(2.0, 0.0)	(3.0, 0.0)	(4.0, 0.0)	(5.0, 0.0)	(6.0, 0.0)	(7.0, 0.0)	(8.0, 0.0)	(9.0, 0.0)	(10.0, 0.0)	(11.0, 0.0)	(12.0, 0.0)	(13.0, 0.0)	(14.0, 0.0)	(15.0, 0.0)	(16.0, 0.0)	(17.0, 0.0)	(18.0, 0.0)	(19.0, 0.0)	(20.0, 0.0)	(21.0, 0.0)	(22.0, 0.0)	(23.0, 0.0)	(24.0, 0.0)	(25.0, 0.0)	(26.0, 0.0)	(27.0, 0.0)	(28.0, 0.0)	(29.0, 0.0)	(30.0, 0.0)	(31.0, 0.0)	(32.0, 0.0)	(33.0, 0.0)	(34.0, 0.0)	(35.0, 0.0)	(36.0, 0.0)	(37.0, 0.0)	(38.0, 0.005679927946056913)	(39.0, 0.005679927946056913)	(40.0, 0.0024342548340243915)	(41.0, 0.007302764502073175)	(42.0, 0.004868509668048783)	(43.0, 0.004868509668048783)	(44.0, 0.0024342548340243915)	(45.0, 0.012171274170121957)	(46.0, 0.05355360634853661)	(47.0, 0.3675724799376831)	(48.0, 0.6085637085060979)	(49.0, 1.3242346297092689)	(50.0, 1.572528622779757)	(51.0, 4.177992713463864)	(52.0, 8.926412476367444)	(53.0, 16.116389837797477)	(54.0, 23.5927978513644)	(55.0, 23.286081742277325)	(56.0, 6.596830600206101)	(57.0, 2.494299786596995)	(58.0, 2.578687287509841)	(59.0, 2.13646432599541)	(60.0, 1.3388401587134153)	(61.0, 0.8592919564106102)	(62.0, 0.701065392199025)	(63.0, 0.3943492831119515)	(64.0, 0.20934591572609765)	(65.0, 0.15579230937756106)	(66.0, 0.8057383500620735)	(67.0, 1.4191705682362201)	(68.0, 0.2044774060580489)	(69.0, 0.019474038672195132)	(70.0, 0.0)	(71.0, 0.0)	(72.0, 0.0)	(73.0, 0.0)	(74.0, 0.0)	(75.0, 0.0)	(76.0, 0.0)	(77.0, 0.0)	(78.0, 0.0)	(79.0, 0.0)	(80.0, 0.0)	(81.0, 0.0)	(82.0, 0.0)	(83.0, 0.0)	(84.0, 0.0)	(85.0, 0.0)	(86.0, 0.0)	(87.0, 0.0)	(88.0, 0.0)	(89.0, 0.0)	(90.0, 0.0)	(91.0, 0.0)	(92.0, 0.0)	(93.0, 0.0)	(94.0, 0.0)	(95.0, 0.0)	(96.0, 0.0)	(97.0, 0.0)	(98.0, 0.0)	(99.0, 0.0)	(100.0, 0.0)
551A14_S74_L001_R2_001	(0.0, 0.009750944622760336)	(1.0, 0.004875472311380168)	(2.0, 0.0)	(3.0, 0.0)	(4.0, 0.0)	(5.0, 0.0)	(6.0, 0.0)	(7.0, 0.0)	(8.0, 0.0)	(9.0, 0.0)	(10.0, 0.0)	(11.0, 0.0)	(12.0, 0.0)	(13.0, 0.0)	(14.0, 0.0)	(15.0, 0.0)	(16.0, 0.0)	(17.0, 0.0)	(18.0, 0.0)	(19.0, 0.0)	(20.0, 0.0)	(21.0, 0.0)	(22.0, 0.0)	(23.0, 0.0)	(24.0, 0.0)	(25.0, 0.0)	(26.0, 0.0)	(27.0, 0.0)	(28.0, 0.0)	(29.0, 0.0)	(30.0, 0.002437736155690084)	(31.0, 0.0)	(32.0, 0.0)	(33.0, 0.0)	(34.0, 0.0)	(35.0, 0.0)	(36.0, 0.004875472311380168)	(37.0, 0.004875472311380168)	(38.0, 0.007313208467070251)	(39.0, 0.0)	(40.0, 0.007313208467070251)	(41.0, 0.002437736155690084)	(42.0, 0.0)	(43.0, 0.009750944622760336)	(44.0, 0.017064153089830586)	(45.0, 0.025189940275464194)	(46.0, 0.04712956567667496)	(47.0, 0.22264656888636097)	(48.0, 0.9726567261203434)	(49.0, 1.6105310201925824)	(50.0, 2.2175273229594157)	(51.0, 4.374111242026565)	(52.0, 10.946247917767062)	(53.0, 19.922805021736423)	(54.0, 24.766586763092683)	(55.0, 14.721488644212414)	(56.0, 7.405029862267912)	(57.0, 2.9610368504448887)	(58.0, 2.2061512208995264)	(59.0, 1.5105838378092888)	(60.0, 0.6947548043716739)	(61.0, 0.4371673505870884)	(62.0, 0.2925283386828101)	(63.0, 0.3095924917726406)	(64.0, 0.41197741031162427)	(65.0, 0.4404176654613418)	(66.0, 0.416040303904441)	(67.0, 0.7305082679884618)	(68.0, 1.0043472961443145)	(69.0, 0.7386340551740954)	(70.0, 0.29009060252712)	(71.0, 0.09750944622760335)	(72.0, 0.03656604233535126)	(73.0, 0.017064153089830586)	(74.0, 0.007313208467070251)	(75.0, 0.009750944622760336)	(76.0, 0.007313208467070251)	(77.0, 0.004875472311380168)	(78.0, 0.007313208467070251)	(79.0, 0.004875472311380168)	(80.0, 0.012188680778450419)	(81.0, 0.004875472311380168)	(82.0, 0.002437736155690084)	(83.0, 0.004875472311380168)	(84.0, 0.009750944622760336)	(85.0, 0.009750944622760336)	(86.0, 0.002437736155690084)	(87.0, 0.0)	(88.0, 0.002437736155690084)	(89.0, 0.002437736155690084)	(90.0, 0.002437736155690084)	(91.0, 0.004875472311380168)	(92.0, 0.0)	(93.0, 0.0)	(94.0, 0.0)	(95.0, 0.0)	(96.0, 0.002437736155690084)	(97.0, 0.0)	(98.0, 0.0)	(99.0, 0.0)	(100.0, 0.0)
551B0_S75_L001_R1_001	(0.0, 0.0)	(1.0, 0.0)	(2.0, 0.0)	(3.0, 0.0)	(4.0, 0.0)	(5.0, 0.0)	(6.0, 0.0)	(7.0, 0.0)	(8.0, 0.0)	(9.0, 0.0)	(10.0, 0.0)	(11.0, 0.0)	(12.0, 0.0)	(13.0, 0.0)	(14.0, 0.0)	(15.0, 0.0)	(16.0, 0.0)	(17.0, 0.0)	(18.0, 0.0)	(19.0, 0.0)	(20.0, 0.0)	(21.0, 0.0)	(22.0, 0.0)	(23.0, 0.0)	(24.0, 0.0)	(25.0, 0.0)	(26.0, 0.0)	(27.0, 0.0)	(28.0, 0.0)	(29.0, 0.0)	(30.0, 0.0)	(31.0, 0.0)	(32.0, 0.0)	(33.0, 0.0)	(34.0, 0.0)	(35.0, 0.0)	(36.0, 0.0)	(37.0, 0.0)	(38.0, 0.0)	(39.0, 0.0)	(40.0, 0.0)	(41.0, 0.008118915042319845)	(42.0, 0.026386473887539494)	(43.0, 0.03247566016927938)	(44.0, 0.01623783008463969)	(45.0, 0.002029728760579961)	(46.0, 0.05277294777507899)	(47.0, 0.3369349742562736)	(48.0, 0.5216402914690501)	(49.0, 0.43300880225705835)	(50.0, 1.068313904318586)	(51.0, 5.99514218249968)	(52.0, 9.135132575116879)	(53.0, 17.432663748367748)	(54.0, 24.158508284676238)	(55.0, 21.900773326657784)	(56.0, 7.093225441973443)	(57.0, 2.6501491850639023)	(58.0, 2.922132838981614)	(59.0, 3.564880279831934)	(60.0, 0.914054518514509)	(61.0, 0.39782683707367245)	(62.0, 0.24559718003017533)	(63.0, 0.12990264067711751)	(64.0, 0.054802676535658956)	(65.0, 0.040594575211599225)	(66.0, 0.2983701278052543)	(67.0, 0.5175808339478901)	(68.0, 0.040594575211599225)	(69.0, 0.004059457521159922)	(70.0, 0.002029728760579961)	(71.0, 0.002029728760579961)	(72.0, 0.0)	(73.0, 0.002029728760579961)	(74.0, 0.0)	(75.0, 0.0)	(76.0, 0.0)	(77.0, 0.0)	(78.0, 0.0)	(79.0, 0.0)	(80.0, 0.0)	(81.0, 0.0)	(82.0, 0.0)	(83.0, 0.0)	(84.0, 0.0)	(85.0, 0.0)	(86.0, 0.0)	(87.0, 0.0)	(88.0, 0.0)	(89.0, 0.0)	(90.0, 0.0)	(91.0, 0.0)	(92.0, 0.0)	(93.0, 0.0)	(94.0, 0.0)	(95.0, 0.0)	(96.0, 0.0)	(97.0, 0.0)	(98.0, 0.0)	(99.0, 0.0)	(100.0, 0.0)
551B0_S75_L001_R2_001	(0.0, 0.0)	(1.0, 0.0)	(2.0, 0.0)	(3.0, 0.0)	(4.0, 0.0)	(5.0, 0.0)	(6.0, 0.0)	(7.0, 0.0)	(8.0, 0.0)	(9.0, 0.0)	(10.0, 0.0)	(11.0, 0.0)	(12.0, 0.0)	(13.0, 0.0)	(14.0, 0.0)	(15.0, 0.0)	(16.0, 0.0)	(17.0, 0.0)	(18.0, 0.0)	(19.0, 0.0)	(20.0, 0.0)	(21.0, 0.0)	(22.0, 0.0)	(23.0, 0.0)	(24.0, 0.0)	(25.0, 0.0)	(26.0, 0.0)	(27.0, 0.0)	(28.0, 0.0)	(29.0, 0.0)	(30.0, 0.0)	(31.0, 0.0)	(32.0, 0.002037296100615263)	(33.0, 0.002037296100615263)	(34.0, 0.0)	(35.0, 0.0)	(36.0, 0.0)	(37.0, 0.0)	(38.0, 0.002037296100615263)	(39.0, 0.002037296100615263)	(40.0, 0.002037296100615263)	(41.0, 0.01494017140451193)	(42.0, 0.02988034280902386)	(43.0, 0.029201244108818775)	(44.0, 0.028522145408613687)	(45.0, 0.020372961006152632)	(46.0, 0.04617871161394596)	(47.0, 0.1697746750512719)	(48.0, 0.6451437651948333)	(49.0, 0.7741725182337997)	(50.0, 1.4369728496339664)	(51.0, 5.137381667051485)	(52.0, 12.44991647085984)	(53.0, 22.53249487280483)	(54.0, 26.440707892485122)	(55.0, 14.872261534491415)	(56.0, 5.10682222554226)	(57.0, 2.3836364377198582)	(58.0, 3.3119643609002125)	(59.0, 1.9551251578904478)	(60.0, 0.5955695600798621)	(61.0, 0.2281771632689095)	(62.0, 0.15687179974737528)	(63.0, 0.15075991144552947)	(64.0, 0.12631235823814632)	(65.0, 0.14940171404511932)	(66.0, 0.17996115555434822)	(67.0, 0.2831841579855216)	(68.0, 0.35245222540644056)	(69.0, 0.18946853735721947)	(70.0, 0.055006994716612106)	(71.0, 0.020372961006152632)	(72.0, 0.010186480503076316)	(73.0, 0.01833566490553737)	(74.0, 0.008149184402461053)	(75.0, 0.008149184402461053)	(76.0, 0.004074592201230526)	(77.0, 0.004074592201230526)	(78.0, 0.004074592201230526)	(79.0, 0.004074592201230526)	(80.0, 0.008149184402461053)	(81.0, 0.008149184402461053)	(82.0, 0.0)	(83.0, 0.0)	(84.0, 0.002037296100615263)	(85.0, 0.004074592201230526)	(86.0, 0.004074592201230526)	(87.0, 0.002037296100615263)	(88.0, 0.002037296100615263)	(89.0, 0.0)	(90.0, 0.002037296100615263)	(91.0, 0.002037296100615263)	(92.0, 0.0)	(93.0, 0.0)	(94.0, 0.0)	(95.0, 0.002037296100615263)	(96.0, 0.008149184402461053)	(97.0, 0.004074592201230526)	(98.0, 0.002037296100615263)	(99.0, 0.002037296100615263)	(100.0, 0.0027163948008203506)
551B14_S76_L001_R1_001	(0.0, 0.0)	(1.0, 0.0)	(2.0, 0.0)	(3.0, 0.0)	(4.0, 0.0)	(5.0, 0.0)	(6.0, 0.0)	(7.0, 0.0)	(8.0, 0.0)	(9.0, 0.0)	(10.0, 0.0)	(11.0, 0.0)	(12.0, 0.0)	(13.0, 0.0)	(14.0, 0.0)	(15.0, 0.0)	(16.0, 0.001670192628883198)	(17.0, 0.001670192628883198)	(18.0, 0.0)	(19.0, 0.0)	(20.0, 0.0)	(21.0, 0.0)	(22.0, 0.0)	(23.0, 0.0)	(24.0, 0.0)	(25.0, 0.0)	(26.0, 0.0)	(27.0, 0.0)	(28.0, 0.0)	(29.0, 0.0)	(30.0, 0.0)	(31.0, 0.0)	(32.0, 0.0)	(33.0, 0.0)	(34.0, 0.0)	(35.0, 0.0)	(36.0, 0.0)	(37.0, 0.0)	(38.0, 0.0)	(39.0, 0.0)	(40.0, 0.003340385257766396)	(41.0, 0.005010577886649594)	(42.0, 0.008350963144415989)	(43.0, 0.005010577886649594)	(44.0, 0.003340385257766396)	(45.0, 0.001670192628883198)	(46.0, 0.005010577886649594)	(47.0, 0.011691348402182385)	(48.0, 0.01892884979400957)	(49.0, 0.0801692461863935)	(50.0, 0.5183164458300857)	(51.0, 6.155216568310879)	(52.0, 6.945774412648928)	(53.0, 15.848457855472667)	(54.0, 31.229818505734325)	(55.0, 26.851686894555176)	(56.0, 3.212893887094978)	(57.0, 0.8723972831533233)	(58.0, 1.6134060795011693)	(59.0, 3.7774189956574986)	(60.0, 1.172475225476005)	(61.0, 0.45763278031399635)	(62.0, 0.0796125153100991)	(63.0, 0.07181828304197752)	(64.0, 0.03674423783543035)	(65.0, 0.011691348402182385)	(66.0, 0.33403852577663956)	(67.0, 0.5945885758824184)	(68.0, 0.06346731989756152)	(69.0, 0.003340385257766396)	(70.0, 0.0)	(71.0, 0.001670192628883198)	(72.0, 0.0)	(73.0, 0.0)	(74.0, 0.0)	(75.0, 0.0)	(76.0, 0.001670192628883198)	(77.0, 0.0)	(78.0, 0.0)	(79.0, 0.0)	(80.0, 0.0)	(81.0, 0.0)	(82.0, 0.0)	(83.0, 0.0)	(84.0, 0.0)	(85.0, 0.0)	(86.0, 0.0)	(87.0, 0.0)	(88.0, 0.0)	(89.0, 0.0)	(90.0, 0.0)	(91.0, 0.0)	(92.0, 0.0)	(93.0, 0.0)	(94.0, 0.0)	(95.0, 0.0)	(96.0, 0.0)	(97.0, 0.0)	(98.0, 0.0)	(99.0, 0.0)	(100.0, 0.0)
551B14_S76_L001_R2_001	(0.0, 0.0)	(1.0, 0.0)	(2.0, 0.0)	(3.0, 0.0)	(4.0, 0.0)	(5.0, 0.0)	(6.0, 0.0)	(7.0, 0.0)	(8.0, 0.0)	(9.0, 0.0)	(10.0, 0.0)	(11.0, 0.0)	(12.0, 0.0)	(13.0, 0.0)	(14.0, 0.0)	(15.0, 0.0)	(16.0, 0.0)	(17.0, 0.0)	(18.0, 0.0)	(19.0, 0.0)	(20.0, 0.0)	(21.0, 0.0)	(22.0, 0.0)	(23.0, 0.0)	(24.0, 0.0)	(25.0, 0.0)	(26.0, 0.0)	(27.0, 0.0)	(28.0, 0.001726499464785165)	(29.0, 0.0)	(30.0, 0.0)	(31.0, 0.0)	(32.0, 0.0)	(33.0, 0.0)	(34.0, 0.001726499464785165)	(35.0, 0.0)	(36.0, 0.001726499464785165)	(37.0, 0.0)	(38.0, 0.004028498751165384)	(39.0, 0.00575499821595055)	(40.0, 0.008632497323925825)	(41.0, 0.010358996788710991)	(42.0, 0.012660996075091212)	(43.0, 0.00690599785914066)	(44.0, 0.00345299892957033)	(45.0, 0.01726499464785165)	(46.0, 0.03625648876048847)	(47.0, 0.04028498751165385)	(48.0, 0.08114547484490278)	(49.0, 0.2704849161496758)	(50.0, 0.9536032043830057)	(51.0, 4.1493537137003464)	(52.0, 11.32353448970424)	(53.0, 23.379680252299206)	(54.0, 31.295104798517514)	(55.0, 14.720134436758311)	(56.0, 4.114823724404644)	(57.0, 1.8933944130477312)	(58.0, 3.3252379691762273)	(59.0, 1.8962719121557066)	(60.0, 0.6019728133884277)	(61.0, 0.219840931849311)	(62.0, 0.14157295611238355)	(63.0, 0.09725946984956431)	(64.0, 0.11107146556784564)	(65.0, 0.08747597288244838)	(66.0, 0.10589196717349011)	(67.0, 0.3107699036613297)	(68.0, 0.3677443859992402)	(69.0, 0.19164144059115332)	(70.0, 0.07251297752097693)	(71.0, 0.02589749197177748)	(72.0, 0.01381199571828132)	(73.0, 0.012085496253496156)	(74.0, 0.01726499464785165)	(75.0, 0.010358996788710991)	(76.0, 0.008632497323925825)	(77.0, 0.00345299892957033)	(78.0, 0.01381199571828132)	(79.0, 0.00345299892957033)	(80.0, 0.00690599785914066)	(81.0, 0.001726499464785165)	(82.0, 0.0)	(83.0, 0.001726499464785165)	(84.0, 0.0)	(85.0, 0.001726499464785165)	(86.0, 0.001726499464785165)	(87.0, 0.001726499464785165)	(88.0, 0.001726499464785165)	(89.0, 0.001726499464785165)	(90.0, 0.0)	(91.0, 0.0)	(92.0, 0.001726499464785165)	(93.0, 0.0)	(94.0, 0.0)	(95.0, 0.00345299892957033)	(96.0, 0.0)	(97.0, 0.001726499464785165)	(98.0, 0.001726499464785165)	(99.0, 0.0)	(100.0, 0.00230199928638022)
554A0_S69_L001_R1_001	(0.0, 0.013554114803352378)	(1.0, 0.006777057401676189)	(2.0, 0.0)	(3.0, 0.0)	(4.0, 0.0)	(5.0, 0.0)	(6.0, 0.0)	(7.0, 0.0)	(8.0, 0.0)	(9.0, 0.0)	(10.0, 0.0)	(11.0, 0.0)	(12.0, 0.0)	(13.0, 0.0)	(14.0, 0.0)	(15.0, 0.0)	(16.0, 0.0)	(17.0, 0.0)	(18.0, 0.0)	(19.0, 0.0)	(20.0, 0.0)	(21.0, 0.0)	(22.0, 0.0)	(23.0, 0.0)	(24.0, 0.0)	(25.0, 0.0)	(26.0, 0.0)	(27.0, 0.0)	(28.0, 0.0)	(29.0, 0.0)	(30.0, 0.0)	(31.0, 0.0)	(32.0, 0.0)	(33.0, 0.0)	(34.0, 0.0)	(35.0, 0.0)	(36.0, 0.0)	(37.0, 0.0)	(38.0, 0.0)	(39.0, 0.0033885287008380946)	(40.0, 0.0)	(41.0, 0.006777057401676189)	(42.0, 0.023719700905866663)	(43.0, 0.027108229606704757)	(44.0, 0.013554114803352378)	(45.0, 0.006777057401676189)	(46.0, 0.0609935166150857)	(47.0, 0.1863690785460952)	(48.0, 0.4134005015022475)	(49.0, 1.112566923441841)	(50.0, 6.076761470169649)	(51.0, 13.061648632163914)	(52.0, 11.36964330087876)	(53.0, 11.910678383445914)	(54.0, 13.521359025910964)	(55.0, 12.081234328054775)	(56.0, 8.681410531547204)	(57.0, 5.942349831703063)	(58.0, 7.6727584882643685)	(59.0, 3.160367768315008)	(60.0, 1.5270969345110335)	(61.0, 1.0425373302911871)	(62.0, 0.5207039103621206)	(63.0, 0.14683624370298412)	(64.0, 0.2089592698850158)	(65.0, 0.10617389929292696)	(66.0, 0.4201775589039237)	(67.0, 0.6167122235525333)	(68.0, 0.054216459213409514)	(69.0, 0.0033885287008380946)	(70.0, 0.0)	(71.0, 0.0)	(72.0, 0.0)	(73.0, 0.0)	(74.0, 0.0)	(75.0, 0.0)	(76.0, 0.0)	(77.0, 0.0)	(78.0, 0.0)	(79.0, 0.0)	(80.0, 0.0)	(81.0, 0.0)	(82.0, 0.0)	(83.0, 0.0)	(84.0, 0.0)	(85.0, 0.0)	(86.0, 0.0)	(87.0, 0.0)	(88.0, 0.0)	(89.0, 0.0)	(90.0, 0.0)	(91.0, 0.0)	(92.0, 0.0)	(93.0, 0.0)	(94.0, 0.0)	(95.0, 0.0)	(96.0, 0.0)	(97.0, 0.0)	(98.0, 0.0)	(99.0, 0.0)	(100.0, 0.0)
554A0_S69_L001_R2_001	(0.0, 0.01350013500135002)	(1.0, 0.00675006750067501)	(2.0, 0.0)	(3.0, 0.0)	(4.0, 0.0)	(5.0, 0.0)	(6.0, 0.0)	(7.0, 0.0)	(8.0, 0.0)	(9.0, 0.0)	(10.0, 0.0)	(11.0, 0.0)	(12.0, 0.0)	(13.0, 0.0)	(14.0, 0.0)	(15.0, 0.0)	(16.0, 0.0)	(17.0, 0.0)	(18.0, 0.0)	(19.0, 0.0)	(20.0, 0.0)	(21.0, 0.0)	(22.0, 0.0)	(23.0, 0.0)	(24.0, 0.0)	(25.0, 0.0)	(26.0, 0.0)	(27.0, 0.0)	(28.0, 0.0)	(29.0, 0.0)	(30.0, 0.0)	(31.0, 0.0)	(32.0, 0.0)	(33.0, 0.0)	(34.0, 0.0)	(35.0, 0.010125101251012516)	(36.0, 0.02025020250202503)	(37.0, 0.010125101251012516)	(38.0, 0.003375033750337505)	(39.0, 0.003375033750337505)	(40.0, 0.004500045000450007)	(41.0, 0.011250112501125016)	(42.0, 0.016875168751687528)	(43.0, 0.016875168751687528)	(44.0, 0.033750337503375055)	(45.0, 0.0652506525065251)	(46.0, 0.1575015750157502)	(47.0, 0.2688776887768879)	(48.0, 0.6716317163171636)	(49.0, 1.112636126361264)	(50.0, 1.7313923139231393)	(51.0, 6.809693096930962)	(52.0, 17.490549905499055)	(53.0, 19.65057150571502)	(54.0, 17.004545045450463)	(55.0, 14.725272252722544)	(56.0, 9.43434434344344)	(57.0, 3.9420394203942064)	(58.0, 2.0351453514535156)	(59.0, 1.1148861488614892)	(60.0, 0.41962919629196316)	(61.0, 0.26662766627666284)	(62.0, 0.27337773377733793)	(63.0, 0.284627846278463)	(64.0, 0.24862748627486284)	(65.0, 0.23062730627306283)	(66.0, 0.28350283502835044)	(67.0, 0.5535055350553508)	(68.0, 0.5636306363063633)	(69.0, 0.2902529025290254)	(70.0, 0.07087570875708761)	(71.0, 0.016875168751687528)	(72.0, 0.01350013500135002)	(73.0, 0.02025020250202503)	(74.0, 0.010125101251012516)	(75.0, 0.010125101251012516)	(76.0, 0.010125101251012516)	(77.0, 0.0)	(78.0, 0.00675006750067501)	(79.0, 0.003375033750337505)	(80.0, 0.00675006750067501)	(81.0, 0.01350013500135002)	(82.0, 0.00675006750067501)	(83.0, 0.003375033750337505)	(84.0, 0.003375033750337505)	(85.0, 0.003375033750337505)	(86.0, 0.003375033750337505)	(87.0, 0.0)	(88.0, 0.003375033750337505)	(89.0, 0.0)	(90.0, 0.003375033750337505)	(91.0, 0.003375033750337505)	(92.0, 0.0)	(93.0, 0.0)	(94.0, 0.0)	(95.0, 0.0)	(96.0, 0.0)	(97.0, 0.003375033750337505)	(98.0, 0.0)	(99.0, 0.0)	(100.0, 0.004500045000450007)
554A14_S70_L001_R1_001	(0.0, 0.03650930480198772)	(1.0, 0.01825465240099386)	(2.0, 0.0)	(3.0, 0.0)	(4.0, 0.0)	(5.0, 0.0)	(6.0, 0.0)	(7.0, 0.0)	(8.0, 0.0)	(9.0, 0.0)	(10.0, 0.0)	(11.0, 0.0)	(12.0, 0.0)	(13.0, 0.0)	(14.0, 0.0)	(15.0, 0.0)	(16.0, 0.0)	(17.0, 0.0)	(18.0, 0.0)	(19.0, 0.0)	(20.0, 0.0)	(21.0, 0.0)	(22.0, 0.0)	(23.0, 0.0)	(24.0, 0.0)	(25.0, 0.0)	(26.0, 0.0)	(27.0, 0.0)	(28.0, 0.0)	(29.0, 0.0)	(30.0, 0.0)	(31.0, 0.0)	(32.0, 0.0)	(33.0, 0.0)	(34.0, 0.0)	(35.0, 0.0)	(36.0, 0.0)	(37.0, 0.0)	(38.0, 0.0)	(39.0, 0.00608488413366462)	(40.0, 0.01216976826732924)	(41.0, 0.00608488413366462)	(42.0, 0.00304244206683231)	(43.0, 0.00304244206683231)	(44.0, 0.00304244206683231)	(45.0, 0.00608488413366462)	(46.0, 0.01825465240099386)	(47.0, 0.12778256680695702)	(48.0, 0.35596572181938024)	(49.0, 0.8539120734242681)	(50.0, 7.052380710917296)	(51.0, 14.101718979767755)	(52.0, 11.964910501495867)	(53.0, 8.526950965975352)	(54.0, 8.310937579230261)	(55.0, 8.091881750418334)	(56.0, 14.260940114598647)	(57.0, 9.585720805233006)	(58.0, 7.3292429389990295)	(59.0, 3.2462856853100854)	(60.0, 2.4877034633132205)	(61.0, 1.4745702550580595)	(62.0, 0.41985700522285874)	(63.0, 0.18558896607677092)	(64.0, 0.16733431367577703)	(65.0, 0.09735814613863392)	(66.0, 0.4543380153136249)	(67.0, 0.7129455909943713)	(68.0, 0.05476395720298158)	(69.0, 0.01521221033416155)	(70.0, 0.00912732620049693)	(71.0, 0.0)	(72.0, 0.0)	(73.0, 0.0)	(74.0, 0.0)	(75.0, 0.0)	(76.0, 0.0)	(77.0, 0.0)	(78.0, 0.0)	(79.0, 0.0)	(80.0, 0.0)	(81.0, 0.0)	(82.0, 0.0)	(83.0, 0.0)	(84.0, 0.0)	(85.0, 0.0)	(86.0, 0.0)	(87.0, 0.0)	(88.0, 0.0)	(89.0, 0.0)	(90.0, 0.0)	(91.0, 0.0)	(92.0, 0.0)	(93.0, 0.0)	(94.0, 0.0)	(95.0, 0.0)	(96.0, 0.0)	(97.0, 0.0)	(98.0, 0.0)	(99.0, 0.0)	(100.0, 0.0)
554A14_S70_L001_R2_001	(0.0, 0.024299614243623882)	(1.0, 0.012149807121811941)	(2.0, 0.0)	(3.0, 0.0)	(4.0, 0.0)	(5.0, 0.0)	(6.0, 0.0)	(7.0, 0.0)	(8.0, 0.0)	(9.0, 0.0)	(10.0, 0.0)	(11.0, 0.0)	(12.0, 0.0)	(13.0, 0.0)	(14.0, 0.0)	(15.0, 0.0)	(16.0, 0.0)	(17.0, 0.0)	(18.0, 0.0)	(19.0, 0.0)	(20.0, 0.0)	(21.0, 0.0)	(22.0, 0.0)	(23.0, 0.0)	(24.0, 0.0)	(25.0, 0.0)	(26.0, 0.0)	(27.0, 0.0)	(28.0, 0.0)	(29.0, 0.0)	(30.0, 0.0)	(31.0, 0.0)	(32.0, 0.0)	(33.0, 0.0)	(34.0, 0.0)	(35.0, 0.0)	(36.0, 0.0030374517804529853)	(37.0, 0.0030374517804529853)	(38.0, 0.0)	(39.0, 0.009112355341358954)	(40.0, 0.012149807121811941)	(41.0, 0.016199742829082587)	(42.0, 0.0)	(43.0, 0.009112355341358954)	(44.0, 0.007087387487723631)	(45.0, 0.016199742829082587)	(46.0, 0.07897374629177761)	(47.0, 0.18325959075399675)	(48.0, 0.43536808853159453)	(49.0, 0.5052294794820131)	(50.0, 1.210930776473923)	(51.0, 6.945639737969153)	(52.0, 18.31178430042418)	(53.0, 16.250367025423454)	(54.0, 13.436674192797238)	(55.0, 13.323275992993628)	(56.0, 12.340154100053663)	(57.0, 6.49002197090121)	(58.0, 3.220711371206982)	(59.0, 2.5929713365800318)	(60.0, 1.1724563872548521)	(61.0, 0.5021920277015602)	(62.0, 0.31184504945983976)	(63.0, 0.28349549950894526)	(64.0, 0.3067826298257515)	(65.0, 0.2328713031680622)	(66.0, 0.2764081120212216)	(67.0, 0.5042169955551955)	(68.0, 0.5072544473356485)	(69.0, 0.2885579191430336)	(70.0, 0.05467413204815374)	(71.0, 0.03341196958498283)	(72.0, 0.018224710682717908)	(73.0, 0.018224710682717908)	(74.0, 0.018224710682717908)	(75.0, 0.0060749035609059705)	(76.0, 0.0030374517804529853)	(77.0, 0.0030374517804529853)	(78.0, 0.0)	(79.0, 0.0)	(80.0, 0.0)	(81.0, 0.0)	(82.0, 0.0)	(83.0, 0.0060749035609059705)	(84.0, 0.0060749035609059705)	(85.0, 0.0)	(86.0, 0.0)	(87.0, 0.0030374517804529853)	(88.0, 0.0030374517804529853)	(89.0, 0.0)	(90.0, 0.0)	(91.0, 0.0)	(92.0, 0.0)	(93.0, 0.0)	(94.0, 0.0)	(95.0, 0.0)	(96.0, 0.0)	(97.0, 0.0)	(98.0, 0.0030374517804529853)	(99.0, 0.0)	(100.0, 0.0)
554B0_S71_L001_R1_001	(0.0, 0.012327036272304226)	(1.0, 0.006163518136152113)	(2.0, 0.0)	(3.0, 0.0)	(4.0, 0.0)	(5.0, 0.0)	(6.0, 0.0)	(7.0, 0.0)	(8.0, 0.0)	(9.0, 0.0)	(10.0, 0.0)	(11.0, 0.0)	(12.0, 0.0)	(13.0, 0.0)	(14.0, 0.0)	(15.0, 0.0)	(16.0, 0.0)	(17.0, 0.0)	(18.0, 0.0)	(19.0, 0.0)	(20.0, 0.0)	(21.0, 0.0)	(22.0, 0.0)	(23.0, 0.0)	(24.0, 0.0)	(25.0, 0.0)	(26.0, 0.0)	(27.0, 0.0)	(28.0, 0.0)	(29.0, 0.0)	(30.0, 0.0)	(31.0, 0.0)	(32.0, 0.0)	(33.0, 0.0)	(34.0, 0.0)	(35.0, 0.0)	(36.0, 0.0)	(37.0, 0.0)	(38.0, 0.0)	(39.0, 0.0)	(40.0, 0.0)	(41.0, 0.0)	(42.0, 0.006163518136152113)	(43.0, 0.012327036272304226)	(44.0, 0.009245277204228169)	(45.0, 0.012327036272304226)	(46.0, 0.03081759068076056)	(47.0, 0.07088045856574929)	(48.0, 0.13867915806342254)	(49.0, 0.24243171335531644)	(50.0, 1.3076930978869399)	(51.0, 6.009430182748309)	(52.0, 8.297122664283437)	(53.0, 8.551881413911058)	(54.0, 12.940306326851363)	(55.0, 13.373807102427401)	(56.0, 16.47713848397997)	(57.0, 11.394290527699887)	(58.0, 8.112217120198888)	(59.0, 3.827544762550462)	(60.0, 3.170102828027573)	(61.0, 2.0812146239740303)	(62.0, 0.9769176245801099)	(63.0, 0.33488448539759813)	(64.0, 0.2773583161268451)	(65.0, 0.15408795340380282)	(66.0, 0.7272951400659493)	(67.0, 1.2850935313877156)	(68.0, 0.13251563992727042)	(69.0, 0.012327036272304226)	(70.0, 0.012327036272304226)	(71.0, 0.0030817590680760564)	(72.0, 0.0)	(73.0, 0.0)	(74.0, 0.0)	(75.0, 0.0)	(76.0, 0.0)	(77.0, 0.0)	(78.0, 0.0)	(79.0, 0.0)	(80.0, 0.0)	(81.0, 0.0)	(82.0, 0.0)	(83.0, 0.0)	(84.0, 0.0)	(85.0, 0.0)	(86.0, 0.0)	(87.0, 0.0)	(88.0, 0.0)	(89.0, 0.0)	(90.0, 0.0)	(91.0, 0.0)	(92.0, 0.0)	(93.0, 0.0)	(94.0, 0.0)	(95.0, 0.0)	(96.0, 0.0)	(97.0, 0.0)	(98.0, 0.0)	(99.0, 0.0)	(100.0, 0.0)
554B0_S71_L001_R2_001	(0.0, 0.012290548568151096)	(1.0, 0.006145274284075548)	(2.0, 0.0)	(3.0, 0.0)	(4.0, 0.0)	(5.0, 0.0)	(6.0, 0.0)	(7.0, 0.0)	(8.0, 0.0)	(9.0, 0.0)	(10.0, 0.0)	(11.0, 0.0)	(12.0, 0.0)	(13.0, 0.0)	(14.0, 0.0)	(15.0, 0.0)	(16.0, 0.0)	(17.0, 0.0)	(18.0, 0.0)	(19.0, 0.0)	(20.0, 0.0)	(21.0, 0.0)	(22.0, 0.0)	(23.0, 0.0)	(24.0, 0.0)	(25.0, 0.0)	(26.0, 0.0)	(27.0, 0.0)	(28.0, 0.0)	(29.0, 0.0)	(30.0, 0.0)	(31.0, 0.0)	(32.0, 0.0)	(33.0, 0.0)	(34.0, 0.0)	(35.0, 0.0)	(36.0, 0.0)	(37.0, 0.006145274284075548)	(38.0, 0.0)	(39.0, 0.0)	(40.0, 0.006145274284075548)	(41.0, 0.006145274284075548)	(42.0, 0.009217911426113322)	(43.0, 0.021508459994264418)	(44.0, 0.01536318571018887)	(45.0, 0.03482322094309478)	(46.0, 0.06145274284075548)	(47.0, 0.11573599901675614)	(48.0, 0.3994428284649107)	(49.0, 0.46601663320906234)	(50.0, 0.9176942930886155)	(51.0, 3.0398623458560436)	(52.0, 9.668564873612242)	(53.0, 16.08423122618704)	(54.0, 17.5857265762628)	(55.0, 16.61170060223688)	(56.0, 14.27649637428818)	(57.0, 7.261665779015939)	(58.0, 3.58884018190012)	(59.0, 2.8380925068622243)	(60.0, 1.3714203777295266)	(61.0, 0.47728296939653425)	(62.0, 0.3185300503912492)	(63.0, 0.35949854561841954)	(64.0, 0.4424597484534395)	(65.0, 0.45372608464091124)	(66.0, 0.5346388627145726)	(67.0, 1.122536769224467)	(68.0, 1.0139702568724656)	(69.0, 0.4731861198738172)	(70.0, 0.16284976852800204)	(71.0, 0.06452537998279326)	(72.0, 0.03072637142037774)	(73.0, 0.006145274284075548)	(74.0, 0.01536318571018887)	(75.0, 0.012290548568151096)	(76.0, 0.009217911426113322)	(77.0, 0.018435822852226644)	(78.0, 0.02458109713630219)	(79.0, 0.009217911426113322)	(80.0, 0.0)	(81.0, 0.0)	(82.0, 0.006145274284075548)	(83.0, 0.003072637142037774)	(84.0, 0.006145274284075548)	(85.0, 0.003072637142037774)	(86.0, 0.003072637142037774)	(87.0, 0.009217911426113322)	(88.0, 0.006145274284075548)	(89.0, 0.0)	(90.0, 0.0)	(91.0, 0.0)	(92.0, 0.0)	(93.0, 0.003072637142037774)	(94.0, 0.0)	(95.0, 0.0)	(96.0, 0.0)	(97.0, 0.0)	(98.0, 0.003072637142037774)	(99.0, 0.003072637142037774)	(100.0, 0.0)
554B14_S72_L001_R1_001	(0.0, 0.0)	(1.0, 0.0)	(2.0, 0.0)	(3.0, 0.0)	(4.0, 0.0)	(5.0, 0.0)	(6.0, 0.0)	(7.0, 0.0)	(8.0, 0.0)	(9.0, 0.0)	(10.0, 0.0)	(11.0, 0.0)	(12.0, 0.0)	(13.0, 0.0)	(14.0, 0.0)	(15.0, 0.0)	(16.0, 0.0)	(17.0, 0.0)	(18.0, 0.0)	(19.0, 0.0)	(20.0, 0.0)	(21.0, 0.0)	(22.0, 0.0)	(23.0, 0.0)	(24.0, 0.0)	(25.0, 0.0)	(26.0, 0.0)	(27.0, 0.0)	(28.0, 0.0)	(29.0, 0.0)	(30.0, 0.0)	(31.0, 0.0)	(32.0, 0.0)	(33.0, 0.0)	(34.0, 0.0)	(35.0, 0.0)	(36.0, 0.0)	(37.0, 0.0)	(38.0, 0.0)	(39.0, 0.0098111356389502)	(40.0, 0.0098111356389502)	(41.0, 0.005886681383370121)	(42.0, 0.011773362766740242)	(43.0, 0.008830022075055182)	(44.0, 0.017660044150110365)	(45.0, 0.03335786117243068)	(46.0, 0.1128280598479273)	(47.0, 0.2384105960264899)	(48.0, 0.3914643119941131)	(49.0, 0.5258768702477309)	(50.0, 2.9384351238655855)	(51.0, 9.558008339465287)	(52.0, 10.651949963208235)	(53.0, 9.23227863625214)	(54.0, 12.528820210939411)	(55.0, 13.155751778268332)	(56.0, 13.305862153544274)	(57.0, 8.598479273975965)	(58.0, 8.868285504047124)	(59.0, 3.785136129506983)	(60.0, 1.68849644346333)	(61.0, 1.212656364974245)	(62.0, 0.5974981604120675)	(63.0, 0.2864851606573459)	(64.0, 0.2511650723571252)	(65.0, 0.10596026490066218)	(66.0, 0.6593083149374536)	(67.0, 1.1096394407652679)	(68.0, 0.07947019867549664)	(69.0, 0.008830022075055182)	(70.0, 0.005886681383370121)	(71.0, 0.0)	(72.0, 0.0029433406916850604)	(73.0, 0.0029433406916850604)	(74.0, 0.0)	(75.0, 0.0)	(76.0, 0.0)	(77.0, 0.0)	(78.0, 0.0)	(79.0, 0.0)	(80.0, 0.0)	(81.0, 0.0)	(82.0, 0.0)	(83.0, 0.0)	(84.0, 0.0)	(85.0, 0.0)	(86.0, 0.0)	(87.0, 0.0)	(88.0, 0.0)	(89.0, 0.0)	(90.0, 0.0)	(91.0, 0.0)	(92.0, 0.0)	(93.0, 0.0)	(94.0, 0.0)	(95.0, 0.0)	(96.0, 0.0)	(97.0, 0.0)	(98.0, 0.0)	(99.0, 0.0)	(100.0, 0.0)
554B14_S72_L001_R2_001	(0.0, 0.0)	(1.0, 0.0)	(2.0, 0.0)	(3.0, 0.0)	(4.0, 0.0)	(5.0, 0.0)	(6.0, 0.0)	(7.0, 0.0)	(8.0, 0.0)	(9.0, 0.0)	(10.0, 0.0)	(11.0, 0.0)	(12.0, 0.0)	(13.0, 0.0)	(14.0, 0.0)	(15.0, 0.0)	(16.0, 0.0)	(17.0, 0.0)	(18.0, 0.0)	(19.0, 0.0)	(20.0, 0.0)	(21.0, 0.0)	(22.0, 0.0)	(23.0, 0.0)	(24.0, 0.0)	(25.0, 0.0)	(26.0, 0.0)	(27.0, 0.0)	(28.0, 0.0)	(29.0, 0.0)	(30.0, 0.0)	(31.0, 0.0)	(32.0, 0.0029210726178652844)	(33.0, 0.0029210726178652844)	(34.0, 0.0)	(35.0, 0.0)	(36.0, 0.0)	(37.0, 0.0)	(38.0, 0.0029210726178652844)	(39.0, 0.005842145235730569)	(40.0, 0.008763217853595854)	(41.0, 0.005842145235730569)	(42.0, 0.022394890070300513)	(43.0, 0.03700025315962694)	(44.0, 0.03602656228700518)	(45.0, 0.04186870752273574)	(46.0, 0.0808163424276062)	(47.0, 0.24050164553757508)	(48.0, 0.6066094136433575)	(49.0, 0.7750579346069224)	(50.0, 1.2434032443379879)	(51.0, 4.7613483671204015)	(52.0, 13.198379778388022)	(53.0, 17.505988198866564)	(54.0, 17.93928063718325)	(55.0, 16.782535880508657)	(56.0, 11.36978831960431)	(57.0, 5.373799925999501)	(58.0, 2.5588596132499895)	(59.0, 1.878249693287378)	(60.0, 0.9123483476465905)	(61.0, 0.40018694864754395)	(62.0, 0.31644953360207245)	(63.0, 0.3787657494498652)	(64.0, 0.3962921851570569)	(65.0, 0.38460789468559575)	(66.0, 0.46152947362271496)	(67.0, 0.8062160425308185)	(68.0, 0.7653210258807045)	(69.0, 0.37973944032248697)	(70.0, 0.10807968686101553)	(71.0, 0.05647407061206216)	(72.0, 0.018500126579813467)	(73.0, 0.017526435707191708)	(74.0, 0.02044750832505699)	(75.0, 0.005842145235730569)	(76.0, 0.005842145235730569)	(77.0, 0.008763217853595854)	(78.0, 0.008763217853595854)	(79.0, 0.005842145235730569)	(80.0, 0.0029210726178652844)	(81.0, 0.0)	(82.0, 0.005842145235730569)	(83.0, 0.0029210726178652844)	(84.0, 0.0029210726178652844)	(85.0, 0.0)	(86.0, 0.0029210726178652844)	(87.0, 0.0029210726178652844)	(88.0, 0.0029210726178652844)	(89.0, 0.0029210726178652844)	(90.0, 0.008763217853595854)	(91.0, 0.008763217853595854)	(92.0, 0.0029210726178652844)	(93.0, 0.0)	(94.0, 0.0)	(95.0, 0.0029210726178652844)	(96.0, 0.0029210726178652844)	(97.0, 0.0029210726178652844)	(98.0, 0.0029210726178652844)	(99.0, 0.0029210726178652844)	(100.0, 0.0)
574A0_S97_L001_R1_001	(0.0, 0.0)	(1.0, 0.0)	(2.0, 0.0)	(3.0, 0.0)	(4.0, 0.0)	(5.0, 0.0)	(6.0, 0.0)	(7.0, 0.0)	(8.0, 0.0)	(9.0, 0.0)	(10.0, 0.0)	(11.0, 0.0)	(12.0, 0.0)	(13.0, 0.0)	(14.0, 0.0)	(15.0, 0.0)	(16.0, 0.0)	(17.0, 0.0)	(18.0, 0.0)	(19.0, 0.0)	(20.0, 0.0)	(21.0, 0.0)	(22.0, 0.0)	(23.0, 0.0)	(24.0, 0.0)	(25.0, 0.0)	(26.0, 0.0)	(27.0, 0.0)	(28.0, 0.0)	(29.0, 0.0)	(30.0, 0.0)	(31.0, 0.0)	(32.0, 0.0)	(33.0, 0.001270987175739397)	(34.0, 0.0)	(35.0, 0.0)	(36.0, 0.0)	(37.0, 0.0)	(38.0, 0.0)	(39.0, 0.001270987175739397)	(40.0, 0.0)	(41.0, 0.002541974351478794)	(42.0, 0.006354935878696984)	(43.0, 0.005083948702957588)	(44.0, 0.003812961527218191)	(45.0, 0.006354935878696984)	(46.0, 0.01652283328461216)	(47.0, 0.012709871757393968)	(48.0, 0.010167897405915177)	(49.0, 0.03304566656922432)	(50.0, 0.15972072175125088)	(51.0, 1.2904756457674011)	(52.0, 10.007753021772011)	(53.0, 38.76468519765969)	(54.0, 31.125628609074006)	(55.0, 11.415159487707436)	(56.0, 1.9369844558268412)	(57.0, 0.6558293826815289)	(58.0, 0.5380512377296779)	(59.0, 0.8625766299351377)	(60.0, 0.4783148404699263)	(61.0, 0.5342382762024599)	(62.0, 0.172854255900558)	(63.0, 0.052110474205315276)	(64.0, 0.04067158962366071)	(65.0, 0.07498824336862442)	(66.0, 1.1159267402991906)	(67.0, 0.6558293826815289)	(68.0, 0.017793820460351557)	(69.0, 0.0)	(70.0, 0.0)	(71.0, 0.0)	(72.0, 0.0)	(73.0, 0.001270987175739397)	(74.0, 0.0)	(75.0, 0.0)	(76.0, 0.0)	(77.0, 0.0)	(78.0, 0.0)	(79.0, 0.0)	(80.0, 0.0)	(81.0, 0.0)	(82.0, 0.0)	(83.0, 0.0)	(84.0, 0.0)	(85.0, 0.0)	(86.0, 0.0)	(87.0, 0.0)	(88.0, 0.0)	(89.0, 0.0)	(90.0, 0.0)	(91.0, 0.0)	(92.0, 0.0)	(93.0, 0.0)	(94.0, 0.0)	(95.0, 0.0)	(96.0, 0.0)	(97.0, 0.0)	(98.0, 0.0)	(99.0, 0.0)	(100.0, 0.0)
574A0_S97_L001_R2_001	(0.0, 0.004808501430529179)	(1.0, 0.0024042507152645894)	(2.0, 0.0)	(3.0, 0.0)	(4.0, 0.0)	(5.0, 0.0)	(6.0, 0.0)	(7.0, 0.0)	(8.0, 0.0)	(9.0, 0.0)	(10.0, 0.0)	(11.0, 0.0)	(12.0, 0.0)	(13.0, 0.0)	(14.0, 0.0)	(15.0, 0.0)	(16.0, 0.0)	(17.0, 0.0)	(18.0, 0.0)	(19.0, 0.0)	(20.0, 0.0)	(21.0, 0.0)	(22.0, 0.0)	(23.0, 0.0)	(24.0, 0.0)	(25.0, 0.0)	(26.0, 0.0)	(27.0, 0.0)	(28.0, 0.0)	(29.0, 0.0)	(30.0, 0.0)	(31.0, 0.0)	(32.0, 0.0)	(33.0, 0.0)	(34.0, 0.0012021253576322947)	(35.0, 0.001602833810176393)	(36.0, 0.001602833810176393)	(37.0, 0.0012021253576322947)	(38.0, 0.0)	(39.0, 0.0012021253576322947)	(40.0, 0.004007084525440982)	(41.0, 0.010819128218690653)	(42.0, 0.01362408738649934)	(43.0, 0.013223378933955242)	(44.0, 0.007613460598337866)	(45.0, 0.012822670481411143)	(46.0, 0.020035422627204914)	(47.0, 0.03526234382388064)	(48.0, 0.05890414252398245)	(49.0, 0.11660615969033256)	(50.0, 0.3245738465607198)	(51.0, 1.5523445451558344)	(52.0, 5.921669511696683)	(53.0, 23.207030029091467)	(54.0, 33.631059713573514)	(55.0, 21.621025973921927)	(56.0, 6.506303143958522)	(57.0, 1.5835998044542765)	(58.0, 0.9112110210852796)	(59.0, 0.6671795734859235)	(60.0, 0.4079212046898921)	(61.0, 0.3446092691879245)	(62.0, 0.3574319396693357)	(63.0, 0.19915210091441685)	(64.0, 0.18192163745502057)	(65.0, 0.17310605149905045)	(66.0, 0.2312087771179447)	(67.0, 0.6259066028738813)	(68.0, 0.6559597368146889)	(69.0, 0.3173610944149258)	(70.0, 0.1166061596903326)	(71.0, 0.02524463251027819)	(72.0, 0.024042507152645894)	(73.0, 0.019234005722116716)	(74.0, 0.009617002861058358)	(75.0, 0.009617002861058358)	(76.0, 0.012021253576322947)	(77.0, 0.0036063760728968844)	(78.0, 0.007613460598337866)	(79.0, 0.007613460598337866)	(80.0, 0.0024042507152645894)	(81.0, 0.006010626788161473)	(82.0, 0.004808501430529179)	(83.0, 0.0024042507152645894)	(84.0, 0.0012021253576322947)	(85.0, 0.0012021253576322947)	(86.0, 0.0024042507152645894)	(87.0, 0.0012021253576322947)	(88.0, 0.0012021253576322947)	(89.0, 0.0024042507152645894)	(90.0, 0.0012021253576322947)	(91.0, 0.0012021253576322947)	(92.0, 0.0012021253576322947)	(93.0, 0.0012021253576322947)	(94.0, 0.0012021253576322947)	(95.0, 0.0012021253576322947)	(96.0, 0.0024042507152645894)	(97.0, 0.0012021253576322947)	(98.0, 0.0012021253576322947)	(99.0, 0.0)	(100.0, 0.0)
574A14_S98_L001_R1_001	(0.0, 0.0)	(1.0, 0.0)	(2.0, 0.0)	(3.0, 0.0)	(4.0, 0.0)	(5.0, 0.0)	(6.0, 0.0)	(7.0, 0.0)	(8.0, 0.0)	(9.0, 0.0)	(10.0, 0.0)	(11.0, 0.0)	(12.0, 0.0)	(13.0, 0.0)	(14.0, 0.0)	(15.0, 0.0)	(16.0, 0.0)	(17.0, 0.0)	(18.0, 0.0)	(19.0, 0.0)	(20.0, 0.0)	(21.0, 0.0)	(22.0, 0.0)	(23.0, 0.0)	(24.0, 0.0)	(25.0, 0.0)	(26.0, 0.0)	(27.0, 0.0)	(28.0, 0.0)	(29.0, 0.0019072564751357326)	(30.0, 0.0)	(31.0, 0.0)	(32.0, 0.0)	(33.0, 0.0)	(34.0, 0.0)	(35.0, 0.0)	(36.0, 0.0)	(37.0, 0.0019072564751357326)	(38.0, 0.0019072564751357326)	(39.0, 0.0019072564751357326)	(40.0, 0.0)	(41.0, 0.0)	(42.0, 0.0)	(43.0, 0.0019072564751357326)	(44.0, 0.003814512950271465)	(45.0, 0.00762902590054293)	(46.0, 0.03051610360217172)	(47.0, 0.09790583239030093)	(48.0, 0.06929698526326494)	(49.0, 0.12015715793355114)	(50.0, 0.5670909252736911)	(51.0, 4.358081045685148)	(52.0, 14.365455770722333)	(53.0, 31.650921204877502)	(54.0, 27.041082304474433)	(55.0, 11.769043955904221)	(56.0, 4.443907587066255)	(57.0, 1.1577046804073894)	(58.0, 0.7183999389677926)	(59.0, 0.4437550065482471)	(60.0, 0.5206810177120549)	(61.0, 0.7921471893397074)	(62.0, 0.26320139356873107)	(63.0, 0.07819751548056504)	(64.0, 0.053403181303800513)	(65.0, 0.0877337978562437)	(66.0, 0.8067694889824149)	(67.0, 0.5187737612369192)	(68.0, 0.013350795325950128)	(69.0, 0.005721769425407197)	(70.0, 0.005721769425407197)	(71.0, 0.0)	(72.0, 0.0)	(73.0, 0.0)	(74.0, 0.0)	(75.0, 0.0)	(76.0, 0.0)	(77.0, 0.0)	(78.0, 0.0)	(79.0, 0.0)	(80.0, 0.0)	(81.0, 0.0)	(82.0, 0.0)	(83.0, 0.0)	(84.0, 0.0)	(85.0, 0.0)	(86.0, 0.0)	(87.0, 0.0)	(88.0, 0.0)	(89.0, 0.0)	(90.0, 0.0)	(91.0, 0.0)	(92.0, 0.0)	(93.0, 0.0)	(94.0, 0.0)	(95.0, 0.0)	(96.0, 0.0)	(97.0, 0.0)	(98.0, 0.0)	(99.0, 0.0)	(100.0, 0.0)
574A14_S98_L001_R2_001	(0.0, 0.0)	(1.0, 0.0)	(2.0, 0.0)	(3.0, 0.0)	(4.0, 0.0)	(5.0, 0.0)	(6.0, 0.0)	(7.0, 0.0)	(8.0, 0.0)	(9.0, 0.0)	(10.0, 0.0)	(11.0, 0.0)	(12.0, 0.0)	(13.0, 0.0)	(14.0, 0.0)	(15.0, 0.0)	(16.0, 0.0)	(17.0, 0.0)	(18.0, 0.0)	(19.0, 0.0)	(20.0, 0.0)	(21.0, 0.0)	(22.0, 0.0)	(23.0, 0.0)	(24.0, 0.0)	(25.0, 0.0)	(26.0, 0.0)	(27.0, 0.0)	(28.0, 0.0)	(29.0, 0.0)	(30.0, 0.0)	(31.0, 0.0)	(32.0, 0.0)	(33.0, 0.0018752695700006857)	(34.0, 0.0)	(35.0, 0.0)	(36.0, 0.0018752695700006857)	(37.0, 0.0037505391400013714)	(38.0, 0.0018752695700006857)	(39.0, 0.007501078280002743)	(40.0, 0.007501078280002743)	(41.0, 0.007501078280002743)	(42.0, 0.0037505391400013714)	(43.0, 0.010001437706670323)	(44.0, 0.004375628996668266)	(45.0, 0.008126168136669637)	(46.0, 0.018752695700006854)	(47.0, 0.03875557111334751)	(48.0, 0.14064521775005143)	(49.0, 0.23378360639341872)	(50.0, 0.5844590159835467)	(51.0, 2.5134863136575833)	(52.0, 8.184926583196363)	(53.0, 19.965995111797323)	(54.0, 32.232133369171834)	(55.0, 22.168186676834775)	(56.0, 6.909118185739194)	(57.0, 1.900273164267362)	(58.0, 0.7588590859936106)	(59.0, 0.45006469680016464)	(60.0, 0.3450496008801262)	(61.0, 0.41943529382348677)	(62.0, 0.4075585865468157)	(63.0, 0.3119198384767807)	(64.0, 0.2475355832400905)	(65.0, 0.2287828875400836)	(66.0, 0.3175456471867828)	(67.0, 0.5525794332935354)	(68.0, 0.561330691286872)	(69.0, 0.24003450496008777)	(70.0, 0.07313551323002673)	(71.0, 0.020627965270007542)	(72.0, 0.01687742613000617)	(73.0, 0.010001437706670323)	(74.0, 0.011251617420004115)	(75.0, 0.009376347850003427)	(76.0, 0.007501078280002743)	(77.0, 0.009376347850003427)	(78.0, 0.0056258087100020575)	(79.0, 0.0056258087100020575)	(80.0, 0.0)	(81.0, 0.0018752695700006857)	(82.0, 0.0018752695700006857)	(83.0, 0.0037505391400013714)	(84.0, 0.0037505391400013714)	(85.0, 0.0037505391400013714)	(86.0, 0.0018752695700006857)	(87.0, 0.0018752695700006857)	(88.0, 0.0037505391400013714)	(89.0, 0.0)	(90.0, 0.0)	(91.0, 0.0)	(92.0, 0.0018752695700006857)	(93.0, 0.0018752695700006857)	(94.0, 0.0018752695700006857)	(95.0, 0.0)	(96.0, 0.0018752695700006857)	(97.0, 0.0018752695700006857)	(98.0, 0.0037505391400013714)	(99.0, 0.0056258087100020575)	(100.0, 0.0)
574B0_S99_L001_R1_001	(0.0, 0.0)	(1.0, 0.0)	(2.0, 0.0)	(3.0, 0.0)	(4.0, 0.0)	(5.0, 0.0)	(6.0, 0.0)	(7.0, 0.0)	(8.0, 0.0)	(9.0, 0.0)	(10.0, 0.0)	(11.0, 0.0)	(12.0, 0.0)	(13.0, 0.0)	(14.0, 0.0)	(15.0, 0.0)	(16.0, 0.0)	(17.0, 0.0)	(18.0, 0.0)	(19.0, 0.0)	(20.0, 0.0)	(21.0, 0.0)	(22.0, 0.0)	(23.0, 0.0)	(24.0, 0.0)	(25.0, 0.0)	(26.0, 0.0)	(27.0, 0.0)	(28.0, 0.0)	(29.0, 0.0)	(30.0, 0.0)	(31.0, 0.0)	(32.0, 0.0)	(33.0, 0.0)	(34.0, 0.0)	(35.0, 0.0)	(36.0, 0.0)	(37.0, 0.0)	(38.0, 0.0)	(39.0, 0.0)	(40.0, 0.0)	(41.0, 0.0)	(42.0, 0.0)	(43.0, 0.0)	(44.0, 0.0)	(45.0, 0.0062279427029271325)	(46.0, 0.260881599889281)	(47.0, 1.0317625077849284)	(48.0, 0.7667289460936959)	(49.0, 0.8234724240536987)	(50.0, 0.9251954882015084)	(51.0, 3.4959518372430956)	(52.0, 10.673309805549785)	(53.0, 33.51186769081725)	(54.0, 27.36488824302817)	(55.0, 10.84077226489516)	(56.0, 3.5395474361635855)	(57.0, 1.9853297349664387)	(58.0, 1.107189813853712)	(59.0, 0.9030516919244341)	(60.0, 0.5985744931146633)	(61.0, 0.6061864230849076)	(62.0, 0.22628191820635246)	(63.0, 0.09341914054390699)	(64.0, 0.04151961801951421)	(65.0, 0.07058335063317417)	(66.0, 0.7120614490346687)	(67.0, 0.4048162756902636)	(68.0, 0.0062279427029271325)	(69.0, 0.0020759809009757105)	(70.0, 0.0)	(71.0, 0.0)	(72.0, 0.0)	(73.0, 0.0020759809009757105)	(74.0, 0.0)	(75.0, 0.0)	(76.0, 0.0)	(77.0, 0.0)	(78.0, 0.0)	(79.0, 0.0)	(80.0, 0.0)	(81.0, 0.0)	(82.0, 0.0)	(83.0, 0.0)	(84.0, 0.0)	(85.0, 0.0)	(86.0, 0.0)	(87.0, 0.0)	(88.0, 0.0)	(89.0, 0.0)	(90.0, 0.0)	(91.0, 0.0)	(92.0, 0.0)	(93.0, 0.0)	(94.0, 0.0)	(95.0, 0.0)	(96.0, 0.0)	(97.0, 0.0)	(98.0, 0.0)	(99.0, 0.0)	(100.0, 0.0)
574B0_S99_L001_R2_001	(0.0, 0.0)	(1.0, 0.0)	(2.0, 0.0)	(3.0, 0.0)	(4.0, 0.0)	(5.0, 0.0)	(6.0, 0.0)	(7.0, 0.0)	(8.0, 0.0)	(9.0, 0.0)	(10.0, 0.0)	(11.0, 0.0)	(12.0, 0.0)	(13.0, 0.0)	(14.0, 0.0)	(15.0, 0.0)	(16.0, 0.0)	(17.0, 0.0)	(18.0, 0.0)	(19.0, 0.0)	(20.0, 0.0)	(21.0, 0.0)	(22.0, 0.0)	(23.0, 0.0)	(24.0, 0.0)	(25.0, 0.0)	(26.0, 0.0)	(27.0, 0.0)	(28.0, 0.0)	(29.0, 0.0)	(30.0, 0.0)	(31.0, 0.0)	(32.0, 0.0)	(33.0, 0.0)	(34.0, 0.0)	(35.0, 0.0)	(36.0, 0.0)	(37.0, 0.0)	(38.0, 0.0)	(39.0, 0.002023062917256725)	(40.0, 0.006069188751770176)	(41.0, 0.0080922516690269)	(42.0, 0.00404612583451345)	(43.0, 0.010789668892035866)	(44.0, 0.01685885764380604)	(45.0, 0.018881920561062766)	(46.0, 0.040461258345134504)	(47.0, 0.18005259963584852)	(48.0, 0.9157731472115438)	(49.0, 1.2920628498212954)	(50.0, 1.2900397869040385)	(51.0, 2.168723447299213)	(52.0, 6.3982736529773)	(53.0, 18.08078764582906)	(54.0, 31.228673545080625)	(55.0, 21.890215119023534)	(56.0, 7.981657562883536)	(57.0, 3.087194011733762)	(58.0, 1.163261177422617)	(59.0, 0.6446827162991429)	(60.0, 0.4046125834513451)	(61.0, 0.4093330635916108)	(62.0, 0.3985433946995749)	(63.0, 0.31020298064603125)	(64.0, 0.2589520534088608)	(65.0, 0.2292804639557622)	(66.0, 0.22321127520399195)	(67.0, 0.42888933845842586)	(68.0, 0.4693505968035603)	(69.0, 0.2225369208982398)	(70.0, 0.07485332793849883)	(71.0, 0.040461258345134504)	(72.0, 0.018207566255310524)	(73.0, 0.0080922516690269)	(74.0, 0.0080922516690269)	(75.0, 0.006743543057522417)	(76.0, 0.006743543057522417)	(77.0, 0.0080922516690269)	(78.0, 0.00404612583451345)	(79.0, 0.002023062917256725)	(80.0, 0.0080922516690269)	(81.0, 0.006069188751770176)	(82.0, 0.00404612583451345)	(83.0, 0.00404612583451345)	(84.0, 0.002023062917256725)	(85.0, 0.002023062917256725)	(86.0, 0.002023062917256725)	(87.0, 0.0)	(88.0, 0.00404612583451345)	(89.0, 0.0)	(90.0, 0.0)	(91.0, 0.0)	(92.0, 0.0)	(93.0, 0.0)	(94.0, 0.0)	(95.0, 0.0)	(96.0, 0.002023062917256725)	(97.0, 0.002023062917256725)	(98.0, 0.0)	(99.0, 0.0)	(100.0, 0.0026974172230089665)
574B14_S100_L001_R1_001	(0.0, 0.0)	(1.0, 0.0)	(2.0, 0.0)	(3.0, 0.0)	(4.0, 0.0)	(5.0, 0.0)	(6.0, 0.0)	(7.0, 0.0)	(8.0, 0.0)	(9.0, 0.0)	(10.0, 0.0)	(11.0, 0.0)	(12.0, 0.0)	(13.0, 0.0)	(14.0, 0.0)	(15.0, 0.0)	(16.0, 0.0)	(17.0, 0.0)	(18.0, 0.0)	(19.0, 0.0)	(20.0, 0.0)	(21.0, 0.0)	(22.0, 0.0)	(23.0, 0.0)	(24.0, 0.0)	(25.0, 0.0)	(26.0, 0.0)	(27.0, 0.0)	(28.0, 0.0)	(29.0, 0.0)	(30.0, 0.0)	(31.0, 0.0)	(32.0, 0.0)	(33.0, 0.0)	(34.0, 0.0)	(35.0, 0.0)	(36.0, 0.0)	(37.0, 0.0)	(38.0, 0.0)	(39.0, 0.0)	(40.0, 0.0)	(41.0, 0.0)	(42.0, 0.0)	(43.0, 0.004524477422857659)	(44.0, 0.0)	(45.0, 0.006786716134286488)	(46.0, 0.013573432268572976)	(47.0, 0.03921213766476638)	(48.0, 0.042982535517147764)	(49.0, 0.09803034416191594)	(50.0, 0.27825536150574604)	(51.0, 2.077489216662142)	(52.0, 13.157934425240548)	(53.0, 35.30675956926976)	(54.0, 31.99785841401985)	(55.0, 10.963562875154583)	(56.0, 2.79461888818508)	(57.0, 0.7525714113353239)	(58.0, 0.4087111271981419)	(59.0, 0.36497451211051785)	(60.0, 0.2586492926733629)	(61.0, 0.25261665610955264)	(62.0, 0.0897354688866769)	(63.0, 0.05504780864476819)	(64.0, 0.024884625825717124)	(65.0, 0.04976925165143425)	(66.0, 0.5768708714143516)	(67.0, 0.3642204325400416)	(68.0, 0.018097909691430637)	(69.0, 0.0022622387114288297)	(70.0, 0.0)	(71.0, 0.0)	(72.0, 0.0)	(73.0, 0.0)	(74.0, 0.0)	(75.0, 0.0)	(76.0, 0.0)	(77.0, 0.0)	(78.0, 0.0)	(79.0, 0.0)	(80.0, 0.0)	(81.0, 0.0)	(82.0, 0.0)	(83.0, 0.0)	(84.0, 0.0)	(85.0, 0.0)	(86.0, 0.0)	(87.0, 0.0)	(88.0, 0.0)	(89.0, 0.0)	(90.0, 0.0)	(91.0, 0.0)	(92.0, 0.0)	(93.0, 0.0)	(94.0, 0.0)	(95.0, 0.0)	(96.0, 0.0)	(97.0, 0.0)	(98.0, 0.0)	(99.0, 0.0)	(100.0, 0.0)
574B14_S100_L001_R2_001	(0.0, 0.0)	(1.0, 0.0)	(2.0, 0.0)	(3.0, 0.0)	(4.0, 0.0)	(5.0, 0.0)	(6.0, 0.0)	(7.0, 0.0)	(8.0, 0.0)	(9.0, 0.0)	(10.0, 0.0)	(11.0, 0.0)	(12.0, 0.0)	(13.0, 0.0)	(14.0, 0.0)	(15.0, 0.0)	(16.0, 0.0)	(17.0, 0.0)	(18.0, 0.0)	(19.0, 0.0)	(20.0, 0.0)	(21.0, 0.0)	(22.0, 0.0)	(23.0, 0.0)	(24.0, 0.0)	(25.0, 0.0)	(26.0, 0.0)	(27.0, 0.0)	(28.0, 0.0)	(29.0, 0.0)	(30.0, 0.0)	(31.0, 0.0)	(32.0, 0.0)	(33.0, 0.0)	(34.0, 0.00219130053686863)	(35.0, 0.0)	(36.0, 0.0)	(37.0, 0.0)	(38.0, 0.00438260107373726)	(39.0, 0.0)	(40.0, 0.0029217340491581732)	(41.0, 0.00219130053686863)	(42.0, 0.00438260107373726)	(43.0, 0.011686936196632693)	(44.0, 0.007304335122895433)	(45.0, 0.01753040429494904)	(46.0, 0.028486906979292192)	(47.0, 0.048208611811109865)	(48.0, 0.1161389284540374)	(49.0, 0.23300829042036428)	(50.0, 0.6909901026259079)	(51.0, 3.4293853401993992)	(52.0, 9.03327124648485)	(53.0, 19.131514553887648)	(54.0, 30.919250575216438)	(55.0, 23.121142398013212)	(56.0, 7.674664913626235)	(57.0, 2.0167269274314297)	(58.0, 0.6902596691136185)	(59.0, 0.4338775062999888)	(60.0, 0.25492129578905065)	(61.0, 0.19867791534275578)	(62.0, 0.20890398451480938)	(63.0, 0.14243453489646096)	(64.0, 0.13586063328585507)	(65.0, 0.12490413060151193)	(66.0, 0.15412147109309368)	(67.0, 0.3820167269274312)	(68.0, 0.39297322961177433)	(69.0, 0.18918227968299176)	(70.0, 0.06646944961834844)	(71.0, 0.01314780322121178)	(72.0, 0.015339103758080412)	(73.0, 0.00657390161060589)	(74.0, 0.00657390161060589)	(75.0, 0.01095650268434315)	(76.0, 0.01314780322121178)	(77.0, 0.01095650268434315)	(78.0, 0.00219130053686863)	(79.0, 0.00219130053686863)	(80.0, 0.00657390161060589)	(81.0, 0.00438260107373726)	(82.0, 0.01095650268434315)	(83.0, 0.00219130053686863)	(84.0, 0.00438260107373726)	(85.0, 0.0)	(86.0, 0.00219130053686863)	(87.0, 0.00219130053686863)	(88.0, 0.00438260107373726)	(89.0, 0.00219130053686863)	(90.0, 0.0)	(91.0, 0.0)	(92.0, 0.0)	(93.0, 0.0)	(94.0, 0.0)	(95.0, 0.0)	(96.0, 0.0)	(97.0, 0.0)	(98.0, 0.0)	(99.0, 0.00657390161060589)	(100.0, 0.0029217340491581732)
576A0_S93_L001_R1_001	(0.0, 0.010275468176018772)	(1.0, 0.005137734088009386)	(2.0, 0.0)	(3.0, 0.0)	(4.0, 0.0)	(5.0, 0.0)	(6.0, 0.0)	(7.0, 0.0)	(8.0, 0.0)	(9.0, 0.0)	(10.0, 0.0)	(11.0, 0.0)	(12.0, 0.0)	(13.0, 0.0)	(14.0, 0.0)	(15.0, 0.0)	(16.0, 0.0)	(17.0, 0.0)	(18.0, 0.0)	(19.0, 0.0)	(20.0, 0.0)	(21.0, 0.0)	(22.0, 0.0)	(23.0, 0.0)	(24.0, 0.0)	(25.0, 0.0)	(26.0, 0.0)	(27.0, 0.0)	(28.0, 0.0)	(29.0, 0.0)	(30.0, 0.0)	(31.0, 0.0)	(32.0, 0.0)	(33.0, 0.0)	(34.0, 0.0)	(35.0, 0.0)	(36.0, 0.0)	(37.0, 0.0)	(38.0, 0.002568867044004693)	(39.0, 0.0)	(40.0, 0.0)	(41.0, 0.0)	(42.0, 0.005137734088009386)	(43.0, 0.012844335220023467)	(44.0, 0.01541320226402816)	(45.0, 0.012844335220023467)	(46.0, 0.08734147949615957)	(47.0, 1.0249779505578724)	(48.0, 1.5353262033001382)	(49.0, 1.634655729001653)	(50.0, 3.781372288774908)	(51.0, 12.474418365686791)	(52.0, 22.61887432246132)	(53.0, 14.612572035313361)	(54.0, 16.463868885026073)	(55.0, 14.249505493094025)	(56.0, 5.338962006456413)	(57.0, 2.37277685964567)	(58.0, 1.8067698209499692)	(59.0, 0.896534598357637)	(60.0, 0.5908394201210799)	(61.0, 0.2491801032684552)	(62.0, 0.0744971442761361)	(63.0, 0.038533005660070396)	(64.0, 0.02311980339604224)	(65.0, 0.002568867044004693)	(66.0, 0.03339527157206101)	(67.0, 0.025688670440046933)	(68.0, 0.0)	(69.0, 0.0)	(70.0, 0.0)	(71.0, 0.0)	(72.0, 0.0)	(73.0, 0.0)	(74.0, 0.0)	(75.0, 0.0)	(76.0, 0.0)	(77.0, 0.0)	(78.0, 0.0)	(79.0, 0.0)	(80.0, 0.0)	(81.0, 0.0)	(82.0, 0.0)	(83.0, 0.0)	(84.0, 0.0)	(85.0, 0.0)	(86.0, 0.0)	(87.0, 0.0)	(88.0, 0.0)	(89.0, 0.0)	(90.0, 0.0)	(91.0, 0.0)	(92.0, 0.0)	(93.0, 0.0)	(94.0, 0.0)	(95.0, 0.0)	(96.0, 0.0)	(97.0, 0.0)	(98.0, 0.0)	(99.0, 0.0)	(100.0, 0.0)
576A0_S93_L001_R2_001	(0.0, 0.01026720398367515)	(1.0, 0.005133601991837575)	(2.0, 0.0)	(3.0, 0.0)	(4.0, 0.0)	(5.0, 0.0)	(6.0, 0.0)	(7.0, 0.0)	(8.0, 0.0)	(9.0, 0.0)	(10.0, 0.0)	(11.0, 0.0)	(12.0, 0.0)	(13.0, 0.0)	(14.0, 0.0)	(15.0, 0.0)	(16.0, 0.0)	(17.0, 0.0)	(18.0, 0.0)	(19.0, 0.0)	(20.0, 0.0)	(21.0, 0.0)	(22.0, 0.0)	(23.0, 0.0)	(24.0, 0.0)	(25.0, 0.0)	(26.0, 0.0)	(27.0, 0.0)	(28.0, 0.0)	(29.0, 0.0)	(30.0, 0.0)	(31.0, 0.0)	(32.0, 0.0)	(33.0, 0.0)	(34.0, 0.0)	(35.0, 0.0025668009959187877)	(36.0, 0.0025668009959187877)	(37.0, 0.0025668009959187877)	(38.0, 0.0)	(39.0, 0.0025668009959187877)	(40.0, 0.005133601991837575)	(41.0, 0.007700402987756364)	(42.0, 0.01026720398367515)	(43.0, 0.017967606971431512)	(44.0, 0.02994601161905253)	(45.0, 0.0701592272217802)	(46.0, 0.3225613251537943)	(47.0, 0.906080751559332)	(48.0, 2.113332819973136)	(49.0, 2.5274433806480348)	(50.0, 3.4874269531216577)	(51.0, 6.65828178341334)	(52.0, 15.175783088203815)	(53.0, 25.424163864575576)	(54.0, 23.13799977754391)	(55.0, 11.707179342385592)	(56.0, 4.420031314972152)	(57.0, 1.4896001779648698)	(58.0, 0.9069363518913051)	(59.0, 0.5638406187701605)	(60.0, 0.27122530523541855)	(61.0, 0.18480967170615273)	(62.0, 0.12748444946396645)	(63.0, 0.06759242622586142)	(64.0, 0.04620241792653818)	(65.0, 0.0761484295455907)	(66.0, 0.0410688159347006)	(67.0, 0.039357615270754744)	(68.0, 0.030801611951025456)	(69.0, 0.028234810955106666)	(70.0, 0.015400805975512728)	(71.0, 0.01026720398367515)	(72.0, 0.007700402987756364)	(73.0, 0.007700402987756364)	(74.0, 0.0025668009959187877)	(75.0, 0.0)	(76.0, 0.0025668009959187877)	(77.0, 0.007700402987756364)	(78.0, 0.0)	(79.0, 0.0)	(80.0, 0.0)	(81.0, 0.0)	(82.0, 0.0)	(83.0, 0.0025668009959187877)	(84.0, 0.0025668009959187877)	(85.0, 0.0025668009959187877)	(86.0, 0.0)	(87.0, 0.0)	(88.0, 0.0025668009959187877)	(89.0, 0.005133601991837575)	(90.0, 0.0025668009959187877)	(91.0, 0.0)	(92.0, 0.0)	(93.0, 0.0)	(94.0, 0.0025668009959187877)	(95.0, 0.0025668009959187877)	(96.0, 0.0)	(97.0, 0.0)	(98.0, 0.0)	(99.0, 0.0025668009959187877)	(100.0, 0.0)
576A14_S94_L001_R1_001	(0.0, 0.0)	(1.0, 0.0)	(2.0, 0.0)	(3.0, 0.0)	(4.0, 0.0)	(5.0, 0.0)	(6.0, 0.0)	(7.0, 0.0)	(8.0, 0.0)	(9.0, 0.0)	(10.0, 0.0)	(11.0, 0.0)	(12.0, 0.0)	(13.0, 0.0)	(14.0, 0.0)	(15.0, 0.0)	(16.0, 0.0)	(17.0, 0.0)	(18.0, 0.0)	(19.0, 0.0)	(20.0, 0.0)	(21.0, 0.0)	(22.0, 0.0)	(23.0, 0.0)	(24.0, 0.0)	(25.0, 0.0)	(26.0, 0.0)	(27.0, 0.0)	(28.0, 0.0)	(29.0, 0.0)	(30.0, 0.0)	(31.0, 0.0)	(32.0, 0.0)	(33.0, 0.0)	(34.0, 0.0)	(35.0, 0.0)	(36.0, 0.0)	(37.0, 0.0)	(38.0, 0.0022501575110257725)	(39.0, 0.0022501575110257725)	(40.0, 0.0)	(41.0, 0.0022501575110257725)	(42.0, 0.004500315022051545)	(43.0, 0.004500315022051545)	(44.0, 0.006750472533077318)	(45.0, 0.01800126008820618)	(46.0, 0.12150850559539174)	(47.0, 1.1843329033032317)	(48.0, 2.00864060484234)	(49.0, 2.510425729801087)	(50.0, 3.9857790045303183)	(51.0, 9.229396057724047)	(52.0, 18.77381416699169)	(53.0, 16.481653715760107)	(54.0, 17.461972338063667)	(55.0, 12.497374816237137)	(56.0, 4.639074735231466)	(57.0, 2.6739371756022945)	(58.0, 4.557319012330837)	(59.0, 1.9808886622063624)	(60.0, 0.9225645795205658)	(61.0, 0.4012780894662628)	(62.0, 0.15226065824607726)	(63.0, 0.11175782304761339)	(64.0, 0.03600252017641236)	(65.0, 0.015751102577180407)	(66.0, 0.07875551288590205)	(67.0, 0.11925834808436594)	(68.0, 0.015751102577180407)	(69.0, 0.0)	(70.0, 0.0)	(71.0, 0.0)	(72.0, 0.0)	(73.0, 0.0)	(74.0, 0.0)	(75.0, 0.0)	(76.0, 0.0)	(77.0, 0.0)	(78.0, 0.0)	(79.0, 0.0)	(80.0, 0.0)	(81.0, 0.0)	(82.0, 0.0)	(83.0, 0.0)	(84.0, 0.0)	(85.0, 0.0)	(86.0, 0.0)	(87.0, 0.0)	(88.0, 0.0)	(89.0, 0.0)	(90.0, 0.0)	(91.0, 0.0)	(92.0, 0.0)	(93.0, 0.0)	(94.0, 0.0)	(95.0, 0.0)	(96.0, 0.0)	(97.0, 0.0)	(98.0, 0.0)	(99.0, 0.0)	(100.0, 0.0)
576A14_S94_L001_R2_001	(0.0, 0.0)	(1.0, 0.0)	(2.0, 0.0)	(3.0, 0.0)	(4.0, 0.0)	(5.0, 0.0)	(6.0, 0.0)	(7.0, 0.0)	(8.0, 0.0)	(9.0, 0.0)	(10.0, 0.0)	(11.0, 0.0)	(12.0, 0.0)	(13.0, 0.0)	(14.0, 0.0)	(15.0, 0.0)	(16.0, 0.0)	(17.0, 0.0)	(18.0, 0.0)	(19.0, 0.0)	(20.0, 0.0)	(21.0, 0.0)	(22.0, 0.0)	(23.0, 0.0)	(24.0, 0.0)	(25.0, 0.0)	(26.0, 0.0)	(27.0, 0.0)	(28.0, 0.0)	(29.0, 0.0022633310197060713)	(30.0, 0.0)	(31.0, 0.0)	(32.0, 0.0)	(33.0, 0.0)	(34.0, 0.0)	(35.0, 0.0)	(36.0, 0.0)	(37.0, 0.0022633310197060713)	(38.0, 0.0)	(39.0, 0.004526662039412143)	(40.0, 0.004526662039412143)	(41.0, 0.0158433171379425)	(42.0, 0.009053324078824285)	(43.0, 0.01810664815764857)	(44.0, 0.03621329631529714)	(45.0, 0.15843317137942503)	(46.0, 0.6073271569544628)	(47.0, 1.3949663518121755)	(48.0, 3.22524670308115)	(49.0, 4.013640341612098)	(50.0, 3.5504119262455855)	(51.0, 10.031083079337321)	(52.0, 18.627214292180874)	(53.0, 20.836225367414073)	(54.0, 17.472915472130857)	(55.0, 10.329842773938516)	(56.0, 4.266378972145944)	(57.0, 1.649213869692491)	(58.0, 1.392703020792469)	(59.0, 0.8419591393306586)	(60.0, 0.348552977034735)	(61.0, 0.17578537586383824)	(62.0, 0.12976431179648143)	(63.0, 0.12448320608383394)	(64.0, 0.10637655792618537)	(65.0, 0.07997102936294785)	(66.0, 0.07242659263059428)	(67.0, 0.11165766363883285)	(68.0, 0.14937984730060072)	(69.0, 0.08374324772912466)	(70.0, 0.04073995835470929)	(71.0, 0.013579986118236428)	(72.0, 0.004526662039412143)	(73.0, 0.004526662039412143)	(74.0, 0.009053324078824285)	(75.0, 0.0)	(76.0, 0.006789993059118214)	(77.0, 0.006789993059118214)	(78.0, 0.0022633310197060713)	(79.0, 0.0022633310197060713)	(80.0, 0.011316655098530358)	(81.0, 0.006789993059118214)	(82.0, 0.0)	(83.0, 0.0)	(84.0, 0.0)	(85.0, 0.0022633310197060713)	(86.0, 0.0)	(87.0, 0.0)	(88.0, 0.0)	(89.0, 0.0)	(90.0, 0.006789993059118214)	(91.0, 0.004526662039412143)	(92.0, 0.0022633310197060713)	(93.0, 0.0)	(94.0, 0.0)	(95.0, 0.0)	(96.0, 0.0)	(97.0, 0.0)	(98.0, 0.0)	(99.0, 0.0)	(100.0, 0.0030177746929414286)
576B0_S95_L001_R1_001	(0.0, 0.02931727398214089)	(1.0, 0.014658636991070445)	(2.0, 0.0)	(3.0, 0.0)	(4.0, 0.0)	(5.0, 0.0)	(6.0, 0.0)	(7.0, 0.0)	(8.0, 0.0)	(9.0, 0.0)	(10.0, 0.0)	(11.0, 0.0)	(12.0, 0.0)	(13.0, 0.0)	(14.0, 0.0)	(15.0, 0.0)	(16.0, 0.0)	(17.0, 0.0)	(18.0, 0.0)	(19.0, 0.0)	(20.0, 0.0)	(21.0, 0.0)	(22.0, 0.0)	(23.0, 0.0)	(24.0, 0.0)	(25.0, 0.0)	(26.0, 0.0)	(27.0, 0.0)	(28.0, 0.0)	(29.0, 0.0)	(30.0, 0.0)	(31.0, 0.0)	(32.0, 0.0)	(33.0, 0.0)	(34.0, 0.0)	(35.0, 0.0)	(36.0, 0.0)	(37.0, 0.0)	(38.0, 0.0)	(39.0, 0.0)	(40.0, 0.0018323296238838057)	(41.0, 0.0018323296238838057)	(42.0, 0.0018323296238838057)	(43.0, 0.009161648119419028)	(44.0, 0.005496988871651417)	(45.0, 0.014658636991070445)	(46.0, 0.040311251725443725)	(47.0, 0.27301711395868705)	(48.0, 0.5154954008526441)	(49.0, 1.0425955559898856)	(50.0, 2.9757033091873004)	(51.0, 7.970023087353264)	(52.0, 17.032725407082562)	(53.0, 17.04433016136716)	(54.0, 20.082332677766505)	(55.0, 16.69435520320534)	(56.0, 7.038588861879008)	(57.0, 3.344001563587943)	(58.0, 1.7547610031393939)	(59.0, 1.389516631445222)	(60.0, 1.2966785971684422)	(61.0, 0.5032798700267521)	(62.0, 0.1954484932142726)	(63.0, 0.14719714645199905)	(64.0, 0.10993977743302835)	(65.0, 0.025652614734373278)	(66.0, 0.1539156884062397)	(67.0, 0.2583584769676166)	(68.0, 0.0311496036060247)	(69.0, 0.0018323296238838057)	(70.0, 0.0)	(71.0, 0.0)	(72.0, 0.0)	(73.0, 0.0)	(74.0, 0.0)	(75.0, 0.0)	(76.0, 0.0)	(77.0, 0.0)	(78.0, 0.0)	(79.0, 0.0)	(80.0, 0.0)	(81.0, 0.0)	(82.0, 0.0)	(83.0, 0.0)	(84.0, 0.0)	(85.0, 0.0)	(86.0, 0.0)	(87.0, 0.0)	(88.0, 0.0)	(89.0, 0.0)	(90.0, 0.0)	(91.0, 0.0)	(92.0, 0.0)	(93.0, 0.0)	(94.0, 0.0)	(95.0, 0.0)	(96.0, 0.0)	(97.0, 0.0)	(98.0, 0.0)	(99.0, 0.0)	(100.0, 0.0)
576B0_S95_L001_R2_001	(0.0, 0.02942113908843503)	(1.0, 0.014710569544217515)	(2.0, 0.0)	(3.0, 0.0)	(4.0, 0.0)	(5.0, 0.0)	(6.0, 0.0)	(7.0, 0.0)	(8.0, 0.0)	(9.0, 0.0)	(10.0, 0.0)	(11.0, 0.0)	(12.0, 0.0)	(13.0, 0.0)	(14.0, 0.0)	(15.0, 0.0)	(16.0, 0.0)	(17.0, 0.0)	(18.0, 0.0)	(19.0, 0.0)	(20.0, 0.0)	(21.0, 0.0)	(22.0, 0.0)	(23.0, 0.0)	(24.0, 0.0)	(25.0, 0.0)	(26.0, 0.0)	(27.0, 0.0)	(28.0, 0.0)	(29.0, 0.0)	(30.0, 0.0)	(31.0, 0.0)	(32.0, 0.0018388211930271893)	(33.0, 0.0036776423860543786)	(34.0, 0.0)	(35.0, 0.0018388211930271893)	(36.0, 0.0018388211930271893)	(37.0, 0.0018388211930271893)	(38.0, 0.0018388211930271893)	(39.0, 0.0018388211930271893)	(40.0, 0.0)	(41.0, 0.007355284772108757)	(42.0, 0.011032927158163133)	(43.0, 0.025743496702380648)	(44.0, 0.022678794714002)	(45.0, 0.03555054306519232)	(46.0, 0.15568686100963533)	(47.0, 0.5283546227964792)	(48.0, 1.1198421065535584)	(49.0, 1.7223625174688033)	(50.0, 3.1934194718905435)	(51.0, 7.695466692818812)	(52.0, 17.54174124108169)	(53.0, 23.210826979184578)	(54.0, 20.99259567999607)	(55.0, 11.981145953367482)	(56.0, 5.023659499350281)	(57.0, 2.0171868487508267)	(58.0, 1.658003775712849)	(59.0, 0.9518964375904083)	(60.0, 0.3935077353078185)	(61.0, 0.19981856964228786)	(62.0, 0.13852452987471495)	(63.0, 0.15384803981660813)	(64.0, 0.1679456689631499)	(65.0, 0.16181626498639265)	(66.0, 0.14465393385147224)	(67.0, 0.22801382793537142)	(68.0, 0.20043151003996362)	(69.0, 0.1011351656164954)	(70.0, 0.04780935101870692)	(71.0, 0.016549390737244703)	(72.0, 0.012871748351190324)	(73.0, 0.007355284772108757)	(74.0, 0.009194105965135946)	(75.0, 0.014710569544217515)	(76.0, 0.009194105965135946)	(77.0, 0.0055164635790815675)	(78.0, 0.0018388211930271893)	(79.0, 0.0036776423860543786)	(80.0, 0.0036776423860543786)	(81.0, 0.0036776423860543786)	(82.0, 0.0)	(83.0, 0.0018388211930271893)	(84.0, 0.0)	(85.0, 0.0036776423860543786)	(86.0, 0.0036776423860543786)	(87.0, 0.0)	(88.0, 0.0)	(89.0, 0.0)	(90.0, 0.0)	(91.0, 0.0018388211930271893)	(92.0, 0.0)	(93.0, 0.0)	(94.0, 0.0)	(95.0, 0.0018388211930271893)	(96.0, 0.0018388211930271893)	(97.0, 0.0)	(98.0, 0.0018388211930271893)	(99.0, 0.0018388211930271893)	(100.0, 0.0024517615907029187)
576B14_S96_L001_R1_001	(0.0, 0.0)	(1.0, 0.0)	(2.0, 0.0)	(3.0, 0.0)	(4.0, 0.0)	(5.0, 0.0)	(6.0, 0.0)	(7.0, 0.0)	(8.0, 0.0)	(9.0, 0.0)	(10.0, 0.0)	(11.0, 0.0)	(12.0, 0.0)	(13.0, 0.0)	(14.0, 0.0)	(15.0, 0.0)	(16.0, 0.0)	(17.0, 0.0)	(18.0, 0.0)	(19.0, 0.0)	(20.0, 0.0)	(21.0, 0.0)	(22.0, 0.0)	(23.0, 0.0)	(24.0, 0.0)	(25.0, 0.0)	(26.0, 0.0)	(27.0, 0.0)	(28.0, 0.0)	(29.0, 0.0)	(30.0, 0.0)	(31.0, 0.0)	(32.0, 0.0)	(33.0, 0.0)	(34.0, 0.0)	(35.0, 0.0018458783843026498)	(36.0, 0.0018458783843026498)	(37.0, 0.0)	(38.0, 0.0)	(39.0, 0.0027688175764539746)	(40.0, 0.004614695960756624)	(41.0, 0.008767922325437588)	(42.0, 0.008306452729361924)	(43.0, 0.024919358188085772)	(44.0, 0.02076613182340481)	(45.0, 0.03599462849390167)	(46.0, 0.1338261828619421)	(47.0, 1.934480546749177)	(48.0, 2.9298704654843806)	(49.0, 1.9690907664548518)	(50.0, 3.5002468862339007)	(51.0, 10.275543495816775)	(52.0, 19.551082376937597)	(53.0, 16.027762010899906)	(54.0, 17.21650769039082)	(55.0, 14.34662827239627)	(56.0, 5.586550930091979)	(57.0, 2.2851974397666788)	(58.0, 1.6788263905232617)	(59.0, 1.1453675374597985)	(60.0, 0.728199022607394)	(61.0, 0.22473569328884777)	(62.0, 0.09183244961905684)	(63.0, 0.05122312516439853)	(64.0, 0.03045699334099372)	(65.0, 0.017997314246950835)	(66.0, 0.05122312516439853)	(67.0, 0.09690861517588911)	(68.0, 0.012459679094042886)	(69.0, 0.0)	(70.0, 0.0)	(71.0, 0.0)	(72.0, 0.0013844087882269873)	(73.0, 0.0013844087882269873)	(74.0, 0.0)	(75.0, 0.0)	(76.0, 0.0013844087882269873)	(77.0, 0.0)	(78.0, 0.0)	(79.0, 0.0)	(80.0, 0.0)	(81.0, 0.0)	(82.0, 0.0)	(83.0, 0.0)	(84.0, 0.0)	(85.0, 0.0)	(86.0, 0.0)	(87.0, 0.0)	(88.0, 0.0)	(89.0, 0.0)	(90.0, 0.0)	(91.0, 0.0)	(92.0, 0.0)	(93.0, 0.0)	(94.0, 0.0)	(95.0, 0.0)	(96.0, 0.0)	(97.0, 0.0)	(98.0, 0.0)	(99.0, 0.0)	(100.0, 0.0)
576B14_S96_L001_R2_001	(0.0, 0.0)	(1.0, 0.0)	(2.0, 0.0)	(3.0, 0.0)	(4.0, 0.0)	(5.0, 0.0)	(6.0, 0.0)	(7.0, 0.0)	(8.0, 0.0)	(9.0, 0.0)	(10.0, 0.0)	(11.0, 0.0)	(12.0, 0.0)	(13.0, 0.0)	(14.0, 0.0)	(15.0, 0.0)	(16.0, 0.0)	(17.0, 0.0)	(18.0, 0.0)	(19.0, 0.0)	(20.0, 0.0)	(21.0, 0.0)	(22.0, 0.0)	(23.0, 0.0)	(24.0, 0.0)	(25.0, 0.0)	(26.0, 0.0)	(27.0, 0.0)	(28.0, 0.0)	(29.0, 0.0)	(30.0, 0.0)	(31.0, 0.0)	(32.0, 0.0)	(33.0, 0.0)	(34.0, 0.001388239758261181)	(35.0, 0.001388239758261181)	(36.0, 0.001388239758261181)	(37.0, 0.0032392261026094223)	(38.0, 0.0018509863443482415)	(39.0, 0.006015705619131784)	(40.0, 0.013882397582611812)	(41.0, 0.017584370271308294)	(42.0, 0.025451062234788324)	(43.0, 0.02822754175131068)	(44.0, 0.0657100152243626)	(45.0, 0.13836122924003103)	(46.0, 0.7353043252923387)	(47.0, 1.901425722231731)	(48.0, 3.320669501760746)	(49.0, 2.5733337652301387)	(50.0, 3.219790745993763)	(51.0, 7.057810930999843)	(52.0, 16.34976237962807)	(53.0, 23.746303811643667)	(54.0, 21.52373195866748)	(55.0, 11.059643407480737)	(56.0, 3.8866085765452203)	(57.0, 1.4761616096177228)	(58.0, 1.0758858126524156)	(59.0, 0.590464643847089)	(60.0, 0.24756942355657732)	(61.0, 0.1545573597530782)	(62.0, 0.09393755697567324)	(63.0, 0.1087454477304592)	(64.0, 0.1087454477304592)	(65.0, 0.06478452205218846)	(66.0, 0.08236889232349674)	(67.0, 0.08329438549567086)	(68.0, 0.10967094090263332)	(69.0, 0.03748247347305189)	(70.0, 0.01249415782435063)	(71.0, 0.005552959033044724)	(72.0, 0.008329438549567086)	(73.0, 0.008329438549567086)	(74.0, 0.006941198791305906)	(75.0, 0.008329438549567086)	(76.0, 0.006941198791305906)	(77.0, 0.004164719274783543)	(78.0, 0.002776479516522362)	(79.0, 0.0)	(80.0, 0.002776479516522362)	(81.0, 0.0)	(82.0, 0.0)	(83.0, 0.0)	(84.0, 0.0)	(85.0, 0.001388239758261181)	(86.0, 0.002776479516522362)	(87.0, 0.004164719274783543)	(88.0, 0.001388239758261181)	(89.0, 0.001388239758261181)	(90.0, 0.001388239758261181)	(91.0, 0.001388239758261181)	(92.0, 0.001388239758261181)	(93.0, 0.0)	(94.0, 0.0)	(95.0, 0.001388239758261181)	(96.0, 0.001388239758261181)	(97.0, 0.001388239758261181)	(98.0, 0.0)	(99.0, 0.001388239758261181)	(100.0, 0.0)
578A0_S101_L001_R1_001	(0.0, 0.0)	(1.0, 0.0)	(2.0, 0.0)	(3.0, 0.0)	(4.0, 0.0)	(5.0, 0.0)	(6.0, 0.0)	(7.0, 0.0)	(8.0, 0.0)	(9.0, 0.0)	(10.0, 0.0)	(11.0, 0.0)	(12.0, 0.0)	(13.0, 0.0)	(14.0, 0.0)	(15.0, 0.0)	(16.0, 0.0)	(17.0, 0.0)	(18.0, 0.0)	(19.0, 0.0)	(20.0, 0.0)	(21.0, 0.0)	(22.0, 0.0)	(23.0, 0.0)	(24.0, 0.0)	(25.0, 0.0)	(26.0, 0.0)	(27.0, 0.0)	(28.0, 0.0)	(29.0, 0.0)	(30.0, 0.0)	(31.0, 0.0)	(32.0, 0.0)	(33.0, 0.0)	(34.0, 0.0)	(35.0, 0.0)	(36.0, 0.0)	(37.0, 0.0)	(38.0, 0.0)	(39.0, 0.0)	(40.0, 0.0)	(41.0, 0.0)	(42.0, 0.0027982725330895726)	(43.0, 0.0027982725330895726)	(44.0, 0.0027982725330895726)	(45.0, 0.013991362665447864)	(46.0, 0.025184452797806154)	(47.0, 0.21826525758098667)	(48.0, 0.5279407512428993)	(49.0, 0.7639284015334533)	(50.0, 1.4383120820080397)	(51.0, 6.826852223227527)	(52.0, 12.607150519079555)	(53.0, 25.56128683226221)	(54.0, 31.021649301831)	(55.0, 12.212594091913928)	(56.0, 4.272029400516747)	(57.0, 2.108964732438508)	(58.0, 1.9877062560046261)	(59.0, 0.30221343357367386)	(60.0, 0.0615619957279706)	(61.0, 0.013991362665447864)	(62.0, 0.01119309013235829)	(63.0, 0.0027982725330895726)	(64.0, 0.005596545066179145)	(65.0, 0.0027982725330895726)	(66.0, 0.0)	(67.0, 0.0027982725330895726)	(68.0, 0.0027982725330895726)	(69.0, 0.0)	(70.0, 0.0)	(71.0, 0.0)	(72.0, 0.0)	(73.0, 0.0)	(74.0, 0.0)	(75.0, 0.0)	(76.0, 0.0)	(77.0, 0.0)	(78.0, 0.0)	(79.0, 0.0)	(80.0, 0.0)	(81.0, 0.0)	(82.0, 0.0)	(83.0, 0.0)	(84.0, 0.0)	(85.0, 0.0)	(86.0, 0.0)	(87.0, 0.0)	(88.0, 0.0)	(89.0, 0.0)	(90.0, 0.0)	(91.0, 0.0)	(92.0, 0.0)	(93.0, 0.0)	(94.0, 0.0)	(95.0, 0.0)	(96.0, 0.0)	(97.0, 0.0)	(98.0, 0.0)	(99.0, 0.0)	(100.0, 0.0)
578A0_S101_L001_R2_001	(0.0, 0.0)	(1.0, 0.0)	(2.0, 0.0)	(3.0, 0.0)	(4.0, 0.0)	(5.0, 0.0)	(6.0, 0.0)	(7.0, 0.0)	(8.0, 0.0)	(9.0, 0.0)	(10.0, 0.0)	(11.0, 0.0)	(12.0, 0.0)	(13.0, 0.0)	(14.0, 0.0)	(15.0, 0.0)	(16.0, 0.0)	(17.0, 0.0)	(18.0, 0.0)	(19.0, 0.0)	(20.0, 0.0)	(21.0, 0.0)	(22.0, 0.0)	(23.0, 0.0)	(24.0, 0.0)	(25.0, 0.0)	(26.0, 0.0)	(27.0, 0.0)	(28.0, 0.0)	(29.0, 0.0)	(30.0, 0.0)	(31.0, 0.0)	(32.0, 0.0)	(33.0, 0.0)	(34.0, 0.0)	(35.0, 0.0)	(36.0, 0.0)	(37.0, 0.0)	(38.0, 0.0)	(39.0, 0.0)	(40.0, 0.002695950682075524)	(41.0, 0.005391901364151048)	(42.0, 0.00808785204622657)	(43.0, 0.017973004547170157)	(44.0, 0.006290551591509555)	(45.0, 0.01707435431981165)	(46.0, 0.04493251136792539)	(47.0, 0.08447312137169972)	(48.0, 0.3927101493556679)	(49.0, 0.9336975862254895)	(50.0, 0.9301029853160552)	(51.0, 2.6582073725264728)	(52.0, 8.69623825014832)	(53.0, 18.97320225022009)	(54.0, 26.870540448246743)	(55.0, 26.316971908193903)	(56.0, 10.01096353277378)	(57.0, 2.234943115440609)	(58.0, 0.6919606750660511)	(59.0, 0.28666942252736405)	(60.0, 0.19860170024623025)	(61.0, 0.12670968205754962)	(62.0, 0.10693937705566245)	(63.0, 0.06200686568773704)	(64.0, 0.05571631409622749)	(65.0, 0.043135210913208384)	(66.0, 0.03774330954905734)	(67.0, 0.01617570409245314)	(68.0, 0.024263556138679716)	(69.0, 0.01887165477452867)	(70.0, 0.02965545750283076)	(71.0, 0.021567605456604192)	(72.0, 0.010783802728302096)	(73.0, 0.010783802728302096)	(74.0, 0.002695950682075524)	(75.0, 0.0)	(76.0, 0.002695950682075524)	(77.0, 0.005391901364151048)	(78.0, 0.00808785204622657)	(79.0, 0.002695950682075524)	(80.0, 0.002695950682075524)	(81.0, 0.005391901364151048)	(82.0, 0.0)	(83.0, 0.005391901364151048)	(84.0, 0.002695950682075524)	(85.0, 0.002695950682075524)	(86.0, 0.0)	(87.0, 0.002695950682075524)	(88.0, 0.00808785204622657)	(89.0, 0.002695950682075524)	(90.0, 0.0)	(91.0, 0.0)	(92.0, 0.0)	(93.0, 0.0)	(94.0, 0.0)	(95.0, 0.0)	(96.0, 0.0)	(97.0, 0.0)	(98.0, 0.0)	(99.0, 0.0)	(100.0, 0.0)
578A14_S102_L001_R1_001	(0.0, 0.0)	(1.0, 0.0)	(2.0, 0.0)	(3.0, 0.0)	(4.0, 0.0)	(5.0, 0.0)	(6.0, 0.0)	(7.0, 0.0)	(8.0, 0.0)	(9.0, 0.0)	(10.0, 0.0)	(11.0, 0.0)	(12.0, 0.0)	(13.0, 0.0)	(14.0, 0.0)	(15.0, 0.0)	(16.0, 0.0)	(17.0, 0.0)	(18.0, 0.0)	(19.0, 0.0)	(20.0, 0.0)	(21.0, 0.0)	(22.0, 0.0)	(23.0, 0.0)	(24.0, 0.0)	(25.0, 0.0)	(26.0, 0.0027578091963743998)	(27.0, 0.0)	(28.0, 0.0)	(29.0, 0.0)	(30.0, 0.0)	(31.0, 0.0)	(32.0, 0.0)	(33.0, 0.0)	(34.0, 0.0)	(35.0, 0.0)	(36.0, 0.0)	(37.0, 0.0)	(38.0, 0.0)	(39.0, 0.0)	(40.0, 0.0055156183927487995)	(41.0, 0.0055156183927487995)	(42.0, 0.0027578091963743998)	(43.0, 0.0055156183927487995)	(44.0, 0.0027578091963743998)	(45.0, 0.0082734275891232)	(46.0, 0.0193046643746208)	(47.0, 0.6149914507914913)	(48.0, 0.8016032064128256)	(49.0, 0.9523634424812928)	(50.0, 1.878987332463091)	(51.0, 8.535419462778773)	(52.0, 12.866099170818702)	(53.0, 25.417808093250716)	(54.0, 28.144362118732875)	(55.0, 11.352061922009156)	(56.0, 3.5584931330551)	(57.0, 2.5298303028074494)	(58.0, 2.8102075711055137)	(59.0, 0.3088746299939328)	(60.0, 0.09376551267672958)	(61.0, 0.024820282767369597)	(62.0, 0.0193046643746208)	(63.0, 0.013789045981871998)	(64.0, 0.0)	(65.0, 0.0082734275891232)	(66.0, 0.0082734275891232)	(67.0, 0.0055156183927487995)	(68.0, 0.0)	(69.0, 0.0027578091963743998)	(70.0, 0.0)	(71.0, 0.0)	(72.0, 0.0)	(73.0, 0.0)	(74.0, 0.0)	(75.0, 0.0)	(76.0, 0.0)	(77.0, 0.0)	(78.0, 0.0)	(79.0, 0.0)	(80.0, 0.0)	(81.0, 0.0)	(82.0, 0.0)	(83.0, 0.0)	(84.0, 0.0)	(85.0, 0.0)	(86.0, 0.0)	(87.0, 0.0)	(88.0, 0.0)	(89.0, 0.0)	(90.0, 0.0)	(91.0, 0.0)	(92.0, 0.0)	(93.0, 0.0)	(94.0, 0.0)	(95.0, 0.0)	(96.0, 0.0)	(97.0, 0.0)	(98.0, 0.0)	(99.0, 0.0)	(100.0, 0.0)
578A14_S102_L001_R2_001	(0.0, 0.0)	(1.0, 0.0)	(2.0, 0.0)	(3.0, 0.0)	(4.0, 0.0)	(5.0, 0.0)	(6.0, 0.0)	(7.0, 0.0)	(8.0, 0.0)	(9.0, 0.0)	(10.0, 0.0)	(11.0, 0.0)	(12.0, 0.0)	(13.0, 0.0)	(14.0, 0.0)	(15.0, 0.0)	(16.0, 0.0)	(17.0, 0.0)	(18.0, 0.0)	(19.0, 0.0)	(20.0, 0.0)	(21.0, 0.0)	(22.0, 0.0)	(23.0, 0.0)	(24.0, 0.0)	(25.0, 0.0)	(26.0, 0.0)	(27.0, 0.0)	(28.0, 0.0)	(29.0, 0.0)	(30.0, 0.0)	(31.0, 0.0)	(32.0, 0.0)	(33.0, 0.0)	(34.0, 0.0026844676700610273)	(35.0, 0.011632693236931118)	(36.0, 0.0026844676700610273)	(37.0, 0.0)	(38.0, 0.0)	(39.0, 0.0026844676700610273)	(40.0, 0.011632693236931118)	(41.0, 0.0098430481235571)	(42.0, 0.01789645113374018)	(43.0, 0.014317160906992143)	(44.0, 0.01073787068024411)	(45.0, 0.0196860962471142)	(46.0, 0.04742559550441147)	(47.0, 0.17091110832721879)	(48.0, 0.778495624317698)	(49.0, 1.6044168441398075)	(50.0, 1.1543210981262408)	(51.0, 2.5582976895681653)	(52.0, 8.604613705102315)	(53.0, 19.813161050163686)	(54.0, 28.57078941245953)	(55.0, 24.37138715392738)	(56.0, 8.389856291497397)	(57.0, 1.998138769082091)	(58.0, 0.5834243069599299)	(59.0, 0.3606134903448646)	(60.0, 0.21386259104819513)	(61.0, 0.1297492707196163)	(62.0, 0.10290459401900602)	(63.0, 0.059058288741342606)	(64.0, 0.0787443849884568)	(65.0, 0.06442722408146466)	(66.0, 0.04832041806109849)	(67.0, 0.03221361204073233)	(68.0, 0.01073787068024411)	(69.0, 0.02147574136048822)	(70.0, 0.01073787068024411)	(71.0, 0.01073787068024411)	(72.0, 0.01073787068024411)	(73.0, 0.008053403010183082)	(74.0, 0.01073787068024411)	(75.0, 0.0)	(76.0, 0.0026844676700610273)	(77.0, 0.005368935340122055)	(78.0, 0.0026844676700610273)	(79.0, 0.0026844676700610273)	(80.0, 0.0026844676700610273)	(81.0, 0.005368935340122055)	(82.0, 0.0)	(83.0, 0.0026844676700610273)	(84.0, 0.0026844676700610273)	(85.0, 0.005368935340122055)	(86.0, 0.005368935340122055)	(87.0, 0.005368935340122055)	(88.0, 0.01073787068024411)	(89.0, 0.0026844676700610273)	(90.0, 0.0026844676700610273)	(91.0, 0.0026844676700610273)	(92.0, 0.005368935340122055)	(93.0, 0.0026844676700610273)	(94.0, 0.0)	(95.0, 0.0)	(96.0, 0.0026844676700610273)	(97.0, 0.0)	(98.0, 0.0026844676700610273)	(99.0, 0.0026844676700610273)	(100.0, 0.0)
578B0_S103_L001_R1_001	(0.0, 0.0)	(1.0, 0.0)	(2.0, 0.0)	(3.0, 0.0)	(4.0, 0.0)	(5.0, 0.0)	(6.0, 0.0)	(7.0, 0.0)	(8.0, 0.0)	(9.0, 0.0)	(10.0, 0.0)	(11.0, 0.0)	(12.0, 0.0)	(13.0, 0.0)	(14.0, 0.0)	(15.0, 0.0)	(16.0, 0.0)	(17.0, 0.0)	(18.0, 0.0)	(19.0, 0.0)	(20.0, 0.0)	(21.0, 0.0)	(22.0, 0.0)	(23.0, 0.0)	(24.0, 0.0)	(25.0, 0.0)	(26.0, 0.0)	(27.0, 0.0)	(28.0, 0.0)	(29.0, 0.0)	(30.0, 0.0027177113247030898)	(31.0, 0.0027177113247030898)	(32.0, 0.0)	(33.0, 0.0)	(34.0, 0.0)	(35.0, 0.0)	(36.0, 0.0)	(37.0, 0.0)	(38.0, 0.0)	(39.0, 0.0)	(40.0, 0.0)	(41.0, 0.0)	(42.0, 0.008153133974109269)	(43.0, 0.013588556623515448)	(44.0, 0.0054354226494061795)	(45.0, 0.016306267948218538)	(46.0, 0.10599074166342048)	(47.0, 3.59824979390689)	(48.0, 3.7667478960384826)	(49.0, 2.714993613378387)	(50.0, 2.9478108835279526)	(51.0, 10.176017103463279)	(52.0, 13.777890512469765)	(53.0, 21.217172311957018)	(54.0, 24.657794849031134)	(55.0, 9.210323679418773)	(56.0, 3.083696449763106)	(57.0, 2.0980731426707853)	(58.0, 2.179604482411878)	(59.0, 0.26452390227110073)	(60.0, 0.0815313397410927)	(61.0, 0.01902397927292163)	(62.0, 0.01902397927292163)	(63.0, 0.008153133974109269)	(64.0, 0.0054354226494061795)	(65.0, 0.0054354226494061795)	(66.0, 0.010870845298812359)	(67.0, 0.0027177113247030898)	(68.0, 0.0)	(69.0, 0.0)	(70.0, 0.0)	(71.0, 0.0)	(72.0, 0.0)	(73.0, 0.0)	(74.0, 0.0)	(75.0, 0.0)	(76.0, 0.0)	(77.0, 0.0)	(78.0, 0.0)	(79.0, 0.0)	(80.0, 0.0)	(81.0, 0.0)	(82.0, 0.0)	(83.0, 0.0)	(84.0, 0.0)	(85.0, 0.0)	(86.0, 0.0)	(87.0, 0.0)	(88.0, 0.0)	(89.0, 0.0)	(90.0, 0.0)	(91.0, 0.0)	(92.0, 0.0)	(93.0, 0.0)	(94.0, 0.0)	(95.0, 0.0)	(96.0, 0.0)	(97.0, 0.0)	(98.0, 0.0)	(99.0, 0.0)	(100.0, 0.0)
578B0_S103_L001_R2_001	(0.0, 0.0)	(1.0, 0.0)	(2.0, 0.0)	(3.0, 0.0)	(4.0, 0.0)	(5.0, 0.0)	(6.0, 0.0)	(7.0, 0.0)	(8.0, 0.0)	(9.0, 0.0)	(10.0, 0.0)	(11.0, 0.0)	(12.0, 0.0)	(13.0, 0.0)	(14.0, 0.0)	(15.0, 0.0)	(16.0, 0.0)	(17.0, 0.0)	(18.0, 0.0)	(19.0, 0.0)	(20.0, 0.0)	(21.0, 0.0)	(22.0, 0.0)	(23.0, 0.0)	(24.0, 0.0)	(25.0, 0.0)	(26.0, 0.0)	(27.0, 0.0026554547466253607)	(28.0, 0.0)	(29.0, 0.0)	(30.0, 0.0)	(31.0, 0.0)	(32.0, 0.0026554547466253607)	(33.0, 0.0026554547466253607)	(34.0, 0.0)	(35.0, 0.0)	(36.0, 0.0026554547466253607)	(37.0, 0.0026554547466253607)	(38.0, 0.0026554547466253607)	(39.0, 0.0026554547466253607)	(40.0, 0.008851515822084537)	(41.0, 0.016817880061960618)	(42.0, 0.015932728479752165)	(43.0, 0.021243637973002886)	(44.0, 0.021243637973002886)	(45.0, 0.032750608541712786)	(46.0, 0.07435273290551012)	(47.0, 0.5355167072361147)	(48.0, 3.647709670281036)	(49.0, 5.374640407169727)	(50.0, 2.4155786678468725)	(51.0, 3.1714981190528886)	(52.0, 9.595928302721891)	(53.0, 18.56162867891121)	(54.0, 23.92387696393007)	(55.0, 21.938481965036512)	(56.0, 7.457402080106224)	(57.0, 1.6915246736003549)	(58.0, 0.5302057977428637)	(59.0, 0.21066607656561198)	(60.0, 0.18057092277052456)	(61.0, 0.08940030980305382)	(62.0, 0.09294091613188762)	(63.0, 0.07435273290551012)	(64.0, 0.03983182119938041)	(65.0, 0.05133879176809031)	(66.0, 0.0477981854392565)	(67.0, 0.02655454746625361)	(68.0, 0.02655454746625361)	(69.0, 0.013277273733126805)	(70.0, 0.015932728479752165)	(71.0, 0.015932728479752165)	(72.0, 0.007966364239876083)	(73.0, 0.0053109094932507215)	(74.0, 0.007966364239876083)	(75.0, 0.0053109094932507215)	(76.0, 0.010621818986501443)	(77.0, 0.0053109094932507215)	(78.0, 0.0026554547466253607)	(79.0, 0.0053109094932507215)	(80.0, 0.0026554547466253607)	(81.0, 0.0026554547466253607)	(82.0, 0.0)	(83.0, 0.0)	(84.0, 0.0026554547466253607)	(85.0, 0.0)	(86.0, 0.0)	(87.0, 0.0)	(88.0, 0.0)	(89.0, 0.0)	(90.0, 0.0026554547466253607)	(91.0, 0.0)	(92.0, 0.0)	(93.0, 0.0)	(94.0, 0.0)	(95.0, 0.0)	(96.0, 0.0)	(97.0, 0.0)	(98.0, 0.0)	(99.0, 0.0)	(100.0, 0.0)
578B14_S104_L001_R1_001	(0.0, 0.0)	(1.0, 0.0)	(2.0, 0.0)	(3.0, 0.0)	(4.0, 0.0)	(5.0, 0.0)	(6.0, 0.0)	(7.0, 0.0)	(8.0, 0.0)	(9.0, 0.0)	(10.0, 0.0)	(11.0, 0.0)	(12.0, 0.0)	(13.0, 0.0)	(14.0, 0.0)	(15.0, 0.0)	(16.0, 0.0)	(17.0, 0.0)	(18.0, 0.0)	(19.0, 0.0)	(20.0, 0.0)	(21.0, 0.0)	(22.0, 0.0)	(23.0, 0.0)	(24.0, 0.0)	(25.0, 0.0)	(26.0, 0.0)	(27.0, 0.0)	(28.0, 0.0)	(29.0, 0.0)	(30.0, 0.0)	(31.0, 0.0)	(32.0, 0.0)	(33.0, 0.0)	(34.0, 0.0)	(35.0, 0.0)	(36.0, 0.0)	(37.0, 0.0)	(38.0, 0.0043332250027082655)	(39.0, 0.0)	(40.0, 0.0043332250027082655)	(41.0, 0.017332900010833062)	(42.0, 0.02383273751489546)	(43.0, 0.03683241252302026)	(44.0, 0.05958184378723866)	(45.0, 0.05524861878453039)	(46.0, 0.04658216877911386)	(47.0, 0.06608168129130106)	(48.0, 0.05633192503520747)	(49.0, 0.08774780630484239)	(50.0, 0.5600693316000434)	(51.0, 3.0343408081464633)	(52.0, 15.844437222402771)	(53.0, 38.014299642508945)	(54.0, 25.883436247427138)	(55.0, 11.242552269526595)	(56.0, 2.7916802079948)	(57.0, 1.153721156971076)	(58.0, 0.7409814754631134)	(59.0, 0.15057956884411222)	(60.0, 0.07583143754739465)	(61.0, 0.016249593760155997)	(62.0, 0.017332900010833062)	(63.0, 0.003249918752031199)	(64.0, 0.003249918752031199)	(65.0, 0.0)	(66.0, 0.0)	(67.0, 0.003249918752031199)	(68.0, 0.0)	(69.0, 0.003249918752031199)	(70.0, 0.0)	(71.0, 0.0)	(72.0, 0.0)	(73.0, 0.0)	(74.0, 0.0)	(75.0, 0.0)	(76.0, 0.0)	(77.0, 0.0)	(78.0, 0.0)	(79.0, 0.0)	(80.0, 0.0)	(81.0, 0.0)	(82.0, 0.0)	(83.0, 0.0)	(84.0, 0.0)	(85.0, 0.0)	(86.0, 0.0)	(87.0, 0.0)	(88.0, 0.0)	(89.0, 0.003249918752031199)	(90.0, 0.0)	(91.0, 0.0)	(92.0, 0.0)	(93.0, 0.0)	(94.0, 0.0)	(95.0, 0.0)	(96.0, 0.0)	(97.0, 0.0)	(98.0, 0.0)	(99.0, 0.0)	(100.0, 0.0)
578B14_S104_L001_R2_001	(0.0, 0.0)	(1.0, 0.0)	(2.0, 0.0)	(3.0, 0.0)	(4.0, 0.0)	(5.0, 0.0)	(6.0, 0.0)	(7.0, 0.0)	(8.0, 0.0)	(9.0, 0.0)	(10.0, 0.0)	(11.0, 0.0)	(12.0, 0.0)	(13.0, 0.0)	(14.0, 0.0)	(15.0, 0.0)	(16.0, 0.0)	(17.0, 0.0)	(18.0, 0.0)	(19.0, 0.0)	(20.0, 0.0)	(21.0, 0.0)	(22.0, 0.0)	(23.0, 0.0)	(24.0, 0.0)	(25.0, 0.0)	(26.0, 0.0)	(27.0, 0.0)	(28.0, 0.0)	(29.0, 0.0)	(30.0, 0.0)	(31.0, 0.0031186976318689323)	(32.0, 0.0)	(33.0, 0.0)	(34.0, 0.0)	(35.0, 0.0)	(36.0, 0.0)	(37.0, 0.0)	(38.0, 0.0)	(39.0, 0.0)	(40.0, 0.0031186976318689323)	(41.0, 0.031186976318689323)	(42.0, 0.035345239827847895)	(43.0, 0.031186976318689323)	(44.0, 0.040543069214296124)	(45.0, 0.05509699149635113)	(46.0, 0.05405742561906149)	(47.0, 0.06029482088279936)	(48.0, 0.09564006071064726)	(49.0, 0.2941971432729692)	(50.0, 0.7900700667401305)	(51.0, 3.8006528473709396)	(52.0, 10.735596814770206)	(53.0, 21.97018525063925)	(54.0, 31.20568850448055)	(55.0, 20.001247479052754)	(56.0, 7.149094538120883)	(57.0, 1.9003264236854698)	(58.0, 0.5717612325093042)	(59.0, 0.2754849574817557)	(60.0, 0.23390232239016992)	(61.0, 0.18088446264839808)	(62.0, 0.09979832421980583)	(63.0, 0.0873235336923301)	(64.0, 0.06549265026924758)	(65.0, 0.05925525500550972)	(66.0, 0.028068278686820394)	(67.0, 0.028068278686820394)	(68.0, 0.021830883423082526)	(69.0, 0.015593488159344662)	(70.0, 0.006237395263737865)	(71.0, 0.009356092895606797)	(72.0, 0.006237395263737865)	(73.0, 0.0)	(74.0, 0.0031186976318689323)	(75.0, 0.0)	(76.0, 0.006237395263737865)	(77.0, 0.009356092895606797)	(78.0, 0.0031186976318689323)	(79.0, 0.006237395263737865)	(80.0, 0.006237395263737865)	(81.0, 0.0)	(82.0, 0.0)	(83.0, 0.0)	(84.0, 0.0)	(85.0, 0.0)	(86.0, 0.0031186976318689323)	(87.0, 0.0031186976318689323)	(88.0, 0.0)	(89.0, 0.0)	(90.0, 0.0031186976318689323)	(91.0, 0.0031186976318689323)	(92.0, 0.0031186976318689323)	(93.0, 0.0)	(94.0, 0.0)	(95.0, 0.0)	(96.0, 0.0)	(97.0, 0.0)	(98.0, 0.0)	(99.0, 0.0)	(100.0, 0.004158263509158576)
583A0_S129_L001_R1_001	(0.0, 0.0)	(1.0, 0.0)	(2.0, 0.0)	(3.0, 0.0)	(4.0, 0.0)	(5.0, 0.0)	(6.0, 0.0)	(7.0, 0.0)	(8.0, 0.0)	(9.0, 0.0)	(10.0, 0.0)	(11.0, 0.0)	(12.0, 0.0)	(13.0, 0.0)	(14.0, 0.0)	(15.0, 0.0)	(16.0, 0.0)	(17.0, 0.0)	(18.0, 0.0)	(19.0, 0.0)	(20.0, 0.0)	(21.0, 0.0)	(22.0, 0.0)	(23.0, 0.0)	(24.0, 0.0)	(25.0, 0.0)	(26.0, 0.0)	(27.0, 0.0)	(28.0, 0.0)	(29.0, 0.0)	(30.0, 0.0)	(31.0, 0.0)	(32.0, 0.0)	(33.0, 0.0)	(34.0, 0.0)	(35.0, 0.0)	(36.0, 0.0)	(37.0, 0.0)	(38.0, 0.0)	(39.0, 0.002434373351726376)	(40.0, 0.0)	(41.0, 0.007303120055179129)	(42.0, 0.014606240110358258)	(43.0, 0.007303120055179129)	(44.0, 0.002434373351726376)	(45.0, 0.021909360165537385)	(46.0, 0.06816245384833854)	(47.0, 0.1533655211587617)	(48.0, 0.1971842414898365)	(49.0, 0.7157057654075546)	(50.0, 4.486550087231711)	(51.0, 5.671278451738546)	(52.0, 14.818842049742361)	(53.0, 21.47847608228182)	(54.0, 25.76378463910415)	(55.0, 9.107802166592286)	(56.0, 4.040248306081875)	(57.0, 2.1454943806548465)	(58.0, 1.8119852314683327)	(59.0, 1.1230575729297678)	(60.0, 0.5599058708970667)	(61.0, 0.6653953828052095)	(62.0, 0.5704548220878809)	(63.0, 0.5315048484602588)	(64.0, 0.23613421511745852)	(65.0, 0.6231995780419523)	(66.0, 4.318578325962592)	(67.0, 0.7741307258489877)	(68.0, 0.05355621373798028)	(69.0, 0.012171866758631881)	(70.0, 0.012171866758631881)	(71.0, 0.002434373351726376)	(72.0, 0.002434373351726376)	(73.0, 0.0)	(74.0, 0.0)	(75.0, 0.0)	(76.0, 0.0)	(77.0, 0.0)	(78.0, 0.0)	(79.0, 0.0)	(80.0, 0.0)	(81.0, 0.0)	(82.0, 0.0)	(83.0, 0.0)	(84.0, 0.0)	(85.0, 0.0)	(86.0, 0.0)	(87.0, 0.0)	(88.0, 0.0)	(89.0, 0.0)	(90.0, 0.0)	(91.0, 0.0)	(92.0, 0.0)	(93.0, 0.0)	(94.0, 0.0)	(95.0, 0.0)	(96.0, 0.0)	(97.0, 0.0)	(98.0, 0.0)	(99.0, 0.0)	(100.0, 0.0)
583A0_S129_L001_R2_001	(0.0, 0.0)	(1.0, 0.0)	(2.0, 0.0)	(3.0, 0.0)	(4.0, 0.0)	(5.0, 0.0)	(6.0, 0.0)	(7.0, 0.0)	(8.0, 0.0)	(9.0, 0.0)	(10.0, 0.0)	(11.0, 0.0)	(12.0, 0.0)	(13.0, 0.0)	(14.0, 0.0)	(15.0, 0.0)	(16.0, 0.0)	(17.0, 0.0)	(18.0, 0.0)	(19.0, 0.0)	(20.0, 0.0)	(21.0, 0.0)	(22.0, 0.0)	(23.0, 0.0)	(24.0, 0.0)	(25.0, 0.0)	(26.0, 0.0)	(27.0, 0.0)	(28.0, 0.0)	(29.0, 0.0)	(30.0, 0.0)	(31.0, 0.0)	(32.0, 0.0)	(33.0, 0.002348502047110954)	(34.0, 0.002348502047110954)	(35.0, 0.002348502047110954)	(36.0, 0.007828340157036514)	(37.0, 0.007828340157036514)	(38.0, 0.002348502047110954)	(39.0, 0.004697004094221908)	(40.0, 0.007045506141332862)	(41.0, 0.014091012282665724)	(42.0, 0.011742510235554771)	(43.0, 0.010176842204147468)	(44.0, 0.007828340157036514)	(45.0, 0.009394008188443817)	(46.0, 0.03601036472236797)	(47.0, 0.09080874582162356)	(48.0, 0.298259759983091)	(49.0, 0.5409383048512237)	(50.0, 1.505389812198121)	(51.0, 5.029708550895951)	(52.0, 16.064536836254558)	(53.0, 21.939706124110508)	(54.0, 21.47391988476685)	(55.0, 14.63038491948553)	(56.0, 5.127562802858917)	(57.0, 1.7449370210034387)	(58.0, 0.9534918311270473)	(59.0, 0.6818484276778805)	(60.0, 0.4759630815478201)	(61.0, 0.30687093415583133)	(62.0, 0.2458098809309465)	(63.0, 0.2763404075433889)	(64.0, 0.4603064012337471)	(65.0, 0.7068991161803974)	(66.0, 0.6849797637406951)	(67.0, 1.5210464925121947)	(68.0, 2.558301563319533)	(69.0, 1.587587383847005)	(70.0, 0.5636404913066291)	(71.0, 0.1690921473919887)	(72.0, 0.07984906960177243)	(73.0, 0.02818202456533145)	(74.0, 0.009394008188443817)	(75.0, 0.009394008188443817)	(76.0, 0.011742510235554771)	(77.0, 0.01643951432977668)	(78.0, 0.014091012282665724)	(79.0, 0.014091012282665724)	(80.0, 0.002348502047110954)	(81.0, 0.002348502047110954)	(82.0, 0.004697004094221908)	(83.0, 0.004697004094221908)	(84.0, 0.004697004094221908)	(85.0, 0.0)	(86.0, 0.007045506141332862)	(87.0, 0.004697004094221908)	(88.0, 0.004697004094221908)	(89.0, 0.004697004094221908)	(90.0, 0.0)	(91.0, 0.0)	(92.0, 0.0)	(93.0, 0.002348502047110954)	(94.0, 0.0)	(95.0, 0.002348502047110954)	(96.0, 0.002348502047110954)	(97.0, 0.002348502047110954)	(98.0, 0.0)	(99.0, 0.0)	(100.0, 0.0031313360628146057)
583A14_S130_L001_R1_001	(0.0, 0.0)	(1.0, 0.0)	(2.0, 0.0)	(3.0, 0.0)	(4.0, 0.0)	(5.0, 0.0)	(6.0, 0.0)	(7.0, 0.0)	(8.0, 0.0)	(9.0, 0.0)	(10.0, 0.0)	(11.0, 0.0)	(12.0, 0.0)	(13.0, 0.0)	(14.0, 0.0)	(15.0, 0.0)	(16.0, 0.0)	(17.0, 0.0)	(18.0, 0.0)	(19.0, 0.0)	(20.0, 0.0)	(21.0, 0.0)	(22.0, 0.0)	(23.0, 0.0)	(24.0, 0.0)	(25.0, 0.0)	(26.0, 0.0)	(27.0, 0.0)	(28.0, 0.0)	(29.0, 0.0)	(30.0, 0.0)	(31.0, 0.0)	(32.0, 0.0)	(33.0, 0.0)	(34.0, 0.0)	(35.0, 0.0)	(36.0, 0.0)	(37.0, 0.0)	(38.0, 0.0)	(39.0, 0.002712085050987199)	(40.0, 0.002712085050987199)	(41.0, 0.002712085050987199)	(42.0, 0.002712085050987199)	(43.0, 0.0)	(44.0, 0.006328198452303465)	(45.0, 0.04429738916612427)	(46.0, 0.2531279380921386)	(47.0, 2.526759239169741)	(48.0, 3.0158385766977673)	(49.0, 3.329536414261952)	(50.0, 5.826462717870832)	(51.0, 16.454220004339327)	(52.0, 16.92521877486077)	(53.0, 15.79427930859912)	(54.0, 19.52158819700586)	(55.0, 7.939176972589862)	(56.0, 3.1360743472915322)	(57.0, 1.8324654661170177)	(58.0, 1.7131337238735809)	(59.0, 0.5180082447385551)	(60.0, 0.22058291748029224)	(61.0, 0.20340637882403997)	(62.0, 0.11209951544080426)	(63.0, 0.09763506183553917)	(64.0, 0.04339336081579519)	(65.0, 0.07593838142764159)	(66.0, 0.34533882982570346)	(67.0, 0.04610544586678239)	(68.0, 0.008136255152961598)	(69.0, 0.0)	(70.0, 0.0)	(71.0, 0.0)	(72.0, 0.0)	(73.0, 0.0)	(74.0, 0.0)	(75.0, 0.0)	(76.0, 0.0)	(77.0, 0.0)	(78.0, 0.0)	(79.0, 0.0)	(80.0, 0.0)	(81.0, 0.0)	(82.0, 0.0)	(83.0, 0.0)	(84.0, 0.0)	(85.0, 0.0)	(86.0, 0.0)	(87.0, 0.0)	(88.0, 0.0)	(89.0, 0.0)	(90.0, 0.0)	(91.0, 0.0)	(92.0, 0.0)	(93.0, 0.0)	(94.0, 0.0)	(95.0, 0.0)	(96.0, 0.0)	(97.0, 0.0)	(98.0, 0.0)	(99.0, 0.0)	(100.0, 0.0)
583A14_S130_L001_R2_001	(0.0, 0.0)	(1.0, 0.0)	(2.0, 0.0)	(3.0, 0.0)	(4.0, 0.0)	(5.0, 0.0)	(6.0, 0.0)	(7.0, 0.0)	(8.0, 0.0)	(9.0, 0.0)	(10.0, 0.0)	(11.0, 0.0)	(12.0, 0.0)	(13.0, 0.0)	(14.0, 0.0)	(15.0, 0.0)	(16.0, 0.0)	(17.0, 0.0)	(18.0, 0.0)	(19.0, 0.0)	(20.0, 0.0)	(21.0, 0.0)	(22.0, 0.0)	(23.0, 0.0)	(24.0, 0.0)	(25.0, 0.0)	(26.0, 0.0)	(27.0, 0.0)	(28.0, 0.0)	(29.0, 0.0)	(30.0, 0.0)	(31.0, 0.0)	(32.0, 0.0)	(33.0, 0.0)	(34.0, 0.0)	(35.0, 0.0)	(36.0, 0.0)	(37.0, 0.002662548591511797)	(38.0, 0.006212613380194192)	(39.0, 0.0)	(40.0, 0.0)	(41.0, 0.006212613380194192)	(42.0, 0.00887516197170599)	(43.0, 0.00887516197170599)	(44.0, 0.02218790492926497)	(45.0, 0.02928803450662976)	(46.0, 0.10561442746330127)	(47.0, 1.1901592204057727)	(48.0, 3.733780641496709)	(49.0, 4.07724940980173)	(50.0, 3.420487423895487)	(51.0, 5.3579352823188975)	(52.0, 10.757583825904875)	(53.0, 20.015265278591286)	(54.0, 21.656282727159756)	(55.0, 17.43525569341641)	(56.0, 7.1897687132790224)	(57.0, 2.0199868647602828)	(58.0, 0.6141612084420545)	(59.0, 0.35411896267106896)	(60.0, 0.2431794380247441)	(61.0, 0.18282833661714334)	(62.0, 0.139340042955784)	(63.0, 0.13312742957558985)	(64.0, 0.12780233239256625)	(65.0, 0.16951559365958438)	(66.0, 0.14555265633597822)	(67.0, 0.18371585281431396)	(68.0, 0.27690505351722683)	(69.0, 0.19969114436338475)	(70.0, 0.0718888119708185)	(71.0, 0.018637840140582576)	(72.0, 0.01597529154907078)	(73.0, 0.002662548591511797)	(74.0, 0.002662548591511797)	(75.0, 0.00798764577453539)	(76.0, 0.00798764577453539)	(77.0, 0.005325097183023594)	(78.0, 0.002662548591511797)	(79.0, 0.010650194366047187)	(80.0, 0.002662548591511797)	(81.0, 0.005325097183023594)	(82.0, 0.0)	(83.0, 0.002662548591511797)	(84.0, 0.00798764577453539)	(85.0, 0.002662548591511797)	(86.0, 0.005325097183023594)	(87.0, 0.002662548591511797)	(88.0, 0.0)	(89.0, 0.0)	(90.0, 0.0)	(91.0, 0.002662548591511797)	(92.0, 0.002662548591511797)	(93.0, 0.002662548591511797)	(94.0, 0.0)	(95.0, 0.0)	(96.0, 0.0)	(97.0, 0.002662548591511797)	(98.0, 0.0)	(99.0, 0.0)	(100.0, 0.0)
583B0_S131_L001_R1_001	(0.0, 0.0)	(1.0, 0.0)	(2.0, 0.0)	(3.0, 0.0)	(4.0, 0.0)	(5.0, 0.0)	(6.0, 0.0)	(7.0, 0.0)	(8.0, 0.0)	(9.0, 0.0)	(10.0, 0.0)	(11.0, 0.0)	(12.0, 0.0)	(13.0, 0.0)	(14.0, 0.0)	(15.0, 0.0)	(16.0, 0.0)	(17.0, 0.0)	(18.0, 0.0)	(19.0, 0.0)	(20.0, 0.0)	(21.0, 0.0)	(22.0, 0.0)	(23.0, 0.0)	(24.0, 0.0)	(25.0, 0.0)	(26.0, 0.0)	(27.0, 0.0)	(28.0, 0.0)	(29.0, 0.0)	(30.0, 0.0)	(31.0, 0.0)	(32.0, 0.0)	(33.0, 0.0)	(34.0, 0.0)	(35.0, 0.0)	(36.0, 0.0)	(37.0, 0.0)	(38.0, 0.0)	(39.0, 0.0)	(40.0, 0.002305174348019855)	(41.0, 0.0)	(42.0, 0.002305174348019855)	(43.0, 0.0)	(44.0, 0.0)	(45.0, 0.006915523044059566)	(46.0, 0.01844139478415884)	(47.0, 0.07607075348465521)	(48.0, 0.07146040478861551)	(49.0, 0.4986860506216287)	(50.0, 1.5037420663582852)	(51.0, 6.253169614728525)	(52.0, 11.394476802262146)	(53.0, 30.10480859368997)	(54.0, 36.70068079482411)	(55.0, 7.418819443377232)	(56.0, 2.4711469010772853)	(57.0, 0.809884587604309)	(58.0, 0.968173226168339)	(59.0, 0.9689416176176792)	(60.0, 0.12447941479307217)	(61.0, 0.06454488174455593)	(62.0, 0.08529145087673463)	(63.0, 0.11064836870495305)	(64.0, 0.020746569132178695)	(65.0, 0.025356917828218403)	(66.0, 0.24204330654208475)	(67.0, 0.03688278956831768)	(68.0, 0.00461034869603971)	(69.0, 0.006915523044059566)	(70.0, 0.002305174348019855)	(71.0, 0.0)	(72.0, 0.0)	(73.0, 0.0)	(74.0, 0.0)	(75.0, 0.0)	(76.0, 0.0)	(77.0, 0.0)	(78.0, 0.0)	(79.0, 0.0)	(80.0, 0.0)	(81.0, 0.0)	(82.0, 0.0)	(83.0, 0.0)	(84.0, 0.0)	(85.0, 0.0)	(86.0, 0.0)	(87.0, 0.0030735657973598065)	(88.0, 0.0030735657973598065)	(89.0, 0.0)	(90.0, 0.0)	(91.0, 0.0)	(92.0, 0.0)	(93.0, 0.0)	(94.0, 0.0)	(95.0, 0.0)	(96.0, 0.0)	(97.0, 0.0)	(98.0, 0.0)	(99.0, 0.0)	(100.0, 0.0)
583B0_S131_L001_R2_001	(0.0, 0.0)	(1.0, 0.0)	(2.0, 0.0)	(3.0, 0.0)	(4.0, 0.0)	(5.0, 0.0)	(6.0, 0.0)	(7.0, 0.0)	(8.0, 0.0)	(9.0, 0.0)	(10.0, 0.0)	(11.0, 0.0)	(12.0, 0.0)	(13.0, 0.0)	(14.0, 0.0)	(15.0, 0.0)	(16.0, 0.0)	(17.0, 0.0)	(18.0, 0.0)	(19.0, 0.0)	(20.0, 0.0)	(21.0, 0.0)	(22.0, 0.0)	(23.0, 0.0)	(24.0, 0.0)	(25.0, 0.0)	(26.0, 0.0)	(27.0, 0.0)	(28.0, 0.0)	(29.0, 0.0)	(30.0, 0.0)	(31.0, 0.0)	(32.0, 0.0)	(33.0, 0.0)	(34.0, 0.0021397544988338325)	(35.0, 0.0)	(36.0, 0.0)	(37.0, 0.004279508997667665)	(38.0, 0.006419263496501498)	(39.0, 0.0021397544988338325)	(40.0, 0.006419263496501498)	(41.0, 0.0021397544988338325)	(42.0, 0.004992760497278941)	(43.0, 0.012125275493391714)	(44.0, 0.014978281491836824)	(45.0, 0.015691532991448102)	(46.0, 0.019257790489504493)	(47.0, 0.1262455154311961)	(48.0, 0.24821152186472445)	(49.0, 0.24892477336433577)	(50.0, 0.8801523505203159)	(51.0, 2.9136323759120684)	(52.0, 9.900644066104165)	(53.0, 21.27843198790324)	(54.0, 27.89312639529826)	(55.0, 23.417473235237463)	(56.0, 7.59256221336205)	(57.0, 1.8594466594866004)	(58.0, 0.858754805531978)	(59.0, 0.7524803320898975)	(60.0, 0.5770204631855235)	(61.0, 0.24821152186472453)	(62.0, 0.1590550844133149)	(63.0, 0.11483349143741568)	(64.0, 0.1290985214296412)	(65.0, 0.10627447344208032)	(66.0, 0.09129619195024352)	(67.0, 0.10484797044285779)	(68.0, 0.1519225694172021)	(69.0, 0.09414919794868863)	(70.0, 0.040655335477842815)	(71.0, 0.02567705398600599)	(72.0, 0.01711803599067066)	(73.0, 0.006419263496501498)	(74.0, 0.00855901799533533)	(75.0, 0.00855901799533533)	(76.0, 0.012838526993002995)	(77.0, 0.010698772494169163)	(78.0, 0.006419263496501498)	(79.0, 0.004279508997667665)	(80.0, 0.0021397544988338325)	(81.0, 0.0)	(82.0, 0.0021397544988338325)	(83.0, 0.0)	(84.0, 0.0)	(85.0, 0.0)	(86.0, 0.004279508997667665)	(87.0, 0.0021397544988338325)	(88.0, 0.0021397544988338325)	(89.0, 0.0)	(90.0, 0.0)	(91.0, 0.0)	(92.0, 0.0)	(93.0, 0.0)	(94.0, 0.0021397544988338325)	(95.0, 0.004279508997667665)	(96.0, 0.0)	(97.0, 0.0)	(98.0, 0.0)	(99.0, 0.0021397544988338325)	(100.0, 0.0)
583B14_S132_L001_R1_001	(0.0, 0.0)	(1.0, 0.0)	(2.0, 0.0)	(3.0, 0.0)	(4.0, 0.0)	(5.0, 0.0)	(6.0, 0.0)	(7.0, 0.0)	(8.0, 0.0)	(9.0, 0.0)	(10.0, 0.0)	(11.0, 0.0)	(12.0, 0.0)	(13.0, 0.0)	(14.0, 0.0)	(15.0, 0.0)	(16.0, 0.0)	(17.0, 0.0)	(18.0, 0.0)	(19.0, 0.0)	(20.0, 0.0)	(21.0, 0.0)	(22.0, 0.0)	(23.0, 0.0)	(24.0, 0.0)	(25.0, 0.0)	(26.0, 0.0)	(27.0, 0.0)	(28.0, 0.0)	(29.0, 0.0)	(30.0, 0.0)	(31.0, 0.0)	(32.0, 0.0)	(33.0, 0.0)	(34.0, 0.0)	(35.0, 0.0)	(36.0, 0.0)	(37.0, 0.0)	(38.0, 0.0)	(39.0, 0.002501730363501423)	(40.0, 0.0)	(41.0, 0.0)	(42.0, 0.005003460727002846)	(43.0, 0.002501730363501423)	(44.0, 0.005003460727002846)	(45.0, 0.09006229308605122)	(46.0, 0.3602491723442049)	(47.0, 2.7060383431873727)	(48.0, 3.1021456507417646)	(49.0, 3.4081906652101055)	(50.0, 6.2034573913623605)	(51.0, 15.560762860978835)	(52.0, 18.1425485961123)	(53.0, 14.744364852356217)	(54.0, 16.42636156675034)	(55.0, 6.735492048666998)	(56.0, 2.9520418289316797)	(57.0, 2.183176697215576)	(58.0, 2.2407164955761085)	(59.0, 1.1624707089069943)	(60.0, 0.5320346573046361)	(61.0, 0.5628893317878202)	(62.0, 0.35774744198070346)	(63.0, 0.27268860962165514)	(64.0, 0.10757440563056118)	(65.0, 0.23766438453263516)	(66.0, 1.5360624431898737)	(67.0, 0.325224947255185)	(68.0, 0.030020764362017074)	(69.0, 0.0)	(70.0, 0.005003460727002846)	(71.0, 0.0)	(72.0, 0.0)	(73.0, 0.0)	(74.0, 0.0)	(75.0, 0.0)	(76.0, 0.0)	(77.0, 0.0)	(78.0, 0.0)	(79.0, 0.0)	(80.0, 0.0)	(81.0, 0.0)	(82.0, 0.0)	(83.0, 0.0)	(84.0, 0.0)	(85.0, 0.0)	(86.0, 0.0)	(87.0, 0.0)	(88.0, 0.0)	(89.0, 0.0)	(90.0, 0.0)	(91.0, 0.0)	(92.0, 0.0)	(93.0, 0.0)	(94.0, 0.0)	(95.0, 0.0)	(96.0, 0.0)	(97.0, 0.0)	(98.0, 0.0)	(99.0, 0.0)	(100.0, 0.0)
583B14_S132_L001_R2_001	(0.0, 0.0)	(1.0, 0.0)	(2.0, 0.0)	(3.0, 0.0)	(4.0, 0.0)	(5.0, 0.0)	(6.0, 0.0)	(7.0, 0.0)	(8.0, 0.0)	(9.0, 0.0)	(10.0, 0.0)	(11.0, 0.0)	(12.0, 0.0)	(13.0, 0.0)	(14.0, 0.0)	(15.0, 0.0)	(16.0, 0.0)	(17.0, 0.0)	(18.0, 0.0)	(19.0, 0.0)	(20.0, 0.0)	(21.0, 0.0)	(22.0, 0.0)	(23.0, 0.0)	(24.0, 0.0)	(25.0, 0.0)	(26.0, 0.0)	(27.0, 0.0)	(28.0, 0.0)	(29.0, 0.0)	(30.0, 0.0)	(31.0, 0.0)	(32.0, 0.0)	(33.0, 0.0)	(34.0, 0.0)	(35.0, 0.002459782555222121)	(36.0, 0.0)	(37.0, 0.002459782555222121)	(38.0, 0.002459782555222121)	(39.0, 0.004919565110444242)	(40.0, 0.007379347665666364)	(41.0, 0.014758695331332727)	(42.0, 0.017218477886554846)	(43.0, 0.01967826044177697)	(44.0, 0.03525688329151707)	(45.0, 0.06149456388055303)	(46.0, 0.1935028943441402)	(47.0, 1.2881061314179831)	(48.0, 4.0733999114478285)	(49.0, 4.120135779997049)	(50.0, 3.9971466522359402)	(51.0, 6.051065085846413)	(52.0, 12.250537052524571)	(53.0, 19.178104655548406)	(54.0, 19.483937619914393)	(55.0, 14.113412374346119)	(56.0, 6.38395565831981)	(57.0, 2.0506387235368417)	(58.0, 0.9937521523097366)	(59.0, 0.6051065085846418)	(60.0, 0.33453042751020845)	(61.0, 0.21154129974910238)	(62.0, 0.18776340171528857)	(63.0, 0.2230202850068056)	(64.0, 0.33289057247339365)	(65.0, 0.46735868549220305)	(66.0, 0.4632590479001662)	(67.0, 0.7797510700054123)	(68.0, 1.0659057739295856)	(69.0, 0.5952673783637533)	(70.0, 0.21400108230432455)	(71.0, 0.054115216214886665)	(72.0, 0.025417753070628584)	(73.0, 0.010659057739295857)	(74.0, 0.009839130220888484)	(75.0, 0.007379347665666364)	(76.0, 0.009839130220888484)	(77.0, 0.009839130220888484)	(78.0, 0.002459782555222121)	(79.0, 0.004919565110444242)	(80.0, 0.009839130220888484)	(81.0, 0.004919565110444242)	(82.0, 0.0)	(83.0, 0.0)	(84.0, 0.004919565110444242)	(85.0, 0.002459782555222121)	(86.0, 0.0)	(87.0, 0.0)	(88.0, 0.0)	(89.0, 0.004919565110444242)	(90.0, 0.004919565110444242)	(91.0, 0.0)	(92.0, 0.002459782555222121)	(93.0, 0.004919565110444242)	(94.0, 0.0)	(95.0, 0.0)	(96.0, 0.0)	(97.0, 0.0)	(98.0, 0.0)	(99.0, 0.0)	(100.0, 0.0)
586A0_S109_L001_R1_001	(0.0, 0.0)	(1.0, 0.0)	(2.0, 0.0)	(3.0, 0.0)	(4.0, 0.0)	(5.0, 0.0)	(6.0, 0.0)	(7.0, 0.0)	(8.0, 0.0)	(9.0, 0.0)	(10.0, 0.0)	(11.0, 0.0)	(12.0, 0.0)	(13.0, 0.0)	(14.0, 0.0)	(15.0, 0.0)	(16.0, 0.0)	(17.0, 0.0)	(18.0, 0.0)	(19.0, 0.0)	(20.0, 0.0)	(21.0, 0.0)	(22.0, 0.0)	(23.0, 0.0)	(24.0, 0.0)	(25.0, 0.0)	(26.0, 0.0)	(27.0, 0.0)	(28.0, 0.0)	(29.0, 0.0)	(30.0, 0.0)	(31.0, 0.0)	(32.0, 0.0)	(33.0, 0.0)	(34.0, 0.0)	(35.0, 0.0)	(36.0, 0.0)	(37.0, 0.0)	(38.0, 0.0)	(39.0, 0.005480352934728996)	(40.0, 0.010960705869457993)	(41.0, 0.005480352934728996)	(42.0, 0.005480352934728996)	(43.0, 0.013700882336822491)	(44.0, 0.008220529402093495)	(45.0, 0.010960705869457993)	(46.0, 0.057543705814654456)	(47.0, 0.242048921283864)	(48.0, 0.2895453133848486)	(49.0, 0.7179262344494985)	(50.0, 3.3576295646772967)	(51.0, 9.816225498255424)	(52.0, 15.078277707751045)	(53.0, 19.03600591878117)	(54.0, 22.55621928718876)	(55.0, 10.196196635063302)	(56.0, 6.673243090188342)	(57.0, 2.9155477612758265)	(58.0, 1.1855830182130394)	(59.0, 1.368261449370671)	(60.0, 1.231252626002447)	(61.0, 0.9873769204070076)	(62.0, 0.4850112347235162)	(63.0, 0.21099358798706636)	(64.0, 0.11508741162930891)	(65.0, 0.35348276429002023)	(66.0, 2.551104291116348)	(67.0, 0.47679070532142276)	(68.0, 0.027401764673644982)	(69.0, 0.002740176467364498)	(70.0, 0.0)	(71.0, 0.002740176467364498)	(72.0, 0.005480352934728996)	(73.0, 0.0)	(74.0, 0.0)	(75.0, 0.0)	(76.0, 0.0)	(77.0, 0.0)	(78.0, 0.0)	(79.0, 0.0)	(80.0, 0.0)	(81.0, 0.0)	(82.0, 0.0)	(83.0, 0.0)	(84.0, 0.0)	(85.0, 0.0)	(86.0, 0.0)	(87.0, 0.0)	(88.0, 0.0)	(89.0, 0.0)	(90.0, 0.0)	(91.0, 0.0)	(92.0, 0.0)	(93.0, 0.0)	(94.0, 0.0)	(95.0, 0.0)	(96.0, 0.0)	(97.0, 0.0)	(98.0, 0.0)	(99.0, 0.0)	(100.0, 0.0)
586A0_S109_L001_R2_001	(0.0, 0.0)	(1.0, 0.0)	(2.0, 0.0)	(3.0, 0.0)	(4.0, 0.0)	(5.0, 0.0)	(6.0, 0.0)	(7.0, 0.0)	(8.0, 0.0)	(9.0, 0.0)	(10.0, 0.0)	(11.0, 0.0)	(12.0, 0.0)	(13.0, 0.0)	(14.0, 0.0)	(15.0, 0.0)	(16.0, 0.0)	(17.0, 0.0)	(18.0, 0.0)	(19.0, 0.0)	(20.0, 0.0)	(21.0, 0.0)	(22.0, 0.0)	(23.0, 0.0)	(24.0, 0.0)	(25.0, 0.0)	(26.0, 0.0)	(27.0, 0.0)	(28.0, 0.0)	(29.0, 0.0)	(30.0, 0.0)	(31.0, 0.0)	(32.0, 0.0)	(33.0, 0.0)	(34.0, 0.0)	(35.0, 0.0)	(36.0, 0.002689135891000362)	(37.0, 0.005378271782000724)	(38.0, 0.002689135891000362)	(39.0, 0.008067407673001086)	(40.0, 0.010756543564001448)	(41.0, 0.0116529221943349)	(42.0, 0.017031193976335623)	(43.0, 0.017031193976335623)	(44.0, 0.01613481534600217)	(45.0, 0.026891358910003618)	(46.0, 0.06364288275367522)	(47.0, 0.15865901756902137)	(48.0, 0.37737540337038417)	(49.0, 0.5082466833990684)	(50.0, 0.813015417712443)	(51.0, 2.6174256005736902)	(52.0, 8.754930082466872)	(53.0, 19.531193976335533)	(54.0, 22.177303693079935)	(55.0, 18.225170311939774)	(56.0, 11.3553244890642)	(57.0, 5.462531373252068)	(58.0, 1.6932592326998948)	(59.0, 0.6086410899964153)	(60.0, 0.3737898888490503)	(61.0, 0.22857655073503075)	(62.0, 0.20168519182502714)	(63.0, 0.25994980279670166)	(64.0, 0.3746862674793837)	(65.0, 0.5969881678020805)	(66.0, 0.6247759053424177)	(67.0, 1.1285406955898185)	(68.0, 1.6887773395482273)	(69.0, 1.1832197920401593)	(70.0, 0.4840444603800651)	(71.0, 0.16941556113302278)	(72.0, 0.07260666905700977)	(73.0, 0.04302617425600579)	(74.0, 0.021513087128002897)	(75.0, 0.008067407673001086)	(76.0, 0.021513087128002897)	(77.0, 0.008067407673001086)	(78.0, 0.002689135891000362)	(79.0, 0.005378271782000724)	(80.0, 0.005378271782000724)	(81.0, 0.0)	(82.0, 0.0)	(83.0, 0.008067407673001086)	(84.0, 0.002689135891000362)	(85.0, 0.005378271782000724)	(86.0, 0.008067407673001086)	(87.0, 0.0)	(88.0, 0.0)	(89.0, 0.002689135891000362)	(90.0, 0.002689135891000362)	(91.0, 0.0)	(92.0, 0.0)	(93.0, 0.002689135891000362)	(94.0, 0.0)	(95.0, 0.0)	(96.0, 0.0)	(97.0, 0.0)	(98.0, 0.0)	(99.0, 0.0)	(100.0, 0.0)
586A14_S110_L001_R1_001	(0.0, 0.0)	(1.0, 0.0)	(2.0, 0.0)	(3.0, 0.0)	(4.0, 0.0)	(5.0, 0.0)	(6.0, 0.0)	(7.0, 0.0)	(8.0, 0.0)	(9.0, 0.0)	(10.0, 0.0)	(11.0, 0.0)	(12.0, 0.0)	(13.0, 0.0)	(14.0, 0.0)	(15.0, 0.0)	(16.0, 0.0)	(17.0, 0.0)	(18.0, 0.0)	(19.0, 0.0)	(20.0, 0.0)	(21.0, 0.0)	(22.0, 0.0)	(23.0, 0.0)	(24.0, 0.0)	(25.0, 0.0)	(26.0, 0.0)	(27.0, 0.0)	(28.0, 0.0)	(29.0, 0.0)	(30.0, 0.0)	(31.0, 0.0)	(32.0, 0.0)	(33.0, 0.0)	(34.0, 0.0)	(35.0, 0.0)	(36.0, 0.0)	(37.0, 0.0)	(38.0, 0.0)	(39.0, 0.0)	(40.0, 0.0)	(41.0, 0.0)	(42.0, 0.0)	(43.0, 0.0)	(44.0, 0.0028786919223904657)	(45.0, 0.015353023586082482)	(46.0, 0.0642907862667204)	(47.0, 0.661139578175677)	(48.0, 1.2023336595850844)	(49.0, 3.3373635020246804)	(50.0, 6.807146832479321)	(51.0, 13.721764830061217)	(52.0, 16.31834494405742)	(53.0, 18.20580728117144)	(54.0, 19.103959160957253)	(55.0, 8.12750686088242)	(56.0, 4.621260099410826)	(57.0, 1.9133705644155299)	(58.0, 0.9259792350355998)	(59.0, 0.960523538104285)	(60.0, 0.7484598998215216)	(61.0, 0.6054848676761281)	(62.0, 0.3483217226092464)	(63.0, 0.16120674765386608)	(64.0, 0.10939029305083771)	(65.0, 0.24468881340318957)	(66.0, 1.4911624157982613)	(67.0, 0.2562035810927515)	(68.0, 0.037422994991076056)	(69.0, 0.0057573838447809314)	(70.0, 0.0)	(71.0, 0.0)	(72.0, 0.0)	(73.0, 0.0)	(74.0, 0.0)	(75.0, 0.0028786919223904657)	(76.0, 0.0)	(77.0, 0.0)	(78.0, 0.0)	(79.0, 0.0)	(80.0, 0.0)	(81.0, 0.0)	(82.0, 0.0)	(83.0, 0.0)	(84.0, 0.0)	(85.0, 0.0)	(86.0, 0.0)	(87.0, 0.0)	(88.0, 0.0)	(89.0, 0.0)	(90.0, 0.0)	(91.0, 0.0)	(92.0, 0.0)	(93.0, 0.0)	(94.0, 0.0)	(95.0, 0.0)	(96.0, 0.0)	(97.0, 0.0)	(98.0, 0.0)	(99.0, 0.0)	(100.0, 0.0)
586A14_S110_L001_R2_001	(0.0, 0.0)	(1.0, 0.0)	(2.0, 0.0)	(3.0, 0.0)	(4.0, 0.0)	(5.0, 0.0)	(6.0, 0.0)	(7.0, 0.0)	(8.0, 0.0)	(9.0, 0.0)	(10.0, 0.0)	(11.0, 0.0)	(12.0, 0.0)	(13.0, 0.0)	(14.0, 0.0)	(15.0, 0.0)	(16.0, 0.0)	(17.0, 0.0)	(18.0, 0.0)	(19.0, 0.0)	(20.0, 0.0)	(21.0, 0.0)	(22.0, 0.0)	(23.0, 0.0)	(24.0, 0.0)	(25.0, 0.0)	(26.0, 0.0)	(27.0, 0.0)	(28.0, 0.0)	(29.0, 0.0)	(30.0, 0.0)	(31.0, 0.0)	(32.0, 0.0037969757088479033)	(33.0, 0.0)	(34.0, 0.0)	(35.0, 0.0)	(36.0, 0.0)	(37.0, 0.002847731781635928)	(38.0, 0.002847731781635928)	(39.0, 0.0)	(40.0, 0.005695463563271856)	(41.0, 0.005695463563271856)	(42.0, 0.002847731781635928)	(43.0, 0.002847731781635928)	(44.0, 0.008543195344907783)	(45.0, 0.019934122471451494)	(46.0, 0.0626500991959904)	(47.0, 0.2050366882777868)	(48.0, 0.8410301195098103)	(49.0, 1.0574577349141407)	(50.0, 1.2397125689388393)	(51.0, 3.6574368515477413)	(52.0, 12.02597131384857)	(53.0, 24.52276761559414)	(54.0, 23.206166288551138)	(55.0, 15.111963321214658)	(56.0, 8.047690014903132)	(57.0, 3.518847238174795)	(58.0, 1.144788176217643)	(59.0, 0.46323103647944425)	(60.0, 0.2933163735085006)	(61.0, 0.16706693118930777)	(62.0, 0.18605180973354726)	(63.0, 0.17655937046142753)	(64.0, 0.28762090994522865)	(65.0, 0.37969757088479034)	(66.0, 0.3787483269575784)	(67.0, 0.6872526033014705)	(68.0, 1.0992244677114682)	(69.0, 0.7119329454089819)	(70.0, 0.24775266500232573)	(71.0, 0.07404102632253412)	(72.0, 0.045563708506174846)	(73.0, 0.02562958603472335)	(74.0, 0.011390927126543712)	(75.0, 0.002847731781635928)	(76.0, 0.008543195344907783)	(77.0, 0.002847731781635928)	(78.0, 0.008543195344907783)	(79.0, 0.017086390689815566)	(80.0, 0.002847731781635928)	(81.0, 0.005695463563271856)	(82.0, 0.008543195344907783)	(83.0, 0.002847731781635928)	(84.0, 0.002847731781635928)	(85.0, 0.002847731781635928)	(86.0, 0.0)	(87.0, 0.0)	(88.0, 0.0)	(89.0, 0.0)	(90.0, 0.0)	(91.0, 0.0)	(92.0, 0.0)	(93.0, 0.002847731781635928)	(94.0, 0.0)	(95.0, 0.0)	(96.0, 0.0)	(97.0, 0.0)	(98.0, 0.0)	(99.0, 0.0)	(100.0, 0.0)
586B0_S111_L001_R1_001	(0.0, 0.0)	(1.0, 0.0)	(2.0, 0.0)	(3.0, 0.0)	(4.0, 0.0)	(5.0, 0.0)	(6.0, 0.0)	(7.0, 0.0)	(8.0, 0.0)	(9.0, 0.0)	(10.0, 0.0)	(11.0, 0.0)	(12.0, 0.0)	(13.0, 0.0)	(14.0, 0.0)	(15.0, 0.0)	(16.0, 0.0)	(17.0, 0.0)	(18.0, 0.0)	(19.0, 0.0)	(20.0, 0.0)	(21.0, 0.0)	(22.0, 0.0)	(23.0, 0.0)	(24.0, 0.0)	(25.0, 0.0)	(26.0, 0.0)	(27.0, 0.0)	(28.0, 0.0)	(29.0, 0.0)	(30.0, 0.0)	(31.0, 0.0)	(32.0, 0.0)	(33.0, 0.0)	(34.0, 0.0)	(35.0, 0.0)	(36.0, 0.0)	(37.0, 0.0)	(38.0, 0.0)	(39.0, 0.0)	(40.0, 0.0)	(41.0, 0.0)	(42.0, 0.0028277877274012634)	(43.0, 0.0028277877274012634)	(44.0, 0.0028277877274012634)	(45.0, 0.0028277877274012634)	(46.0, 0.036761240456216426)	(47.0, 0.11688189273258558)	(48.0, 0.11593929682345179)	(49.0, 0.4420774813837308)	(50.0, 2.3470638137430484)	(51.0, 6.158921670279951)	(52.0, 14.551795645206903)	(53.0, 18.824582901310208)	(54.0, 19.96323875954378)	(55.0, 8.554057875388825)	(56.0, 5.201244226600052)	(57.0, 3.1397869733245374)	(58.0, 1.8625695164482998)	(59.0, 1.7089263832594972)	(60.0, 1.4204920350645676)	(61.0, 1.7098689791686308)	(62.0, 0.9821849373173721)	(63.0, 0.6136299368460741)	(64.0, 0.6249410877556792)	(65.0, 1.190498633235932)	(66.0, 8.189273258554058)	(67.0, 2.038834951456311)	(68.0, 0.15552832500706948)	(69.0, 0.016966726364407582)	(70.0, 0.011311150909605053)	(71.0, 0.005655575454802527)	(72.0, 0.005655575454802527)	(73.0, 0.0)	(74.0, 0.0)	(75.0, 0.0)	(76.0, 0.0)	(77.0, 0.0)	(78.0, 0.0)	(79.0, 0.0)	(80.0, 0.0)	(81.0, 0.0)	(82.0, 0.0)	(83.0, 0.0)	(84.0, 0.0)	(85.0, 0.0)	(86.0, 0.0)	(87.0, 0.0)	(88.0, 0.0)	(89.0, 0.0)	(90.0, 0.0)	(91.0, 0.0)	(92.0, 0.0)	(93.0, 0.0)	(94.0, 0.0)	(95.0, 0.0)	(96.0, 0.0)	(97.0, 0.0)	(98.0, 0.0)	(99.0, 0.0)	(100.0, 0.0)
586B0_S111_L001_R2_001	(0.0, 0.0)	(1.0, 0.0)	(2.0, 0.0)	(3.0, 0.0)	(4.0, 0.0)	(5.0, 0.0)	(6.0, 0.0)	(7.0, 0.0)	(8.0, 0.0)	(9.0, 0.0)	(10.0, 0.0)	(11.0, 0.0)	(12.0, 0.0)	(13.0, 0.0)	(14.0, 0.0)	(15.0, 0.0)	(16.0, 0.0)	(17.0, 0.0)	(18.0, 0.0)	(19.0, 0.0)	(20.0, 0.0)	(21.0, 0.0)	(22.0, 0.0)	(23.0, 0.0)	(24.0, 0.0)	(25.0, 0.0)	(26.0, 0.0)	(27.0, 0.0)	(28.0, 0.0)	(29.0, 0.0)	(30.0, 0.0)	(31.0, 0.0)	(32.0, 0.0)	(33.0, 0.0)	(34.0, 0.0027363025256072326)	(35.0, 0.0027363025256072326)	(36.0, 0.0)	(37.0, 0.0)	(38.0, 0.0027363025256072326)	(39.0, 0.0027363025256072326)	(40.0, 0.0027363025256072326)	(41.0, 0.0027363025256072326)	(42.0, 0.0)	(43.0, 0.0)	(44.0, 0.0027363025256072326)	(45.0, 0.013681512628036161)	(46.0, 0.044692941251584795)	(47.0, 0.07205596650765711)	(48.0, 0.20795899194614967)	(49.0, 0.3867307569524887)	(50.0, 1.1884673969554054)	(51.0, 3.9986500907540243)	(52.0, 10.520171110117976)	(53.0, 17.856198181270887)	(54.0, 19.972272134407163)	(55.0, 15.00497094958819)	(56.0, 7.401698331767563)	(57.0, 2.89683227377619)	(58.0, 1.1829947919041934)	(59.0, 0.4660835301950986)	(60.0, 0.39676386621304865)	(61.0, 0.2845754626631522)	(62.0, 0.2973448744493193)	(63.0, 0.3830823535850125)	(64.0, 0.7141749591834878)	(65.0, 1.1775221868529777)	(66.0, 1.267820170198016)	(67.0, 2.414330928427449)	(68.0, 4.721946058356213)	(69.0, 4.055200342949918)	(70.0, 1.9017302552970268)	(71.0, 0.6211406733128417)	(72.0, 0.23076151299287664)	(73.0, 0.0848253782938242)	(74.0, 0.04104453788410849)	(75.0, 0.02189042020485786)	(76.0, 0.024626722730465088)	(77.0, 0.019154117679250626)	(78.0, 0.02189042020485786)	(79.0, 0.008208907576821698)	(80.0, 0.016417815153643395)	(81.0, 0.0027363025256072326)	(82.0, 0.01094521010242893)	(83.0, 0.005472605051214465)	(84.0, 0.013681512628036161)	(85.0, 0.01094521010242893)	(86.0, 0.008208907576821698)	(87.0, 0.005472605051214465)	(88.0, 0.0)	(89.0, 0.0027363025256072326)	(90.0, 0.0)	(91.0, 0.0)	(92.0, 0.0)	(93.0, 0.0)	(94.0, 0.0)	(95.0, 0.0)	(96.0, 0.0)	(97.0, 0.0027363025256072326)	(98.0, 0.0)	(99.0, 0.0)	(100.0, 0.0)
586B14_S112_L001_R1_001	(0.0, 0.0)	(1.0, 0.0)	(2.0, 0.0)	(3.0, 0.0)	(4.0, 0.0)	(5.0, 0.0)	(6.0, 0.0)	(7.0, 0.0)	(8.0, 0.0)	(9.0, 0.0)	(10.0, 0.0)	(11.0, 0.0)	(12.0, 0.0)	(13.0, 0.0)	(14.0, 0.0)	(15.0, 0.0)	(16.0, 0.0)	(17.0, 0.0)	(18.0, 0.0)	(19.0, 0.0)	(20.0, 0.0)	(21.0, 0.0)	(22.0, 0.0)	(23.0, 0.0)	(24.0, 0.0)	(25.0, 0.0)	(26.0, 0.0)	(27.0, 0.0)	(28.0, 0.0)	(29.0, 0.0)	(30.0, 0.0)	(31.0, 0.0)	(32.0, 0.0)	(33.0, 0.0)	(34.0, 0.0)	(35.0, 0.0)	(36.0, 0.0)	(37.0, 0.0)	(38.0, 0.0)	(39.0, 0.0)	(40.0, 0.0)	(41.0, 0.0034693311129614214)	(42.0, 0.021972430382089)	(43.0, 0.011564437043204737)	(44.0, 0.02081598667776853)	(45.0, 0.05666574151170323)	(46.0, 0.07401239707651032)	(47.0, 0.18734388009991676)	(48.0, 0.20122120455176246)	(49.0, 0.5944120640207236)	(50.0, 2.7280506984919977)	(51.0, 6.604449995374225)	(52.0, 16.047969284855217)	(53.0, 21.955083726524194)	(54.0, 20.126746229993522)	(55.0, 9.485151262836528)	(56.0, 4.918355074474975)	(57.0, 2.5337681561661585)	(58.0, 1.4605883985567578)	(59.0, 1.7034415764640556)	(60.0, 1.445554630400591)	(61.0, 1.4143306503839392)	(62.0, 0.8210750300675365)	(63.0, 0.3816264224257564)	(64.0, 0.3850957535387178)	(65.0, 0.9367194004995838)	(66.0, 4.458090480155427)	(67.0, 1.252428531779073)	(68.0, 0.131834582292534)	(69.0, 0.02775464890369137)	(70.0, 0.006938662225922843)	(71.0, 0.0034693311129614214)	(72.0, 0.0)	(73.0, 0.0)	(74.0, 0.0)	(75.0, 0.0)	(76.0, 0.0)	(77.0, 0.0)	(78.0, 0.0)	(79.0, 0.0)	(80.0, 0.0)	(81.0, 0.0)	(82.0, 0.0)	(83.0, 0.0)	(84.0, 0.0)	(85.0, 0.0)	(86.0, 0.0)	(87.0, 0.0)	(88.0, 0.0)	(89.0, 0.0)	(90.0, 0.0)	(91.0, 0.0)	(92.0, 0.0)	(93.0, 0.0)	(94.0, 0.0)	(95.0, 0.0)	(96.0, 0.0)	(97.0, 0.0)	(98.0, 0.0)	(99.0, 0.0)	(100.0, 0.0)
586B14_S112_L001_R2_001	(0.0, 0.0)	(1.0, 0.0)	(2.0, 0.0)	(3.0, 0.0)	(4.0, 0.0)	(5.0, 0.0)	(6.0, 0.0)	(7.0, 0.0)	(8.0, 0.0)	(9.0, 0.0)	(10.0, 0.0)	(11.0, 0.0)	(12.0, 0.0)	(13.0, 0.0)	(14.0, 0.0)	(15.0, 0.0)	(16.0, 0.0)	(17.0, 0.0)	(18.0, 0.0)	(19.0, 0.0)	(20.0, 0.0)	(21.0, 0.0)	(22.0, 0.0)	(23.0, 0.0)	(24.0, 0.0)	(25.0, 0.0)	(26.0, 0.0)	(27.0, 0.0)	(28.0, 0.0)	(29.0, 0.0)	(30.0, 0.0)	(31.0, 0.0)	(32.0, 0.0)	(33.0, 0.0)	(34.0, 0.0)	(35.0, 0.0)	(36.0, 0.0)	(37.0, 0.0)	(38.0, 0.004508515458572381)	(39.0, 0.0)	(40.0, 0.0)	(41.0, 0.010144159781787856)	(42.0, 0.010144159781787856)	(43.0, 0.013525546375717143)	(44.0, 0.030432479345363573)	(45.0, 0.03494099480393594)	(46.0, 0.05072079890893928)	(47.0, 0.15328952559146092)	(48.0, 0.32912162847578375)	(49.0, 0.4350717417522346)	(50.0, 1.0437213286595064)	(51.0, 3.250639645630693)	(52.0, 9.725994973005298)	(53.0, 17.972069746734114)	(54.0, 21.085199670878342)	(55.0, 16.11230712007304)	(56.0, 9.666257143179186)	(57.0, 4.819603025213875)	(58.0, 1.8575083689318206)	(59.0, 0.7777189166037357)	(60.0, 0.4936824427136757)	(61.0, 0.35053707690400254)	(62.0, 0.25247686568005334)	(63.0, 0.2727651852436291)	(64.0, 0.5049537313601066)	(65.0, 0.8464737773469647)	(66.0, 0.8160412980016012)	(67.0, 1.2139177872206133)	(68.0, 2.1821214819490327)	(69.0, 2.547311234093395)	(70.0, 1.7831178638653762)	(71.0, 0.686421478567645)	(72.0, 0.2569853811386257)	(73.0, 0.11496714419359572)	(74.0, 0.06424634528465642)	(75.0, 0.03719525253322214)	(76.0, 0.027051092751434285)	(77.0, 0.03381386593929285)	(78.0, 0.020288319563575713)	(79.0, 0.027051092751434285)	(80.0, 0.016906932969646425)	(81.0, 0.020288319563575713)	(82.0, 0.010144159781787856)	(83.0, 0.006762773187858571)	(84.0, 0.0)	(85.0, 0.0033813865939292856)	(86.0, 0.0033813865939292856)	(87.0, 0.0)	(88.0, 0.0)	(89.0, 0.0033813865939292856)	(90.0, 0.0)	(91.0, 0.0033813865939292856)	(92.0, 0.0)	(93.0, 0.0033813865939292856)	(94.0, 0.0)	(95.0, 0.0)	(96.0, 0.0)	(97.0, 0.0)	(98.0, 0.0033813865939292856)	(99.0, 0.006762773187858571)	(100.0, 0.004508515458572381)
597A0_S121_L001_R1_001	(0.0, 0.0)	(1.0, 0.0)	(2.0, 0.0)	(3.0, 0.0)	(4.0, 0.0)	(5.0, 0.0)	(6.0, 0.0)	(7.0, 0.0)	(8.0, 0.0)	(9.0, 0.0)	(10.0, 0.0)	(11.0, 0.0)	(12.0, 0.0)	(13.0, 0.0)	(14.0, 0.0)	(15.0, 0.0)	(16.0, 0.0)	(17.0, 0.0)	(18.0, 0.0)	(19.0, 0.0)	(20.0, 0.0)	(21.0, 0.0)	(22.0, 0.0)	(23.0, 0.0)	(24.0, 0.0)	(25.0, 0.0)	(26.0, 0.0)	(27.0, 0.0)	(28.0, 0.0)	(29.0, 0.0)	(30.0, 0.0)	(31.0, 0.0)	(32.0, 0.0)	(33.0, 0.0)	(34.0, 0.0)	(35.0, 0.0)	(36.0, 0.0)	(37.0, 0.0)	(38.0, 0.0)	(39.0, 0.0)	(40.0, 0.0024478006511149727)	(41.0, 0.0)	(42.0, 0.0)	(43.0, 0.0024478006511149727)	(44.0, 0.0024478006511149727)	(45.0, 0.007343401953344919)	(46.0, 0.036717009766724595)	(47.0, 0.17379384622916305)	(48.0, 0.13626090291206683)	(49.0, 0.20235152049217112)	(50.0, 0.9913592637015639)	(51.0, 5.521422335365005)	(52.0, 13.450664577876775)	(53.0, 34.561313326642676)	(54.0, 28.974616307247942)	(55.0, 8.459599050253349)	(56.0, 2.801915811976272)	(57.0, 1.0370515425223763)	(58.0, 1.1390432363188339)	(59.0, 1.0892712897461627)	(60.0, 0.18358504883362295)	(61.0, 0.22519765990257748)	(62.0, 0.1077032286490588)	(63.0, 0.08812082344013902)	(64.0, 0.08567302278902404)	(65.0, 0.08567302278902404)	(66.0, 0.5042469341296844)	(67.0, 0.11015102930017377)	(68.0, 0.00979120260445989)	(69.0, 0.004895601302229945)	(70.0, 0.0)	(71.0, 0.0)	(72.0, 0.0)	(73.0, 0.0)	(74.0, 0.0)	(75.0, 0.0)	(76.0, 0.0)	(77.0, 0.0)	(78.0, 0.0)	(79.0, 0.0)	(80.0, 0.0)	(81.0, 0.0)	(82.0, 0.0)	(83.0, 0.0)	(84.0, 0.0)	(85.0, 0.0)	(86.0, 0.0)	(87.0, 0.0024478006511149727)	(88.0, 0.0024478006511149727)	(89.0, 0.0)	(90.0, 0.0)	(91.0, 0.0)	(92.0, 0.0)	(93.0, 0.0)	(94.0, 0.0)	(95.0, 0.0)	(96.0, 0.0)	(97.0, 0.0)	(98.0, 0.0)	(99.0, 0.0)	(100.0, 0.0)
597A0_S121_L001_R2_001	(0.0, 0.0)	(1.0, 0.0)	(2.0, 0.0)	(3.0, 0.0)	(4.0, 0.0)	(5.0, 0.0)	(6.0, 0.0)	(7.0, 0.0)	(8.0, 0.0)	(9.0, 0.0)	(10.0, 0.0)	(11.0, 0.0)	(12.0, 0.0)	(13.0, 0.0)	(14.0, 0.0)	(15.0, 0.0)	(16.0, 0.0)	(17.0, 0.0)	(18.0, 0.0)	(19.0, 0.0)	(20.0, 0.0)	(21.0, 0.0)	(22.0, 0.0)	(23.0, 0.0)	(24.0, 0.0)	(25.0, 0.0)	(26.0, 0.0)	(27.0, 0.0)	(28.0, 0.002370286093531489)	(29.0, 0.002370286093531489)	(30.0, 0.0)	(31.0, 0.0)	(32.0, 0.0)	(33.0, 0.0)	(34.0, 0.002370286093531489)	(35.0, 0.002370286093531489)	(36.0, 0.002370286093531489)	(37.0, 0.002370286093531489)	(38.0, 0.004740572187062978)	(39.0, 0.007110858280594467)	(40.0, 0.008691049009615459)	(41.0, 0.009481144374125956)	(42.0, 0.007110858280594467)	(43.0, 0.009481144374125956)	(44.0, 0.011851430467657444)	(45.0, 0.01264152583216794)	(46.0, 0.040294863590035306)	(47.0, 0.07584915499300765)	(48.0, 0.23781870471765937)	(49.0, 0.3350004345524504)	(50.0, 0.5981021909344463)	(51.0, 1.8685755370673276)	(52.0, 7.727132664912692)	(53.0, 20.876689816460782)	(54.0, 34.389690835683915)	(55.0, 21.308081885483567)	(56.0, 6.083734306730821)	(57.0, 1.6939644615105043)	(58.0, 1.2112161937945904)	(59.0, 0.9291521486643435)	(60.0, 0.36976463059091225)	(61.0, 0.2646819471110162)	(62.0, 0.1896228874825191)	(63.0, 0.17698136165035114)	(64.0, 0.19436345966958207)	(65.0, 0.1714506940987777)	(66.0, 0.15011811925699428)	(67.0, 0.2954956663269256)	(68.0, 0.3444815789265763)	(69.0, 0.19910403185664505)	(70.0, 0.061627438431818705)	(71.0, 0.0213325748417834)	(72.0, 0.018962288748251913)	(73.0, 0.004740572187062978)	(74.0, 0.009481144374125956)	(75.0, 0.011851430467657444)	(76.0, 0.002370286093531489)	(77.0, 0.002370286093531489)	(78.0, 0.0)	(79.0, 0.002370286093531489)	(80.0, 0.004740572187062978)	(81.0, 0.007110858280594467)	(82.0, 0.007110858280594467)	(83.0, 0.002370286093531489)	(84.0, 0.0)	(85.0, 0.004740572187062978)	(86.0, 0.004740572187062978)	(87.0, 0.002370286093531489)	(88.0, 0.002370286093531489)	(89.0, 0.0)	(90.0, 0.002370286093531489)	(91.0, 0.002370286093531489)	(92.0, 0.002370286093531489)	(93.0, 0.0)	(94.0, 0.0)	(95.0, 0.0)	(96.0, 0.0)	(97.0, 0.0)	(98.0, 0.0)	(99.0, 0.002370286093531489)	(100.0, 0.003160381458041985)
597A14_S122_L001_R1_001	(0.0, 0.0)	(1.0, 0.0)	(2.0, 0.0)	(3.0, 0.0)	(4.0, 0.0)	(5.0, 0.0)	(6.0, 0.0)	(7.0, 0.0)	(8.0, 0.0)	(9.0, 0.0)	(10.0, 0.0)	(11.0, 0.0)	(12.0, 0.0)	(13.0, 0.0)	(14.0, 0.0)	(15.0, 0.0)	(16.0, 0.0)	(17.0, 0.0)	(18.0, 0.0)	(19.0, 0.0)	(20.0, 0.0)	(21.0, 0.0)	(22.0, 0.0)	(23.0, 0.0)	(24.0, 0.0)	(25.0, 0.0)	(26.0, 0.0)	(27.0, 0.0)	(28.0, 0.0)	(29.0, 0.0)	(30.0, 0.0)	(31.0, 0.0)	(32.0, 0.0)	(33.0, 0.0)	(34.0, 0.0)	(35.0, 0.0)	(36.0, 0.0)	(37.0, 0.0)	(38.0, 0.0)	(39.0, 0.0)	(40.0, 0.0)	(41.0, 0.0)	(42.0, 0.0027002700270027007)	(43.0, 0.0027002700270027007)	(44.0, 0.0027002700270027007)	(45.0, 0.008100810081008103)	(46.0, 0.19531953195319537)	(47.0, 1.7281728172817283)	(48.0, 1.0990099009900989)	(49.0, 0.9864986498649864)	(50.0, 2.2205220522052214)	(51.0, 9.000000000000004)	(52.0, 14.71917191719172)	(53.0, 22.14491449144914)	(54.0, 21.57785778577857)	(55.0, 13.212421242124217)	(56.0, 4.586858685868587)	(57.0, 2.5157515751575166)	(58.0, 1.9981998199819984)	(59.0, 1.2871287128712872)	(60.0, 0.44374437443744374)	(61.0, 0.35553555355535565)	(62.0, 0.27902790279027906)	(63.0, 0.32673267326732675)	(64.0, 0.2700270027002701)	(65.0, 0.18091809180918095)	(66.0, 0.7344734473447346)	(67.0, 0.10531053105310532)	(68.0, 0.008100810081008103)	(69.0, 0.0027002700270027007)	(70.0, 0.0027002700270027007)	(71.0, 0.0027002700270027007)	(72.0, 0.0)	(73.0, 0.0)	(74.0, 0.0)	(75.0, 0.0)	(76.0, 0.0)	(77.0, 0.0)	(78.0, 0.0)	(79.0, 0.0)	(80.0, 0.0)	(81.0, 0.0)	(82.0, 0.0)	(83.0, 0.0)	(84.0, 0.0)	(85.0, 0.0)	(86.0, 0.0)	(87.0, 0.0)	(88.0, 0.0)	(89.0, 0.0)	(90.0, 0.0)	(91.0, 0.0)	(92.0, 0.0)	(93.0, 0.0)	(94.0, 0.0)	(95.0, 0.0)	(96.0, 0.0)	(97.0, 0.0)	(98.0, 0.0)	(99.0, 0.0)	(100.0, 0.0)
597A14_S122_L001_R2_001	(0.0, 0.0)	(1.0, 0.0)	(2.0, 0.0)	(3.0, 0.0)	(4.0, 0.0)	(5.0, 0.0)	(6.0, 0.0)	(7.0, 0.0)	(8.0, 0.0)	(9.0, 0.0)	(10.0, 0.0)	(11.0, 0.0)	(12.0, 0.0)	(13.0, 0.0)	(14.0, 0.0)	(15.0, 0.0)	(16.0, 0.0)	(17.0, 0.0)	(18.0, 0.0)	(19.0, 0.0)	(20.0, 0.0)	(21.0, 0.0)	(22.0, 0.0)	(23.0, 0.0)	(24.0, 0.0)	(25.0, 0.0)	(26.0, 0.0)	(27.0, 0.0)	(28.0, 0.0)	(29.0, 0.0)	(30.0, 0.0)	(31.0, 0.0)	(32.0, 0.0)	(33.0, 0.0)	(34.0, 0.0)	(35.0, 0.003535567812190639)	(36.0, 0.003535567812190639)	(37.0, 0.0)	(38.0, 0.0)	(39.0, 0.0)	(40.0, 0.005303351718285959)	(41.0, 0.010606703436571918)	(42.0, 0.010606703436571918)	(43.0, 0.016793947107905535)	(44.0, 0.020329514920096173)	(45.0, 0.036239570074954056)	(46.0, 0.1582166595955311)	(47.0, 0.6169565832272668)	(48.0, 1.7218215245368416)	(49.0, 1.3214184698062508)	(50.0, 1.2781077641069147)	(51.0, 3.7238367981897875)	(52.0, 10.428157262056342)	(53.0, 22.319155706406384)	(54.0, 26.956052892094473)	(55.0, 18.32484797058408)	(56.0, 5.586197143261209)	(57.0, 1.6192900579833125)	(58.0, 1.1570145665393865)	(59.0, 0.8282067600056573)	(60.0, 0.45078489605430644)	(61.0, 0.2722387215386791)	(62.0, 0.2527930985716307)	(63.0, 0.39068024324706563)	(64.0, 0.39951916277754224)	(65.0, 0.29080045255268006)	(66.0, 0.2625159100551549)	(67.0, 0.4242681374628767)	(68.0, 0.5435935511243108)	(69.0, 0.31554942723801455)	(70.0, 0.1034153585065762)	(71.0, 0.04507848960543065)	(72.0, 0.015910055154857876)	(73.0, 0.015910055154857876)	(74.0, 0.0026516758591429795)	(75.0, 0.007955027577428938)	(76.0, 0.0)	(77.0, 0.0026516758591429795)	(78.0, 0.0026516758591429795)	(79.0, 0.005303351718285959)	(80.0, 0.0)	(81.0, 0.005303351718285959)	(82.0, 0.007955027577428938)	(83.0, 0.005303351718285959)	(84.0, 0.0026516758591429795)	(85.0, 0.0026516758591429795)	(86.0, 0.007955027577428938)	(87.0, 0.0026516758591429795)	(88.0, 0.0)	(89.0, 0.0)	(90.0, 0.0)	(91.0, 0.0026516758591429795)	(92.0, 0.0026516758591429795)	(93.0, 0.0)	(94.0, 0.0)	(95.0, 0.0)	(96.0, 0.0)	(97.0, 0.0)	(98.0, 0.0)	(99.0, 0.0026516758591429795)	(100.0, 0.007071135624381278)
597B0_S123_L001_R1_001	(0.0, 0.0)	(1.0, 0.0)	(2.0, 0.0)	(3.0, 0.0)	(4.0, 0.0)	(5.0, 0.0)	(6.0, 0.0)	(7.0, 0.0)	(8.0, 0.0)	(9.0, 0.0)	(10.0, 0.0)	(11.0, 0.0)	(12.0, 0.0)	(13.0, 0.0)	(14.0, 0.0)	(15.0, 0.0)	(16.0, 0.0)	(17.0, 0.0)	(18.0, 0.0)	(19.0, 0.0)	(20.0, 0.0)	(21.0, 0.0)	(22.0, 0.0)	(23.0, 0.0)	(24.0, 0.0)	(25.0, 0.0)	(26.0, 0.0)	(27.0, 0.0)	(28.0, 0.0)	(29.0, 0.0)	(30.0, 0.0)	(31.0, 0.0)	(32.0, 0.0)	(33.0, 0.0)	(34.0, 0.0)	(35.0, 0.0)	(36.0, 0.0)	(37.0, 0.0)	(38.0, 0.0)	(39.0, 0.0)	(40.0, 0.0)	(41.0, 0.0)	(42.0, 0.0)	(43.0, 0.0)	(44.0, 0.0)	(45.0, 0.0)	(46.0, 0.013296693555535857)	(47.0, 0.093076854888751)	(48.0, 0.06648346777767929)	(49.0, 0.186153709777502)	(50.0, 0.13296693555535857)	(51.0, 2.872085807995745)	(52.0, 8.017906213988123)	(53.0, 22.82155837248471)	(54.0, 36.87616346068611)	(55.0, 16.87793635316018)	(56.0, 3.7851254321425403)	(57.0, 0.9706586295541177)	(58.0, 1.3473982802943003)	(59.0, 3.2399609963655713)	(60.0, 0.744614839110008)	(61.0, 0.093076854888751)	(62.0, 0.06648346777767929)	(63.0, 0.10637354844428686)	(64.0, 0.15956032266643028)	(65.0, 0.10637354844428686)	(66.0, 0.30582395177732474)	(67.0, 1.0105487102207251)	(68.0, 0.093076854888751)	(69.0, 0.013296693555535857)	(70.0, 0.0)	(71.0, 0.0)	(72.0, 0.0)	(73.0, 0.0)	(74.0, 0.0)	(75.0, 0.0)	(76.0, 0.0)	(77.0, 0.0)	(78.0, 0.0)	(79.0, 0.0)	(80.0, 0.0)	(81.0, 0.0)	(82.0, 0.0)	(83.0, 0.0)	(84.0, 0.0)	(85.0, 0.0)	(86.0, 0.0)	(87.0, 0.0)	(88.0, 0.0)	(89.0, 0.0)	(90.0, 0.0)	(91.0, 0.0)	(92.0, 0.0)	(93.0, 0.0)	(94.0, 0.0)	(95.0, 0.0)	(96.0, 0.0)	(97.0, 0.0)	(98.0, 0.0)	(99.0, 0.0)	(100.0, 0.0)
597B0_S123_L001_R2_001	(0.0, 0.0)	(1.0, 0.0)	(2.0, 0.0)	(3.0, 0.0)	(4.0, 0.0)	(5.0, 0.0)	(6.0, 0.0)	(7.0, 0.0)	(8.0, 0.0)	(9.0, 0.0)	(10.0, 0.0)	(11.0, 0.0)	(12.0, 0.0)	(13.0, 0.0)	(14.0, 0.0)	(15.0, 0.0)	(16.0, 0.0)	(17.0, 0.0)	(18.0, 0.0)	(19.0, 0.0)	(20.0, 0.0)	(21.0, 0.0)	(22.0, 0.0)	(23.0, 0.0)	(24.0, 0.0)	(25.0, 0.0)	(26.0, 0.0)	(27.0, 0.0)	(28.0, 0.0)	(29.0, 0.0)	(30.0, 0.0)	(31.0, 0.0)	(32.0, 0.0)	(33.0, 0.0)	(34.0, 0.0)	(35.0, 0.0)	(36.0, 0.0)	(37.0, 0.0)	(38.0, 0.0)	(39.0, 0.0)	(40.0, 0.0)	(41.0, 0.0)	(42.0, 0.013919175984781701)	(43.0, 0.01855890131304227)	(44.0, 0.03247807729782397)	(45.0, 0.0)	(46.0, 0.10207395722173246)	(47.0, 0.08351505590869021)	(48.0, 0.139191759847817)	(49.0, 0.310861596993458)	(50.0, 0.8583491857282052)	(51.0, 3.7164199879367157)	(52.0, 11.070384633229718)	(53.0, 29.20707094140026)	(54.0, 32.046582842295734)	(55.0, 11.362687328910127)	(56.0, 2.519370853245488)	(57.0, 1.5311093583259872)	(58.0, 2.6956804157193894)	(59.0, 1.299123091912959)	(60.0, 0.34797939961954255)	(61.0, 0.1809492878021621)	(62.0, 0.18558901313042267)	(63.0, 0.2412657170695495)	(64.0, 0.09743423189347192)	(65.0, 0.10207395722173246)	(66.0, 0.25054516772607066)	(67.0, 0.4593328074977961)	(68.0, 0.7237971512086484)	(69.0, 0.2644643437108523)	(70.0, 0.041757527954345106)	(71.0, 0.013919175984781701)	(72.0, 0.0)	(73.0, 0.0)	(74.0, 0.013919175984781701)	(75.0, 0.013919175984781701)	(76.0, 0.0)	(77.0, 0.0)	(78.0, 0.013919175984781701)	(79.0, 0.013919175984781701)	(80.0, 0.0)	(81.0, 0.0)	(82.0, 0.0)	(83.0, 0.0)	(84.0, 0.0)	(85.0, 0.0)	(86.0, 0.0)	(87.0, 0.0)	(88.0, 0.0)	(89.0, 0.0)	(90.0, 0.0)	(91.0, 0.013919175984781701)	(92.0, 0.013919175984781701)	(93.0, 0.0)	(94.0, 0.0)	(95.0, 0.0)	(96.0, 0.0)	(97.0, 0.0)	(98.0, 0.0)	(99.0, 0.0)	(100.0, 0.0)
597B14_S124_L001_R1_001	(0.0, 0.0)	(1.0, 0.0)	(2.0, 0.0)	(3.0, 0.0)	(4.0, 0.0)	(5.0, 0.0)	(6.0, 0.0)	(7.0, 0.0)	(8.0, 0.0)	(9.0, 0.0)	(10.0, 0.0)	(11.0, 0.0)	(12.0, 0.0)	(13.0, 0.0)	(14.0, 0.0)	(15.0, 0.0)	(16.0, 0.0)	(17.0, 0.0)	(18.0, 0.0)	(19.0, 0.0)	(20.0, 0.0)	(21.0, 0.0)	(22.0, 0.0)	(23.0, 0.0)	(24.0, 0.0)	(25.0, 0.0)	(26.0, 0.0)	(27.0, 0.0)	(28.0, 0.0)	(29.0, 0.0)	(30.0, 0.0)	(31.0, 0.0)	(32.0, 0.0)	(33.0, 0.0)	(34.0, 0.0)	(35.0, 0.0)	(36.0, 0.0)	(37.0, 0.0)	(38.0, 0.0)	(39.0, 0.0)	(40.0, 0.005291471911103272)	(41.0, 0.002645735955551636)	(42.0, 0.002645735955551636)	(43.0, 0.007937207866654906)	(44.0, 0.005291471911103272)	(45.0, 0.026457359555516355)	(46.0, 0.6111650057324278)	(47.0, 3.3997707028838517)	(48.0, 3.1457800511508953)	(49.0, 3.059352676602875)	(50.0, 3.2754211129729245)	(51.0, 10.727577387776712)	(52.0, 13.569097804039156)	(53.0, 18.172678366698996)	(54.0, 17.772290325425516)	(55.0, 9.683393597318988)	(56.0, 4.404268454008288)	(57.0, 3.506482053091104)	(58.0, 3.682864450127876)	(59.0, 2.700414498633038)	(60.0, 0.47005908810300717)	(61.0, 0.4047976011994002)	(62.0, 0.23899814798483107)	(63.0, 0.11729429402945585)	(64.0, 0.05291471911103271)	(65.0, 0.13493253373313344)	(66.0, 0.6640797248434606)	(67.0, 0.13493253373313344)	(68.0, 0.013228679777758177)	(69.0, 0.002645735955551636)	(70.0, 0.005291471911103272)	(71.0, 0.0)	(72.0, 0.0)	(73.0, 0.0)	(74.0, 0.0)	(75.0, 0.0)	(76.0, 0.0)	(77.0, 0.0)	(78.0, 0.0)	(79.0, 0.0)	(80.0, 0.0)	(81.0, 0.0)	(82.0, 0.0)	(83.0, 0.0)	(84.0, 0.0)	(85.0, 0.0)	(86.0, 0.0)	(87.0, 0.0)	(88.0, 0.0)	(89.0, 0.0)	(90.0, 0.0)	(91.0, 0.0)	(92.0, 0.0)	(93.0, 0.0)	(94.0, 0.0)	(95.0, 0.0)	(96.0, 0.0)	(97.0, 0.0)	(98.0, 0.0)	(99.0, 0.0)	(100.0, 0.0)
597B14_S124_L001_R2_001	(0.0, 0.0)	(1.0, 0.0)	(2.0, 0.0)	(3.0, 0.0)	(4.0, 0.0)	(5.0, 0.0)	(6.0, 0.0)	(7.0, 0.0)	(8.0, 0.0)	(9.0, 0.0)	(10.0, 0.0)	(11.0, 0.0)	(12.0, 0.0)	(13.0, 0.0)	(14.0, 0.0)	(15.0, 0.0)	(16.0, 0.0)	(17.0, 0.0)	(18.0, 0.0)	(19.0, 0.0)	(20.0, 0.0)	(21.0, 0.0)	(22.0, 0.0)	(23.0, 0.0)	(24.0, 0.0)	(25.0, 0.0)	(26.0, 0.0)	(27.0, 0.0)	(28.0, 0.0)	(29.0, 0.0)	(30.0, 0.0)	(31.0, 0.0)	(32.0, 0.0)	(33.0, 0.005240174672489086)	(34.0, 0.0)	(35.0, 0.0)	(36.0, 0.0)	(37.0, 0.0)	(38.0, 0.005240174672489086)	(39.0, 0.00786026200873363)	(40.0, 0.018340611353711803)	(41.0, 0.010480349344978173)	(42.0, 0.00786026200873363)	(43.0, 0.01572052401746726)	(44.0, 0.05065502183406117)	(45.0, 0.1039301310043669)	(46.0, 0.4061135371179042)	(47.0, 1.2034934497816592)	(48.0, 3.5991266375545865)	(49.0, 4.225327510917031)	(50.0, 3.157205240174674)	(51.0, 3.8489082969432262)	(52.0, 10.286462882096128)	(53.0, 19.380786026200816)	(54.0, 21.489082969432292)	(55.0, 14.340611353711793)	(56.0, 6.40611353711791)	(57.0, 2.9048034934497835)	(58.0, 2.746724890829697)	(59.0, 2.113537117903932)	(60.0, 0.8122270742358084)	(61.0, 0.2786026200873364)	(62.0, 0.2628820960698692)	(63.0, 0.26462882096069884)	(64.0, 0.2305676855895198)	(65.0, 0.17030567685589532)	(66.0, 0.21310043668122283)	(67.0, 0.44890829694323175)	(68.0, 0.48471615720524047)	(69.0, 0.2620087336244543)	(70.0, 0.08646288209606992)	(71.0, 0.036681222707423605)	(72.0, 0.020960698689956345)	(73.0, 0.010480349344978173)	(74.0, 0.005240174672489086)	(75.0, 0.010480349344978173)	(76.0, 0.010480349344978173)	(77.0, 0.005240174672489086)	(78.0, 0.005240174672489086)	(79.0, 0.010480349344978173)	(80.0, 0.0)	(81.0, 0.0)	(82.0, 0.002620087336244543)	(83.0, 0.002620087336244543)	(84.0, 0.005240174672489086)	(85.0, 0.0)	(86.0, 0.005240174672489086)	(87.0, 0.002620087336244543)	(88.0, 0.005240174672489086)	(89.0, 0.002620087336244543)	(90.0, 0.002620087336244543)	(91.0, 0.002620087336244543)	(92.0, 0.002620087336244543)	(93.0, 0.0)	(94.0, 0.002620087336244543)	(95.0, 0.0)	(96.0, 0.0)	(97.0, 0.0)	(98.0, 0.0)	(99.0, 0.0)	(100.0, 0.0)
603A0_S13_L001_R1_001	(0.0, 0.014633432515487047)	(1.0, 0.007316716257743524)	(2.0, 0.0)	(3.0, 0.0)	(4.0, 0.0)	(5.0, 0.0)	(6.0, 0.0)	(7.0, 0.0)	(8.0, 0.0)	(9.0, 0.0)	(10.0, 0.0)	(11.0, 0.0)	(12.0, 0.0)	(13.0, 0.0)	(14.0, 0.0)	(15.0, 0.0)	(16.0, 0.0)	(17.0, 0.0)	(18.0, 0.0)	(19.0, 0.0)	(20.0, 0.0)	(21.0, 0.0)	(22.0, 0.0)	(23.0, 0.0)	(24.0, 0.0)	(25.0, 0.0)	(26.0, 0.0)	(27.0, 0.0)	(28.0, 0.0)	(29.0, 0.0)	(30.0, 0.0)	(31.0, 0.0)	(32.0, 0.0)	(33.0, 0.0)	(34.0, 0.0)	(35.0, 0.0)	(36.0, 0.0)	(37.0, 0.0)	(38.0, 0.0)	(39.0, 0.0)	(40.0, 0.0)	(41.0, 0.0)	(42.0, 0.0)	(43.0, 0.0)	(44.0, 0.003658358128871762)	(45.0, 0.003658358128871762)	(46.0, 0.02195014877323057)	(47.0, 0.5304619286864054)	(48.0, 1.243841763816399)	(49.0, 2.337690844349056)	(50.0, 2.9425393883225217)	(51.0, 6.90332178918101)	(52.0, 12.553046192868667)	(53.0, 12.527437685966547)	(54.0, 17.21501390176089)	(55.0, 16.535778742500366)	(56.0, 7.078922979366842)	(57.0, 6.802107214282198)	(58.0, 4.933905663138377)	(59.0, 3.409589776108498)	(60.0, 2.4059801960879974)	(61.0, 0.852397444027121)	(62.0, 0.3012048192771083)	(63.0, 0.1658455685088532)	(64.0, 0.23047656211892106)	(65.0, 0.2585239744402712)	(66.0, 0.426808448368372)	(67.0, 0.24632944734403195)	(68.0, 0.036583581288717616)	(69.0, 0.007316716257743524)	(70.0, 0.0)	(71.0, 0.0)	(72.0, 0.0)	(73.0, 0.0)	(74.0, 0.0)	(75.0, 0.0)	(76.0, 0.0)	(77.0, 0.003658358128871762)	(78.0, 0.0)	(79.0, 0.0)	(80.0, 0.0)	(81.0, 0.0)	(82.0, 0.0)	(83.0, 0.0)	(84.0, 0.0)	(85.0, 0.0)	(86.0, 0.0)	(87.0, 0.0)	(88.0, 0.0)	(89.0, 0.0)	(90.0, 0.0)	(91.0, 0.0)	(92.0, 0.0)	(93.0, 0.0)	(94.0, 0.0)	(95.0, 0.0)	(96.0, 0.0)	(97.0, 0.0)	(98.0, 0.0)	(99.0, 0.0)	(100.0, 0.0)
603A0_S13_L001_R2_001	(0.0, 0.015017081930696159)	(1.0, 0.007508540965348079)	(2.0, 0.0)	(3.0, 0.0)	(4.0, 0.0)	(5.0, 0.0)	(6.0, 0.0)	(7.0, 0.0)	(8.0, 0.0)	(9.0, 0.0)	(10.0, 0.0)	(11.0, 0.0)	(12.0, 0.0)	(13.0, 0.0)	(14.0, 0.0)	(15.0, 0.0)	(16.0, 0.0)	(17.0, 0.0)	(18.0, 0.0)	(19.0, 0.0)	(20.0, 0.0)	(21.0, 0.0)	(22.0, 0.0)	(23.0, 0.0)	(24.0, 0.0)	(25.0, 0.0)	(26.0, 0.0)	(27.0, 0.0)	(28.0, 0.0)	(29.0, 0.0)	(30.0, 0.0)	(31.0, 0.0)	(32.0, 0.0)	(33.0, 0.0)	(34.0, 0.0)	(35.0, 0.0)	(36.0, 0.0)	(37.0, 0.0)	(38.0, 0.0037542704826740397)	(39.0, 0.007508540965348079)	(40.0, 0.011262811448022119)	(41.0, 0.012514234942246797)	(42.0, 0.012514234942246797)	(43.0, 0.0037542704826740397)	(44.0, 0.015017081930696159)	(45.0, 0.06257117471123398)	(46.0, 0.19397064160482538)	(47.0, 0.763368331477055)	(48.0, 2.520366917368505)	(49.0, 3.4489231500832185)	(50.0, 3.60159681637863)	(51.0, 5.800347895731385)	(52.0, 12.447909497052908)	(53.0, 15.51264563440916)	(54.0, 17.99046415297401)	(55.0, 16.39364777434331)	(56.0, 8.911386702373944)	(57.0, 3.8068302694314755)	(58.0, 3.0822560662753866)	(59.0, 1.922186487129108)	(60.0, 0.7646197549712793)	(61.0, 0.456769575392008)	(62.0, 0.394198400680774)	(63.0, 0.4054612121287962)	(64.0, 0.32036441452151804)	(65.0, 0.23276476992579045)	(66.0, 0.17770213617990452)	(67.0, 0.16643932473188242)	(68.0, 0.23276476992579045)	(69.0, 0.10887384399754713)	(70.0, 0.06382259820545867)	(71.0, 0.030034163861392318)	(72.0, 0.026279893378718274)	(73.0, 0.018771352413370197)	(74.0, 0.011262811448022119)	(75.0, 0.0037542704826740397)	(76.0, 0.0037542704826740397)	(77.0, 0.0)	(78.0, 0.0037542704826740397)	(79.0, 0.0)	(80.0, 0.0)	(81.0, 0.0)	(82.0, 0.007508540965348079)	(83.0, 0.0037542704826740397)	(84.0, 0.0)	(85.0, 0.0037542704826740397)	(86.0, 0.0037542704826740397)	(87.0, 0.0)	(88.0, 0.0)	(89.0, 0.0)	(90.0, 0.0)	(91.0, 0.0)	(92.0, 0.0)	(93.0, 0.0)	(94.0, 0.0)	(95.0, 0.0)	(96.0, 0.0)	(97.0, 0.0037542704826740397)	(98.0, 0.0037542704826740397)	(99.0, 0.0)	(100.0, 0.0050056939768987185)
603A14_S14_L001_R1_001	(0.0, 0.014745094184289098)	(1.0, 0.007372547092144549)	(2.0, 0.0)	(3.0, 0.0)	(4.0, 0.0)	(5.0, 0.0)	(6.0, 0.0)	(7.0, 0.0)	(8.0, 0.0)	(9.0, 0.0)	(10.0, 0.0)	(11.0, 0.0)	(12.0, 0.0)	(13.0, 0.0)	(14.0, 0.0)	(15.0, 0.0)	(16.0, 0.0)	(17.0, 0.0)	(18.0, 0.0)	(19.0, 0.0)	(20.0, 0.0)	(21.0, 0.0)	(22.0, 0.0)	(23.0, 0.0)	(24.0, 0.0)	(25.0, 0.0)	(26.0, 0.0)	(27.0, 0.0)	(28.0, 0.0)	(29.0, 0.0)	(30.0, 0.0)	(31.0, 0.0)	(32.0, 0.0)	(33.0, 0.0)	(34.0, 0.0)	(35.0, 0.0)	(36.0, 0.0)	(37.0, 0.0)	(38.0, 0.0)	(39.0, 0.0036862735460722745)	(40.0, 0.0)	(41.0, 0.0)	(42.0, 0.0)	(43.0, 0.0)	(44.0, 0.007372547092144549)	(45.0, 0.014745094184289098)	(46.0, 0.029490188368578196)	(47.0, 0.2027450450339751)	(48.0, 0.6377253234705035)	(49.0, 1.9537249794183056)	(50.0, 2.7511888232186075)	(51.0, 8.28059914232702)	(52.0, 15.930845508275684)	(53.0, 14.810218350269713)	(54.0, 15.404937149036044)	(55.0, 13.485617389381076)	(56.0, 6.727449221581894)	(57.0, 4.5709791971296205)	(58.0, 3.208286742931578)	(59.0, 5.069854883698056)	(60.0, 4.142142707936554)	(61.0, 1.041986655689763)	(62.0, 0.3600260496663921)	(63.0, 0.22363392846171803)	(64.0, 0.2850718208962559)	(65.0, 0.2961306415344727)	(66.0, 0.3293071034491231)	(67.0, 0.19537249794183056)	(68.0, 0.011058820638216825)	(69.0, 0.0036862735460722745)	(70.0, 0.0)	(71.0, 0.0)	(72.0, 0.0)	(73.0, 0.0)	(74.0, 0.0)	(75.0, 0.0)	(76.0, 0.0)	(77.0, 0.0)	(78.0, 0.0)	(79.0, 0.0)	(80.0, 0.0)	(81.0, 0.0)	(82.0, 0.0)	(83.0, 0.0)	(84.0, 0.0)	(85.0, 0.0)	(86.0, 0.0)	(87.0, 0.0)	(88.0, 0.0)	(89.0, 0.0)	(90.0, 0.0)	(91.0, 0.0)	(92.0, 0.0)	(93.0, 0.0)	(94.0, 0.0)	(95.0, 0.0)	(96.0, 0.0)	(97.0, 0.0)	(98.0, 0.0)	(99.0, 0.0)	(100.0, 0.0)
603A14_S14_L001_R2_001	(0.0, 0.014924073774671358)	(1.0, 0.007462036887335679)	(2.0, 0.0)	(3.0, 0.0)	(4.0, 0.0)	(5.0, 0.0)	(6.0, 0.0)	(7.0, 0.0)	(8.0, 0.0)	(9.0, 0.0)	(10.0, 0.0)	(11.0, 0.0)	(12.0, 0.0)	(13.0, 0.0)	(14.0, 0.0)	(15.0, 0.0)	(16.0, 0.0)	(17.0, 0.0)	(18.0, 0.0)	(19.0, 0.0)	(20.0, 0.0)	(21.0, 0.0)	(22.0, 0.0)	(23.0, 0.0)	(24.0, 0.0)	(25.0, 0.0)	(26.0, 0.0)	(27.0, 0.0)	(28.0, 0.0)	(29.0, 0.0)	(30.0, 0.0)	(31.0, 0.0)	(32.0, 0.0)	(33.0, 0.0)	(34.0, 0.0037310184436678395)	(35.0, 0.0037310184436678395)	(36.0, 0.0)	(37.0, 0.0)	(38.0, 0.0)	(39.0, 0.0037310184436678395)	(40.0, 0.0037310184436678395)	(41.0, 0.0)	(42.0, 0.011193055331003518)	(43.0, 0.016167746589227306)	(44.0, 0.02736080192023082)	(45.0, 0.02736080192023082)	(46.0, 0.10819953486636735)	(47.0, 0.6404914994963125)	(48.0, 1.9662467198129516)	(49.0, 2.3617346748417423)	(50.0, 2.8890519482134653)	(51.0, 7.251856181675715)	(52.0, 15.085751240563654)	(53.0, 18.39143358165333)	(54.0, 18.50087678933426)	(55.0, 12.30116780877287)	(56.0, 5.49454649470817)	(57.0, 3.2982203042023697)	(58.0, 4.958523511634558)	(59.0, 3.162659967415772)	(60.0, 1.1653214272389216)	(61.0, 0.5074185083388262)	(62.0, 0.4738393423458156)	(63.0, 0.32584227741365795)	(64.0, 0.2163990697327347)	(65.0, 0.13804768241571008)	(66.0, 0.12685462708470654)	(67.0, 0.13058564552837437)	(68.0, 0.17162684840872064)	(69.0, 0.07835138731702462)	(70.0, 0.04477222132401407)	(71.0, 0.007462036887335679)	(72.0, 0.014924073774671358)	(73.0, 0.007462036887335679)	(74.0, 0.007462036887335679)	(75.0, 0.007462036887335679)	(76.0, 0.0037310184436678395)	(77.0, 0.0037310184436678395)	(78.0, 0.0)	(79.0, 0.0037310184436678395)	(80.0, 0.0037310184436678395)	(81.0, 0.0)	(82.0, 0.0)	(83.0, 0.0037310184436678395)	(84.0, 0.0)	(85.0, 0.0037310184436678395)	(86.0, 0.0)	(87.0, 0.0)	(88.0, 0.0)	(89.0, 0.0)	(90.0, 0.0)	(91.0, 0.0)	(92.0, 0.0037310184436678395)	(93.0, 0.0)	(94.0, 0.0)	(95.0, 0.0)	(96.0, 0.0037310184436678395)	(97.0, 0.0)	(98.0, 0.0037310184436678395)	(99.0, 0.007462036887335679)	(100.0, 0.004974691258223786)
603B0_S15_L001_R1_001	(0.0, 0.026137811611722808)	(1.0, 0.013068905805861404)	(2.0, 0.0)	(3.0, 0.0)	(4.0, 0.0)	(5.0, 0.0)	(6.0, 0.0)	(7.0, 0.0)	(8.0, 0.0)	(9.0, 0.0)	(10.0, 0.0)	(11.0, 0.0)	(12.0, 0.0)	(13.0, 0.0)	(14.0, 0.0)	(15.0, 0.0)	(16.0, 0.0)	(17.0, 0.0)	(18.0, 0.0)	(19.0, 0.0)	(20.0, 0.0)	(21.0, 0.0)	(22.0, 0.0)	(23.0, 0.0)	(24.0, 0.0)	(25.0, 0.0)	(26.0, 0.0)	(27.0, 0.0)	(28.0, 0.0)	(29.0, 0.0)	(30.0, 0.0)	(31.0, 0.0)	(32.0, 0.0)	(33.0, 0.0)	(34.0, 0.0)	(35.0, 0.0)	(36.0, 0.0)	(37.0, 0.0)	(38.0, 0.0)	(39.0, 0.003267226451465351)	(40.0, 0.003267226451465351)	(41.0, 0.003267226451465351)	(42.0, 0.003267226451465351)	(43.0, 0.0)	(44.0, 0.0)	(45.0, 0.006534452902930702)	(46.0, 0.03267226451465351)	(47.0, 0.2679125690201588)	(48.0, 0.5946352141666938)	(49.0, 1.2175863909127542)	(50.0, 2.285969440541925)	(51.0, 8.85091645701964)	(52.0, 14.625194672242747)	(53.0, 17.48292874179109)	(54.0, 20.42887792552901)	(55.0, 15.986539027019964)	(56.0, 6.690190697117212)	(57.0, 4.354123784319489)	(58.0, 2.681303841169233)	(59.0, 1.7915291708868317)	(60.0, 1.146796484464338)	(61.0, 0.4508772503022183)	(62.0, 0.2199932477320003)	(63.0, 0.1524705677350497)	(64.0, 0.13722351096154475)	(65.0, 0.1328672090262576)	(66.0, 0.22108232321582214)	(67.0, 0.17643022837912897)	(68.0, 0.013068905805861404)	(69.0, 0.0)	(70.0, 0.0)	(71.0, 0.0)	(72.0, 0.0)	(73.0, 0.0)	(74.0, 0.0)	(75.0, 0.0)	(76.0, 0.0)	(77.0, 0.0)	(78.0, 0.0)	(79.0, 0.0)	(80.0, 0.0)	(81.0, 0.0)	(82.0, 0.0)	(83.0, 0.0)	(84.0, 0.0)	(85.0, 0.0)	(86.0, 0.0)	(87.0, 0.0)	(88.0, 0.0)	(89.0, 0.0)	(90.0, 0.0)	(91.0, 0.0)	(92.0, 0.0)	(93.0, 0.0)	(94.0, 0.0)	(95.0, 0.0)	(96.0, 0.0)	(97.0, 0.0)	(98.0, 0.0)	(99.0, 0.0)	(100.0, 0.0)
603B0_S15_L001_R2_001	(0.0, 0.02604025389247546)	(1.0, 0.01302012694623773)	(2.0, 0.0)	(3.0, 0.0)	(4.0, 0.0)	(5.0, 0.0)	(6.0, 0.0)	(7.0, 0.0)	(8.0, 0.0)	(9.0, 0.0)	(10.0, 0.0)	(11.0, 0.0)	(12.0, 0.0)	(13.0, 0.0)	(14.0, 0.0)	(15.0, 0.0)	(16.0, 0.0)	(17.0, 0.0)	(18.0, 0.0)	(19.0, 0.0)	(20.0, 0.0)	(21.0, 0.0)	(22.0, 0.0)	(23.0, 0.0)	(24.0, 0.0)	(25.0, 0.0)	(26.0, 0.0)	(27.0, 0.0)	(28.0, 0.0)	(29.0, 0.0)	(30.0, 0.0)	(31.0, 0.0)	(32.0, 0.0)	(33.0, 0.0)	(34.0, 0.0)	(35.0, 0.0)	(36.0, 0.0)	(37.0, 0.0)	(38.0, 0.0)	(39.0, 0.0032550317365594326)	(40.0, 0.006510063473118865)	(41.0, 0.006510063473118865)	(42.0, 0.006510063473118865)	(43.0, 0.006510063473118865)	(44.0, 0.020615200998209737)	(45.0, 0.02495524331362231)	(46.0, 0.09548093093907668)	(47.0, 0.42640915748928565)	(48.0, 1.134921065480389)	(49.0, 2.0474149622958833)	(50.0, 3.479628926382035)	(51.0, 7.814246188900347)	(52.0, 15.74350349915913)	(53.0, 21.167471382845957)	(54.0, 21.677426354906952)	(55.0, 13.571312320295128)	(56.0, 5.996853469321327)	(57.0, 2.1873813269679383)	(58.0, 1.4083437313513807)	(59.0, 0.8463082515054527)	(60.0, 0.39928389301795697)	(61.0, 0.2311072532957197)	(62.0, 0.19964194650897854)	(63.0, 0.24738241197851688)	(64.0, 0.2083220311398037)	(65.0, 0.1399663646720556)	(66.0, 0.17685672435306252)	(67.0, 0.22785222155916027)	(68.0, 0.2083220311398037)	(69.0, 0.11392611077958013)	(70.0, 0.03255031736559432)	(71.0, 0.01627515868279716)	(72.0, 0.01627515868279716)	(73.0, 0.009765095209678299)	(74.0, 0.006510063473118865)	(75.0, 0.01302012694623773)	(76.0, 0.01302012694623773)	(77.0, 0.009765095209678299)	(78.0, 0.006510063473118865)	(79.0, 0.0032550317365594326)	(80.0, 0.0)	(81.0, 0.0)	(82.0, 0.0)	(83.0, 0.0)	(84.0, 0.0032550317365594326)	(85.0, 0.0)	(86.0, 0.0)	(87.0, 0.0)	(88.0, 0.0)	(89.0, 0.0032550317365594326)	(90.0, 0.0)	(91.0, 0.0)	(92.0, 0.0)	(93.0, 0.0)	(94.0, 0.0)	(95.0, 0.0)	(96.0, 0.0)	(97.0, 0.0)	(98.0, 0.0032550317365594326)	(99.0, 0.0)	(100.0, 0.0)
603B14_S16_L001_R1_001	(0.0, 0.012541806020066893)	(1.0, 0.006270903010033447)	(2.0, 0.0)	(3.0, 0.0)	(4.0, 0.0)	(5.0, 0.0)	(6.0, 0.0)	(7.0, 0.0)	(8.0, 0.0)	(9.0, 0.0)	(10.0, 0.0)	(11.0, 0.0)	(12.0, 0.0)	(13.0, 0.0)	(14.0, 0.0)	(15.0, 0.0)	(16.0, 0.0)	(17.0, 0.0)	(18.0, 0.0)	(19.0, 0.0)	(20.0, 0.0)	(21.0, 0.0)	(22.0, 0.0)	(23.0, 0.0)	(24.0, 0.0)	(25.0, 0.0)	(26.0, 0.0)	(27.0, 0.0)	(28.0, 0.0)	(29.0, 0.0)	(30.0, 0.0)	(31.0, 0.0)	(32.0, 0.0)	(33.0, 0.0)	(34.0, 0.0)	(35.0, 0.0)	(36.0, 0.0)	(37.0, 0.0)	(38.0, 0.0)	(39.0, 0.0031354515050167234)	(40.0, 0.007316053511705688)	(41.0, 0.004180602006688965)	(42.0, 0.018812709030100343)	(43.0, 0.04703177257525085)	(44.0, 0.04389632107023413)	(45.0, 0.0355351170568562)	(46.0, 0.06479933110367894)	(47.0, 0.12228260869565223)	(48.0, 0.32608695652173925)	(49.0, 0.8915133779264216)	(50.0, 1.6889632107023413)	(51.0, 8.21592809364549)	(52.0, 14.438754180602023)	(53.0, 13.708193979933128)	(54.0, 17.846989966555185)	(55.0, 15.929138795986628)	(56.0, 6.709866220735784)	(57.0, 4.679138795986615)	(58.0, 3.421822742474925)	(59.0, 5.210075250836073)	(60.0, 3.918269230769231)	(61.0, 0.9719899665551845)	(62.0, 0.3532608695652174)	(63.0, 0.19962374581939807)	(64.0, 0.147366220735786)	(65.0, 0.16304347826086965)	(66.0, 0.3783444816053512)	(67.0, 0.3699832775919734)	(68.0, 0.0658444816053512)	(69.0, 0.0)	(70.0, 0.0)	(71.0, 0.0)	(72.0, 0.0)	(73.0, 0.0)	(74.0, 0.0)	(75.0, 0.0)	(76.0, 0.0)	(77.0, 0.0)	(78.0, 0.0)	(79.0, 0.0)	(80.0, 0.0)	(81.0, 0.0)	(82.0, 0.0)	(83.0, 0.0)	(84.0, 0.0)	(85.0, 0.0)	(86.0, 0.0)	(87.0, 0.0)	(88.0, 0.0)	(89.0, 0.0)	(90.0, 0.0)	(91.0, 0.0)	(92.0, 0.0)	(93.0, 0.0)	(94.0, 0.0)	(95.0, 0.0)	(96.0, 0.0)	(97.0, 0.0)	(98.0, 0.0)	(99.0, 0.0)	(100.0, 0.0)
603B14_S16_L001_R2_001	(0.0, 0.012881894497284068)	(1.0, 0.006440947248642034)	(2.0, 0.0)	(3.0, 0.0)	(4.0, 0.0)	(5.0, 0.0)	(6.0, 0.0)	(7.0, 0.0)	(8.0, 0.0)	(9.0, 0.0)	(10.0, 0.0)	(11.0, 0.0)	(12.0, 0.0)	(13.0, 0.0)	(14.0, 0.0)	(15.0, 0.0)	(16.0, 0.0)	(17.0, 0.0)	(18.0, 0.0)	(19.0, 0.0)	(20.0, 0.0)	(21.0, 0.0)	(22.0, 0.0)	(23.0, 0.0)	(24.0, 0.0)	(25.0, 0.0)	(26.0, 0.0)	(27.0, 0.0)	(28.0, 0.0)	(29.0, 0.0)	(30.0, 0.0)	(31.0, 0.0)	(32.0, 0.0)	(33.0, 0.0)	(34.0, 0.0)	(35.0, 0.0)	(36.0, 0.003220473624321017)	(37.0, 0.0)	(38.0, 0.003220473624321017)	(39.0, 0.006440947248642034)	(40.0, 0.006440947248642034)	(41.0, 0.009661420872963051)	(42.0, 0.019322841745926102)	(43.0, 0.038645683491852205)	(44.0, 0.061188998862099324)	(45.0, 0.08373231423234644)	(46.0, 0.09876119114584452)	(47.0, 0.3209738712239946)	(48.0, 0.6934753204371258)	(49.0, 1.2377353629473768)	(50.0, 1.94301908667368)	(51.0, 5.326663374626958)	(52.0, 12.114348283487585)	(53.0, 16.858105932112405)	(54.0, 22.288897953925744)	(55.0, 16.596174077334304)	(56.0, 6.828477574768664)	(57.0, 3.605856968031431)	(58.0, 4.771668420035638)	(59.0, 2.92204306846727)	(60.0, 1.0906670674367178)	(61.0, 0.44335186894819345)	(62.0, 0.33600274813749276)	(63.0, 0.3381497305537068)	(64.0, 0.2973570646456406)	(65.0, 0.24153552182407628)	(66.0, 0.23294759215922023)	(67.0, 0.37357494042123796)	(68.0, 0.3123859415591386)	(69.0, 0.20288983833222407)	(70.0, 0.09017326148098848)	(71.0, 0.05152757798913627)	(72.0, 0.02254331537024712)	(73.0, 0.03220473624321017)	(74.0, 0.006440947248642034)	(75.0, 0.013955385705391073)	(76.0, 0.010734912081070056)	(77.0, 0.003220473624321017)	(78.0, 0.006440947248642034)	(79.0, 0.012881894497284068)	(80.0, 0.003220473624321017)	(81.0, 0.003220473624321017)	(82.0, 0.003220473624321017)	(83.0, 0.0)	(84.0, 0.006440947248642034)	(85.0, 0.0)	(86.0, 0.0)	(87.0, 0.003220473624321017)	(88.0, 0.0)	(89.0, 0.0)	(90.0, 0.0)	(91.0, 0.0)	(92.0, 0.0)	(93.0, 0.0)	(94.0, 0.0)	(95.0, 0.0)	(96.0, 0.0)	(97.0, 0.0)	(98.0, 0.0)	(99.0, 0.0)	(100.0, 0.004293964832428022)
607A0_S5_L001_R1_001	(0.0, 0.011592298849464338)	(1.0, 0.005796149424732169)	(2.0, 0.0)	(3.0, 0.0)	(4.0, 0.0)	(5.0, 0.0)	(6.0, 0.0)	(7.0, 0.0)	(8.0, 0.0)	(9.0, 0.0)	(10.0, 0.0)	(11.0, 0.0)	(12.0, 0.0)	(13.0, 0.0)	(14.0, 0.0)	(15.0, 0.0)	(16.0, 0.0)	(17.0, 0.0)	(18.0, 0.0)	(19.0, 0.0)	(20.0, 0.0)	(21.0, 0.0)	(22.0, 0.0)	(23.0, 0.0)	(24.0, 0.0)	(25.0, 0.0)	(26.0, 0.0)	(27.0, 0.0)	(28.0, 0.0)	(29.0, 0.0)	(30.0, 0.0)	(31.0, 0.0)	(32.0, 0.0)	(33.0, 0.0)	(34.0, 0.0)	(35.0, 0.0)	(36.0, 0.0)	(37.0, 0.0)	(38.0, 0.0028980747123660846)	(39.0, 0.0028980747123660846)	(40.0, 0.0)	(41.0, 0.0)	(42.0, 0.0)	(43.0, 0.0028980747123660846)	(44.0, 0.008694224137098253)	(45.0, 0.028980747123660843)	(46.0, 0.29656964556546267)	(47.0, 0.4975028256228445)	(48.0, 0.9959716761498107)	(49.0, 5.0223634765304235)	(50.0, 4.902576388419291)	(51.0, 5.573963696784099)	(52.0, 9.661215066124413)	(53.0, 12.918651042823894)	(54.0, 12.618217297641946)	(55.0, 16.432083619115694)	(56.0, 8.306848150545319)	(57.0, 4.415699836741791)	(58.0, 2.3087995208516476)	(59.0, 1.5755866186230278)	(60.0, 1.3369784673048868)	(61.0, 1.4123284098264048)	(62.0, 1.1524677106175794)	(63.0, 0.8520339654356288)	(64.0, 1.0751857182878173)	(65.0, 0.785378247051209)	(66.0, 2.579286494005815)	(67.0, 4.561569597264216)	(68.0, 0.5738187930484847)	(69.0, 0.06085956895968777)	(70.0, 0.008694224137098253)	(71.0, 0.0)	(72.0, 0.0)	(73.0, 0.0028980747123660846)	(74.0, 0.005796149424732169)	(75.0, 0.0028980747123660846)	(76.0, 0.0)	(77.0, 0.0)	(78.0, 0.0)	(79.0, 0.0)	(80.0, 0.0)	(81.0, 0.0)	(82.0, 0.0)	(83.0, 0.0)	(84.0, 0.0)	(85.0, 0.0)	(86.0, 0.0)	(87.0, 0.0)	(88.0, 0.0)	(89.0, 0.0)	(90.0, 0.0)	(91.0, 0.0)	(92.0, 0.0)	(93.0, 0.0)	(94.0, 0.0)	(95.0, 0.0)	(96.0, 0.0)	(97.0, 0.0)	(98.0, 0.0)	(99.0, 0.0)	(100.0, 0.0)
607A0_S5_L001_R2_001	(0.0, 0.011502516175413367)	(1.0, 0.0057512580877066835)	(2.0, 0.0)	(3.0, 0.0)	(4.0, 0.0)	(5.0, 0.0)	(6.0, 0.0)	(7.0, 0.0)	(8.0, 0.0)	(9.0, 0.0)	(10.0, 0.0)	(11.0, 0.0)	(12.0, 0.0)	(13.0, 0.0)	(14.0, 0.0)	(15.0, 0.0)	(16.0, 0.0)	(17.0, 0.0)	(18.0, 0.0)	(19.0, 0.0)	(20.0, 0.0)	(21.0, 0.0)	(22.0, 0.0)	(23.0, 0.0)	(24.0, 0.0)	(25.0, 0.0)	(26.0, 0.0)	(27.0, 0.0)	(28.0, 0.0)	(29.0, 0.0)	(30.0, 0.0)	(31.0, 0.0)	(32.0, 0.0)	(33.0, 0.0)	(34.0, 0.0028756290438533417)	(35.0, 0.006709801102324463)	(36.0, 0.0)	(37.0, 0.0)	(38.0, 0.006709801102324463)	(39.0, 0.008626887131560025)	(40.0, 0.0057512580877066835)	(41.0, 0.008626887131560025)	(42.0, 0.014378145219266709)	(43.0, 0.006709801102324463)	(44.0, 0.039300263599329005)	(45.0, 0.0929786724179247)	(46.0, 0.2530553558590941)	(47.0, 0.9949676491732564)	(48.0, 2.756769710040739)	(49.0, 3.8456745746465346)	(50.0, 6.011981787682714)	(51.0, 10.165348670021586)	(52.0, 13.06973400431346)	(53.0, 13.958303378864114)	(54.0, 10.942727054876595)	(55.0, 9.242271746944644)	(56.0, 8.53870117421519)	(57.0, 3.7766594775940554)	(58.0, 1.3419602204648928)	(59.0, 0.6010064701653485)	(60.0, 0.43134435657800124)	(61.0, 0.47927150730889034)	(62.0, 0.577042894799904)	(63.0, 0.763958782650371)	(64.0, 0.8626887131560026)	(65.0, 1.0409777138749097)	(66.0, 1.1991373112868433)	(67.0, 2.818116462976275)	(68.0, 3.3213515456506095)	(69.0, 1.8145219266714585)	(70.0, 0.5348670021567216)	(71.0, 0.14378145219266708)	(72.0, 0.0690150970524802)	(73.0, 0.06038820992092018)	(74.0, 0.008626887131560025)	(75.0, 0.02012940330697339)	(76.0, 0.02012940330697339)	(77.0, 0.0028756290438533417)	(78.0, 0.028756290438533418)	(79.0, 0.03259046249700454)	(80.0, 0.0038341720584711223)	(81.0, 0.011502516175413367)	(82.0, 0.01725377426312005)	(83.0, 0.0028756290438533417)	(84.0, 0.008626887131560025)	(85.0, 0.0057512580877066835)	(86.0, 0.0)	(87.0, 0.0)	(88.0, 0.0)	(89.0, 0.0)	(90.0, 0.0)	(91.0, 0.0)	(92.0, 0.0028756290438533417)	(93.0, 0.0028756290438533417)	(94.0, 0.0028756290438533417)	(95.0, 0.0028756290438533417)	(96.0, 0.0)	(97.0, 0.0)	(98.0, 0.0)	(99.0, 0.0)	(100.0, 0.0)
607A14_S6_L001_R1_001	(0.0, 0.0)	(1.0, 0.0)	(2.0, 0.0)	(3.0, 0.0)	(4.0, 0.0)	(5.0, 0.0)	(6.0, 0.0)	(7.0, 0.0)	(8.0, 0.0)	(9.0, 0.0)	(10.0, 0.0)	(11.0, 0.0)	(12.0, 0.0)	(13.0, 0.0)	(14.0, 0.0)	(15.0, 0.0)	(16.0, 0.0)	(17.0, 0.0)	(18.0, 0.0)	(19.0, 0.0)	(20.0, 0.0)	(21.0, 0.0)	(22.0, 0.0)	(23.0, 0.0)	(24.0, 0.0)	(25.0, 0.0)	(26.0, 0.0)	(27.0, 0.0)	(28.0, 0.0)	(29.0, 0.0)	(30.0, 0.0)	(31.0, 0.0)	(32.0, 0.0)	(33.0, 0.0)	(34.0, 0.0)	(35.0, 0.0)	(36.0, 0.0)	(37.0, 0.0)	(38.0, 0.0)	(39.0, 0.0)	(40.0, 0.0)	(41.0, 0.0075281364098317444)	(42.0, 0.015056272819663489)	(43.0, 0.01882034102457936)	(44.0, 0.015056272819663489)	(45.0, 0.012546894016386239)	(46.0, 0.022584409229495235)	(47.0, 0.33625675963915114)	(48.0, 0.8444059673027943)	(49.0, 1.5570695474335325)	(50.0, 2.7452604107853102)	(51.0, 7.623492804356278)	(52.0, 10.186823251903988)	(53.0, 13.986022760065747)	(54.0, 14.765184878483334)	(55.0, 13.351149922836605)	(56.0, 15.012358690606147)	(57.0, 9.136648222732461)	(58.0, 2.25216747594133)	(59.0, 1.4102708874418135)	(60.0, 1.1806627269419452)	(61.0, 1.1869361739501383)	(62.0, 0.7603417773930062)	(63.0, 0.34503958545062163)	(64.0, 0.2885785623768835)	(65.0, 0.2672488425490269)	(66.0, 0.8205668686716602)	(67.0, 1.4679865999171902)	(68.0, 0.3124176610080174)	(69.0, 0.04140475025407459)	(70.0, 0.01882034102457936)	(71.0, 0.0075281364098317444)	(72.0, 0.0)	(73.0, 0.0)	(74.0, 0.0037640682049158722)	(75.0, 0.0)	(76.0, 0.0)	(77.0, 0.0)	(78.0, 0.0)	(79.0, 0.0)	(80.0, 0.0)	(81.0, 0.0)	(82.0, 0.0)	(83.0, 0.0)	(84.0, 0.0)	(85.0, 0.0)	(86.0, 0.0)	(87.0, 0.0)	(88.0, 0.0)	(89.0, 0.0)	(90.0, 0.0)	(91.0, 0.0)	(92.0, 0.0)	(93.0, 0.0)	(94.0, 0.0)	(95.0, 0.0)	(96.0, 0.0)	(97.0, 0.0)	(98.0, 0.0)	(99.0, 0.0)	(100.0, 0.0)
607A14_S6_L001_R2_001	(0.0, 0.0)	(1.0, 0.0)	(2.0, 0.0)	(3.0, 0.0)	(4.0, 0.0)	(5.0, 0.0)	(6.0, 0.0)	(7.0, 0.0)	(8.0, 0.0)	(9.0, 0.0)	(10.0, 0.0)	(11.0, 0.0)	(12.0, 0.0)	(13.0, 0.0)	(14.0, 0.0)	(15.0, 0.0)	(16.0, 0.0)	(17.0, 0.0)	(18.0, 0.0)	(19.0, 0.0)	(20.0, 0.0)	(21.0, 0.0)	(22.0, 0.0)	(23.0, 0.0)	(24.0, 0.0)	(25.0, 0.0)	(26.0, 0.0)	(27.0, 0.0)	(28.0, 0.0)	(29.0, 0.0)	(30.0, 0.0)	(31.0, 0.0)	(32.0, 0.0)	(33.0, 0.0)	(34.0, 0.0)	(35.0, 0.0)	(36.0, 0.0)	(37.0, 0.003741674773628675)	(38.0, 0.003741674773628675)	(39.0, 0.0)	(40.0, 0.0)	(41.0, 0.012472249245428915)	(42.0, 0.018708373868143374)	(43.0, 0.018708373868143374)	(44.0, 0.031180623113572285)	(45.0, 0.03741674773628675)	(46.0, 0.10476689366160287)	(47.0, 0.5612512160443013)	(48.0, 1.2547082740901487)	(49.0, 1.6625508244156735)	(50.0, 2.434583052707726)	(51.0, 5.163511187607571)	(52.0, 11.37344408690664)	(53.0, 17.539724113846688)	(54.0, 17.447429469430528)	(55.0, 14.042505425428425)	(56.0, 11.93594252787547)	(57.0, 6.295991419092517)	(58.0, 2.1801491681009746)	(59.0, 0.9129686447653967)	(60.0, 0.4465065229863552)	(61.0, 0.39661752600463945)	(62.0, 0.38165082691012486)	(63.0, 0.379156377061039)	(64.0, 0.5151038938362141)	(65.0, 0.5325650427798148)	(66.0, 0.5600039911197584)	(67.0, 1.1711442041457751)	(68.0, 1.3432612437326943)	(69.0, 0.6996931826685622)	(70.0, 0.25817555938037856)	(71.0, 0.0860585197934595)	(72.0, 0.0449000972835441)	(73.0, 0.04115842250991542)	(74.0, 0.011225024320886024)	(75.0, 0.011225024320886024)	(76.0, 0.0149666990945147)	(77.0, 0.003741674773628675)	(78.0, 0.00748334954725735)	(79.0, 0.00748334954725735)	(80.0, 0.011225024320886024)	(81.0, 0.003741674773628675)	(82.0, 0.00748334954725735)	(83.0, 0.00748334954725735)	(84.0, 0.003741674773628675)	(85.0, 0.003741674773628675)	(86.0, 0.0)	(87.0, 0.003741674773628675)	(88.0, 0.0)	(89.0, 0.0)	(90.0, 0.003741674773628675)	(91.0, 0.00748334954725735)	(92.0, 0.0)	(93.0, 0.0)	(94.0, 0.0)	(95.0, 0.0)	(96.0, 0.0)	(97.0, 0.0)	(98.0, 0.0)	(99.0, 0.0)	(100.0, 0.0)
607B0_S7_L001_R1_001	(0.0, 0.013793737643110024)	(1.0, 0.006896868821555012)	(2.0, 0.0)	(3.0, 0.0)	(4.0, 0.0)	(5.0, 0.0)	(6.0, 0.0)	(7.0, 0.0)	(8.0, 0.0)	(9.0, 0.0)	(10.0, 0.0)	(11.0, 0.0)	(12.0, 0.0)	(13.0, 0.0)	(14.0, 0.0)	(15.0, 0.0)	(16.0, 0.0)	(17.0, 0.0)	(18.0, 0.0)	(19.0, 0.0)	(20.0, 0.0)	(21.0, 0.0)	(22.0, 0.0)	(23.0, 0.0)	(24.0, 0.0)	(25.0, 0.0)	(26.0, 0.0)	(27.0, 0.0)	(28.0, 0.0)	(29.0, 0.0)	(30.0, 0.0)	(31.0, 0.0)	(32.0, 0.0)	(33.0, 0.0)	(34.0, 0.0)	(35.0, 0.0)	(36.0, 0.0)	(37.0, 0.0)	(38.0, 0.0)	(39.0, 0.0)	(40.0, 0.0)	(41.0, 0.006896868821555012)	(42.0, 0.006896868821555012)	(43.0, 0.0)	(44.0, 0.0)	(45.0, 0.013793737643110024)	(46.0, 0.04138121292933007)	(47.0, 0.3724309163639707)	(48.0, 0.5287599429858842)	(49.0, 0.92188146581452)	(50.0, 2.0954986436157976)	(51.0, 6.0359096969975585)	(52.0, 10.486689043174401)	(53.0, 15.394960687847718)	(54.0, 17.55253115085751)	(55.0, 13.62361487884501)	(56.0, 7.0531978481769215)	(57.0, 3.66568577865649)	(58.0, 2.1575704630097934)	(59.0, 2.0460710837279867)	(60.0, 1.786289024782748)	(61.0, 2.2713687985654505)	(62.0, 1.6678927766793872)	(63.0, 0.6643983631431329)	(64.0, 0.5747390684629177)	(65.0, 0.572440112189066)	(66.0, 3.4449859763667283)	(67.0, 6.0933836038438525)	(68.0, 0.7621040047818288)	(69.0, 0.08276242585866014)	(70.0, 0.020690606464665036)	(71.0, 0.01724217205388753)	(72.0, 0.006896868821555012)	(73.0, 0.003448434410777506)	(74.0, 0.003448434410777506)	(75.0, 0.003448434410777506)	(76.0, 0.0)	(77.0, 0.0)	(78.0, 0.0)	(79.0, 0.0)	(80.0, 0.0)	(81.0, 0.0)	(82.0, 0.0)	(83.0, 0.0)	(84.0, 0.0)	(85.0, 0.0)	(86.0, 0.0)	(87.0, 0.0)	(88.0, 0.0)	(89.0, 0.0)	(90.0, 0.0)	(91.0, 0.0)	(92.0, 0.0)	(93.0, 0.0)	(94.0, 0.0)	(95.0, 0.0)	(96.0, 0.0)	(97.0, 0.0)	(98.0, 0.0)	(99.0, 0.0)	(100.0, 0.0)
607B0_S7_L001_R2_001	(0.0, 0.013865138420298564)	(1.0, 0.006932569210149282)	(2.0, 0.0)	(3.0, 0.0)	(4.0, 0.0)	(5.0, 0.0)	(6.0, 0.0)	(7.0, 0.0)	(8.0, 0.0)	(9.0, 0.0)	(10.0, 0.0)	(11.0, 0.0)	(12.0, 0.0)	(13.0, 0.0)	(14.0, 0.0)	(15.0, 0.0)	(16.0, 0.0)	(17.0, 0.0)	(18.0, 0.0)	(19.0, 0.0)	(20.0, 0.0)	(21.0, 0.0)	(22.0, 0.0)	(23.0, 0.0)	(24.0, 0.0)	(25.0, 0.0)	(26.0, 0.0)	(27.0, 0.0)	(28.0, 0.0)	(29.0, 0.0)	(30.0, 0.0)	(31.0, 0.0)	(32.0, 0.0)	(33.0, 0.0)	(34.0, 0.003466284605074641)	(35.0, 0.006932569210149282)	(36.0, 0.0)	(37.0, 0.0)	(38.0, 0.0)	(39.0, 0.003466284605074641)	(40.0, 0.010398853815223923)	(41.0, 0.01502056662199011)	(42.0, 0.006932569210149282)	(43.0, 0.010398853815223923)	(44.0, 0.031196561445671768)	(45.0, 0.04275084346258724)	(46.0, 0.10398853815223921)	(47.0, 0.4459952858529371)	(48.0, 1.3194990063317464)	(49.0, 1.6615057540324436)	(50.0, 2.532698618107872)	(51.0, 5.153209779544295)	(52.0, 11.65364884226096)	(53.0, 19.250589268382846)	(54.0, 17.621435503997773)	(55.0, 11.69177797291677)	(56.0, 6.689929287794056)	(57.0, 2.9024356426491664)	(58.0, 0.9982899662614966)	(59.0, 0.5476729676017932)	(60.0, 0.37898045015482734)	(61.0, 0.3223644682719416)	(62.0, 0.4321301474326385)	(63.0, 0.6666820723760227)	(64.0, 0.9220317049498544)	(65.0, 1.0722373711697557)	(66.0, 1.5286315108379163)	(67.0, 3.889171326893747)	(68.0, 4.624023663169571)	(69.0, 2.2842815547441884)	(70.0, 0.6724592133844803)	(71.0, 0.18024679946388134)	(72.0, 0.05892683828626889)	(73.0, 0.04852798447104497)	(74.0, 0.027730276840597128)	(75.0, 0.013865138420298564)	(76.0, 0.024263992235522485)	(77.0, 0.020797707630447845)	(78.0, 0.010398853815223923)	(79.0, 0.017331423025373202)	(80.0, 0.006932569210149282)	(81.0, 0.013865138420298564)	(82.0, 0.013865138420298564)	(83.0, 0.013865138420298564)	(84.0, 0.006932569210149282)	(85.0, 0.003466284605074641)	(86.0, 0.0)	(87.0, 0.0)	(88.0, 0.0)	(89.0, 0.003466284605074641)	(90.0, 0.006932569210149282)	(91.0, 0.0)	(92.0, 0.0)	(93.0, 0.003466284605074641)	(94.0, 0.003466284605074641)	(95.0, 0.0)	(96.0, 0.0)	(97.0, 0.0)	(98.0, 0.0)	(99.0, 0.0)	(100.0, 0.004621712806766188)
607B14_S8_L001_R1_001	(0.0, 0.0)	(1.0, 0.0)	(2.0, 0.0)	(3.0, 0.0)	(4.0, 0.0)	(5.0, 0.0)	(6.0, 0.0)	(7.0, 0.0)	(8.0, 0.0)	(9.0, 0.0)	(10.0, 0.0)	(11.0, 0.0)	(12.0, 0.0)	(13.0, 0.0)	(14.0, 0.0)	(15.0, 0.0)	(16.0, 0.0)	(17.0, 0.0)	(18.0, 0.0)	(19.0, 0.0)	(20.0, 0.0)	(21.0, 0.0)	(22.0, 0.0)	(23.0, 0.0)	(24.0, 0.0)	(25.0, 0.0)	(26.0, 0.0)	(27.0, 0.0)	(28.0, 0.0)	(29.0, 0.0)	(30.0, 0.0)	(31.0, 0.0)	(32.0, 0.0)	(33.0, 0.0)	(34.0, 0.0)	(35.0, 0.0)	(36.0, 0.0)	(37.0, 0.0)	(38.0, 0.0)	(39.0, 0.0032037932912568484)	(40.0, 0.0032037932912568484)	(41.0, 0.012815173165027394)	(42.0, 0.02242655303879794)	(43.0, 0.04592103717468148)	(44.0, 0.04592103717468148)	(45.0, 0.06727965911639382)	(46.0, 0.2381486346500924)	(47.0, 0.5061993400185819)	(48.0, 0.698426937493993)	(49.0, 0.9429831587265991)	(50.0, 2.5192494580249694)	(51.0, 10.52873268616709)	(52.0, 16.020034387381322)	(53.0, 15.027926398188784)	(54.0, 14.732109484296071)	(55.0, 13.352342506861461)	(56.0, 10.708145110477476)	(57.0, 5.8714851717767145)	(58.0, 1.809075278463033)	(59.0, 1.0850179946389855)	(60.0, 0.7689103899016436)	(61.0, 0.8532769465714074)	(62.0, 0.5969734832708594)	(63.0, 0.2872734651160307)	(64.0, 0.37591174617413686)	(65.0, 0.28834139621311633)	(66.0, 0.88424694838689)	(67.0, 1.4673373273956365)	(68.0, 0.2050427706404383)	(69.0, 0.028834139621311632)	(70.0, 0.0032037932912568484)	(71.0, 0.0)	(72.0, 0.0)	(73.0, 0.0)	(74.0, 0.0)	(75.0, 0.0)	(76.0, 0.0)	(77.0, 0.0)	(78.0, 0.0)	(79.0, 0.0)	(80.0, 0.0)	(81.0, 0.0)	(82.0, 0.0)	(83.0, 0.0)	(84.0, 0.0)	(85.0, 0.0)	(86.0, 0.0)	(87.0, 0.0)	(88.0, 0.0)	(89.0, 0.0)	(90.0, 0.0)	(91.0, 0.0)	(92.0, 0.0)	(93.0, 0.0)	(94.0, 0.0)	(95.0, 0.0)	(96.0, 0.0)	(97.0, 0.0)	(98.0, 0.0)	(99.0, 0.0)	(100.0, 0.0)
607B14_S8_L001_R2_001	(0.0, 0.0)	(1.0, 0.0)	(2.0, 0.0)	(3.0, 0.0)	(4.0, 0.0)	(5.0, 0.0)	(6.0, 0.0)	(7.0, 0.0)	(8.0, 0.0)	(9.0, 0.0)	(10.0, 0.0)	(11.0, 0.0)	(12.0, 0.0)	(13.0, 0.0)	(14.0, 0.0)	(15.0, 0.0)	(16.0, 0.0)	(17.0, 0.0)	(18.0, 0.0)	(19.0, 0.0)	(20.0, 0.0)	(21.0, 0.0)	(22.0, 0.0)	(23.0, 0.0)	(24.0, 0.0)	(25.0, 0.0)	(26.0, 0.0)	(27.0, 0.0)	(28.0, 0.0)	(29.0, 0.0)	(30.0, 0.0)	(31.0, 0.0)	(32.0, 0.0)	(33.0, 0.0)	(34.0, 0.0)	(35.0, 0.0)	(36.0, 0.0)	(37.0, 0.003214538285150978)	(38.0, 0.0)	(39.0, 0.006429076570301956)	(40.0, 0.003214538285150978)	(41.0, 0.016072691425754893)	(42.0, 0.02678781904292482)	(43.0, 0.02678781904292482)	(44.0, 0.05143261256241565)	(45.0, 0.08357799541392544)	(46.0, 0.17679960568330386)	(47.0, 0.44896384715942)	(48.0, 1.39296659023209)	(49.0, 2.0080149154576445)	(50.0, 2.9873775796669793)	(51.0, 6.541585410282232)	(52.0, 15.51121873861519)	(53.0, 21.375608083492242)	(54.0, 17.889977069626887)	(55.0, 12.009515033324066)	(56.0, 8.118852195529653)	(57.0, 3.79851274028674)	(58.0, 1.1336605018965784)	(59.0, 0.5389709191436474)	(60.0, 0.3814585431712495)	(61.0, 0.30859567537449395)	(62.0, 0.34074105822600376)	(63.0, 0.40288879840558933)	(64.0, 0.455392923729722)	(65.0, 0.4189614898313441)	(66.0, 0.5228982277178926)	(67.0, 0.9997214066819542)	(68.0, 1.0222231746780113)	(69.0, 0.5464715084756664)	(70.0, 0.2089449885348136)	(71.0, 0.057861689132717616)	(72.0, 0.032145382851509786)	(73.0, 0.025716306281207826)	(74.0, 0.012858153140603913)	(75.0, 0.012858153140603913)	(76.0, 0.012858153140603913)	(77.0, 0.003214538285150978)	(78.0, 0.009643614855452936)	(79.0, 0.009643614855452936)	(80.0, 0.006429076570301956)	(81.0, 0.003214538285150978)	(82.0, 0.0)	(83.0, 0.003214538285150978)	(84.0, 0.006429076570301956)	(85.0, 0.006429076570301956)	(86.0, 0.0)	(87.0, 0.006429076570301956)	(88.0, 0.006429076570301956)	(89.0, 0.003214538285150978)	(90.0, 0.003214538285150978)	(91.0, 0.003214538285150978)	(92.0, 0.003214538285150978)	(93.0, 0.0)	(94.0, 0.0)	(95.0, 0.003214538285150978)	(96.0, 0.003214538285150978)	(97.0, 0.0)	(98.0, 0.0)	(99.0, 0.003214538285150978)	(100.0, 0.004286051046867971)
610A0_S21_L001_R1_001	(0.0, 0.0)	(1.0, 0.0)	(2.0, 0.0)	(3.0, 0.0)	(4.0, 0.0)	(5.0, 0.0)	(6.0, 0.0)	(7.0, 0.0)	(8.0, 0.0)	(9.0, 0.0)	(10.0, 0.0)	(11.0, 0.0)	(12.0, 0.0)	(13.0, 0.0)	(14.0, 0.0)	(15.0, 0.0)	(16.0, 0.0)	(17.0, 0.0)	(18.0, 0.0)	(19.0, 0.0)	(20.0, 0.0)	(21.0, 0.0)	(22.0, 0.0)	(23.0, 0.0)	(24.0, 0.0)	(25.0, 0.0)	(26.0, 0.0)	(27.0, 0.0)	(28.0, 0.0)	(29.0, 0.0)	(30.0, 0.0)	(31.0, 0.0)	(32.0, 0.0)	(33.0, 0.0)	(34.0, 0.0)	(35.0, 0.0)	(36.0, 0.0)	(37.0, 0.0)	(38.0, 0.0)	(39.0, 0.0)	(40.0, 0.0)	(41.0, 0.0)	(42.0, 0.0)	(43.0, 0.0032495667244367417)	(44.0, 0.0)	(45.0, 0.006499133448873483)	(46.0, 0.03574523396880416)	(47.0, 0.20147313691507798)	(48.0, 0.4040294627383016)	(49.0, 0.5340121317157713)	(50.0, 0.6759098786828425)	(51.0, 2.9603552859618767)	(52.0, 9.284012131715812)	(53.0, 17.230285961871722)	(54.0, 20.131065857885588)	(55.0, 32.43175909878684)	(56.0, 6.319324090121316)	(57.0, 2.113301559792028)	(58.0, 1.2077556325823224)	(59.0, 1.1124350086655113)	(60.0, 2.7686308492201044)	(61.0, 1.5370450606585788)	(62.0, 0.27621317157712305)	(63.0, 0.12998266897746968)	(64.0, 0.06499133448873484)	(65.0, 0.0617417677642981)	(66.0, 0.1689774696707106)	(67.0, 0.2989601386481802)	(68.0, 0.022746967071057195)	(69.0, 0.0032495667244367417)	(70.0, 0.01624783362218371)	(71.0, 0.0)	(72.0, 0.0)	(73.0, 0.0)	(74.0, 0.0)	(75.0, 0.0)	(76.0, 0.0)	(77.0, 0.0)	(78.0, 0.0)	(79.0, 0.0)	(80.0, 0.0)	(81.0, 0.0)	(82.0, 0.0)	(83.0, 0.0)	(84.0, 0.0)	(85.0, 0.0)	(86.0, 0.0)	(87.0, 0.0)	(88.0, 0.0)	(89.0, 0.0)	(90.0, 0.0)	(91.0, 0.0)	(92.0, 0.0)	(93.0, 0.0)	(94.0, 0.0)	(95.0, 0.0)	(96.0, 0.0)	(97.0, 0.0)	(98.0, 0.0)	(99.0, 0.0)	(100.0, 0.0)
610A0_S21_L001_R2_001	(0.0, 0.0)	(1.0, 0.0)	(2.0, 0.0)	(3.0, 0.0)	(4.0, 0.0)	(5.0, 0.0)	(6.0, 0.0)	(7.0, 0.0)	(8.0, 0.0)	(9.0, 0.0)	(10.0, 0.0)	(11.0, 0.0)	(12.0, 0.0)	(13.0, 0.0)	(14.0, 0.0)	(15.0, 0.0)	(16.0, 0.0)	(17.0, 0.0)	(18.0, 0.0)	(19.0, 0.0)	(20.0, 0.0)	(21.0, 0.0)	(22.0, 0.0)	(23.0, 0.0)	(24.0, 0.0)	(25.0, 0.0)	(26.0, 0.0)	(27.0, 0.0)	(28.0, 0.0)	(29.0, 0.0)	(30.0, 0.0)	(31.0, 0.0)	(32.0, 0.0)	(33.0, 0.0)	(34.0, 0.0)	(35.0, 0.0)	(36.0, 0.0)	(37.0, 0.0)	(38.0, 0.0)	(39.0, 0.0)	(40.0, 0.0)	(41.0, 0.0063727416596743545)	(42.0, 0.0031863708298371773)	(43.0, 0.022304595808860236)	(44.0, 0.025490966638697418)	(45.0, 0.04460919161772048)	(46.0, 0.12214421514375846)	(47.0, 0.19967923866979642)	(48.0, 0.507695085554057)	(49.0, 0.8040275727289146)	(50.0, 0.873065607375387)	(51.0, 2.356852290469569)	(52.0, 7.949995220443755)	(53.0, 16.208006287771777)	(54.0, 18.172934966171365)	(55.0, 17.939267771983296)	(56.0, 17.48361674331659)	(57.0, 7.418933415470895)	(58.0, 4.095548639950718)	(59.0, 2.579898248558168)	(60.0, 1.0568129918959972)	(61.0, 0.43016006202801893)	(62.0, 0.27721426219583445)	(63.0, 0.1656912831515332)	(64.0, 0.14763518178245588)	(65.0, 0.17737464286093618)	(66.0, 0.1571942942719674)	(67.0, 0.20392773310957935)	(68.0, 0.25172329555713696)	(69.0, 0.1402003165128358)	(70.0, 0.05416830410723201)	(71.0, 0.03505007912820895)	(72.0, 0.025490966638697418)	(73.0, 0.019118224979023064)	(74.0, 0.0031863708298371773)	(75.0, 0.0063727416596743545)	(76.0, 0.0063727416596743545)	(77.0, 0.0031863708298371773)	(78.0, 0.0063727416596743545)	(79.0, 0.0031863708298371773)	(80.0, 0.0)	(81.0, 0.0)	(82.0, 0.0)	(83.0, 0.0031863708298371773)	(84.0, 0.0031863708298371773)	(85.0, 0.0)	(86.0, 0.0)	(87.0, 0.0031863708298371773)	(88.0, 0.0)	(89.0, 0.0)	(90.0, 0.0)	(91.0, 0.0031863708298371773)	(92.0, 0.0031863708298371773)	(93.0, 0.0)	(94.0, 0.0)	(95.0, 0.0)	(96.0, 0.0)	(97.0, 0.0)	(98.0, 0.0)	(99.0, 0.0)	(100.0, 0.0)
610A14_S22_L001_R1_001	(0.0, 0.01193661656603438)	(1.0, 0.00596830828301719)	(2.0, 0.0)	(3.0, 0.0)	(4.0, 0.0)	(5.0, 0.0)	(6.0, 0.0)	(7.0, 0.0)	(8.0, 0.0)	(9.0, 0.0)	(10.0, 0.0)	(11.0, 0.0)	(12.0, 0.0)	(13.0, 0.0)	(14.0, 0.0)	(15.0, 0.0)	(16.0, 0.0)	(17.0, 0.0)	(18.0, 0.0)	(19.0, 0.0)	(20.0, 0.0)	(21.0, 0.0)	(22.0, 0.0)	(23.0, 0.0)	(24.0, 0.0)	(25.0, 0.0)	(26.0, 0.0)	(27.0, 0.0)	(28.0, 0.0)	(29.0, 0.0)	(30.0, 0.0)	(31.0, 0.0)	(32.0, 0.0)	(33.0, 0.0)	(34.0, 0.0)	(35.0, 0.0)	(36.0, 0.0)	(37.0, 0.0)	(38.0, 0.0)	(39.0, 0.0)	(40.0, 0.0)	(41.0, 0.00596830828301719)	(42.0, 0.01193661656603438)	(43.0, 0.01193661656603438)	(44.0, 0.01193661656603438)	(45.0, 0.01193661656603438)	(46.0, 0.05371477454715471)	(47.0, 0.3859506023017783)	(48.0, 0.6475614487073652)	(49.0, 0.7002815052073503)	(50.0, 1.7656245337259184)	(51.0, 9.618923516129385)	(52.0, 16.6048283614009)	(53.0, 19.097591787607744)	(54.0, 23.053585461201045)	(55.0, 19.355223761824742)	(56.0, 5.453044334583371)	(57.0, 1.2155454536411676)	(58.0, 0.39191891058479544)	(59.0, 0.3133361848584025)	(60.0, 0.2049119177169235)	(61.0, 0.2158538162357884)	(62.0, 0.1820334026320243)	(63.0, 0.08952462424525784)	(64.0, 0.03580984969810314)	(65.0, 0.026857387273577355)	(66.0, 0.19098586505655007)	(67.0, 0.27752633516029934)	(68.0, 0.02387323313206876)	(69.0, 0.002984154141508595)	(70.0, 0.008952462424525786)	(71.0, 0.002984154141508595)	(72.0, 0.0)	(73.0, 0.0)	(74.0, 0.0)	(75.0, 0.0)	(76.0, 0.0)	(77.0, 0.0)	(78.0, 0.0)	(79.0, 0.0)	(80.0, 0.0)	(81.0, 0.002984154141508595)	(82.0, 0.0)	(83.0, 0.0)	(84.0, 0.0)	(85.0, 0.0)	(86.0, 0.002984154141508595)	(87.0, 0.002984154141508595)	(88.0, 0.0)	(89.0, 0.0)	(90.0, 0.0)	(91.0, 0.0)	(92.0, 0.0)	(93.0, 0.0)	(94.0, 0.0)	(95.0, 0.0)	(96.0, 0.0)	(97.0, 0.0)	(98.0, 0.0)	(99.0, 0.0)	(100.0, 0.0)
610A14_S22_L001_R2_001	(0.0, 0.012113870381586926)	(1.0, 0.006056935190793463)	(2.0, 0.0)	(3.0, 0.0)	(4.0, 0.0)	(5.0, 0.0)	(6.0, 0.0)	(7.0, 0.0)	(8.0, 0.0)	(9.0, 0.0)	(10.0, 0.0)	(11.0, 0.0)	(12.0, 0.0)	(13.0, 0.0)	(14.0, 0.0)	(15.0, 0.0)	(16.0, 0.0)	(17.0, 0.0)	(18.0, 0.0)	(19.0, 0.0)	(20.0, 0.0)	(21.0, 0.0)	(22.0, 0.0)	(23.0, 0.0)	(24.0, 0.0)	(25.0, 0.0)	(26.0, 0.0)	(27.0, 0.0)	(28.0, 0.0)	(29.0, 0.0)	(30.0, 0.0)	(31.0, 0.0)	(32.0, 0.0)	(33.0, 0.0)	(34.0, 0.0)	(35.0, 0.0)	(36.0, 0.0)	(37.0, 0.004037956793862308)	(38.0, 0.004037956793862308)	(39.0, 0.009085402786190194)	(40.0, 0.009085402786190194)	(41.0, 0.009085402786190194)	(42.0, 0.009085402786190194)	(43.0, 0.016151827175449232)	(44.0, 0.02119927316777712)	(45.0, 0.0484554815263477)	(46.0, 0.1494044013729054)	(47.0, 0.3543307086614175)	(48.0, 0.6763577629719367)	(49.0, 0.9983848172824556)	(50.0, 1.2366242681203305)	(51.0, 4.140924692105793)	(52.0, 14.338784575005079)	(53.0, 25.804562891177024)	(54.0, 24.94447809408438)	(55.0, 16.272965879265097)	(56.0, 6.317383403997582)	(57.0, 1.94225721784777)	(58.0, 0.7036139713305073)	(59.0, 0.3492832626690896)	(60.0, 0.16959418534221696)	(61.0, 0.11205330102967904)	(62.0, 0.10902483343428232)	(63.0, 0.1403189985867152)	(64.0, 0.1483949121744398)	(65.0, 0.10296789824348887)	(66.0, 0.11205330102967904)	(67.0, 0.21804966686856464)	(68.0, 0.23924894003634176)	(69.0, 0.11811023622047252)	(70.0, 0.03937007874015751)	(71.0, 0.02119927316777712)	(72.0, 0.009085402786190194)	(73.0, 0.012113870381586926)	(74.0, 0.0030284675953967314)	(75.0, 0.0030284675953967314)	(76.0, 0.012113870381586926)	(77.0, 0.009085402786190194)	(78.0, 0.0030284675953967314)	(79.0, 0.006056935190793463)	(80.0, 0.009085402786190194)	(81.0, 0.0)	(82.0, 0.0030284675953967314)	(83.0, 0.006056935190793463)	(84.0, 0.006056935190793463)	(85.0, 0.0)	(86.0, 0.0)	(87.0, 0.0)	(88.0, 0.0)	(89.0, 0.0)	(90.0, 0.0030284675953967314)	(91.0, 0.0030284675953967314)	(92.0, 0.0)	(93.0, 0.0)	(94.0, 0.0)	(95.0, 0.0)	(96.0, 0.0)	(97.0, 0.0)	(98.0, 0.0)	(99.0, 0.0)	(100.0, 0.004037956793862308)
610B0_S23_L001_R1_001	(0.0, 0.04552956576176655)	(1.0, 0.022764782880883273)	(2.0, 0.0)	(3.0, 0.0)	(4.0, 0.0)	(5.0, 0.0)	(6.0, 0.0)	(7.0, 0.0)	(8.0, 0.0)	(9.0, 0.0)	(10.0, 0.0)	(11.0, 0.0)	(12.0, 0.0)	(13.0, 0.0)	(14.0, 0.0)	(15.0, 0.0)	(16.0, 0.0)	(17.0, 0.0)	(18.0, 0.0)	(19.0, 0.0)	(20.0, 0.0)	(21.0, 0.0)	(22.0, 0.0)	(23.0, 0.0)	(24.0, 0.0)	(25.0, 0.0)	(26.0, 0.0)	(27.0, 0.0)	(28.0, 0.0)	(29.0, 0.0)	(30.0, 0.0)	(31.0, 0.0)	(32.0, 0.0)	(33.0, 0.0)	(34.0, 0.0)	(35.0, 0.0)	(36.0, 0.0)	(37.0, 0.0)	(38.0, 0.005691195720220818)	(39.0, 0.014227989300552045)	(40.0, 0.005691195720220818)	(41.0, 0.0)	(42.0, 0.010433858820404832)	(43.0, 0.006639728340257621)	(44.0, 0.005691195720220818)	(45.0, 0.014227989300552045)	(46.0, 0.07398554436287064)	(47.0, 0.3955381025553469)	(48.0, 1.0082901750991216)	(49.0, 1.382012027393622)	(50.0, 1.6295790412232276)	(51.0, 7.5617020469334)	(52.0, 13.097338417468226)	(53.0, 14.874888547417129)	(54.0, 23.091078102175906)	(55.0, 24.3431411606245)	(56.0, 6.698537362699902)	(57.0, 2.0146832849581715)	(58.0, 0.7844364767704362)	(59.0, 0.5131561474399104)	(60.0, 0.7825394115303625)	(61.0, 0.46003832071784945)	(62.0, 0.20488304592794948)	(63.0, 0.08821353366342269)	(64.0, 0.04268396790165614)	(65.0, 0.04268396790165614)	(66.0, 0.2731773945705993)	(67.0, 0.4439132661772239)	(68.0, 0.04552956576176655)	(69.0, 0.008536793580331228)	(70.0, 0.0)	(71.0, 0.002845597860110409)	(72.0, 0.002845597860110409)	(73.0, 0.002845597860110409)	(74.0, 0.0)	(75.0, 0.0)	(76.0, 0.0)	(77.0, 0.0)	(78.0, 0.0)	(79.0, 0.0)	(80.0, 0.0)	(81.0, 0.0)	(82.0, 0.0)	(83.0, 0.0)	(84.0, 0.0)	(85.0, 0.0)	(86.0, 0.0)	(87.0, 0.0)	(88.0, 0.0)	(89.0, 0.0)	(90.0, 0.0)	(91.0, 0.0)	(92.0, 0.0)	(93.0, 0.0)	(94.0, 0.0)	(95.0, 0.0)	(96.0, 0.0)	(97.0, 0.0)	(98.0, 0.0)	(99.0, 0.0)	(100.0, 0.0)
610B0_S23_L001_R2_001	(0.0, 0.0459237856507305)	(1.0, 0.02296189282536525)	(2.0, 0.0)	(3.0, 0.0)	(4.0, 0.0)	(5.0, 0.0)	(6.0, 0.0)	(7.0, 0.0)	(8.0, 0.0)	(9.0, 0.0)	(10.0, 0.0)	(11.0, 0.0)	(12.0, 0.0)	(13.0, 0.0)	(14.0, 0.0)	(15.0, 0.0)	(16.0, 0.0)	(17.0, 0.0)	(18.0, 0.0)	(19.0, 0.0)	(20.0, 0.0)	(21.0, 0.0)	(22.0, 0.0)	(23.0, 0.0)	(24.0, 0.0)	(25.0, 0.0)	(26.0, 0.0)	(27.0, 0.0)	(28.0, 0.0)	(29.0, 0.0)	(30.0, 0.0038269821375608746)	(31.0, 0.00669721874073153)	(32.0, 0.0)	(33.0, 0.0)	(34.0, 0.0)	(35.0, 0.0)	(36.0, 0.0)	(37.0, 0.002870236603170656)	(38.0, 0.017221419619023938)	(39.0, 0.014351183015853282)	(40.0, 0.009567455343902187)	(41.0, 0.016264674084633716)	(42.0, 0.019134910687804374)	(43.0, 0.020091656222194592)	(44.0, 0.015307928550243498)	(45.0, 0.05357774992585225)	(46.0, 0.19134910687804382)	(47.0, 0.37887123161852654)	(48.0, 1.0084097932472904)	(49.0, 1.5394035648338613)	(50.0, 1.4590369399450822)	(51.0, 3.450024397011129)	(52.0, 12.487442714861158)	(53.0, 22.647123544550805)	(54.0, 25.176758737478593)	(55.0, 17.435730618727348)	(56.0, 7.199510146286395)	(57.0, 2.3000162646740865)	(58.0, 1.294476708029966)	(59.0, 0.914648730877049)	(60.0, 0.35495259325877115)	(61.0, 0.16743046851828827)	(62.0, 0.16168999531194697)	(63.0, 0.14829555783048393)	(64.0, 0.13872810248658174)	(65.0, 0.12916064714267955)	(66.0, 0.1473388122960937)	(67.0, 0.3071153165392602)	(68.0, 0.3071153165392602)	(69.0, 0.21526774523779924)	(70.0, 0.07749638828560772)	(71.0, 0.025832129428535903)	(72.0, 0.014351183015853282)	(73.0, 0.011480946412682625)	(74.0, 0.014351183015853282)	(75.0, 0.008610709809511969)	(76.0, 0.0)	(77.0, 0.002870236603170656)	(78.0, 0.008610709809511969)	(79.0, 0.002870236603170656)	(80.0, 0.0)	(81.0, 0.002870236603170656)	(82.0, 0.002870236603170656)	(83.0, 0.0)	(84.0, 0.0)	(85.0, 0.0)	(86.0, 0.0)	(87.0, 0.002870236603170656)	(88.0, 0.002870236603170656)	(89.0, 0.005740473206341312)	(90.0, 0.005740473206341312)	(91.0, 0.0)	(92.0, 0.0)	(93.0, 0.0)	(94.0, 0.0)	(95.0, 0.0)	(96.0, 0.0)	(97.0, 0.002870236603170656)	(98.0, 0.0)	(99.0, 0.0)	(100.0, 0.0)
610B14_S24_L001_R1_001	(0.0, 0.0)	(1.0, 0.0)	(2.0, 0.0)	(3.0, 0.0)	(4.0, 0.0)	(5.0, 0.0)	(6.0, 0.0)	(7.0, 0.0)	(8.0, 0.0)	(9.0, 0.0)	(10.0, 0.0)	(11.0, 0.0)	(12.0, 0.0)	(13.0, 0.0)	(14.0, 0.0)	(15.0, 0.0)	(16.0, 0.0)	(17.0, 0.0)	(18.0, 0.0)	(19.0, 0.0)	(20.0, 0.0)	(21.0, 0.0)	(22.0, 0.0)	(23.0, 0.0)	(24.0, 0.0)	(25.0, 0.0)	(26.0, 0.0)	(27.0, 0.0)	(28.0, 0.0)	(29.0, 0.0)	(30.0, 0.0)	(31.0, 0.0)	(32.0, 0.0)	(33.0, 0.0)	(34.0, 0.0)	(35.0, 0.0)	(36.0, 0.0)	(37.0, 0.0)	(38.0, 0.0)	(39.0, 0.0035841865688581963)	(40.0, 0.0)	(41.0, 0.0)	(42.0, 0.0)	(43.0, 0.014336746275432785)	(44.0, 0.021505119413149178)	(45.0, 0.01792093284429098)	(46.0, 0.10872032592203194)	(47.0, 0.5089544927778639)	(48.0, 0.9402516098971336)	(49.0, 1.2425180105375078)	(50.0, 2.013118122842019)	(51.0, 5.629562370819928)	(52.0, 12.375001493411224)	(53.0, 20.248264656336158)	(54.0, 21.930442885987006)	(55.0, 22.269745881172245)	(56.0, 6.934206281884321)	(57.0, 2.144538297033487)	(58.0, 0.9402516098971336)	(59.0, 0.618869547556182)	(60.0, 0.7837421297236589)	(61.0, 0.4109867265624064)	(62.0, 0.13978327618546965)	(63.0, 0.09438357964659916)	(64.0, 0.04659442539515655)	(65.0, 0.043010238826298355)	(66.0, 0.1792093284429098)	(67.0, 0.3118242314906631)	(68.0, 0.01792093284429098)	(69.0, 0.0071683731377163926)	(70.0, 0.0035841865688581963)	(71.0, 0.0)	(72.0, 0.0)	(73.0, 0.0)	(74.0, 0.0)	(75.0, 0.0)	(76.0, 0.0)	(77.0, 0.0)	(78.0, 0.0)	(79.0, 0.0)	(80.0, 0.0)	(81.0, 0.0)	(82.0, 0.0)	(83.0, 0.0)	(84.0, 0.0)	(85.0, 0.0)	(86.0, 0.0)	(87.0, 0.0)	(88.0, 0.0)	(89.0, 0.0)	(90.0, 0.0)	(91.0, 0.0)	(92.0, 0.0)	(93.0, 0.0)	(94.0, 0.0)	(95.0, 0.0)	(96.0, 0.0)	(97.0, 0.0)	(98.0, 0.0)	(99.0, 0.0)	(100.0, 0.0)
610B14_S24_L001_R2_001	(0.0, 0.0)	(1.0, 0.0)	(2.0, 0.0)	(3.0, 0.0)	(4.0, 0.0)	(5.0, 0.0)	(6.0, 0.0)	(7.0, 0.0)	(8.0, 0.0)	(9.0, 0.0)	(10.0, 0.0)	(11.0, 0.0)	(12.0, 0.0)	(13.0, 0.0)	(14.0, 0.0)	(15.0, 0.0)	(16.0, 0.0)	(17.0, 0.0035922120842014514)	(18.0, 0.0)	(19.0, 0.0)	(20.0, 0.0)	(21.0, 0.0)	(22.0, 0.0)	(23.0, 0.0)	(24.0, 0.0)	(25.0, 0.0)	(26.0, 0.0)	(27.0, 0.0)	(28.0, 0.0)	(29.0, 0.0)	(30.0, 0.0)	(31.0, 0.0)	(32.0, 0.0)	(33.0, 0.0)	(34.0, 0.0)	(35.0, 0.0)	(36.0, 0.0)	(37.0, 0.0)	(38.0, 0.0)	(39.0, 0.0035922120842014514)	(40.0, 0.0)	(41.0, 0.010776636252604353)	(42.0, 0.010776636252604353)	(43.0, 0.015566252364872954)	(44.0, 0.029935100701678756)	(45.0, 0.08741049404890198)	(46.0, 0.16045213976099815)	(47.0, 0.4334602581603084)	(48.0, 1.3063677946212608)	(49.0, 2.0295998275738194)	(50.0, 1.9433867375529834)	(51.0, 4.735732931005576)	(52.0, 13.551021385635975)	(53.0, 22.363915032210144)	(54.0, 22.265727901908647)	(55.0, 15.383049548578686)	(56.0, 8.365064540077114)	(57.0, 2.800728021649065)	(58.0, 1.5350719639820871)	(59.0, 0.9028426371626314)	(60.0, 0.3711952487008166)	(61.0, 0.22151974519242285)	(62.0, 0.15326771559259522)	(63.0, 0.15087290753646096)	(64.0, 0.15087290753646096)	(65.0, 0.1808080082381397)	(66.0, 0.1400962712838566)	(67.0, 0.2514548458941016)	(68.0, 0.183202816294274)	(69.0, 0.08980530210503629)	(70.0, 0.061067605431424664)	(71.0, 0.021553272505208707)	(72.0, 0.014368848336805806)	(73.0, 0.007184424168402903)	(74.0, 0.0)	(75.0, 0.007184424168402903)	(76.0, 0.007184424168402903)	(77.0, 0.007184424168402903)	(78.0, 0.010776636252604353)	(79.0, 0.017961060421007258)	(80.0, 0.014368848336805806)	(81.0, 0.0)	(82.0, 0.0)	(83.0, 0.0)	(84.0, 0.0)	(85.0, 0.0)	(86.0, 0.0)	(87.0, 0.0)	(88.0, 0.0)	(89.0, 0.0)	(90.0, 0.0)	(91.0, 0.0)	(92.0, 0.0)	(93.0, 0.0)	(94.0, 0.0)	(95.0, 0.0)	(96.0, 0.0)	(97.0, 0.0)	(98.0, 0.0)	(99.0, 0.0)	(100.0, 0.0)
612A0_S41_L001_R1_001	(0.0, 0.05708169818052087)	(1.0, 0.028540849090260435)	(2.0, 0.0)	(3.0, 0.0)	(4.0, 0.0)	(5.0, 0.0)	(6.0, 0.0)	(7.0, 0.0)	(8.0, 0.0)	(9.0, 0.0)	(10.0, 0.0)	(11.0, 0.0)	(12.0, 0.0)	(13.0, 0.0)	(14.0, 0.0)	(15.0, 0.0)	(16.0, 0.0)	(17.0, 0.0)	(18.0, 0.0)	(19.0, 0.0)	(20.0, 0.0)	(21.0, 0.0)	(22.0, 0.0)	(23.0, 0.0)	(24.0, 0.0)	(25.0, 0.0)	(26.0, 0.0)	(27.0, 0.0)	(28.0, 0.0)	(29.0, 0.0)	(30.0, 0.0)	(31.0, 0.0)	(32.0, 0.0)	(33.0, 0.0)	(34.0, 0.0)	(35.0, 0.0)	(36.0, 0.0)	(37.0, 0.0)	(38.0, 0.0)	(39.0, 0.0)	(40.0, 0.0)	(41.0, 0.007135212272565109)	(42.0, 0.0)	(43.0, 0.0)	(44.0, 0.014270424545130217)	(45.0, 0.0)	(46.0, 0.021405636817695327)	(47.0, 0.13556903317873706)	(48.0, 0.2711380663574741)	(49.0, 0.35200380544654536)	(50.0, 1.2819598049708647)	(51.0, 11.8063979070044)	(52.0, 20.021405636817697)	(53.0, 12.353430847901057)	(54.0, 27.80592222618623)	(55.0, 19.897728624093237)	(56.0, 2.29991675585682)	(57.0, 1.315257462242835)	(58.0, 1.3866095849684865)	(59.0, 0.3853014627185159)	(60.0, 0.13794743726959208)	(61.0, 0.12129860863360686)	(62.0, 0.021405636817695327)	(63.0, 0.0784873349982162)	(64.0, 0.03567606136282554)	(65.0, 0.042811273635390654)	(66.0, 0.021405636817695327)	(67.0, 0.08562254727078131)	(68.0, 0.014270424545130217)	(69.0, 0.0)	(70.0, 0.0)	(71.0, 0.0)	(72.0, 0.0)	(73.0, 0.0)	(74.0, 0.0)	(75.0, 0.0)	(76.0, 0.0)	(77.0, 0.0)	(78.0, 0.0)	(79.0, 0.0)	(80.0, 0.0)	(81.0, 0.0)	(82.0, 0.0)	(83.0, 0.0)	(84.0, 0.0)	(85.0, 0.0)	(86.0, 0.0)	(87.0, 0.0)	(88.0, 0.0)	(89.0, 0.0)	(90.0, 0.0)	(91.0, 0.0)	(92.0, 0.0)	(93.0, 0.0)	(94.0, 0.0)	(95.0, 0.0)	(96.0, 0.0)	(97.0, 0.0)	(98.0, 0.0)	(99.0, 0.0)	(100.0, 0.0)
612A0_S41_L001_R2_001	(0.0, 0.06028787460122082)	(1.0, 0.03014393730061041)	(2.0, 0.0)	(3.0, 0.0)	(4.0, 0.0)	(5.0, 0.0)	(6.0, 0.0)	(7.0, 0.0)	(8.0, 0.0)	(9.0, 0.0)	(10.0, 0.0)	(11.0, 0.0)	(12.0, 0.0)	(13.0, 0.0)	(14.0, 0.0)	(15.0, 0.0)	(16.0, 0.0)	(17.0, 0.0)	(18.0, 0.0)	(19.0, 0.0)	(20.0, 0.0)	(21.0, 0.0)	(22.0, 0.0)	(23.0, 0.0)	(24.0, 0.0)	(25.0, 0.0)	(26.0, 0.0)	(27.0, 0.0)	(28.0, 0.0)	(29.0, 0.0)	(30.0, 0.0)	(31.0, 0.0)	(32.0, 0.0)	(33.0, 0.0)	(34.0, 0.007535984325152603)	(35.0, 0.007535984325152603)	(36.0, 0.0)	(37.0, 0.0)	(38.0, 0.007535984325152603)	(39.0, 0.007535984325152603)	(40.0, 0.01004797910020347)	(41.0, 0.01004797910020347)	(42.0, 0.007535984325152603)	(43.0, 0.007535984325152603)	(44.0, 0.05275189027606822)	(45.0, 0.03014393730061041)	(46.0, 0.037679921625763016)	(47.0, 0.17332763947850988)	(48.0, 0.6480946519631238)	(49.0, 0.7937903489160741)	(50.0, 1.4418850008791981)	(51.0, 3.687608329774671)	(52.0, 17.061468512145485)	(53.0, 27.51639076590722)	(54.0, 25.481674998116006)	(55.0, 15.303072169609885)	(56.0, 4.154839357934135)	(57.0, 1.2786053405008915)	(58.0, 0.5727348087115979)	(59.0, 0.3014393730061041)	(60.0, 0.20347157677912028)	(61.0, 0.23110351930467984)	(62.0, 0.11303976487728905)	(63.0, 0.09043181190183124)	(64.0, 0.15071968650305206)	(65.0, 0.12057574920244164)	(66.0, 0.07535984325152603)	(67.0, 0.08289582757667863)	(68.0, 0.06782385892637342)	(69.0, 0.06782385892637342)	(70.0, 0.015071968650305205)	(71.0, 0.007535984325152603)	(72.0, 0.015071968650305205)	(73.0, 0.03014393730061041)	(74.0, 0.007535984325152603)	(75.0, 0.007535984325152603)	(76.0, 0.007535984325152603)	(77.0, 0.0)	(78.0, 0.0)	(79.0, 0.0)	(80.0, 0.0)	(81.0, 0.0)	(82.0, 0.0)	(83.0, 0.0)	(84.0, 0.007535984325152603)	(85.0, 0.007535984325152603)	(86.0, 0.0)	(87.0, 0.0)	(88.0, 0.0)	(89.0, 0.0)	(90.0, 0.0)	(91.0, 0.0)	(92.0, 0.0)	(93.0, 0.0)	(94.0, 0.0)	(95.0, 0.0)	(96.0, 0.0)	(97.0, 0.0)	(98.0, 0.0)	(99.0, 0.0)	(100.0, 0.0)
612A14_S42_L001_R1_001	(0.0, 0.008774110524545574)	(1.0, 0.004387055262272787)	(2.0, 0.0)	(3.0, 0.0)	(4.0, 0.0)	(5.0, 0.0)	(6.0, 0.0)	(7.0, 0.0)	(8.0, 0.0)	(9.0, 0.0)	(10.0, 0.0)	(11.0, 0.0)	(12.0, 0.0)	(13.0, 0.0)	(14.0, 0.0)	(15.0, 0.0)	(16.0, 0.0)	(17.0, 0.0)	(18.0, 0.0)	(19.0, 0.0)	(20.0, 0.0)	(21.0, 0.0)	(22.0, 0.0)	(23.0, 0.0)	(24.0, 0.0)	(25.0, 0.0)	(26.0, 0.0)	(27.0, 0.0)	(28.0, 0.0)	(29.0, 0.0)	(30.0, 0.0)	(31.0, 0.0)	(32.0, 0.0)	(33.0, 0.0)	(34.0, 0.0)	(35.0, 0.0)	(36.0, 0.0)	(37.0, 0.0021935276311363934)	(38.0, 0.0021935276311363934)	(39.0, 0.0021935276311363934)	(40.0, 0.0)	(41.0, 0.0021935276311363934)	(42.0, 0.0)	(43.0, 0.004387055262272787)	(44.0, 0.0021935276311363934)	(45.0, 0.008774110524545574)	(46.0, 0.05045113551613705)	(47.0, 1.4235994326075194)	(48.0, 2.6841466446339006)	(49.0, 1.748972697892751)	(50.0, 3.063626924820497)	(51.0, 13.636430106897912)	(52.0, 21.636956553529387)	(53.0, 15.180673559217931)	(54.0, 20.110261322258456)	(55.0, 13.343959756079723)	(56.0, 3.5103753856952755)	(57.0, 1.3117295234195632)	(58.0, 1.2020531418627434)	(59.0, 0.45552257139932445)	(60.0, 0.13892341663863828)	(61.0, 0.11113873331091062)	(62.0, 0.040214673237500546)	(63.0, 0.09432168813886493)	(64.0, 0.026322331573636726)	(65.0, 0.015354693417954755)	(66.0, 0.06580582893409181)	(67.0, 0.09432168813886493)	(68.0, 0.017548221049091147)	(69.0, 0.0)	(70.0, 0.0)	(71.0, 0.0)	(72.0, 0.0)	(73.0, 0.0)	(74.0, 0.0)	(75.0, 0.0)	(76.0, 0.0)	(77.0, 0.0)	(78.0, 0.0)	(79.0, 0.0)	(80.0, 0.0)	(81.0, 0.0)	(82.0, 0.0)	(83.0, 0.0)	(84.0, 0.0)	(85.0, 0.0)	(86.0, 0.0)	(87.0, 0.0)	(88.0, 0.0)	(89.0, 0.0)	(90.0, 0.0)	(91.0, 0.0)	(92.0, 0.0)	(93.0, 0.0)	(94.0, 0.0)	(95.0, 0.0)	(96.0, 0.0)	(97.0, 0.0)	(98.0, 0.0)	(99.0, 0.0)	(100.0, 0.0)
612A14_S42_L001_R2_001	(0.0, 0.0)	(1.0, 0.0)	(2.0, 0.0)	(3.0, 0.0)	(4.0, 0.0)	(5.0, 0.0)	(6.0, 0.0)	(7.0, 0.0)	(8.0, 0.0)	(9.0, 0.0)	(10.0, 0.0)	(11.0, 0.0)	(12.0, 0.0)	(13.0, 0.0)	(14.0, 0.0)	(15.0, 0.0)	(16.0, 0.0)	(17.0, 0.0)	(18.0, 0.0)	(19.0, 0.0)	(20.0, 0.0)	(21.0, 0.0)	(22.0, 0.0)	(23.0, 0.0)	(24.0, 0.0)	(25.0, 0.0)	(26.0, 0.0)	(27.0, 0.0)	(28.0, 0.0)	(29.0, 0.0)	(30.0, 0.0)	(31.0, 0.0)	(32.0, 0.0)	(33.0, 0.0022517620037679487)	(34.0, 0.0022517620037679487)	(35.0, 0.0022517620037679487)	(36.0, 0.004503524007535897)	(37.0, 0.004503524007535897)	(38.0, 0.0022517620037679487)	(39.0, 0.004503524007535897)	(40.0, 0.016512921360964956)	(41.0, 0.0022517620037679487)	(42.0, 0.00975763534966111)	(43.0, 0.007505873345893161)	(44.0, 0.011258810018839743)	(45.0, 0.037529366729465816)	(46.0, 0.11408927485757606)	(47.0, 1.0253022990490055)	(48.0, 3.5592851406225345)	(49.0, 2.902521222856885)	(50.0, 4.4247123374040145)	(51.0, 7.462339280487)	(52.0, 18.435175524848134)	(53.0, 26.153465086430177)	(54.0, 19.475489570588977)	(55.0, 10.254524165159241)	(56.0, 3.2935772241779198)	(57.0, 1.1048645565154736)	(58.0, 0.40081363667069486)	(59.0, 0.21016445368500855)	(60.0, 0.14035983156820211)	(61.0, 0.13210337088771965)	(62.0, 0.12234573553805855)	(63.0, 0.09607517882743248)	(64.0, 0.10658340151168288)	(65.0, 0.09082106748530726)	(66.0, 0.09532459149284317)	(67.0, 0.0840657814740034)	(68.0, 0.08106343213564615)	(69.0, 0.027021144045215384)	(70.0, 0.01576233402637564)	(71.0, 0.009007048015071795)	(72.0, 0.011258810018839743)	(73.0, 0.0022517620037679487)	(74.0, 0.006755286011303846)	(75.0, 0.009007048015071795)	(76.0, 0.004503524007535897)	(77.0, 0.004503524007535897)	(78.0, 0.0022517620037679487)	(79.0, 0.004503524007535897)	(80.0, 0.004503524007535897)	(81.0, 0.0)	(82.0, 0.0022517620037679487)	(83.0, 0.0022517620037679487)	(84.0, 0.0)	(85.0, 0.0022517620037679487)	(86.0, 0.0022517620037679487)	(87.0, 0.004503524007535897)	(88.0, 0.004503524007535897)	(89.0, 0.0022517620037679487)	(90.0, 0.0)	(91.0, 0.0)	(92.0, 0.0)	(93.0, 0.0)	(94.0, 0.0)	(95.0, 0.0)	(96.0, 0.0)	(97.0, 0.0)	(98.0, 0.0)	(99.0, 0.0)	(100.0, 0.006004698676714529)
612B0_S43_L001_R1_001	(0.0, 0.010538518284329225)	(1.0, 0.005269259142164613)	(2.0, 0.0)	(3.0, 0.0)	(4.0, 0.0)	(5.0, 0.0)	(6.0, 0.0)	(7.0, 0.0)	(8.0, 0.0)	(9.0, 0.0)	(10.0, 0.0)	(11.0, 0.0)	(12.0, 0.0)	(13.0, 0.0)	(14.0, 0.0)	(15.0, 0.0)	(16.0, 0.0)	(17.0, 0.0)	(18.0, 0.0)	(19.0, 0.0)	(20.0, 0.0)	(21.0, 0.0)	(22.0, 0.0)	(23.0, 0.0)	(24.0, 0.0)	(25.0, 0.0)	(26.0, 0.0)	(27.0, 0.0)	(28.0, 0.0)	(29.0, 0.0)	(30.0, 0.0)	(31.0, 0.0)	(32.0, 0.0)	(33.0, 0.0)	(34.0, 0.0)	(35.0, 0.0)	(36.0, 0.0026346295710823063)	(37.0, 0.0)	(38.0, 0.0)	(39.0, 0.0)	(40.0, 0.0)	(41.0, 0.0)	(42.0, 0.0026346295710823063)	(43.0, 0.0061474689991920465)	(44.0, 0.00790388871324692)	(45.0, 0.02107703656865845)	(46.0, 0.11328907155653918)	(47.0, 3.6595004742333237)	(48.0, 6.057013383918222)	(49.0, 2.517827660097658)	(50.0, 3.677942881230899)	(51.0, 8.403590121895531)	(52.0, 12.18077071697053)	(53.0, 15.047247690308078)	(54.0, 20.66691256542663)	(55.0, 15.501282186391254)	(56.0, 6.710401517546635)	(57.0, 2.3983911195419267)	(58.0, 1.2769171321178903)	(59.0, 0.648997084343275)	(60.0, 0.2792707345347244)	(61.0, 0.24414234025362697)	(62.0, 0.1282186391260056)	(63.0, 0.07640425756138688)	(64.0, 0.02107703656865845)	(65.0, 0.026346295710823062)	(66.0, 0.09748129413004533)	(67.0, 0.18705869954684376)	(68.0, 0.02107703656865845)	(69.0, 0.0026346295710823063)	(70.0, 0.0)	(71.0, 0.0)	(72.0, 0.0)	(73.0, 0.0)	(74.0, 0.0)	(75.0, 0.0)	(76.0, 0.0)	(77.0, 0.0)	(78.0, 0.0)	(79.0, 0.0)	(80.0, 0.0)	(81.0, 0.0)	(82.0, 0.0)	(83.0, 0.0)	(84.0, 0.0)	(85.0, 0.0)	(86.0, 0.0)	(87.0, 0.0)	(88.0, 0.0)	(89.0, 0.0)	(90.0, 0.0)	(91.0, 0.0)	(92.0, 0.0)	(93.0, 0.0)	(94.0, 0.0)	(95.0, 0.0)	(96.0, 0.0)	(97.0, 0.0)	(98.0, 0.0)	(99.0, 0.0)	(100.0, 0.0)
612B0_S43_L001_R2_001	(0.0, 0.010751532093323305)	(1.0, 0.0053757660466616525)	(2.0, 0.0)	(3.0, 0.0)	(4.0, 0.0)	(5.0, 0.0)	(6.0, 0.0)	(7.0, 0.0)	(8.0, 0.0)	(9.0, 0.0)	(10.0, 0.0)	(11.0, 0.0)	(12.0, 0.0)	(13.0, 0.0)	(14.0, 0.0)	(15.0, 0.0)	(16.0, 0.0)	(17.0, 0.0)	(18.0, 0.0)	(19.0, 0.0)	(20.0, 0.0)	(21.0, 0.0)	(22.0, 0.0)	(23.0, 0.0)	(24.0, 0.0)	(25.0, 0.0)	(26.0, 0.0)	(27.0, 0.0)	(28.0, 0.0)	(29.0, 0.0)	(30.0, 0.0)	(31.0, 0.0)	(32.0, 0.0)	(33.0, 0.0)	(34.0, 0.0)	(35.0, 0.0026878830233308263)	(36.0, 0.0)	(37.0, 0.0026878830233308263)	(38.0, 0.0)	(39.0, 0.0026878830233308263)	(40.0, 0.0)	(41.0, 0.0)	(42.0, 0.01612729813998496)	(43.0, 0.010751532093323305)	(44.0, 0.0277747912410852)	(45.0, 0.09765974984768669)	(46.0, 0.3010428986130525)	(47.0, 2.834820628606247)	(48.0, 7.634483747267326)	(49.0, 3.955667849335198)	(50.0, 2.538257535032079)	(51.0, 5.372182202630534)	(52.0, 14.70182417661183)	(53.0, 19.094720997742154)	(54.0, 20.774647887323944)	(55.0, 14.095258574346852)	(56.0, 4.931369386804288)	(57.0, 1.4846073898863927)	(58.0, 0.4918825932695412)	(59.0, 0.23563774504533574)	(60.0, 0.12364261907321801)	(61.0, 0.1317062681432105)	(62.0, 0.1128910869798947)	(63.0, 0.10482743790990222)	(64.0, 0.1361860731820952)	(65.0, 0.1128910869798947)	(66.0, 0.10572339891767918)	(67.0, 0.2123427588431353)	(68.0, 0.13976991721320298)	(69.0, 0.06719707558327066)	(70.0, 0.029566713256639086)	(71.0, 0.01343941511665413)	(72.0, 0.010751532093323305)	(73.0, 0.0053757660466616525)	(74.0, 0.008959610077769421)	(75.0, 0.01612729813998496)	(76.0, 0.0026878830233308263)	(77.0, 0.0026878830233308263)	(78.0, 0.0026878830233308263)	(79.0, 0.0026878830233308263)	(80.0, 0.0)	(81.0, 0.0)	(82.0, 0.0026878830233308263)	(83.0, 0.0)	(84.0, 0.0026878830233308263)	(85.0, 0.00806364906999248)	(86.0, 0.0053757660466616525)	(87.0, 0.0026878830233308263)	(88.0, 0.0026878830233308263)	(89.0, 0.0)	(90.0, 0.0)	(91.0, 0.0)	(92.0, 0.0)	(93.0, 0.0)	(94.0, 0.0)	(95.0, 0.0026878830233308263)	(96.0, 0.0026878830233308263)	(97.0, 0.0)	(98.0, 0.0026878830233308263)	(99.0, 0.0026878830233308263)	(100.0, 0.0)
612B14_S44_L001_R1_001	(0.0, 0.0)	(1.0, 0.0)	(2.0, 0.0)	(3.0, 0.0)	(4.0, 0.0)	(5.0, 0.0)	(6.0, 0.0)	(7.0, 0.0)	(8.0, 0.0)	(9.0, 0.0)	(10.0, 0.0)	(11.0, 0.0)	(12.0, 0.0)	(13.0, 0.0)	(14.0, 0.0)	(15.0, 0.0)	(16.0, 0.0)	(17.0, 0.0)	(18.0, 0.0)	(19.0, 0.0)	(20.0, 0.0)	(21.0, 0.0)	(22.0, 0.0)	(23.0, 0.0)	(24.0, 0.0)	(25.0, 0.0)	(26.0, 0.0)	(27.0, 0.0)	(28.0, 0.0)	(29.0, 0.0)	(30.0, 0.0)	(31.0, 0.0)	(32.0, 0.0)	(33.0, 0.0)	(34.0, 0.0)	(35.0, 0.0)	(36.0, 0.0)	(37.0, 0.0)	(38.0, 0.0)	(39.0, 0.004680734875375434)	(40.0, 0.002340367437687717)	(41.0, 0.009361469750750868)	(42.0, 0.012481959667667825)	(43.0, 0.018722939501501737)	(44.0, 0.009361469750750868)	(45.0, 0.012481959667667825)	(46.0, 0.17318719038889108)	(47.0, 3.210984124507547)	(48.0, 4.574638218200258)	(49.0, 2.7772360260560918)	(50.0, 4.396770292935991)	(51.0, 13.70831220501619)	(52.0, 17.94203689979327)	(53.0, 14.897218863361546)	(54.0, 18.21585989000272)	(55.0, 12.601318406989895)	(56.0, 4.0347934625736235)	(57.0, 1.4323048718648832)	(58.0, 0.7356554979131726)	(59.0, 0.4228263837422476)	(60.0, 0.2714826227717751)	(61.0, 0.18020829270195424)	(62.0, 0.07723212544369468)	(63.0, 0.12872020907282444)	(64.0, 0.02808440925225261)	(65.0, 0.014042204626126304)	(66.0, 0.030424776689940324)	(67.0, 0.06084955337988065)	(68.0, 0.002340367437687717)	(69.0, 0.002340367437687717)	(70.0, 0.004680734875375434)	(71.0, 0.002340367437687717)	(72.0, 0.0)	(73.0, 0.0)	(74.0, 0.002340367437687717)	(75.0, 0.002340367437687717)	(76.0, 0.0)	(77.0, 0.0)	(78.0, 0.0)	(79.0, 0.0)	(80.0, 0.0)	(81.0, 0.0)	(82.0, 0.0)	(83.0, 0.0)	(84.0, 0.0)	(85.0, 0.0)	(86.0, 0.0)	(87.0, 0.0)	(88.0, 0.0)	(89.0, 0.0)	(90.0, 0.0)	(91.0, 0.0)	(92.0, 0.0)	(93.0, 0.0)	(94.0, 0.0)	(95.0, 0.0)	(96.0, 0.0)	(97.0, 0.0)	(98.0, 0.0)	(99.0, 0.0)	(100.0, 0.0)
612B14_S44_L001_R2_001	(0.0, 0.0)	(1.0, 0.0)	(2.0, 0.0)	(3.0, 0.0)	(4.0, 0.0)	(5.0, 0.0)	(6.0, 0.0)	(7.0, 0.0)	(8.0, 0.0)	(9.0, 0.0)	(10.0, 0.0)	(11.0, 0.0)	(12.0, 0.0)	(13.0, 0.0)	(14.0, 0.0)	(15.0, 0.0)	(16.0, 0.0)	(17.0, 0.0)	(18.0, 0.0)	(19.0, 0.0)	(20.0, 0.0)	(21.0, 0.0)	(22.0, 0.0)	(23.0, 0.0)	(24.0, 0.0)	(25.0, 0.0)	(26.0, 0.0)	(27.0, 0.0)	(28.0, 0.0)	(29.0, 0.0)	(30.0, 0.0023839228244717636)	(31.0, 0.0023839228244717636)	(32.0, 0.0023839228244717636)	(33.0, 0.0023839228244717636)	(34.0, 0.0)	(35.0, 0.007151768473415291)	(36.0, 0.0023839228244717636)	(37.0, 0.004767845648943527)	(38.0, 0.0023839228244717636)	(39.0, 0.0023839228244717636)	(40.0, 0.010330332239377642)	(41.0, 0.007151768473415291)	(42.0, 0.02383922824471764)	(43.0, 0.03099099671813293)	(44.0, 0.04291061084049175)	(45.0, 0.08741050356396467)	(46.0, 0.2765350476387245)	(47.0, 2.055736115636152)	(48.0, 5.842994842780292)	(49.0, 4.179811352240489)	(50.0, 3.7173303242929667)	(51.0, 6.295145538488445)	(52.0, 15.382659345374746)	(53.0, 23.974317204771044)	(54.0, 19.539426110312057)	(55.0, 11.238606835501384)	(56.0, 4.024856368649829)	(57.0, 1.2070595901242032)	(58.0, 0.42115969899001165)	(59.0, 0.24872261468655402)	(60.0, 0.21852625890991165)	(61.0, 0.21534769514394936)	(62.0, 0.17482100712792936)	(63.0, 0.1573389064151364)	(64.0, 0.1327050372289282)	(65.0, 0.09297299015439879)	(66.0, 0.06198199343626586)	(67.0, 0.1048926042767576)	(68.0, 0.07390160755862468)	(69.0, 0.02463386918620823)	(70.0, 0.01191961412235882)	(71.0, 0.007151768473415291)	(72.0, 0.004767845648943527)	(73.0, 0.01191961412235882)	(74.0, 0.004767845648943527)	(75.0, 0.004767845648943527)	(76.0, 0.004767845648943527)	(77.0, 0.004767845648943527)	(78.0, 0.004767845648943527)	(79.0, 0.009535691297887054)	(80.0, 0.009535691297887054)	(81.0, 0.004767845648943527)	(82.0, 0.0)	(83.0, 0.0)	(84.0, 0.0)	(85.0, 0.004767845648943527)	(86.0, 0.0023839228244717636)	(87.0, 0.0)	(88.0, 0.0023839228244717636)	(89.0, 0.0023839228244717636)	(90.0, 0.0)	(91.0, 0.0)	(92.0, 0.0)	(93.0, 0.0023839228244717636)	(94.0, 0.0023839228244717636)	(95.0, 0.0)	(96.0, 0.0023839228244717636)	(97.0, 0.0023839228244717636)	(98.0, 0.0023839228244717636)	(99.0, 0.0)	(100.0, 0.0)
613A0_S49_L001_R1_001	(0.0, 0.02270802681439498)	(1.0, 0.01135401340719749)	(2.0, 0.0)	(3.0, 0.0)	(4.0, 0.0)	(5.0, 0.0)	(6.0, 0.0)	(7.0, 0.0)	(8.0, 0.0)	(9.0, 0.0)	(10.0, 0.0)	(11.0, 0.0)	(12.0, 0.0)	(13.0, 0.0)	(14.0, 0.0)	(15.0, 0.0)	(16.0, 0.0)	(17.0, 0.0)	(18.0, 0.0)	(19.0, 0.0)	(20.0, 0.0)	(21.0, 0.0)	(22.0, 0.0)	(23.0, 0.0)	(24.0, 0.0)	(25.0, 0.0)	(26.0, 0.0)	(27.0, 0.0)	(28.0, 0.0)	(29.0, 0.0)	(30.0, 0.0014192516758996863)	(31.0, 0.0014192516758996863)	(32.0, 0.0)	(33.0, 0.0)	(34.0, 0.0)	(35.0, 0.0)	(36.0, 0.0)	(37.0, 0.0)	(38.0, 0.0)	(39.0, 0.0014192516758996863)	(40.0, 0.0014192516758996863)	(41.0, 0.0)	(42.0, 0.0)	(43.0, 0.0014192516758996863)	(44.0, 0.0014192516758996863)	(45.0, 0.01135401340719749)	(46.0, 0.08278968109414837)	(47.0, 0.9305560154982276)	(48.0, 2.389073654431139)	(49.0, 2.7301671405390295)	(50.0, 2.4108355134615995)	(51.0, 4.974477124028403)	(52.0, 7.979979089691969)	(53.0, 24.00285742670748)	(54.0, 25.61181574328576)	(55.0, 13.877915970839078)	(56.0, 5.568197408446482)	(57.0, 2.681439499666469)	(58.0, 1.7035750949715913)	(59.0, 1.7343255479494162)	(60.0, 1.3885012229218652)	(61.0, 0.5028881771604554)	(62.0, 0.3103430331300648)	(63.0, 0.08515510055398118)	(64.0, 0.05298539590025495)	(65.0, 0.03973904692519122)	(66.0, 0.31507387204973036)	(67.0, 0.5208653650551849)	(68.0, 0.03973904692519122)	(69.0, 0.008515510055398117)	(70.0, 0.0028385033517993727)	(71.0, 0.0)	(72.0, 0.0)	(73.0, 0.0)	(74.0, 0.0)	(75.0, 0.0)	(76.0, 0.0014192516758996863)	(77.0, 0.0)	(78.0, 0.0)	(79.0, 0.0)	(80.0, 0.0)	(81.0, 0.0)	(82.0, 0.0)	(83.0, 0.0)	(84.0, 0.0)	(85.0, 0.0)	(86.0, 0.0)	(87.0, 0.0)	(88.0, 0.0)	(89.0, 0.0)	(90.0, 0.0)	(91.0, 0.0)	(92.0, 0.0)	(93.0, 0.0)	(94.0, 0.0)	(95.0, 0.0)	(96.0, 0.0)	(97.0, 0.0)	(98.0, 0.0)	(99.0, 0.0)	(100.0, 0.0)
613A0_S49_L001_R2_001	(0.0, 0.022800900635575074)	(1.0, 0.011400450317787537)	(2.0, 0.0)	(3.0, 0.0)	(4.0, 0.0)	(5.0, 0.0)	(6.0, 0.0)	(7.0, 0.0)	(8.0, 0.0)	(9.0, 0.0)	(10.0, 0.0)	(11.0, 0.0)	(12.0, 0.0)	(13.0, 0.0)	(14.0, 0.0)	(15.0, 0.0)	(16.0, 0.0)	(17.0, 0.0)	(18.0, 0.0)	(19.0, 0.0)	(20.0, 0.0)	(21.0, 0.0)	(22.0, 0.0)	(23.0, 0.0)	(24.0, 0.0)	(25.0, 0.0)	(26.0, 0.0)	(27.0, 0.0)	(28.0, 0.0)	(29.0, 0.0)	(30.0, 0.0)	(31.0, 0.0)	(32.0, 0.0)	(33.0, 0.0014250562897234421)	(34.0, 0.0)	(35.0, 0.004275168869170326)	(36.0, 0.004750187632411474)	(37.0, 0.006175243922134915)	(38.0, 0.0)	(39.0, 0.0028501125794468843)	(40.0, 0.0028501125794468843)	(41.0, 0.004275168869170326)	(42.0, 0.016625656713440157)	(43.0, 0.015200600423716718)	(44.0, 0.02185086310909278)	(45.0, 0.03610142600632721)	(46.0, 0.12683000978538633)	(47.0, 0.7600300211858353)	(48.0, 2.643954436200225)	(49.0, 3.294255123077355)	(50.0, 2.710457063053978)	(51.0, 5.83418045012782)	(52.0, 15.072820376404875)	(53.0, 25.462905784778506)	(54.0, 21.117434138648488)	(55.0, 11.396650167681598)	(56.0, 4.249992874718546)	(57.0, 1.7903457186558847)	(58.0, 1.8663487207744682)	(59.0, 0.9495625077190537)	(60.0, 0.3325131342688032)	(61.0, 0.1914325615861824)	(62.0, 0.17860705497867144)	(63.0, 0.1453557415517911)	(64.0, 0.14868087289447912)	(65.0, 0.16435649208143702)	(66.0, 0.21660855603796322)	(67.0, 0.41896654917869197)	(68.0, 0.4175414928889685)	(69.0, 0.19285761787590586)	(70.0, 0.04037659487549753)	(71.0, 0.027551088267986548)	(72.0, 0.017100675476681305)	(73.0, 0.011400450317787537)	(74.0, 0.004275168869170326)	(75.0, 0.0057002251588937685)	(76.0, 0.0057002251588937685)	(77.0, 0.0057002251588937685)	(78.0, 0.0028501125794468843)	(79.0, 0.0057002251588937685)	(80.0, 0.0057002251588937685)	(81.0, 0.0057002251588937685)	(82.0, 0.0014250562897234421)	(83.0, 0.0028501125794468843)	(84.0, 0.0028501125794468843)	(85.0, 0.0014250562897234421)	(86.0, 0.0028501125794468843)	(87.0, 0.0028501125794468843)	(88.0, 0.0014250562897234421)	(89.0, 0.0028501125794468843)	(90.0, 0.0014250562897234421)	(91.0, 0.0)	(92.0, 0.0)	(93.0, 0.0014250562897234421)	(94.0, 0.0014250562897234421)	(95.0, 0.0)	(96.0, 0.0014250562897234421)	(97.0, 0.0014250562897234421)	(98.0, 0.0)	(99.0, 0.0014250562897234421)	(100.0, 0.0019000750529645897)
613A14_S50_L001_R1_001	(0.0, 0.0)	(1.0, 0.0)	(2.0, 0.0)	(3.0, 0.0)	(4.0, 0.0)	(5.0, 0.0)	(6.0, 0.0)	(7.0, 0.0)	(8.0, 0.0)	(9.0, 0.0)	(10.0, 0.0)	(11.0, 0.0)	(12.0, 0.0)	(13.0, 0.0)	(14.0, 0.0)	(15.0, 0.0)	(16.0, 0.0)	(17.0, 0.0)	(18.0, 0.0)	(19.0, 0.0)	(20.0, 0.0)	(21.0, 0.0)	(22.0, 0.0)	(23.0, 0.0)	(24.0, 0.0)	(25.0, 0.0)	(26.0, 0.0)	(27.0, 0.0020980194696206796)	(28.0, 0.0)	(29.0, 0.0)	(30.0, 0.0020980194696206796)	(31.0, 0.0020980194696206796)	(32.0, 0.0020980194696206796)	(33.0, 0.0)	(34.0, 0.0)	(35.0, 0.0)	(36.0, 0.008392077878482718)	(37.0, 0.00629405840886204)	(38.0, 0.0)	(39.0, 0.0)	(40.0, 0.0)	(41.0, 0.004196038939241359)	(42.0, 0.010490097348103399)	(43.0, 0.008392077878482718)	(44.0, 0.010490097348103399)	(45.0, 0.020980194696206798)	(46.0, 0.054548506210137675)	(47.0, 0.13637126552534418)	(48.0, 0.2643504531722056)	(49.0, 0.35526463018910176)	(50.0, 0.8098355152735823)	(51.0, 3.824689493118499)	(52.0, 7.254251986125104)	(53.0, 20.690668009399143)	(54.0, 24.815374286673407)	(55.0, 16.399518854201634)	(56.0, 6.883601879825465)	(57.0, 4.535918093319899)	(58.0, 3.3820073850285217)	(59.0, 4.047079556898237)	(60.0, 3.1113628734474563)	(61.0, 0.8874622356495471)	(62.0, 0.6189157435381005)	(63.0, 0.2244880832494127)	(64.0, 0.11748909029875806)	(65.0, 0.0923128566633099)	(66.0, 0.5252042072283769)	(67.0, 0.7993454179254791)	(68.0, 0.08601879825444787)	(69.0, 0.004196038939241359)	(70.0, 0.0020980194696206796)	(71.0, 0.0)	(72.0, 0.0)	(73.0, 0.0)	(74.0, 0.0)	(75.0, 0.0)	(76.0, 0.0)	(77.0, 0.0)	(78.0, 0.0)	(79.0, 0.0)	(80.0, 0.0)	(81.0, 0.0)	(82.0, 0.0)	(83.0, 0.0)	(84.0, 0.0)	(85.0, 0.0)	(86.0, 0.0)	(87.0, 0.0)	(88.0, 0.0)	(89.0, 0.0)	(90.0, 0.0)	(91.0, 0.0)	(92.0, 0.0)	(93.0, 0.0)	(94.0, 0.0)	(95.0, 0.0)	(96.0, 0.0)	(97.0, 0.0)	(98.0, 0.0)	(99.0, 0.0)	(100.0, 0.0)
613A14_S50_L001_R2_001	(0.0, 0.0)	(1.0, 0.0)	(2.0, 0.0)	(3.0, 0.0)	(4.0, 0.0)	(5.0, 0.0)	(6.0, 0.0)	(7.0, 0.0)	(8.0, 0.0)	(9.0, 0.0)	(10.0, 0.0)	(11.0, 0.0)	(12.0, 0.0)	(13.0, 0.0)	(14.0, 0.0)	(15.0, 0.0)	(16.0, 0.0)	(17.0, 0.0)	(18.0, 0.0)	(19.0, 0.0)	(20.0, 0.0)	(21.0, 0.0)	(22.0, 0.0)	(23.0, 0.0)	(24.0, 0.0)	(25.0, 0.0)	(26.0, 0.0)	(27.0, 0.0)	(28.0, 0.0)	(29.0, 0.0)	(30.0, 0.0)	(31.0, 0.0)	(32.0, 0.0)	(33.0, 0.0)	(34.0, 0.004265271448983797)	(35.0, 0.004265271448983797)	(36.0, 0.0028435142993225313)	(37.0, 0.007108785748306328)	(38.0, 0.004265271448983797)	(39.0, 0.004265271448983797)	(40.0, 0.0021326357244918987)	(41.0, 0.004265271448983797)	(42.0, 0.01279581434695139)	(43.0, 0.01563932864627392)	(44.0, 0.022037235819749614)	(45.0, 0.02843514299322531)	(46.0, 0.05118325738780556)	(47.0, 0.10165563620078048)	(48.0, 0.3355346873200587)	(49.0, 0.45922755934058895)	(50.0, 0.7713032536912364)	(51.0, 3.096587071962235)	(52.0, 10.557257714809728)	(53.0, 22.246234120749854)	(54.0, 25.80631402350167)	(55.0, 16.85350925208463)	(56.0, 5.9820432071997764)	(57.0, 3.111515522033679)	(58.0, 4.212666434446329)	(59.0, 1.9997014309985703)	(60.0, 0.5658593455651838)	(61.0, 0.3341129301703974)	(62.0, 0.27297737273496303)	(63.0, 0.2580489226635197)	(64.0, 0.3440652302180263)	(65.0, 0.24951837976555213)	(66.0, 0.3618371945887921)	(67.0, 0.7378919606741968)	(68.0, 0.6291275387251101)	(69.0, 0.30354515145268024)	(70.0, 0.07961840038103087)	(71.0, 0.02772426441839468)	(72.0, 0.023458992969410883)	(73.0, 0.019193721520427087)	(74.0, 0.019193721520427087)	(75.0, 0.010663178622459493)	(76.0, 0.010663178622459493)	(77.0, 0.008530542897967595)	(78.0, 0.0)	(79.0, 0.006397907173475695)	(80.0, 0.010663178622459493)	(81.0, 0.0021326357244918987)	(82.0, 0.0021326357244918987)	(83.0, 0.0)	(84.0, 0.0021326357244918987)	(85.0, 0.0)	(86.0, 0.0021326357244918987)	(87.0, 0.0021326357244918987)	(88.0, 0.004265271448983797)	(89.0, 0.004265271448983797)	(90.0, 0.004265271448983797)	(91.0, 0.0)	(92.0, 0.0)	(93.0, 0.0)	(94.0, 0.0)	(95.0, 0.0)	(96.0, 0.0)	(97.0, 0.0)	(98.0, 0.004265271448983797)	(99.0, 0.0021326357244918987)	(100.0, 0.0)
613B0_S51_L001_R1_001	(0.0, 0.03469586902309444)	(1.0, 0.01734793451154722)	(2.0, 0.0)	(3.0, 0.0)	(4.0, 0.0)	(5.0, 0.0)	(6.0, 0.0)	(7.0, 0.0)	(8.0, 0.0)	(9.0, 0.0)	(10.0, 0.0)	(11.0, 0.0)	(12.0, 0.0)	(13.0, 0.0)	(14.0, 0.0)	(15.0, 0.0)	(16.0, 0.0)	(17.0, 0.0)	(18.0, 0.0)	(19.0, 0.0)	(20.0, 0.0)	(21.0, 0.0)	(22.0, 0.0)	(23.0, 0.0)	(24.0, 0.0)	(25.0, 0.0)	(26.0, 0.0)	(27.0, 0.0)	(28.0, 0.0)	(29.0, 0.0)	(30.0, 0.0)	(31.0, 0.0)	(32.0, 0.0)	(33.0, 0.0)	(34.0, 0.0)	(35.0, 0.0)	(36.0, 0.0)	(37.0, 0.0021684918139434025)	(38.0, 0.0021684918139434025)	(39.0, 0.0021684918139434025)	(40.0, 0.0)	(41.0, 0.0021684918139434025)	(42.0, 0.0)	(43.0, 0.0021684918139434025)	(44.0, 0.006505475441830209)	(45.0, 0.019516426325490624)	(46.0, 0.06722324623224549)	(47.0, 0.722830604647801)	(48.0, 1.5931186526437533)	(49.0, 1.3524160612960354)	(50.0, 1.5280638982254509)	(51.0, 5.030901008348693)	(52.0, 7.797896562940478)	(53.0, 23.095160649101885)	(54.0, 26.624742491597097)	(55.0, 16.411868878528306)	(56.0, 5.443637283602589)	(57.0, 2.9549315118002073)	(58.0, 2.827713325382194)	(59.0, 1.8851422169214729)	(60.0, 1.233149011529148)	(61.0, 0.385268712277278)	(62.0, 0.2435939137663089)	(63.0, 0.0845711807437927)	(64.0, 0.05854927897647187)	(65.0, 0.041201344464924655)	(66.0, 0.1604683942318118)	(67.0, 0.3187682966496802)	(68.0, 0.03686436083703785)	(69.0, 0.004336983627886805)	(70.0, 0.0021684918139434025)	(71.0, 0.004336983627886805)	(72.0, 0.0021684918139434025)	(73.0, 0.0)	(74.0, 0.0)	(75.0, 0.0)	(76.0, 0.0)	(77.0, 0.0)	(78.0, 0.0)	(79.0, 0.0)	(80.0, 0.0)	(81.0, 0.0)	(82.0, 0.0)	(83.0, 0.0)	(84.0, 0.0)	(85.0, 0.0)	(86.0, 0.0)	(87.0, 0.0)	(88.0, 0.0)	(89.0, 0.0)	(90.0, 0.0)	(91.0, 0.0)	(92.0, 0.0)	(93.0, 0.0)	(94.0, 0.0)	(95.0, 0.0)	(96.0, 0.0)	(97.0, 0.0)	(98.0, 0.0)	(99.0, 0.0)	(100.0, 0.0)
613B0_S51_L001_R2_001	(0.0, 0.026259163353878682)	(1.0, 0.013129581676939341)	(2.0, 0.0021882636128232233)	(3.0, 0.0021882636128232233)	(4.0, 0.0)	(5.0, 0.0)	(6.0, 0.0)	(7.0, 0.0)	(8.0, 0.0)	(9.0, 0.0)	(10.0, 0.0)	(11.0, 0.0)	(12.0, 0.0)	(13.0, 0.0)	(14.0, 0.0)	(15.0, 0.0)	(16.0, 0.0)	(17.0, 0.0)	(18.0, 0.0)	(19.0, 0.0)	(20.0, 0.0)	(21.0, 0.0)	(22.0, 0.0)	(23.0, 0.0)	(24.0, 0.0)	(25.0, 0.0)	(26.0, 0.0)	(27.0, 0.0)	(28.0, 0.0)	(29.0, 0.0)	(30.0, 0.0)	(31.0, 0.0)	(32.0, 0.0)	(33.0, 0.0)	(34.0, 0.0)	(35.0, 0.0021882636128232233)	(36.0, 0.0021882636128232233)	(37.0, 0.0)	(38.0, 0.0)	(39.0, 0.005105948429920855)	(40.0, 0.0065647908384696705)	(41.0, 0.0021882636128232233)	(42.0, 0.011670739268390526)	(43.0, 0.024800320945329867)	(44.0, 0.03792990262226922)	(45.0, 0.05178890550348295)	(46.0, 0.11378970786680763)	(47.0, 0.5901017542579962)	(48.0, 1.9242131368758888)	(49.0, 2.098544804697472)	(50.0, 1.4858309931069693)	(51.0, 3.3371020095554114)	(52.0, 11.663445056347783)	(53.0, 26.034501622962203)	(54.0, 26.179656442612785)	(55.0, 14.511105437835067)	(56.0, 5.1562784930157886)	(57.0, 1.8935774462963628)	(58.0, 1.7119515664320357)	(59.0, 0.9008351872788938)	(60.0, 0.3530398628688134)	(61.0, 0.19694372515409012)	(62.0, 0.1560961377147233)	(63.0, 0.1393194500164119)	(64.0, 0.19110835551989488)	(65.0, 0.15463729530617443)	(66.0, 0.1590138225318209)	(67.0, 0.2939567453225863)	(68.0, 0.31729822385936746)	(69.0, 0.10503665341551473)	(70.0, 0.0372004814179948)	(71.0, 0.035012217805171574)	(72.0, 0.013129581676939341)	(73.0, 0.004376527225646447)	(74.0, 0.004376527225646447)	(75.0, 0.004376527225646447)	(76.0, 0.0065647908384696705)	(77.0, 0.004376527225646447)	(78.0, 0.0021882636128232233)	(79.0, 0.004376527225646447)	(80.0, 0.0)	(81.0, 0.0065647908384696705)	(82.0, 0.004376527225646447)	(83.0, 0.0)	(84.0, 0.0)	(85.0, 0.0)	(86.0, 0.0)	(87.0, 0.004376527225646447)	(88.0, 0.0021882636128232233)	(89.0, 0.0021882636128232233)	(90.0, 0.0)	(91.0, 0.0021882636128232233)	(92.0, 0.0021882636128232233)	(93.0, 0.0)	(94.0, 0.0)	(95.0, 0.0)	(96.0, 0.0021882636128232233)	(97.0, 0.0)	(98.0, 0.0)	(99.0, 0.0021882636128232233)	(100.0, 0.0)
613B14_S52_L001_R1_001	(0.0, 0.009397245040995485)	(1.0, 0.0046986225204977425)	(2.0, 0.0)	(3.0, 0.0)	(4.0, 0.0)	(5.0, 0.0)	(6.0, 0.0)	(7.0, 0.0)	(8.0, 0.0)	(9.0, 0.0)	(10.0, 0.0)	(11.0, 0.0)	(12.0, 0.0)	(13.0, 0.0)	(14.0, 0.0)	(15.0, 0.0)	(16.0, 0.0)	(17.0, 0.0)	(18.0, 0.0)	(19.0, 0.0)	(20.0, 0.0)	(21.0, 0.0)	(22.0, 0.0)	(23.0, 0.0)	(24.0, 0.0)	(25.0, 0.0)	(26.0, 0.0)	(27.0, 0.0)	(28.0, 0.0)	(29.0, 0.0)	(30.0, 0.0023493112602488713)	(31.0, 0.0)	(32.0, 0.0)	(33.0, 0.0)	(34.0, 0.0)	(35.0, 0.0)	(36.0, 0.0)	(37.0, 0.0)	(38.0, 0.0)	(39.0, 0.0)	(40.0, 0.0023493112602488713)	(41.0, 0.0023493112602488713)	(42.0, 0.0023493112602488713)	(43.0, 0.0046986225204977425)	(44.0, 0.0164451788217421)	(45.0, 0.02349311260248871)	(46.0, 0.02114380134223984)	(47.0, 0.03993829142423081)	(48.0, 0.08692451662920823)	(49.0, 0.11355004424536211)	(50.0, 0.42130981933796424)	(51.0, 2.4425006069054094)	(52.0, 6.112907899167563)	(53.0, 21.056876825610633)	(54.0, 27.55115625269194)	(55.0, 19.161765742343192)	(56.0, 6.4778342482595574)	(57.0, 3.2984330093894143)	(58.0, 2.395514381700439)	(59.0, 3.860701504342285)	(60.0, 3.0016366868446394)	(61.0, 0.924845532784639)	(62.0, 0.7760558196355438)	(63.0, 0.2537256161068781)	(64.0, 0.1487897131490952)	(65.0, 0.13234453432735307)	(66.0, 0.5520881461584848)	(67.0, 0.9702655504827838)	(68.0, 0.10571900671119921)	(69.0, 0.009397245040995485)	(70.0, 0.0046986225204977425)	(71.0, 0.0023493112602488713)	(72.0, 0.0023493112602488713)	(73.0, 0.0023493112602488713)	(74.0, 0.0023493112602488713)	(75.0, 0.0023493112602488713)	(76.0, 0.0)	(77.0, 0.0)	(78.0, 0.0)	(79.0, 0.0)	(80.0, 0.0)	(81.0, 0.0)	(82.0, 0.0)	(83.0, 0.0)	(84.0, 0.0)	(85.0, 0.0)	(86.0, 0.0)	(87.0, 0.0)	(88.0, 0.0)	(89.0, 0.0)	(90.0, 0.0)	(91.0, 0.0)	(92.0, 0.0)	(93.0, 0.0)	(94.0, 0.0)	(95.0, 0.0)	(96.0, 0.0)	(97.0, 0.0)	(98.0, 0.0)	(99.0, 0.0)	(100.0, 0.0)
613B14_S52_L001_R2_001	(0.0, 0.009475005724482623)	(1.0, 0.0047375028622413115)	(2.0, 0.0)	(3.0, 0.0)	(4.0, 0.0)	(5.0, 0.0)	(6.0, 0.0)	(7.0, 0.0)	(8.0, 0.0)	(9.0, 0.0)	(10.0, 0.0)	(11.0, 0.0)	(12.0, 0.0)	(13.0, 0.0)	(14.0, 0.0)	(15.0, 0.0)	(16.0, 0.0)	(17.0, 0.0)	(18.0, 0.0)	(19.0, 0.0)	(20.0, 0.0)	(21.0, 0.0)	(22.0, 0.0)	(23.0, 0.0)	(24.0, 0.0)	(25.0, 0.0)	(26.0, 0.0)	(27.0, 0.0)	(28.0, 0.0)	(29.0, 0.0)	(30.0, 0.0)	(31.0, 0.0)	(32.0, 0.0)	(33.0, 0.0)	(34.0, 0.0023687514311206558)	(35.0, 0.0)	(36.0, 0.0031583352414942074)	(37.0, 0.007106254293361967)	(38.0, 0.0047375028622413115)	(39.0, 0.0047375028622413115)	(40.0, 0.011843757155603278)	(41.0, 0.010264589534856174)	(42.0, 0.011054173345229725)	(43.0, 0.027635433363074318)	(44.0, 0.03000418479419497)	(45.0, 0.031583352414942076)	(46.0, 0.051322947674280875)	(47.0, 0.06158753720913704)	(48.0, 0.16423343255769882)	(49.0, 0.3434689575124951)	(50.0, 0.690885834076858)	(51.0, 3.1370164786141186)	(52.0, 10.722548144872853)	(53.0, 24.082306216393327)	(54.0, 26.413947208426446)	(55.0, 15.033675749512426)	(56.0, 5.114134339789496)	(57.0, 2.824341289706195)	(58.0, 4.023719097663619)	(59.0, 2.1745138137687627)	(60.0, 0.667987903576025)	(61.0, 0.3355731194087596)	(62.0, 0.31583352414942073)	(63.0, 0.25740432218177794)	(64.0, 0.35531271466809844)	(65.0, 0.31346477271830014)	(66.0, 0.43506067951582705)	(67.0, 0.8401171742374591)	(68.0, 0.8322213361337236)	(69.0, 0.40979399758387347)	(70.0, 0.11370006869379147)	(71.0, 0.018950011448965246)	(72.0, 0.022108346690459454)	(73.0, 0.022108346690459454)	(74.0, 0.007106254293361967)	(75.0, 0.007106254293361967)	(76.0, 0.0023687514311206558)	(77.0, 0.0023687514311206558)	(78.0, 0.0023687514311206558)	(79.0, 0.0)	(80.0, 0.0023687514311206558)	(81.0, 0.0)	(82.0, 0.0047375028622413115)	(83.0, 0.0023687514311206558)	(84.0, 0.0047375028622413115)	(85.0, 0.0047375028622413115)	(86.0, 0.007106254293361967)	(87.0, 0.007106254293361967)	(88.0, 0.0)	(89.0, 0.0)	(90.0, 0.0)	(91.0, 0.0)	(92.0, 0.0023687514311206558)	(93.0, 0.0)	(94.0, 0.0047375028622413115)	(95.0, 0.0)	(96.0, 0.0023687514311206558)	(97.0, 0.0)	(98.0, 0.0)	(99.0, 0.0)	(100.0, 0.0)
615A0_S37_L001_R1_001	(0.0, 0.02751646688565189)	(1.0, 0.013758233442825944)	(2.0, 0.0)	(3.0, 0.0)	(4.0, 0.0)	(5.0, 0.0)	(6.0, 0.0)	(7.0, 0.0)	(8.0, 0.0)	(9.0, 0.0)	(10.0, 0.0)	(11.0, 0.0)	(12.0, 0.0)	(13.0, 0.0)	(14.0, 0.0)	(15.0, 0.0)	(16.0, 0.0)	(17.0, 0.0)	(18.0, 0.0)	(19.0, 0.0)	(20.0, 0.0)	(21.0, 0.0)	(22.0, 0.0)	(23.0, 0.0)	(24.0, 0.0)	(25.0, 0.0)	(26.0, 0.0)	(27.0, 0.0)	(28.0, 0.0)	(29.0, 0.0)	(30.0, 0.0)	(31.0, 0.0)	(32.0, 0.0)	(33.0, 0.0)	(34.0, 0.0)	(35.0, 0.0)	(36.0, 0.0)	(37.0, 0.0)	(38.0, 0.001719779180353243)	(39.0, 0.001719779180353243)	(40.0, 0.001719779180353243)	(41.0, 0.001719779180353243)	(42.0, 0.0)	(43.0, 0.003439558360706486)	(44.0, 0.003439558360706486)	(45.0, 0.001719779180353243)	(46.0, 0.024076908524945404)	(47.0, 0.2235712934459216)	(48.0, 0.6271461411021493)	(49.0, 0.33249064153496033)	(50.0, 1.5478012623179187)	(51.0, 7.9757625787515565)	(52.0, 12.435723253134286)	(53.0, 15.394316703068645)	(54.0, 19.5647812154253)	(55.0, 13.681416639436817)	(56.0, 6.950200927534247)	(57.0, 3.67918092650237)	(58.0, 3.027957876875271)	(59.0, 2.1961580133110905)	(60.0, 4.872707677667526)	(61.0, 2.75050016911162)	(62.0, 0.6735801789716869)	(63.0, 0.3038276551957396)	(64.0, 0.2952287592939734)	(65.0, 0.1828698528442282)	(66.0, 1.0559444167368914)	(67.0, 1.9192735652742192)	(68.0, 0.18057681393709052)	(69.0, 0.030956025246358373)	(70.0, 0.010318675082119458)	(71.0, 0.003439558360706486)	(72.0, 0.001719779180353243)	(73.0, 0.0)	(74.0, 0.0)	(75.0, 0.0)	(76.0, 0.0)	(77.0, 0.0)	(78.0, 0.001719779180353243)	(79.0, 0.0)	(80.0, 0.0)	(81.0, 0.0)	(82.0, 0.0)	(83.0, 0.0)	(84.0, 0.0)	(85.0, 0.0)	(86.0, 0.0)	(87.0, 0.0)	(88.0, 0.0)	(89.0, 0.0)	(90.0, 0.0)	(91.0, 0.0)	(92.0, 0.0)	(93.0, 0.0)	(94.0, 0.0)	(95.0, 0.0)	(96.0, 0.0)	(97.0, 0.0)	(98.0, 0.0)	(99.0, 0.0)	(100.0, 0.0)
615A0_S37_L001_R2_001	(0.0, 0.02805016304157269)	(1.0, 0.014025081520786345)	(2.0, 0.0)	(3.0, 0.0)	(4.0, 0.0)	(5.0, 0.0)	(6.0, 0.0)	(7.0, 0.0)	(8.0, 0.0)	(9.0, 0.0)	(10.0, 0.0)	(11.0, 0.0)	(12.0, 0.0)	(13.0, 0.0)	(14.0, 0.0)	(15.0, 0.0)	(16.0, 0.0)	(17.0, 0.0)	(18.0, 0.0)	(19.0, 0.0)	(20.0, 0.0)	(21.0, 0.0)	(22.0, 0.0)	(23.0, 0.0)	(24.0, 0.0)	(25.0, 0.0)	(26.0, 0.0)	(27.0, 0.0)	(28.0, 0.0)	(29.0, 0.0)	(30.0, 0.0)	(31.0, 0.001753135190098293)	(32.0, 0.0)	(33.0, 0.001753135190098293)	(34.0, 0.003506270380196586)	(35.0, 0.0)	(36.0, 0.001753135190098293)	(37.0, 0.003506270380196586)	(38.0, 0.0)	(39.0, 0.0)	(40.0, 0.002337513586797724)	(41.0, 0.004090648776896016)	(42.0, 0.012271946330688052)	(43.0, 0.003506270380196586)	(44.0, 0.008765675950491466)	(45.0, 0.02279075747127781)	(46.0, 0.09817557064550442)	(47.0, 0.2378420074566684)	(48.0, 0.8169609985858044)	(49.0, 1.0220778158273043)	(50.0, 1.4562709645749852)	(51.0, 3.9913044494571057)	(52.0, 13.753345566321041)	(53.0, 19.989247437500772)	(54.0, 19.47031942123166)	(55.0, 13.667441942006283)	(56.0, 6.41063101179276)	(57.0, 3.1252556655485564)	(58.0, 3.7446967660499526)	(59.0, 3.8954663923984065)	(60.0, 1.9664333048935858)	(61.0, 0.7380699150313813)	(62.0, 0.4055586073094052)	(63.0, 0.3056299014738024)	(64.0, 0.3623146059536472)	(65.0, 0.4260118511938852)	(66.0, 0.41841493203679264)	(67.0, 0.7766388892135437)	(68.0, 1.1956381996470358)	(69.0, 0.8783207302392447)	(70.0, 0.4260118511938852)	(71.0, 0.12797886887717538)	(72.0, 0.050840920512850496)	(73.0, 0.02279075747127781)	(74.0, 0.010518811140589758)	(75.0, 0.019284487091081222)	(76.0, 0.012271946330688052)	(77.0, 0.010518811140589758)	(78.0, 0.005259405570294879)	(79.0, 0.005259405570294879)	(80.0, 0.009350054347190896)	(81.0, 0.005843783966994309)	(82.0, 0.003506270380196586)	(83.0, 0.005259405570294879)	(84.0, 0.007012540760393172)	(85.0, 0.003506270380196586)	(86.0, 0.001753135190098293)	(87.0, 0.001753135190098293)	(88.0, 0.001753135190098293)	(89.0, 0.001753135190098293)	(90.0, 0.0)	(91.0, 0.0)	(92.0, 0.001753135190098293)	(93.0, 0.0)	(94.0, 0.001753135190098293)	(95.0, 0.0)	(96.0, 0.0)	(97.0, 0.0)	(98.0, 0.0)	(99.0, 0.001753135190098293)	(100.0, 0.002337513586797724)
615A14_S38_L001_R1_001	(0.0, 0.016406442262995275)	(1.0, 0.008203221131497638)	(2.0, 0.0)	(3.0, 0.0)	(4.0, 0.0)	(5.0, 0.0)	(6.0, 0.0)	(7.0, 0.0)	(8.0, 0.0)	(9.0, 0.0)	(10.0, 0.0)	(11.0, 0.0)	(12.0, 0.0)	(13.0, 0.0)	(14.0, 0.0)	(15.0, 0.0)	(16.0, 0.0)	(17.0, 0.0)	(18.0, 0.0)	(19.0, 0.0)	(20.0, 0.0)	(21.0, 0.0)	(22.0, 0.0)	(23.0, 0.0)	(24.0, 0.0)	(25.0, 0.0)	(26.0, 0.0)	(27.0, 0.0)	(28.0, 0.0)	(29.0, 0.0)	(30.0, 0.0)	(31.0, 0.0)	(32.0, 0.0)	(33.0, 0.0)	(34.0, 0.0)	(35.0, 0.0020508052828744094)	(36.0, 0.0)	(37.0, 0.0)	(38.0, 0.0)	(39.0, 0.0)	(40.0, 0.0)	(41.0, 0.006152415848623228)	(42.0, 0.010254026414372047)	(43.0, 0.008203221131497638)	(44.0, 0.006152415848623228)	(45.0, 0.010254026414372047)	(46.0, 0.023242459872576636)	(47.0, 0.03144568100407427)	(48.0, 0.1127942905580925)	(49.0, 0.20029531596073397)	(50.0, 1.4410325120997511)	(51.0, 4.720953761176889)	(52.0, 7.915424790134272)	(53.0, 14.896365973038739)	(54.0, 19.220830712859915)	(55.0, 12.100434770719964)	(56.0, 6.741680566569149)	(57.0, 4.60679226709688)	(58.0, 3.7269968007437484)	(59.0, 3.126110852861552)	(60.0, 6.039621558065138)	(61.0, 4.038719203740668)	(62.0, 1.9468978152087726)	(63.0, 0.9105575455962375)	(64.0, 0.8579202100024611)	(65.0, 0.6788165486314294)	(66.0, 2.3666292964370683)	(67.0, 3.7591260835087925)	(68.0, 0.39785622487763533)	(69.0, 0.04716852150611141)	(70.0, 0.014355636980120864)	(71.0, 0.004101610565748819)	(72.0, 0.0020508052828744094)	(73.0, 0.004101610565748819)	(74.0, 0.0)	(75.0, 0.0)	(76.0, 0.0)	(77.0, 0.0)	(78.0, 0.0)	(79.0, 0.0)	(80.0, 0.0)	(81.0, 0.0)	(82.0, 0.0)	(83.0, 0.0)	(84.0, 0.0)	(85.0, 0.0)	(86.0, 0.0)	(87.0, 0.0)	(88.0, 0.0)	(89.0, 0.0)	(90.0, 0.0)	(91.0, 0.0)	(92.0, 0.0)	(93.0, 0.0)	(94.0, 0.0)	(95.0, 0.0)	(96.0, 0.0)	(97.0, 0.0)	(98.0, 0.0)	(99.0, 0.0)	(100.0, 0.0)
615A14_S38_L001_R2_001	(0.0, 0.016691936403722303)	(1.0, 0.008345968201861152)	(2.0, 0.0)	(3.0, 0.0)	(4.0, 0.0)	(5.0, 0.0)	(6.0, 0.0)	(7.0, 0.0)	(8.0, 0.0)	(9.0, 0.0)	(10.0, 0.0)	(11.0, 0.0)	(12.0, 0.0)	(13.0, 0.0)	(14.0, 0.0)	(15.0, 0.0)	(16.0, 0.0)	(17.0, 0.0)	(18.0, 0.0)	(19.0, 0.0)	(20.0, 0.0)	(21.0, 0.0)	(22.0, 0.0)	(23.0, 0.0)	(24.0, 0.0)	(25.0, 0.0)	(26.0, 0.0)	(27.0, 0.0)	(28.0, 0.0)	(29.0, 0.0)	(30.0, 0.0)	(31.0, 0.0)	(32.0, 0.0)	(33.0, 0.0)	(34.0, 0.0027819894006203836)	(35.0, 0.0027819894006203836)	(36.0, 0.0)	(37.0, 0.0)	(38.0, 0.002086492050465288)	(39.0, 0.002086492050465288)	(40.0, 0.0)	(41.0, 0.006259476151395864)	(42.0, 0.010432460252326439)	(43.0, 0.015300941703412112)	(44.0, 0.010432460252326439)	(45.0, 0.025037904605583455)	(46.0, 0.04103434365915066)	(47.0, 0.058421777413028064)	(48.0, 0.15579140643474151)	(49.0, 0.2524655381062998)	(50.0, 0.6697639481993571)	(51.0, 2.436327217593302)	(52.0, 9.358612343686977)	(53.0, 20.06231656257389)	(54.0, 21.082611175251426)	(55.0, 11.851274846642836)	(56.0, 5.529203933733013)	(57.0, 3.0372369281273044)	(58.0, 5.059743222378323)	(59.0, 4.803104700171092)	(60.0, 2.080232574313892)	(61.0, 0.8832816346969719)	(62.0, 0.6586359905968758)	(63.0, 0.6815874031519941)	(64.0, 0.8624167141923189)	(65.0, 0.9097105340028653)	(66.0, 1.281106118985687)	(67.0, 3.0455828963291656)	(68.0, 2.983683632165362)	(69.0, 1.318662975894062)	(70.0, 0.43259935179646963)	(71.0, 0.10710659192388478)	(72.0, 0.05424879331209748)	(73.0, 0.025037904605583455)	(74.0, 0.03755685690837518)	(75.0, 0.02712439665604874)	(76.0, 0.012518952302791727)	(77.0, 0.014605444353257016)	(78.0, 0.008345968201861152)	(79.0, 0.004172984100930576)	(80.0, 0.004172984100930576)	(81.0, 0.010432460252326439)	(82.0, 0.006259476151395864)	(83.0, 0.010432460252326439)	(84.0, 0.002086492050465288)	(85.0, 0.008345968201861152)	(86.0, 0.004172984100930576)	(87.0, 0.006259476151395864)	(88.0, 0.006259476151395864)	(89.0, 0.002086492050465288)	(90.0, 0.0)	(91.0, 0.002086492050465288)	(92.0, 0.0)	(93.0, 0.0)	(94.0, 0.002086492050465288)	(95.0, 0.002086492050465288)	(96.0, 0.0)	(97.0, 0.002086492050465288)	(98.0, 0.0)	(99.0, 0.0)	(100.0, 0.0027819894006203836)
615B0_S39_L001_R1_001	(0.0, 0.0)	(1.0, 0.0)	(2.0, 0.0)	(3.0, 0.0)	(4.0, 0.0)	(5.0, 0.0)	(6.0, 0.0)	(7.0, 0.0)	(8.0, 0.0)	(9.0, 0.0)	(10.0, 0.0)	(11.0, 0.0)	(12.0, 0.0)	(13.0, 0.0)	(14.0, 0.0)	(15.0, 0.0)	(16.0, 0.0)	(17.0, 0.0)	(18.0, 0.0)	(19.0, 0.0)	(20.0, 0.0)	(21.0, 0.0)	(22.0, 0.0)	(23.0, 0.0)	(24.0, 0.0)	(25.0, 0.0)	(26.0, 0.0)	(27.0, 0.0)	(28.0, 0.0)	(29.0, 0.0)	(30.0, 0.0)	(31.0, 0.0)	(32.0, 0.0)	(33.0, 0.0)	(34.0, 0.0)	(35.0, 0.0)	(36.0, 0.0)	(37.0, 0.0)	(38.0, 0.0)	(39.0, 0.0)	(40.0, 0.0020893401863691457)	(41.0, 0.0062680205591074374)	(42.0, 0.008357360745476583)	(43.0, 0.008357360745476583)	(44.0, 0.004178680372738291)	(45.0, 0.004178680372738291)	(46.0, 0.012536041118214875)	(47.0, 0.037608123354644626)	(48.0, 0.17620102238379798)	(49.0, 0.11839594389425158)	(50.0, 0.5153705793043893)	(51.0, 2.599835638572007)	(52.0, 5.843884501274504)	(53.0, 11.602106054907864)	(54.0, 16.170100149039598)	(55.0, 12.164835011769949)	(56.0, 8.316270388478)	(57.0, 6.3146824899363505)	(58.0, 4.586798155809058)	(59.0, 4.001782903625691)	(60.0, 14.77651024473136)	(61.0, 8.557937403368026)	(62.0, 1.3114091903110339)	(63.0, 0.5132812391180201)	(64.0, 0.4373685456799412)	(65.0, 0.21729137938239118)	(66.0, 0.572479211065146)	(67.0, 0.9736325268480219)	(68.0, 0.12118173080941047)	(69.0, 0.012536041118214875)	(70.0, 0.004178680372738291)	(71.0, 0.0020893401863691457)	(72.0, 0.0)	(73.0, 0.0)	(74.0, 0.004178680372738291)	(75.0, 0.0020893401863691457)	(76.0, 0.0)	(77.0, 0.0)	(78.0, 0.0)	(79.0, 0.0)	(80.0, 0.0)	(81.0, 0.0)	(82.0, 0.0)	(83.0, 0.0)	(84.0, 0.0)	(85.0, 0.0)	(86.0, 0.0)	(87.0, 0.0)	(88.0, 0.0)	(89.0, 0.0)	(90.0, 0.0)	(91.0, 0.0)	(92.0, 0.0)	(93.0, 0.0)	(94.0, 0.0)	(95.0, 0.0)	(96.0, 0.0)	(97.0, 0.0)	(98.0, 0.0)	(99.0, 0.0)	(100.0, 0.0)
615B0_S39_L001_R2_001	(0.0, 0.0)	(1.0, 0.0)	(2.0, 0.0)	(3.0, 0.0)	(4.0, 0.0)	(5.0, 0.0)	(6.0, 0.0)	(7.0, 0.0)	(8.0, 0.0)	(9.0, 0.0)	(10.0, 0.0)	(11.0, 0.0)	(12.0, 0.0)	(13.0, 0.0)	(14.0, 0.0)	(15.0, 0.0)	(16.0, 0.0)	(17.0, 0.0)	(18.0, 0.0)	(19.0, 0.0)	(20.0, 0.0)	(21.0, 0.0)	(22.0, 0.0)	(23.0, 0.0)	(24.0, 0.0)	(25.0, 0.0)	(26.0, 0.0)	(27.0, 0.0)	(28.0, 0.0)	(29.0, 0.0)	(30.0, 0.0)	(31.0, 0.0)	(32.0, 0.0)	(33.0, 0.0)	(34.0, 0.0)	(35.0, 0.0)	(36.0, 0.0)	(37.0, 0.0)	(38.0, 0.0)	(39.0, 0.002126377715561543)	(40.0, 0.008505510862246171)	(41.0, 0.006379133146684628)	(42.0, 0.010631888577807714)	(43.0, 0.011340681149661561)	(44.0, 0.014175851437076949)	(45.0, 0.009214303434100018)	(46.0, 0.017011021724492342)	(47.0, 0.09568699720026942)	(48.0, 0.20271467555020042)	(49.0, 0.3373852642024314)	(50.0, 0.5542757911897093)	(51.0, 2.0547896658043068)	(52.0, 7.976042811071367)	(53.0, 14.490555338980021)	(54.0, 17.464648970478752)	(55.0, 12.309600595385767)	(56.0, 6.328100081511151)	(57.0, 4.507211964418616)	(58.0, 12.270617003933806)	(59.0, 11.789346847645046)	(60.0, 3.9281284332140225)	(61.0, 1.1702165361307022)	(62.0, 0.5280504660311164)	(63.0, 0.40472055852854694)	(64.0, 0.4018853882411316)	(65.0, 0.3962150476663008)	(66.0, 0.4054293511004008)	(67.0, 0.7187156678598015)	(68.0, 0.7569904667399092)	(69.0, 0.41464365453450086)	(70.0, 0.12332990750256949)	(71.0, 0.05386823546089242)	(72.0, 0.038983591451961626)	(73.0, 0.04181876173937701)	(74.0, 0.04181876173937701)	(75.0, 0.025516532586738513)	(76.0, 0.017011021724492342)	(77.0, 0.010631888577807714)	(78.0, 0.019137399440053885)	(79.0, 0.012758266293369257)	(80.0, 0.006379133146684628)	(81.0, 0.004252755431123086)	(82.0, 0.004252755431123086)	(83.0, 0.0)	(84.0, 0.002126377715561543)	(85.0, 0.0)	(86.0, 0.0)	(87.0, 0.002126377715561543)	(88.0, 0.002126377715561543)	(89.0, 0.002126377715561543)	(90.0, 0.004252755431123086)	(91.0, 0.0)	(92.0, 0.0)	(93.0, 0.0)	(94.0, 0.0)	(95.0, 0.0)	(96.0, 0.0)	(97.0, 0.0)	(98.0, 0.002126377715561543)	(99.0, 0.0)	(100.0, 0.0)
615B14_S40_L001_R1_001	(0.0, 0.09889838191258482)	(1.0, 0.04944919095629241)	(2.0, 0.0)	(3.0, 0.0)	(4.0, 0.0)	(5.0, 0.0)	(6.0, 0.0)	(7.0, 0.0)	(8.0, 0.0)	(9.0, 0.0)	(10.0, 0.0)	(11.0, 0.0)	(12.0, 0.0)	(13.0, 0.0)	(14.0, 0.0)	(15.0, 0.0)	(16.0, 0.0)	(17.0, 0.0)	(18.0, 0.0)	(19.0, 0.0)	(20.0, 0.0)	(21.0, 0.0)	(22.0, 0.0)	(23.0, 0.0)	(24.0, 0.0)	(25.0, 0.0)	(26.0, 0.0)	(27.0, 0.0)	(28.0, 0.0)	(29.0, 0.0)	(30.0, 0.0)	(31.0, 0.0)	(32.0, 0.0)	(33.0, 0.0)	(34.0, 0.0)	(35.0, 0.0)	(36.0, 0.0)	(37.0, 0.0)	(38.0, 0.010988709101398313)	(39.0, 0.0)	(40.0, 0.01923024092744705)	(41.0, 0.010988709101398313)	(42.0, 0.04120765913024368)	(43.0, 0.08241531826048736)	(44.0, 0.08516249553583692)	(45.0, 0.13186450921677978)	(46.0, 0.1373588637674789)	(47.0, 0.13186450921677978)	(48.0, 0.09065685008653608)	(49.0, 0.09889838191258482)	(50.0, 0.33240845031729893)	(51.0, 1.3653471058487405)	(52.0, 1.9559902200489)	(53.0, 15.079256064393833)	(54.0, 36.52921623032334)	(55.0, 25.727315183648802)	(56.0, 4.532842504326805)	(57.0, 1.2746902557622044)	(58.0, 0.9505233372709535)	(59.0, 1.9175297381940077)	(60.0, 5.387214636960524)	(61.0, 2.7636603390016763)	(62.0, 0.3296612730419494)	(63.0, 0.12362297739073104)	(64.0, 0.18955523199912092)	(65.0, 0.05769072278234115)	(66.0, 0.15658910469492596)	(67.0, 0.2966951457377545)	(68.0, 0.04120765913024368)	(69.0, 0.0)	(70.0, 0.0)	(71.0, 0.0)	(72.0, 0.0)	(73.0, 0.0)	(74.0, 0.0)	(75.0, 0.0)	(76.0, 0.0)	(77.0, 0.0)	(78.0, 0.0)	(79.0, 0.0)	(80.0, 0.0)	(81.0, 0.0)	(82.0, 0.0)	(83.0, 0.0)	(84.0, 0.0)	(85.0, 0.0)	(86.0, 0.0)	(87.0, 0.0)	(88.0, 0.0)	(89.0, 0.0)	(90.0, 0.0)	(91.0, 0.0)	(92.0, 0.0)	(93.0, 0.0)	(94.0, 0.0)	(95.0, 0.0)	(96.0, 0.0)	(97.0, 0.0)	(98.0, 0.0)	(99.0, 0.0)	(100.0, 0.0)
615B14_S40_L001_R2_001	(0.0, 0.0989364333415781)	(1.0, 0.04946821667078905)	(2.0, 0.0)	(3.0, 0.0)	(4.0, 0.0)	(5.0, 0.0)	(6.0, 0.0)	(7.0, 0.0)	(8.0, 0.0)	(9.0, 0.0)	(10.0, 0.0)	(11.0, 0.0)	(12.0, 0.0)	(13.0, 0.0)	(14.0, 0.0)	(15.0, 0.0)	(16.0, 0.0)	(17.0, 0.0)	(18.0, 0.0)	(19.0, 0.0)	(20.0, 0.0)	(21.0, 0.0)	(22.0, 0.0)	(23.0, 0.0)	(24.0, 0.0)	(25.0, 0.0)	(26.0, 0.0)	(27.0, 0.0)	(28.0, 0.0)	(29.0, 0.0)	(30.0, 0.0)	(31.0, 0.0)	(32.0, 0.00824470277846484)	(33.0, 0.0)	(34.0, 0.0)	(35.0, 0.0)	(36.0, 0.0)	(37.0, 0.0)	(38.0, 0.010992937037953121)	(39.0, 0.010992937037953121)	(40.0, 0.03297881111385936)	(41.0, 0.03297881111385936)	(42.0, 0.00824470277846484)	(43.0, 0.024734108335394526)	(44.0, 0.08794349630362497)	(45.0, 0.11267760463901949)	(46.0, 0.14565641575287885)	(47.0, 0.15664935279083195)	(48.0, 0.17588699260724994)	(49.0, 0.7777502954351829)	(50.0, 2.344243823343505)	(51.0, 5.257372138401082)	(52.0, 14.727787396597664)	(53.0, 20.17478769890345)	(54.0, 17.35235111440899)	(55.0, 17.624426306098343)	(56.0, 6.147800038475284)	(57.0, 2.267293264077831)	(58.0, 4.037156127188284)	(59.0, 4.097617280897026)	(60.0, 1.871547530711519)	(61.0, 0.6265974111633279)	(62.0, 0.3957457333663124)	(63.0, 0.24734108335394525)	(64.0, 0.22535520927803898)	(65.0, 0.12641877593646092)	(66.0, 0.10718113612004293)	(67.0, 0.15664935279083197)	(68.0, 0.1813834611262265)	(69.0, 0.11542583889850777)	(70.0, 0.041223513892324204)	(71.0, 0.03297881111385936)	(72.0, 0.041223513892324204)	(73.0, 0.01648940555692968)	(74.0, 0.01648940555692968)	(75.0, 0.0)	(76.0, 0.0)	(77.0, 0.00824470277846484)	(78.0, 0.0)	(79.0, 0.00824470277846484)	(80.0, 0.0)	(81.0, 0.0)	(82.0, 0.0)	(83.0, 0.0)	(84.0, 0.0)	(85.0, 0.0)	(86.0, 0.0)	(87.0, 0.00824470277846484)	(88.0, 0.0)	(89.0, 0.0)	(90.0, 0.0)	(91.0, 0.0)	(92.0, 0.0)	(93.0, 0.0)	(94.0, 0.0)	(95.0, 0.00824470277846484)	(96.0, 0.0)	(97.0, 0.0)	(98.0, 0.0)	(99.0, 0.0)	(100.0, 0.0)
621A0_S57_L001_R1_001	(0.0, 0.007557817302362983)	(1.0, 0.0037789086511814916)	(2.0, 0.0)	(3.0, 0.0)	(4.0, 0.0)	(5.0, 0.0)	(6.0, 0.0)	(7.0, 0.0)	(8.0, 0.0)	(9.0, 0.0)	(10.0, 0.0)	(11.0, 0.0)	(12.0, 0.0)	(13.0, 0.0)	(14.0, 0.0)	(15.0, 0.0)	(16.0, 0.0)	(17.0, 0.0)	(18.0, 0.0)	(19.0, 0.0)	(20.0, 0.0)	(21.0, 0.0)	(22.0, 0.0)	(23.0, 0.0)	(24.0, 0.0)	(25.0, 0.0)	(26.0, 0.0)	(27.0, 0.0)	(28.0, 0.0)	(29.0, 0.0)	(30.0, 0.0)	(31.0, 0.0)	(32.0, 0.0)	(33.0, 0.0)	(34.0, 0.0)	(35.0, 0.0)	(36.0, 0.0)	(37.0, 0.0)	(38.0, 0.0025192724341209947)	(39.0, 0.0)	(40.0, 0.0018894543255907458)	(41.0, 0.0)	(42.0, 0.0)	(43.0, 0.0037789086511814916)	(44.0, 0.007557817302362983)	(45.0, 0.015115634604725967)	(46.0, 0.03401017786063343)	(47.0, 0.04723635813976865)	(48.0, 0.17949816093112086)	(49.0, 0.35521741321106026)	(50.0, 1.4995969164105223)	(51.0, 2.250340101778579)	(52.0, 4.415654758905573)	(53.0, 11.73036227137588)	(54.0, 11.771930266538876)	(55.0, 7.20511916158605)	(56.0, 3.8041013755226976)	(57.0, 3.5389479518314637)	(58.0, 5.893208041517624)	(59.0, 21.197788078803487)	(60.0, 19.82415478409836)	(61.0, 3.549025041567945)	(62.0, 0.9176449841285721)	(63.0, 0.4062326800020104)	(64.0, 0.27334105910212786)	(65.0, 0.17445961606287888)	(66.0, 0.30231269209451933)	(67.0, 0.50637375925832)	(68.0, 0.060462538418903866)	(69.0, 0.011336725953544477)	(70.0, 0.005668362976772238)	(71.0, 0.0018894543255907458)	(72.0, 0.0)	(73.0, 0.0)	(74.0, 0.0)	(75.0, 0.0)	(76.0, 0.0)	(77.0, 0.0018894543255907458)	(78.0, 0.0)	(79.0, 0.0)	(80.0, 0.0)	(81.0, 0.0)	(82.0, 0.0)	(83.0, 0.0)	(84.0, 0.0)	(85.0, 0.0)	(86.0, 0.0)	(87.0, 0.0)	(88.0, 0.0)	(89.0, 0.0)	(90.0, 0.0)	(91.0, 0.0)	(92.0, 0.0)	(93.0, 0.0)	(94.0, 0.0)	(95.0, 0.0)	(96.0, 0.0)	(97.0, 0.0)	(98.0, 0.0)	(99.0, 0.0)	(100.0, 0.0)
621A0_S57_L001_R2_001	(0.0, 0.008054502131087023)	(1.0, 0.0040272510655435115)	(2.0, 0.0)	(3.0, 0.0)	(4.0, 0.0)	(5.0, 0.0)	(6.0, 0.0)	(7.0, 0.0)	(8.0, 0.0)	(9.0, 0.0)	(10.0, 0.0)	(11.0, 0.0)	(12.0, 0.0)	(13.0, 0.0)	(14.0, 0.0)	(15.0, 0.0)	(16.0, 0.0)	(17.0, 0.0)	(18.0, 0.0)	(19.0, 0.0)	(20.0, 0.0)	(21.0, 0.0)	(22.0, 0.0)	(23.0, 0.0)	(24.0, 0.0)	(25.0, 0.0)	(26.0, 0.0)	(27.0, 0.0)	(28.0, 0.0)	(29.0, 0.0)	(30.0, 0.0)	(31.0, 0.0)	(32.0, 0.0)	(33.0, 0.0)	(34.0, 0.0040272510655435115)	(35.0, 0.0040272510655435115)	(36.0, 0.0)	(37.0, 0.0)	(38.0, 0.0)	(39.0, 0.0)	(40.0, 0.0020136255327717558)	(41.0, 0.0020136255327717558)	(42.0, 0.0020136255327717558)	(43.0, 0.006040876598315267)	(44.0, 0.016780212773097963)	(45.0, 0.026848340436956736)	(46.0, 0.03490284256804376)	(47.0, 0.05839514045038091)	(48.0, 0.3288921703527201)	(49.0, 0.5550894385340807)	(50.0, 0.9000906131489739)	(51.0, 4.000402725106548)	(52.0, 8.476692284458185)	(53.0, 13.09796288216933)	(54.0, 13.015404235325695)	(55.0, 6.533543645333424)	(56.0, 2.9016343927241)	(57.0, 7.68131019901333)	(58.0, 22.164647447729653)	(59.0, 12.375742524415202)	(60.0, 3.2936201631036686)	(61.0, 1.1417256770815856)	(62.0, 0.543678893848374)	(63.0, 0.3584253448333725)	(64.0, 0.30875591502500255)	(65.0, 0.30405745544853513)	(66.0, 0.3168104171560895)	(67.0, 0.4389703661442427)	(68.0, 0.5275698895862)	(69.0, 0.2537168171292412)	(70.0, 0.0724905191797832)	(71.0, 0.030204382991576333)	(72.0, 0.026177131926032823)	(73.0, 0.026177131926032823)	(74.0, 0.020136255327717557)	(75.0, 0.022149880860489312)	(76.0, 0.024163506393261067)	(77.0, 0.020136255327717557)	(78.0, 0.012081753196630534)	(79.0, 0.010068127663858778)	(80.0, 0.006040876598315267)	(81.0, 0.0040272510655435115)	(82.0, 0.008054502131087023)	(83.0, 0.0040272510655435115)	(84.0, 0.006040876598315267)	(85.0, 0.006040876598315267)	(86.0, 0.0020136255327717558)	(87.0, 0.0020136255327717558)	(88.0, 0.0)	(89.0, 0.0)	(90.0, 0.0)	(91.0, 0.0020136255327717558)	(92.0, 0.0)	(93.0, 0.0020136255327717558)	(94.0, 0.0020136255327717558)	(95.0, 0.0020136255327717558)	(96.0, 0.0)	(97.0, 0.0020136255327717558)	(98.0, 0.0)	(99.0, 0.0)	(100.0, 0.0)
621A14_S58_L001_R1_001	(0.0, 0.008779181633952029)	(1.0, 0.004389590816976014)	(2.0, 0.0)	(3.0, 0.0)	(4.0, 0.0)	(5.0, 0.0)	(6.0, 0.0)	(7.0, 0.0)	(8.0, 0.0)	(9.0, 0.0)	(10.0, 0.0)	(11.0, 0.0)	(12.0, 0.0)	(13.0, 0.0)	(14.0, 0.0)	(15.0, 0.0)	(16.0, 0.0)	(17.0, 0.0)	(18.0, 0.0)	(19.0, 0.0)	(20.0, 0.0)	(21.0, 0.0)	(22.0, 0.0)	(23.0, 0.0)	(24.0, 0.0)	(25.0, 0.0)	(26.0, 0.0)	(27.0, 0.0)	(28.0, 0.0)	(29.0, 0.0)	(30.0, 0.0)	(31.0, 0.0)	(32.0, 0.0)	(33.0, 0.0)	(34.0, 0.0)	(35.0, 0.0)	(36.0, 0.0)	(37.0, 0.0)	(38.0, 0.0)	(39.0, 0.0)	(40.0, 0.0)	(41.0, 0.002194795408488007)	(42.0, 0.0)	(43.0, 0.002194795408488007)	(44.0, 0.006584386225464021)	(45.0, 0.008779181633952029)	(46.0, 0.13168772450928043)	(47.0, 0.7045293261246502)	(48.0, 1.9848266477426546)	(49.0, 3.0522288147373215)	(50.0, 5.435045029885802)	(51.0, 11.51462831139758)	(52.0, 15.177741848164061)	(53.0, 15.043859328246292)	(54.0, 15.356251874721083)	(55.0, 10.776445455676114)	(56.0, 3.9674585000768197)	(57.0, 2.4442704865861455)	(58.0, 3.126120260156405)	(59.0, 5.500157293670953)	(60.0, 4.331062939416291)	(61.0, 0.7586676128673541)	(62.0, 0.21582154850132068)	(63.0, 0.13241932297877643)	(64.0, 0.05486988521220018)	(65.0, 0.024142749493368077)	(66.0, 0.08120743011405626)	(67.0, 0.13827211073474444)	(68.0, 0.010973977042440035)	(69.0, 0.002194795408488007)	(70.0, 0.0)	(71.0, 0.0)	(72.0, 0.002194795408488007)	(73.0, 0.0)	(74.0, 0.0)	(75.0, 0.0)	(76.0, 0.0)	(77.0, 0.0)	(78.0, 0.0)	(79.0, 0.0)	(80.0, 0.0)	(81.0, 0.0)	(82.0, 0.0)	(83.0, 0.0)	(84.0, 0.0)	(85.0, 0.0)	(86.0, 0.0)	(87.0, 0.0)	(88.0, 0.0)	(89.0, 0.0)	(90.0, 0.0)	(91.0, 0.0)	(92.0, 0.0)	(93.0, 0.0)	(94.0, 0.0)	(95.0, 0.0)	(96.0, 0.0)	(97.0, 0.0)	(98.0, 0.0)	(99.0, 0.0)	(100.0, 0.0)
621A14_S58_L001_R2_001	(0.0, 0.008978003890468359)	(1.0, 0.004489001945234179)	(2.0, 0.0)	(3.0, 0.0)	(4.0, 0.0)	(5.0, 0.0)	(6.0, 0.0)	(7.0, 0.0)	(8.0, 0.0)	(9.0, 0.0)	(10.0, 0.0)	(11.0, 0.0)	(12.0, 0.0)	(13.0, 0.0)	(14.0, 0.0)	(15.0, 0.0)	(16.0, 0.0)	(17.0, 0.0)	(18.0, 0.0)	(19.0, 0.0)	(20.0, 0.0)	(21.0, 0.0)	(22.0, 0.0)	(23.0, 0.0)	(24.0, 0.0)	(25.0, 0.0)	(26.0, 0.0)	(27.0, 0.0)	(28.0, 0.0)	(29.0, 0.0022445009726170897)	(30.0, 0.0)	(31.0, 0.0)	(32.0, 0.0)	(33.0, 0.0)	(34.0, 0.0)	(35.0, 0.0)	(36.0, 0.0)	(37.0, 0.0)	(38.0, 0.0)	(39.0, 0.0022445009726170897)	(40.0, 0.004489001945234179)	(41.0, 0.0067335029178512695)	(42.0, 0.0067335029178512695)	(43.0, 0.008978003890468359)	(44.0, 0.022445009726170896)	(45.0, 0.03890468352536289)	(46.0, 0.09875804279515198)	(47.0, 0.5080053868023348)	(48.0, 3.199162052970224)	(49.0, 5.053119856351941)	(50.0, 3.049528654795749)	(51.0, 4.602723327846765)	(52.0, 15.088283704922901)	(53.0, 23.69220409995515)	(54.0, 18.091426006284603)	(55.0, 9.921442465958407)	(56.0, 3.603172228041301)	(57.0, 2.6672153224599757)	(58.0, 5.071824031123749)	(59.0, 2.8415382313332365)	(60.0, 0.8663773754301966)	(61.0, 0.3202154720933715)	(62.0, 0.21098309142600644)	(63.0, 0.13167739039353596)	(64.0, 0.12718838844830177)	(65.0, 0.13541822534789777)	(66.0, 0.1099805476582374)	(67.0, 0.1286847224300465)	(68.0, 0.1099805476582374)	(69.0, 0.07406853209636396)	(70.0, 0.03142301361663926)	(71.0, 0.024689510698787987)	(72.0, 0.017956007780936718)	(73.0, 0.011222504863085448)	(74.0, 0.017956007780936718)	(75.0, 0.011222504863085448)	(76.0, 0.0022445009726170897)	(77.0, 0.008978003890468359)	(78.0, 0.0067335029178512695)	(79.0, 0.004489001945234179)	(80.0, 0.004489001945234179)	(81.0, 0.0067335029178512695)	(82.0, 0.004489001945234179)	(83.0, 0.0022445009726170897)	(84.0, 0.0022445009726170897)	(85.0, 0.0)	(86.0, 0.0022445009726170897)	(87.0, 0.0022445009726170897)	(88.0, 0.0067335029178512695)	(89.0, 0.0067335029178512695)	(90.0, 0.0022445009726170897)	(91.0, 0.0022445009726170897)	(92.0, 0.0022445009726170897)	(93.0, 0.0)	(94.0, 0.0)	(95.0, 0.0)	(96.0, 0.004489001945234179)	(97.0, 0.0022445009726170897)	(98.0, 0.0022445009726170897)	(99.0, 0.0)	(100.0, 0.0)
621B0_S59_L001_R1_001	(0.0, 0.008804431563887154)	(1.0, 0.004402215781943577)	(2.0, 0.0)	(3.0, 0.0)	(4.0, 0.0)	(5.0, 0.0)	(6.0, 0.0)	(7.0, 0.0)	(8.0, 0.0)	(9.0, 0.0)	(10.0, 0.0)	(11.0, 0.0)	(12.0, 0.0)	(13.0, 0.0)	(14.0, 0.0)	(15.0, 0.0)	(16.0, 0.0)	(17.0, 0.0)	(18.0, 0.0)	(19.0, 0.0)	(20.0, 0.0)	(21.0, 0.0)	(22.0, 0.0)	(23.0, 0.0)	(24.0, 0.0)	(25.0, 0.0)	(26.0, 0.0)	(27.0, 0.0)	(28.0, 0.0)	(29.0, 0.0)	(30.0, 0.0)	(31.0, 0.0022011078909717884)	(32.0, 0.0)	(33.0, 0.0)	(34.0, 0.0)	(35.0, 0.0)	(36.0, 0.0)	(37.0, 0.0)	(38.0, 0.004402215781943577)	(39.0, 0.008804431563887154)	(40.0, 0.006603323672915365)	(41.0, 0.004402215781943577)	(42.0, 0.0022011078909717884)	(43.0, 0.0)	(44.0, 0.0)	(45.0, 0.006603323672915365)	(46.0, 0.09244653142081512)	(47.0, 0.21350746542426347)	(48.0, 1.0147107377379945)	(49.0, 1.8665394915440767)	(50.0, 3.364026560035216)	(51.0, 11.708426574709268)	(52.0, 18.9706152096555)	(53.0, 16.63597343996475)	(54.0, 13.315969037748992)	(55.0, 8.269562346381013)	(56.0, 3.529843354488423)	(57.0, 2.5899702850434725)	(58.0, 4.543820389596058)	(59.0, 6.612861807109681)	(60.0, 5.487361972192688)	(61.0, 1.0491947613632182)	(62.0, 0.24872519167981208)	(63.0, 0.08290839722660404)	(64.0, 0.06236472357753401)	(65.0, 0.035217726255548615)	(66.0, 0.08584320774789975)	(67.0, 0.15187644447705342)	(68.0, 0.017608863127774307)	(69.0, 0.0)	(70.0, 0.0)	(71.0, 0.0)	(72.0, 0.0022011078909717884)	(73.0, 0.0)	(74.0, 0.0)	(75.0, 0.0)	(76.0, 0.0)	(77.0, 0.0)	(78.0, 0.0)	(79.0, 0.0)	(80.0, 0.0)	(81.0, 0.0)	(82.0, 0.0)	(83.0, 0.0)	(84.0, 0.0)	(85.0, 0.0)	(86.0, 0.0)	(87.0, 0.0)	(88.0, 0.0)	(89.0, 0.0)	(90.0, 0.0)	(91.0, 0.0)	(92.0, 0.0)	(93.0, 0.0)	(94.0, 0.0)	(95.0, 0.0)	(96.0, 0.0)	(97.0, 0.0)	(98.0, 0.0)	(99.0, 0.0)	(100.0, 0.0)
621B0_S59_L001_R2_001	(0.0, 0.009066594133913603)	(1.0, 0.004533297066956802)	(2.0, 0.0)	(3.0, 0.0)	(4.0, 0.0)	(5.0, 0.0)	(6.0, 0.0)	(7.0, 0.0)	(8.0, 0.0)	(9.0, 0.0)	(10.0, 0.0)	(11.0, 0.0)	(12.0, 0.0)	(13.0, 0.0)	(14.0, 0.0)	(15.0, 0.0)	(16.0, 0.0)	(17.0, 0.0)	(18.0, 0.0)	(19.0, 0.0)	(20.0, 0.0)	(21.0, 0.0)	(22.0, 0.0)	(23.0, 0.0)	(24.0, 0.0)	(25.0, 0.0)	(26.0, 0.0)	(27.0, 0.0)	(28.0, 0.002266648533478401)	(29.0, 0.002266648533478401)	(30.0, 0.0030221980446378674)	(31.0, 0.0030221980446378674)	(32.0, 0.0)	(33.0, 0.0067999456004352015)	(34.0, 0.004533297066956802)	(35.0, 0.0)	(36.0, 0.0)	(37.0, 0.0)	(38.0, 0.002266648533478401)	(39.0, 0.004533297066956802)	(40.0, 0.0067999456004352015)	(41.0, 0.002266648533478401)	(42.0, 0.004533297066956802)	(43.0, 0.0067999456004352015)	(44.0, 0.020399836801305606)	(45.0, 0.017377638756667736)	(46.0, 0.058177312359278935)	(47.0, 0.25688683379421867)	(48.0, 1.4000332441784924)	(49.0, 2.496335584870879)	(50.0, 2.373936564063047)	(51.0, 4.824183628753185)	(52.0, 17.99114495972914)	(53.0, 25.235353672726223)	(54.0, 17.58994816930353)	(55.0, 8.909439835592435)	(56.0, 3.5797935838735544)	(57.0, 2.984420569079894)	(58.0, 6.007374163228922)	(59.0, 3.484594345467461)	(60.0, 1.0562582166009347)	(61.0, 0.3845747011801686)	(62.0, 0.24102029405986994)	(63.0, 0.1662208924550827)	(64.0, 0.1118213276516011)	(65.0, 0.1299545159194283)	(66.0, 0.10577693156232537)	(67.0, 0.13222116445290671)	(68.0, 0.12239902080783363)	(69.0, 0.0959547879172523)	(70.0, 0.037021926046813876)	(71.0, 0.015866539734348806)	(72.0, 0.018133188267827206)	(73.0, 0.0067999456004352015)	(74.0, 0.018133188267827206)	(75.0, 0.013599891200870403)	(76.0, 0.0067999456004352015)	(77.0, 0.004533297066956802)	(78.0, 0.002266648533478401)	(79.0, 0.002266648533478401)	(80.0, 0.004533297066956802)	(81.0, 0.0067999456004352015)	(82.0, 0.002266648533478401)	(83.0, 0.002266648533478401)	(84.0, 0.002266648533478401)	(85.0, 0.0)	(86.0, 0.0)	(87.0, 0.002266648533478401)	(88.0, 0.0)	(89.0, 0.0)	(90.0, 0.0)	(91.0, 0.0)	(92.0, 0.0)	(93.0, 0.002266648533478401)	(94.0, 0.002266648533478401)	(95.0, 0.0)	(96.0, 0.0)	(97.0, 0.0)	(98.0, 0.004533297066956802)	(99.0, 0.0067999456004352015)	(100.0, 0.0)
621B14_S60_L001_R1_001	(0.0, 0.0)	(1.0, 0.0)	(2.0, 0.0)	(3.0, 0.0)	(4.0, 0.0)	(5.0, 0.0)	(6.0, 0.0)	(7.0, 0.0)	(8.0, 0.0)	(9.0, 0.0)	(10.0, 0.0)	(11.0, 0.0)	(12.0, 0.0)	(13.0, 0.0)	(14.0, 0.0)	(15.0, 0.0)	(16.0, 0.0)	(17.0, 0.0)	(18.0, 0.0)	(19.0, 0.0)	(20.0, 0.0)	(21.0, 0.0)	(22.0, 0.0)	(23.0, 0.0)	(24.0, 0.0)	(25.0, 0.0)	(26.0, 0.0)	(27.0, 0.0)	(28.0, 0.0)	(29.0, 0.0)	(30.0, 0.0)	(31.0, 0.0)	(32.0, 0.0)	(33.0, 0.0)	(34.0, 0.0)	(35.0, 0.0)	(36.0, 0.0)	(37.0, 0.0)	(38.0, 0.0)	(39.0, 0.0)	(40.0, 0.0)	(41.0, 0.0)	(42.0, 0.0)	(43.0, 0.0066652348754713)	(44.0, 0.008886979833961733)	(45.0, 0.004443489916980866)	(46.0, 0.0266609395018852)	(47.0, 0.1066437580075408)	(48.0, 0.1533004021358399)	(49.0, 0.2784587014641343)	(50.0, 1.2019640225433246)	(51.0, 3.4407423590488504)	(52.0, 7.353975812603335)	(53.0, 14.619822408519878)	(54.0, 13.927378563123693)	(55.0, 7.451732590776914)	(56.0, 3.7495649082790212)	(57.0, 3.691799539358267)	(58.0, 5.516592731931743)	(59.0, 17.26592065408088)	(60.0, 15.865480748579724)	(61.0, 2.8801220478564296)	(62.0, 0.7376193262188238)	(63.0, 0.3851024594716751)	(64.0, 0.27253404824149313)	(65.0, 0.14071051403772744)	(66.0, 0.33844581534337603)	(67.0, 0.5265535551622327)	(68.0, 0.04443489916980867)	(69.0, 0.004443489916980866)	(70.0, 0.0)	(71.0, 0.0)	(72.0, 0.0)	(73.0, 0.0)	(74.0, 0.0)	(75.0, 0.0)	(76.0, 0.0)	(77.0, 0.0)	(78.0, 0.0)	(79.0, 0.0)	(80.0, 0.0)	(81.0, 0.0)	(82.0, 0.0)	(83.0, 0.0)	(84.0, 0.0)	(85.0, 0.0)	(86.0, 0.0)	(87.0, 0.0)	(88.0, 0.0)	(89.0, 0.0)	(90.0, 0.0)	(91.0, 0.0)	(92.0, 0.0)	(93.0, 0.0)	(94.0, 0.0)	(95.0, 0.0)	(96.0, 0.0)	(97.0, 0.0)	(98.0, 0.0)	(99.0, 0.0)	(100.0, 0.0)
621B14_S60_L001_R2_001	(0.0, 0.009342956578609304)	(1.0, 0.004671478289304652)	(2.0, 0.0)	(3.0, 0.0)	(4.0, 0.0)	(5.0, 0.0)	(6.0, 0.0)	(7.0, 0.0)	(8.0, 0.0)	(9.0, 0.0)	(10.0, 0.0)	(11.0, 0.0)	(12.0, 0.0)	(13.0, 0.0)	(14.0, 0.0)	(15.0, 0.0)	(16.0, 0.0)	(17.0, 0.0)	(18.0, 0.0)	(19.0, 0.0)	(20.0, 0.0)	(21.0, 0.0)	(22.0, 0.0)	(23.0, 0.0)	(24.0, 0.0)	(25.0, 0.0)	(26.0, 0.0)	(27.0, 0.0)	(28.0, 0.0)	(29.0, 0.0)	(30.0, 0.0)	(31.0, 0.0)	(32.0, 0.0)	(33.0, 0.002335739144652326)	(34.0, 0.0)	(35.0, 0.0)	(36.0, 0.0)	(37.0, 0.0)	(38.0, 0.0)	(39.0, 0.0)	(40.0, 0.0031143188595364347)	(41.0, 0.00545005800418876)	(42.0, 0.007785797148841086)	(43.0, 0.014014434867913955)	(44.0, 0.01946449287210272)	(45.0, 0.03347892774001667)	(46.0, 0.030364608880480242)	(47.0, 0.07941513091817909)	(48.0, 0.3417964948341237)	(49.0, 0.5839347861630819)	(50.0, 1.121154789433115)	(51.0, 5.079454059903918)	(52.0, 12.135722015898601)	(53.0, 15.515536558210503)	(54.0, 13.7964325477464)	(55.0, 6.827365519818751)	(56.0, 3.5783523696073627)	(57.0, 6.687221171139611)	(58.0, 17.335855931609544)	(59.0, 9.925334205342626)	(60.0, 2.86906624934794)	(61.0, 0.902373889550682)	(62.0, 0.46091919121139235)	(63.0, 0.322332001962021)	(64.0, 0.322332001962021)	(65.0, 0.272502900209438)	(66.0, 0.29041023365177254)	(67.0, 0.4040828720248524)	(68.0, 0.42043304603741866)	(69.0, 0.23824539275453727)	(70.0, 0.08720092806702016)	(71.0, 0.046714782893046515)	(72.0, 0.037371826314437216)	(73.0, 0.039707565459089544)	(74.0, 0.037371826314437216)	(75.0, 0.016350174012566283)	(76.0, 0.014014434867913955)	(77.0, 0.011678695723261629)	(78.0, 0.002335739144652326)	(79.0, 0.002335739144652326)	(80.0, 0.007007217433956978)	(81.0, 0.004671478289304652)	(82.0, 0.0)	(83.0, 0.002335739144652326)	(84.0, 0.002335739144652326)	(85.0, 0.0)	(86.0, 0.002335739144652326)	(87.0, 0.004671478289304652)	(88.0, 0.004671478289304652)	(89.0, 0.002335739144652326)	(90.0, 0.0)	(91.0, 0.004671478289304652)	(92.0, 0.007007217433956978)	(93.0, 0.0)	(94.0, 0.0)	(95.0, 0.002335739144652326)	(96.0, 0.0)	(97.0, 0.004671478289304652)	(98.0, 0.007007217433956978)	(99.0, 0.002335739144652326)	(100.0, 0.006228637719072869)
622A0_S61_L001_R1_001	(0.0, 0.007367522731877428)	(1.0, 0.003683761365938714)	(2.0, 0.0)	(3.0, 0.0)	(4.0, 0.0)	(5.0, 0.0)	(6.0, 0.0)	(7.0, 0.0)	(8.0, 0.0)	(9.0, 0.0)	(10.0, 0.0)	(11.0, 0.0)	(12.0, 0.0)	(13.0, 0.0)	(14.0, 0.0)	(15.0, 0.0)	(16.0, 0.0)	(17.0, 0.0)	(18.0, 0.0)	(19.0, 0.0)	(20.0, 0.0)	(21.0, 0.0)	(22.0, 0.0)	(23.0, 0.0)	(24.0, 0.0)	(25.0, 0.0)	(26.0, 0.0)	(27.0, 0.0)	(28.0, 0.0)	(29.0, 0.0)	(30.0, 0.0)	(31.0, 0.0)	(32.0, 0.0)	(33.0, 0.0)	(34.0, 0.0)	(35.0, 0.001841880682969357)	(36.0, 0.001841880682969357)	(37.0, 0.0)	(38.0, 0.0)	(39.0, 0.0)	(40.0, 0.003683761365938714)	(41.0, 0.011051284097816142)	(42.0, 0.016576926146724215)	(43.0, 0.012893164780785497)	(44.0, 0.011051284097816142)	(45.0, 0.011051284097816142)	(46.0, 0.012893164780785497)	(47.0, 0.014735045463754856)	(48.0, 0.03929345457001295)	(49.0, 0.11112680120581787)	(50.0, 1.0228577392756495)	(51.0, 7.585478612695469)	(52.0, 10.983748472773925)	(53.0, 18.92041233568889)	(54.0, 26.496067584741873)	(55.0, 16.690508788840656)	(56.0, 5.735616446766581)	(57.0, 5.639838651252173)	(58.0, 2.8899107915789206)	(59.0, 0.9878620062992316)	(60.0, 0.21611400013507123)	(61.0, 0.22348152286694864)	(62.0, 0.15533193759708241)	(63.0, 0.12340600575894689)	(64.0, 0.22286756263929217)	(65.0, 0.21243023876913245)	(66.0, 0.5243220344186104)	(67.0, 0.9393591483143721)	(68.0, 0.15471797736942597)	(69.0, 0.009209403414846785)	(70.0, 0.003683761365938714)	(71.0, 0.003683761365938714)	(72.0, 0.0)	(73.0, 0.0)	(74.0, 0.0)	(75.0, 0.0)	(76.0, 0.0)	(77.0, 0.0)	(78.0, 0.0)	(79.0, 0.0)	(80.0, 0.0)	(81.0, 0.0)	(82.0, 0.0)	(83.0, 0.0)	(84.0, 0.0)	(85.0, 0.0)	(86.0, 0.0)	(87.0, 0.0)	(88.0, 0.0)	(89.0, 0.0)	(90.0, 0.0)	(91.0, 0.0)	(92.0, 0.0)	(93.0, 0.0)	(94.0, 0.0)	(95.0, 0.0)	(96.0, 0.0)	(97.0, 0.0)	(98.0, 0.0)	(99.0, 0.0)	(100.0, 0.0)
622A0_S61_L001_R2_001	(0.0, 0.007466261829358575)	(1.0, 0.0037331309146792875)	(2.0, 0.0)	(3.0, 0.0)	(4.0, 0.0)	(5.0, 0.0)	(6.0, 0.0)	(7.0, 0.0)	(8.0, 0.0)	(9.0, 0.0)	(10.0, 0.0)	(11.0, 0.0)	(12.0, 0.0)	(13.0, 0.0)	(14.0, 0.0)	(15.0, 0.0)	(16.0, 0.0)	(17.0, 0.0)	(18.0, 0.0)	(19.0, 0.0)	(20.0, 0.0)	(21.0, 0.0)	(22.0, 0.0)	(23.0, 0.0)	(24.0, 0.0)	(25.0, 0.0)	(26.0, 0.0)	(27.0, 0.0)	(28.0, 0.0018665654573396437)	(29.0, 0.0)	(30.0, 0.0)	(31.0, 0.0)	(32.0, 0.0)	(33.0, 0.0)	(34.0, 0.0024887539431195245)	(35.0, 0.0024887539431195245)	(36.0, 0.0037331309146792875)	(37.0, 0.0)	(38.0, 0.0037331309146792875)	(39.0, 0.0018665654573396437)	(40.0, 0.006221884857798812)	(41.0, 0.015554712144497029)	(42.0, 0.01742127760183667)	(43.0, 0.026131916402755008)	(44.0, 0.018665654573396435)	(45.0, 0.0298650473174343)	(46.0, 0.023643162459635485)	(47.0, 0.05101945583395025)	(48.0, 0.13625927838579402)	(49.0, 0.24949758279773226)	(50.0, 0.912750508639084)	(51.0, 3.3131536867778553)	(52.0, 11.479377562638774)	(53.0, 25.58439053526881)	(54.0, 25.35853611493074)	(55.0, 13.785830279424808)	(56.0, 9.89964099724369)	(57.0, 4.094000236431619)	(58.0, 1.1896243848111328)	(59.0, 0.4865513958798672)	(60.0, 0.3017614156032424)	(61.0, 0.2625635409991099)	(62.0, 0.1854121687624046)	(63.0, 0.29367296528810394)	(64.0, 0.4044225157569228)	(65.0, 0.44237601338949556)	(66.0, 0.2818513840582862)	(67.0, 0.3341152168637962)	(68.0, 0.3919787460413252)	(69.0, 0.2015890693926815)	(70.0, 0.06719635646422717)	(71.0, 0.033598178232113585)	(72.0, 0.013065958201377504)	(73.0, 0.013065958201377504)	(74.0, 0.007466261829358575)	(75.0, 0.009332827286698217)	(76.0, 0.005599696372018931)	(77.0, 0.0018665654573396437)	(78.0, 0.0037331309146792875)	(79.0, 0.0037331309146792875)	(80.0, 0.007466261829358575)	(81.0, 0.007466261829358575)	(82.0, 0.0037331309146792875)	(83.0, 0.0)	(84.0, 0.0)	(85.0, 0.0)	(86.0, 0.0018665654573396437)	(87.0, 0.0)	(88.0, 0.0)	(89.0, 0.0018665654573396437)	(90.0, 0.0018665654573396437)	(91.0, 0.0)	(92.0, 0.0018665654573396437)	(93.0, 0.0018665654573396437)	(94.0, 0.0018665654573396437)	(95.0, 0.0)	(96.0, 0.0)	(97.0, 0.0018665654573396437)	(98.0, 0.0)	(99.0, 0.0018665654573396437)	(100.0, 0.0024887539431195245)
622A14_S62_L001_R1_001	(0.0, 0.0)	(1.0, 0.0)	(2.0, 0.0)	(3.0, 0.0)	(4.0, 0.0)	(5.0, 0.0)	(6.0, 0.0)	(7.0, 0.0)	(8.0, 0.0)	(9.0, 0.0)	(10.0, 0.0)	(11.0, 0.0)	(12.0, 0.0)	(13.0, 0.0)	(14.0, 0.0)	(15.0, 0.0)	(16.0, 0.0)	(17.0, 0.0)	(18.0, 0.0)	(19.0, 0.0)	(20.0, 0.0)	(21.0, 0.0)	(22.0, 0.0)	(23.0, 0.0)	(24.0, 0.0)	(25.0, 0.0)	(26.0, 0.0)	(27.0, 0.0)	(28.0, 0.0)	(29.0, 0.0)	(30.0, 0.0)	(31.0, 0.0)	(32.0, 0.0)	(33.0, 0.0)	(34.0, 0.0)	(35.0, 0.0)	(36.0, 0.0)	(37.0, 0.0)	(38.0, 0.0)	(39.0, 0.0)	(40.0, 0.0)	(41.0, 0.0)	(42.0, 0.0)	(43.0, 0.0)	(44.0, 0.0)	(45.0, 0.0028961722257083555)	(46.0, 0.027030940773277976)	(47.0, 0.027996331515180762)	(48.0, 0.13225853164068155)	(49.0, 0.3678138726649611)	(50.0, 1.8236231114543613)	(51.0, 5.005550996765938)	(52.0, 9.070811410918582)	(53.0, 15.49065984457208)	(54.0, 19.64473620697975)	(55.0, 13.769368151759432)	(56.0, 9.559299126321394)	(57.0, 6.008591977602933)	(58.0, 3.5323647246222905)	(59.0, 2.741709707003913)	(60.0, 2.7214365014239563)	(61.0, 1.9066467152580004)	(62.0, 1.045518173480716)	(63.0, 0.8032050972631174)	(64.0, 0.9711830863542011)	(65.0, 1.2443886663126886)	(66.0, 1.6411642612347348)	(67.0, 2.0070473524158907)	(68.0, 0.390983250470628)	(69.0, 0.055027272288458745)	(70.0, 0.005792344451416711)	(71.0, 0.0)	(72.0, 0.0)	(73.0, 0.0)	(74.0, 0.0)	(75.0, 0.0)	(76.0, 0.0)	(77.0, 0.0)	(78.0, 0.0028961722257083555)	(79.0, 0.0)	(80.0, 0.0)	(81.0, 0.0)	(82.0, 0.0)	(83.0, 0.0)	(84.0, 0.0)	(85.0, 0.0)	(86.0, 0.0)	(87.0, 0.0)	(88.0, 0.0)	(89.0, 0.0)	(90.0, 0.0)	(91.0, 0.0)	(92.0, 0.0)	(93.0, 0.0)	(94.0, 0.0)	(95.0, 0.0)	(96.0, 0.0)	(97.0, 0.0)	(98.0, 0.0)	(99.0, 0.0)	(100.0, 0.0)
622A14_S62_L001_R2_001	(0.0, 0.0)	(1.0, 0.0)	(2.0, 0.0)	(3.0, 0.0)	(4.0, 0.0)	(5.0, 0.0)	(6.0, 0.0)	(7.0, 0.0)	(8.0, 0.0)	(9.0, 0.0)	(10.0, 0.0)	(11.0, 0.0)	(12.0, 0.0)	(13.0, 0.0)	(14.0, 0.0)	(15.0, 0.0)	(16.0, 0.0)	(17.0, 0.0)	(18.0, 0.0)	(19.0, 0.0)	(20.0, 0.0)	(21.0, 0.0)	(22.0, 0.0)	(23.0, 0.0)	(24.0, 0.0)	(25.0, 0.0)	(26.0, 0.0)	(27.0, 0.0)	(28.0, 0.0)	(29.0, 0.0)	(30.0, 0.0)	(31.0, 0.0)	(32.0, 0.0)	(33.0, 0.0)	(34.0, 0.0)	(35.0, 0.0)	(36.0, 0.0)	(37.0, 0.0)	(38.0, 0.0)	(39.0, 0.0)	(40.0, 0.0)	(41.0, 0.002941003470384098)	(42.0, 0.011764013881536393)	(43.0, 0.020587024292688688)	(44.0, 0.015685351842048525)	(45.0, 0.009803344901280327)	(46.0, 0.02254769327294475)	(47.0, 0.09999411799305932)	(48.0, 0.2793953296864893)	(49.0, 0.5617316628433627)	(50.0, 0.8097562888457557)	(51.0, 2.723369213575682)	(52.0, 9.442581808913236)	(53.0, 19.426308256377027)	(54.0, 22.23496657059383)	(55.0, 14.746191400505873)	(56.0, 9.62884536203754)	(57.0, 4.705605552614556)	(58.0, 2.465541242672003)	(59.0, 1.6636276297472714)	(60.0, 0.9293570966413749)	(61.0, 0.9411211105229116)	(62.0, 0.8587730133521568)	(63.0, 1.0734662666901955)	(64.0, 1.262670823284906)	(65.0, 1.3567829343371973)	(66.0, 1.027390545654178)	(67.0, 1.1254239946669817)	(68.0, 1.3263925651432282)	(69.0, 0.7146638433033359)	(70.0, 0.18528321863419817)	(71.0, 0.08234809717075475)	(72.0, 0.049997058996529675)	(73.0, 0.023528027763072785)	(74.0, 0.01764602082230459)	(75.0, 0.023528027763072785)	(76.0, 0.014705017351920492)	(77.0, 0.014705017351920492)	(78.0, 0.011764013881536393)	(79.0, 0.005882006940768196)	(80.0, 0.011764013881536393)	(81.0, 0.008823010411152295)	(82.0, 0.008823010411152295)	(83.0, 0.008823010411152295)	(84.0, 0.002941003470384098)	(85.0, 0.005882006940768196)	(86.0, 0.005882006940768196)	(87.0, 0.011764013881536393)	(88.0, 0.005882006940768196)	(89.0, 0.0)	(90.0, 0.0)	(91.0, 0.0)	(92.0, 0.0)	(93.0, 0.0)	(94.0, 0.002941003470384098)	(95.0, 0.002941003470384098)	(96.0, 0.0)	(97.0, 0.0)	(98.0, 0.0)	(99.0, 0.002941003470384098)	(100.0, 0.003921337960512131)
622B0_S63_L001_R1_001	(0.0, 0.023677045104770963)	(1.0, 0.011838522552385482)	(2.0, 0.0)	(3.0, 0.0)	(4.0, 0.0)	(5.0, 0.0)	(6.0, 0.0)	(7.0, 0.0)	(8.0, 0.0)	(9.0, 0.0)	(10.0, 0.0)	(11.0, 0.0)	(12.0, 0.0)	(13.0, 0.0)	(14.0, 0.0)	(15.0, 0.0)	(16.0, 0.0)	(17.0, 0.0)	(18.0, 0.0)	(19.0, 0.0)	(20.0, 0.0)	(21.0, 0.0)	(22.0, 0.0)	(23.0, 0.0)	(24.0, 0.0)	(25.0, 0.0)	(26.0, 0.0)	(27.0, 0.0)	(28.0, 0.0)	(29.0, 0.0)	(30.0, 0.0)	(31.0, 0.0)	(32.0, 0.0)	(33.0, 0.0)	(34.0, 0.0)	(35.0, 0.0)	(36.0, 0.0)	(37.0, 0.0)	(38.0, 0.0)	(39.0, 0.0)	(40.0, 0.0)	(41.0, 0.005919261276192741)	(42.0, 0.017757783828578223)	(43.0, 0.026636675742867336)	(44.0, 0.017757783828578223)	(45.0, 0.0069058048222248635)	(46.0, 0.011838522552385482)	(47.0, 0.017757783828578223)	(48.0, 0.051300264393670435)	(49.0, 0.1874432737461035)	(50.0, 1.5074385383370839)	(51.0, 6.329663391342101)	(52.0, 8.866066848190703)	(53.0, 12.99869776251927)	(54.0, 22.406377017481518)	(55.0, 23.271575707351648)	(56.0, 9.465885324178243)	(57.0, 5.367783433960773)	(58.0, 3.3887770806203448)	(59.0, 1.81622666824514)	(60.0, 1.263762282467148)	(61.0, 0.5268142535811542)	(62.0, 0.335424805650922)	(63.0, 0.29004380253344425)	(64.0, 0.25354169133025567)	(65.0, 0.3275324572826648)	(66.0, 0.4932717730160619)	(67.0, 0.6057377372637238)	(68.0, 0.0917485497809875)	(69.0, 0.008878891914289111)	(70.0, 0.0)	(71.0, 0.0)	(72.0, 0.0)	(73.0, 0.0029596306380963704)	(74.0, 0.0029596306380963704)	(75.0, 0.0)	(76.0, 0.0)	(77.0, 0.0)	(78.0, 0.0)	(79.0, 0.0)	(80.0, 0.0)	(81.0, 0.0)	(82.0, 0.0)	(83.0, 0.0)	(84.0, 0.0)	(85.0, 0.0)	(86.0, 0.0)	(87.0, 0.0)	(88.0, 0.0)	(89.0, 0.0)	(90.0, 0.0)	(91.0, 0.0)	(92.0, 0.0)	(93.0, 0.0)	(94.0, 0.0)	(95.0, 0.0)	(96.0, 0.0)	(97.0, 0.0)	(98.0, 0.0)	(99.0, 0.0)	(100.0, 0.0)
622B0_S63_L001_R2_001	(0.0, 0.02363740224949281)	(1.0, 0.011818701124746405)	(2.0, 0.0)	(3.0, 0.0)	(4.0, 0.0)	(5.0, 0.0)	(6.0, 0.0)	(7.0, 0.0)	(8.0, 0.0)	(9.0, 0.0)	(10.0, 0.0)	(11.0, 0.0)	(12.0, 0.0)	(13.0, 0.0)	(14.0, 0.0)	(15.0, 0.0)	(16.0, 0.0)	(17.0, 0.0)	(18.0, 0.0)	(19.0, 0.0)	(20.0, 0.0)	(21.0, 0.0)	(22.0, 0.0)	(23.0, 0.0)	(24.0, 0.0)	(25.0, 0.0)	(26.0, 0.0)	(27.0, 0.0)	(28.0, 0.0)	(29.0, 0.0)	(30.0, 0.0)	(31.0, 0.0)	(32.0, 0.0)	(33.0, 0.0029546752811866013)	(34.0, 0.0)	(35.0, 0.0)	(36.0, 0.0029546752811866013)	(37.0, 0.003939567041582135)	(38.0, 0.0029546752811866013)	(39.0, 0.0029546752811866013)	(40.0, 0.009848917603955336)	(41.0, 0.011818701124746405)	(42.0, 0.02363740224949281)	(43.0, 0.029546752811866007)	(44.0, 0.01871294344751514)	(45.0, 0.008864025843559803)	(46.0, 0.030531644572261547)	(47.0, 0.06795753146729182)	(48.0, 0.14576398053853898)	(49.0, 0.3200898221285483)	(50.0, 1.1237614986113023)	(51.0, 4.5344416648610295)	(52.0, 15.180136702976363)	(53.0, 19.65056040341164)	(54.0, 20.295664506470708)	(55.0, 17.376445328658384)	(56.0, 12.241219689956093)	(57.0, 3.908050505249479)	(58.0, 1.127701065652886)	(59.0, 0.40183583824137775)	(60.0, 0.31418047156617523)	(61.0, 0.28660350227510023)	(62.0, 0.25410207418204767)	(63.0, 0.3456970078988323)	(64.0, 0.35357614198199655)	(65.0, 0.2826639352335182)	(66.0, 0.28955817755628693)	(67.0, 0.47668761203143833)	(68.0, 0.44320129217799015)	(69.0, 0.16841649102763626)	(70.0, 0.06204818090491863)	(71.0, 0.02659207753067941)	(72.0, 0.029546752811866007)	(73.0, 0.02363740224949281)	(74.0, 0.011818701124746405)	(75.0, 0.014773376405933004)	(76.0, 0.0059093505623732025)	(77.0, 0.0029546752811866013)	(78.0, 0.0029546752811866013)	(79.0, 0.0029546752811866013)	(80.0, 0.008864025843559803)	(81.0, 0.0059093505623732025)	(82.0, 0.0029546752811866013)	(83.0, 0.0)	(84.0, 0.0)	(85.0, 0.0029546752811866013)	(86.0, 0.0059093505623732025)	(87.0, 0.0059093505623732025)	(88.0, 0.0)	(89.0, 0.0029546752811866013)	(90.0, 0.0)	(91.0, 0.0)	(92.0, 0.0029546752811866013)	(93.0, 0.0059093505623732025)	(94.0, 0.0)	(95.0, 0.0)	(96.0, 0.0)	(97.0, 0.0)	(98.0, 0.0)	(99.0, 0.0)	(100.0, 0.0)
622B14_S64_L001_R1_001	(0.0, 0.026082987371486958)	(1.0, 0.013041493685743479)	(2.0, 0.0)	(3.0, 0.0)	(4.0, 0.0)	(5.0, 0.0)	(6.0, 0.0)	(7.0, 0.0)	(8.0, 0.0)	(9.0, 0.0)	(10.0, 0.0)	(11.0, 0.0)	(12.0, 0.0)	(13.0, 0.0)	(14.0, 0.0)	(15.0, 0.0)	(16.0, 0.0)	(17.0, 0.0)	(18.0, 0.0)	(19.0, 0.0)	(20.0, 0.0)	(21.0, 0.0)	(22.0, 0.0)	(23.0, 0.0)	(24.0, 0.0)	(25.0, 0.0)	(26.0, 0.0)	(27.0, 0.0)	(28.0, 0.0)	(29.0, 0.0)	(30.0, 0.0)	(31.0, 0.0)	(32.0, 0.0)	(33.0, 0.0)	(34.0, 0.0)	(35.0, 0.0)	(36.0, 0.0)	(37.0, 0.0)	(38.0, 0.0)	(39.0, 0.0)	(40.0, 0.0076075379833503605)	(41.0, 0.023909405090529707)	(42.0, 0.03912448105723043)	(43.0, 0.041298063338187675)	(44.0, 0.06412067728823877)	(45.0, 0.03477731649531594)	(46.0, 0.029343360792922824)	(47.0, 0.03586410763579456)	(48.0, 0.04999239246201666)	(49.0, 0.16193187993131486)	(50.0, 1.2443758558480233)	(51.0, 7.490164540178668)	(52.0, 10.312561132001663)	(53.0, 10.851609537679066)	(54.0, 15.021627143695543)	(55.0, 20.413197991609906)	(56.0, 10.133240593822702)	(57.0, 5.802377899015363)	(58.0, 3.0017171300019583)	(59.0, 2.2746538570217587)	(60.0, 2.275740648162238)	(61.0, 1.6225791727345829)	(62.0, 1.0052818049427263)	(63.0, 0.7574934249136007)	(64.0, 1.0128893429260766)	(65.0, 1.196557045666963)	(66.0, 2.0866389897189577)	(67.0, 2.3409481165909547)	(68.0, 0.5151390005868673)	(69.0, 0.09455082922164021)	(70.0, 0.013041493685743479)	(71.0, 0.0)	(72.0, 0.0)	(73.0, 0.0032603734214358697)	(74.0, 0.0)	(75.0, 0.0032603734214358697)	(76.0, 0.0)	(77.0, 0.0)	(78.0, 0.0)	(79.0, 0.0)	(80.0, 0.0)	(81.0, 0.0)	(82.0, 0.0)	(83.0, 0.0)	(84.0, 0.0)	(85.0, 0.0)	(86.0, 0.0)	(87.0, 0.0)	(88.0, 0.0)	(89.0, 0.0)	(90.0, 0.0)	(91.0, 0.0)	(92.0, 0.0)	(93.0, 0.0)	(94.0, 0.0)	(95.0, 0.0)	(96.0, 0.0)	(97.0, 0.0)	(98.0, 0.0)	(99.0, 0.0)	(100.0, 0.0)
622B14_S64_L001_R2_001	(0.0, 0.025910091980826538)	(1.0, 0.012955045990413269)	(2.0, 0.0)	(3.0, 0.0)	(4.0, 0.0)	(5.0, 0.0)	(6.0, 0.0)	(7.0, 0.0)	(8.0, 0.0)	(9.0, 0.0)	(10.0, 0.0)	(11.0, 0.0)	(12.0, 0.0)	(13.0, 0.0)	(14.0, 0.0)	(15.0, 0.0)	(16.0, 0.0)	(17.0, 0.0)	(18.0, 0.0)	(19.0, 0.0)	(20.0, 0.0)	(21.0, 0.0)	(22.0, 0.0)	(23.0, 0.0)	(24.0, 0.0)	(25.0, 0.0)	(26.0, 0.0)	(27.0, 0.0)	(28.0, 0.0)	(29.0, 0.0)	(30.0, 0.0)	(31.0, 0.0)	(32.0, 0.0)	(33.0, 0.0)	(34.0, 0.0)	(35.0, 0.003238761497603317)	(36.0, 0.0)	(37.0, 0.003238761497603317)	(38.0, 0.0)	(39.0, 0.003238761497603317)	(40.0, 0.009716284492809951)	(41.0, 0.02483050481495876)	(42.0, 0.04750183529818198)	(43.0, 0.039944725137107576)	(44.0, 0.052899771127520846)	(45.0, 0.059377294122727485)	(46.0, 0.04534266096644644)	(47.0, 0.048581422464049756)	(48.0, 0.12199334974305827)	(49.0, 0.22239495616876115)	(50.0, 0.6995724834823165)	(51.0, 2.7227188323185243)	(52.0, 8.843978062788791)	(53.0, 16.428077903009882)	(54.0, 17.546530206848896)	(55.0, 17.722502914885347)	(56.0, 15.024614587381791)	(57.0, 5.913978494623655)	(58.0, 1.8547307509608324)	(59.0, 0.9090123936606641)	(60.0, 0.6574685840134732)	(61.0, 0.6844582631601677)	(62.0, 0.750313080278102)	(63.0, 1.042881202228268)	(64.0, 1.217774323098847)	(65.0, 1.2890270760461198)	(66.0, 1.1670337263030617)	(67.0, 1.662564235436369)	(68.0, 1.7413740985447166)	(69.0, 0.8237250075571103)	(70.0, 0.23642958932504213)	(71.0, 0.10040160642570282)	(72.0, 0.038865137971239805)	(73.0, 0.038865137971239805)	(74.0, 0.025910091980826538)	(75.0, 0.02267133048322322)	(76.0, 0.012955045990413269)	(77.0, 0.003238761497603317)	(78.0, 0.0)	(79.0, 0.016193807488016587)	(80.0, 0.019432568985619902)	(81.0, 0.006477522995206634)	(82.0, 0.012955045990413269)	(83.0, 0.0)	(84.0, 0.009716284492809951)	(85.0, 0.003238761497603317)	(86.0, 0.006477522995206634)	(87.0, 0.003238761497603317)	(88.0, 0.006477522995206634)	(89.0, 0.0)	(90.0, 0.0)	(91.0, 0.0)	(92.0, 0.003238761497603317)	(93.0, 0.006477522995206634)	(94.0, 0.0)	(95.0, 0.0)	(96.0, 0.0)	(97.0, 0.0)	(98.0, 0.0)	(99.0, 0.003238761497603317)	(100.0, 0.0)
639A0_S81_L001_R1_001	(0.0, 0.0091764867820355)	(1.0, 0.00458824339101775)	(2.0, 0.0)	(3.0, 0.0)	(4.0, 0.0)	(5.0, 0.0)	(6.0, 0.0)	(7.0, 0.0)	(8.0, 0.0)	(9.0, 0.0)	(10.0, 0.0)	(11.0, 0.0)	(12.0, 0.0)	(13.0, 0.0)	(14.0, 0.0)	(15.0, 0.0)	(16.0, 0.0)	(17.0, 0.0)	(18.0, 0.0)	(19.0, 0.0)	(20.0, 0.0)	(21.0, 0.0)	(22.0, 0.0)	(23.0, 0.0)	(24.0, 0.0)	(25.0, 0.0)	(26.0, 0.0)	(27.0, 0.0)	(28.0, 0.0)	(29.0, 0.0)	(30.0, 0.0)	(31.0, 0.0)	(32.0, 0.0)	(33.0, 0.0)	(34.0, 0.0)	(35.0, 0.0)	(36.0, 0.0)	(37.0, 0.0)	(38.0, 0.0)	(39.0, 0.0053529506228540405)	(40.0, 0.003058828927345166)	(41.0, 0.0091764867820355)	(42.0, 0.020647095259579876)	(43.0, 0.01376473017305325)	(44.0, 0.0)	(45.0, 0.0)	(46.0, 0.04129419051915975)	(47.0, 0.3762359580634555)	(48.0, 0.7348836497946762)	(49.0, 1.218943327547049)	(50.0, 4.591302219945095)	(51.0, 10.213429788405513)	(52.0, 12.632963469935538)	(53.0, 11.14484319678212)	(54.0, 15.614556966865232)	(55.0, 14.68314355848861)	(56.0, 6.5015408850721625)	(57.0, 4.607361071813654)	(58.0, 2.6955929922229287)	(59.0, 2.745298962292287)	(60.0, 6.602482239674543)	(61.0, 3.4870649771734894)	(62.0, 0.4855890922160452)	(63.0, 0.17205912716316563)	(64.0, 0.13076493664400587)	(65.0, 0.08029425934281062)	(66.0, 0.4083536618005797)	(67.0, 0.6813541435661359)	(68.0, 0.06652952916975738)	(69.0, 0.00458824339101775)	(70.0, 0.00458824339101775)	(71.0, 0.00458824339101775)	(72.0, 0.0)	(73.0, 0.0)	(74.0, 0.0)	(75.0, 0.0)	(76.0, 0.0)	(77.0, 0.0)	(78.0, 0.0)	(79.0, 0.0)	(80.0, 0.0)	(81.0, 0.0)	(82.0, 0.0)	(83.0, 0.0)	(84.0, 0.0)	(85.0, 0.0)	(86.0, 0.0)	(87.0, 0.0)	(88.0, 0.002294121695508875)	(89.0, 0.0)	(90.0, 0.0)	(91.0, 0.0)	(92.0, 0.002294121695508875)	(93.0, 0.0)	(94.0, 0.0)	(95.0, 0.0)	(96.0, 0.0)	(97.0, 0.0)	(98.0, 0.0)	(99.0, 0.0)	(100.0, 0.0)
639A0_S81_L001_R2_001	(0.0, 0.009209587180254657)	(1.0, 0.004604793590127328)	(2.0, 0.0)	(3.0, 0.0)	(4.0, 0.0)	(5.0, 0.0)	(6.0, 0.0)	(7.0, 0.0)	(8.0, 0.0)	(9.0, 0.0)	(10.0, 0.0)	(11.0, 0.0)	(12.0, 0.0)	(13.0, 0.0)	(14.0, 0.0)	(15.0, 0.0)	(16.0, 0.0)	(17.0, 0.0)	(18.0, 0.0)	(19.0, 0.0)	(20.0, 0.0)	(21.0, 0.0)	(22.0, 0.0)	(23.0, 0.0)	(24.0, 0.0)	(25.0, 0.0)	(26.0, 0.0)	(27.0, 0.0)	(28.0, 0.0)	(29.0, 0.002302396795063664)	(30.0, 0.0)	(31.0, 0.0)	(32.0, 0.0)	(33.0, 0.0)	(34.0, 0.0)	(35.0, 0.0)	(36.0, 0.002302396795063664)	(37.0, 0.006907190385190993)	(38.0, 0.004604793590127328)	(39.0, 0.004604793590127328)	(40.0, 0.002302396795063664)	(41.0, 0.019186639958863865)	(42.0, 0.026093830344054863)	(43.0, 0.024558899147345756)	(44.0, 0.015349311967091094)	(45.0, 0.029163692737473077)	(46.0, 0.1550280508676201)	(47.0, 0.35763896883322255)	(48.0, 0.9915655530740844)	(49.0, 2.316211175834048)	(50.0, 3.9977283018288707)	(51.0, 4.160431008680033)	(52.0, 11.961718815954091)	(53.0, 18.607970897704465)	(54.0, 17.577264599114333)	(55.0, 13.49434761586813)	(56.0, 5.907182710535007)	(57.0, 3.475084229349424)	(58.0, 6.762906852700339)	(59.0, 5.425981780366701)	(60.0, 1.7030061627487572)	(61.0, 0.5026899669222334)	(62.0, 0.22409995471952998)	(63.0, 0.16884243163800206)	(64.0, 0.2655430970306759)	(65.0, 0.17958695001496583)	(66.0, 0.1957037275804115)	(67.0, 0.46968894619298757)	(68.0, 0.5026899669222334)	(69.0, 0.20568078035902068)	(70.0, 0.0713743006469736)	(71.0, 0.03683834872101863)	(72.0, 0.027628761540763973)	(73.0, 0.01611677756544565)	(74.0, 0.006907190385190993)	(75.0, 0.003069862393418219)	(76.0, 0.002302396795063664)	(77.0, 0.006907190385190993)	(78.0, 0.013814380770381987)	(79.0, 0.002302396795063664)	(80.0, 0.0)	(81.0, 0.004604793590127328)	(82.0, 0.004604793590127328)	(83.0, 0.004604793590127328)	(84.0, 0.006907190385190993)	(85.0, 0.002302396795063664)	(86.0, 0.004604793590127328)	(87.0, 0.002302396795063664)	(88.0, 0.0)	(89.0, 0.006907190385190993)	(90.0, 0.002302396795063664)	(91.0, 0.004604793590127328)	(92.0, 0.004604793590127328)	(93.0, 0.0)	(94.0, 0.002302396795063664)	(95.0, 0.0)	(96.0, 0.0)	(97.0, 0.002302396795063664)	(98.0, 0.0)	(99.0, 0.0)	(100.0, 0.0)
639B14_S84_L001_R1_001	(0.0, 0.009814746656851923)	(1.0, 0.004907373328425961)	(2.0, 0.0)	(3.0, 0.0)	(4.0, 0.0)	(5.0, 0.0)	(6.0, 0.0)	(7.0, 0.0)	(8.0, 0.0)	(9.0, 0.0)	(10.0, 0.0)	(11.0, 0.0)	(12.0, 0.0)	(13.0, 0.0)	(14.0, 0.0)	(15.0, 0.0)	(16.0, 0.0)	(17.0, 0.0)	(18.0, 0.0)	(19.0, 0.0)	(20.0, 0.0)	(21.0, 0.0)	(22.0, 0.0)	(23.0, 0.0)	(24.0, 0.0)	(25.0, 0.0)	(26.0, 0.0)	(27.0, 0.0)	(28.0, 0.0)	(29.0, 0.0)	(30.0, 0.0)	(31.0, 0.0)	(32.0, 0.0)	(33.0, 0.0)	(34.0, 0.0)	(35.0, 0.0)	(36.0, 0.0)	(37.0, 0.0)	(38.0, 0.0)	(39.0, 0.0)	(40.0, 0.0024536866642129807)	(41.0, 0.004907373328425961)	(42.0, 0.017175806649490862)	(43.0, 0.026990553306342785)	(44.0, 0.009814746656851923)	(45.0, 0.004907373328425961)	(46.0, 0.02290107553265448)	(47.0, 0.16521490205700734)	(48.0, 0.35496667075614446)	(49.0, 0.6821248926512086)	(50.0, 3.1857031857031863)	(51.0, 8.677053940211838)	(52.0, 19.32360037623195)	(53.0, 16.31865210812579)	(54.0, 16.696519854414586)	(55.0, 14.70576207418311)	(56.0, 7.1884840305893105)	(57.0, 4.1041998936735755)	(58.0, 3.0065840592156405)	(59.0, 1.7085838138469729)	(60.0, 2.0071156913262187)	(61.0, 1.0976158344579392)	(62.0, 0.2322823375454955)	(63.0, 0.05643479327689855)	(64.0, 0.05398110661268557)	(65.0, 0.034351613298981724)	(66.0, 0.09078640657588027)	(67.0, 0.16685069316648266)	(68.0, 0.031897926634768745)	(69.0, 0.004907373328425961)	(70.0, 0.0)	(71.0, 0.0)	(72.0, 0.0024536866642129807)	(73.0, 0.0)	(74.0, 0.0)	(75.0, 0.0)	(76.0, 0.0)	(77.0, 0.0)	(78.0, 0.0)	(79.0, 0.0)	(80.0, 0.0)	(81.0, 0.0)	(82.0, 0.0)	(83.0, 0.0)	(84.0, 0.0)	(85.0, 0.0)	(86.0, 0.0)	(87.0, 0.0)	(88.0, 0.0)	(89.0, 0.0)	(90.0, 0.0)	(91.0, 0.0)	(92.0, 0.0)	(93.0, 0.0)	(94.0, 0.0)	(95.0, 0.0)	(96.0, 0.0)	(97.0, 0.0)	(98.0, 0.0)	(99.0, 0.0)	(100.0, 0.0)
639B14_S84_L001_R2_001	(0.0, 0.0)	(1.0, 0.0)	(2.0, 0.0)	(3.0, 0.0)	(4.0, 0.0)	(5.0, 0.0)	(6.0, 0.0)	(7.0, 0.0)	(8.0, 0.0)	(9.0, 0.0)	(10.0, 0.0)	(11.0, 0.0)	(12.0, 0.0)	(13.0, 0.0)	(14.0, 0.0)	(15.0, 0.0)	(16.0, 0.0)	(17.0, 0.0)	(18.0, 0.0)	(19.0, 0.0)	(20.0, 0.0)	(21.0, 0.0)	(22.0, 0.0)	(23.0, 0.0)	(24.0, 0.0)	(25.0, 0.0)	(26.0, 0.0)	(27.0, 0.0)	(28.0, 0.0)	(29.0, 0.0)	(30.0, 0.0)	(31.0, 0.0)	(32.0, 0.0)	(33.0, 0.0)	(34.0, 0.0)	(35.0, 0.009864121723262082)	(36.0, 0.009864121723262082)	(37.0, 0.0024660304308155205)	(38.0, 0.005754071005236215)	(39.0, 0.007398091292446562)	(40.0, 0.015618192728498296)	(41.0, 0.01808422315931382)	(42.0, 0.017262213015708645)	(43.0, 0.029592365169786247)	(44.0, 0.03288040574420694)	(45.0, 0.05343065933433627)	(46.0, 0.058362720195967326)	(47.0, 0.19810444460884682)	(48.0, 0.6707602771818216)	(49.0, 1.596343698881247)	(50.0, 3.69822363607967)	(51.0, 7.176148553673177)	(52.0, 19.308196263141834)	(53.0, 21.174159289125605)	(54.0, 17.5301883225239)	(55.0, 12.830756331533156)	(56.0, 5.553500530196553)	(57.0, 2.6476946725522645)	(58.0, 2.957592496691414)	(59.0, 2.219427387733969)	(60.0, 0.766935463983627)	(61.0, 0.2737293778205228)	(62.0, 0.13974172441287952)	(63.0, 0.09206513608377943)	(64.0, 0.12247951139717086)	(65.0, 0.10439528823785706)	(66.0, 0.1208354911099605)	(67.0, 0.17262213015708644)	(68.0, 0.14796182584893125)	(69.0, 0.08137900421691219)	(70.0, 0.032058395600601766)	(71.0, 0.012330152154077604)	(72.0, 0.029592365169786247)	(73.0, 0.022194273877339684)	(74.0, 0.007398091292446562)	(75.0, 0.0)	(76.0, 0.004932060861631041)	(77.0, 0.0024660304308155205)	(78.0, 0.004932060861631041)	(79.0, 0.0024660304308155205)	(80.0, 0.0024660304308155205)	(81.0, 0.007398091292446562)	(82.0, 0.0024660304308155205)	(83.0, 0.0024660304308155205)	(84.0, 0.0024660304308155205)	(85.0, 0.009864121723262082)	(86.0, 0.0024660304308155205)	(87.0, 0.0)	(88.0, 0.0)	(89.0, 0.0)	(90.0, 0.0024660304308155205)	(91.0, 0.0)	(92.0, 0.0024660304308155205)	(93.0, 0.0)	(94.0, 0.0)	(95.0, 0.0)	(96.0, 0.0)	(97.0, 0.0)	(98.0, 0.0)	(99.0, 0.0)	(100.0, 0.003288040574420694)
640A0_S85_L001_R1_001	(0.0, 0.01045760747370348)	(1.0, 0.00522880373685174)	(2.0, 0.0)	(3.0, 0.0)	(4.0, 0.0)	(5.0, 0.0)	(6.0, 0.0)	(7.0, 0.0)	(8.0, 0.0)	(9.0, 0.0)	(10.0, 0.0)	(11.0, 0.0)	(12.0, 0.0)	(13.0, 0.0)	(14.0, 0.0)	(15.0, 0.0)	(16.0, 0.0)	(17.0, 0.0)	(18.0, 0.0)	(19.0, 0.0)	(20.0, 0.0)	(21.0, 0.0)	(22.0, 0.0)	(23.0, 0.0)	(24.0, 0.0)	(25.0, 0.0)	(26.0, 0.0)	(27.0, 0.0)	(28.0, 0.0)	(29.0, 0.0)	(30.0, 0.0)	(31.0, 0.0)	(32.0, 0.0)	(33.0, 0.0)	(34.0, 0.0)	(35.0, 0.0)	(36.0, 0.0)	(37.0, 0.0)	(38.0, 0.0)	(39.0, 0.00261440186842587)	(40.0, 0.00261440186842587)	(41.0, 0.0)	(42.0, 0.00261440186842587)	(43.0, 0.00261440186842587)	(44.0, 0.00261440186842587)	(45.0, 0.00522880373685174)	(46.0, 0.08366085978962784)	(47.0, 0.6954308970012815)	(48.0, 2.115051111556529)	(49.0, 7.868478156672394)	(50.0, 6.005281091774224)	(51.0, 11.093778595020442)	(52.0, 14.04195243531535)	(53.0, 17.008427088689217)	(54.0, 20.1439663962213)	(55.0, 13.937376360578316)	(56.0, 4.531629905271507)	(57.0, 0.9568710838438684)	(58.0, 0.4287619064218427)	(59.0, 0.30327061673740097)	(60.0, 0.22745296255305072)	(61.0, 0.10021873828965837)	(62.0, 0.05054510278956683)	(63.0, 0.1307200934212935)	(64.0, 0.16732171957925568)	(65.0, 0.04705923363166566)	(66.0, 0.013072009342129352)	(67.0, 0.00522880373685174)	(68.0, 0.0)	(69.0, 0.0)	(70.0, 0.0)	(71.0, 0.00261440186842587)	(72.0, 0.00261440186842587)	(73.0, 0.0)	(74.0, 0.0)	(75.0, 0.0)	(76.0, 0.0)	(77.0, 0.0)	(78.0, 0.0)	(79.0, 0.0)	(80.0, 0.0)	(81.0, 0.0)	(82.0, 0.0)	(83.0, 0.0)	(84.0, 0.00261440186842587)	(85.0, 0.00261440186842587)	(86.0, 0.0)	(87.0, 0.0)	(88.0, 0.0)	(89.0, 0.0)	(90.0, 0.0)	(91.0, 0.0)	(92.0, 0.0)	(93.0, 0.0)	(94.0, 0.0)	(95.0, 0.0)	(96.0, 0.0)	(97.0, 0.0)	(98.0, 0.0)	(99.0, 0.0)	(100.0, 0.0)
640A0_S85_L001_R2_001	(0.0, 0.010472940539880085)	(1.0, 0.0052364702699400426)	(2.0, 0.0)	(3.0, 0.0)	(4.0, 0.0)	(5.0, 0.0)	(6.0, 0.0)	(7.0, 0.0)	(8.0, 0.0)	(9.0, 0.0)	(10.0, 0.0)	(11.0, 0.0)	(12.0, 0.0)	(13.0, 0.0)	(14.0, 0.0)	(15.0, 0.0)	(16.0, 0.0)	(17.0, 0.0)	(18.0, 0.0)	(19.0, 0.0)	(20.0, 0.0)	(21.0, 0.0)	(22.0, 0.0)	(23.0, 0.0)	(24.0, 0.0)	(25.0, 0.0)	(26.0, 0.0)	(27.0, 0.0)	(28.0, 0.0)	(29.0, 0.0)	(30.0, 0.0)	(31.0, 0.0)	(32.0, 0.0)	(33.0, 0.0)	(34.0, 0.0)	(35.0, 0.0)	(36.0, 0.0026182351349700213)	(37.0, 0.0026182351349700213)	(38.0, 0.0026182351349700213)	(39.0, 0.0052364702699400426)	(40.0, 0.010472940539880085)	(41.0, 0.011345685584870091)	(42.0, 0.011345685584870091)	(43.0, 0.016582155854810134)	(44.0, 0.015709410809820128)	(45.0, 0.048873722519440395)	(46.0, 0.20858606575261165)	(47.0, 1.032457388223178)	(48.0, 2.972569623235966)	(49.0, 7.104144666218662)	(50.0, 7.904451872474497)	(51.0, 6.303837459962819)	(52.0, 12.792696869463537)	(53.0, 23.48556916068109)	(54.0, 20.496417381590295)	(55.0, 10.924149728139923)	(56.0, 3.681238599767849)	(57.0, 1.0455485638980284)	(58.0, 0.3490980179960028)	(59.0, 0.20509508557265166)	(60.0, 0.17367626395301144)	(61.0, 0.15185763782826125)	(62.0, 0.1832764594479015)	(63.0, 0.19374939998778157)	(64.0, 0.20247685043768165)	(65.0, 0.13091175674850106)	(66.0, 0.0602194081043105)	(67.0, 0.04712823242946039)	(68.0, 0.04974646756443041)	(69.0, 0.028800586484670238)	(70.0, 0.015709410809820128)	(71.0, 0.013091175674850106)	(72.0, 0.0026182351349700213)	(73.0, 0.02094588107976017)	(74.0, 0.010472940539880085)	(75.0, 0.010472940539880085)	(76.0, 0.0052364702699400426)	(77.0, 0.0052364702699400426)	(78.0, 0.007854705404910064)	(79.0, 0.0052364702699400426)	(80.0, 0.0026182351349700213)	(81.0, 0.0)	(82.0, 0.0026182351349700213)	(83.0, 0.0026182351349700213)	(84.0, 0.0)	(85.0, 0.0)	(86.0, 0.0052364702699400426)	(87.0, 0.0052364702699400426)	(88.0, 0.0)	(89.0, 0.0)	(90.0, 0.0052364702699400426)	(91.0, 0.0)	(92.0, 0.0)	(93.0, 0.0)	(94.0, 0.0)	(95.0, 0.0)	(96.0, 0.0)	(97.0, 0.0)	(98.0, 0.0026182351349700213)	(99.0, 0.0026182351349700213)	(100.0, 0.003490980179960028)
640A14_S86_L001_R1_001	(0.0, 0.0)	(1.0, 0.0)	(2.0, 0.0)	(3.0, 0.0)	(4.0, 0.0)	(5.0, 0.0)	(6.0, 0.0)	(7.0, 0.0)	(8.0, 0.0)	(9.0, 0.0)	(10.0, 0.0)	(11.0, 0.0)	(12.0, 0.0)	(13.0, 0.0)	(14.0, 0.0)	(15.0, 0.0)	(16.0, 0.0)	(17.0, 0.0)	(18.0, 0.0)	(19.0, 0.0)	(20.0, 0.0)	(21.0, 0.0)	(22.0, 0.0)	(23.0, 0.0)	(24.0, 0.0)	(25.0, 0.0)	(26.0, 0.0)	(27.0, 0.0)	(28.0, 0.0)	(29.0, 0.0)	(30.0, 0.0)	(31.0, 0.0)	(32.0, 0.0)	(33.0, 0.0)	(34.0, 0.0)	(35.0, 0.0)	(36.0, 0.0)	(37.0, 0.0026051616937024565)	(38.0, 0.0)	(39.0, 0.0)	(40.0, 0.0)	(41.0, 0.0026051616937024565)	(42.0, 0.0026051616937024565)	(43.0, 0.0026051616937024565)	(44.0, 0.0)	(45.0, 0.02865677863072702)	(46.0, 0.17801938240300122)	(47.0, 1.437180867692522)	(48.0, 4.130049671749628)	(49.0, 11.330716593143217)	(50.0, 7.833721212963288)	(51.0, 12.583799367814096)	(52.0, 16.281392198409115)	(53.0, 14.954496509083324)	(54.0, 16.75379485220048)	(55.0, 10.451908715134262)	(56.0, 2.8795720587724483)	(57.0, 0.5687936364583698)	(58.0, 0.19451873979645012)	(59.0, 0.1380735697662302)	(60.0, 0.09118065927958599)	(61.0, 0.05210323387404913)	(62.0, 0.031261940324429485)	(63.0, 0.026051616937024565)	(64.0, 0.010420646774809826)	(65.0, 0.005210323387404913)	(66.0, 0.010420646774809826)	(67.0, 0.013025808468512283)	(68.0, 0.0026051616937024565)	(69.0, 0.0026051616937024565)	(70.0, 0.0)	(71.0, 0.0)	(72.0, 0.0)	(73.0, 0.0)	(74.0, 0.0)	(75.0, 0.0)	(76.0, 0.0)	(77.0, 0.0)	(78.0, 0.0)	(79.0, 0.0)	(80.0, 0.0)	(81.0, 0.0)	(82.0, 0.0)	(83.0, 0.0)	(84.0, 0.0)	(85.0, 0.0)	(86.0, 0.0)	(87.0, 0.0)	(88.0, 0.0)	(89.0, 0.0)	(90.0, 0.0)	(91.0, 0.0)	(92.0, 0.0)	(93.0, 0.0)	(94.0, 0.0)	(95.0, 0.0)	(96.0, 0.0)	(97.0, 0.0)	(98.0, 0.0)	(99.0, 0.0)	(100.0, 0.0)
640A14_S86_L001_R2_001	(0.0, 0.010441047237037879)	(1.0, 0.0052205236185189395)	(2.0, 0.0)	(3.0, 0.0)	(4.0, 0.0)	(5.0, 0.0)	(6.0, 0.0)	(7.0, 0.0)	(8.0, 0.0)	(9.0, 0.0)	(10.0, 0.0)	(11.0, 0.0)	(12.0, 0.0)	(13.0, 0.0)	(14.0, 0.0)	(15.0, 0.0)	(16.0, 0.0)	(17.0, 0.0)	(18.0, 0.0)	(19.0, 0.0)	(20.0, 0.0)	(21.0, 0.0)	(22.0, 0.0)	(23.0, 0.0)	(24.0, 0.0)	(25.0, 0.0)	(26.0, 0.0)	(27.0, 0.0)	(28.0, 0.0)	(29.0, 0.0)	(30.0, 0.0)	(31.0, 0.0)	(32.0, 0.0)	(33.0, 0.0)	(34.0, 0.0052205236185189395)	(35.0, 0.0)	(36.0, 0.0026102618092594698)	(37.0, 0.0)	(38.0, 0.0026102618092594698)	(39.0, 0.0052205236185189395)	(40.0, 0.0052205236185189395)	(41.0, 0.0052205236185189395)	(42.0, 0.015661570855556816)	(43.0, 0.019141919934569443)	(44.0, 0.03567357805987942)	(45.0, 0.0582958470734615)	(46.0, 0.30888098076237047)	(47.0, 1.6679572961168014)	(48.0, 4.334774777910224)	(49.0, 10.149568001670575)	(50.0, 10.792562494018163)	(51.0, 5.605972279019581)	(52.0, 11.134506791031168)	(53.0, 22.720588875064134)	(54.0, 19.087974523844732)	(55.0, 9.096762405269253)	(56.0, 2.8338742375860306)	(57.0, 0.9344737277148901)	(58.0, 0.33759386066422475)	(59.0, 0.1983798975037197)	(60.0, 0.10441047237037877)	(61.0, 0.08178820335679671)	(62.0, 0.058295847073461485)	(63.0, 0.06264628342222726)	(64.0, 0.06264628342222726)	(65.0, 0.05481549799444886)	(66.0, 0.03915392713889204)	(67.0, 0.018271832664816287)	(68.0, 0.018271832664816287)	(69.0, 0.020882094474075758)	(70.0, 0.018271832664816287)	(71.0, 0.013051309046297347)	(72.0, 0.007830785427778408)	(73.0, 0.007830785427778408)	(74.0, 0.010441047237037879)	(75.0, 0.0026102618092594698)	(76.0, 0.0052205236185189395)	(77.0, 0.0026102618092594698)	(78.0, 0.0026102618092594698)	(79.0, 0.0026102618092594698)	(80.0, 0.0052205236185189395)	(81.0, 0.0026102618092594698)	(82.0, 0.0052205236185189395)	(83.0, 0.0)	(84.0, 0.0026102618092594698)	(85.0, 0.0)	(86.0, 0.0026102618092594698)	(87.0, 0.0026102618092594698)	(88.0, 0.0052205236185189395)	(89.0, 0.0026102618092594698)	(90.0, 0.0026102618092594698)	(91.0, 0.0)	(92.0, 0.0)	(93.0, 0.0)	(94.0, 0.0)	(95.0, 0.0)	(96.0, 0.0)	(97.0, 0.0)	(98.0, 0.0)	(99.0, 0.0)	(100.0, 0.0)
640B0_S87_L001_R1_001	(0.0, 0.007347043733277824)	(1.0, 0.003673521866638912)	(2.0, 0.0)	(3.0, 0.0)	(4.0, 0.0)	(5.0, 0.0)	(6.0, 0.0)	(7.0, 0.0)	(8.0, 0.0)	(9.0, 0.0)	(10.0, 0.0)	(11.0, 0.0)	(12.0, 0.0)	(13.0, 0.0)	(14.0, 0.0)	(15.0, 0.0)	(16.0, 0.0)	(17.0, 0.0)	(18.0, 0.0)	(19.0, 0.0)	(20.0, 0.0)	(21.0, 0.0)	(22.0, 0.0)	(23.0, 0.0)	(24.0, 0.0)	(25.0, 0.0)	(26.0, 0.0)	(27.0, 0.0)	(28.0, 0.0)	(29.0, 0.0)	(30.0, 0.0)	(31.0, 0.0)	(32.0, 0.0)	(33.0, 0.001836760933319456)	(34.0, 0.001836760933319456)	(35.0, 0.0)	(36.0, 0.0)	(37.0, 0.0)	(38.0, 0.001836760933319456)	(39.0, 0.0)	(40.0, 0.001836760933319456)	(41.0, 0.0)	(42.0, 0.007347043733277824)	(43.0, 0.012857326533236192)	(44.0, 0.00918380466659728)	(45.0, 0.02204113119983347)	(46.0, 0.4940886910629336)	(47.0, 2.5071786739810573)	(48.0, 5.796817505556204)	(49.0, 9.622790529660632)	(50.0, 6.49723567479536)	(51.0, 8.796248109666873)	(52.0, 9.516258395528094)	(53.0, 11.8691491511103)	(54.0, 19.184355694877294)	(55.0, 14.659801262467004)	(56.0, 4.3672052457892265)	(57.0, 3.446988018196179)	(58.0, 1.7326778137646877)	(59.0, 0.8583796095046257)	(60.0, 0.23265638488713097)	(61.0, 0.1493898892433157)	(62.0, 0.04285775511078729)	(63.0, 0.04408226239966694)	(64.0, 0.0459190233329864)	(65.0, 0.016530848399875103)	(66.0, 0.02204113119983347)	(67.0, 0.016530848399875103)	(68.0, 0.001836760933319456)	(69.0, 0.001836760933319456)	(70.0, 0.003673521866638912)	(71.0, 0.003673521866638912)	(72.0, 0.0)	(73.0, 0.0)	(74.0, 0.0)	(75.0, 0.0)	(76.0, 0.0)	(77.0, 0.0)	(78.0, 0.0)	(79.0, 0.0)	(80.0, 0.0)	(81.0, 0.0)	(82.0, 0.0)	(83.0, 0.0)	(84.0, 0.0)	(85.0, 0.0)	(86.0, 0.0)	(87.0, 0.0)	(88.0, 0.0)	(89.0, 0.0)	(90.0, 0.0)	(91.0, 0.0)	(92.0, 0.0)	(93.0, 0.0)	(94.0, 0.0)	(95.0, 0.0)	(96.0, 0.0)	(97.0, 0.0)	(98.0, 0.0)	(99.0, 0.0)	(100.0, 0.0)
640B0_S87_L001_R2_001	(0.0, 0.007279256545264847)	(1.0, 0.0036396282726324234)	(2.0, 0.0)	(3.0, 0.0)	(4.0, 0.0)	(5.0, 0.0)	(6.0, 0.0)	(7.0, 0.0)	(8.0, 0.0)	(9.0, 0.0)	(10.0, 0.0)	(11.0, 0.0)	(12.0, 0.0)	(13.0, 0.0)	(14.0, 0.0)	(15.0, 0.0)	(16.0, 0.0)	(17.0, 0.0)	(18.0, 0.0)	(19.0, 0.0)	(20.0, 0.0)	(21.0, 0.0)	(22.0, 0.0)	(23.0, 0.0)	(24.0, 0.0)	(25.0, 0.0)	(26.0, 0.0)	(27.0, 0.0)	(28.0, 0.0)	(29.0, 0.0)	(30.0, 0.0)	(31.0, 0.0018198141363162117)	(32.0, 0.0)	(33.0, 0.0018198141363162117)	(34.0, 0.0)	(35.0, 0.0)	(36.0, 0.0)	(37.0, 0.0)	(38.0, 0.0018198141363162117)	(39.0, 0.0)	(40.0, 0.012738698954213482)	(41.0, 0.012132094242108078)	(42.0, 0.01941135078737292)	(43.0, 0.0309368403173756)	(44.0, 0.047921772256326906)	(45.0, 0.09099070681581059)	(46.0, 0.3748817120811397)	(47.0, 2.823138330138545)	(48.0, 7.230728168296427)	(49.0, 9.802125542911218)	(50.0, 7.9525877757018515)	(51.0, 4.619294882682653)	(52.0, 9.1039235192779)	(53.0, 15.464780530415137)	(54.0, 18.378302962657404)	(55.0, 12.733846116516625)	(56.0, 5.949579016329812)	(57.0, 3.2720258170965444)	(58.0, 0.9578288404144326)	(59.0, 0.3148278455827046)	(60.0, 0.15104457331424556)	(61.0, 0.1091888481789727)	(62.0, 0.11404168587581594)	(63.0, 0.10494261519423487)	(64.0, 0.07521898430107007)	(65.0, 0.04913498168053771)	(66.0, 0.026084002620532364)	(67.0, 0.04003591099895666)	(68.0, 0.03275665445369181)	(69.0, 0.023657583772110753)	(70.0, 0.023657583772110753)	(71.0, 0.007279256545264847)	(72.0, 0.007279256545264847)	(73.0, 0.0036396282726324234)	(74.0, 0.0018198141363162117)	(75.0, 0.0036396282726324234)	(76.0, 0.0054594424089486355)	(77.0, 0.0018198141363162117)	(78.0, 0.0)	(79.0, 0.0)	(80.0, 0.0)	(81.0, 0.0018198141363162117)	(82.0, 0.0)	(83.0, 0.0018198141363162117)	(84.0, 0.0036396282726324234)	(85.0, 0.0)	(86.0, 0.0)	(87.0, 0.0)	(88.0, 0.0)	(89.0, 0.0018198141363162117)	(90.0, 0.0018198141363162117)	(91.0, 0.0)	(92.0, 0.0)	(93.0, 0.0)	(94.0, 0.0)	(95.0, 0.0)	(96.0, 0.0)	(97.0, 0.0)	(98.0, 0.0)	(99.0, 0.0)	(100.0, 0.0)
640B14_S88_L001_R1_001	(0.0, 0.01319623907186452)	(1.0, 0.00659811953593226)	(2.0, 0.0)	(3.0, 0.0)	(4.0, 0.0)	(5.0, 0.0)	(6.0, 0.0)	(7.0, 0.0)	(8.0, 0.0)	(9.0, 0.0)	(10.0, 0.0)	(11.0, 0.0)	(12.0, 0.0)	(13.0, 0.0)	(14.0, 0.0)	(15.0, 0.0)	(16.0, 0.0)	(17.0, 0.0)	(18.0, 0.0)	(19.0, 0.0)	(20.0, 0.0)	(21.0, 0.0)	(22.0, 0.0)	(23.0, 0.0)	(24.0, 0.0)	(25.0, 0.0)	(26.0, 0.0)	(27.0, 0.0)	(28.0, 0.001649529883983065)	(29.0, 0.001649529883983065)	(30.0, 0.0)	(31.0, 0.0)	(32.0, 0.0)	(33.0, 0.0)	(34.0, 0.0)	(35.0, 0.0)	(36.0, 0.0)	(37.0, 0.001649529883983065)	(38.0, 0.005498432946610216)	(39.0, 0.001649529883983065)	(40.0, 0.001649529883983065)	(41.0, 0.011546709187881454)	(42.0, 0.018694672018474735)	(43.0, 0.025292791554406995)	(44.0, 0.028591851322373126)	(45.0, 0.03628965744762743)	(46.0, 0.15340627921042505)	(47.0, 1.2635398911310278)	(48.0, 3.2385770055534175)	(49.0, 8.612745367570245)	(50.0, 5.3747182053114875)	(51.0, 8.288887667014903)	(52.0, 12.07180953428273)	(53.0, 16.483752130642756)	(54.0, 19.68109088909662)	(55.0, 14.756694342112493)	(56.0, 5.087150162203774)	(57.0, 2.230714246439765)	(58.0, 0.792874030901193)	(59.0, 0.5883323252872931)	(60.0, 0.38214108978941014)	(61.0, 0.15120690603178094)	(62.0, 0.06488150877000054)	(63.0, 0.1929949964260186)	(64.0, 0.32330785726068073)	(65.0, 0.07752790454720405)	(66.0, 0.011546709187881454)	(67.0, 0.004948589651949195)	(68.0, 0.004948589651949195)	(69.0, 0.00329905976796613)	(70.0, 0.001649529883983065)	(71.0, 0.00329905976796613)	(72.0, 0.0)	(73.0, 0.0)	(74.0, 0.0)	(75.0, 0.0)	(76.0, 0.0)	(77.0, 0.0)	(78.0, 0.0)	(79.0, 0.0)	(80.0, 0.0)	(81.0, 0.0)	(82.0, 0.0)	(83.0, 0.0)	(84.0, 0.0)	(85.0, 0.0)	(86.0, 0.0)	(87.0, 0.0)	(88.0, 0.0)	(89.0, 0.0)	(90.0, 0.0)	(91.0, 0.0)	(92.0, 0.0)	(93.0, 0.0)	(94.0, 0.0)	(95.0, 0.0)	(96.0, 0.0)	(97.0, 0.0)	(98.0, 0.0)	(99.0, 0.0)	(100.0, 0.0)
640B14_S88_L001_R2_001	(0.0, 0.013129533792137596)	(1.0, 0.006564766896068798)	(2.0, 0.0)	(3.0, 0.0)	(4.0, 0.0)	(5.0, 0.0)	(6.0, 0.0)	(7.0, 0.0)	(8.0, 0.0)	(9.0, 0.0)	(10.0, 0.0)	(11.0, 0.0)	(12.0, 0.0)	(13.0, 0.0)	(14.0, 0.0)	(15.0, 0.0)	(16.0, 0.0)	(17.0, 0.0)	(18.0, 0.0)	(19.0, 0.0)	(20.0, 0.0)	(21.0, 0.0)	(22.0, 0.0)	(23.0, 0.0)	(24.0, 0.0)	(25.0, 0.0)	(26.0, 0.0)	(27.0, 0.0)	(28.0, 0.0)	(29.0, 0.0)	(30.0, 0.0)	(31.0, 0.0)	(32.0, 0.0)	(33.0, 0.0016411917240171995)	(34.0, 0.006564766896068798)	(35.0, 0.004923575172051599)	(36.0, 0.003282383448034399)	(37.0, 0.0)	(38.0, 0.0016411917240171995)	(39.0, 0.008205958620086)	(40.0, 0.008205958620086)	(41.0, 0.01860017287219493)	(42.0, 0.01695898114817773)	(43.0, 0.038294473560401325)	(44.0, 0.059629965972624925)	(45.0, 0.08971848091294025)	(46.0, 0.26915544273882075)	(47.0, 1.5252141755199864)	(48.0, 3.6822871647865885)	(49.0, 7.845443504710222)	(50.0, 8.209788067442037)	(51.0, 6.040132608291315)	(52.0, 11.239427989977743)	(53.0, 19.178419422957013)	(54.0, 19.819578323139723)	(55.0, 11.877851570620471)	(56.0, 4.767114894361963)	(57.0, 2.1959145267350126)	(58.0, 0.7637012155760033)	(59.0, 0.31565587491930813)	(60.0, 0.23523748044246523)	(61.0, 0.22867271354639643)	(62.0, 0.33042660043546296)	(63.0, 0.408109675372277)	(64.0, 0.33370898388349723)	(65.0, 0.19694300688206395)	(66.0, 0.08205958620085999)	(67.0, 0.03118264275632679)	(68.0, 0.013129533792137596)	(69.0, 0.011488342068120397)	(70.0, 0.011488342068120397)	(71.0, 0.014770725516154796)	(72.0, 0.011488342068120397)	(73.0, 0.008205958620086)	(74.0, 0.003282383448034399)	(75.0, 0.009847150344103198)	(76.0, 0.003282383448034399)	(77.0, 0.006564766896068798)	(78.0, 0.008205958620086)	(79.0, 0.003282383448034399)	(80.0, 0.003282383448034399)	(81.0, 0.006564766896068798)	(82.0, 0.0016411917240171995)	(83.0, 0.0016411917240171995)	(84.0, 0.0)	(85.0, 0.0)	(86.0, 0.004923575172051599)	(87.0, 0.003282383448034399)	(88.0, 0.0016411917240171995)	(89.0, 0.0)	(90.0, 0.0016411917240171995)	(91.0, 0.0)	(92.0, 0.003282383448034399)	(93.0, 0.003282383448034399)	(94.0, 0.0)	(95.0, 0.0)	(96.0, 0.0)	(97.0, 0.0)	(98.0, 0.0)	(99.0, 0.0016411917240171995)	(100.0, 0.008753022528091731)
644A14_S90_L001_R1_001	(0.0, 0.010696998600476022)	(1.0, 0.005348499300238011)	(2.0, 0.0)	(3.0, 0.0)	(4.0, 0.0)	(5.0, 0.0)	(6.0, 0.0)	(7.0, 0.0)	(8.0, 0.0)	(9.0, 0.0)	(10.0, 0.0)	(11.0, 0.0)	(12.0, 0.0)	(13.0, 0.0)	(14.0, 0.0)	(15.0, 0.0)	(16.0, 0.0)	(17.0, 0.0)	(18.0, 0.0)	(19.0, 0.0)	(20.0, 0.0)	(21.0, 0.0)	(22.0, 0.0)	(23.0, 0.0)	(24.0, 0.0)	(25.0, 0.0)	(26.0, 0.0)	(27.0, 0.0)	(28.0, 0.0)	(29.0, 0.0)	(30.0, 0.0)	(31.0, 0.0)	(32.0, 0.0)	(33.0, 0.0)	(34.0, 0.0)	(35.0, 0.0)	(36.0, 0.0)	(37.0, 0.0)	(38.0, 0.0)	(39.0, 0.0)	(40.0, 0.0)	(41.0, 0.005348499300238011)	(42.0, 0.01604549790071403)	(43.0, 0.029416746151309056)	(44.0, 0.02406824685107105)	(45.0, 0.034765245451547064)	(46.0, 0.2968417111632096)	(47.0, 2.4068246851071047)	(48.0, 4.753033044811512)	(49.0, 4.7040051345593294)	(50.0, 3.4319537176527235)	(51.0, 6.478815485688309)	(52.0, 8.214403508615545)	(53.0, 13.061035291181225)	(54.0, 22.806892432764894)	(55.0, 21.317335377648618)	(56.0, 6.39502232998458)	(57.0, 1.9397224128863184)	(58.0, 0.9966037029443486)	(59.0, 1.063459944197323)	(60.0, 1.057220028347046)	(61.0, 0.35478378691578794)	(62.0, 0.17382622725773533)	(63.0, 0.08825023845392718)	(64.0, 0.037439495101666075)	(65.0, 0.034765245451547064)	(66.0, 0.09359873775416519)	(67.0, 0.1577807293570213)	(68.0, 0.005348499300238011)	(69.0, 0.0026742496501190056)	(70.0, 0.0026742496501190056)	(71.0, 0.0)	(72.0, 0.0)	(73.0, 0.0)	(74.0, 0.0)	(75.0, 0.0)	(76.0, 0.0)	(77.0, 0.0)	(78.0, 0.0)	(79.0, 0.0)	(80.0, 0.0)	(81.0, 0.0)	(82.0, 0.0)	(83.0, 0.0)	(84.0, 0.0)	(85.0, 0.0)	(86.0, 0.0)	(87.0, 0.0)	(88.0, 0.0)	(89.0, 0.0)	(90.0, 0.0)	(91.0, 0.0)	(92.0, 0.0)	(93.0, 0.0)	(94.0, 0.0)	(95.0, 0.0)	(96.0, 0.0)	(97.0, 0.0)	(98.0, 0.0)	(99.0, 0.0)	(100.0, 0.0)
644A14_S90_L001_R2_001	(0.0, 0.01095350238238677)	(1.0, 0.005476751191193385)	(2.0, 0.0)	(3.0, 0.0)	(4.0, 0.0)	(5.0, 0.0)	(6.0, 0.0)	(7.0, 0.0)	(8.0, 0.0)	(9.0, 0.0)	(10.0, 0.0)	(11.0, 0.0)	(12.0, 0.0)	(13.0, 0.0)	(14.0, 0.0)	(15.0, 0.0)	(16.0, 0.0)	(17.0, 0.0)	(18.0, 0.0)	(19.0, 0.0)	(20.0, 0.0)	(21.0, 0.0)	(22.0, 0.0)	(23.0, 0.0)	(24.0, 0.0)	(25.0, 0.0)	(26.0, 0.0)	(27.0, 0.0)	(28.0, 0.0)	(29.0, 0.0)	(30.0, 0.0)	(31.0, 0.0)	(32.0, 0.0)	(33.0, 0.0)	(34.0, 0.0)	(35.0, 0.0)	(36.0, 0.0027383755955966925)	(37.0, 0.0)	(38.0, 0.0)	(39.0, 0.008215126786790077)	(40.0, 0.00365116746079559)	(41.0, 0.01095350238238677)	(42.0, 0.027383755955966923)	(43.0, 0.04746517699034267)	(44.0, 0.052029136316337155)	(45.0, 0.08306405973309967)	(46.0, 0.23732588495171333)	(47.0, 1.9807583474816086)	(48.0, 5.018529674863536)	(49.0, 5.469448856271792)	(50.0, 3.37732990123592)	(51.0, 4.635157091479996)	(52.0, 10.022454679883925)	(53.0, 16.4585501214013)	(54.0, 21.82120232944483)	(55.0, 18.58718075104515)	(56.0, 5.950490169231613)	(57.0, 1.8840024097705244)	(58.0, 1.4787228216222141)	(59.0, 0.9684721689760302)	(60.0, 0.38793654270953143)	(61.0, 0.21450608832174095)	(62.0, 0.13144202858864124)	(63.0, 0.1186629424758567)	(64.0, 0.1186629424758567)	(65.0, 0.1396571553754313)	(66.0, 0.11501177501506109)	(67.0, 0.21085492086094534)	(68.0, 0.19716304288296188)	(69.0, 0.0739361410811107)	(70.0, 0.027383755955966923)	(71.0, 0.019168629169176846)	(72.0, 0.008215126786790077)	(73.0, 0.019168629169176846)	(74.0, 0.01095350238238677)	(75.0, 0.005476751191193385)	(76.0, 0.0)	(77.0, 0.0)	(78.0, 0.0027383755955966925)	(79.0, 0.0027383755955966925)	(80.0, 0.005476751191193385)	(81.0, 0.0027383755955966925)	(82.0, 0.008215126786790077)	(83.0, 0.005476751191193385)	(84.0, 0.0027383755955966925)	(85.0, 0.005476751191193385)	(86.0, 0.008215126786790077)	(87.0, 0.0)	(88.0, 0.0)	(89.0, 0.0027383755955966925)	(90.0, 0.008215126786790077)	(91.0, 0.0)	(92.0, 0.0027383755955966925)	(93.0, 0.0027383755955966925)	(94.0, 0.0)	(95.0, 0.0)	(96.0, 0.0)	(97.0, 0.0)	(98.0, 0.0)	(99.0, 0.0)	(100.0, 0.0)
644B0_S91_L001_R1_001	(0.0, 0.009911293919421181)	(1.0, 0.004955646959710591)	(2.0, 0.0)	(3.0, 0.0)	(4.0, 0.0)	(5.0, 0.0)	(6.0, 0.0)	(7.0, 0.0)	(8.0, 0.0)	(9.0, 0.0)	(10.0, 0.0)	(11.0, 0.0)	(12.0, 0.0)	(13.0, 0.0)	(14.0, 0.0)	(15.0, 0.0)	(16.0, 0.0)	(17.0, 0.0)	(18.0, 0.0)	(19.0, 0.0)	(20.0, 0.0)	(21.0, 0.0)	(22.0, 0.0)	(23.0, 0.0)	(24.0, 0.0)	(25.0, 0.0)	(26.0, 0.0)	(27.0, 0.0)	(28.0, 0.0)	(29.0, 0.0)	(30.0, 0.0)	(31.0, 0.0)	(32.0, 0.0)	(33.0, 0.0)	(34.0, 0.0)	(35.0, 0.0)	(36.0, 0.0)	(37.0, 0.0)	(38.0, 0.0)	(39.0, 0.0024778234798552953)	(40.0, 0.0024778234798552953)	(41.0, 0.0)	(42.0, 0.0024778234798552953)	(43.0, 0.009911293919421181)	(44.0, 0.012389117399276478)	(45.0, 0.017344764358987068)	(46.0, 0.3914961098171367)	(47.0, 3.6523118093067053)	(48.0, 7.823314667063121)	(49.0, 8.596395592777972)	(50.0, 3.9983811553264954)	(51.0, 5.736987297024963)	(52.0, 6.904042156036806)	(53.0, 10.516708789665836)	(54.0, 17.088722599401997)	(55.0, 15.737482861720926)	(56.0, 5.6469597105902185)	(57.0, 2.80241835571634)	(58.0, 1.8112889637742227)	(59.0, 2.178832779952765)	(60.0, 3.9843401556073097)	(61.0, 1.8591935510514235)	(62.0, 0.2973388175826354)	(63.0, 0.1660141731503048)	(64.0, 0.06937905743594827)	(65.0, 0.0569899400366718)	(66.0, 0.22052628970712132)	(67.0, 0.3345061697804649)	(68.0, 0.052034293076961204)	(69.0, 0.0074334704395658865)	(70.0, 0.0024778234798552953)	(71.0, 0.0)	(72.0, 0.0)	(73.0, 0.0)	(74.0, 0.0)	(75.0, 0.0)	(76.0, 0.0)	(77.0, 0.0024778234798552953)	(78.0, 0.0)	(79.0, 0.0)	(80.0, 0.0)	(81.0, 0.0)	(82.0, 0.0)	(83.0, 0.0)	(84.0, 0.0)	(85.0, 0.0)	(86.0, 0.0)	(87.0, 0.0)	(88.0, 0.0)	(89.0, 0.0)	(90.0, 0.0)	(91.0, 0.0)	(92.0, 0.0)	(93.0, 0.0)	(94.0, 0.0)	(95.0, 0.0)	(96.0, 0.0)	(97.0, 0.0)	(98.0, 0.0)	(99.0, 0.0)	(100.0, 0.0)
644B0_S91_L001_R2_001	(0.0, 0.010131883348249713)	(1.0, 0.005065941674124857)	(2.0, 0.0)	(3.0, 0.0)	(4.0, 0.0)	(5.0, 0.0)	(6.0, 0.0)	(7.0, 0.0)	(8.0, 0.0)	(9.0, 0.0)	(10.0, 0.0)	(11.0, 0.0)	(12.0, 0.0)	(13.0, 0.0)	(14.0, 0.0)	(15.0, 0.0)	(16.0, 0.0)	(17.0, 0.0)	(18.0, 0.0)	(19.0, 0.0)	(20.0, 0.0)	(21.0, 0.0)	(22.0, 0.0)	(23.0, 0.0)	(24.0, 0.0)	(25.0, 0.0)	(26.0, 0.0)	(27.0, 0.0)	(28.0, 0.0)	(29.0, 0.0)	(30.0, 0.0)	(31.0, 0.0)	(32.0, 0.0025329708370624283)	(33.0, 0.0)	(34.0, 0.0025329708370624283)	(35.0, 0.0025329708370624283)	(36.0, 0.0)	(37.0, 0.0)	(38.0, 0.0025329708370624283)	(39.0, 0.0075989125111872845)	(40.0, 0.005065941674124857)	(41.0, 0.01266485418531214)	(42.0, 0.015197825022374569)	(43.0, 0.020263766696499427)	(44.0, 0.04390482784241542)	(45.0, 0.09625289180837227)	(46.0, 0.361370506087573)	(47.0, 2.8605683986558383)	(48.0, 7.701075668282139)	(49.0, 9.66581671423023)	(50.0, 5.819922659957107)	(51.0, 4.873435890508106)	(52.0, 8.866242253330872)	(53.0, 12.218206994376809)	(54.0, 14.77819618703456)	(55.0, 13.286276364004793)	(56.0, 5.97781117546733)	(57.0, 2.5937621371519266)	(58.0, 4.31871527719144)	(59.0, 3.3452101521471134)	(60.0, 1.1026866377345104)	(61.0, 0.3985207450311553)	(62.0, 0.2279673753356185)	(63.0, 0.12749286546547553)	(64.0, 0.15028960299903743)	(65.0, 0.14015771965078772)	(66.0, 0.13931339603843357)	(67.0, 0.23556628784680583)	(68.0, 0.248231142032118)	(69.0, 0.15197825022374567)	(70.0, 0.06585724176362313)	(71.0, 0.017730795859436998)	(72.0, 0.017730795859436998)	(73.0, 0.0075989125111872845)	(74.0, 0.0075989125111872845)	(75.0, 0.0)	(76.0, 0.005065941674124857)	(77.0, 0.020263766696499427)	(78.0, 0.005065941674124857)	(79.0, 0.0025329708370624283)	(80.0, 0.0025329708370624283)	(81.0, 0.0)	(82.0, 0.005065941674124857)	(83.0, 0.0025329708370624283)	(84.0, 0.005065941674124857)	(85.0, 0.005065941674124857)	(86.0, 0.0025329708370624283)	(87.0, 0.0025329708370624283)	(88.0, 0.0)	(89.0, 0.0)	(90.0, 0.0)	(91.0, 0.0025329708370624283)	(92.0, 0.0)	(93.0, 0.0)	(94.0, 0.0)	(95.0, 0.0)	(96.0, 0.0)	(97.0, 0.0)	(98.0, 0.0025329708370624283)	(99.0, 0.005065941674124857)	(100.0, 0.0)
644B14_S92_L001_R1_001	(0.0, 0.0)	(1.0, 0.0)	(2.0, 0.0)	(3.0, 0.0)	(4.0, 0.0)	(5.0, 0.0)	(6.0, 0.0)	(7.0, 0.0)	(8.0, 0.0)	(9.0, 0.0)	(10.0, 0.0)	(11.0, 0.0)	(12.0, 0.0)	(13.0, 0.0)	(14.0, 0.0)	(15.0, 0.0)	(16.0, 0.0)	(17.0, 0.0)	(18.0, 0.0)	(19.0, 0.0)	(20.0, 0.0)	(21.0, 0.0)	(22.0, 0.0)	(23.0, 0.0)	(24.0, 0.0)	(25.0, 0.0)	(26.0, 0.0)	(27.0, 0.0)	(28.0, 0.0)	(29.0, 0.0)	(30.0, 0.0)	(31.0, 0.0)	(32.0, 0.0)	(33.0, 0.0026442201753999386)	(34.0, 0.0)	(35.0, 0.0)	(36.0, 0.0)	(37.0, 0.0)	(38.0, 0.0)	(39.0, 0.0)	(40.0, 0.0)	(41.0, 0.0026442201753999386)	(42.0, 0.0026442201753999386)	(43.0, 0.0)	(44.0, 0.005288440350799877)	(45.0, 0.018509541227799572)	(46.0, 0.1560089903485964)	(47.0, 1.5239522277554978)	(48.0, 3.1739456172050593)	(49.0, 4.85302542858402)	(50.0, 3.4110440262659205)	(51.0, 5.435635273897139)	(52.0, 6.840597593759641)	(53.0, 13.390330968225294)	(54.0, 21.953197302895397)	(55.0, 20.260896390639452)	(56.0, 6.629059979727645)	(57.0, 2.5975056189678742)	(58.0, 1.6297210347714945)	(59.0, 2.346304702304892)	(60.0, 2.6221850072716135)	(61.0, 1.0241946146049092)	(62.0, 0.4662641575955226)	(63.0, 0.20977480058172845)	(64.0, 0.10048036666519768)	(65.0, 0.06081706403419859)	(66.0, 0.4318892953153233)	(67.0, 0.7483143096381827)	(68.0, 0.09254770613899786)	(69.0, 0.010576880701599754)	(70.0, 0.0)	(71.0, 0.0)	(72.0, 0.0)	(73.0, 0.0)	(74.0, 0.0)	(75.0, 0.0)	(76.0, 0.0)	(77.0, 0.0)	(78.0, 0.0)	(79.0, 0.0)	(80.0, 0.0)	(81.0, 0.0)	(82.0, 0.0)	(83.0, 0.0)	(84.0, 0.0)	(85.0, 0.0)	(86.0, 0.0)	(87.0, 0.0)	(88.0, 0.0)	(89.0, 0.0)	(90.0, 0.0)	(91.0, 0.0)	(92.0, 0.0)	(93.0, 0.0)	(94.0, 0.0)	(95.0, 0.0)	(96.0, 0.0)	(97.0, 0.0)	(98.0, 0.0)	(99.0, 0.0)	(100.0, 0.0)
644B14_S92_L001_R2_001	(0.0, 0.010697380033340169)	(1.0, 0.005348690016670084)	(2.0, 0.0)	(3.0, 0.0)	(4.0, 0.0)	(5.0, 0.0)	(6.0, 0.0)	(7.0, 0.0)	(8.0, 0.0)	(9.0, 0.0)	(10.0, 0.0)	(11.0, 0.0)	(12.0, 0.0)	(13.0, 0.0)	(14.0, 0.0)	(15.0, 0.0)	(16.0, 0.0)	(17.0, 0.0)	(18.0, 0.0)	(19.0, 0.0)	(20.0, 0.0)	(21.0, 0.0)	(22.0, 0.0)	(23.0, 0.0)	(24.0, 0.0)	(25.0, 0.0)	(26.0, 0.0)	(27.0, 0.0)	(28.0, 0.0)	(29.0, 0.0)	(30.0, 0.0)	(31.0, 0.0)	(32.0, 0.003565793344446723)	(33.0, 0.007131586688893446)	(34.0, 0.0)	(35.0, 0.0)	(36.0, 0.0)	(37.0, 0.0)	(38.0, 0.0)	(39.0, 0.002674345008335042)	(40.0, 0.014263173377786893)	(41.0, 0.014263173377786893)	(42.0, 0.010697380033340169)	(43.0, 0.010697380033340169)	(44.0, 0.028526346755573785)	(45.0, 0.08825338527505637)	(46.0, 0.19166139226401138)	(47.0, 1.330932365814739)	(48.0, 3.5898624495217377)	(49.0, 5.246173458017238)	(50.0, 4.317284291788867)	(51.0, 5.015288338964309)	(52.0, 10.107241234834264)	(53.0, 15.345391657826452)	(54.0, 19.78391292332652)	(55.0, 17.334212895691632)	(56.0, 6.266881802865116)	(57.0, 2.566479759665529)	(58.0, 2.861549158918496)	(59.0, 1.918396819312337)	(60.0, 0.6659119070754257)	(61.0, 0.3191385043279817)	(62.0, 0.2496055341112706)	(63.0, 0.2558456724640524)	(64.0, 0.2496055341112706)	(65.0, 0.2611943624807225)	(66.0, 0.27991477753906774)	(67.0, 0.5856815568253743)	(68.0, 0.6150993519170598)	(69.0, 0.251388430783494)	(70.0, 0.08290469525838631)	(71.0, 0.02406910507501538)	(72.0, 0.013371725041675211)	(73.0, 0.010697380033340169)	(74.0, 0.013371725041675211)	(75.0, 0.002674345008335042)	(76.0, 0.005348690016670084)	(77.0, 0.005348690016670084)	(78.0, 0.002674345008335042)	(79.0, 0.002674345008335042)	(80.0, 0.002674345008335042)	(81.0, 0.0)	(82.0, 0.0)	(83.0, 0.0)	(84.0, 0.002674345008335042)	(85.0, 0.002674345008335042)	(86.0, 0.0)	(87.0, 0.005348690016670084)	(88.0, 0.010697380033340169)	(89.0, 0.002674345008335042)	(90.0, 0.0)	(91.0, 0.0)	(92.0, 0.002674345008335042)	(93.0, 0.002674345008335042)	(94.0, 0.0)	(95.0, 0.0)	(96.0, 0.0)	(97.0, 0.0)	(98.0, 0.0)	(99.0, 0.0)	(100.0, 0.0)
651A0_S105_L001_R1_001	(0.0, 0.0)	(1.0, 0.0)	(2.0, 0.0)	(3.0, 0.0)	(4.0, 0.0)	(5.0, 0.0)	(6.0, 0.0)	(7.0, 0.0)	(8.0, 0.0)	(9.0, 0.0)	(10.0, 0.0)	(11.0, 0.0)	(12.0, 0.0)	(13.0, 0.0)	(14.0, 0.0)	(15.0, 0.0)	(16.0, 0.0)	(17.0, 0.0)	(18.0, 0.0)	(19.0, 0.0)	(20.0, 0.0)	(21.0, 0.0)	(22.0, 0.0)	(23.0, 0.0)	(24.0, 0.0)	(25.0, 0.0)	(26.0, 0.0)	(27.0, 0.0)	(28.0, 0.0)	(29.0, 0.0)	(30.0, 0.0)	(31.0, 0.0)	(32.0, 0.0)	(33.0, 0.0)	(34.0, 0.0)	(35.0, 0.0)	(36.0, 0.0)	(37.0, 0.0)	(38.0, 0.0020411912392071982)	(39.0, 0.0020411912392071982)	(40.0, 0.0)	(41.0, 0.0)	(42.0, 0.0)	(43.0, 0.0015308934294053984)	(44.0, 0.004592680288216196)	(45.0, 0.007654467147026992)	(46.0, 0.030617868588107968)	(47.0, 0.02347369925088278)	(48.0, 0.015819232103855788)	(49.0, 0.03214876201751337)	(50.0, 0.07654467147026993)	(51.0, 0.31332285521830494)	(52.0, 3.9900185748402706)	(53.0, 18.98511971586615)	(54.0, 10.770345573676781)	(55.0, 5.858218856524659)	(56.0, 3.9910391704598744)	(57.0, 6.058255597966978)	(58.0, 7.541691331060784)	(59.0, 19.268845298116144)	(60.0, 10.867812455348878)	(61.0, 2.9234961523545087)	(62.0, 1.7273580861790914)	(63.0, 1.115000714416932)	(64.0, 0.3199567267457283)	(65.0, 0.8955726562021581)	(66.0, 4.428874691269818)	(67.0, 0.6843093629442132)	(68.0, 0.04439590945275656)	(69.0, 0.01071625400583779)	(70.0, 0.007654467147026992)	(71.0, 0.0)	(72.0, 0.0)	(73.0, 0.0)	(74.0, 0.0)	(75.0, 0.0015308934294053984)	(76.0, 0.0)	(77.0, 0.0)	(78.0, 0.0)	(79.0, 0.0)	(80.0, 0.0)	(81.0, 0.0)	(82.0, 0.0)	(83.0, 0.0)	(84.0, 0.0)	(85.0, 0.0)	(86.0, 0.0)	(87.0, 0.0)	(88.0, 0.0)	(89.0, 0.0)	(90.0, 0.0)	(91.0, 0.0)	(92.0, 0.0)	(93.0, 0.0)	(94.0, 0.0)	(95.0, 0.0)	(96.0, 0.0)	(97.0, 0.0)	(98.0, 0.0)	(99.0, 0.0)	(100.0, 0.0)
651A0_S105_L001_R2_001	(0.0, 0.0)	(1.0, 0.0)	(2.0, 0.0)	(3.0, 0.0)	(4.0, 0.0)	(5.0, 0.0)	(6.0, 0.0)	(7.0, 0.0)	(8.0, 0.0)	(9.0, 0.0)	(10.0, 0.0)	(11.0, 0.0)	(12.0, 0.0)	(13.0, 0.0)	(14.0, 0.0)	(15.0, 0.0)	(16.0, 0.0)	(17.0, 0.0)	(18.0, 0.0)	(19.0, 0.0)	(20.0, 0.0)	(21.0, 0.0)	(22.0, 0.0)	(23.0, 0.0)	(24.0, 0.0)	(25.0, 0.0)	(26.0, 0.0)	(27.0, 0.0)	(28.0, 0.0)	(29.0, 0.0)	(30.0, 0.0)	(31.0, 0.0)	(32.0, 0.0)	(33.0, 0.0)	(34.0, 0.0014995576304990042)	(35.0, 0.0014995576304990042)	(36.0, 0.003498967804497676)	(37.0, 0.0)	(38.0, 0.0)	(39.0, 0.0)	(40.0, 0.0029991152609980085)	(41.0, 0.004498672891497012)	(42.0, 0.007497788152495022)	(43.0, 0.005998230521996017)	(44.0, 0.007497788152495022)	(45.0, 0.006498083065495685)	(46.0, 0.017994691565988048)	(47.0, 0.0249926271749834)	(48.0, 0.040488056023473114)	(49.0, 0.09397227817793762)	(50.0, 0.21243733098735887)	(51.0, 0.8217575815134527)	(52.0, 2.9391329557780304)	(53.0, 13.563498767863475)	(54.0, 19.288809801108716)	(55.0, 11.326158783158974)	(56.0, 4.7820892836613265)	(57.0, 2.5927351431327756)	(58.0, 9.423720002599186)	(59.0, 13.686962346107897)	(60.0, 5.500877241213851)	(61.0, 1.8829445313632498)	(62.0, 0.9447213072143726)	(63.0, 0.7907667238164748)	(64.0, 0.8182586137089566)	(65.0, 0.8417516832534411)	(66.0, 1.5445443594139767)	(67.0, 3.257039173443833)	(68.0, 3.3015260498153074)	(69.0, 1.3835918404070815)	(70.0, 0.4233751043442188)	(71.0, 0.127962251135915)	(72.0, 0.040987908566972785)	(73.0, 0.04398702382797079)	(74.0, 0.03299026787097809)	(75.0, 0.017994691565988048)	(76.0, 0.02549247971848307)	(77.0, 0.026992037348982076)	(78.0, 0.017994691565988048)	(79.0, 0.013496018674491038)	(80.0, 0.011996461043992034)	(81.0, 0.013496018674491038)	(82.0, 0.008997345782994024)	(83.0, 0.023992922087984068)	(84.0, 0.01049690341349303)	(85.0, 0.007497788152495022)	(86.0, 0.005998230521996017)	(87.0, 0.0014995576304990042)	(88.0, 0.004498672891497012)	(89.0, 0.0029991152609980085)	(90.0, 0.0029991152609980085)	(91.0, 0.0)	(92.0, 0.0029991152609980085)	(93.0, 0.004498672891497012)	(94.0, 0.0014995576304990042)	(95.0, 0.0014995576304990042)	(96.0, 0.0014995576304990042)	(97.0, 0.0)	(98.0, 0.0)	(99.0, 0.0)	(100.0, 0.0)
651A14_S106_L001_R1_001	(0.0, 0.0)	(1.0, 0.0)	(2.0, 0.0)	(3.0, 0.0)	(4.0, 0.0)	(5.0, 0.0)	(6.0, 0.0)	(7.0, 0.0)	(8.0, 0.0)	(9.0, 0.0)	(10.0, 0.0)	(11.0, 0.0)	(12.0, 0.0)	(13.0, 0.0)	(14.0, 0.0)	(15.0, 0.0)	(16.0, 0.0)	(17.0, 0.0)	(18.0, 0.0)	(19.0, 0.0)	(20.0, 0.0)	(21.0, 0.0)	(22.0, 0.0)	(23.0, 0.0)	(24.0, 0.0)	(25.0, 0.0)	(26.0, 0.0)	(27.0, 0.0)	(28.0, 0.0)	(29.0, 0.0)	(30.0, 0.0)	(31.0, 0.0)	(32.0, 0.0)	(33.0, 0.0)	(34.0, 0.0)	(35.0, 0.0)	(36.0, 0.0)	(37.0, 0.002173976057277023)	(38.0, 0.002173976057277023)	(39.0, 0.006521928171831069)	(40.0, 0.015217832400939161)	(41.0, 0.017391808458216185)	(42.0, 0.008695904229108093)	(43.0, 0.015217832400939161)	(44.0, 0.12753992869358535)	(45.0, 2.082669062871388)	(46.0, 6.4958404591437455)	(47.0, 10.892344705643643)	(48.0, 4.137801095683933)	(49.0, 1.697875300733355)	(50.0, 5.518275892054843)	(51.0, 7.600220296240473)	(52.0, 7.543696918751272)	(53.0, 13.840256239311277)	(54.0, 15.031595118699084)	(55.0, 9.763326473231112)	(56.0, 3.037769210701759)	(57.0, 2.0580306675555833)	(58.0, 2.2935447404272615)	(59.0, 2.884866228006609)	(60.0, 1.6543957795878153)	(61.0, 0.6985709730716835)	(62.0, 0.26522507898779685)	(63.0, 0.17609206063943889)	(64.0, 0.09782892257746603)	(65.0, 0.2913127916751211)	(66.0, 1.4413461259746663)	(67.0, 0.27609495927418193)	(68.0, 0.017391808458216185)	(69.0, 0.002173976057277023)	(70.0, 0.002173976057277023)	(71.0, 0.002173976057277023)	(72.0, 0.002173976057277023)	(73.0, 0.0)	(74.0, 0.0)	(75.0, 0.0)	(76.0, 0.0)	(77.0, 0.0)	(78.0, 0.0)	(79.0, 0.0)	(80.0, 0.0)	(81.0, 0.0)	(82.0, 0.0)	(83.0, 0.0)	(84.0, 0.0)	(85.0, 0.0)	(86.0, 0.0)	(87.0, 0.0)	(88.0, 0.0)	(89.0, 0.0)	(90.0, 0.0)	(91.0, 0.0)	(92.0, 0.0)	(93.0, 0.0)	(94.0, 0.0)	(95.0, 0.0)	(96.0, 0.0)	(97.0, 0.0)	(98.0, 0.0)	(99.0, 0.0)	(100.0, 0.0)
651A14_S106_L001_R2_001	(0.0, 0.0)	(1.0, 0.0)	(2.0, 0.0)	(3.0, 0.0)	(4.0, 0.0)	(5.0, 0.0)	(6.0, 0.0)	(7.0, 0.0)	(8.0, 0.0)	(9.0, 0.0)	(10.0, 0.0)	(11.0, 0.0)	(12.0, 0.0)	(13.0, 0.0)	(14.0, 0.0)	(15.0, 0.0)	(16.0, 0.0)	(17.0, 0.0)	(18.0, 0.0)	(19.0, 0.0)	(20.0, 0.0)	(21.0, 0.0)	(22.0, 0.0)	(23.0, 0.0)	(24.0, 0.0)	(25.0, 0.0)	(26.0, 0.0)	(27.0, 0.0)	(28.0, 0.0)	(29.0, 0.0)	(30.0, 0.0)	(31.0, 0.0)	(32.0, 0.002169809273764837)	(33.0, 0.0)	(34.0, 0.0)	(35.0, 0.0)	(36.0, 0.0)	(37.0, 0.0)	(38.0, 0.002169809273764837)	(39.0, 0.008679237095059349)	(40.0, 0.01518866491635386)	(41.0, 0.022421362495569985)	(42.0, 0.026760981043099655)	(43.0, 0.032547139106472556)	(44.0, 0.04628926450698319)	(45.0, 0.06003138990749383)	(46.0, 0.12584893787836057)	(47.0, 0.831760221609853)	(48.0, 7.760684502498916)	(49.0, 13.049232972421725)	(50.0, 4.50958694064125)	(51.0, 3.066663773587634)	(52.0, 6.4812203007355835)	(53.0, 14.53121270640308)	(54.0, 16.816021871677464)	(55.0, 12.668069809997037)	(56.0, 6.9441129458054)	(57.0, 2.7809722192086)	(58.0, 2.242859519314921)	(59.0, 2.083740172572166)	(60.0, 0.8375463796732272)	(61.0, 0.37899335315092486)	(62.0, 0.2531444152725643)	(63.0, 0.23867902011413208)	(64.0, 0.3001569495374691)	(65.0, 0.28496828462111523)	(66.0, 0.4773580402282642)	(67.0, 1.0870744461561832)	(68.0, 1.131193901389402)	(69.0, 0.4968863236921477)	(70.0, 0.16490550480612762)	(71.0, 0.05930812014957222)	(72.0, 0.035440218138159015)	(73.0, 0.028207520558942885)	(74.0, 0.008679237095059349)	(75.0, 0.010849046368824186)	(76.0, 0.010849046368824186)	(77.0, 0.010849046368824186)	(78.0, 0.0065094278212945115)	(79.0, 0.002169809273764837)	(80.0, 0.008679237095059349)	(81.0, 0.010849046368824186)	(82.0, 0.013018855642589023)	(83.0, 0.010849046368824186)	(84.0, 0.004339618547529674)	(85.0, 0.002169809273764837)	(86.0, 0.002169809273764837)	(87.0, 0.0)	(88.0, 0.0)	(89.0, 0.004339618547529674)	(90.0, 0.002169809273764837)	(91.0, 0.0)	(92.0, 0.0)	(93.0, 0.002169809273764837)	(94.0, 0.0)	(95.0, 0.002169809273764837)	(96.0, 0.0)	(97.0, 0.0)	(98.0, 0.0)	(99.0, 0.002169809273764837)	(100.0, 0.0028930790316864493)
651B0_S107_L001_R1_001	(0.0, 0.0)	(1.0, 0.0)	(2.0, 0.0)	(3.0, 0.0)	(4.0, 0.0)	(5.0, 0.0)	(6.0, 0.0)	(7.0, 0.0)	(8.0, 0.0)	(9.0, 0.0)	(10.0, 0.0)	(11.0, 0.0)	(12.0, 0.0)	(13.0, 0.0)	(14.0, 0.0)	(15.0, 0.0)	(16.0, 0.0)	(17.0, 0.0)	(18.0, 0.0)	(19.0, 0.0)	(20.0, 0.0)	(21.0, 0.0)	(22.0, 0.0)	(23.0, 0.0)	(24.0, 0.0)	(25.0, 0.0)	(26.0, 0.0)	(27.0, 0.0)	(28.0, 0.0)	(29.0, 0.0)	(30.0, 0.0)	(31.0, 0.0)	(32.0, 0.0)	(33.0, 0.0)	(34.0, 0.0)	(35.0, 0.0)	(36.0, 0.0)	(37.0, 0.0028541256386106113)	(38.0, 0.004994719867568569)	(39.0, 0.004281188457915917)	(40.0, 0.0)	(41.0, 0.0)	(42.0, 0.0)	(43.0, 0.0021405942289579585)	(44.0, 0.01284356537374775)	(45.0, 0.39672346376687495)	(46.0, 1.4941347718126552)	(47.0, 2.322544738419385)	(48.0, 0.901903701800953)	(49.0, 0.5030396438051202)	(50.0, 2.7335388303793127)	(51.0, 5.596940377315409)	(52.0, 9.536347290007706)	(53.0, 27.042126894425895)	(54.0, 23.23186916688073)	(55.0, 9.761823215457945)	(56.0, 3.347175842680594)	(57.0, 3.1452464537488933)	(58.0, 3.657562005879496)	(59.0, 2.402460256300483)	(60.0, 1.3978080315095474)	(61.0, 0.7156720038816108)	(62.0, 0.2190541427633644)	(63.0, 0.08134258070040241)	(64.0, 0.055655449952906916)	(65.0, 0.18195050946142646)	(66.0, 1.0574535491052315)	(67.0, 0.17552872677455258)	(68.0, 0.01284356537374775)	(69.0, 0.0)	(70.0, 0.0)	(71.0, 0.0021405942289579585)	(72.0, 0.0)	(73.0, 0.0)	(74.0, 0.0)	(75.0, 0.0)	(76.0, 0.0)	(77.0, 0.0)	(78.0, 0.0)	(79.0, 0.0)	(80.0, 0.0)	(81.0, 0.0)	(82.0, 0.0)	(83.0, 0.0)	(84.0, 0.0)	(85.0, 0.0)	(86.0, 0.0)	(87.0, 0.0)	(88.0, 0.0)	(89.0, 0.0)	(90.0, 0.0)	(91.0, 0.0)	(92.0, 0.0)	(93.0, 0.0)	(94.0, 0.0)	(95.0, 0.0)	(96.0, 0.0)	(97.0, 0.0)	(98.0, 0.0)	(99.0, 0.0)	(100.0, 0.0)
651B0_S107_L001_R2_001	(0.0, 0.0)	(1.0, 0.0)	(2.0, 0.0)	(3.0, 0.0)	(4.0, 0.0)	(5.0, 0.0)	(6.0, 0.0)	(7.0, 0.0)	(8.0, 0.0)	(9.0, 0.0)	(10.0, 0.0)	(11.0, 0.0)	(12.0, 0.0)	(13.0, 0.0)	(14.0, 0.0)	(15.0, 0.0)	(16.0, 0.0)	(17.0, 0.0)	(18.0, 0.0)	(19.0, 0.0)	(20.0, 0.0)	(21.0, 0.0)	(22.0, 0.0)	(23.0, 0.0)	(24.0, 0.0)	(25.0, 0.0)	(26.0, 0.0)	(27.0, 0.0)	(28.0, 0.0)	(29.0, 0.0)	(30.0, 0.004155872941111276)	(31.0, 0.0)	(32.0, 0.002077936470555638)	(33.0, 0.0)	(34.0, 0.0)	(35.0, 0.0)	(36.0, 0.002077936470555638)	(37.0, 0.0)	(38.0, 0.002077936470555638)	(39.0, 0.0)	(40.0, 0.0)	(41.0, 0.002077936470555638)	(42.0, 0.004155872941111276)	(43.0, 0.01038968235277819)	(44.0, 0.02077936470555638)	(45.0, 0.02147201019574159)	(46.0, 0.05956751215592827)	(47.0, 0.24865973097649122)	(48.0, 1.7170681701691428)	(49.0, 2.9236566140717817)	(50.0, 1.5771537811517296)	(51.0, 2.2822668901602783)	(52.0, 7.516588859489973)	(53.0, 21.632011303974398)	(54.0, 27.90322357211133)	(55.0, 17.44081344286365)	(56.0, 6.3993516838211795)	(57.0, 2.139581919182122)	(58.0, 1.6748167952678452)	(59.0, 1.7281504980121056)	(60.0, 0.7702217850859564)	(61.0, 0.3622535913668662)	(62.0, 0.25073766744704695)	(63.0, 0.23480682117278706)	(64.0, 0.2299583027414906)	(65.0, 0.22303184783963845)	(66.0, 0.32900660783797603)	(67.0, 0.7445939019491035)	(68.0, 0.8353304611633664)	(69.0, 0.39065205646445994)	(70.0, 0.1309099976450052)	(71.0, 0.047792538822779666)	(72.0, 0.031169047058334568)	(73.0, 0.016623491764445105)	(74.0, 0.017316137254630312)	(75.0, 0.015238200784074677)	(76.0, 0.006233809411666913)	(77.0, 0.006233809411666913)	(78.0, 0.004155872941111276)	(79.0, 0.002077936470555638)	(80.0, 0.006233809411666913)	(81.0, 0.01038968235277819)	(82.0, 0.002077936470555638)	(83.0, 0.002077936470555638)	(84.0, 0.0)	(85.0, 0.002077936470555638)	(86.0, 0.0)	(87.0, 0.0)	(88.0, 0.006233809411666913)	(89.0, 0.0)	(90.0, 0.002077936470555638)	(91.0, 0.002077936470555638)	(92.0, 0.0)	(93.0, 0.002077936470555638)	(94.0, 0.0)	(95.0, 0.0)	(96.0, 0.0)	(97.0, 0.0)	(98.0, 0.002077936470555638)	(99.0, 0.002077936470555638)	(100.0, 0.0)
651B14_S108_L001_R1_001	(0.0, 0.0)	(1.0, 0.0)	(2.0, 0.0)	(3.0, 0.0)	(4.0, 0.0)	(5.0, 0.0)	(6.0, 0.0)	(7.0, 0.0)	(8.0, 0.0)	(9.0, 0.0)	(10.0, 0.0)	(11.0, 0.0)	(12.0, 0.0)	(13.0, 0.0)	(14.0, 0.0)	(15.0, 0.0)	(16.0, 0.0)	(17.0, 0.0)	(18.0, 0.0)	(19.0, 0.0)	(20.0, 0.0)	(21.0, 0.0)	(22.0, 0.0)	(23.0, 0.0)	(24.0, 0.0)	(25.0, 0.0)	(26.0, 0.0)	(27.0, 0.0)	(28.0, 0.0)	(29.0, 0.0)	(30.0, 0.0)	(31.0, 0.0)	(32.0, 0.0)	(33.0, 0.0)	(34.0, 0.0)	(35.0, 0.0)	(36.0, 0.0)	(37.0, 0.0)	(38.0, 0.0)	(39.0, 0.0)	(40.0, 0.0)	(41.0, 0.0)	(42.0, 0.0)	(43.0, 0.006546216286986121)	(44.0, 0.03179590767964687)	(45.0, 0.777129390640781)	(46.0, 4.515018890509856)	(47.0, 9.353607900347887)	(48.0, 3.1964238955597954)	(49.0, 1.334492948789885)	(50.0, 3.8613324355665277)	(51.0, 6.7173530842030456)	(52.0, 8.599857853589198)	(53.0, 20.56821157371039)	(54.0, 16.232746044215016)	(55.0, 7.660008229529048)	(56.0, 3.033703662140426)	(57.0, 2.719485280365093)	(58.0, 3.1852018104963924)	(59.0, 3.6060300003740693)	(60.0, 1.79179291512363)	(61.0, 0.7864811281936184)	(62.0, 0.26371899899001233)	(63.0, 0.129053978229155)	(64.0, 0.06172146784872629)	(65.0, 0.22724722253394683)	(66.0, 1.15026371899899)	(67.0, 0.1767478397486253)	(68.0, 0.014027606329255975)	(69.0, 0.0)	(70.0, 0.0)	(71.0, 0.0)	(72.0, 0.0)	(73.0, 0.0)	(74.0, 0.0)	(75.0, 0.0)	(76.0, 0.0)	(77.0, 0.0)	(78.0, 0.0)	(79.0, 0.0)	(80.0, 0.0)	(81.0, 0.0)	(82.0, 0.0)	(83.0, 0.0)	(84.0, 0.0)	(85.0, 0.0)	(86.0, 0.0)	(87.0, 0.0)	(88.0, 0.0)	(89.0, 0.0)	(90.0, 0.0)	(91.0, 0.0)	(92.0, 0.0)	(93.0, 0.0)	(94.0, 0.0)	(95.0, 0.0)	(96.0, 0.0)	(97.0, 0.0)	(98.0, 0.0)	(99.0, 0.0)	(100.0, 0.0)
651B14_S108_L001_R2_001	(0.0, 0.0)	(1.0, 0.0)	(2.0, 0.0)	(3.0, 0.0)	(4.0, 0.0)	(5.0, 0.0)	(6.0, 0.0)	(7.0, 0.0)	(8.0, 0.0)	(9.0, 0.0)	(10.0, 0.0)	(11.0, 0.0)	(12.0, 0.0)	(13.0, 0.0)	(14.0, 0.0)	(15.0, 0.0)	(16.0, 0.0)	(17.0, 0.0)	(18.0, 0.0)	(19.0, 0.0)	(20.0, 0.0)	(21.0, 0.0)	(22.0, 0.0)	(23.0, 0.0)	(24.0, 0.0)	(25.0, 0.0)	(26.0, 0.0)	(27.0, 0.0)	(28.0, 0.0)	(29.0, 0.0)	(30.0, 0.0)	(31.0, 0.0)	(32.0, 0.0)	(33.0, 0.0)	(34.0, 0.0)	(35.0, 0.0)	(36.0, 0.0)	(37.0, 0.0027502498143581384)	(38.0, 0.0)	(39.0, 0.0)	(40.0, 0.0027502498143581384)	(41.0, 0.01833499876238759)	(42.0, 0.022918748452984486)	(43.0, 0.008250749443074416)	(44.0, 0.02108524857674573)	(45.0, 0.046754246844088354)	(46.0, 0.11184349245056428)	(47.0, 0.786571446906428)	(48.0, 6.449335814669833)	(49.0, 9.390269616156809)	(50.0, 3.247128280818843)	(51.0, 2.8135055600883816)	(52.0, 6.6739395495090825)	(53.0, 17.08271834691648)	(54.0, 21.433613553231083)	(55.0, 14.352637031197006)	(56.0, 5.238309146414133)	(57.0, 1.741824882426821)	(58.0, 2.1818648527241242)	(59.0, 2.5733170763010986)	(60.0, 1.1367699232680306)	(61.0, 0.4592917189978092)	(62.0, 0.30619447933187277)	(63.0, 0.2814422310026495)	(64.0, 0.258523482549665)	(65.0, 0.2640239821783813)	(66.0, 0.4583749690596899)	(67.0, 0.877329690780246)	(68.0, 0.9855061834783331)	(69.0, 0.47304296806959983)	(70.0, 0.1430129903466232)	(71.0, 0.0357532475866558)	(72.0, 0.01925174870050697)	(73.0, 0.008250749443074416)	(74.0, 0.008250749443074416)	(75.0, 0.0027502498143581384)	(76.0, 0.005500499628716277)	(77.0, 0.013751249071790692)	(78.0, 0.008250749443074416)	(79.0, 0.0)	(80.0, 0.0027502498143581384)	(81.0, 0.008250749443074416)	(82.0, 0.005500499628716277)	(83.0, 0.008250749443074416)	(84.0, 0.0)	(85.0, 0.005500499628716277)	(86.0, 0.0027502498143581384)	(87.0, 0.005500499628716277)	(88.0, 0.0027502498143581384)	(89.0, 0.0027502498143581384)	(90.0, 0.0027502498143581384)	(91.0, 0.0)	(92.0, 0.0027502498143581384)	(93.0, 0.0)	(94.0, 0.0)	(95.0, 0.0)	(96.0, 0.0)	(97.0, 0.0027502498143581384)	(98.0, 0.0)	(99.0, 0.0027502498143581384)	(100.0, 0.0)
653A0_S113_L001_R1_001	(0.0, 0.0)	(1.0, 0.0)	(2.0, 0.0)	(3.0, 0.0)	(4.0, 0.0)	(5.0, 0.0)	(6.0, 0.0)	(7.0, 0.0)	(8.0, 0.0)	(9.0, 0.0)	(10.0, 0.0)	(11.0, 0.0)	(12.0, 0.0)	(13.0, 0.0)	(14.0, 0.0)	(15.0, 0.0)	(16.0, 0.0)	(17.0, 0.0)	(18.0, 0.0)	(19.0, 0.0)	(20.0, 0.0)	(21.0, 0.0)	(22.0, 0.0)	(23.0, 0.0)	(24.0, 0.0)	(25.0, 0.0)	(26.0, 0.0)	(27.0, 0.0)	(28.0, 0.0)	(29.0, 0.0)	(30.0, 0.0)	(31.0, 0.0)	(32.0, 0.0)	(33.0, 0.0)	(34.0, 0.0)	(35.0, 0.0)	(36.0, 0.0)	(37.0, 0.0)	(38.0, 0.0)	(39.0, 0.0)	(40.0, 0.0)	(41.0, 0.0)	(42.0, 0.0)	(43.0, 0.0)	(44.0, 0.005555967108674716)	(45.0, 0.02777983554337358)	(46.0, 0.06389362174975924)	(47.0, 0.7361656418993998)	(48.0, 2.360360026668642)	(49.0, 13.82602414993703)	(50.0, 17.344803318764352)	(51.0, 13.173198014667753)	(52.0, 15.207607970960812)	(53.0, 17.90595599674049)	(54.0, 11.941625305578196)	(55.0, 4.53459515519668)	(56.0, 1.2426846433069116)	(57.0, 0.3407659826653826)	(58.0, 0.2657604266982738)	(59.0, 0.3592858730276315)	(60.0, 0.16575301874212905)	(61.0, 0.1092673531372694)	(62.0, 0.16945699681457885)	(63.0, 0.10000740795614489)	(64.0, 0.008333950663012074)	(65.0, 0.019445884880361506)	(66.0, 0.07222757241277131)	(67.0, 0.019445884880361506)	(68.0, 0.0)	(69.0, 0.0)	(70.0, 0.0)	(71.0, 0.0)	(72.0, 0.0)	(73.0, 0.0)	(74.0, 0.0)	(75.0, 0.0)	(76.0, 0.0)	(77.0, 0.0)	(78.0, 0.0)	(79.0, 0.0)	(80.0, 0.0)	(81.0, 0.0)	(82.0, 0.0)	(83.0, 0.0)	(84.0, 0.0)	(85.0, 0.0)	(86.0, 0.0)	(87.0, 0.0)	(88.0, 0.0)	(89.0, 0.0)	(90.0, 0.0)	(91.0, 0.0)	(92.0, 0.0)	(93.0, 0.0)	(94.0, 0.0)	(95.0, 0.0)	(96.0, 0.0)	(97.0, 0.0)	(98.0, 0.0)	(99.0, 0.0)	(100.0, 0.0)
653A0_S113_L001_R2_001	(0.0, 0.0)	(1.0, 0.0)	(2.0, 0.0)	(3.0, 0.0)	(4.0, 0.0)	(5.0, 0.0)	(6.0, 0.0)	(7.0, 0.0)	(8.0, 0.0)	(9.0, 0.0)	(10.0, 0.0)	(11.0, 0.0)	(12.0, 0.0)	(13.0, 0.0)	(14.0, 0.0)	(15.0, 0.0)	(16.0, 0.0)	(17.0, 0.0)	(18.0, 0.0)	(19.0, 0.0)	(20.0, 0.0)	(21.0, 0.0)	(22.0, 0.0)	(23.0, 0.0)	(24.0, 0.0)	(25.0, 0.0)	(26.0, 0.0)	(27.0, 0.0)	(28.0, 0.0)	(29.0, 0.0)	(30.0, 0.0)	(31.0, 0.0036760651398742867)	(32.0, 0.0036760651398742867)	(33.0, 0.0)	(34.0, 0.002757048854905715)	(35.0, 0.002757048854905715)	(36.0, 0.002757048854905715)	(37.0, 0.0)	(38.0, 0.002757048854905715)	(39.0, 0.008271146564717146)	(40.0, 0.008271146564717146)	(41.0, 0.00551409770981143)	(42.0, 0.009190162849685716)	(43.0, 0.011947211704591431)	(44.0, 0.022975407124214288)	(45.0, 0.031246553688931443)	(46.0, 0.06708818880270573)	(47.0, 0.2187258758225201)	(48.0, 1.0688159394184489)	(49.0, 1.8288424070874574)	(50.0, 2.102709260008093)	(51.0, 6.69411461971108)	(52.0, 22.198838363415717)	(53.0, 23.87512406719846)	(54.0, 19.455574752784628)	(55.0, 13.342278425173722)	(56.0, 5.117082674705007)	(57.0, 1.6680145572179574)	(58.0, 0.5458956732713317)	(59.0, 0.33452192772856004)	(60.0, 0.22607800610226864)	(61.0, 0.17369407785906008)	(62.0, 0.12590523104069434)	(63.0, 0.11763408447597717)	(64.0, 0.17277506157409148)	(65.0, 0.14796162187994005)	(66.0, 0.09925375877660575)	(67.0, 0.08546851450207718)	(68.0, 0.07719736793736003)	(69.0, 0.0358416351137743)	(70.0, 0.019299341984340006)	(71.0, 0.013785244274528577)	(72.0, 0.01102819541962286)	(73.0, 0.0)	(74.0, 0.0)	(75.0, 0.00551409770981143)	(76.0, 0.01102819541962286)	(77.0, 0.002757048854905715)	(78.0, 0.002757048854905715)	(79.0, 0.00551409770981143)	(80.0, 0.00551409770981143)	(81.0, 0.002757048854905715)	(82.0, 0.002757048854905715)	(83.0, 0.0)	(84.0, 0.0)	(85.0, 0.00551409770981143)	(86.0, 0.0)	(87.0, 0.0)	(88.0, 0.002757048854905715)	(89.0, 0.0)	(90.0, 0.0)	(91.0, 0.0)	(92.0, 0.0)	(93.0, 0.0)	(94.0, 0.002757048854905715)	(95.0, 0.002757048854905715)	(96.0, 0.0)	(97.0, 0.002757048854905715)	(98.0, 0.00551409770981143)	(99.0, 0.0)	(100.0, 0.0)
653A14_S114_L001_R1_001	(0.0, 0.0)	(1.0, 0.0)	(2.0, 0.0)	(3.0, 0.0)	(4.0, 0.0)	(5.0, 0.0)	(6.0, 0.0)	(7.0, 0.0)	(8.0, 0.0)	(9.0, 0.0)	(10.0, 0.0)	(11.0, 0.0)	(12.0, 0.0)	(13.0, 0.0)	(14.0, 0.0)	(15.0, 0.0)	(16.0, 0.0)	(17.0, 0.0)	(18.0, 0.0)	(19.0, 0.0)	(20.0, 0.0)	(21.0, 0.0)	(22.0, 0.0)	(23.0, 0.0)	(24.0, 0.0)	(25.0, 0.0)	(26.0, 0.0)	(27.0, 0.0)	(28.0, 0.0)	(29.0, 0.0)	(30.0, 0.0)	(31.0, 0.0)	(32.0, 0.0)	(33.0, 0.0)	(34.0, 0.0)	(35.0, 0.0)	(36.0, 0.0)	(37.0, 0.0)	(38.0, 0.0)	(39.0, 0.0)	(40.0, 0.0)	(41.0, 0.00295194237808478)	(42.0, 0.0)	(43.0, 0.00590388475616956)	(44.0, 0.017711654268508677)	(45.0, 0.01180776951233912)	(46.0, 0.0737985594521195)	(47.0, 0.7616011335458732)	(48.0, 3.366198291809344)	(49.0, 16.43739914196874)	(50.0, 20.800369976778043)	(51.0, 14.20573070413666)	(52.0, 12.223009406856383)	(53.0, 12.853741094973827)	(54.0, 12.776990593143625)	(55.0, 4.305899948832998)	(56.0, 0.9436375801944347)	(57.0, 0.25780296768607075)	(58.0, 0.1731806195143071)	(59.0, 0.22828354390522296)	(60.0, 0.12791750305034047)	(61.0, 0.07478254024481443)	(62.0, 0.11807769512339118)	(63.0, 0.09446215609871296)	(64.0, 0.00590388475616956)	(65.0, 0.014759711890423898)	(66.0, 0.09741409847679773)	(67.0, 0.01180776951233912)	(68.0, 0.00295194237808478)	(69.0, 0.0)	(70.0, 0.0)	(71.0, 0.0)	(72.0, 0.0)	(73.0, 0.0)	(74.0, 0.0)	(75.0, 0.0)	(76.0, 0.0)	(77.0, 0.0)	(78.0, 0.00295194237808478)	(79.0, 0.00295194237808478)	(80.0, 0.0)	(81.0, 0.0)	(82.0, 0.0)	(83.0, 0.0)	(84.0, 0.0)	(85.0, 0.0)	(86.0, 0.0)	(87.0, 0.0)	(88.0, 0.0)	(89.0, 0.0)	(90.0, 0.0)	(91.0, 0.0)	(92.0, 0.0)	(93.0, 0.0)	(94.0, 0.0)	(95.0, 0.0)	(96.0, 0.0)	(97.0, 0.0)	(98.0, 0.0)	(99.0, 0.0)	(100.0, 0.0)
653A14_S114_L001_R2_001	(0.0, 0.0)	(1.0, 0.0)	(2.0, 0.0)	(3.0, 0.0)	(4.0, 0.0)	(5.0, 0.0)	(6.0, 0.0)	(7.0, 0.0)	(8.0, 0.0)	(9.0, 0.0)	(10.0, 0.0)	(11.0, 0.0)	(12.0, 0.0)	(13.0, 0.0)	(14.0, 0.0)	(15.0, 0.0)	(16.0, 0.0)	(17.0, 0.0)	(18.0, 0.0)	(19.0, 0.0)	(20.0, 0.0)	(21.0, 0.0)	(22.0, 0.0)	(23.0, 0.0)	(24.0, 0.0)	(25.0, 0.0)	(26.0, 0.0)	(27.0, 0.0)	(28.0, 0.0)	(29.0, 0.0)	(30.0, 0.0)	(31.0, 0.0)	(32.0, 0.0)	(33.0, 0.0)	(34.0, 0.0029108691855388065)	(35.0, 0.0)	(36.0, 0.0029108691855388065)	(37.0, 0.0029108691855388065)	(38.0, 0.0)	(39.0, 0.0029108691855388065)	(40.0, 0.005821738371077613)	(41.0, 0.01746521511323284)	(42.0, 0.02037608429877165)	(43.0, 0.014554345927694032)	(44.0, 0.01746521511323284)	(45.0, 0.03784129941200449)	(46.0, 0.0844152063806254)	(47.0, 0.1436028798199145)	(48.0, 1.0333585608662763)	(49.0, 2.07544972928917)	(50.0, 2.4441598261240864)	(51.0, 7.550794667287675)	(52.0, 24.39696493372913)	(53.0, 23.93704760241406)	(54.0, 16.578370301372015)	(55.0, 12.888358463837324)	(56.0, 5.111486289806145)	(57.0, 1.6135918185170117)	(58.0, 0.5928470241214038)	(59.0, 0.2367506937571563)	(60.0, 0.16786012303273784)	(61.0, 0.14845432846247913)	(62.0, 0.1174050571500652)	(63.0, 0.1174050571500652)	(64.0, 0.11643476742155226)	(65.0, 0.11643476742155226)	(66.0, 0.06597970153887962)	(67.0, 0.07859346800954778)	(68.0, 0.08829636529467713)	(69.0, 0.04754419669713385)	(70.0, 0.03784129941200449)	(71.0, 0.00873260755661642)	(72.0, 0.014554345927694032)	(73.0, 0.011643476742155226)	(74.0, 0.00873260755661642)	(75.0, 0.0)	(76.0, 0.005821738371077613)	(77.0, 0.005821738371077613)	(78.0, 0.005821738371077613)	(79.0, 0.005821738371077613)	(80.0, 0.0)	(81.0, 0.0)	(82.0, 0.0029108691855388065)	(83.0, 0.0)	(84.0, 0.0029108691855388065)	(85.0, 0.0)	(86.0, 0.0)	(87.0, 0.0)	(88.0, 0.0)	(89.0, 0.0)	(90.0, 0.0)	(91.0, 0.0)	(92.0, 0.0029108691855388065)	(93.0, 0.0029108691855388065)	(94.0, 0.0)	(95.0, 0.0)	(96.0, 0.0)	(97.0, 0.0)	(98.0, 0.0)	(99.0, 0.0029108691855388065)	(100.0, 0.0038811589140517423)
653B0_S115_L001_R1_001	(0.0, 0.0)	(1.0, 0.0)	(2.0, 0.0)	(3.0, 0.0)	(4.0, 0.0)	(5.0, 0.0)	(6.0, 0.0)	(7.0, 0.0)	(8.0, 0.0)	(9.0, 0.0)	(10.0, 0.0)	(11.0, 0.0)	(12.0, 0.0)	(13.0, 0.0)	(14.0, 0.0)	(15.0, 0.0)	(16.0, 0.0)	(17.0, 0.0)	(18.0, 0.0)	(19.0, 0.0)	(20.0, 0.0)	(21.0, 0.0)	(22.0, 0.0)	(23.0, 0.0)	(24.0, 0.0)	(25.0, 0.0)	(26.0, 0.0)	(27.0, 0.0)	(28.0, 0.0)	(29.0, 0.0)	(30.0, 0.0)	(31.0, 0.0)	(32.0, 0.0)	(33.0, 0.0)	(34.0, 0.0)	(35.0, 0.0)	(36.0, 0.0029234922088932644)	(37.0, 0.0)	(38.0, 0.0)	(39.0, 0.0029234922088932644)	(40.0, 0.0029234922088932644)	(41.0, 0.0)	(42.0, 0.0029234922088932644)	(43.0, 0.0)	(44.0, 0.008770476626679792)	(45.0, 0.008770476626679792)	(46.0, 0.058469844177865285)	(47.0, 0.811756336669363)	(48.0, 2.7539296607774557)	(49.0, 13.683892532426404)	(50.0, 17.06539852071294)	(51.0, 17.1404348207412)	(52.0, 17.294405410409578)	(53.0, 16.094799107360384)	(54.0, 8.848436418916949)	(55.0, 3.503318163657095)	(56.0, 1.256127152421139)	(57.0, 0.3274311273960456)	(58.0, 0.24947133515889186)	(59.0, 0.2670122884122515)	(60.0, 0.10622021692312192)	(61.0, 0.07113831041640276)	(62.0, 0.09355175068458446)	(63.0, 0.06139333638675855)	(64.0, 0.0029234922088932644)	(65.0, 0.04677587534229223)	(66.0, 0.18710350136916892)	(67.0, 0.0409288909245057)	(68.0, 0.005846984417786529)	(69.0, 0.0)	(70.0, 0.0)	(71.0, 0.0)	(72.0, 0.0)	(73.0, 0.0)	(74.0, 0.0)	(75.0, 0.0)	(76.0, 0.0)	(77.0, 0.0)	(78.0, 0.0)	(79.0, 0.0)	(80.0, 0.0)	(81.0, 0.0)	(82.0, 0.0)	(83.0, 0.0)	(84.0, 0.0)	(85.0, 0.0)	(86.0, 0.0)	(87.0, 0.0)	(88.0, 0.0)	(89.0, 0.0)	(90.0, 0.0)	(91.0, 0.0)	(92.0, 0.0)	(93.0, 0.0)	(94.0, 0.0)	(95.0, 0.0)	(96.0, 0.0)	(97.0, 0.0)	(98.0, 0.0)	(99.0, 0.0)	(100.0, 0.0)
653B0_S115_L001_R2_001	(0.0, 0.0)	(1.0, 0.0)	(2.0, 0.0)	(3.0, 0.0)	(4.0, 0.0)	(5.0, 0.0)	(6.0, 0.0)	(7.0, 0.0)	(8.0, 0.0)	(9.0, 0.0)	(10.0, 0.0)	(11.0, 0.0)	(12.0, 0.0)	(13.0, 0.0)	(14.0, 0.0)	(15.0, 0.0)	(16.0, 0.0)	(17.0, 0.0)	(18.0, 0.0)	(19.0, 0.0)	(20.0, 0.0)	(21.0, 0.0)	(22.0, 0.0)	(23.0, 0.0)	(24.0, 0.0)	(25.0, 0.0)	(26.0, 0.0)	(27.0, 0.0)	(28.0, 0.0)	(29.0, 0.0)	(30.0, 0.0)	(31.0, 0.0)	(32.0, 0.002864891707093476)	(33.0, 0.002864891707093476)	(34.0, 0.0)	(35.0, 0.0)	(36.0, 0.0)	(37.0, 0.005729783414186952)	(38.0, 0.0)	(39.0, 0.002864891707093476)	(40.0, 0.009549639023644918)	(41.0, 0.009549639023644918)	(42.0, 0.005729783414186952)	(43.0, 0.01432445853546738)	(44.0, 0.011459566828373903)	(45.0, 0.03915351999694418)	(46.0, 0.06589250926314993)	(47.0, 0.1938576721799919)	(48.0, 1.1230375491806424)	(49.0, 1.9452614691164705)	(50.0, 2.609916345162161)	(51.0, 7.8201993964628365)	(52.0, 23.516941059627868)	(53.0, 26.897513273998257)	(54.0, 19.163260628748237)	(55.0, 9.80079452996679)	(56.0, 3.6240880094732466)	(57.0, 1.2662821345353161)	(58.0, 0.43737346728293724)	(59.0, 0.1890828526681694)	(60.0, 0.1432445853546738)	(61.0, 0.1289201268192064)	(62.0, 0.11841552389319698)	(63.0, 0.10982084877191657)	(64.0, 0.1279651629168419)	(65.0, 0.10695595706482308)	(66.0, 0.10409106535772963)	(67.0, 0.08881164291989775)	(68.0, 0.1174605599908325)	(69.0, 0.08881164291989775)	(70.0, 0.02005424194965433)	(71.0, 0.005729783414186952)	(72.0, 0.01432445853546738)	(73.0, 0.011459566828373903)	(74.0, 0.011459566828373903)	(75.0, 0.002864891707093476)	(76.0, 0.005729783414186952)	(77.0, 0.002864891707093476)	(78.0, 0.008594675121280428)	(79.0, 0.008594675121280428)	(80.0, 0.0)	(81.0, 0.0)	(82.0, 0.0)	(83.0, 0.0)	(84.0, 0.002864891707093476)	(85.0, 0.0)	(86.0, 0.0)	(87.0, 0.0)	(88.0, 0.0)	(89.0, 0.0)	(90.0, 0.0)	(91.0, 0.0)	(92.0, 0.002864891707093476)	(93.0, 0.0)	(94.0, 0.0)	(95.0, 0.0)	(96.0, 0.0)	(97.0, 0.0)	(98.0, 0.0)	(99.0, 0.002864891707093476)	(100.0, 0.007639711218915935)
653B14_S116_L001_R1_001	(0.0, 0.0)	(1.0, 0.0)	(2.0, 0.0)	(3.0, 0.0)	(4.0, 0.0)	(5.0, 0.0)	(6.0, 0.0)	(7.0, 0.0)	(8.0, 0.0)	(9.0, 0.0)	(10.0, 0.0)	(11.0, 0.0)	(12.0, 0.0)	(13.0, 0.0)	(14.0, 0.0)	(15.0, 0.0)	(16.0, 0.0)	(17.0, 0.0)	(18.0, 0.0)	(19.0, 0.0)	(20.0, 0.0)	(21.0, 0.0)	(22.0, 0.0)	(23.0, 0.0)	(24.0, 0.0)	(25.0, 0.0)	(26.0, 0.0)	(27.0, 0.0)	(28.0, 0.0)	(29.0, 0.0)	(30.0, 0.0)	(31.0, 0.0)	(32.0, 0.0)	(33.0, 0.0)	(34.0, 0.0)	(35.0, 0.0)	(36.0, 0.0)	(37.0, 0.0)	(38.0, 0.0)	(39.0, 0.0)	(40.0, 0.0)	(41.0, 0.0)	(42.0, 0.0)	(43.0, 0.002853962727246782)	(44.0, 0.005707925454493564)	(45.0, 0.014269813636233912)	(46.0, 0.08276491909015668)	(47.0, 0.6630706736303357)	(48.0, 2.6760657172484)	(49.0, 15.166909253498476)	(50.0, 19.156749146189483)	(51.0, 14.260300427143092)	(52.0, 15.023259796227068)	(53.0, 16.017390146218023)	(54.0, 10.52446321717705)	(55.0, 4.267625598143022)	(56.0, 1.1063862172626693)	(57.0, 0.26732117545211526)	(58.0, 0.18741021908920533)	(59.0, 0.20453399545268605)	(60.0, 0.10749926272629548)	(61.0, 0.05707925454493565)	(62.0, 0.03710151545420817)	(63.0, 0.0313935899997146)	(64.0, 0.005707925454493564)	(65.0, 0.019977739090727475)	(66.0, 0.0970347327263906)	(67.0, 0.014269813636233912)	(68.0, 0.002853962727246782)	(69.0, 0.0)	(70.0, 0.0)	(71.0, 0.0)	(72.0, 0.0)	(73.0, 0.0)	(74.0, 0.0)	(75.0, 0.0)	(76.0, 0.0)	(77.0, 0.0)	(78.0, 0.0)	(79.0, 0.0)	(80.0, 0.0)	(81.0, 0.0)	(82.0, 0.0)	(83.0, 0.0)	(84.0, 0.0)	(85.0, 0.0)	(86.0, 0.0)	(87.0, 0.0)	(88.0, 0.0)	(89.0, 0.0)	(90.0, 0.0)	(91.0, 0.0)	(92.0, 0.0)	(93.0, 0.0)	(94.0, 0.0)	(95.0, 0.0)	(96.0, 0.0)	(97.0, 0.0)	(98.0, 0.0)	(99.0, 0.0)	(100.0, 0.0)
653B14_S116_L001_R2_001	(0.0, 0.0)	(1.0, 0.0)	(2.0, 0.0)	(3.0, 0.0)	(4.0, 0.0)	(5.0, 0.0)	(6.0, 0.0)	(7.0, 0.0)	(8.0, 0.0)	(9.0, 0.0)	(10.0, 0.0)	(11.0, 0.0)	(12.0, 0.0)	(13.0, 0.0)	(14.0, 0.0)	(15.0, 0.0)	(16.0, 0.0)	(17.0, 0.0)	(18.0, 0.0)	(19.0, 0.0)	(20.0, 0.0)	(21.0, 0.0)	(22.0, 0.0)	(23.0, 0.0)	(24.0, 0.0)	(25.0, 0.0)	(26.0, 0.0)	(27.0, 0.0)	(28.0, 0.0)	(29.0, 0.0)	(30.0, 0.0)	(31.0, 0.0)	(32.0, 0.00279895132623644)	(33.0, 0.00279895132623644)	(34.0, 0.0037319351016485863)	(35.0, 0.006530886427885025)	(36.0, 0.0)	(37.0, 0.0037319351016485863)	(38.0, 0.00279895132623644)	(39.0, 0.00279895132623644)	(40.0, 0.00279895132623644)	(41.0, 0.006530886427885025)	(42.0, 0.01306177285577005)	(43.0, 0.0)	(44.0, 0.017726691732830785)	(45.0, 0.03078846458860084)	(46.0, 0.08023660468544459)	(47.0, 0.20618941436608434)	(48.0, 0.8387524140955196)	(49.0, 1.6103299963613649)	(50.0, 2.4901336965750214)	(51.0, 7.867852178050651)	(52.0, 23.52985081589423)	(53.0, 25.877237994831287)	(54.0, 18.612093335696894)	(55.0, 10.860864129572805)	(56.0, 4.543630986257154)	(57.0, 1.6010001586072438)	(58.0, 0.5094091413750321)	(59.0, 0.24070981405633382)	(60.0, 0.19032869018407791)	(61.0, 0.12035490702816691)	(62.0, 0.08676749111332964)	(63.0, 0.10542716662157259)	(64.0, 0.09329837754121467)	(65.0, 0.10076224774451183)	(66.0, 0.05784499407555309)	(67.0, 0.05038112387225591)	(68.0, 0.07557168580838387)	(69.0, 0.05877797785096523)	(70.0, 0.025190561936127957)	(71.0, 0.02239161060989152)	(72.0, 0.00839685397870932)	(73.0, 0.00559790265247288)	(74.0, 0.00279895132623644)	(75.0, 0.00279895132623644)	(76.0, 0.0)	(77.0, 0.00279895132623644)	(78.0, 0.00279895132623644)	(79.0, 0.00279895132623644)	(80.0, 0.0)	(81.0, 0.0)	(82.0, 0.0)	(83.0, 0.0)	(84.0, 0.0)	(85.0, 0.00279895132623644)	(86.0, 0.00839685397870932)	(87.0, 0.00279895132623644)	(88.0, 0.0)	(89.0, 0.0)	(90.0, 0.0)	(91.0, 0.0)	(92.0, 0.0)	(93.0, 0.0)	(94.0, 0.0)	(95.0, 0.0)	(96.0, 0.0)	(97.0, 0.00279895132623644)	(98.0, 0.0)	(99.0, 0.0)	(100.0, 0.0037319351016485863)
655A14_S126_L001_R1_001	(0.0, 0.0)	(1.0, 0.0)	(2.0, 0.0)	(3.0, 0.0)	(4.0, 0.0)	(5.0, 0.0)	(6.0, 0.0)	(7.0, 0.0)	(8.0, 0.0)	(9.0, 0.0)	(10.0, 0.0)	(11.0, 0.0)	(12.0, 0.0)	(13.0, 0.0)	(14.0, 0.0)	(15.0, 0.0)	(16.0, 0.0)	(17.0, 0.0)	(18.0, 0.0)	(19.0, 0.0)	(20.0, 0.0)	(21.0, 0.0)	(22.0, 0.0)	(23.0, 0.0)	(24.0, 0.0)	(25.0, 0.0)	(26.0, 0.0)	(27.0, 0.0)	(28.0, 0.0)	(29.0, 0.0)	(30.0, 0.0)	(31.0, 0.0)	(32.0, 0.0)	(33.0, 0.0)	(34.0, 0.0)	(35.0, 0.0)	(36.0, 0.0)	(37.0, 0.0)	(38.0, 0.0)	(39.0, 0.0)	(40.0, 0.0)	(41.0, 0.0)	(42.0, 0.005837484433374844)	(43.0, 0.017512453300124534)	(44.0, 0.012647882938978828)	(45.0, 0.009729140722291406)	(46.0, 0.11966843088418433)	(47.0, 1.1392823785803237)	(48.0, 2.405043586550437)	(49.0, 5.814134495641341)	(50.0, 5.629280821917802)	(51.0, 8.616127023661278)	(52.0, 14.714352428393527)	(53.0, 19.229646637608962)	(54.0, 15.28837173100872)	(55.0, 8.155938667496887)	(56.0, 6.088496264009959)	(57.0, 4.715714508094642)	(58.0, 3.762258717310086)	(59.0, 1.9137219800747187)	(60.0, 0.8600560398505603)	(61.0, 0.27436176836861764)	(62.0, 0.15858499377334995)	(63.0, 0.12356008717310087)	(64.0, 0.08464352428393523)	(65.0, 0.10507471980074719)	(66.0, 0.580829701120797)	(67.0, 0.15177459526774595)	(68.0, 0.0)	(69.0, 0.008756226650062267)	(70.0, 0.005837484433374844)	(71.0, 0.002918742216687422)	(72.0, 0.005837484433374844)	(73.0, 0.0)	(74.0, 0.0)	(75.0, 0.0)	(76.0, 0.0)	(77.0, 0.0)	(78.0, 0.0)	(79.0, 0.0)	(80.0, 0.0)	(81.0, 0.0)	(82.0, 0.0)	(83.0, 0.0)	(84.0, 0.0)	(85.0, 0.0)	(86.0, 0.0)	(87.0, 0.0)	(88.0, 0.0)	(89.0, 0.0)	(90.0, 0.0)	(91.0, 0.0)	(92.0, 0.0)	(93.0, 0.0)	(94.0, 0.0)	(95.0, 0.0)	(96.0, 0.0)	(97.0, 0.0)	(98.0, 0.0)	(99.0, 0.0)	(100.0, 0.0)
655A14_S126_L001_R2_001	(0.0, 0.0)	(1.0, 0.0)	(2.0, 0.0)	(3.0, 0.0)	(4.0, 0.0)	(5.0, 0.0)	(6.0, 0.0)	(7.0, 0.0)	(8.0, 0.0)	(9.0, 0.0)	(10.0, 0.0)	(11.0, 0.0)	(12.0, 0.0)	(13.0, 0.0)	(14.0, 0.0)	(15.0, 0.0)	(16.0, 0.0)	(17.0, 0.0)	(18.0, 0.0)	(19.0, 0.0)	(20.0, 0.0)	(21.0, 0.0)	(22.0, 0.0)	(23.0, 0.0)	(24.0, 0.0)	(25.0, 0.0)	(26.0, 0.0)	(27.0, 0.0)	(28.0, 0.0)	(29.0, 0.0)	(30.0, 0.0)	(31.0, 0.0)	(32.0, 0.0)	(33.0, 0.0)	(34.0, 0.0)	(35.0, 0.0)	(36.0, 0.006740166578402584)	(37.0, 0.009628809397717977)	(38.0, 0.002888642819315393)	(39.0, 0.00866592845794618)	(40.0, 0.002888642819315393)	(41.0, 0.002888642819315393)	(42.0, 0.005777285638630786)	(43.0, 0.015406095036348764)	(44.0, 0.031775071012469326)	(45.0, 0.041403880410187305)	(46.0, 0.08569640363969)	(47.0, 0.6287612536709843)	(48.0, 4.063357565836984)	(49.0, 4.193346492706178)	(50.0, 3.359491598863804)	(51.0, 4.630494439362564)	(52.0, 11.19156516296765)	(53.0, 19.96629916710793)	(54.0, 21.496316980405357)	(55.0, 15.019016898560503)	(56.0, 7.047325598189786)	(57.0, 2.4697896105146615)	(58.0, 1.2815945308362628)	(59.0, 1.2873718164748933)	(60.0, 0.6143180395744069)	(61.0, 0.3081219007269753)	(62.0, 0.1704299263396082)	(63.0, 0.17139280727938)	(64.0, 0.20316787829184935)	(65.0, 0.23109142554523146)	(66.0, 0.19257618795435957)	(67.0, 0.2542005680997546)	(68.0, 0.4342593038370808)	(69.0, 0.29175292475085474)	(70.0, 0.13287756968850808)	(71.0, 0.031775071012469326)	(72.0, 0.028886428193153933)	(73.0, 0.00866592845794618)	(74.0, 0.00866592845794618)	(75.0, 0.011554571277261573)	(76.0, 0.00866592845794618)	(77.0, 0.014443214096576966)	(78.0, 0.00866592845794618)	(79.0, 0.0)	(80.0, 0.0)	(81.0, 0.002888642819315393)	(82.0, 0.002888642819315393)	(83.0, 0.002888642819315393)	(84.0, 0.002888642819315393)	(85.0, 0.002888642819315393)	(86.0, 0.005777285638630786)	(87.0, 0.005777285638630786)	(88.0, 0.0)	(89.0, 0.0)	(90.0, 0.0)	(91.0, 0.0)	(92.0, 0.0)	(93.0, 0.0)	(94.0, 0.0)	(95.0, 0.0)	(96.0, 0.0)	(97.0, 0.0)	(98.0, 0.0)	(99.0, 0.0)	(100.0, 0.0)
655B0_S127_L001_R1_001	(0.0, 0.0)	(1.0, 0.0)	(2.0, 0.0)	(3.0, 0.0)	(4.0, 0.0)	(5.0, 0.0)	(6.0, 0.0)	(7.0, 0.0)	(8.0, 0.0)	(9.0, 0.0)	(10.0, 0.0)	(11.0, 0.0)	(12.0, 0.0)	(13.0, 0.0)	(14.0, 0.0)	(15.0, 0.0)	(16.0, 0.0)	(17.0, 0.0)	(18.0, 0.0)	(19.0, 0.0)	(20.0, 0.0)	(21.0, 0.0)	(22.0, 0.0)	(23.0, 0.0)	(24.0, 0.0)	(25.0, 0.0)	(26.0, 0.0)	(27.0, 0.0)	(28.0, 0.0)	(29.0, 0.0)	(30.0, 0.0)	(31.0, 0.0)	(32.0, 0.0)	(33.0, 0.0)	(34.0, 0.0)	(35.0, 0.0)	(36.0, 0.0)	(37.0, 0.0)	(38.0, 0.0)	(39.0, 0.0)	(40.0, 0.0)	(41.0, 0.0)	(42.0, 0.002407318247472316)	(43.0, 0.0)	(44.0, 0.005617075910768736)	(45.0, 0.002407318247472316)	(46.0, 0.026480500722195478)	(47.0, 0.27202696196437165)	(48.0, 0.6949125341036754)	(49.0, 3.2474723158401533)	(50.0, 7.76119402985075)	(51.0, 6.250200609853958)	(52.0, 10.844166265446962)	(53.0, 16.011073663938372)	(54.0, 16.550312951372167)	(55.0, 7.265286470871453)	(56.0, 3.651901781415502)	(57.0, 3.6727652062269285)	(58.0, 4.00978976087305)	(59.0, 6.301556732466701)	(60.0, 3.154389343604557)	(61.0, 1.1242176215695712)	(62.0, 0.6804686246188412)	(63.0, 0.5344246509388542)	(64.0, 0.2888781896966779)	(65.0, 0.6788637457871931)	(66.0, 5.68608570052961)	(67.0, 1.1771786230139625)	(68.0, 0.06981222917669716)	(69.0, 0.021665864227250843)	(70.0, 0.007221954742416948)	(71.0, 0.0)	(72.0, 0.004814636494944632)	(73.0, 0.0)	(74.0, 0.002407318247472316)	(75.0, 0.0)	(76.0, 0.0)	(77.0, 0.0)	(78.0, 0.0)	(79.0, 0.0)	(80.0, 0.0)	(81.0, 0.0)	(82.0, 0.0)	(83.0, 0.0)	(84.0, 0.0)	(85.0, 0.0)	(86.0, 0.0)	(87.0, 0.0)	(88.0, 0.0)	(89.0, 0.0)	(90.0, 0.0)	(91.0, 0.0)	(92.0, 0.0)	(93.0, 0.0)	(94.0, 0.0)	(95.0, 0.0)	(96.0, 0.0)	(97.0, 0.0)	(98.0, 0.0)	(99.0, 0.0)	(100.0, 0.0)
655B0_S127_L001_R2_001	(0.0, 0.0)	(1.0, 0.0)	(2.0, 0.0)	(3.0, 0.0)	(4.0, 0.0)	(5.0, 0.0)	(6.0, 0.0)	(7.0, 0.0)	(8.0, 0.0)	(9.0, 0.0)	(10.0, 0.0)	(11.0, 0.0)	(12.0, 0.0)	(13.0, 0.0)	(14.0, 0.0)	(15.0, 0.0)	(16.0, 0.0)	(17.0, 0.0)	(18.0, 0.0)	(19.0, 0.0)	(20.0, 0.0)	(21.0, 0.0)	(22.0, 0.0)	(23.0, 0.0)	(24.0, 0.0)	(25.0, 0.0)	(26.0, 0.0)	(27.0, 0.0)	(28.0, 0.0)	(29.0, 0.0)	(30.0, 0.0)	(31.0, 0.0)	(32.0, 0.0)	(33.0, 0.0)	(34.0, 0.0)	(35.0, 0.0)	(36.0, 0.0)	(37.0, 0.0)	(38.0, 0.0)	(39.0, 0.0)	(40.0, 0.004677450789319824)	(41.0, 0.0)	(42.0, 0.007016176183979735)	(43.0, 0.007795751315533039)	(44.0, 0.016371077762619382)	(45.0, 0.021048528551939207)	(46.0, 0.03118300526213216)	(47.0, 0.20268953420385896)	(48.0, 1.2184759306178135)	(49.0, 1.0742545312804523)	(50.0, 1.103878386279477)	(51.0, 3.525238744884037)	(52.0, 9.201325277723683)	(53.0, 16.9175599298382)	(54.0, 20.040537906840758)	(55.0, 14.549210680179305)	(56.0, 7.0777626193724466)	(57.0, 2.501656597154553)	(58.0, 3.377899045020462)	(59.0, 4.447476125511591)	(60.0, 1.9933736113817984)	(61.0, 0.7507308516858318)	(62.0, 0.44435782498538323)	(63.0, 0.33443773143636746)	(64.0, 0.525433638666927)	(65.0, 0.7632040537906839)	(66.0, 0.8879360748392129)	(67.0, 1.8803352173065693)	(68.0, 3.3654258429156134)	(69.0, 2.2638861820307947)	(70.0, 0.8512960436562078)	(71.0, 0.26427596959657)	(72.0, 0.09121029039173656)	(73.0, 0.05145195868251806)	(74.0, 0.03118300526213216)	(75.0, 0.01403235236795947)	(76.0, 0.01403235236795947)	(77.0, 0.02806470473591894)	(78.0, 0.02338725394659912)	(79.0, 0.018709803157279294)	(80.0, 0.009354901578639647)	(81.0, 0.01169362697329956)	(82.0, 0.004677450789319824)	(83.0, 0.002338725394659912)	(84.0, 0.007016176183979735)	(85.0, 0.004677450789319824)	(86.0, 0.004677450789319824)	(87.0, 0.007016176183979735)	(88.0, 0.004677450789319824)	(89.0, 0.002338725394659912)	(90.0, 0.002338725394659912)	(91.0, 0.002338725394659912)	(92.0, 0.0)	(93.0, 0.007016176183979735)	(94.0, 0.002338725394659912)	(95.0, 0.002338725394659912)	(96.0, 0.002338725394659912)	(97.0, 0.0)	(98.0, 0.0)	(99.0, 0.0)	(100.0, 0.0)
655B14_S128_L001_R1_001	(0.0, 0.0)	(1.0, 0.0)	(2.0, 0.0)	(3.0, 0.0)	(4.0, 0.0)	(5.0, 0.0)	(6.0, 0.0)	(7.0, 0.0)	(8.0, 0.0)	(9.0, 0.0)	(10.0, 0.0)	(11.0, 0.0)	(12.0, 0.0)	(13.0, 0.0)	(14.0, 0.0)	(15.0, 0.0)	(16.0, 0.0)	(17.0, 0.0)	(18.0, 0.0)	(19.0, 0.0)	(20.0, 0.0)	(21.0, 0.0)	(22.0, 0.0)	(23.0, 0.0)	(24.0, 0.0)	(25.0, 0.0)	(26.0, 0.0)	(27.0, 0.0)	(28.0, 0.0)	(29.0, 0.0)	(30.0, 0.0)	(31.0, 0.0)	(32.0, 0.0)	(33.0, 0.0)	(34.0, 0.0)	(35.0, 0.0)	(36.0, 0.0)	(37.0, 0.0)	(38.0, 0.0)	(39.0, 0.0)	(40.0, 0.0031635891973974205)	(41.0, 0.006327178394794841)	(42.0, 0.02214512438178194)	(43.0, 0.018981535184384522)	(44.0, 0.01687247571945291)	(45.0, 0.04534477849602969)	(46.0, 0.15079775174261037)	(47.0, 0.6928260342300352)	(48.0, 1.3487435278237658)	(49.0, 4.076811945712809)	(50.0, 6.544411519682783)	(51.0, 9.899925128389011)	(52.0, 14.188697550327442)	(53.0, 19.1270602874648)	(54.0, 16.774404454333585)	(55.0, 9.336806251252256)	(56.0, 5.5225722089234255)	(57.0, 4.6483670607092735)	(58.0, 3.613873393160321)	(59.0, 1.4636872686625386)	(60.0, 0.6770080882430481)	(61.0, 0.3237406278670027)	(62.0, 0.20985141676069552)	(63.0, 0.1708338166594607)	(64.0, 0.08858049752712777)	(65.0, 0.1360343354880891)	(66.0, 0.6738444990456506)	(67.0, 0.1866517626464478)	(68.0, 0.0031635891973974205)	(69.0, 0.009490767592192261)	(70.0, 0.012654356789589682)	(71.0, 0.0031635891973974205)	(72.0, 0.0031635891973974205)	(73.0, 0.0)	(74.0, 0.0)	(75.0, 0.0)	(76.0, 0.0)	(77.0, 0.0)	(78.0, 0.0)	(79.0, 0.0)	(80.0, 0.0)	(81.0, 0.0)	(82.0, 0.0)	(83.0, 0.0)	(84.0, 0.0)	(85.0, 0.0)	(86.0, 0.0)	(87.0, 0.0)	(88.0, 0.0)	(89.0, 0.0)	(90.0, 0.0)	(91.0, 0.0)	(92.0, 0.0)	(93.0, 0.0)	(94.0, 0.0)	(95.0, 0.0)	(96.0, 0.0)	(97.0, 0.0)	(98.0, 0.0)	(99.0, 0.0)	(100.0, 0.0)
655B14_S128_L001_R2_001	(0.0, 0.0)	(1.0, 0.0)	(2.0, 0.0)	(3.0, 0.0)	(4.0, 0.0)	(5.0, 0.0)	(6.0, 0.0)	(7.0, 0.0)	(8.0, 0.0)	(9.0, 0.0)	(10.0, 0.0)	(11.0, 0.0)	(12.0, 0.0)	(13.0, 0.0)	(14.0, 0.0)	(15.0, 0.0)	(16.0, 0.0)	(17.0, 0.0)	(18.0, 0.0)	(19.0, 0.0)	(20.0, 0.0)	(21.0, 0.0)	(22.0, 0.0)	(23.0, 0.0)	(24.0, 0.0)	(25.0, 0.0)	(26.0, 0.0)	(27.0, 0.0)	(28.0, 0.0)	(29.0, 0.0)	(30.0, 0.0)	(31.0, 0.003145082663256)	(32.0, 0.003145082663256)	(33.0, 0.0)	(34.0, 0.0)	(35.0, 0.003145082663256)	(36.0, 0.0)	(37.0, 0.0)	(38.0, 0.0)	(39.0, 0.009435247989768001)	(40.0, 0.015725413316280003)	(41.0, 0.012580330653024)	(42.0, 0.009435247989768001)	(43.0, 0.012580330653024)	(44.0, 0.015725413316280003)	(45.0, 0.04193443551008)	(46.0, 0.10902953232620802)	(47.0, 0.5556312705085601)	(48.0, 2.589451392747441)	(49.0, 2.8536383364609463)	(50.0, 2.397601350288827)	(51.0, 4.9618920817302055)	(52.0, 12.621216727646381)	(53.0, 20.46819797246999)	(54.0, 20.78165787790788)	(55.0, 16.116451927411497)	(56.0, 8.120603436526993)	(57.0, 2.6135636931657364)	(58.0, 1.1804543596087518)	(59.0, 1.017958422007192)	(60.0, 0.567163240273832)	(61.0, 0.307169740111336)	(62.0, 0.15096396783628802)	(63.0, 0.16459265937706402)	(64.0, 0.171931185591328)	(65.0, 0.25789677838699204)	(66.0, 0.25055825217272804)	(67.0, 0.320798431652112)	(68.0, 0.5283738874270081)	(69.0, 0.37216811515196)	(70.0, 0.177172990030088)	(71.0, 0.044031157285584)	(72.0, 0.025160661306048)	(73.0, 0.028305743969304003)	(74.0, 0.009435247989768001)	(75.0, 0.006290165326512)	(76.0, 0.009435247989768001)	(77.0, 0.018870495979536002)	(78.0, 0.009435247989768001)	(79.0, 0.009435247989768001)	(80.0, 0.009435247989768001)	(81.0, 0.009435247989768001)	(82.0, 0.006290165326512)	(83.0, 0.0)	(84.0, 0.003145082663256)	(85.0, 0.0)	(86.0, 0.0)	(87.0, 0.003145082663256)	(88.0, 0.0)	(89.0, 0.0)	(90.0, 0.006290165326512)	(91.0, 0.006290165326512)	(92.0, 0.009435247989768001)	(93.0, 0.003145082663256)	(94.0, 0.0)	(95.0, 0.0)	(96.0, 0.0)	(97.0, 0.0)	(98.0, 0.0)	(99.0, 0.0)	(100.0, 0.0)
656A0_S117_L001_R1_001	(0.0, 0.0)	(1.0, 0.0)	(2.0, 0.0)	(3.0, 0.0)	(4.0, 0.0)	(5.0, 0.0)	(6.0, 0.0)	(7.0, 0.0)	(8.0, 0.0)	(9.0, 0.0)	(10.0, 0.0)	(11.0, 0.0)	(12.0, 0.0)	(13.0, 0.0)	(14.0, 0.0)	(15.0, 0.0)	(16.0, 0.0)	(17.0, 0.0)	(18.0, 0.0)	(19.0, 0.0)	(20.0, 0.0)	(21.0, 0.0)	(22.0, 0.0)	(23.0, 0.0)	(24.0, 0.0)	(25.0, 0.0)	(26.0, 0.0)	(27.0, 0.0)	(28.0, 0.0)	(29.0, 0.0)	(30.0, 0.0)	(31.0, 0.0)	(32.0, 0.0)	(33.0, 0.0)	(34.0, 0.0)	(35.0, 0.0)	(36.0, 0.0)	(37.0, 0.0)	(38.0, 0.0)	(39.0, 0.0025867197806461635)	(40.0, 0.0025867197806461635)	(41.0, 0.0)	(42.0, 0.0)	(43.0, 0.0)	(44.0, 0.031040637367753966)	(45.0, 0.25004957879579576)	(46.0, 0.6604757839916539)	(47.0, 3.0842322184571094)	(48.0, 3.2885830811281553)	(49.0, 1.7658673702544476)	(50.0, 3.6653819291756125)	(51.0, 7.457513127602895)	(52.0, 11.425541271114136)	(53.0, 21.142985247074783)	(54.0, 24.00562180432327)	(55.0, 10.646076377212749)	(56.0, 3.2670270829561048)	(57.0, 1.2726661320779125)	(58.0, 1.144192382972486)	(59.0, 1.5408227493382314)	(60.0, 0.9355303206670291)	(61.0, 0.8113677711960133)	(62.0, 0.3888702070238066)	(63.0, 0.27764125645602156)	(64.0, 0.18107038464523145)	(65.0, 0.34403373082593974)	(66.0, 1.973667192633023)	(67.0, 0.395768126438863)	(68.0, 0.031040637367753966)	(69.0, 0.005173439561292327)	(70.0, 0.0025867197806461635)	(71.0, 0.0)	(72.0, 0.0)	(73.0, 0.0)	(74.0, 0.0)	(75.0, 0.0)	(76.0, 0.0)	(77.0, 0.0)	(78.0, 0.0)	(79.0, 0.0)	(80.0, 0.0)	(81.0, 0.0)	(82.0, 0.0)	(83.0, 0.0)	(84.0, 0.0)	(85.0, 0.0)	(86.0, 0.0)	(87.0, 0.0)	(88.0, 0.0)	(89.0, 0.0)	(90.0, 0.0)	(91.0, 0.0)	(92.0, 0.0)	(93.0, 0.0)	(94.0, 0.0)	(95.0, 0.0)	(96.0, 0.0)	(97.0, 0.0)	(98.0, 0.0)	(99.0, 0.0)	(100.0, 0.0)
656A0_S117_L001_R2_001	(0.0, 0.0)	(1.0, 0.0)	(2.0, 0.0)	(3.0, 0.0)	(4.0, 0.0)	(5.0, 0.0)	(6.0, 0.0)	(7.0, 0.0)	(8.0, 0.0)	(9.0, 0.0)	(10.0, 0.0)	(11.0, 0.0)	(12.0, 0.0)	(13.0, 0.0)	(14.0, 0.0)	(15.0, 0.0)	(16.0, 0.0)	(17.0, 0.0)	(18.0, 0.0)	(19.0, 0.0)	(20.0, 0.0)	(21.0, 0.0)	(22.0, 0.0)	(23.0, 0.0)	(24.0, 0.0)	(25.0, 0.0)	(26.0, 0.0)	(27.0, 0.0)	(28.0, 0.0)	(29.0, 0.0)	(30.0, 0.0)	(31.0, 0.0)	(32.0, 0.0)	(33.0, 0.0)	(34.0, 0.0)	(35.0, 0.0034255080456620244)	(36.0, 0.0)	(37.0, 0.002569131034246518)	(38.0, 0.002569131034246518)	(39.0, 0.0)	(40.0, 0.0)	(41.0, 0.005138262068493036)	(42.0, 0.007707393102739555)	(43.0, 0.005138262068493036)	(44.0, 0.022265802296803156)	(45.0, 0.018840294251141133)	(46.0, 0.13530756780364997)	(47.0, 0.8315420780844561)	(48.0, 3.6755701329953503)	(49.0, 3.5762303996711533)	(50.0, 2.2145909515205)	(51.0, 2.6667580135478905)	(52.0, 7.49929348896561)	(53.0, 16.28229611804298)	(54.0, 21.015491860136482)	(55.0, 18.996154867218735)	(56.0, 10.428102868006624)	(57.0, 3.489736321518188)	(58.0, 1.3984636596415212)	(59.0, 0.8683662895753232)	(60.0, 0.4513106850159718)	(61.0, 0.27061513560729994)	(62.0, 0.27318426664154644)	(63.0, 0.4273321286963375)	(64.0, 0.46843822524428186)	(65.0, 0.5300973700661983)	(66.0, 0.5395175171917689)	(67.0, 0.8049943907305759)	(68.0, 1.3907562665387818)	(69.0, 1.0199450205958678)	(70.0, 0.4007844413424569)	(71.0, 0.08735045516438163)	(72.0, 0.033398703445204736)	(73.0, 0.0282604413767117)	(74.0, 0.025691310342465183)	(75.0, 0.01541478620547911)	(76.0, 0.002569131034246518)	(77.0, 0.017983917239725627)	(78.0, 0.012845655171232592)	(79.0, 0.010276524136986072)	(80.0, 0.002569131034246518)	(81.0, 0.005138262068493036)	(82.0, 0.007707393102739555)	(83.0, 0.002569131034246518)	(84.0, 0.005138262068493036)	(85.0, 0.005138262068493036)	(86.0, 0.002569131034246518)	(87.0, 0.005138262068493036)	(88.0, 0.005138262068493036)	(89.0, 0.0)	(90.0, 0.0)	(91.0, 0.0)	(92.0, 0.0)	(93.0, 0.0)	(94.0, 0.0)	(95.0, 0.0)	(96.0, 0.002569131034246518)	(97.0, 0.0)	(98.0, 0.0)	(99.0, 0.0)	(100.0, 0.0)
656A14_S118_L001_R1_001	(0.0, 0.0)	(1.0, 0.0)	(2.0, 0.0)	(3.0, 0.0)	(4.0, 0.0)	(5.0, 0.0)	(6.0, 0.0)	(7.0, 0.0)	(8.0, 0.0)	(9.0, 0.0)	(10.0, 0.0)	(11.0, 0.0)	(12.0, 0.0)	(13.0, 0.0)	(14.0, 0.0)	(15.0, 0.0)	(16.0, 0.0)	(17.0, 0.0)	(18.0, 0.0)	(19.0, 0.0)	(20.0, 0.0)	(21.0, 0.0)	(22.0, 0.0)	(23.0, 0.0)	(24.0, 0.0)	(25.0, 0.0)	(26.0, 0.0)	(27.0, 0.0)	(28.0, 0.0)	(29.0, 0.0)	(30.0, 0.0)	(31.0, 0.0)	(32.0, 0.0)	(33.0, 0.0)	(34.0, 0.0)	(35.0, 0.0)	(36.0, 0.0)	(37.0, 0.0)	(38.0, 0.0)	(39.0, 0.0)	(40.0, 0.0)	(41.0, 0.002424320786126423)	(42.0, 0.002424320786126423)	(43.0, 0.008889176215796882)	(44.0, 0.004848641572252846)	(45.0, 0.012121603930632113)	(46.0, 0.042829667221566795)	(47.0, 0.08404312058571597)	(48.0, 0.12202414623502995)	(49.0, 0.38950753963764523)	(50.0, 2.5091720136408484)	(51.0, 6.901233171173228)	(52.0, 14.244500832350084)	(53.0, 21.459279491862343)	(54.0, 27.638873175698635)	(55.0, 10.511854928644171)	(56.0, 3.7399188660643596)	(57.0, 1.5814652594831364)	(58.0, 1.4069141628820334)	(59.0, 1.8117757341651477)	(60.0, 1.2574143810709042)	(61.0, 1.0594281835372465)	(62.0, 0.6755773924005631)	(63.0, 0.5818369886703414)	(64.0, 0.4024372504969861)	(65.0, 0.49213711958366374)	(66.0, 2.463109918704445)	(67.0, 0.516380327444928)	(68.0, 0.05091073650865487)	(69.0, 0.012121603930632113)	(70.0, 0.002424320786126423)	(71.0, 0.0)	(72.0, 0.002424320786126423)	(73.0, 0.004848641572252846)	(74.0, 0.0)	(75.0, 0.002424320786126423)	(76.0, 0.002424320786126423)	(77.0, 0.0)	(78.0, 0.0)	(79.0, 0.0)	(80.0, 0.0)	(81.0, 0.0)	(82.0, 0.0)	(83.0, 0.0)	(84.0, 0.0)	(85.0, 0.0)	(86.0, 0.0)	(87.0, 0.0)	(88.0, 0.0)	(89.0, 0.0)	(90.0, 0.0)	(91.0, 0.0)	(92.0, 0.0)	(93.0, 0.0)	(94.0, 0.0)	(95.0, 0.0)	(96.0, 0.0)	(97.0, 0.0)	(98.0, 0.0)	(99.0, 0.0)	(100.0, 0.0)
656A14_S118_L001_R2_001	(0.0, 0.0)	(1.0, 0.0)	(2.0, 0.0)	(3.0, 0.0)	(4.0, 0.0)	(5.0, 0.0)	(6.0, 0.0)	(7.0, 0.0)	(8.0, 0.0)	(9.0, 0.0)	(10.0, 0.0)	(11.0, 0.0)	(12.0, 0.0)	(13.0, 0.0)	(14.0, 0.0)	(15.0, 0.0)	(16.0, 0.0)	(17.0, 0.0)	(18.0, 0.0)	(19.0, 0.0)	(20.0, 0.0)	(21.0, 0.0)	(22.0, 0.0)	(23.0, 0.0)	(24.0, 0.0)	(25.0, 0.0)	(26.0, 0.0)	(27.0, 0.0)	(28.0, 0.0)	(29.0, 0.0)	(30.0, 0.0)	(31.0, 0.0)	(32.0, 0.0)	(33.0, 0.0)	(34.0, 0.0)	(35.0, 0.002359770630294736)	(36.0, 0.0)	(37.0, 0.0)	(38.0, 0.0)	(39.0, 0.0)	(40.0, 0.007865902100982453)	(41.0, 0.007865902100982453)	(42.0, 0.005506131470687717)	(43.0, 0.0031463608403929817)	(44.0, 0.01022567273127719)	(45.0, 0.0)	(46.0, 0.016518394412063153)	(47.0, 0.04719541260589473)	(48.0, 0.13214715529650523)	(49.0, 0.24934909660114377)	(50.0, 0.7433277485428418)	(51.0, 2.140311961677331)	(52.0, 7.879274134554161)	(53.0, 16.373661813405004)	(54.0, 22.151166906576673)	(55.0, 24.33946087107002)	(56.0, 10.826627651792247)	(57.0, 3.2659225523279143)	(58.0, 1.5401436313723649)	(59.0, 1.0603236032124346)	(60.0, 0.6410710212300699)	(61.0, 0.4633016337478666)	(62.0, 0.423185533032856)	(63.0, 0.6583760058522314)	(64.0, 0.7354618464418593)	(65.0, 0.7386082072822523)	(66.0, 0.6379246603896773)	(67.0, 1.1043726549779365)	(68.0, 1.8288222384784205)	(69.0, 1.1374094438020628)	(70.0, 0.4389173372348209)	(71.0, 0.11562876088444209)	(72.0, 0.044835641975599985)	(73.0, 0.04719541260589473)	(74.0, 0.03067701819383157)	(75.0, 0.014158623781768416)	(76.0, 0.021237935672652624)	(77.0, 0.014158623781768416)	(78.0, 0.01966475525245613)	(79.0, 0.016518394412063153)	(80.0, 0.023597706302947365)	(81.0, 0.009439082521178943)	(82.0, 0.002359770630294736)	(83.0, 0.002359770630294736)	(84.0, 0.004719541260589472)	(85.0, 0.002359770630294736)	(86.0, 0.002359770630294736)	(87.0, 0.0)	(88.0, 0.002359770630294736)	(89.0, 0.0)	(90.0, 0.002359770630294736)	(91.0, 0.0)	(92.0, 0.0)	(93.0, 0.002359770630294736)	(94.0, 0.004719541260589472)	(95.0, 0.0)	(96.0, 0.002359770630294736)	(97.0, 0.002359770630294736)	(98.0, 0.002359770630294736)	(99.0, 0.0)	(100.0, 0.0)
656B0_S119_L001_R1_001	(0.0, 0.0)	(1.0, 0.0)	(2.0, 0.0)	(3.0, 0.0)	(4.0, 0.0)	(5.0, 0.0)	(6.0, 0.0)	(7.0, 0.0)	(8.0, 0.0)	(9.0, 0.0)	(10.0, 0.0)	(11.0, 0.0)	(12.0, 0.0)	(13.0, 0.0)	(14.0, 0.0)	(15.0, 0.0)	(16.0, 0.0)	(17.0, 0.0)	(18.0, 0.0)	(19.0, 0.0)	(20.0, 0.0)	(21.0, 0.0)	(22.0, 0.0)	(23.0, 0.0)	(24.0, 0.0)	(25.0, 0.0)	(26.0, 0.0)	(27.0, 0.0)	(28.0, 0.0)	(29.0, 0.0)	(30.0, 0.0)	(31.0, 0.0)	(32.0, 0.0)	(33.0, 0.0)	(34.0, 0.0)	(35.0, 0.0)	(36.0, 0.0)	(37.0, 0.0)	(38.0, 0.0)	(39.0, 0.0)	(40.0, 0.0)	(41.0, 0.0)	(42.0, 0.0)	(43.0, 0.008097748825826421)	(44.0, 0.024293246477479265)	(45.0, 0.1691529754728186)	(46.0, 0.6172284105018806)	(47.0, 3.396555757499416)	(48.0, 3.7195659606629357)	(49.0, 2.764031599215419)	(50.0, 2.932284824818701)	(51.0, 6.425113818358495)	(52.0, 11.478109085674209)	(53.0, 19.936657609184614)	(54.0, 26.268197441111376)	(55.0, 11.097514890860346)	(56.0, 3.59090172931925)	(57.0, 1.193968076874629)	(58.0, 1.013118353097838)	(59.0, 2.2079861798420075)	(60.0, 1.1471810836587428)	(61.0, 0.4336794371164817)	(62.0, 0.1889474726026165)	(63.0, 0.153857227690702)	(64.0, 0.09987223551852586)	(65.0, 0.14306022925626677)	(66.0, 0.7584891400190747)	(67.0, 0.20514297025426934)	(68.0, 0.016195497651652842)	(69.0, 0.008097748825826421)	(70.0, 0.0)	(71.0, 0.0)	(72.0, 0.0)	(73.0, 0.0)	(74.0, 0.002699249608608807)	(75.0, 0.0)	(76.0, 0.0)	(77.0, 0.0)	(78.0, 0.0)	(79.0, 0.0)	(80.0, 0.0)	(81.0, 0.0)	(82.0, 0.0)	(83.0, 0.0)	(84.0, 0.0)	(85.0, 0.0)	(86.0, 0.0)	(87.0, 0.0)	(88.0, 0.0)	(89.0, 0.0)	(90.0, 0.0)	(91.0, 0.0)	(92.0, 0.0)	(93.0, 0.0)	(94.0, 0.0)	(95.0, 0.0)	(96.0, 0.0)	(97.0, 0.0)	(98.0, 0.0)	(99.0, 0.0)	(100.0, 0.0)
656B0_S119_L001_R2_001	(0.0, 0.0)	(1.0, 0.0)	(2.0, 0.0)	(3.0, 0.0)	(4.0, 0.0)	(5.0, 0.0)	(6.0, 0.0)	(7.0, 0.0)	(8.0, 0.0)	(9.0, 0.0)	(10.0, 0.0)	(11.0, 0.0)	(12.0, 0.0)	(13.0, 0.0)	(14.0, 0.0)	(15.0, 0.0)	(16.0, 0.0)	(17.0, 0.0)	(18.0, 0.0)	(19.0, 0.0)	(20.0, 0.0)	(21.0, 0.0)	(22.0, 0.0)	(23.0, 0.0)	(24.0, 0.0)	(25.0, 0.0)	(26.0, 0.0)	(27.0, 0.0)	(28.0, 0.0)	(29.0, 0.0)	(30.0, 0.0)	(31.0, 0.0)	(32.0, 0.0)	(33.0, 0.0)	(34.0, 0.0026313250475831287)	(35.0, 0.0)	(36.0, 0.0)	(37.0, 0.0)	(38.0, 0.0)	(39.0, 0.0026313250475831287)	(40.0, 0.007893975142749386)	(41.0, 0.0052626500951662575)	(42.0, 0.007893975142749386)	(43.0, 0.015787950285498772)	(44.0, 0.013156625237915642)	(45.0, 0.04297830911052443)	(46.0, 0.11928673549043518)	(47.0, 0.9542938839234809)	(48.0, 4.05925744007157)	(49.0, 4.064520090166737)	(50.0, 3.0768960889738706)	(51.0, 3.0593539219899846)	(52.0, 7.123874012156736)	(53.0, 13.042601152520374)	(54.0, 19.858610134109842)	(55.0, 22.561858066326938)	(56.0, 10.803343537027132)	(57.0, 3.293541851224882)	(58.0, 1.9305154765768229)	(59.0, 1.8199998245783306)	(60.0, 0.8148336564015753)	(61.0, 0.3841734569471368)	(62.0, 0.29733973037689354)	(63.0, 0.2350650375840928)	(64.0, 0.24208190437764784)	(65.0, 0.24120479602845338)	(66.0, 0.1762987781880696)	(67.0, 0.37189394005841553)	(68.0, 0.570997535325539)	(69.0, 0.4183806825657175)	(70.0, 0.21576865390181654)	(71.0, 0.06578312618957821)	(72.0, 0.028944575523414416)	(73.0, 0.013156625237915642)	(74.0, 0.013156625237915642)	(75.0, 0.007893975142749386)	(76.0, 0.007893975142749386)	(77.0, 0.007893975142749386)	(78.0, 0.0052626500951662575)	(79.0, 0.0026313250475831287)	(80.0, 0.0)	(81.0, 0.0026313250475831287)	(82.0, 0.0)	(83.0, 0.0026313250475831287)	(84.0, 0.0)	(85.0, 0.0)	(86.0, 0.0026313250475831287)	(87.0, 0.0026313250475831287)	(88.0, 0.0)	(89.0, 0.0)	(90.0, 0.0)	(91.0, 0.0)	(92.0, 0.0)	(93.0, 0.0)	(94.0, 0.0)	(95.0, 0.0026313250475831287)	(96.0, 0.0)	(97.0, 0.0)	(98.0, 0.0)	(99.0, 0.0)	(100.0, 0.0)
656B14_S120_L001_R1_001	(0.0, 0.0)	(1.0, 0.0)	(2.0, 0.0)	(3.0, 0.0)	(4.0, 0.0)	(5.0, 0.0)	(6.0, 0.0)	(7.0, 0.0)	(8.0, 0.0)	(9.0, 0.0)	(10.0, 0.0)	(11.0, 0.0)	(12.0, 0.0)	(13.0, 0.0)	(14.0, 0.0)	(15.0, 0.0)	(16.0, 0.0)	(17.0, 0.0)	(18.0, 0.0)	(19.0, 0.0)	(20.0, 0.0)	(21.0, 0.0)	(22.0, 0.0)	(23.0, 0.0)	(24.0, 0.0)	(25.0, 0.0)	(26.0, 0.0)	(27.0, 0.0)	(28.0, 0.0)	(29.0, 0.0)	(30.0, 0.0)	(31.0, 0.0)	(32.0, 0.0)	(33.0, 0.0)	(34.0, 0.0)	(35.0, 0.0)	(36.0, 0.0)	(37.0, 0.0)	(38.0, 0.005775617269095633)	(39.0, 0.0028878086345478166)	(40.0, 0.005775617269095633)	(41.0, 0.015401646050921687)	(42.0, 0.035616306492756405)	(43.0, 0.028878086345478168)	(44.0, 0.05005534966549549)	(45.0, 0.25894017423112087)	(46.0, 1.3861481445829518)	(47.0, 7.523704095875244)	(48.0, 6.872021947345617)	(49.0, 5.819897001492029)	(50.0, 4.78509890744573)	(51.0, 7.1107474611349115)	(52.0, 11.166193386918268)	(53.0, 17.305674543966873)	(54.0, 18.169129325696673)	(55.0, 8.513259854646964)	(56.0, 3.07359099003706)	(57.0, 1.184964143042787)	(58.0, 1.1647494826009517)	(59.0, 2.2168744284545427)	(60.0, 0.9674158925735183)	(61.0, 0.45049814698945945)	(62.0, 0.2666409972565817)	(63.0, 0.1934831785147037)	(64.0, 0.12995138855465174)	(65.0, 0.1761563267074168)	(66.0, 0.9212109544207534)	(67.0, 0.18193194397651244)	(68.0, 0.005775617269095633)	(69.0, 0.0028878086345478166)	(70.0, 0.0)	(71.0, 0.0028878086345478166)	(72.0, 0.0)	(73.0, 0.0)	(74.0, 0.0)	(75.0, 0.0)	(76.0, 0.0028878086345478166)	(77.0, 0.0028878086345478166)	(78.0, 0.0)	(79.0, 0.0)	(80.0, 0.0)	(81.0, 0.0)	(82.0, 0.0)	(83.0, 0.0)	(84.0, 0.0)	(85.0, 0.0)	(86.0, 0.0)	(87.0, 0.0)	(88.0, 0.0)	(89.0, 0.0)	(90.0, 0.0)	(91.0, 0.0)	(92.0, 0.0)	(93.0, 0.0)	(94.0, 0.0)	(95.0, 0.0)	(96.0, 0.0)	(97.0, 0.0)	(98.0, 0.0)	(99.0, 0.0)	(100.0, 0.0)
656B14_S120_L001_R2_001	(0.0, 0.0)	(1.0, 0.0)	(2.0, 0.0)	(3.0, 0.0)	(4.0, 0.0)	(5.0, 0.0)	(6.0, 0.0)	(7.0, 0.0)	(8.0, 0.0)	(9.0, 0.0)	(10.0, 0.0)	(11.0, 0.0)	(12.0, 0.0)	(13.0, 0.0)	(14.0, 0.0)	(15.0, 0.0)	(16.0, 0.0)	(17.0, 0.0)	(18.0, 0.0)	(19.0, 0.0)	(20.0, 0.0)	(21.0, 0.0)	(22.0, 0.0)	(23.0, 0.0)	(24.0, 0.0)	(25.0, 0.0)	(26.0, 0.0)	(27.0, 0.0)	(28.0, 0.0)	(29.0, 0.0)	(30.0, 0.0)	(31.0, 0.0)	(32.0, 0.0037964351473965935)	(33.0, 0.0028473263605474455)	(34.0, 0.0028473263605474455)	(35.0, 0.0)	(36.0, 0.0)	(37.0, 0.0)	(38.0, 0.0)	(39.0, 0.0)	(40.0, 0.008541979081642337)	(41.0, 0.008541979081642337)	(42.0, 0.02562593724492701)	(43.0, 0.0351170251134185)	(44.0, 0.04081167783451338)	(45.0, 0.07403048537423358)	(46.0, 0.27429243939940384)	(47.0, 1.6599912681991613)	(48.0, 8.638788177900958)	(49.0, 7.33661092234392)	(50.0, 5.416563846548085)	(51.0, 5.054004289971709)	(52.0, 7.328068943262283)	(53.0, 12.446612630739756)	(54.0, 17.343064862094472)	(55.0, 16.352195288623978)	(56.0, 7.3945065583417176)	(57.0, 2.2788101972248063)	(58.0, 1.9950266699569106)	(59.0, 1.795713824718589)	(60.0, 0.8788747366223115)	(61.0, 0.3824908411002068)	(62.0, 0.22873521763064475)	(63.0, 0.23442987035173965)	(64.0, 0.31700233480761564)	(65.0, 0.33218807539720185)	(66.0, 0.27049600425200726)	(67.0, 0.4337427155900608)	(68.0, 0.6102769499440024)	(69.0, 0.39008371139500003)	(70.0, 0.17938156071448907)	(71.0, 0.056946527210948915)	(72.0, 0.03986256904766424)	(73.0, 0.022778610884379564)	(74.0, 0.017083958163284674)	(75.0, 0.014236631802737229)	(76.0, 0.01993128452383212)	(77.0, 0.011389305442189782)	(78.0, 0.005694652721094891)	(79.0, 0.0028473263605474455)	(80.0, 0.0)	(81.0, 0.0028473263605474455)	(82.0, 0.0)	(83.0, 0.005694652721094891)	(84.0, 0.0028473263605474455)	(85.0, 0.0028473263605474455)	(86.0, 0.0028473263605474455)	(87.0, 0.0)	(88.0, 0.0)	(89.0, 0.0028473263605474455)	(90.0, 0.005694652721094891)	(91.0, 0.005694652721094891)	(92.0, 0.0)	(93.0, 0.0)	(94.0, 0.0)	(95.0, 0.0)	(96.0, 0.0)	(97.0, 0.0)	(98.0, 0.0)	(99.0, 0.0)	(100.0, 0.0037964351473965935)
676A0_S133_L001_R1_001	(0.0, 0.0)	(1.0, 0.0)	(2.0, 0.0)	(3.0, 0.0)	(4.0, 0.0)	(5.0, 0.0)	(6.0, 0.0)	(7.0, 0.0)	(8.0, 0.0)	(9.0, 0.0)	(10.0, 0.0)	(11.0, 0.0)	(12.0, 0.0)	(13.0, 0.0)	(14.0, 0.0)	(15.0, 0.0)	(16.0, 0.0)	(17.0, 0.0)	(18.0, 0.0)	(19.0, 0.0)	(20.0, 0.0)	(21.0, 0.0)	(22.0, 0.0)	(23.0, 0.0)	(24.0, 0.0)	(25.0, 0.0)	(26.0, 0.0)	(27.0, 0.0)	(28.0, 0.0)	(29.0, 0.0)	(30.0, 0.0)	(31.0, 0.0)	(32.0, 0.0)	(33.0, 0.0)	(34.0, 0.0)	(35.0, 0.0)	(36.0, 0.0)	(37.0, 0.0)	(38.0, 0.0)	(39.0, 0.0)	(40.0, 0.0)	(41.0, 0.0)	(42.0, 0.002370960476088868)	(43.0, 0.0)	(44.0, 0.004741920952177736)	(45.0, 0.004741920952177736)	(46.0, 0.03082248618915529)	(47.0, 0.14067698824793948)	(48.0, 0.4702404944242923)	(49.0, 2.5606373141759784)	(50.0, 12.231785096142469)	(51.0, 22.38977009586587)	(52.0, 17.903122554946922)	(53.0, 17.050367103713686)	(54.0, 12.44438121883177)	(55.0, 5.8270305300677405)	(56.0, 4.099390663157651)	(57.0, 1.7118334637361634)	(58.0, 0.8780456963115774)	(59.0, 0.7057559017157866)	(60.0, 0.37145047458725605)	(61.0, 0.22207996459365728)	(62.0, 0.06322561269570315)	(63.0, 0.07666105539354007)	(64.0, 0.09009649809137699)	(65.0, 0.09720937951964359)	(66.0, 0.4149180833155519)	(67.0, 0.1849349171349317)	(68.0, 0.02370960476088868)	(69.0, 0.0)	(70.0, 0.0)	(71.0, 0.0)	(72.0, 0.0)	(73.0, 0.0)	(74.0, 0.0)	(75.0, 0.0)	(76.0, 0.0)	(77.0, 0.0)	(78.0, 0.0)	(79.0, 0.0)	(80.0, 0.0)	(81.0, 0.0)	(82.0, 0.0)	(83.0, 0.0)	(84.0, 0.0)	(85.0, 0.0)	(86.0, 0.0)	(87.0, 0.0)	(88.0, 0.0)	(89.0, 0.0)	(90.0, 0.0)	(91.0, 0.0)	(92.0, 0.0)	(93.0, 0.0)	(94.0, 0.0)	(95.0, 0.0)	(96.0, 0.0)	(97.0, 0.0)	(98.0, 0.0)	(99.0, 0.0)	(100.0, 0.0)
676A0_S133_L001_R2_001	(0.0, 0.0)	(1.0, 0.0)	(2.0, 0.0)	(3.0, 0.0)	(4.0, 0.0)	(5.0, 0.0)	(6.0, 0.0)	(7.0, 0.0)	(8.0, 0.0)	(9.0, 0.0)	(10.0, 0.0)	(11.0, 0.0)	(12.0, 0.0)	(13.0, 0.0)	(14.0, 0.0)	(15.0, 0.0)	(16.0, 0.0)	(17.0, 0.0)	(18.0, 0.0)	(19.0, 0.0)	(20.0, 0.0)	(21.0, 0.0)	(22.0, 0.0)	(23.0, 0.0)	(24.0, 0.0)	(25.0, 0.0)	(26.0, 0.0)	(27.0, 0.0)	(28.0, 0.0)	(29.0, 0.0)	(30.0, 0.0)	(31.0, 0.0)	(32.0, 0.0)	(33.0, 0.0)	(34.0, 0.0)	(35.0, 0.0)	(36.0, 0.002372029033635372)	(37.0, 0.002372029033635372)	(38.0, 0.0)	(39.0, 0.0)	(40.0, 0.0)	(41.0, 0.002372029033635372)	(42.0, 0.009488116134541489)	(43.0, 0.016604203235447604)	(44.0, 0.02767367205907934)	(45.0, 0.0197669086136281)	(46.0, 0.0458592279836172)	(47.0, 0.10990401189177224)	(48.0, 0.2712019861789775)	(49.0, 0.5384505906352297)	(50.0, 1.02787924790866)	(51.0, 3.7185508483957124)	(52.0, 17.027215079779147)	(53.0, 27.64046365260855)	(54.0, 22.63943577336054)	(55.0, 12.536173442762935)	(56.0, 5.989373309929313)	(57.0, 3.5216724386039817)	(58.0, 1.6453974729984036)	(59.0, 0.7432357638724167)	(60.0, 0.28701551306988)	(61.0, 0.1968784097917359)	(62.0, 0.21269193668263836)	(63.0, 0.16525135600993093)	(64.0, 0.24748169584262375)	(65.0, 0.2000411151699164)	(66.0, 0.14785647642993818)	(67.0, 0.19134367537991998)	(68.0, 0.305991745338963)	(69.0, 0.23957493239717256)	(70.0, 0.10674130651359175)	(71.0, 0.04506855163907207)	(72.0, 0.016604203235447604)	(73.0, 0.009488116134541489)	(74.0, 0.021348261302718347)	(75.0, 0.01186014516817686)	(76.0, 0.004744058067270744)	(77.0, 0.002372029033635372)	(78.0, 0.007116087100906116)	(79.0, 0.014232174201812232)	(80.0, 0.01186014516817686)	(81.0, 0.0)	(82.0, 0.0)	(83.0, 0.002372029033635372)	(84.0, 0.002372029033635372)	(85.0, 0.002372029033635372)	(86.0, 0.0)	(87.0, 0.002372029033635372)	(88.0, 0.002372029033635372)	(89.0, 0.0)	(90.0, 0.0)	(91.0, 0.002372029033635372)	(92.0, 0.002372029033635372)	(93.0, 0.0)	(94.0, 0.0)	(95.0, 0.0)	(96.0, 0.0)	(97.0, 0.002372029033635372)	(98.0, 0.0)	(99.0, 0.0)	(100.0, 0.0)
676A14_S134_L001_R1_001	(0.0, 0.0)	(1.0, 0.0)	(2.0, 0.0)	(3.0, 0.0)	(4.0, 0.0)	(5.0, 0.0)	(6.0, 0.0)	(7.0, 0.0)	(8.0, 0.0)	(9.0, 0.0)	(10.0, 0.0)	(11.0, 0.0)	(12.0, 0.0)	(13.0, 0.0)	(14.0, 0.0)	(15.0, 0.0)	(16.0, 0.0)	(17.0, 0.0)	(18.0, 0.0)	(19.0, 0.0)	(20.0, 0.0)	(21.0, 0.0)	(22.0, 0.0)	(23.0, 0.0)	(24.0, 0.0)	(25.0, 0.0)	(26.0, 0.0)	(27.0, 0.0)	(28.0, 0.0)	(29.0, 0.0)	(30.0, 0.0)	(31.0, 0.0)	(32.0, 0.0)	(33.0, 0.0)	(34.0, 0.0)	(35.0, 0.0)	(36.0, 0.0)	(37.0, 0.0)	(38.0, 0.0)	(39.0, 0.0)	(40.0, 0.004490412968312655)	(41.0, 0.0022452064841563275)	(42.0, 0.007484021613854424)	(43.0, 0.007484021613854424)	(44.0, 0.004490412968312655)	(45.0, 0.00898082593662531)	(46.0, 0.04415572752174111)	(47.0, 0.1406996063404632)	(48.0, 0.27915400619677)	(49.0, 2.199553952311816)	(50.0, 9.150713227259812)	(51.0, 17.068059692556382)	(52.0, 16.663174123246847)	(53.0, 17.476687272672837)	(54.0, 15.26890089658579)	(55.0, 8.481641694981224)	(56.0, 6.380876827972286)	(57.0, 2.4195841877591375)	(58.0, 1.4563906060560718)	(59.0, 0.9684323968327614)	(60.0, 0.7858222694547146)	(61.0, 0.3322905596551365)	(62.0, 0.11226032420781637)	(63.0, 0.09429867233456576)	(64.0, 0.10776991123950372)	(65.0, 0.12872517175829612)	(66.0, 0.2409854959661125)	(67.0, 0.12198955230582713)	(68.0, 0.03592330374650124)	(69.0, 0.0)	(70.0, 0.0)	(71.0, 0.0)	(72.0, 0.004490412968312655)	(73.0, 0.0)	(74.0, 0.0)	(75.0, 0.0022452064841563275)	(76.0, 0.0)	(77.0, 0.0)	(78.0, 0.0)	(79.0, 0.0)	(80.0, 0.0)	(81.0, 0.0)	(82.0, 0.0)	(83.0, 0.0)	(84.0, 0.0)	(85.0, 0.0)	(86.0, 0.0)	(87.0, 0.0)	(88.0, 0.0)	(89.0, 0.0)	(90.0, 0.0)	(91.0, 0.0)	(92.0, 0.0)	(93.0, 0.0)	(94.0, 0.0)	(95.0, 0.0)	(96.0, 0.0)	(97.0, 0.0)	(98.0, 0.0)	(99.0, 0.0)	(100.0, 0.0)
676A14_S134_L001_R2_001	(0.0, 0.0)	(1.0, 0.0)	(2.0, 0.0)	(3.0, 0.0)	(4.0, 0.0)	(5.0, 0.0)	(6.0, 0.0)	(7.0, 0.0)	(8.0, 0.0)	(9.0, 0.0)	(10.0, 0.0)	(11.0, 0.0)	(12.0, 0.0)	(13.0, 0.0)	(14.0, 0.0)	(15.0, 0.0)	(16.0, 0.0)	(17.0, 0.0)	(18.0, 0.0)	(19.0, 0.0)	(20.0, 0.0)	(21.0, 0.0)	(22.0, 0.0)	(23.0, 0.0)	(24.0, 0.0)	(25.0, 0.0)	(26.0, 0.0)	(27.0, 0.0)	(28.0, 0.0)	(29.0, 0.0)	(30.0, 0.0)	(31.0, 0.0)	(32.0, 0.0)	(33.0, 0.0)	(34.0, 0.0)	(35.0, 0.002230135071847519)	(36.0, 0.002230135071847519)	(37.0, 0.006690405215542558)	(38.0, 0.0)	(39.0, 0.002230135071847519)	(40.0, 0.005203648500977544)	(41.0, 0.009663918644672583)	(42.0, 0.0)	(43.0, 0.01412418878836762)	(44.0, 0.013380810431085115)	(45.0, 0.017841080574780153)	(46.0, 0.027504999219452736)	(47.0, 0.0832583760156407)	(48.0, 0.25943904669159473)	(49.0, 0.5887556589677452)	(50.0, 1.1678473992908156)	(51.0, 3.7228388132707813)	(52.0, 15.200600649712609)	(53.0, 24.675701191635564)	(54.0, 22.128143561228374)	(55.0, 13.90340541625471)	(56.0, 8.136276120457035)	(57.0, 4.777692702254669)	(58.0, 1.977386430371468)	(59.0, 0.7463518707116362)	(60.0, 0.4081147181480961)	(61.0, 0.29958147798485)	(62.0, 0.2237568855420344)	(63.0, 0.2557221549051822)	(64.0, 0.18807472439247414)	(65.0, 0.18064094081964907)	(66.0, 0.1598263468157389)	(67.0, 0.21706648032649187)	(68.0, 0.24605823626050963)	(69.0, 0.13009121252443862)	(70.0, 0.05352324172434046)	(71.0, 0.02676162086217023)	(72.0, 0.015610945502932634)	(73.0, 0.008920540287390076)	(74.0, 0.011150675359237597)	(75.0, 0.011150675359237597)	(76.0, 0.002230135071847519)	(77.0, 0.006690405215542558)	(78.0, 0.015610945502932634)	(79.0, 0.011150675359237597)	(80.0, 0.006690405215542558)	(81.0, 0.004460270143695038)	(82.0, 0.004460270143695038)	(83.0, 0.0)	(84.0, 0.004460270143695038)	(85.0, 0.006690405215542558)	(86.0, 0.002230135071847519)	(87.0, 0.002230135071847519)	(88.0, 0.004460270143695038)	(89.0, 0.002230135071847519)	(90.0, 0.002230135071847519)	(91.0, 0.006690405215542558)	(92.0, 0.002230135071847519)	(93.0, 0.0)	(94.0, 0.0)	(95.0, 0.0)	(96.0, 0.0)	(97.0, 0.004460270143695038)	(98.0, 0.0)	(99.0, 0.0)	(100.0, 0.005947026858260051)
676B0_S135_L001_R1_001	(0.0, 0.0)	(1.0, 0.0)	(2.0, 0.0)	(3.0, 0.0)	(4.0, 0.0)	(5.0, 0.0)	(6.0, 0.0)	(7.0, 0.0)	(8.0, 0.0)	(9.0, 0.0)	(10.0, 0.0)	(11.0, 0.0)	(12.0, 0.0)	(13.0, 0.0)	(14.0, 0.0)	(15.0, 0.0)	(16.0, 0.0)	(17.0, 0.0)	(18.0, 0.0)	(19.0, 0.0)	(20.0, 0.0)	(21.0, 0.0)	(22.0, 0.0)	(23.0, 0.0)	(24.0, 0.0)	(25.0, 0.0)	(26.0, 0.0)	(27.0, 0.0)	(28.0, 0.0)	(29.0, 0.0)	(30.0, 0.0)	(31.0, 0.0)	(32.0, 0.0)	(33.0, 0.0)	(34.0, 0.0)	(35.0, 0.0)	(36.0, 0.0)	(37.0, 0.0)	(38.0, 0.0)	(39.0, 0.0)	(40.0, 0.001960874026916265)	(41.0, 0.001960874026916265)	(42.0, 0.001960874026916265)	(43.0, 0.001960874026916265)	(44.0, 0.00392174805383253)	(45.0, 0.001960874026916265)	(46.0, 0.029413110403743975)	(47.0, 0.07908858575228934)	(48.0, 0.2287686364735642)	(49.0, 2.2543515062780655)	(50.0, 12.10055362010026)	(51.0, 21.31273979855291)	(52.0, 17.438706346041954)	(53.0, 15.824907021889864)	(54.0, 11.641709097801858)	(55.0, 6.462387168040375)	(56.0, 6.094396475655757)	(57.0, 2.0726438464504926)	(58.0, 1.077827090128307)	(59.0, 0.8183380938997207)	(60.0, 0.5640780950762455)	(61.0, 0.3281195871706551)	(62.0, 0.12157418966880842)	(63.0, 0.12026694031753091)	(64.0, 0.1536017987751074)	(65.0, 0.24314837933761685)	(66.0, 0.7725843666050084)	(67.0, 0.20197002477237527)	(68.0, 0.03137398443066024)	(69.0, 0.009804370134581323)	(70.0, 0.00392174805383253)	(71.0, 0.0)	(72.0, 0.0)	(73.0, 0.0)	(74.0, 0.0)	(75.0, 0.0)	(76.0, 0.0)	(77.0, 0.0)	(78.0, 0.0)	(79.0, 0.0)	(80.0, 0.0)	(81.0, 0.0)	(82.0, 0.0)	(83.0, 0.0)	(84.0, 0.0)	(85.0, 0.0)	(86.0, 0.0)	(87.0, 0.0)	(88.0, 0.0)	(89.0, 0.0)	(90.0, 0.0)	(91.0, 0.0)	(92.0, 0.0)	(93.0, 0.0)	(94.0, 0.0)	(95.0, 0.0)	(96.0, 0.0)	(97.0, 0.0)	(98.0, 0.0)	(99.0, 0.0)	(100.0, 0.0)
676B0_S135_L001_R2_001	(0.0, 0.0)	(1.0, 0.0)	(2.0, 0.0)	(3.0, 0.0)	(4.0, 0.0)	(5.0, 0.0)	(6.0, 0.0)	(7.0, 0.0)	(8.0, 0.0)	(9.0, 0.0)	(10.0, 0.0)	(11.0, 0.0)	(12.0, 0.0)	(13.0, 0.0)	(14.0, 0.0)	(15.0, 0.0)	(16.0, 0.0)	(17.0, 0.0)	(18.0, 0.0)	(19.0, 0.0)	(20.0, 0.0)	(21.0, 0.0)	(22.0, 0.0)	(23.0, 0.0)	(24.0, 0.0)	(25.0, 0.0)	(26.0, 0.0)	(27.0, 0.0)	(28.0, 0.0)	(29.0, 0.0)	(30.0, 0.0)	(31.0, 0.0)	(32.0, 0.0)	(33.0, 0.0)	(34.0, 0.001954270080125071)	(35.0, 0.003908540160250142)	(36.0, 0.001954270080125071)	(37.0, 0.001954270080125071)	(38.0, 0.0)	(39.0, 0.005211386880333523)	(40.0, 0.004559963520291833)	(41.0, 0.008468503680541976)	(42.0, 0.005862810240375214)	(43.0, 0.023451240961500856)	(44.0, 0.018239854081167333)	(45.0, 0.020194124161292404)	(46.0, 0.0475539052830434)	(47.0, 0.07621653312487778)	(48.0, 0.1850042342518401)	(49.0, 0.3634942349032634)	(50.0, 0.8305647840531545)	(51.0, 3.8909517295290046)	(52.0, 18.903003061689745)	(53.0, 25.575532538596928)	(54.0, 20.681388834603613)	(55.0, 12.19269102990031)	(56.0, 6.893361995961171)	(57.0, 4.419256074522828)	(58.0, 1.829196794997067)	(59.0, 0.6761774477232746)	(60.0, 0.300957592339261)	(61.0, 0.20910689857338263)	(62.0, 0.2045469350530908)	(63.0, 0.27229496449742663)	(64.0, 0.28076346817796866)	(65.0, 0.2801120448179269)	(66.0, 0.2299524460947167)	(67.0, 0.3687056217835968)	(68.0, 0.5185329945931857)	(69.0, 0.33483160706142884)	(70.0, 0.14070744576900512)	(71.0, 0.04299394176275157)	(72.0, 0.03126832128200114)	(73.0, 0.013679890560875499)	(74.0, 0.011725620480750428)	(75.0, 0.01758843072112564)	(76.0, 0.013679890560875499)	(77.0, 0.003908540160250142)	(78.0, 0.012377043840792117)	(79.0, 0.004559963520291833)	(80.0, 0.005862810240375214)	(81.0, 0.005862810240375214)	(82.0, 0.001954270080125071)	(83.0, 0.003908540160250142)	(84.0, 0.007817080320500285)	(85.0, 0.005862810240375214)	(86.0, 0.005862810240375214)	(87.0, 0.0)	(88.0, 0.001954270080125071)	(89.0, 0.001954270080125071)	(90.0, 0.0)	(91.0, 0.0)	(92.0, 0.0)	(93.0, 0.0)	(94.0, 0.001954270080125071)	(95.0, 0.001954270080125071)	(96.0, 0.0)	(97.0, 0.0)	(98.0, 0.0)	(99.0, 0.0)	(100.0, 0.0026056934401667616)
676B14_S136_L001_R1_001	(0.0, 0.0)	(1.0, 0.0)	(2.0, 0.0)	(3.0, 0.0)	(4.0, 0.0)	(5.0, 0.0)	(6.0, 0.0)	(7.0, 0.0)	(8.0, 0.0)	(9.0, 0.0)	(10.0, 0.0)	(11.0, 0.0)	(12.0, 0.0)	(13.0, 0.0)	(14.0, 0.0)	(15.0, 0.0)	(16.0, 0.0)	(17.0, 0.0)	(18.0, 0.0)	(19.0, 0.0)	(20.0, 0.0)	(21.0, 0.0)	(22.0, 0.0)	(23.0, 0.0)	(24.0, 0.0)	(25.0, 0.0)	(26.0, 0.0)	(27.0, 0.0)	(28.0, 0.0)	(29.0, 0.0)	(30.0, 0.0)	(31.0, 0.0)	(32.0, 0.0)	(33.0, 0.0)	(34.0, 0.0)	(35.0, 0.0)	(36.0, 0.0)	(37.0, 0.0)	(38.0, 0.0)	(39.0, 0.0019117900089854144)	(40.0, 0.0019117900089854144)	(41.0, 0.0019117900089854144)	(42.0, 0.011470740053912487)	(43.0, 0.013382530062897902)	(44.0, 0.027402323462124276)	(45.0, 0.02995137680743816)	(46.0, 0.07328528367777423)	(47.0, 0.14147246066492067)	(48.0, 0.2867685013478122)	(49.0, 1.5976191841754785)	(50.0, 5.736007290292575)	(51.0, 14.045283932679492)	(52.0, 14.820196149654894)	(53.0, 17.138560167217893)	(54.0, 17.02831361003308)	(55.0, 8.69800727754731)	(56.0, 8.483249533204619)	(57.0, 3.6381363870992383)	(58.0, 2.6631234825166814)	(59.0, 1.661345517808328)	(60.0, 1.1859470689072857)	(61.0, 0.6659401864632528)	(62.0, 0.22431669438762197)	(63.0, 0.24279733114114765)	(64.0, 0.24088554113216223)	(65.0, 0.30652366477399484)	(66.0, 0.7742749536390929)	(67.0, 0.22559122106027893)	(68.0, 0.03058864014376663)	(69.0, 0.0019117900089854144)	(70.0, 0.0019117900089854144)	(71.0, 0.0)	(72.0, 0.0)	(73.0, 0.0)	(74.0, 0.0)	(75.0, 0.0)	(76.0, 0.0)	(77.0, 0.0)	(78.0, 0.0)	(79.0, 0.0)	(80.0, 0.0)	(81.0, 0.0)	(82.0, 0.0)	(83.0, 0.0)	(84.0, 0.0)	(85.0, 0.0)	(86.0, 0.0)	(87.0, 0.0)	(88.0, 0.0)	(89.0, 0.0)	(90.0, 0.0)	(91.0, 0.0)	(92.0, 0.0)	(93.0, 0.0)	(94.0, 0.0)	(95.0, 0.0)	(96.0, 0.0)	(97.0, 0.0)	(98.0, 0.0)	(99.0, 0.0)	(100.0, 0.0)
676B14_S136_L001_R2_001	(0.0, 0.0)	(1.0, 0.0)	(2.0, 0.0)	(3.0, 0.0)	(4.0, 0.0)	(5.0, 0.0)	(6.0, 0.0)	(7.0, 0.0)	(8.0, 0.0)	(9.0, 0.0)	(10.0, 0.0)	(11.0, 0.0)	(12.0, 0.0)	(13.0, 0.0)	(14.0, 0.0)	(15.0, 0.0)	(16.0, 0.0)	(17.0, 0.0)	(18.0, 0.0)	(19.0, 0.0)	(20.0, 0.0)	(21.0, 0.0)	(22.0, 0.0)	(23.0, 0.0)	(24.0, 0.0)	(25.0, 0.0)	(26.0, 0.0)	(27.0, 0.0)	(28.0, 0.0)	(29.0, 0.0)	(30.0, 0.0)	(31.0, 0.0)	(32.0, 0.0)	(33.0, 0.0)	(34.0, 0.0)	(35.0, 0.0)	(36.0, 0.0018808305747818235)	(37.0, 0.003761661149563647)	(38.0, 0.0043886046744909205)	(39.0, 0.0043886046744909205)	(40.0, 0.0018808305747818235)	(41.0, 0.0)	(42.0, 0.011911926973618214)	(43.0, 0.020689136322600058)	(44.0, 0.03260106329621828)	(45.0, 0.03134717624636372)	(46.0, 0.07209850536663656)	(47.0, 0.12789647908516402)	(48.0, 0.35547697863376476)	(49.0, 0.7792908014846018)	(50.0, 1.287115056675696)	(51.0, 3.6757698866485944)	(52.0, 11.21601966094889)	(53.0, 19.53932189788345)	(54.0, 22.14239141338156)	(55.0, 16.064800882736467)	(56.0, 9.686904403651317)	(57.0, 6.295766877319692)	(58.0, 2.992401444477881)	(59.0, 1.3335088775203128)	(60.0, 0.49152372354298324)	(61.0, 0.358611696258401)	(62.0, 0.3059484401645099)	(63.0, 0.404378573578092)	(64.0, 0.4106480088273648)	(65.0, 0.351715317484201)	(66.0, 0.32977229411174636)	(67.0, 0.45139933794763765)	(68.0, 0.5818035911325108)	(69.0, 0.34983448690941915)	(70.0, 0.127896479085164)	(71.0, 0.041378272645200116)	(72.0, 0.028212458621727353)	(73.0, 0.015046644598254588)	(74.0, 0.007523322299127294)	(75.0, 0.0018808305747818235)	(76.0, 0.009404152873909118)	(77.0, 0.00564249172434547)	(78.0, 0.00564249172434547)	(79.0, 0.007523322299127294)	(80.0, 0.003761661149563647)	(81.0, 0.003761661149563647)	(82.0, 0.0018808305747818235)	(83.0, 0.0)	(84.0, 0.0018808305747818235)	(85.0, 0.0018808305747818235)	(86.0, 0.0018808305747818235)	(87.0, 0.0018808305747818235)	(88.0, 0.0018808305747818235)	(89.0, 0.0)	(90.0, 0.0)	(91.0, 0.0)	(92.0, 0.0018808305747818235)	(93.0, 0.0018808305747818235)	(94.0, 0.0)	(95.0, 0.0)	(96.0, 0.0)	(97.0, 0.003761661149563647)	(98.0, 0.0018808305747818235)	(99.0, 0.0018808305747818235)	(100.0, 0.0025077740997090977)
678A0_S141_L001_R1_001	(0.0, 0.0)	(1.0, 0.0)	(2.0, 0.0)	(3.0, 0.0)	(4.0, 0.0)	(5.0, 0.0)	(6.0, 0.0)	(7.0, 0.0)	(8.0, 0.0)	(9.0, 0.0)	(10.0, 0.0)	(11.0, 0.0)	(12.0, 0.0)	(13.0, 0.0)	(14.0, 0.0)	(15.0, 0.0)	(16.0, 0.0)	(17.0, 0.0)	(18.0, 0.0)	(19.0, 0.0)	(20.0, 0.0)	(21.0, 0.0)	(22.0, 0.0)	(23.0, 0.0)	(24.0, 0.0)	(25.0, 0.0)	(26.0, 0.0)	(27.0, 0.0)	(28.0, 0.0)	(29.0, 0.0)	(30.0, 0.0)	(31.0, 0.0)	(32.0, 0.0)	(33.0, 0.0)	(34.0, 0.0)	(35.0, 0.0)	(36.0, 0.0)	(37.0, 0.0)	(38.0, 0.0022156573116691282)	(39.0, 0.0)	(40.0, 0.0022156573116691282)	(41.0, 0.0044313146233382564)	(42.0, 0.0022156573116691282)	(43.0, 0.0044313146233382564)	(44.0, 0.0044313146233382564)	(45.0, 0.0044313146233382564)	(46.0, 0.051698670605613)	(47.0, 0.2488921713441654)	(48.0, 0.5125553914327918)	(49.0, 2.58493353028065)	(50.0, 10.38109305760709)	(51.0, 19.263663220088624)	(52.0, 14.265878877400292)	(53.0, 14.23559822747415)	(54.0, 13.476366322008856)	(55.0, 8.455686853766622)	(56.0, 6.460118168389956)	(57.0, 2.443870014771049)	(58.0, 1.4874446085672086)	(59.0, 2.672821270310192)	(60.0, 1.245937961595273)	(61.0, 0.4098966026587887)	(62.0, 0.22008862629246678)	(63.0, 0.3685376661742983)	(64.0, 0.20827178729689805)	(65.0, 0.2326440177252585)	(66.0, 0.5568685376661743)	(67.0, 0.1395864106351551)	(68.0, 0.015509601181683898)	(69.0, 0.022156573116691284)	(70.0, 0.011078286558345642)	(71.0, 0.0044313146233382564)	(72.0, 0.0)	(73.0, 0.0)	(74.0, 0.0)	(75.0, 0.0)	(76.0, 0.0)	(77.0, 0.0)	(78.0, 0.0)	(79.0, 0.0)	(80.0, 0.0)	(81.0, 0.0)	(82.0, 0.0)	(83.0, 0.0)	(84.0, 0.0)	(85.0, 0.0)	(86.0, 0.0)	(87.0, 0.0)	(88.0, 0.0)	(89.0, 0.0)	(90.0, 0.0)	(91.0, 0.0)	(92.0, 0.0)	(93.0, 0.0)	(94.0, 0.0)	(95.0, 0.0)	(96.0, 0.0)	(97.0, 0.0)	(98.0, 0.0)	(99.0, 0.0)	(100.0, 0.0)
678A0_S141_L001_R2_001	(0.0, 0.0)	(1.0, 0.0)	(2.0, 0.0)	(3.0, 0.0)	(4.0, 0.0)	(5.0, 0.0)	(6.0, 0.0)	(7.0, 0.0)	(8.0, 0.0)	(9.0, 0.0)	(10.0, 0.0)	(11.0, 0.0)	(12.0, 0.0)	(13.0, 0.0)	(14.0, 0.0)	(15.0, 0.0)	(16.0, 0.0)	(17.0, 0.0)	(18.0, 0.0)	(19.0, 0.0)	(20.0, 0.0)	(21.0, 0.0)	(22.0, 0.0)	(23.0, 0.0)	(24.0, 0.0)	(25.0, 0.0)	(26.0, 0.0)	(27.0, 0.0)	(28.0, 0.0)	(29.0, 0.0)	(30.0, 0.0)	(31.0, 0.0)	(32.0, 0.0)	(33.0, 0.0)	(34.0, 0.0)	(35.0, 0.0)	(36.0, 0.00219545394669438)	(37.0, 0.00219545394669438)	(38.0, 0.00292727192892584)	(39.0, 0.0)	(40.0, 0.005122725875620219)	(41.0, 0.0)	(42.0, 0.010977269733471899)	(43.0, 0.010977269733471899)	(44.0, 0.01609999560909212)	(45.0, 0.02341817543140672)	(46.0, 0.04683635086281344)	(47.0, 0.12733632890827407)	(48.0, 0.44567715117895923)	(49.0, 0.6505861862037681)	(50.0, 1.42338597544019)	(51.0, 4.568739663070992)	(52.0, 15.935336563089958)	(53.0, 25.785606603925547)	(54.0, 18.830408500797667)	(55.0, 13.459596329201002)	(56.0, 6.398284618649658)	(57.0, 2.6177129224419327)	(58.0, 2.182281223014215)	(59.0, 2.269367562899759)	(60.0, 1.3275178197678685)	(61.0, 0.5613043923715297)	(62.0, 0.3461499055954806)	(63.0, 0.34980899550663785)	(64.0, 0.3432226336665547)	(65.0, 0.4193317038186266)	(66.0, 0.37542262488473904)	(67.0, 0.38054535076035917)	(68.0, 0.45006805907234787)	(69.0, 0.32053627621737946)	(70.0, 0.12514087496157966)	(71.0, 0.05927725656074826)	(72.0, 0.03073635525372132)	(73.0, 0.00878181578677752)	(74.0, 0.00878181578677752)	(75.0, 0.010977269733471899)	(76.0, 0.00878181578677752)	(77.0, 0.010977269733471899)	(78.0, 0.00439090789338876)	(79.0, 0.00658636184008314)	(80.0, 0.00439090789338876)	(81.0, 0.00439090789338876)	(82.0, 0.0)	(83.0, 0.0)	(84.0, 0.00219545394669438)	(85.0, 0.00658636184008314)	(86.0, 0.00219545394669438)	(87.0, 0.0)	(88.0, 0.0)	(89.0, 0.0)	(90.0, 0.0)	(91.0, 0.0)	(92.0, 0.0)	(93.0, 0.0)	(94.0, 0.00439090789338876)	(95.0, 0.00219545394669438)	(96.0, 0.0)	(97.0, 0.0)	(98.0, 0.00219545394669438)	(99.0, 0.00219545394669438)	(100.0, 0.00585454385785168)
678A14_S142_L001_R1_001	(0.0, 0.0)	(1.0, 0.0)	(2.0, 0.0)	(3.0, 0.0)	(4.0, 0.0)	(5.0, 0.0)	(6.0, 0.0)	(7.0, 0.0)	(8.0, 0.0)	(9.0, 0.0)	(10.0, 0.0)	(11.0, 0.0)	(12.0, 0.0)	(13.0, 0.0)	(14.0, 0.0)	(15.0, 0.0)	(16.0, 0.0)	(17.0, 0.0)	(18.0, 0.0)	(19.0, 0.0)	(20.0, 0.0)	(21.0, 0.0)	(22.0, 0.0)	(23.0, 0.0)	(24.0, 0.0)	(25.0, 0.0)	(26.0, 0.0)	(27.0, 0.0)	(28.0, 0.0)	(29.0, 0.0)	(30.0, 0.0)	(31.0, 0.0)	(32.0, 0.0)	(33.0, 0.0)	(34.0, 0.0)	(35.0, 0.0)	(36.0, 0.0)	(37.0, 0.0)	(38.0, 0.0)	(39.0, 0.0)	(40.0, 0.0)	(41.0, 0.004219053244451945)	(42.0, 0.004219053244451945)	(43.0, 0.010547633111129863)	(44.0, 0.00843810648890389)	(45.0, 0.012657159733355834)	(46.0, 0.1371192304446882)	(47.0, 0.7376311422383484)	(48.0, 0.9359266447275897)	(49.0, 2.8492672910865475)	(50.0, 8.708829072089559)	(51.0, 16.885354259837424)	(52.0, 13.731611959609594)	(53.0, 14.157736337299239)	(54.0, 13.73583101285405)	(55.0, 8.407869940651986)	(56.0, 6.306078249374177)	(57.0, 3.033499282760949)	(58.0, 2.1144488510111685)	(59.0, 4.164908727814806)	(60.0, 1.8155992461958208)	(61.0, 0.5203499001490732)	(62.0, 0.2531431946671167)	(63.0, 0.3375242595561556)	(64.0, 0.1772002362669817)	(65.0, 0.1750907096447557)	(66.0, 0.5976992096306923)	(67.0, 0.12446207071133238)	(68.0, 0.00843810648890389)	(69.0, 0.0232047928444857)	(70.0, 0.021095266222259726)	(71.0, 0.0)	(72.0, 0.0)	(73.0, 0.0)	(74.0, 0.0)	(75.0, 0.0)	(76.0, 0.0)	(77.0, 0.0)	(78.0, 0.0)	(79.0, 0.0)	(80.0, 0.0)	(81.0, 0.0)	(82.0, 0.0)	(83.0, 0.0)	(84.0, 0.0)	(85.0, 0.0)	(86.0, 0.0)	(87.0, 0.0)	(88.0, 0.0)	(89.0, 0.0)	(90.0, 0.0)	(91.0, 0.0)	(92.0, 0.0)	(93.0, 0.0)	(94.0, 0.0)	(95.0, 0.0)	(96.0, 0.0)	(97.0, 0.0)	(98.0, 0.0)	(99.0, 0.0)	(100.0, 0.0)
678A14_S142_L001_R2_001	(0.0, 0.0)	(1.0, 0.0)	(2.0, 0.0)	(3.0, 0.0)	(4.0, 0.0)	(5.0, 0.0)	(6.0, 0.0)	(7.0, 0.0)	(8.0, 0.0)	(9.0, 0.0)	(10.0, 0.0)	(11.0, 0.0)	(12.0, 0.0)	(13.0, 0.0)	(14.0, 0.0)	(15.0, 0.0)	(16.0, 0.0)	(17.0, 0.0)	(18.0, 0.0)	(19.0, 0.0)	(20.0, 0.0)	(21.0, 0.0)	(22.0, 0.0)	(23.0, 0.0)	(24.0, 0.0)	(25.0, 0.0)	(26.0, 0.0)	(27.0, 0.0)	(28.0, 0.0)	(29.0, 0.0)	(30.0, 0.0)	(31.0, 0.002094913549900842)	(32.0, 0.0)	(33.0, 0.002094913549900842)	(34.0, 0.0)	(35.0, 0.0)	(36.0, 0.008379654199603369)	(37.0, 0.002094913549900842)	(38.0, 0.002094913549900842)	(39.0, 0.0)	(40.0, 0.002094913549900842)	(41.0, 0.004189827099801684)	(42.0, 0.004189827099801684)	(43.0, 0.006284740649702527)	(44.0, 0.010474567749504211)	(45.0, 0.011172872266137824)	(46.0, 0.04678640261445214)	(47.0, 0.20390491885701523)	(48.0, 0.8798636909583534)	(49.0, 1.1389346666294236)	(50.0, 1.7059579341359221)	(51.0, 4.623474204631152)	(52.0, 15.48909248345012)	(53.0, 23.873634814670048)	(54.0, 17.390575682243497)	(55.0, 13.232172285690346)	(56.0, 5.963520572051065)	(57.0, 2.898662048546131)	(58.0, 3.1954414681154146)	(59.0, 3.4691768386357915)	(60.0, 1.807910393564427)	(61.0, 0.718555347615989)	(62.0, 0.38406748414848774)	(63.0, 0.3714980028490827)	(64.0, 0.31912516410156166)	(65.0, 0.3728946118823499)	(66.0, 0.33099634088433305)	(67.0, 0.41479288288036675)	(68.0, 0.4545962403284827)	(69.0, 0.29817602860255316)	(70.0, 0.13058294461048583)	(71.0, 0.06913214714672779)	(72.0, 0.023044049048909263)	(73.0, 0.010474567749504211)	(74.0, 0.016759308399206738)	(75.0, 0.008379654199603369)	(76.0, 0.0)	(77.0, 0.008379654199603369)	(78.0, 0.012569481299405053)	(79.0, 0.004189827099801684)	(80.0, 0.016759308399206738)	(81.0, 0.006284740649702527)	(82.0, 0.006284740649702527)	(83.0, 0.008379654199603369)	(84.0, 0.008379654199603369)	(85.0, 0.006284740649702527)	(86.0, 0.002094913549900842)	(87.0, 0.0)	(88.0, 0.002094913549900842)	(89.0, 0.004189827099801684)	(90.0, 0.002094913549900842)	(91.0, 0.0)	(92.0, 0.002094913549900842)	(93.0, 0.004189827099801684)	(94.0, 0.004189827099801684)	(95.0, 0.002094913549900842)	(96.0, 0.0)	(97.0, 0.002094913549900842)	(98.0, 0.0)	(99.0, 0.0)	(100.0, 0.0)
678B0_S143_L001_R1_001	(0.0, 0.0)	(1.0, 0.0)	(2.0, 0.0)	(3.0, 0.0)	(4.0, 0.0)	(5.0, 0.0)	(6.0, 0.0)	(7.0, 0.0)	(8.0, 0.0)	(9.0, 0.0)	(10.0, 0.0)	(11.0, 0.0)	(12.0, 0.0)	(13.0, 0.0)	(14.0, 0.0)	(15.0, 0.0)	(16.0, 0.0)	(17.0, 0.0)	(18.0, 0.0)	(19.0, 0.0)	(20.0, 0.0)	(21.0, 0.0)	(22.0, 0.0)	(23.0, 0.0)	(24.0, 0.0)	(25.0, 0.0)	(26.0, 0.0)	(27.0, 0.0)	(28.0, 0.0)	(29.0, 0.0)	(30.0, 0.0)	(31.0, 0.0)	(32.0, 0.0)	(33.0, 0.0)	(34.0, 0.0)	(35.0, 0.0)	(36.0, 0.0)	(37.0, 0.0)	(38.0, 0.0)	(39.0, 0.0)	(40.0, 0.0)	(41.0, 0.0)	(42.0, 0.0017370158068438423)	(43.0, 0.0)	(44.0, 0.0017370158068438423)	(45.0, 0.008685079034219213)	(46.0, 0.04400440044004401)	(47.0, 0.21944299693127206)	(48.0, 0.42383185686989755)	(49.0, 1.9379306351687806)	(50.0, 6.9144809217763905)	(51.0, 17.399108331885817)	(52.0, 13.251693590411668)	(53.0, 11.927508540327716)	(54.0, 12.896184355277624)	(55.0, 7.20572057205721)	(56.0, 6.484859012217016)	(57.0, 3.196688089861614)	(58.0, 2.3536564182734048)	(59.0, 6.417694401019067)	(60.0, 3.334491343871228)	(61.0, 0.9906780151699379)	(62.0, 0.6270627062706271)	(63.0, 0.7405477389844247)	(64.0, 0.429621909559377)	(65.0, 0.6340107694980024)	(66.0, 2.0097272885183255)	(67.0, 0.48115337849574435)	(68.0, 0.03474031613687685)	(69.0, 0.017370158068438425)	(70.0, 0.013896126454750739)	(71.0, 0.0017370158068438423)	(72.0, 0.0)	(73.0, 0.0)	(74.0, 0.0)	(75.0, 0.0)	(76.0, 0.0)	(77.0, 0.0)	(78.0, 0.0)	(79.0, 0.0)	(80.0, 0.0)	(81.0, 0.0)	(82.0, 0.0)	(83.0, 0.0)	(84.0, 0.0)	(85.0, 0.0)	(86.0, 0.0)	(87.0, 0.0)	(88.0, 0.0)	(89.0, 0.0)	(90.0, 0.0)	(91.0, 0.0)	(92.0, 0.0)	(93.0, 0.0)	(94.0, 0.0)	(95.0, 0.0)	(96.0, 0.0)	(97.0, 0.0)	(98.0, 0.0)	(99.0, 0.0)	(100.0, 0.0)
678B0_S143_L001_R2_001	(0.0, 0.0)	(1.0, 0.0)	(2.0, 0.0)	(3.0, 0.0)	(4.0, 0.0)	(5.0, 0.0)	(6.0, 0.0)	(7.0, 0.0)	(8.0, 0.0)	(9.0, 0.0)	(10.0, 0.0)	(11.0, 0.0)	(12.0, 0.0)	(13.0, 0.0)	(14.0, 0.0)	(15.0, 0.0)	(16.0, 0.0)	(17.0, 0.0)	(18.0, 0.0)	(19.0, 0.0)	(20.0, 0.0)	(21.0, 0.0)	(22.0, 0.0)	(23.0, 0.0)	(24.0, 0.0)	(25.0, 0.0)	(26.0, 0.0)	(27.0, 0.0)	(28.0, 0.0)	(29.0, 0.0)	(30.0, 0.0)	(31.0, 0.0)	(32.0, 0.0)	(33.0, 0.0)	(34.0, 0.0)	(35.0, 0.0)	(36.0, 0.0)	(37.0, 0.0017184492713775092)	(38.0, 0.0017184492713775092)	(39.0, 0.005155347814132526)	(40.0, 0.0)	(41.0, 0.0034368985427550183)	(42.0, 0.0017184492713775092)	(43.0, 0.009165062780680048)	(44.0, 0.0057281642379250295)	(45.0, 0.007446613509302538)	(46.0, 0.029786454037210152)	(47.0, 0.096805975620933)	(48.0, 0.3488452020896344)	(49.0, 0.603748510677298)	(50.0, 1.161098891027404)	(51.0, 3.4208596828888176)	(52.0, 12.99319494088526)	(53.0, 23.01175419301632)	(54.0, 17.440541655210342)	(55.0, 12.117358628906603)	(56.0, 5.6164650352854935)	(57.0, 3.009004674182015)	(58.0, 4.179268627990103)	(59.0, 5.114105031619474)	(60.0, 2.584547704151773)	(61.0, 0.9772248189900098)	(62.0, 0.5401658876363302)	(63.0, 0.47486481532398506)	(64.0, 0.5573503803501054)	(65.0, 0.7698652735771231)	(66.0, 0.8282925488039586)	(67.0, 1.1278755384474384)	(68.0, 1.3718953349830445)	(69.0, 0.8557877371459995)	(70.0, 0.36144716341306937)	(71.0, 0.13747594171020072)	(72.0, 0.04811657959857025)	(73.0, 0.027495188342040146)	(74.0, 0.020621391256530106)	(75.0, 0.022339840527907617)	(76.0, 0.01718449271377509)	(77.0, 0.010310695628265053)	(78.0, 0.010310695628265053)	(79.0, 0.013747594171020073)	(80.0, 0.010310695628265053)	(81.0, 0.008592246356887545)	(82.0, 0.0057281642379250295)	(83.0, 0.0034368985427550183)	(84.0, 0.006873797085510037)	(85.0, 0.008592246356887545)	(86.0, 0.0034368985427550183)	(87.0, 0.006873797085510037)	(88.0, 0.0017184492713775092)	(89.0, 0.0017184492713775092)	(90.0, 0.0)	(91.0, 0.0017184492713775092)	(92.0, 0.0017184492713775092)	(93.0, 0.0017184492713775092)	(94.0, 0.0017184492713775092)	(95.0, 0.0)	(96.0, 0.0)	(97.0, 0.0)	(98.0, 0.0)	(99.0, 0.0)	(100.0, 0.0)
678B14_S144_L001_R1_001	(0.0, 0.0)	(1.0, 0.0)	(2.0, 0.0)	(3.0, 0.0)	(4.0, 0.0)	(5.0, 0.0)	(6.0, 0.0)	(7.0, 0.0)	(8.0, 0.0)	(9.0, 0.0)	(10.0, 0.0)	(11.0, 0.0)	(12.0, 0.0)	(13.0, 0.0)	(14.0, 0.0)	(15.0, 0.0)	(16.0, 0.0)	(17.0, 0.0)	(18.0, 0.0)	(19.0, 0.0)	(20.0, 0.0)	(21.0, 0.0)	(22.0, 0.0)	(23.0, 0.0)	(24.0, 0.0)	(25.0, 0.0)	(26.0, 0.0)	(27.0, 0.0)	(28.0, 0.0)	(29.0, 0.0)	(30.0, 0.0)	(31.0, 0.0)	(32.0, 0.0)	(33.0, 0.0)	(34.0, 0.0)	(35.0, 0.0)	(36.0, 0.0)	(37.0, 0.0)	(38.0, 0.0014607852207489938)	(39.0, 0.0)	(40.0, 0.0014607852207489938)	(41.0, 0.0014607852207489938)	(42.0, 0.0014607852207489938)	(43.0, 0.007303926103744969)	(44.0, 0.013147066986740945)	(45.0, 0.014607852207489938)	(46.0, 0.09787260979018259)	(47.0, 0.4986146886823232)	(48.0, 0.6305722869566489)	(49.0, 1.5649878998290883)	(50.0, 4.183201943818203)	(51.0, 11.114140887865252)	(52.0, 12.98638061245855)	(53.0, 16.095905419026245)	(54.0, 15.740447681977326)	(55.0, 9.817937468653977)	(56.0, 8.959969615667402)	(57.0, 3.9290253154078774)	(58.0, 2.4356158913954835)	(59.0, 4.759238249200232)	(60.0, 2.4862564457147855)	(61.0, 0.8896181994361374)	(62.0, 0.4883891921370803)	(63.0, 0.6593010629647125)	(64.0, 0.36373551996649944)	(65.0, 0.4367747810039491)	(66.0, 1.4812362138394797)	(67.0, 0.2848531180460538)	(68.0, 0.02775491919423088)	(69.0, 0.017529422648987925)	(70.0, 0.0029215704414979875)	(71.0, 0.0014607852207489938)	(72.0, 0.0)	(73.0, 0.0)	(74.0, 0.0014607852207489938)	(75.0, 0.0)	(76.0, 0.0)	(77.0, 0.0)	(78.0, 0.0)	(79.0, 0.0)	(80.0, 0.0019477136276653249)	(81.0, 0.0019477136276653249)	(82.0, 0.0)	(83.0, 0.0)	(84.0, 0.0)	(85.0, 0.0)	(86.0, 0.0)	(87.0, 0.0)	(88.0, 0.0)	(89.0, 0.0)	(90.0, 0.0)	(91.0, 0.0)	(92.0, 0.0)	(93.0, 0.0)	(94.0, 0.0)	(95.0, 0.0)	(96.0, 0.0)	(97.0, 0.0)	(98.0, 0.0)	(99.0, 0.0)	(100.0, 0.0)
678B14_S144_L001_R2_001	(0.0, 0.0)	(1.0, 0.0)	(2.0, 0.0)	(3.0, 0.0)	(4.0, 0.0)	(5.0, 0.0)	(6.0, 0.0)	(7.0, 0.0)	(8.0, 0.0)	(9.0, 0.0)	(10.0, 0.0)	(11.0, 0.0)	(12.0, 0.0)	(13.0, 0.0)	(14.0, 0.0)	(15.0, 0.0)	(16.0, 0.0)	(17.0, 0.0)	(18.0, 0.0)	(19.0, 0.0)	(20.0, 0.0)	(21.0, 0.0)	(22.0, 0.0)	(23.0, 0.0)	(24.0, 0.0)	(25.0, 0.0)	(26.0, 0.0)	(27.0, 0.0)	(28.0, 0.0)	(29.0, 0.0)	(30.0, 0.0)	(31.0, 0.0)	(32.0, 0.0)	(33.0, 0.0)	(34.0, 0.0)	(35.0, 0.0)	(36.0, 0.0)	(37.0, 0.0)	(38.0, 0.003365659693340316)	(39.0, 0.002884851165720271)	(40.0, 0.003365659693340316)	(41.0, 0.007692936441920723)	(42.0, 0.016347489939081538)	(43.0, 0.016347489939081538)	(44.0, 0.025963660491482445)	(45.0, 0.03317578840578311)	(46.0, 0.06923642797728653)	(47.0, 0.1682829846670158)	(48.0, 0.7024612588528856)	(49.0, 1.0438353134631189)	(50.0, 1.5861873326185316)	(51.0, 4.15466648716482)	(52.0, 13.01692926825746)	(53.0, 20.07279441108175)	(54.0, 17.266795843891103)	(55.0, 14.251645567185763)	(56.0, 7.466956433939299)	(57.0, 3.7507873239639737)	(58.0, 3.483938591134849)	(59.0, 3.695975151815291)	(60.0, 2.0583413067414127)	(61.0, 0.8616088814951209)	(62.0, 0.46061456946000334)	(63.0, 0.5154267416086884)	(64.0, 0.5543722323459119)	(65.0, 0.7255400681786478)	(66.0, 0.6995764076871652)	(67.0, 0.935172586220988)	(68.0, 1.1198030608270853)	(69.0, 0.668804661919483)	(70.0, 0.26011741344244443)	(71.0, 0.10000817374496941)	(72.0, 0.04615761865152434)	(73.0, 0.028848511657202716)	(74.0, 0.01730910699432163)	(75.0, 0.014424255828601358)	(76.0, 0.010096979080020949)	(77.0, 0.01730910699432163)	(78.0, 0.011539404662881085)	(79.0, 0.010096979080020949)	(80.0, 0.007212127914300679)	(81.0, 0.004327276748580407)	(82.0, 0.012981830245741222)	(83.0, 0.002884851165720271)	(84.0, 0.002884851165720271)	(85.0, 0.0)	(86.0, 0.0)	(87.0, 0.004327276748580407)	(88.0, 0.0014424255828601356)	(89.0, 0.0014424255828601356)	(90.0, 0.0014424255828601356)	(91.0, 0.0)	(92.0, 0.002884851165720271)	(93.0, 0.0)	(94.0, 0.0)	(95.0, 0.0)	(96.0, 0.0)	(97.0, 0.0014424255828601356)	(98.0, 0.0)	(99.0, 0.0)	(100.0, 0.0019232341104801808)
681A0_S153_L001_R1_001	(0.0, 0.005265097667561733)	(1.0, 0.0026325488337808666)	(2.0, 0.0)	(3.0, 0.0)	(4.0, 0.0)	(5.0, 0.0)	(6.0, 0.0)	(7.0, 0.0)	(8.0, 0.0)	(9.0, 0.0)	(10.0, 0.0)	(11.0, 0.0)	(12.0, 0.0)	(13.0, 0.0)	(14.0, 0.0)	(15.0, 0.0)	(16.0, 0.0)	(17.0, 0.0)	(18.0, 0.0)	(19.0, 0.0)	(20.0, 0.0)	(21.0, 0.0)	(22.0, 0.0)	(23.0, 0.0)	(24.0, 0.0)	(25.0, 0.0)	(26.0, 0.0)	(27.0, 0.0)	(28.0, 0.0)	(29.0, 0.0)	(30.0, 0.0)	(31.0, 0.0)	(32.0, 0.0)	(33.0, 0.0)	(34.0, 0.0)	(35.0, 0.0)	(36.0, 0.0)	(37.0, 0.0013162744168904333)	(38.0, 0.0)	(39.0, 0.0013162744168904333)	(40.0, 0.0013162744168904333)	(41.0, 0.0026325488337808666)	(42.0, 0.0026325488337808666)	(43.0, 0.005265097667561733)	(44.0, 0.0026325488337808666)	(45.0, 0.007897646501342599)	(46.0, 0.14171887888520332)	(47.0, 1.577774267712666)	(48.0, 1.4066585935169105)	(49.0, 1.6786886396742657)	(50.0, 3.5587672651327686)	(51.0, 10.525807753733828)	(52.0, 18.860457361484062)	(53.0, 21.789167939065276)	(54.0, 19.426455360746946)	(55.0, 10.517471349093517)	(56.0, 4.16556977131926)	(57.0, 2.0261850857333403)	(58.0, 0.9674616964144688)	(59.0, 0.9411362080766608)	(60.0, 0.5804770178486804)	(61.0, 0.3593429158110883)	(62.0, 0.17989083697502586)	(63.0, 0.1996349532283824)	(64.0, 0.19173730672703979)	(65.0, 0.1382088137734955)	(66.0, 0.6002211341020376)	(67.0, 0.1224135207708103)	(68.0, 0.006581372084452166)	(69.0, 0.0026325488337808666)	(70.0, 0.0013162744168904333)	(71.0, 0.0)	(72.0, 0.0)	(73.0, 0.0)	(74.0, 0.0)	(75.0, 0.0)	(76.0, 0.0)	(77.0, 0.0)	(78.0, 0.0)	(79.0, 0.0)	(80.0, 0.0)	(81.0, 0.0)	(82.0, 0.0013162744168904333)	(83.0, 0.0)	(84.0, 0.0)	(85.0, 0.0)	(86.0, 0.0)	(87.0, 0.0)	(88.0, 0.0)	(89.0, 0.0)	(90.0, 0.0)	(91.0, 0.0)	(92.0, 0.0)	(93.0, 0.0)	(94.0, 0.0)	(95.0, 0.0)	(96.0, 0.0)	(97.0, 0.0)	(98.0, 0.0)	(99.0, 0.0)	(100.0, 0.0)
681A0_S153_L001_R2_001	(0.0, 0.005148866605738409)	(1.0, 0.0025744333028692046)	(2.0, 0.0)	(3.0, 0.0)	(4.0, 0.0)	(5.0, 0.0)	(6.0, 0.0)	(7.0, 0.0)	(8.0, 0.0)	(9.0, 0.0)	(10.0, 0.0)	(11.0, 0.0)	(12.0, 0.0)	(13.0, 0.0)	(14.0, 0.0)	(15.0, 0.0)	(16.0, 0.0)	(17.0, 0.0)	(18.0, 0.0)	(19.0, 0.0)	(20.0, 0.0)	(21.0, 0.0)	(22.0, 0.0)	(23.0, 0.0)	(24.0, 0.0)	(25.0, 0.0)	(26.0, 0.0)	(27.0, 0.0)	(28.0, 0.0012872166514346023)	(29.0, 0.0)	(30.0, 0.0)	(31.0, 0.0)	(32.0, 0.0)	(33.0, 0.0)	(34.0, 0.0)	(35.0, 0.0012872166514346023)	(36.0, 0.0012872166514346023)	(37.0, 0.004290722171448673)	(38.0, 0.005148866605738409)	(39.0, 0.004290722171448673)	(40.0, 0.004719794388593541)	(41.0, 0.005577938822883276)	(42.0, 0.003861649954303807)	(43.0, 0.015446599817215228)	(44.0, 0.02274082750867797)	(45.0, 0.04934330497165975)	(46.0, 0.21968497517817218)	(47.0, 0.6487571923230393)	(48.0, 1.4438280106924792)	(49.0, 1.3944847057208194)	(50.0, 1.3511484117891905)	(51.0, 3.8161682992864647)	(52.0, 14.310416586215673)	(53.0, 26.218886900854223)	(54.0, 23.74013670240839)	(55.0, 13.332990075559618)	(56.0, 6.4785614066703525)	(57.0, 2.314415539279415)	(58.0, 0.8723038174555152)	(59.0, 0.6002720317856695)	(60.0, 0.3376798348930107)	(61.0, 0.2252629140010554)	(62.0, 0.18621734224087244)	(63.0, 0.21882683074388237)	(64.0, 0.29305632430994444)	(65.0, 0.3046412741728559)	(66.0, 0.24199673046970527)	(67.0, 0.3273821016815338)	(68.0, 0.44923861135067616)	(69.0, 0.2857620966184817)	(70.0, 0.09568310442330542)	(71.0, 0.03990371619447267)	(72.0, 0.014159383165780626)	(73.0, 0.010297733211476819)	(74.0, 0.009010516560042215)	(75.0, 0.005148866605738409)	(76.0, 0.007723299908607614)	(77.0, 0.00815237212575248)	(78.0, 0.006436083257173011)	(79.0, 0.009010516560042215)	(80.0, 0.010297733211476819)	(81.0, 0.0025744333028692046)	(82.0, 0.0012872166514346023)	(83.0, 0.005148866605738409)	(84.0, 0.003861649954303807)	(85.0, 0.005148866605738409)	(86.0, 0.003861649954303807)	(87.0, 0.0012872166514346023)	(88.0, 0.0012872166514346023)	(89.0, 0.0012872166514346023)	(90.0, 0.003861649954303807)	(91.0, 0.0012872166514346023)	(92.0, 0.0)	(93.0, 0.0012872166514346023)	(94.0, 0.0)	(95.0, 0.0)	(96.0, 0.0025744333028692046)	(97.0, 0.0012872166514346023)	(98.0, 0.003861649954303807)	(99.0, 0.005148866605738409)	(100.0, 0.0)
681A14_S154_L001_R1_001	(0.0, 0.006621420294653203)	(1.0, 0.0033107101473266016)	(2.0, 0.0)	(3.0, 0.0)	(4.0, 0.0)	(5.0, 0.0)	(6.0, 0.0)	(7.0, 0.0)	(8.0, 0.0)	(9.0, 0.0)	(10.0, 0.0)	(11.0, 0.0)	(12.0, 0.0)	(13.0, 0.0)	(14.0, 0.0)	(15.0, 0.0)	(16.0, 0.0)	(17.0, 0.0)	(18.0, 0.0)	(19.0, 0.0)	(20.0, 0.0)	(21.0, 0.0)	(22.0, 0.0)	(23.0, 0.0)	(24.0, 0.0)	(25.0, 0.0)	(26.0, 0.0)	(27.0, 0.0)	(28.0, 0.0)	(29.0, 0.0)	(30.0, 0.0)	(31.0, 0.0)	(32.0, 0.0)	(33.0, 0.0)	(34.0, 0.0)	(35.0, 0.0)	(36.0, 0.0)	(37.0, 0.0)	(38.0, 0.0)	(39.0, 0.0)	(40.0, 0.0)	(41.0, 0.0016553550736633008)	(42.0, 0.0016553550736633008)	(43.0, 0.0016553550736633008)	(44.0, 0.0033107101473266016)	(45.0, 0.013242840589306406)	(46.0, 0.10704629476356009)	(47.0, 0.8894774595817467)	(48.0, 1.8197870109805225)	(49.0, 6.514373999889646)	(50.0, 10.76863653920432)	(51.0, 17.15775533852012)	(52.0, 18.999061965458267)	(53.0, 16.5403078960437)	(54.0, 14.419246261656452)	(55.0, 6.077360260442531)	(56.0, 2.6066324559951446)	(57.0, 1.2227556144126246)	(58.0, 0.6102742371572032)	(59.0, 0.8315400320035296)	(60.0, 0.39562986260552924)	(61.0, 0.19367654361860615)	(62.0, 0.09766594934613475)	(63.0, 0.07338740826573965)	(64.0, 0.15560337692435025)	(65.0, 0.07449097831484852)	(66.0, 0.33438172487998674)	(67.0, 0.06621420294653203)	(68.0, 0.0033107101473266016)	(69.0, 0.004966065220989902)	(70.0, 0.0033107101473266016)	(71.0, 0.0)	(72.0, 0.0)	(73.0, 0.0016553550736633008)	(74.0, 0.0)	(75.0, 0.0)	(76.0, 0.0)	(77.0, 0.0)	(78.0, 0.0)	(79.0, 0.0)	(80.0, 0.0)	(81.0, 0.0)	(82.0, 0.0)	(83.0, 0.0)	(84.0, 0.0)	(85.0, 0.0)	(86.0, 0.0)	(87.0, 0.0)	(88.0, 0.0)	(89.0, 0.0)	(90.0, 0.0)	(91.0, 0.0)	(92.0, 0.0)	(93.0, 0.0)	(94.0, 0.0)	(95.0, 0.0)	(96.0, 0.0)	(97.0, 0.0)	(98.0, 0.0)	(99.0, 0.0)	(100.0, 0.0)
681A14_S154_L001_R2_001	(0.0, 0.006534559652361412)	(1.0, 0.003267279826180706)	(2.0, 0.0)	(3.0, 0.0)	(4.0, 0.0)	(5.0, 0.0)	(6.0, 0.0)	(7.0, 0.0)	(8.0, 0.0)	(9.0, 0.0)	(10.0, 0.0)	(11.0, 0.0)	(12.0, 0.0)	(13.0, 0.0)	(14.0, 0.0)	(15.0, 0.0)	(16.0, 0.0)	(17.0, 0.0)	(18.0, 0.0)	(19.0, 0.0)	(20.0, 0.0)	(21.0, 0.0)	(22.0, 0.0)	(23.0, 0.0)	(24.0, 0.0)	(25.0, 0.0)	(26.0, 0.0)	(27.0, 0.0)	(28.0, 0.0)	(29.0, 0.0)	(30.0, 0.0)	(31.0, 0.0)	(32.0, 0.0)	(33.0, 0.001633639913090353)	(34.0, 0.0)	(35.0, 0.0)	(36.0, 0.0)	(37.0, 0.0)	(38.0, 0.0)	(39.0, 0.001633639913090353)	(40.0, 0.010346386116238901)	(41.0, 0.008712746203148549)	(42.0, 0.007079106290058195)	(43.0, 0.01524730585550996)	(44.0, 0.01633639913090353)	(45.0, 0.029405518435626353)	(46.0, 0.10074112797390511)	(47.0, 0.30331247719710885)	(48.0, 0.8271663426614152)	(49.0, 1.1609734315695448)	(50.0, 1.6298280866264785)	(51.0, 5.0697291969570735)	(52.0, 16.491594922647117)	(53.0, 27.20663911260691)	(54.0, 23.461247338528295)	(55.0, 13.045703799301853)	(56.0, 5.419872684996095)	(57.0, 1.9935852406079269)	(58.0, 0.7678107591524657)	(59.0, 0.4220236442150078)	(60.0, 0.22925413447034618)	(61.0, 0.15955216484515783)	(62.0, 0.1355921127864993)	(63.0, 0.16009671148285456)	(64.0, 0.24232325377506903)	(65.0, 0.2085613622378684)	(66.0, 0.14049303252577036)	(67.0, 0.19767042948393268)	(68.0, 0.2058386290493845)	(69.0, 0.1421266724388607)	(70.0, 0.06697923643670446)	(71.0, 0.01797003904399388)	(72.0, 0.008168199565451765)	(73.0, 0.013069119304722824)	(74.0, 0.001633639913090353)	(75.0, 0.001633639913090353)	(76.0, 0.01633639913090353)	(77.0, 0.009801839478542117)	(78.0, 0.0049009197392710585)	(79.0, 0.008168199565451765)	(80.0, 0.006534559652361412)	(81.0, 0.006534559652361412)	(82.0, 0.0)	(83.0, 0.003267279826180706)	(84.0, 0.0)	(85.0, 0.0)	(86.0, 0.003267279826180706)	(87.0, 0.001633639913090353)	(88.0, 0.001633639913090353)	(89.0, 0.0)	(90.0, 0.001633639913090353)	(91.0, 0.003267279826180706)	(92.0, 0.0)	(93.0, 0.001633639913090353)	(94.0, 0.0)	(95.0, 0.0)	(96.0, 0.0)	(97.0, 0.0)	(98.0, 0.0)	(99.0, 0.0)	(100.0, 0.0)
681B0_S155_L001_R1_001	(0.0, 0.0)	(1.0, 0.0)	(2.0, 0.0)	(3.0, 0.0)	(4.0, 0.0)	(5.0, 0.0)	(6.0, 0.0)	(7.0, 0.0)	(8.0, 0.0)	(9.0, 0.0)	(10.0, 0.0)	(11.0, 0.0)	(12.0, 0.0)	(13.0, 0.0)	(14.0, 0.0)	(15.0, 0.0)	(16.0, 0.0)	(17.0, 0.0)	(18.0, 0.0)	(19.0, 0.0)	(20.0, 0.0)	(21.0, 0.0)	(22.0, 0.0)	(23.0, 0.0)	(24.0, 0.0)	(25.0, 0.0)	(26.0, 0.0)	(27.0, 0.0)	(28.0, 0.0)	(29.0, 0.0)	(30.0, 0.0)	(31.0, 0.0)	(32.0, 0.0)	(33.0, 0.0)	(34.0, 0.0)	(35.0, 0.0)	(36.0, 0.0)	(37.0, 0.0)	(38.0, 0.0)	(39.0, 0.001987887141020714)	(40.0, 0.001987887141020714)	(41.0, 0.0)	(42.0, 0.001987887141020714)	(43.0, 0.001987887141020714)	(44.0, 0.0)	(45.0, 0.010602064752110474)	(46.0, 0.09210543753395976)	(47.0, 1.0615317333050613)	(48.0, 2.72738115748042)	(49.0, 12.401102614734212)	(50.0, 18.15272274275415)	(51.0, 14.88728679910412)	(52.0, 13.092224710762421)	(53.0, 13.819791404376005)	(54.0, 14.17628583166572)	(55.0, 5.411028797858385)	(56.0, 1.9719840438925489)	(57.0, 0.8912360682242868)	(58.0, 0.33595292683250066)	(59.0, 0.44661197768265426)	(60.0, 0.21800495646527154)	(61.0, 0.08680440515790452)	(62.0, 0.05102243661953166)	(63.0, 0.0430708880554488)	(64.0, 0.02783041997429)	(65.0, 0.015903097128165712)	(66.0, 0.04373351710245571)	(67.0, 0.01789098426918643)	(68.0, 0.003975774282041428)	(69.0, 0.001987887141020714)	(70.0, 0.003975774282041428)	(71.0, 0.0)	(72.0, 0.0)	(73.0, 0.0)	(74.0, 0.0)	(75.0, 0.0)	(76.0, 0.0)	(77.0, 0.0)	(78.0, 0.0)	(79.0, 0.0)	(80.0, 0.0)	(81.0, 0.0)	(82.0, 0.0)	(83.0, 0.0)	(84.0, 0.0)	(85.0, 0.0)	(86.0, 0.0)	(87.0, 0.0)	(88.0, 0.0)	(89.0, 0.0)	(90.0, 0.0)	(91.0, 0.0)	(92.0, 0.0)	(93.0, 0.0)	(94.0, 0.0)	(95.0, 0.0)	(96.0, 0.0)	(97.0, 0.0)	(98.0, 0.0)	(99.0, 0.0)	(100.0, 0.0)
681B0_S155_L001_R2_001	(0.0, 0.0)	(1.0, 0.0)	(2.0, 0.0)	(3.0, 0.0)	(4.0, 0.0)	(5.0, 0.0)	(6.0, 0.0)	(7.0, 0.0)	(8.0, 0.0)	(9.0, 0.0)	(10.0, 0.0)	(11.0, 0.0)	(12.0, 0.0)	(13.0, 0.0)	(14.0, 0.0)	(15.0, 0.0)	(16.0, 0.0)	(17.0, 0.0)	(18.0, 0.0)	(19.0, 0.0)	(20.0, 0.0)	(21.0, 0.0)	(22.0, 0.0)	(23.0, 0.0)	(24.0, 0.0)	(25.0, 0.0)	(26.0, 0.0)	(27.0, 0.0)	(28.0, 0.0)	(29.0, 0.0)	(30.0, 0.0)	(31.0, 0.0)	(32.0, 0.0)	(33.0, 0.0)	(34.0, 0.0)	(35.0, 0.0)	(36.0, 0.001943823500826122)	(37.0, 0.003887647001652244)	(38.0, 0.0)	(39.0, 0.003887647001652244)	(40.0, 0.005831470502478366)	(41.0, 0.001943823500826122)	(42.0, 0.007775294003304488)	(43.0, 0.012310882171898772)	(44.0, 0.01814235267437714)	(45.0, 0.04924352868759509)	(46.0, 0.1736482327404669)	(47.0, 0.5021544043800817)	(48.0, 1.0444811611105689)	(49.0, 1.2842193928791248)	(50.0, 1.9515987948294278)	(51.0, 6.789775488385663)	(52.0, 19.9494605889785)	(53.0, 25.742702562607413)	(54.0, 19.14601354197035)	(55.0, 12.88107039880776)	(56.0, 6.189134026630374)	(57.0, 2.030647617196356)	(58.0, 0.764570576991608)	(59.0, 0.40431528817183343)	(60.0, 0.22418764376194605)	(61.0, 0.1418991155603069)	(62.0, 0.10107882204295833)	(63.0, 0.07840088119998691)	(64.0, 0.09006382220494363)	(65.0, 0.07710499886610285)	(66.0, 0.0557229403570155)	(67.0, 0.07192146953056652)	(68.0, 0.0524832345223053)	(69.0, 0.04082029351734856)	(70.0, 0.025269705510739583)	(71.0, 0.015550588006608976)	(72.0, 0.005831470502478366)	(73.0, 0.005831470502478366)	(74.0, 0.005831470502478366)	(75.0, 0.005831470502478366)	(76.0, 0.003887647001652244)	(77.0, 0.00971911750413061)	(78.0, 0.005831470502478366)	(79.0, 0.001943823500826122)	(80.0, 0.003887647001652244)	(81.0, 0.003887647001652244)	(82.0, 0.001943823500826122)	(83.0, 0.0)	(84.0, 0.001943823500826122)	(85.0, 0.003887647001652244)	(86.0, 0.001943823500826122)	(87.0, 0.0)	(88.0, 0.0)	(89.0, 0.0)	(90.0, 0.0)	(91.0, 0.0)	(92.0, 0.001943823500826122)	(93.0, 0.0)	(94.0, 0.0)	(95.0, 0.0)	(96.0, 0.0)	(97.0, 0.0)	(98.0, 0.0)	(99.0, 0.0)	(100.0, 0.0025917646677681627)
681B14_S156_L001_R1_001	(0.0, 0.0)	(1.0, 0.0)	(2.0, 0.0)	(3.0, 0.0)	(4.0, 0.0)	(5.0, 0.0)	(6.0, 0.0)	(7.0, 0.0)	(8.0, 0.0)	(9.0, 0.0)	(10.0, 0.0)	(11.0, 0.0)	(12.0, 0.0)	(13.0, 0.0)	(14.0, 0.0)	(15.0, 0.0)	(16.0, 0.0)	(17.0, 0.0)	(18.0, 0.0)	(19.0, 0.0)	(20.0, 0.0)	(21.0, 0.0)	(22.0, 0.0)	(23.0, 0.0)	(24.0, 0.0)	(25.0, 0.0)	(26.0, 0.0)	(27.0, 0.0)	(28.0, 0.0)	(29.0, 0.0)	(30.0, 0.0)	(31.0, 0.0)	(32.0, 0.0)	(33.0, 0.0)	(34.0, 0.0)	(35.0, 0.002633190043908445)	(36.0, 0.0)	(37.0, 0.003949785065862668)	(38.0, 0.003949785065862668)	(39.0, 0.0)	(40.0, 0.0)	(41.0, 0.003949785065862668)	(42.0, 0.0)	(43.0, 0.0)	(44.0, 0.005924677598794002)	(45.0, 0.017774032796382004)	(46.0, 0.1625994852113465)	(47.0, 2.1401252081865896)	(48.0, 4.095268815788606)	(49.0, 11.691363794953496)	(50.0, 15.583876977361141)	(51.0, 14.37458444969619)	(52.0, 14.221201129638528)	(53.0, 13.667572922906782)	(54.0, 13.054039642676116)	(55.0, 4.977387480497938)	(56.0, 2.0993107625060086)	(57.0, 1.565431481103571)	(58.0, 0.5700856445061784)	(59.0, 0.5398039590012315)	(60.0, 0.30676664011533383)	(61.0, 0.15799140263450673)	(62.0, 0.11125227935513181)	(63.0, 0.09611143660265824)	(64.0, 0.1698407578320947)	(65.0, 0.06517145358673401)	(66.0, 0.2448866740834854)	(67.0, 0.06122166852087135)	(68.0, 0.005924677598794002)	(69.0, 0.0)	(70.0, 0.0)	(71.0, 0.0)	(72.0, 0.0)	(73.0, 0.0)	(74.0, 0.0)	(75.0, 0.0)	(76.0, 0.0)	(77.0, 0.0)	(78.0, 0.0)	(79.0, 0.0)	(80.0, 0.0)	(81.0, 0.0)	(82.0, 0.0)	(83.0, 0.0)	(84.0, 0.0)	(85.0, 0.0)	(86.0, 0.0)	(87.0, 0.0)	(88.0, 0.0)	(89.0, 0.0)	(90.0, 0.0)	(91.0, 0.0)	(92.0, 0.0)	(93.0, 0.0)	(94.0, 0.0)	(95.0, 0.0)	(96.0, 0.0)	(97.0, 0.0)	(98.0, 0.0)	(99.0, 0.0)	(100.0, 0.0)
681B14_S156_L001_R2_001	(0.0, 0.0)	(1.0, 0.0)	(2.0, 0.0)	(3.0, 0.0)	(4.0, 0.0)	(5.0, 0.0)	(6.0, 0.0)	(7.0, 0.0)	(8.0, 0.0)	(9.0, 0.0)	(10.0, 0.0)	(11.0, 0.0)	(12.0, 0.0)	(13.0, 0.0)	(14.0, 0.0)	(15.0, 0.0)	(16.0, 0.0)	(17.0, 0.0)	(18.0, 0.0)	(19.0, 0.0)	(20.0, 0.0)	(21.0, 0.0)	(22.0, 0.0)	(23.0, 0.0)	(24.0, 0.0)	(25.0, 0.0)	(26.0, 0.0)	(27.0, 0.0)	(28.0, 0.0)	(29.0, 0.0019527944488563112)	(30.0, 0.0)	(31.0, 0.0019527944488563112)	(32.0, 0.0019527944488563112)	(33.0, 0.0)	(34.0, 0.0)	(35.0, 0.0019527944488563112)	(36.0, 0.0019527944488563112)	(37.0, 0.0019527944488563112)	(38.0, 0.007811177795425245)	(39.0, 0.005858383346568934)	(40.0, 0.0039055888977126223)	(41.0, 0.0039055888977126223)	(42.0, 0.013669561141994179)	(43.0, 0.013669561141994179)	(44.0, 0.0351503000794136)	(45.0, 0.06379128532930617)	(46.0, 0.23824092276046993)	(47.0, 0.7453165479801586)	(48.0, 2.0992540325205358)	(49.0, 2.557509796518815)	(50.0, 2.73911968026245)	(51.0, 7.123794149427853)	(52.0, 19.008501165167328)	(53.0, 24.4899951831071)	(54.0, 17.963105203546238)	(55.0, 11.895772850949692)	(56.0, 5.944306302318612)	(57.0, 1.972973324827827)	(58.0, 0.7322979183211167)	(59.0, 0.4211526694700112)	(60.0, 0.23042974496504473)	(61.0, 0.16403473370393015)	(62.0, 0.1588272818403133)	(63.0, 0.17640243188002008)	(64.0, 0.23563719682866152)	(65.0, 0.1907229245049664)	(66.0, 0.08592295574967769)	(67.0, 0.1406012003176544)	(68.0, 0.20699621157876902)	(69.0, 0.1386484058687981)	(70.0, 0.06834780570997089)	(71.0, 0.023433533386275737)	(72.0, 0.009763972244281556)	(73.0, 0.007811177795425245)	(74.0, 0.005858383346568934)	(75.0, 0.011716766693137868)	(76.0, 0.005858383346568934)	(77.0, 0.005858383346568934)	(78.0, 0.0019527944488563112)	(79.0, 0.0019527944488563112)	(80.0, 0.005858383346568934)	(81.0, 0.0019527944488563112)	(82.0, 0.0039055888977126223)	(83.0, 0.0019527944488563112)	(84.0, 0.0019527944488563112)	(85.0, 0.0019527944488563112)	(86.0, 0.0)	(87.0, 0.0)	(88.0, 0.0)	(89.0, 0.0)	(90.0, 0.0019527944488563112)	(91.0, 0.0)	(92.0, 0.0)	(93.0, 0.0)	(94.0, 0.0)	(95.0, 0.0039055888977126223)	(96.0, 0.0039055888977126223)	(97.0, 0.005858383346568934)	(98.0, 0.0)	(99.0, 0.0)	(100.0, 0.00520745186361683)
682A0_S145_L001_R1_001	(0.0, 0.0)	(1.0, 0.0)	(2.0, 0.0)	(3.0, 0.0)	(4.0, 0.0)	(5.0, 0.0)	(6.0, 0.0)	(7.0, 0.0)	(8.0, 0.0)	(9.0, 0.0)	(10.0, 0.0)	(11.0, 0.0)	(12.0, 0.0)	(13.0, 0.0)	(14.0, 0.0)	(15.0, 0.0)	(16.0, 0.0)	(17.0, 0.0)	(18.0, 0.0)	(19.0, 0.0)	(20.0, 0.0)	(21.0, 0.0)	(22.0, 0.0)	(23.0, 0.0)	(24.0, 0.0)	(25.0, 0.0)	(26.0, 0.0)	(27.0, 0.0)	(28.0, 0.0)	(29.0, 0.0)	(30.0, 0.0)	(31.0, 0.0)	(32.0, 0.0)	(33.0, 0.0)	(34.0, 0.0)	(35.0, 0.0)	(36.0, 0.0)	(37.0, 0.0)	(38.0, 0.0)	(39.0, 0.0)	(40.0, 0.0)	(41.0, 0.0012623393673155093)	(42.0, 0.005049357469262037)	(43.0, 0.005049357469262037)	(44.0, 0.003787018101946528)	(45.0, 0.008836375571208565)	(46.0, 0.015148072407786112)	(47.0, 0.06564164710040649)	(48.0, 0.21754315096737278)	(49.0, 0.5516423035168775)	(50.0, 2.69677766837503)	(51.0, 10.812357460846394)	(52.0, 12.997887685458695)	(53.0, 16.429346865611368)	(54.0, 14.947781228172058)	(55.0, 9.790704132899082)	(56.0, 10.81235746084643)	(57.0, 4.806988310737467)	(58.0, 3.2290641015930763)	(59.0, 4.633627037626148)	(60.0, 2.876029858533834)	(61.0, 1.1390508891076947)	(62.0, 0.5373357906873018)	(63.0, 0.5554293216188241)	(64.0, 0.5449098268911948)	(65.0, 0.6185462899845996)	(66.0, 1.3418667474563863)	(67.0, 0.26256658840162594)	(68.0, 0.03534550228483426)	(69.0, 0.034083162917518756)	(70.0, 0.02019742987704815)	(71.0, 0.0)	(72.0, 0.0)	(73.0, 0.0)	(74.0, 0.0)	(75.0, 0.0)	(76.0, 0.0012623393673155093)	(77.0, 0.0025246787346310186)	(78.0, 0.0)	(79.0, 0.0)	(80.0, 0.0)	(81.0, 0.0)	(82.0, 0.0)	(83.0, 0.0)	(84.0, 0.0)	(85.0, 0.0)	(86.0, 0.0)	(87.0, 0.0)	(88.0, 0.0)	(89.0, 0.0)	(90.0, 0.0)	(91.0, 0.0)	(92.0, 0.0)	(93.0, 0.0)	(94.0, 0.0)	(95.0, 0.0)	(96.0, 0.0)	(97.0, 0.0)	(98.0, 0.0)	(99.0, 0.0)	(100.0, 0.0)
682A0_S145_L001_R2_001	(0.0, 0.0)	(1.0, 0.0)	(2.0, 0.0)	(3.0, 0.0)	(4.0, 0.0)	(5.0, 0.0)	(6.0, 0.0)	(7.0, 0.0)	(8.0, 0.0)	(9.0, 0.0)	(10.0, 0.0)	(11.0, 0.0)	(12.0, 0.0)	(13.0, 0.0)	(14.0, 0.0)	(15.0, 0.0)	(16.0, 0.0)	(17.0, 0.0)	(18.0, 0.0)	(19.0, 0.0)	(20.0, 0.0)	(21.0, 0.0)	(22.0, 0.0)	(23.0, 0.0)	(24.0, 0.0)	(25.0, 0.0)	(26.0, 0.0)	(27.0, 0.0)	(28.0, 0.0)	(29.0, 0.0)	(30.0, 0.0)	(31.0, 0.0012451646107615405)	(32.0, 0.0012451646107615405)	(33.0, 0.0)	(34.0, 0.0)	(35.0, 0.004980658443046162)	(36.0, 0.0062258230538077015)	(37.0, 0.0012451646107615405)	(38.0, 0.002490329221523081)	(39.0, 0.005395713313300008)	(40.0, 0.006640877924061548)	(41.0, 0.002490329221523081)	(42.0, 0.007470987664569242)	(43.0, 0.008716152275330782)	(44.0, 0.00913120714558463)	(45.0, 0.024073182474723114)	(46.0, 0.03278933475005389)	(47.0, 0.06806899872163089)	(48.0, 0.17100260654458485)	(49.0, 0.3677386150449083)	(50.0, 0.9359487324224256)	(51.0, 3.3465874188567697)	(52.0, 9.582371789550484)	(53.0, 16.59555393222993)	(54.0, 20.148008566732596)	(55.0, 15.804874404396257)	(56.0, 9.884531735095353)	(57.0, 6.406371922368124)	(58.0, 4.134361562598573)	(59.0, 3.7653777829429025)	(60.0, 1.7000647485597562)	(61.0, 0.8359205086912476)	(62.0, 0.6761243836435165)	(63.0, 0.7877741437418012)	(64.0, 0.7018577855992548)	(65.0, 0.6831803164378316)	(66.0, 0.635033951488385)	(67.0, 0.6898211943618934)	(68.0, 0.8658044593495242)	(69.0, 0.5516079225673624)	(70.0, 0.21292314844022342)	(71.0, 0.11081965035777709)	(72.0, 0.05520229774376163)	(73.0, 0.039845267544369296)	(74.0, 0.023658127604469267)	(75.0, 0.016187139939900022)	(76.0, 0.008716152275330782)	(77.0, 0.008716152275330782)	(78.0, 0.007470987664569242)	(79.0, 0.007470987664569242)	(80.0, 0.012451646107615403)	(81.0, 0.0062258230538077015)	(82.0, 0.0062258230538077015)	(83.0, 0.0062258230538077015)	(84.0, 0.004980658443046162)	(85.0, 0.003735493832284621)	(86.0, 0.0012451646107615405)	(87.0, 0.0012451646107615405)	(88.0, 0.0)	(89.0, 0.0)	(90.0, 0.002490329221523081)	(91.0, 0.002490329221523081)	(92.0, 0.0012451646107615405)	(93.0, 0.0)	(94.0, 0.0)	(95.0, 0.0012451646107615405)	(96.0, 0.002490329221523081)	(97.0, 0.0)	(98.0, 0.0)	(99.0, 0.0012451646107615405)	(100.0, 0.003320438962030774)
682A14_S146_L001_R1_001	(0.0, 0.0)	(1.0, 0.0)	(2.0, 0.0)	(3.0, 0.0)	(4.0, 0.0)	(5.0, 0.0)	(6.0, 0.0)	(7.0, 0.0)	(8.0, 0.0)	(9.0, 0.0)	(10.0, 0.0)	(11.0, 0.0)	(12.0, 0.0)	(13.0, 0.0)	(14.0, 0.0)	(15.0, 0.0)	(16.0, 0.0)	(17.0, 0.0)	(18.0, 0.0)	(19.0, 0.0)	(20.0, 0.0)	(21.0, 0.0)	(22.0, 0.0)	(23.0, 0.0)	(24.0, 0.0)	(25.0, 0.0)	(26.0, 0.0)	(27.0, 0.0)	(28.0, 0.0)	(29.0, 0.0)	(30.0, 0.0)	(31.0, 0.0)	(32.0, 0.0)	(33.0, 0.0)	(34.0, 0.0)	(35.0, 0.0)	(36.0, 0.0)	(37.0, 0.0)	(38.0, 0.0017337432672969806)	(39.0, 0.0)	(40.0, 0.0)	(41.0, 0.003467486534593961)	(42.0, 0.005201229801890942)	(43.0, 0.003467486534593961)	(44.0, 0.0017337432672969806)	(45.0, 0.0017337432672969806)	(46.0, 0.047388982639450794)	(47.0, 0.45077324949721503)	(48.0, 0.8686053769157872)	(49.0, 1.6956009154164473)	(50.0, 3.732749254490395)	(51.0, 10.993666057930085)	(52.0, 15.036755357266674)	(53.0, 19.59072100603346)	(54.0, 16.94791835225042)	(55.0, 9.804896090986851)	(56.0, 9.107931297533465)	(57.0, 4.1251531473219485)	(58.0, 2.70059409602626)	(59.0, 1.6580364779583485)	(60.0, 0.9870778335144144)	(61.0, 0.5652003051388155)	(62.0, 0.2346332555075247)	(63.0, 0.2028479622737467)	(64.0, 0.2011142190064497)	(65.0, 0.2750872650777876)	(66.0, 0.6068101435539432)	(67.0, 0.10575833930511581)	(68.0, 0.013869946138375845)	(69.0, 0.019071175940266784)	(70.0, 0.010402459603781883)	(71.0, 0.0)	(72.0, 0.0)	(73.0, 0.0)	(74.0, 0.0)	(75.0, 0.0)	(76.0, 0.0)	(77.0, 0.0)	(78.0, 0.0)	(79.0, 0.0)	(80.0, 0.0)	(81.0, 0.0)	(82.0, 0.0)	(83.0, 0.0)	(84.0, 0.0)	(85.0, 0.0)	(86.0, 0.0)	(87.0, 0.0)	(88.0, 0.0)	(89.0, 0.0)	(90.0, 0.0)	(91.0, 0.0)	(92.0, 0.0)	(93.0, 0.0)	(94.0, 0.0)	(95.0, 0.0)	(96.0, 0.0)	(97.0, 0.0)	(98.0, 0.0)	(99.0, 0.0)	(100.0, 0.0)
682A14_S146_L001_R2_001	(0.0, 0.0)	(1.0, 0.0)	(2.0, 0.0)	(3.0, 0.0)	(4.0, 0.0)	(5.0, 0.0)	(6.0, 0.0)	(7.0, 0.0)	(8.0, 0.0)	(9.0, 0.0)	(10.0, 0.0)	(11.0, 0.0)	(12.0, 0.0)	(13.0, 0.0)	(14.0, 0.0)	(15.0, 0.0)	(16.0, 0.0)	(17.0, 0.0)	(18.0, 0.0)	(19.0, 0.0)	(20.0, 0.0)	(21.0, 0.0)	(22.0, 0.0)	(23.0, 0.0)	(24.0, 0.0)	(25.0, 0.0)	(26.0, 0.0)	(27.0, 0.0)	(28.0, 0.0)	(29.0, 0.0)	(30.0, 0.0)	(31.0, 0.0)	(32.0, 0.0)	(33.0, 0.0)	(34.0, 0.0017126024707144968)	(35.0, 0.0)	(36.0, 0.0)	(37.0, 0.0)	(38.0, 0.0017126024707144968)	(39.0, 0.0034252049414289936)	(40.0, 0.003996072431667159)	(41.0, 0.005708674902381656)	(42.0, 0.008563012353572486)	(43.0, 0.009133879843810649)	(44.0, 0.010275614824286981)	(45.0, 0.022263832119288462)	(46.0, 0.07135843627977069)	(47.0, 0.30998104719932396)	(48.0, 1.0486835795675105)	(49.0, 1.384924531317791)	(50.0, 1.942091201790241)	(51.0, 4.215285547918612)	(52.0, 10.296736921425751)	(53.0, 18.495535816226354)	(54.0, 22.95515264996695)	(55.0, 16.948484917680897)	(56.0, 9.322836983079478)	(57.0, 5.287374694585891)	(58.0, 2.3930765190783903)	(59.0, 1.2444911287192013)	(60.0, 0.582284840042929)	(61.0, 0.38590642340099995)	(62.0, 0.30255976982622784)	(63.0, 0.3362409517502796)	(64.0, 0.3145479871212293)	(65.0, 0.333957481789327)	(66.0, 0.3174023245724201)	(67.0, 0.39618203822528697)	(68.0, 0.513780741214349)	(69.0, 0.279154202726463)	(70.0, 0.10104354577215532)	(71.0, 0.03425204941428994)	(72.0, 0.022263832119288462)	(73.0, 0.015413422236430474)	(74.0, 0.013700819765715974)	(75.0, 0.008563012353572486)	(76.0, 0.006850409882857987)	(77.0, 0.010275614824286981)	(78.0, 0.006850409882857987)	(79.0, 0.006850409882857987)	(80.0, 0.005137807412143491)	(81.0, 0.005137807412143491)	(82.0, 0.0034252049414289936)	(83.0, 0.0034252049414289936)	(84.0, 0.0017126024707144968)	(85.0, 0.0)	(86.0, 0.0017126024707144968)	(87.0, 0.0017126024707144968)	(88.0, 0.0)	(89.0, 0.0034252049414289936)	(90.0, 0.0017126024707144968)	(91.0, 0.0)	(92.0, 0.0)	(93.0, 0.0)	(94.0, 0.0)	(95.0, 0.0017126024707144968)	(96.0, 0.0)	(97.0, 0.0)	(98.0, 0.0)	(99.0, 0.0)	(100.0, 0.0)
682B0_S147_L001_R1_001	(0.0, 0.0)	(1.0, 0.0)	(2.0, 0.0)	(3.0, 0.0)	(4.0, 0.0)	(5.0, 0.0)	(6.0, 0.0)	(7.0, 0.0)	(8.0, 0.0)	(9.0, 0.0)	(10.0, 0.0)	(11.0, 0.0)	(12.0, 0.0)	(13.0, 0.0)	(14.0, 0.0)	(15.0, 0.0)	(16.0, 0.0)	(17.0, 0.0)	(18.0, 0.0)	(19.0, 0.0)	(20.0, 0.0)	(21.0, 0.0)	(22.0, 0.0)	(23.0, 0.0)	(24.0, 0.0)	(25.0, 0.0)	(26.0, 0.0)	(27.0, 0.0)	(28.0, 0.0)	(29.0, 0.0)	(30.0, 0.0)	(31.0, 0.0)	(32.0, 0.0)	(33.0, 0.0)	(34.0, 0.0)	(35.0, 0.0)	(36.0, 0.0)	(37.0, 0.0)	(38.0, 0.0)	(39.0, 0.0)	(40.0, 0.0015096314486423373)	(41.0, 0.0)	(42.0, 0.0015096314486423373)	(43.0, 0.0)	(44.0, 0.0015096314486423373)	(45.0, 0.006038525794569349)	(46.0, 0.01660594593506571)	(47.0, 0.028682997524204407)	(48.0, 0.10265493850767893)	(49.0, 0.797085404883154)	(50.0, 5.589158833356821)	(51.0, 17.127775205813123)	(52.0, 16.11833497715423)	(53.0, 22.412491697027033)	(54.0, 16.987882691572224)	(55.0, 7.946699945653263)	(56.0, 6.498460175922382)	(57.0, 2.2548861737887704)	(58.0, 1.0637869608099673)	(59.0, 0.8484128741369933)	(60.0, 0.5500090577886912)	(61.0, 0.3059519735915137)	(62.0, 0.13033151506612178)	(63.0, 0.10768704333648671)	(64.0, 0.1081902538193675)	(65.0, 0.21990298101890043)	(66.0, 0.635554839878424)	(67.0, 0.11171272719953296)	(68.0, 0.012077051589138698)	(69.0, 0.007548157243211687)	(70.0, 0.006038525794569349)	(71.0, 0.0)	(72.0, 0.0)	(73.0, 0.0)	(74.0, 0.0)	(75.0, 0.0)	(76.0, 0.0)	(77.0, 0.0)	(78.0, 0.0)	(79.0, 0.0)	(80.0, 0.0)	(81.0, 0.0)	(82.0, 0.0)	(83.0, 0.0)	(84.0, 0.0015096314486423373)	(85.0, 0.0)	(86.0, 0.0)	(87.0, 0.0)	(88.0, 0.0)	(89.0, 0.0)	(90.0, 0.0)	(91.0, 0.0)	(92.0, 0.0)	(93.0, 0.0)	(94.0, 0.0)	(95.0, 0.0)	(96.0, 0.0)	(97.0, 0.0)	(98.0, 0.0)	(99.0, 0.0)	(100.0, 0.0)
682B0_S147_L001_R2_001	(0.0, 0.0)	(1.0, 0.0)	(2.0, 0.0)	(3.0, 0.0)	(4.0, 0.0)	(5.0, 0.0)	(6.0, 0.0)	(7.0, 0.0)	(8.0, 0.0)	(9.0, 0.0)	(10.0, 0.0)	(11.0, 0.0)	(12.0, 0.0)	(13.0, 0.0)	(14.0, 0.0)	(15.0, 0.0)	(16.0, 0.0)	(17.0, 0.0)	(18.0, 0.0)	(19.0, 0.0)	(20.0, 0.0)	(21.0, 0.0)	(22.0, 0.0)	(23.0, 0.0)	(24.0, 0.0)	(25.0, 0.0)	(26.0, 0.0)	(27.0, 0.0)	(28.0, 0.0)	(29.0, 0.0)	(30.0, 0.0)	(31.0, 0.0)	(32.0, 0.0)	(33.0, 0.0)	(34.0, 0.0)	(35.0, 0.0)	(36.0, 0.0014835768047711797)	(37.0, 0.0)	(38.0, 0.0)	(39.0, 0.004945256015903932)	(40.0, 0.00791240962544629)	(41.0, 0.0029671536095423594)	(42.0, 0.008901460828627078)	(43.0, 0.004450730414313539)	(44.0, 0.013352191242940617)	(45.0, 0.017802921657254157)	(46.0, 0.03362774090814674)	(47.0, 0.05588139297971444)	(48.0, 0.21412958548864025)	(49.0, 0.3451788699100946)	(50.0, 0.7793723481064585)	(51.0, 3.4325022006389156)	(52.0, 13.396698547083705)	(53.0, 24.3721997487811)	(54.0, 24.104166872719045)	(55.0, 15.747673257044493)	(56.0, 8.020710732194587)	(57.0, 4.121870889255928)	(58.0, 1.628472806037165)	(59.0, 0.7645365800587478)	(60.0, 0.35655295874667353)	(61.0, 0.22006389270772497)	(62.0, 0.220063892707725)	(63.0, 0.28385769531288574)	(64.0, 0.24676827519360622)	(65.0, 0.2531971080142813)	(66.0, 0.22253652071567695)	(67.0, 0.26556024805404116)	(68.0, 0.37880661081824124)	(69.0, 0.2388558655681599)	(70.0, 0.0875310314814996)	(71.0, 0.03412226650973713)	(72.0, 0.02967153609542359)	(73.0, 0.013352191242940617)	(74.0, 0.0029671536095423594)	(75.0, 0.013352191242940617)	(76.0, 0.011868614438169438)	(77.0, 0.0029671536095423594)	(78.0, 0.0029671536095423594)	(79.0, 0.005934307219084719)	(80.0, 0.0029671536095423594)	(81.0, 0.0029671536095423594)	(82.0, 0.004450730414313539)	(83.0, 0.004450730414313539)	(84.0, 0.0029671536095423594)	(85.0, 0.0029671536095423594)	(86.0, 0.0014835768047711797)	(87.0, 0.0)	(88.0, 0.0014835768047711797)	(89.0, 0.0)	(90.0, 0.0)	(91.0, 0.0)	(92.0, 0.0029671536095423594)	(93.0, 0.0)	(94.0, 0.0014835768047711797)	(95.0, 0.0)	(96.0, 0.0)	(97.0, 0.0)	(98.0, 0.0)	(99.0, 0.0)	(100.0, 0.0019781024063615727)
682B14_S148_L001_R1_001	(0.0, 0.0)	(1.0, 0.0)	(2.0, 0.0)	(3.0, 0.0)	(4.0, 0.0)	(5.0, 0.0)	(6.0, 0.0)	(7.0, 0.0)	(8.0, 0.0)	(9.0, 0.0)	(10.0, 0.0)	(11.0, 0.0)	(12.0, 0.0)	(13.0, 0.0)	(14.0, 0.0)	(15.0, 0.0)	(16.0, 0.0)	(17.0, 0.0)	(18.0, 0.0)	(19.0, 0.0)	(20.0, 0.0)	(21.0, 0.0)	(22.0, 0.0)	(23.0, 0.0)	(24.0, 0.0)	(25.0, 0.0)	(26.0, 0.0)	(27.0, 0.0)	(28.0, 0.0)	(29.0, 0.0)	(30.0, 0.0)	(31.0, 0.0)	(32.0, 0.0)	(33.0, 0.0)	(34.0, 0.0)	(35.0, 0.0)	(36.0, 0.0)	(37.0, 0.0)	(38.0, 0.0)	(39.0, 0.0)	(40.0, 0.0)	(41.0, 0.0)	(42.0, 0.006457816110098598)	(43.0, 0.006457816110098598)	(44.0, 0.0021526053700328656)	(45.0, 0.008610421480131462)	(46.0, 0.10619519825495469)	(47.0, 0.6328659787896626)	(48.0, 1.1437509866107956)	(49.0, 2.33557682648566)	(50.0, 5.702969160340408)	(51.0, 13.150983740654054)	(52.0, 14.325588737568687)	(53.0, 17.639165937172628)	(54.0, 14.701577142201117)	(55.0, 9.266248582868148)	(56.0, 9.451372644690974)	(57.0, 4.809637931776765)	(58.0, 3.202359255485559)	(59.0, 1.2542513956058163)	(60.0, 0.6888337184105169)	(61.0, 0.39464431783935866)	(62.0, 0.1707733593559407)	(63.0, 0.11911083047515192)	(64.0, 0.13704920855875913)	(65.0, 0.2095202560165323)	(66.0, 0.4391314954867046)	(67.0, 0.0688833718410517)	(68.0, 0.008610421480131462)	(69.0, 0.006457816110098598)	(70.0, 0.010763026850164328)	(71.0, 0.0)	(72.0, 0.0)	(73.0, 0.0)	(74.0, 0.0)	(75.0, 0.0)	(76.0, 0.0)	(77.0, 0.0)	(78.0, 0.0)	(79.0, 0.0)	(80.0, 0.0)	(81.0, 0.0)	(82.0, 0.0)	(83.0, 0.0)	(84.0, 0.0)	(85.0, 0.0)	(86.0, 0.0)	(87.0, 0.0)	(88.0, 0.0)	(89.0, 0.0)	(90.0, 0.0)	(91.0, 0.0)	(92.0, 0.0)	(93.0, 0.0)	(94.0, 0.0)	(95.0, 0.0)	(96.0, 0.0)	(97.0, 0.0)	(98.0, 0.0)	(99.0, 0.0)	(100.0, 0.0)
682B14_S148_L001_R2_001	(0.0, 0.0)	(1.0, 0.0)	(2.0, 0.0)	(3.0, 0.0)	(4.0, 0.0)	(5.0, 0.0)	(6.0, 0.0)	(7.0, 0.0)	(8.0, 0.0)	(9.0, 0.0)	(10.0, 0.0)	(11.0, 0.0)	(12.0, 0.0)	(13.0, 0.0)	(14.0, 0.0)	(15.0, 0.0)	(16.0, 0.0)	(17.0, 0.0)	(18.0, 0.0)	(19.0, 0.0)	(20.0, 0.0)	(21.0, 0.0)	(22.0, 0.0)	(23.0, 0.0)	(24.0, 0.0)	(25.0, 0.0)	(26.0, 0.0)	(27.0, 0.0)	(28.0, 0.0)	(29.0, 0.0)	(30.0, 0.0)	(31.0, 0.0)	(32.0, 0.0)	(33.0, 0.0)	(34.0, 0.002128731488905763)	(35.0, 0.0)	(36.0, 0.0)	(37.0, 0.007095771629685877)	(38.0, 0.004967040140780113)	(39.0, 0.007095771629685877)	(40.0, 0.004967040140780113)	(41.0, 0.00638619446671729)	(42.0, 0.021287314889057635)	(43.0, 0.017029851911246105)	(44.0, 0.01632027474827752)	(45.0, 0.027673509355774922)	(46.0, 0.13056219798622015)	(47.0, 0.35265984999538824)	(48.0, 1.08991052231975)	(49.0, 1.8583825898147328)	(50.0, 2.377083495944772)	(51.0, 4.567548198028786)	(52.0, 11.637065472684812)	(53.0, 18.894620695527504)	(54.0, 20.362735845709565)	(55.0, 15.822861157036522)	(56.0, 10.065352056709418)	(57.0, 5.990959986943787)	(58.0, 2.4934541506716177)	(59.0, 1.085653059341939)	(60.0, 0.5158625974781634)	(61.0, 0.3306629579433619)	(62.0, 0.2696393219280633)	(63.0, 0.3036990257505555)	(64.0, 0.2724776305799377)	(65.0, 0.263253127461346)	(66.0, 0.19939118279417317)	(67.0, 0.26892974476509474)	(68.0, 0.3022798714246184)	(69.0, 0.1788134450680841)	(70.0, 0.10288868863044523)	(71.0, 0.0411554754521781)	(72.0, 0.011353234607497403)	(73.0, 0.010643657444528817)	(74.0, 0.008514925955623052)	(75.0, 0.004257462977811526)	(76.0, 0.010643657444528817)	(77.0, 0.00638619446671729)	(78.0, 0.00638619446671729)	(79.0, 0.0)	(80.0, 0.00638619446671729)	(81.0, 0.004257462977811526)	(82.0, 0.002128731488905763)	(83.0, 0.0)	(84.0, 0.002128731488905763)	(85.0, 0.00638619446671729)	(86.0, 0.0)	(87.0, 0.0)	(88.0, 0.004257462977811526)	(89.0, 0.004257462977811526)	(90.0, 0.002128731488905763)	(91.0, 0.002128731488905763)	(92.0, 0.0)	(93.0, 0.0)	(94.0, 0.0)	(95.0, 0.004257462977811526)	(96.0, 0.002128731488905763)	(97.0, 0.0)	(98.0, 0.004257462977811526)	(99.0, 0.004257462977811526)	(100.0, 0.0)
688A0_S137_L001_R1_001	(0.0, 0.0)	(1.0, 0.0)	(2.0, 0.0)	(3.0, 0.0)	(4.0, 0.0)	(5.0, 0.0)	(6.0, 0.0)	(7.0, 0.0)	(8.0, 0.0)	(9.0, 0.0)	(10.0, 0.0)	(11.0, 0.0)	(12.0, 0.0)	(13.0, 0.0)	(14.0, 0.0)	(15.0, 0.0)	(16.0, 0.0)	(17.0, 0.0)	(18.0, 0.0)	(19.0, 0.0)	(20.0, 0.0)	(21.0, 0.0)	(22.0, 0.0)	(23.0, 0.0)	(24.0, 0.0)	(25.0, 0.0)	(26.0, 0.0)	(27.0, 0.0)	(28.0, 0.0)	(29.0, 0.0)	(30.0, 0.0)	(31.0, 0.0)	(32.0, 0.0)	(33.0, 0.0)	(34.0, 0.0)	(35.0, 0.0)	(36.0, 0.0)	(37.0, 0.0038105762543940713)	(38.0, 0.0038105762543940713)	(39.0, 0.0028579321907955535)	(40.0, 0.0028579321907955535)	(41.0, 0.0028579321907955535)	(42.0, 0.005715864381591107)	(43.0, 0.005715864381591107)	(44.0, 0.011431728763182214)	(45.0, 0.03143725409875109)	(46.0, 0.26102447342599394)	(47.0, 1.9853102285393114)	(48.0, 10.40858903887741)	(49.0, 8.489963894789994)	(50.0, 5.406255060921588)	(51.0, 12.311971877947254)	(52.0, 13.31415343285288)	(53.0, 14.836478646483316)	(54.0, 18.5622695792171)	(55.0, 7.50778786521992)	(56.0, 3.446666222099438)	(57.0, 1.2050947404521248)	(58.0, 0.5506282687599435)	(59.0, 0.883101046955826)	(60.0, 0.3315201341322841)	(61.0, 0.13527545703098953)	(62.0, 0.08478532166026807)	(63.0, 0.06287450819750218)	(64.0, 0.005715864381591107)	(65.0, 0.00857379657238666)	(66.0, 0.11431728763182214)	(67.0, 0.014289660953977767)	(68.0, 0.0)	(69.0, 0.0)	(70.0, 0.0028579321907955535)	(71.0, 0.0)	(72.0, 0.0)	(73.0, 0.0)	(74.0, 0.0)	(75.0, 0.0)	(76.0, 0.0)	(77.0, 0.0)	(78.0, 0.0)	(79.0, 0.0)	(80.0, 0.0)	(81.0, 0.0)	(82.0, 0.0)	(83.0, 0.0)	(84.0, 0.0)	(85.0, 0.0)	(86.0, 0.0)	(87.0, 0.0)	(88.0, 0.0)	(89.0, 0.0)	(90.0, 0.0)	(91.0, 0.0)	(92.0, 0.0)	(93.0, 0.0)	(94.0, 0.0)	(95.0, 0.0)	(96.0, 0.0)	(97.0, 0.0)	(98.0, 0.0)	(99.0, 0.0)	(100.0, 0.0)
688A0_S137_L001_R2_001	(0.0, 0.0)	(1.0, 0.0)	(2.0, 0.0)	(3.0, 0.0)	(4.0, 0.0)	(5.0, 0.0)	(6.0, 0.0)	(7.0, 0.0)	(8.0, 0.0)	(9.0, 0.0)	(10.0, 0.0)	(11.0, 0.0)	(12.0, 0.0)	(13.0, 0.0)	(14.0, 0.0)	(15.0, 0.0)	(16.0, 0.0)	(17.0, 0.0)	(18.0, 0.0)	(19.0, 0.0)	(20.0, 0.0)	(21.0, 0.0)	(22.0, 0.0)	(23.0, 0.0)	(24.0, 0.0)	(25.0, 0.0)	(26.0, 0.0)	(27.0, 0.0)	(28.0, 0.0)	(29.0, 0.0)	(30.0, 0.0)	(31.0, 0.0)	(32.0, 0.005597902652472875)	(33.0, 0.0027989513262364376)	(34.0, 0.0)	(35.0, 0.0)	(36.0, 0.0)	(37.0, 0.0027989513262364376)	(38.0, 0.008396853978709313)	(39.0, 0.01119580530494575)	(40.0, 0.008396853978709313)	(41.0, 0.005597902652472875)	(42.0, 0.01119580530494575)	(43.0, 0.0223916106098915)	(44.0, 0.025190561936127936)	(45.0, 0.0979632964182753)	(46.0, 0.3694615750632096)	(47.0, 1.1690286705914177)	(48.0, 4.956942798764725)	(49.0, 9.724489891120802)	(50.0, 7.613147607363109)	(51.0, 4.940149090807301)	(52.0, 8.848418126008822)	(53.0, 15.490329623167842)	(54.0, 18.75017493445788)	(55.0, 15.87938385751472)	(56.0, 6.640045529608242)	(57.0, 2.102012446003565)	(58.0, 1.0850601308043255)	(59.0, 0.7127996044148796)	(60.0, 0.38812125057145275)	(61.0, 0.2341789276284486)	(62.0, 0.11475700437569393)	(63.0, 0.07650466958379595)	(64.0, 0.12688579345605183)	(65.0, 0.10822611794780893)	(66.0, 0.08396853978709311)	(67.0, 0.09329837754121457)	(68.0, 0.089566442439566)	(69.0, 0.05597902652472875)	(70.0, 0.0223916106098915)	(71.0, 0.019592659283655063)	(72.0, 0.013994756631182187)	(73.0, 0.005597902652472875)	(74.0, 0.008396853978709313)	(75.0, 0.01119580530494575)	(76.0, 0.01119580530494575)	(77.0, 0.008396853978709313)	(78.0, 0.0027989513262364376)	(79.0, 0.0)	(80.0, 0.005597902652472875)	(81.0, 0.0027989513262364376)	(82.0, 0.0027989513262364376)	(83.0, 0.0)	(84.0, 0.0027989513262364376)	(85.0, 0.005597902652472875)	(86.0, 0.0)	(87.0, 0.0)	(88.0, 0.0027989513262364376)	(89.0, 0.0027989513262364376)	(90.0, 0.0)	(91.0, 0.0027989513262364376)	(92.0, 0.0027989513262364376)	(93.0, 0.0027989513262364376)	(94.0, 0.0027989513262364376)	(95.0, 0.0)	(96.0, 0.0)	(97.0, 0.0)	(98.0, 0.0027989513262364376)	(99.0, 0.0027989513262364376)	(100.0, 0.0)
688A14_S138_L001_R1_001	(0.0, 0.0)	(1.0, 0.0)	(2.0, 0.0)	(3.0, 0.0)	(4.0, 0.0)	(5.0, 0.0)	(6.0, 0.0)	(7.0, 0.0)	(8.0, 0.0)	(9.0, 0.0)	(10.0, 0.0)	(11.0, 0.0)	(12.0, 0.0)	(13.0, 0.0)	(14.0, 0.0)	(15.0, 0.0)	(16.0, 0.0)	(17.0, 0.0)	(18.0, 0.0)	(19.0, 0.0)	(20.0, 0.0)	(21.0, 0.0)	(22.0, 0.0)	(23.0, 0.0)	(24.0, 0.0)	(25.0, 0.0)	(26.0, 0.0)	(27.0, 0.0)	(28.0, 0.0)	(29.0, 0.0)	(30.0, 0.0)	(31.0, 0.0)	(32.0, 0.0)	(33.0, 0.0)	(34.0, 0.0)	(35.0, 0.0)	(36.0, 0.0)	(37.0, 0.0)	(38.0, 0.0)	(39.0, 0.0)	(40.0, 0.0)	(41.0, 0.0)	(42.0, 0.0)	(43.0, 0.006623905675583179)	(44.0, 0.0033119528377915895)	(45.0, 0.026495622702332716)	(46.0, 0.17001357900663494)	(47.0, 1.9882756869542175)	(48.0, 9.462249257570575)	(49.0, 6.3026462503173954)	(50.0, 4.914938011282718)	(51.0, 11.206544418807487)	(52.0, 13.981960896876833)	(53.0, 18.91235468806924)	(54.0, 18.225676466367116)	(55.0, 6.671376999591522)	(56.0, 3.0017332553184444)	(57.0, 1.135999823362515)	(58.0, 0.8324041465649533)	(59.0, 1.599673220653336)	(60.0, 0.6679104889546374)	(61.0, 0.20865302878087014)	(62.0, 0.21086099733939787)	(63.0, 0.15897373621399633)	(64.0, 0.04636733972908226)	(65.0, 0.03974343405349908)	(66.0, 0.16890959472737108)	(67.0, 0.056303198242457025)	(68.0, 0.0)	(69.0, 0.0)	(70.0, 0.0)	(71.0, 0.0)	(72.0, 0.0)	(73.0, 0.0)	(74.0, 0.0)	(75.0, 0.0)	(76.0, 0.0)	(77.0, 0.0)	(78.0, 0.0)	(79.0, 0.0)	(80.0, 0.0)	(81.0, 0.0)	(82.0, 0.0)	(83.0, 0.0)	(84.0, 0.0)	(85.0, 0.0)	(86.0, 0.0)	(87.0, 0.0)	(88.0, 0.0)	(89.0, 0.0)	(90.0, 0.0)	(91.0, 0.0)	(92.0, 0.0)	(93.0, 0.0)	(94.0, 0.0)	(95.0, 0.0)	(96.0, 0.0)	(97.0, 0.0)	(98.0, 0.0)	(99.0, 0.0)	(100.0, 0.0)
688A14_S138_L001_R2_001	(0.0, 0.0)	(1.0, 0.0)	(2.0, 0.0)	(3.0, 0.0)	(4.0, 0.0)	(5.0, 0.0)	(6.0, 0.0)	(7.0, 0.0)	(8.0, 0.0)	(9.0, 0.0)	(10.0, 0.0)	(11.0, 0.0)	(12.0, 0.0)	(13.0, 0.0)	(14.0, 0.0)	(15.0, 0.0)	(16.0, 0.0)	(17.0, 0.0)	(18.0, 0.0)	(19.0, 0.0)	(20.0, 0.0)	(21.0, 0.0)	(22.0, 0.0)	(23.0, 0.0)	(24.0, 0.0)	(25.0, 0.0)	(26.0, 0.0)	(27.0, 0.0)	(28.0, 0.0)	(29.0, 0.0)	(30.0, 0.0)	(31.0, 0.0)	(32.0, 0.0)	(33.0, 0.0)	(34.0, 0.0)	(35.0, 0.0)	(36.0, 0.0)	(37.0, 0.0032399507527485585)	(38.0, 0.006479901505497117)	(39.0, 0.0)	(40.0, 0.0032399507527485585)	(41.0, 0.009719852258245676)	(42.0, 0.007559885089746635)	(43.0, 0.01835972093224183)	(44.0, 0.028079573190487504)	(45.0, 0.06695898222347021)	(46.0, 0.20303691383890973)	(47.0, 1.000064799015055)	(48.0, 4.444132449186769)	(49.0, 8.811586063891834)	(50.0, 6.340583623128921)	(51.0, 4.75192777069788)	(52.0, 9.588094260967251)	(53.0, 16.121994945676832)	(54.0, 20.90308227314944)	(55.0, 15.250448193187463)	(56.0, 5.858910944553642)	(57.0, 1.9418104844806359)	(58.0, 1.3305397757954076)	(59.0, 1.1653022874052315)	(60.0, 0.5389118085405102)	(61.0, 0.2440762900403914)	(62.0, 0.21167678251290586)	(63.0, 0.1609175540531784)	(64.0, 0.2041168974231592)	(65.0, 0.18359720932241833)	(66.0, 0.08639868673996157)	(67.0, 0.10367842408795387)	(68.0, 0.14255783312093656)	(69.0, 0.11015832559345098)	(70.0, 0.05831911354947405)	(71.0, 0.022679655269239908)	(72.0, 0.006479901505497117)	(73.0, 0.009719852258245676)	(74.0, 0.009719852258245676)	(75.0, 0.0)	(76.0, 0.0)	(77.0, 0.0)	(78.0, 0.012959803010994234)	(79.0, 0.006479901505497117)	(80.0, 0.0032399507527485585)	(81.0, 0.006479901505497117)	(82.0, 0.0)	(83.0, 0.006479901505497117)	(84.0, 0.0032399507527485585)	(85.0, 0.0)	(86.0, 0.0)	(87.0, 0.0)	(88.0, 0.006479901505497117)	(89.0, 0.0032399507527485585)	(90.0, 0.0)	(91.0, 0.0)	(92.0, 0.0)	(93.0, 0.0)	(94.0, 0.0032399507527485585)	(95.0, 0.0)	(96.0, 0.0)	(97.0, 0.0)	(98.0, 0.0)	(99.0, 0.0)	(100.0, 0.0)
688B0_S139_L001_R1_001	(0.0, 0.0)	(1.0, 0.0)	(2.0, 0.0)	(3.0, 0.0)	(4.0, 0.0)	(5.0, 0.0)	(6.0, 0.0)	(7.0, 0.0)	(8.0, 0.0)	(9.0, 0.0)	(10.0, 0.0)	(11.0, 0.0)	(12.0, 0.0)	(13.0, 0.0)	(14.0, 0.0)	(15.0, 0.0)	(16.0, 0.0)	(17.0, 0.0)	(18.0, 0.0)	(19.0, 0.0)	(20.0, 0.0)	(21.0, 0.0)	(22.0, 0.0)	(23.0, 0.0)	(24.0, 0.0)	(25.0, 0.0)	(26.0, 0.0)	(27.0, 0.0)	(28.0, 0.0)	(29.0, 0.0)	(30.0, 0.0)	(31.0, 0.0)	(32.0, 0.0)	(33.0, 0.0)	(34.0, 0.0)	(35.0, 0.0)	(36.0, 0.0)	(37.0, 0.0)	(38.0, 0.0)	(39.0, 0.0)	(40.0, 0.0)	(41.0, 0.0)	(42.0, 0.003111048890133309)	(43.0, 0.0)	(44.0, 0.004666573335199964)	(45.0, 0.03811034890413305)	(46.0, 0.21699566008679833)	(47.0, 1.8331855585110528)	(48.0, 8.475274938945669)	(49.0, 5.872882542349154)	(50.0, 4.91156843529796)	(51.0, 10.062687635136196)	(52.0, 14.166161121222023)	(53.0, 17.608536718154518)	(54.0, 17.737645247095042)	(55.0, 7.515516356339545)	(56.0, 3.837478805979435)	(57.0, 1.5967458428609218)	(58.0, 1.1052001182198568)	(59.0, 2.83494330113398)	(60.0, 1.4505265450246556)	(61.0, 0.21310684897413168)	(62.0, 0.17966307340519863)	(63.0, 0.10033132670679923)	(64.0, 0.023332866675999823)	(65.0, 0.023332866675999823)	(66.0, 0.16333006673199876)	(67.0, 0.02099958000839984)	(68.0, 0.004666573335199964)	(69.0, 0.0)	(70.0, 0.0)	(71.0, 0.0)	(72.0, 0.0)	(73.0, 0.0)	(74.0, 0.0)	(75.0, 0.0)	(76.0, 0.0)	(77.0, 0.0)	(78.0, 0.0)	(79.0, 0.0)	(80.0, 0.0)	(81.0, 0.0)	(82.0, 0.0)	(83.0, 0.0)	(84.0, 0.0)	(85.0, 0.0)	(86.0, 0.0)	(87.0, 0.0)	(88.0, 0.0)	(89.0, 0.0)	(90.0, 0.0)	(91.0, 0.0)	(92.0, 0.0)	(93.0, 0.0)	(94.0, 0.0)	(95.0, 0.0)	(96.0, 0.0)	(97.0, 0.0)	(98.0, 0.0)	(99.0, 0.0)	(100.0, 0.0)
688B0_S139_L001_R2_001	(0.0, 0.0)	(1.0, 0.0)	(2.0, 0.0)	(3.0, 0.0)	(4.0, 0.0)	(5.0, 0.0)	(6.0, 0.0)	(7.0, 0.0)	(8.0, 0.0)	(9.0, 0.0)	(10.0, 0.0)	(11.0, 0.0)	(12.0, 0.0)	(13.0, 0.0)	(14.0, 0.0)	(15.0, 0.0)	(16.0, 0.0)	(17.0, 0.0)	(18.0, 0.0)	(19.0, 0.0)	(20.0, 0.0)	(21.0, 0.0)	(22.0, 0.0)	(23.0, 0.0)	(24.0, 0.0)	(25.0, 0.0)	(26.0, 0.0)	(27.0, 0.0)	(28.0, 0.0)	(29.0, 0.0)	(30.0, 0.0)	(31.0, 0.0)	(32.0, 0.0)	(33.0, 0.0022877362087635566)	(34.0, 0.0022877362087635566)	(35.0, 0.0)	(36.0, 0.0)	(37.0, 0.0022877362087635566)	(38.0, 0.0022877362087635566)	(39.0, 0.0)	(40.0, 0.004575472417527113)	(41.0, 0.0022877362087635566)	(42.0, 0.009150944835054227)	(43.0, 0.022877362087635567)	(44.0, 0.03431604313145335)	(45.0, 0.06253145637287054)	(46.0, 0.28749218356795353)	(47.0, 1.0759985968551247)	(48.0, 4.166730214894686)	(49.0, 7.558680433754797)	(50.0, 5.879482056522344)	(51.0, 4.764591944118221)	(52.0, 10.120182408833742)	(53.0, 15.72284838409562)	(54.0, 18.706818979059566)	(55.0, 15.25691277624415)	(56.0, 6.734332819863656)	(57.0, 2.414324278981807)	(58.0, 2.126832095413855)	(59.0, 2.360181188707738)	(60.0, 1.0988759589427617)	(61.0, 0.402641572742386)	(62.0, 0.22343556972257403)	(63.0, 0.14260222367959505)	(64.0, 0.14946543230588571)	(65.0, 0.15175316851464923)	(66.0, 0.08998429087803324)	(67.0, 0.07091982247167025)	(68.0, 0.12582549148199562)	(69.0, 0.1006603931855965)	(70.0, 0.04117925175774402)	(71.0, 0.018301889670108453)	(72.0, 0.0068632086262906695)	(73.0, 0.011438681043817784)	(74.0, 0.0022877362087635566)	(75.0, 0.004575472417527113)	(76.0, 0.0)	(77.0, 0.0)	(78.0, 0.0022877362087635566)	(79.0, 0.009150944835054227)	(80.0, 0.0068632086262906695)	(81.0, 0.004575472417527113)	(82.0, 0.0022877362087635566)	(83.0, 0.0)	(84.0, 0.0)	(85.0, 0.0022877362087635566)	(86.0, 0.0)	(87.0, 0.0)	(88.0, 0.0022877362087635566)	(89.0, 0.0022877362087635566)	(90.0, 0.0)	(91.0, 0.0022877362087635566)	(92.0, 0.0022877362087635566)	(93.0, 0.0)	(94.0, 0.0)	(95.0, 0.0022877362087635566)	(96.0, 0.0)	(97.0, 0.0)	(98.0, 0.0)	(99.0, 0.0)	(100.0, 0.0)
688B14_S140_L001_R1_001	(0.0, 0.0)	(1.0, 0.0)	(2.0, 0.0)	(3.0, 0.0)	(4.0, 0.0)	(5.0, 0.0)	(6.0, 0.0)	(7.0, 0.0)	(8.0, 0.0)	(9.0, 0.0)	(10.0, 0.0)	(11.0, 0.0)	(12.0, 0.0)	(13.0, 0.0)	(14.0, 0.0)	(15.0, 0.0)	(16.0, 0.0)	(17.0, 0.0)	(18.0, 0.0)	(19.0, 0.0)	(20.0, 0.0)	(21.0, 0.0)	(22.0, 0.0)	(23.0, 0.0)	(24.0, 0.0)	(25.0, 0.0)	(26.0, 0.0)	(27.0, 0.0)	(28.0, 0.0)	(29.0, 0.0)	(30.0, 0.0)	(31.0, 0.0)	(32.0, 0.0)	(33.0, 0.0)	(34.0, 0.0)	(35.0, 0.0)	(36.0, 0.0)	(37.0, 0.0)	(38.0, 0.0)	(39.0, 0.0)	(40.0, 0.0022134667315950244)	(41.0, 0.004426933463190049)	(42.0, 0.0022134667315950244)	(43.0, 0.0022134667315950244)	(44.0, 0.011067333657975123)	(45.0, 0.02434813404754527)	(46.0, 0.1527292044800567)	(47.0, 1.5228651113373768)	(48.0, 6.709755485708385)	(49.0, 4.4475924860182685)	(50.0, 4.119261587498338)	(51.0, 10.883615919252728)	(52.0, 13.582569687310937)	(53.0, 16.82382280460991)	(54.0, 21.010964038543833)	(55.0, 7.8068971623356544)	(56.0, 3.2456800507621697)	(57.0, 1.4793335989493421)	(58.0, 1.386367996222351)	(59.0, 3.788717222246811)	(60.0, 1.7670842740566954)	(61.0, 0.31431227588649346)	(62.0, 0.26561600779140293)	(63.0, 0.20585240603833727)	(64.0, 0.042055867900305466)	(65.0, 0.05090973482668556)	(66.0, 0.2899641418389482)	(67.0, 0.04869626809509054)	(68.0, 0.004426933463190049)	(69.0, 0.0022134667315950244)	(70.0, 0.0022134667315950244)	(71.0, 0.0)	(72.0, 0.0)	(73.0, 0.0)	(74.0, 0.0)	(75.0, 0.0)	(76.0, 0.0)	(77.0, 0.0)	(78.0, 0.0)	(79.0, 0.0)	(80.0, 0.0)	(81.0, 0.0)	(82.0, 0.0)	(83.0, 0.0)	(84.0, 0.0)	(85.0, 0.0)	(86.0, 0.0)	(87.0, 0.0)	(88.0, 0.0)	(89.0, 0.0)	(90.0, 0.0)	(91.0, 0.0)	(92.0, 0.0)	(93.0, 0.0)	(94.0, 0.0)	(95.0, 0.0)	(96.0, 0.0)	(97.0, 0.0)	(98.0, 0.0)	(99.0, 0.0)	(100.0, 0.0)
688B14_S140_L001_R2_001	(0.0, 0.0)	(1.0, 0.0)	(2.0, 0.0)	(3.0, 0.0)	(4.0, 0.0)	(5.0, 0.0)	(6.0, 0.0)	(7.0, 0.0)	(8.0, 0.0)	(9.0, 0.0)	(10.0, 0.0)	(11.0, 0.0)	(12.0, 0.0)	(13.0, 0.0)	(14.0, 0.0)	(15.0, 0.0)	(16.0, 0.0)	(17.0, 0.0)	(18.0, 0.0)	(19.0, 0.0)	(20.0, 0.0)	(21.0, 0.0)	(22.0, 0.0)	(23.0, 0.0)	(24.0, 0.0)	(25.0, 0.0)	(26.0, 0.0)	(27.0, 0.0)	(28.0, 0.0)	(29.0, 0.0)	(30.0, 0.0)	(31.0, 0.0)	(32.0, 0.0028656168956772187)	(33.0, 0.0)	(34.0, 0.0)	(35.0, 0.0)	(36.0, 0.0)	(37.0, 0.0)	(38.0, 0.0021492126717579142)	(39.0, 0.00931325491095096)	(40.0, 0.010746063358789571)	(41.0, 0.007164042239193046)	(42.0, 0.01719370137406331)	(43.0, 0.016477297150144007)	(44.0, 0.04083504076340036)	(45.0, 0.09241614488559032)	(46.0, 0.30877022050922037)	(47.0, 1.0480993795939415)	(48.0, 3.7561073460089105)	(49.0, 6.333729743670576)	(50.0, 4.449586634762795)	(51.0, 4.356454085653281)	(52.0, 8.565328901179255)	(53.0, 15.444958663476227)	(54.0, 19.434613786482885)	(55.0, 16.53389308383362)	(56.0, 7.288696574155007)	(57.0, 2.663590904531975)	(58.0, 2.8878254266187144)	(59.0, 3.044717951657044)	(60.0, 1.3575860043270827)	(61.0, 0.4534838737409199)	(62.0, 0.26220394595446556)	(63.0, 0.22280171363890372)	(64.0, 0.2550399037152724)	(65.0, 0.22638373475850027)	(66.0, 0.17838465175590687)	(67.0, 0.15689252503832773)	(68.0, 0.22136890519106517)	(69.0, 0.16763858839711732)	(70.0, 0.07307323083976909)	(71.0, 0.03223819007636871)	(72.0, 0.012895276030547485)	(73.0, 0.012895276030547485)	(74.0, 0.008596850687031657)	(75.0, 0.0042984253435158284)	(76.0, 0.0042984253435158284)	(77.0, 0.0021492126717579142)	(78.0, 0.0)	(79.0, 0.006447638015273743)	(80.0, 0.0042984253435158284)	(81.0, 0.008596850687031657)	(82.0, 0.0042984253435158284)	(83.0, 0.0)	(84.0, 0.0)	(85.0, 0.0)	(86.0, 0.0021492126717579142)	(87.0, 0.0021492126717579142)	(88.0, 0.0)	(89.0, 0.0021492126717579142)	(90.0, 0.0021492126717579142)	(91.0, 0.0)	(92.0, 0.0)	(93.0, 0.0)	(94.0, 0.0)	(95.0, 0.0)	(96.0, 0.0)	(97.0, 0.0)	(98.0, 0.0)	(99.0, 0.0)	(100.0, 0.0)
692A0_S157_L001_R1_001	(0.0, 0.0)	(1.0, 0.0)	(2.0, 0.0)	(3.0, 0.0)	(4.0, 0.0)	(5.0, 0.0)	(6.0, 0.0)	(7.0, 0.0)	(8.0, 0.0)	(9.0, 0.0)	(10.0, 0.0)	(11.0, 0.0)	(12.0, 0.0)	(13.0, 0.0)	(14.0, 0.0)	(15.0, 0.0)	(16.0, 0.0)	(17.0, 0.0)	(18.0, 0.0)	(19.0, 0.0)	(20.0, 0.0)	(21.0, 0.0)	(22.0, 0.0)	(23.0, 0.0)	(24.0, 0.0)	(25.0, 0.0)	(26.0, 0.0)	(27.0, 0.0)	(28.0, 0.0)	(29.0, 0.0)	(30.0, 0.0)	(31.0, 0.0)	(32.0, 0.0)	(33.0, 0.0)	(34.0, 0.0)	(35.0, 0.0)	(36.0, 0.0)	(37.0, 0.0)	(38.0, 0.0)	(39.0, 0.0)	(40.0, 0.0)	(41.0, 0.0)	(42.0, 0.006350774441661084)	(43.0, 0.0)	(44.0, 0.006350774441661084)	(45.0, 0.01905232332498325)	(46.0, 0.2039304237377837)	(47.0, 1.4846699361394358)	(48.0, 3.0518999400204647)	(49.0, 10.410330593091771)	(50.0, 16.26574462830328)	(51.0, 17.364428606710643)	(52.0, 17.099813004974774)	(53.0, 15.769678580249092)	(54.0, 10.490773736019484)	(55.0, 4.085664890801962)	(56.0, 1.5933387432523032)	(57.0, 0.6188476872596411)	(58.0, 0.34435310305895656)	(59.0, 0.49818297286808083)	(60.0, 0.30060332357195796)	(61.0, 0.09314469181102923)	(62.0, 0.03175387220830542)	(63.0, 0.02963694739441839)	(64.0, 0.02963694739441839)	(65.0, 0.05080619553328867)	(66.0, 0.12278163920544762)	(67.0, 0.01905232332498325)	(68.0, 0.0)	(69.0, 0.0049394912324030645)	(70.0, 0.004233849627774056)	(71.0, 0.0)	(72.0, 0.0)	(73.0, 0.0)	(74.0, 0.0)	(75.0, 0.0)	(76.0, 0.0)	(77.0, 0.0)	(78.0, 0.0)	(79.0, 0.0)	(80.0, 0.0)	(81.0, 0.0)	(82.0, 0.0)	(83.0, 0.0)	(84.0, 0.0)	(85.0, 0.0)	(86.0, 0.0)	(87.0, 0.0)	(88.0, 0.0)	(89.0, 0.0)	(90.0, 0.0)	(91.0, 0.0)	(92.0, 0.0)	(93.0, 0.0)	(94.0, 0.0)	(95.0, 0.0)	(96.0, 0.0)	(97.0, 0.0)	(98.0, 0.0)	(99.0, 0.0)	(100.0, 0.0)
692A0_S157_L001_R2_001	(0.0, 0.0)	(1.0, 0.0)	(2.0, 0.0)	(3.0, 0.0)	(4.0, 0.0)	(5.0, 0.0)	(6.0, 0.0)	(7.0, 0.0)	(8.0, 0.0)	(9.0, 0.0)	(10.0, 0.0)	(11.0, 0.0)	(12.0, 0.0)	(13.0, 0.0)	(14.0, 0.0)	(15.0, 0.0)	(16.0, 0.0)	(17.0, 0.0)	(18.0, 0.0)	(19.0, 0.0)	(20.0, 0.0)	(21.0, 0.0)	(22.0, 0.0)	(23.0, 0.0)	(24.0, 0.0)	(25.0, 0.0)	(26.0, 0.0)	(27.0, 0.0)	(28.0, 0.0)	(29.0, 0.0)	(30.0, 0.0)	(31.0, 0.0)	(32.0, 0.0)	(33.0, 0.0)	(34.0, 0.0)	(35.0, 0.0)	(36.0, 0.0)	(37.0, 0.0020778501177448386)	(38.0, 0.0020778501177448386)	(39.0, 0.004155700235489677)	(40.0, 0.0062335503532345155)	(41.0, 0.010389250588724194)	(42.0, 0.015237567530128815)	(43.0, 0.019393267765618494)	(44.0, 0.02978251835434268)	(45.0, 0.05610195317911063)	(46.0, 0.1745394098905664)	(47.0, 0.4751350602576533)	(48.0, 1.588170106662972)	(49.0, 2.9429283834326054)	(50.0, 2.5578334949438943)	(51.0, 6.828508103615473)	(52.0, 20.41210694001939)	(53.0, 24.41958720044333)	(54.0, 17.3791383848178)	(55.0, 10.008311400470967)	(56.0, 5.265964815071339)	(57.0, 3.808006649120372)	(58.0, 1.705914946668513)	(59.0, 0.8422219143925744)	(60.0, 0.360160687075772)	(61.0, 0.1960105277739298)	(62.0, 0.1530682920072031)	(63.0, 0.10181465576949708)	(64.0, 0.10389250588724193)	(65.0, 0.0796509211802188)	(66.0, 0.08796232165119817)	(67.0, 0.0706469040033245)	(68.0, 0.09350325529851773)	(69.0, 0.08311400470979355)	(70.0, 0.0270120515306829)	(71.0, 0.018700651059703546)	(72.0, 0.0062335503532345155)	(73.0, 0.0020778501177448386)	(74.0, 0.0020778501177448386)	(75.0, 0.004155700235489677)	(76.0, 0.004155700235489677)	(77.0, 0.0020778501177448386)	(78.0, 0.0062335503532345155)	(79.0, 0.004155700235489677)	(80.0, 0.0020778501177448386)	(81.0, 0.0020778501177448386)	(82.0, 0.004155700235489677)	(83.0, 0.0062335503532345155)	(84.0, 0.0020778501177448386)	(85.0, 0.0)	(86.0, 0.0)	(87.0, 0.0020778501177448386)	(88.0, 0.0062335503532345155)	(89.0, 0.0020778501177448386)	(90.0, 0.0)	(91.0, 0.0020778501177448386)	(92.0, 0.004155700235489677)	(93.0, 0.0020778501177448386)	(94.0, 0.0)	(95.0, 0.0020778501177448386)	(96.0, 0.0020778501177448386)	(97.0, 0.0)	(98.0, 0.0)	(99.0, 0.0)	(100.0, 0.0)
692A14_S158_L001_R1_001	(0.0, 0.0)	(1.0, 0.0)	(2.0, 0.0)	(3.0, 0.0)	(4.0, 0.0)	(5.0, 0.0)	(6.0, 0.0)	(7.0, 0.0)	(8.0, 0.0)	(9.0, 0.0)	(10.0, 0.0)	(11.0, 0.0)	(12.0, 0.0)	(13.0, 0.0)	(14.0, 0.0)	(15.0, 0.0)	(16.0, 0.0)	(17.0, 0.0)	(18.0, 0.0)	(19.0, 0.0)	(20.0, 0.0)	(21.0, 0.0)	(22.0, 0.0)	(23.0, 0.0)	(24.0, 0.0)	(25.0, 0.0)	(26.0, 0.0)	(27.0, 0.0)	(28.0, 0.0)	(29.0, 0.0)	(30.0, 0.0)	(31.0, 0.0)	(32.0, 0.0)	(33.0, 0.0)	(34.0, 0.0)	(35.0, 0.0)	(36.0, 0.0)	(37.0, 0.0)	(38.0, 0.0)	(39.0, 0.0)	(40.0, 0.0)	(41.0, 0.0)	(42.0, 0.0021703586879458286)	(43.0, 0.004340717375891657)	(44.0, 0.008681434751783314)	(45.0, 0.023873945567404114)	(46.0, 0.13673259734058718)	(47.0, 0.44420007813291296)	(48.0, 1.379624672637565)	(49.0, 5.5568416940373035)	(50.0, 13.960470533763544)	(51.0, 18.994255784005905)	(52.0, 18.30697553282306)	(53.0, 15.666372462488965)	(54.0, 13.95468291059569)	(55.0, 5.859245004557756)	(56.0, 2.14069711921057)	(57.0, 0.8609089462185119)	(58.0, 0.5281206140668185)	(59.0, 0.8949112323296623)	(60.0, 0.4774789113480825)	(61.0, 0.2466974375298425)	(62.0, 0.10707102860532751)	(63.0, 0.06945147801426652)	(64.0, 0.05642932588659154)	(65.0, 0.07162183670221234)	(66.0, 0.20473716956288984)	(67.0, 0.03689609769507908)	(68.0, 0.0)	(69.0, 0.0)	(70.0, 0.0021703586879458286)	(71.0, 0.0)	(72.0, 0.0)	(73.0, 0.0)	(74.0, 0.0021703586879458286)	(75.0, 0.0021703586879458286)	(76.0, 0.0)	(77.0, 0.0)	(78.0, 0.0)	(79.0, 0.0)	(80.0, 0.0)	(81.0, 0.0)	(82.0, 0.0)	(83.0, 0.0)	(84.0, 0.0)	(85.0, 0.0)	(86.0, 0.0)	(87.0, 0.0)	(88.0, 0.0)	(89.0, 0.0)	(90.0, 0.0)	(91.0, 0.0)	(92.0, 0.0)	(93.0, 0.0)	(94.0, 0.0)	(95.0, 0.0)	(96.0, 0.0)	(97.0, 0.0)	(98.0, 0.0)	(99.0, 0.0)	(100.0, 0.0)
692A14_S158_L001_R2_001	(0.0, 0.0)	(1.0, 0.0)	(2.0, 0.0)	(3.0, 0.0)	(4.0, 0.0)	(5.0, 0.0)	(6.0, 0.0)	(7.0, 0.0)	(8.0, 0.0)	(9.0, 0.0)	(10.0, 0.0)	(11.0, 0.0)	(12.0, 0.0)	(13.0, 0.0)	(14.0, 0.0)	(15.0, 0.0)	(16.0, 0.0)	(17.0, 0.0)	(18.0, 0.0)	(19.0, 0.0)	(20.0, 0.0)	(21.0, 0.0)	(22.0, 0.0)	(23.0, 0.0)	(24.0, 0.0)	(25.0, 0.0)	(26.0, 0.0)	(27.0, 0.0)	(28.0, 0.0)	(29.0, 0.0)	(30.0, 0.0)	(31.0, 0.0)	(32.0, 0.0)	(33.0, 0.0)	(34.0, 0.0)	(35.0, 0.0)	(36.0, 0.0021291847351649043)	(37.0, 0.0)	(38.0, 0.007097282450549682)	(39.0, 0.0021291847351649043)	(40.0, 0.004258369470329809)	(41.0, 0.0021291847351649043)	(42.0, 0.0)	(43.0, 0.007097282450549682)	(44.0, 0.015614021391209298)	(45.0, 0.03406695576263847)	(46.0, 0.07948956344615644)	(47.0, 0.1703347788131924)	(48.0, 0.8346404161846425)	(49.0, 1.581984258227525)	(50.0, 1.842454524162701)	(51.0, 6.196637307574944)	(52.0, 19.950460968495133)	(53.0, 25.46362997608223)	(54.0, 18.031355793866492)	(55.0, 11.863817344338846)	(56.0, 6.084500244856242)	(57.0, 3.12706264771219)	(58.0, 1.5173989879275218)	(59.0, 0.9631012285395918)	(60.0, 0.5117140646846321)	(61.0, 0.3222166232549556)	(62.0, 0.20369200633077586)	(63.0, 0.178141789508797)	(64.0, 0.17033477881319237)	(65.0, 0.15046238795165326)	(66.0, 0.11994407341428961)	(67.0, 0.11710516043406975)	(68.0, 0.1405261925208837)	(69.0, 0.11071760622857504)	(70.0, 0.04258369470329809)	(71.0, 0.04045450996813319)	(72.0, 0.021291847351649046)	(73.0, 0.010645923675824523)	(74.0, 0.008516738940659617)	(75.0, 0.004258369470329809)	(76.0, 0.004258369470329809)	(77.0, 0.004258369470329809)	(78.0, 0.006387554205494713)	(79.0, 0.006387554205494713)	(80.0, 0.0)	(81.0, 0.0)	(82.0, 0.004258369470329809)	(83.0, 0.0)	(84.0, 0.0021291847351649043)	(85.0, 0.004258369470329809)	(86.0, 0.0)	(87.0, 0.0)	(88.0, 0.006387554205494713)	(89.0, 0.0021291847351649043)	(90.0, 0.0)	(91.0, 0.004258369470329809)	(92.0, 0.008516738940659617)	(93.0, 0.004258369470329809)	(94.0, 0.0)	(95.0, 0.0021291847351649043)	(96.0, 0.0)	(97.0, 0.0021291847351649043)	(98.0, 0.0)	(99.0, 0.0)	(100.0, 0.004258369470329809)
692B0_S159_L001_R1_001	(0.0, 0.0)	(1.0, 0.0)	(2.0, 0.0)	(3.0, 0.0)	(4.0, 0.0)	(5.0, 0.0)	(6.0, 0.0)	(7.0, 0.0)	(8.0, 0.0)	(9.0, 0.0)	(10.0, 0.0)	(11.0, 0.0)	(12.0, 0.0)	(13.0, 0.0)	(14.0, 0.0)	(15.0, 0.0)	(16.0, 0.0)	(17.0, 0.0)	(18.0, 0.0)	(19.0, 0.0)	(20.0, 0.0)	(21.0, 0.0)	(22.0, 0.0)	(23.0, 0.0)	(24.0, 0.0)	(25.0, 0.0)	(26.0, 0.0)	(27.0, 0.0)	(28.0, 0.0)	(29.0, 0.0)	(30.0, 0.0)	(31.0, 0.0)	(32.0, 0.0)	(33.0, 0.0)	(34.0, 0.0)	(35.0, 0.0)	(36.0, 0.0)	(37.0, 0.0)	(38.0, 0.0)	(39.0, 0.0)	(40.0, 0.0)	(41.0, 0.002270216275937222)	(42.0, 0.0)	(43.0, 0.0)	(44.0, 0.002270216275937222)	(45.0, 0.009080865103748888)	(46.0, 0.06810648827811666)	(47.0, 0.265615304284655)	(48.0, 0.8884113026500995)	(49.0, 4.022066502202111)	(50.0, 10.634449775248596)	(51.0, 18.08832654790912)	(52.0, 19.06149259152755)	(53.0, 17.8794666505229)	(54.0, 13.871778184735067)	(55.0, 5.8866708035052175)	(56.0, 2.578208950706039)	(57.0, 1.2864558896977591)	(58.0, 0.8657091398907272)	(59.0, 1.585367699362827)	(60.0, 0.9640851785146733)	(61.0, 0.42150348856567754)	(62.0, 0.17707686952310334)	(63.0, 0.18161730207497778)	(64.0, 0.17934708579904057)	(65.0, 0.22929184386965945)	(66.0, 0.6606329362977317)	(67.0, 0.14075340910810777)	(68.0, 0.013621297655623334)	(69.0, 0.015891513931560554)	(70.0, 0.015891513931560554)	(71.0, 0.004540432551874444)	(72.0, 0.0)	(73.0, 0.0)	(74.0, 0.0)	(75.0, 0.0)	(76.0, 0.0)	(77.0, 0.0)	(78.0, 0.0)	(79.0, 0.0)	(80.0, 0.0)	(81.0, 0.0)	(82.0, 0.0)	(83.0, 0.0)	(84.0, 0.0)	(85.0, 0.0)	(86.0, 0.0)	(87.0, 0.0)	(88.0, 0.0)	(89.0, 0.0)	(90.0, 0.0)	(91.0, 0.0)	(92.0, 0.0)	(93.0, 0.0)	(94.0, 0.0)	(95.0, 0.0)	(96.0, 0.0)	(97.0, 0.0)	(98.0, 0.0)	(99.0, 0.0)	(100.0, 0.0)
692B0_S159_L001_R2_001	(0.0, 0.0)	(1.0, 0.0)	(2.0, 0.0)	(3.0, 0.0)	(4.0, 0.0)	(5.0, 0.0)	(6.0, 0.0)	(7.0, 0.0)	(8.0, 0.0)	(9.0, 0.0)	(10.0, 0.0)	(11.0, 0.0)	(12.0, 0.0)	(13.0, 0.0)	(14.0, 0.0)	(15.0, 0.0)	(16.0, 0.0)	(17.0, 0.0)	(18.0, 0.0)	(19.0, 0.0)	(20.0, 0.0)	(21.0, 0.0)	(22.0, 0.0)	(23.0, 0.0)	(24.0, 0.0)	(25.0, 0.0)	(26.0, 0.0)	(27.0, 0.0)	(28.0, 0.0)	(29.0, 0.0)	(30.0, 0.0)	(31.0, 0.0)	(32.0, 0.0)	(33.0, 0.0)	(34.0, 0.0)	(35.0, 0.0)	(36.0, 0.0)	(37.0, 0.0022409130973900845)	(38.0, 0.004481826194780169)	(39.0, 0.0022409130973900845)	(40.0, 0.0)	(41.0, 0.004481826194780169)	(42.0, 0.006722739292170253)	(43.0, 0.011951536519413783)	(44.0, 0.01718033374665731)	(45.0, 0.04033643575302152)	(46.0, 0.08963652389560338)	(47.0, 0.1934654974080106)	(48.0, 0.7611634820801654)	(49.0, 1.6328786769649086)	(50.0, 1.8255972033404573)	(51.0, 4.826179840745769)	(52.0, 16.408712670122565)	(53.0, 25.069094820502936)	(54.0, 20.654496018644398)	(55.0, 12.460223792521335)	(56.0, 5.7606406023574435)	(57.0, 2.928873418288841)	(58.0, 1.7232621718929757)	(59.0, 1.5223269641603308)	(60.0, 0.7073815677428033)	(61.0, 0.44370079328323675)	(62.0, 0.3129808626021484)	(63.0, 0.23828375935581228)	(64.0, 0.31895663086185533)	(65.0, 0.3129808626021485)	(66.0, 0.26517471652449326)	(67.0, 0.3936537341081915)	(68.0, 0.5139160703347927)	(69.0, 0.29804144195288124)	(70.0, 0.09860017628516371)	(71.0, 0.0425773488504116)	(72.0, 0.022409130973900845)	(73.0, 0.013445478584340507)	(74.0, 0.006722739292170253)	(75.0, 0.013445478584340507)	(76.0, 0.011204565486950422)	(77.0, 0.008963652389560338)	(78.0, 0.008963652389560338)	(79.0, 0.0)	(80.0, 0.0)	(81.0, 0.0022409130973900845)	(82.0, 0.0)	(83.0, 0.004481826194780169)	(84.0, 0.004481826194780169)	(85.0, 0.0022409130973900845)	(86.0, 0.004481826194780169)	(87.0, 0.0022409130973900845)	(88.0, 0.0)	(89.0, 0.0)	(90.0, 0.0)	(91.0, 0.0)	(92.0, 0.0)	(93.0, 0.0)	(94.0, 0.0)	(95.0, 0.0)	(96.0, 0.0)	(97.0, 0.0)	(98.0, 0.0)	(99.0, 0.0022409130973900845)	(100.0, 0.0)
692B14_S160_L001_R1_001	(0.0, 0.0)	(1.0, 0.0)	(2.0, 0.0)	(3.0, 0.0)	(4.0, 0.0)	(5.0, 0.0)	(6.0, 0.0)	(7.0, 0.0)	(8.0, 0.0)	(9.0, 0.0)	(10.0, 0.0)	(11.0, 0.0)	(12.0, 0.0)	(13.0, 0.0)	(14.0, 0.0)	(15.0, 0.0)	(16.0, 0.0)	(17.0, 0.0)	(18.0, 0.0)	(19.0, 0.0)	(20.0, 0.0)	(21.0, 0.0)	(22.0, 0.0)	(23.0, 0.0)	(24.0, 0.0)	(25.0, 0.0)	(26.0, 0.0)	(27.0, 0.0)	(28.0, 0.0)	(29.0, 0.0)	(30.0, 0.0)	(31.0, 0.0)	(32.0, 0.0)	(33.0, 0.0)	(34.0, 0.0)	(35.0, 0.0026025626566959607)	(36.0, 0.0)	(37.0, 0.0)	(38.0, 0.0)	(39.0, 0.0)	(40.0, 0.0)	(41.0, 0.0026025626566959607)	(42.0, 0.015615375940175764)	(43.0, 0.034700835422612805)	(44.0, 0.034700835422612805)	(45.0, 0.04944869047722325)	(46.0, 0.10323498538227309)	(47.0, 0.2793417251520331)	(48.0, 1.1772258417121393)	(49.0, 6.967060231975088)	(50.0, 20.032792289474365)	(51.0, 22.952867590287234)	(52.0, 15.865221955218573)	(53.0, 13.136001249230079)	(54.0, 10.230673803471822)	(55.0, 4.583980359327152)	(56.0, 1.5537299060474885)	(57.0, 0.7651534210686125)	(58.0, 0.4302903592403987)	(59.0, 0.7720935881531352)	(60.0, 0.4354954845537907)	(61.0, 0.18998707393880512)	(62.0, 0.07547431704418286)	(63.0, 0.06246150376070306)	(64.0, 0.044243565163831336)	(65.0, 0.044243565163831336)	(66.0, 0.12752557017810207)	(67.0, 0.028628189223655568)	(68.0, 0.0)	(69.0, 0.0026025626566959607)	(70.0, 0.0)	(71.0, 0.0)	(72.0, 0.0)	(73.0, 0.0)	(74.0, 0.0)	(75.0, 0.0)	(76.0, 0.0)	(77.0, 0.0)	(78.0, 0.0)	(79.0, 0.0)	(80.0, 0.0)	(81.0, 0.0)	(82.0, 0.0)	(83.0, 0.0)	(84.0, 0.0)	(85.0, 0.0)	(86.0, 0.0)	(87.0, 0.0)	(88.0, 0.0)	(89.0, 0.0)	(90.0, 0.0)	(91.0, 0.0)	(92.0, 0.0)	(93.0, 0.0)	(94.0, 0.0)	(95.0, 0.0)	(96.0, 0.0)	(97.0, 0.0)	(98.0, 0.0)	(99.0, 0.0)	(100.0, 0.0)
692B14_S160_L001_R2_001	(0.0, 0.0)	(1.0, 0.0)	(2.0, 0.0)	(3.0, 0.0)	(4.0, 0.0)	(5.0, 0.0)	(6.0, 0.0)	(7.0, 0.0)	(8.0, 0.0)	(9.0, 0.0)	(10.0, 0.0)	(11.0, 0.0)	(12.0, 0.0)	(13.0, 0.0)	(14.0, 0.0)	(15.0, 0.0)	(16.0, 0.0)	(17.0, 0.0)	(18.0, 0.0)	(19.0, 0.0)	(20.0, 0.0)	(21.0, 0.0)	(22.0, 0.0)	(23.0, 0.0)	(24.0, 0.0)	(25.0, 0.0)	(26.0, 0.0)	(27.0, 0.0)	(28.0, 0.0)	(29.0, 0.0)	(30.0, 0.0)	(31.0, 0.0)	(32.0, 0.0)	(33.0, 0.0)	(34.0, 0.0)	(35.0, 0.0025701214810753405)	(36.0, 0.0025701214810753405)	(37.0, 0.005140242962150681)	(38.0, 0.008567071603584466)	(39.0, 0.006853657282867574)	(40.0, 0.0025701214810753405)	(41.0, 0.010280485924301362)	(42.0, 0.015420728886452042)	(43.0, 0.028271336291828746)	(44.0, 0.033411579253979425)	(45.0, 0.03940852937648855)	(46.0, 0.08310059455476933)	(47.0, 0.20560971848602722)	(48.0, 0.6048352552130636)	(49.0, 1.2088138032657678)	(50.0, 1.5497832530884303)	(51.0, 6.188852526429416)	(52.0, 23.609135925158036)	(53.0, 27.060809074242258)	(54.0, 15.86707331699878)	(55.0, 9.979781711015553)	(56.0, 5.512910576906603)	(57.0, 3.313743296266472)	(58.0, 1.7399722426880058)	(59.0, 1.0580333430426816)	(60.0, 0.5277316107808032)	(61.0, 0.27500299847506143)	(62.0, 0.17048472491133093)	(63.0, 0.11651217380874877)	(64.0, 0.11308534516731499)	(65.0, 0.10623168788444742)	(66.0, 0.09081095899799538)	(67.0, 0.12079570961054101)	(68.0, 0.11565546664839031)	(69.0, 0.07710364443226021)	(70.0, 0.04112194369720545)	(71.0, 0.023131093329678065)	(72.0, 0.012850607405376701)	(73.0, 0.005140242962150681)	(74.0, 0.007710364443226021)	(75.0, 0.005140242962150681)	(76.0, 0.0)	(77.0, 0.0025701214810753405)	(78.0, 0.0025701214810753405)	(79.0, 0.007710364443226021)	(80.0, 0.005140242962150681)	(81.0, 0.0025701214810753405)	(82.0, 0.0025701214810753405)	(83.0, 0.005140242962150681)	(84.0, 0.0025701214810753405)	(85.0, 0.005140242962150681)	(86.0, 0.005140242962150681)	(87.0, 0.0)	(88.0, 0.0)	(89.0, 0.0025701214810753405)	(90.0, 0.0025701214810753405)	(91.0, 0.005140242962150681)	(92.0, 0.0025701214810753405)	(93.0, 0.0)	(94.0, 0.0)	(95.0, 0.0)	(96.0, 0.0)	(97.0, 0.0)	(98.0, 0.0)	(99.0, 0.0)	(100.0, 0.0)
722A0_S149_L001_R1_001	(0.0, 0.0)	(1.0, 0.0)	(2.0, 0.0)	(3.0, 0.0)	(4.0, 0.0)	(5.0, 0.0)	(6.0, 0.0)	(7.0, 0.0)	(8.0, 0.0)	(9.0, 0.0)	(10.0, 0.0)	(11.0, 0.0)	(12.0, 0.0)	(13.0, 0.0)	(14.0, 0.0)	(15.0, 0.0)	(16.0, 0.0)	(17.0, 0.0)	(18.0, 0.0)	(19.0, 0.0)	(20.0, 0.0)	(21.0, 0.0)	(22.0, 0.0)	(23.0, 0.0)	(24.0, 0.0)	(25.0, 0.0)	(26.0, 0.0)	(27.0, 0.0)	(28.0, 0.0)	(29.0, 0.0)	(30.0, 0.0)	(31.0, 0.0)	(32.0, 0.0)	(33.0, 0.0)	(34.0, 0.0)	(35.0, 0.0)	(36.0, 0.0)	(37.0, 0.0)	(38.0, 0.002850038119259845)	(39.0, 0.002850038119259845)	(40.0, 0.0)	(41.0, 0.002137528589444884)	(42.0, 0.0)	(43.0, 0.002137528589444884)	(44.0, 0.01068764294722442)	(45.0, 0.02565034307333861)	(46.0, 0.5037442375791776)	(47.0, 6.989718487484772)	(48.0, 5.905991492636218)	(49.0, 5.020342147076215)	(50.0, 5.668013309678017)	(51.0, 9.447876365346435)	(52.0, 12.923497851783722)	(53.0, 18.607898880647518)	(54.0, 12.501692210133305)	(55.0, 6.696877070730829)	(56.0, 3.3217194279973445)	(57.0, 1.7420858003975817)	(58.0, 1.5005450697903095)	(59.0, 5.06095519027567)	(60.0, 2.283593043056952)	(61.0, 0.39401776998767357)	(62.0, 0.3804800889211893)	(63.0, 0.21802791612337813)	(64.0, 0.12825171536669303)	(65.0, 0.10046384370390954)	(66.0, 0.440330889425646)	(67.0, 0.10260137229335443)	(68.0, 0.01068764294722442)	(69.0, 0.004275057178889768)	(70.0, 0.0)	(71.0, 0.0)	(72.0, 0.0)	(73.0, 0.0)	(74.0, 0.0)	(75.0, 0.0)	(76.0, 0.0)	(77.0, 0.0)	(78.0, 0.0)	(79.0, 0.0)	(80.0, 0.0)	(81.0, 0.0)	(82.0, 0.0)	(83.0, 0.0)	(84.0, 0.0)	(85.0, 0.0)	(86.0, 0.0)	(87.0, 0.0)	(88.0, 0.0)	(89.0, 0.0)	(90.0, 0.0)	(91.0, 0.0)	(92.0, 0.0)	(93.0, 0.0)	(94.0, 0.0)	(95.0, 0.0)	(96.0, 0.0)	(97.0, 0.0)	(98.0, 0.0)	(99.0, 0.0)	(100.0, 0.0)
722A0_S149_L001_R2_001	(0.0, 0.0)	(1.0, 0.0)	(2.0, 0.0)	(3.0, 0.0)	(4.0, 0.0)	(5.0, 0.0)	(6.0, 0.0)	(7.0, 0.0)	(8.0, 0.0)	(9.0, 0.0)	(10.0, 0.0)	(11.0, 0.0)	(12.0, 0.0)	(13.0, 0.0)	(14.0, 0.0)	(15.0, 0.0)	(16.0, 0.0)	(17.0, 0.0)	(18.0, 0.0)	(19.0, 0.0)	(20.0, 0.0)	(21.0, 0.0)	(22.0, 0.0)	(23.0, 0.0)	(24.0, 0.0)	(25.0, 0.0)	(26.0, 0.0)	(27.0, 0.0)	(28.0, 0.0)	(29.0, 0.0)	(30.0, 0.0)	(31.0, 0.0)	(32.0, 0.0)	(33.0, 0.0)	(34.0, 0.0028678769107229924)	(35.0, 0.0071696922768074815)	(36.0, 0.005018784593765237)	(37.0, 0.0028678769107229924)	(38.0, 0.00430181536608449)	(39.0, 0.0064527230491267335)	(40.0, 0.009320599959849725)	(41.0, 0.00860363073216898)	(42.0, 0.00860363073216898)	(43.0, 0.01505635378129571)	(44.0, 0.029395738334910677)	(45.0, 0.0745647996787978)	(46.0, 0.26527861424187676)	(47.0, 1.7594424847285586)	(48.0, 8.810834838968736)	(49.0, 7.966962057988483)	(50.0, 5.871977974705332)	(51.0, 5.515644268547999)	(52.0, 10.114284894892323)	(53.0, 14.52579655281191)	(54.0, 14.421836014798227)	(55.0, 10.763859015171073)	(56.0, 5.022369439903641)	(57.0, 1.96377871461757)	(58.0, 3.2507384783045086)	(59.0, 4.357738965843582)	(60.0, 1.8691387765637106)	(61.0, 0.6782528893859879)	(62.0, 0.307579798675041)	(63.0, 0.255958014282027)	(64.0, 0.2996931371705527)	(65.0, 0.34701310619748205)	(66.0, 0.2294301528578394)	(67.0, 0.28176890647853403)	(68.0, 0.41727609051019543)	(69.0, 0.2710143680633228)	(70.0, 0.096790845736901)	(71.0, 0.04947087670997163)	(72.0, 0.01720726146433796)	(73.0, 0.02365998451346469)	(74.0, 0.00860363073216898)	(75.0, 0.0064527230491267335)	(76.0, 0.0064527230491267335)	(77.0, 0.010754538415211222)	(78.0, 0.00860363073216898)	(79.0, 0.00430181536608449)	(80.0, 0.0064527230491267335)	(81.0, 0.00430181536608449)	(82.0, 0.0)	(83.0, 0.0)	(84.0, 0.00430181536608449)	(85.0, 0.002150907683042245)	(86.0, 0.002150907683042245)	(87.0, 0.0)	(88.0, 0.002150907683042245)	(89.0, 0.0)	(90.0, 0.0)	(91.0, 0.0)	(92.0, 0.0)	(93.0, 0.002150907683042245)	(94.0, 0.0)	(95.0, 0.0)	(96.0, 0.0)	(97.0, 0.0)	(98.0, 0.002150907683042245)	(99.0, 0.0)	(100.0, 0.0)
722A14_S150_L001_R1_001	(0.0, 0.0)	(1.0, 0.0)	(2.0, 0.0)	(3.0, 0.0)	(4.0, 0.0)	(5.0, 0.0)	(6.0, 0.0)	(7.0, 0.0)	(8.0, 0.0)	(9.0, 0.0)	(10.0, 0.0)	(11.0, 0.0)	(12.0, 0.0)	(13.0, 0.0)	(14.0, 0.0)	(15.0, 0.0)	(16.0, 0.0)	(17.0, 0.0)	(18.0, 0.0)	(19.0, 0.0)	(20.0, 0.0)	(21.0, 0.0)	(22.0, 0.0)	(23.0, 0.0)	(24.0, 0.0)	(25.0, 0.0)	(26.0, 0.0)	(27.0, 0.0)	(28.0, 0.0)	(29.0, 0.0)	(30.0, 0.0)	(31.0, 0.0)	(32.0, 0.0)	(33.0, 0.0)	(34.0, 0.0)	(35.0, 0.0)	(36.0, 0.0)	(37.0, 0.0025216653077692517)	(38.0, 0.0025216653077692517)	(39.0, 0.0)	(40.0, 0.0)	(41.0, 0.0)	(42.0, 0.0025216653077692517)	(43.0, 0.010086661231077007)	(44.0, 0.0075649959233077555)	(45.0, 0.020173322462154013)	(46.0, 0.3177298287789257)	(47.0, 3.4084509410014383)	(48.0, 2.478796997537175)	(49.0, 2.215703250426583)	(50.0, 3.06886667955518)	(51.0, 4.570938647883062)	(52.0, 9.68655700224429)	(53.0, 18.465314493691636)	(54.0, 11.296220023703658)	(55.0, 6.856407971824598)	(56.0, 4.334742664055339)	(57.0, 3.315989879716566)	(58.0, 3.447116475720566)	(59.0, 15.04089300574096)	(60.0, 7.375030470122476)	(61.0, 1.2011532416007533)	(62.0, 0.6875740739184159)	(63.0, 0.47995696357874756)	(64.0, 0.23703653893030965)	(65.0, 0.15634324908169359)	(66.0, 1.0237961149543162)	(67.0, 0.24207986954584818)	(68.0, 0.02773831838546177)	(69.0, 0.012608326538846257)	(70.0, 0.0075649959233077555)	(71.0, 0.0)	(72.0, 0.0)	(73.0, 0.0)	(74.0, 0.0)	(75.0, 0.0)	(76.0, 0.0)	(77.0, 0.0)	(78.0, 0.0)	(79.0, 0.0)	(80.0, 0.0)	(81.0, 0.0)	(82.0, 0.0)	(83.0, 0.0)	(84.0, 0.0)	(85.0, 0.0)	(86.0, 0.0)	(87.0, 0.0)	(88.0, 0.0)	(89.0, 0.0)	(90.0, 0.0)	(91.0, 0.0)	(92.0, 0.0)	(93.0, 0.0)	(94.0, 0.0)	(95.0, 0.0)	(96.0, 0.0)	(97.0, 0.0)	(98.0, 0.0)	(99.0, 0.0)	(100.0, 0.0)
722A14_S150_L001_R2_001	(0.0, 0.0)	(1.0, 0.0)	(2.0, 0.0)	(3.0, 0.0)	(4.0, 0.0)	(5.0, 0.0)	(6.0, 0.0)	(7.0, 0.0)	(8.0, 0.0)	(9.0, 0.0)	(10.0, 0.0)	(11.0, 0.0)	(12.0, 0.0)	(13.0, 0.0)	(14.0, 0.0)	(15.0, 0.0)	(16.0, 0.0)	(17.0, 0.0)	(18.0, 0.0)	(19.0, 0.0)	(20.0, 0.0)	(21.0, 0.0)	(22.0, 0.0)	(23.0, 0.0)	(24.0, 0.0)	(25.0, 0.0)	(26.0, 0.0)	(27.0, 0.0)	(28.0, 0.0)	(29.0, 0.0)	(30.0, 0.0)	(31.0, 0.0)	(32.0, 0.0)	(33.0, 0.0)	(34.0, 0.0024994584506690203)	(35.0, 0.0)	(36.0, 0.0)	(37.0, 0.0)	(38.0, 0.004998916901338041)	(39.0, 0.0024994584506690203)	(40.0, 0.00749837535200706)	(41.0, 0.01582990352090379)	(42.0, 0.013330445070234773)	(43.0, 0.004998916901338041)	(44.0, 0.004998916901338041)	(45.0, 0.042490793661373344)	(46.0, 0.10830986619565755)	(47.0, 0.7898288704114104)	(48.0, 4.074117274590501)	(49.0, 3.3242797393897976)	(50.0, 2.8093912985519816)	(51.0, 4.973922316831341)	(52.0, 9.724559678736288)	(53.0, 10.553546731541505)	(54.0, 12.698082082215507)	(55.0, 10.577708163231298)	(56.0, 5.126389282322159)	(57.0, 2.771066268975055)	(58.0, 8.877243263959508)	(59.0, 12.408978054754789)	(60.0, 4.711479179511102)	(61.0, 1.5280022661756607)	(62.0, 0.6523586556246143)	(63.0, 0.37825137886791166)	(64.0, 0.3424258077416558)	(65.0, 0.37075300351590473)	(66.0, 0.3599220168963389)	(67.0, 0.653191808441504)	(68.0, 0.8973055837901781)	(69.0, 0.6198656957659169)	(70.0, 0.22995017746154983)	(71.0, 0.08498158732274669)	(72.0, 0.05748754436538746)	(73.0, 0.02249512605602118)	(74.0, 0.01749620915468314)	(75.0, 0.02749404295735922)	(76.0, 0.02249512605602118)	(77.0, 0.02249512605602118)	(78.0, 0.01749620915468314)	(79.0, 0.009997833802676081)	(80.0, 0.009997833802676081)	(81.0, 0.00749837535200706)	(82.0, 0.004998916901338041)	(83.0, 0.0024994584506690203)	(84.0, 0.0)	(85.0, 0.004998916901338041)	(86.0, 0.0024994584506690203)	(87.0, 0.0)	(88.0, 0.004998916901338041)	(89.0, 0.004998916901338041)	(90.0, 0.0)	(91.0, 0.0024994584506690203)	(92.0, 0.0)	(93.0, 0.0)	(94.0, 0.0)	(95.0, 0.0024994584506690203)	(96.0, 0.004998916901338041)	(97.0, 0.0024994584506690203)	(98.0, 0.0)	(99.0, 0.0024994584506690203)	(100.0, 0.0)
722B0_S151_L001_R1_001	(0.0, 0.0)	(1.0, 0.0)	(2.0, 0.0)	(3.0, 0.0)	(4.0, 0.0)	(5.0, 0.0)	(6.0, 0.0)	(7.0, 0.0)	(8.0, 0.0)	(9.0, 0.0)	(10.0, 0.0)	(11.0, 0.0)	(12.0, 0.0)	(13.0, 0.0)	(14.0, 0.0)	(15.0, 0.0)	(16.0, 0.0)	(17.0, 0.0)	(18.0, 0.0)	(19.0, 0.0)	(20.0, 0.0)	(21.0, 0.0)	(22.0, 0.0)	(23.0, 0.0)	(24.0, 0.0)	(25.0, 0.0)	(26.0, 0.0)	(27.0, 0.0)	(28.0, 0.0)	(29.0, 0.0)	(30.0, 0.0)	(31.0, 0.0)	(32.0, 0.0)	(33.0, 0.0)	(34.0, 0.0)	(35.0, 0.0)	(36.0, 0.0)	(37.0, 0.0)	(38.0, 0.0)	(39.0, 0.0)	(40.0, 0.0)	(41.0, 0.0)	(42.0, 0.0022319933932995564)	(43.0, 0.0022319933932995564)	(44.0, 0.011159966966497781)	(45.0, 0.015623953753096892)	(46.0, 0.48136657515493764)	(47.0, 5.04579306445253)	(48.0, 3.7155250020459927)	(49.0, 3.1158627770461784)	(50.0, 3.4833976891428384)	(51.0, 4.287659308528436)	(52.0, 8.308967405456496)	(53.0, 15.642553698041054)	(54.0, 9.284348518328391)	(55.0, 5.087456941127452)	(56.0, 3.2349024246888214)	(57.0, 2.9306073254023164)	(58.0, 3.3970939446019193)	(59.0, 20.122164438393256)	(60.0, 9.264260577788699)	(61.0, 0.9478531943545448)	(62.0, 0.4114307821648848)	(63.0, 0.30801508827533874)	(64.0, 0.1696314978907663)	(65.0, 0.07365578197888535)	(66.0, 0.5379104077851931)	(67.0, 0.10267169609177959)	(68.0, 0.013391960359797336)	(69.0, 0.0022319933932995564)	(70.0, 0.0)	(71.0, 0.0)	(72.0, 0.0)	(73.0, 0.0)	(74.0, 0.0)	(75.0, 0.0)	(76.0, 0.0)	(77.0, 0.0)	(78.0, 0.0)	(79.0, 0.0)	(80.0, 0.0)	(81.0, 0.0)	(82.0, 0.0)	(83.0, 0.0)	(84.0, 0.0)	(85.0, 0.0)	(86.0, 0.0)	(87.0, 0.0)	(88.0, 0.0)	(89.0, 0.0)	(90.0, 0.0)	(91.0, 0.0)	(92.0, 0.0)	(93.0, 0.0)	(94.0, 0.0)	(95.0, 0.0)	(96.0, 0.0)	(97.0, 0.0)	(98.0, 0.0)	(99.0, 0.0)	(100.0, 0.0)
722B0_S151_L001_R2_001	(0.0, 0.0)	(1.0, 0.0)	(2.0, 0.0)	(3.0, 0.0)	(4.0, 0.0)	(5.0, 0.0)	(6.0, 0.0)	(7.0, 0.0)	(8.0, 0.0)	(9.0, 0.0)	(10.0, 0.0)	(11.0, 0.0)	(12.0, 0.0)	(13.0, 0.0)	(14.0, 0.0)	(15.0, 0.0)	(16.0, 0.0)	(17.0, 0.0)	(18.0, 0.0)	(19.0, 0.0)	(20.0, 0.0)	(21.0, 0.0)	(22.0, 0.0)	(23.0, 0.0)	(24.0, 0.0)	(25.0, 0.0)	(26.0, 0.0)	(27.0, 0.0)	(28.0, 0.0)	(29.0, 0.0)	(30.0, 0.0)	(31.0, 0.0)	(32.0, 0.0)	(33.0, 0.0)	(34.0, 0.0022139894614101644)	(35.0, 0.0022139894614101644)	(36.0, 0.0)	(37.0, 0.0)	(38.0, 0.0022139894614101644)	(39.0, 0.004427978922820329)	(40.0, 0.011807943794187542)	(41.0, 0.01106994730705082)	(42.0, 0.018449912178418033)	(43.0, 0.015497926229871147)	(44.0, 0.042065799766793116)	(45.0, 0.07527564168794558)	(46.0, 0.16383522014435223)	(47.0, 1.1136366990893116)	(48.0, 5.941609717937744)	(49.0, 4.9755723162757715)	(50.0, 3.7401661968089)	(51.0, 4.294401558648577)	(52.0, 8.116485365529677)	(53.0, 8.923115525970118)	(54.0, 10.20058744520377)	(55.0, 8.314268424082309)	(56.0, 3.8737435609806496)	(57.0, 2.4029165621171664)	(58.0, 10.887662174728039)	(59.0, 15.776888902008778)	(60.0, 5.858954111378434)	(61.0, 1.8641791265073586)	(62.0, 0.6988826733184752)	(63.0, 0.33283641569866135)	(64.0, 0.24649082670366498)	(65.0, 0.2841286475476377)	(66.0, 0.25977476347212597)	(67.0, 0.4029460819766499)	(68.0, 0.46050980797331414)	(69.0, 0.2856046405219112)	(70.0, 0.1239834098389692)	(71.0, 0.05756372599666427)	(72.0, 0.033209841921152464)	(73.0, 0.02656787353692197)	(74.0, 0.02213989461410164)	(75.0, 0.017711915691281315)	(76.0, 0.019925905152691478)	(77.0, 0.01549792622987115)	(78.0, 0.017711915691281315)	(79.0, 0.0)	(80.0, 0.004427978922820329)	(81.0, 0.01106994730705082)	(82.0, 0.006641968384230493)	(83.0, 0.004427978922820329)	(84.0, 0.006641968384230493)	(85.0, 0.008855957845640658)	(86.0, 0.0022139894614101644)	(87.0, 0.0)	(88.0, 0.0)	(89.0, 0.0022139894614101644)	(90.0, 0.0022139894614101644)	(91.0, 0.0022139894614101644)	(92.0, 0.0)	(93.0, 0.0)	(94.0, 0.0)	(95.0, 0.0022139894614101644)	(96.0, 0.0022139894614101644)	(97.0, 0.0)	(98.0, 0.0)	(99.0, 0.0)	(100.0, 0.005903971897093771)
722B14_S152_L001_R1_001	(0.0, 0.0)	(1.0, 0.0)	(2.0, 0.0)	(3.0, 0.0)	(4.0, 0.0)	(5.0, 0.0)	(6.0, 0.0)	(7.0, 0.0)	(8.0, 0.0)	(9.0, 0.0)	(10.0, 0.0)	(11.0, 0.0)	(12.0, 0.0)	(13.0, 0.0)	(14.0, 0.0)	(15.0, 0.0)	(16.0, 0.0)	(17.0, 0.0)	(18.0, 0.0)	(19.0, 0.0)	(20.0, 0.0)	(21.0, 0.0)	(22.0, 0.0)	(23.0, 0.0)	(24.0, 0.0)	(25.0, 0.0)	(26.0, 0.0)	(27.0, 0.0)	(28.0, 0.0)	(29.0, 0.0)	(30.0, 0.0)	(31.0, 0.0)	(32.0, 0.0)	(33.0, 0.0)	(34.0, 0.0)	(35.0, 0.0)	(36.0, 0.0)	(37.0, 0.0)	(38.0, 0.0036215154231288072)	(39.0, 0.0)	(40.0, 0.0)	(41.0, 0.005432273134693211)	(42.0, 0.008148409702039817)	(43.0, 0.01991833482720844)	(44.0, 0.02987750224081266)	(45.0, 0.028972123385030458)	(46.0, 0.08963250672243799)	(47.0, 1.1715602393821694)	(48.0, 0.9008519615032908)	(49.0, 1.9076332491331)	(50.0, 4.198241754262068)	(51.0, 4.7441852042987325)	(52.0, 10.774913762663992)	(53.0, 19.345230011498302)	(54.0, 19.307204099555445)	(55.0, 10.535893744737503)	(56.0, 4.575784737123239)	(57.0, 2.8166336203384352)	(58.0, 3.4513041982417536)	(59.0, 9.543598518800199)	(60.0, 2.8827262768105313)	(61.0, 0.8854605209549935)	(62.0, 0.5160659477958551)	(63.0, 0.3069234321101664)	(64.0, 0.11951000896325065)	(65.0, 0.1955618328489556)	(66.0, 1.3553521471059562)	(67.0, 0.25803297389792756)	(68.0, 0.016296819404079635)	(69.0, 0.0027161365673466055)	(70.0, 0.0)	(71.0, 0.0)	(72.0, 0.0027161365673466055)	(73.0, 0.0)	(74.0, 0.0)	(75.0, 0.0)	(76.0, 0.0)	(77.0, 0.0)	(78.0, 0.0)	(79.0, 0.0)	(80.0, 0.0)	(81.0, 0.0)	(82.0, 0.0)	(83.0, 0.0)	(84.0, 0.0)	(85.0, 0.0)	(86.0, 0.0)	(87.0, 0.0)	(88.0, 0.0)	(89.0, 0.0)	(90.0, 0.0)	(91.0, 0.0)	(92.0, 0.0)	(93.0, 0.0)	(94.0, 0.0)	(95.0, 0.0)	(96.0, 0.0)	(97.0, 0.0)	(98.0, 0.0)	(99.0, 0.0)	(100.0, 0.0)
722B14_S152_L001_R2_001	(0.0, 0.0)	(1.0, 0.0)	(2.0, 0.0)	(3.0, 0.0)	(4.0, 0.0)	(5.0, 0.0)	(6.0, 0.0)	(7.0, 0.0)	(8.0, 0.0)	(9.0, 0.0)	(10.0, 0.0)	(11.0, 0.0)	(12.0, 0.0)	(13.0, 0.0)	(14.0, 0.0)	(15.0, 0.0)	(16.0, 0.0)	(17.0, 0.0)	(18.0, 0.0)	(19.0, 0.0)	(20.0, 0.0)	(21.0, 0.0)	(22.0, 0.0)	(23.0, 0.0)	(24.0, 0.0)	(25.0, 0.0)	(26.0, 0.0)	(27.0, 0.0)	(28.0, 0.0)	(29.0, 0.0)	(30.0, 0.0)	(31.0, 0.0)	(32.0, 0.0)	(33.0, 0.0)	(34.0, 0.0)	(35.0, 0.0026796241380542367)	(36.0, 0.006252456322126553)	(37.0, 0.0035728321840723153)	(38.0, 0.0026796241380542367)	(39.0, 0.0026796241380542367)	(40.0, 0.0026796241380542367)	(41.0, 0.010718496552216947)	(42.0, 0.013398120690271185)	(43.0, 0.013398120690271185)	(44.0, 0.033941905748686996)	(45.0, 0.054485690807102825)	(46.0, 0.09021401264782597)	(47.0, 0.3537103862231592)	(48.0, 1.4586087391475224)	(49.0, 1.66940583800779)	(50.0, 2.5224195219550594)	(51.0, 4.46336060595233)	(52.0, 10.201329093572504)	(53.0, 18.05530744220941)	(54.0, 21.275322448104593)	(55.0, 10.932866483261291)	(56.0, 4.9135374611454505)	(57.0, 2.7153524598949614)	(58.0, 6.566865554324918)	(59.0, 6.619564829039984)	(60.0, 2.461681374825826)	(61.0, 0.9548394011933263)	(62.0, 0.564507485083426)	(63.0, 0.29922469541605645)	(64.0, 0.3242345207045626)	(65.0, 0.374254171281575)	(66.0, 0.35013755403908686)	(67.0, 0.6770516988817038)	(68.0, 0.9191110793526032)	(69.0, 0.576119189681661)	(70.0, 0.20901068276823045)	(71.0, 0.08306834827968135)	(72.0, 0.056272106899138974)	(73.0, 0.03483511379470508)	(74.0, 0.010718496552216947)	(75.0, 0.018757368966379657)	(76.0, 0.018757368966379657)	(77.0, 0.01607774482832542)	(78.0, 0.010718496552216947)	(79.0, 0.0026796241380542367)	(80.0, 0.0)	(81.0, 0.00803887241416271)	(82.0, 0.010718496552216947)	(83.0, 0.0026796241380542367)	(84.0, 0.00803887241416271)	(85.0, 0.0026796241380542367)	(86.0, 0.0026796241380542367)	(87.0, 0.0)	(88.0, 0.0)	(89.0, 0.0026796241380542367)	(90.0, 0.0026796241380542367)	(91.0, 0.0026796241380542367)	(92.0, 0.0026796241380542367)	(93.0, 0.0026796241380542367)	(94.0, 0.0)	(95.0, 0.0026796241380542367)	(96.0, 0.0026796241380542367)	(97.0, 0.0)	(98.0, 0.0)	(99.0, 0.0)	(100.0, 0.0)
727A0_S161_L001_R1_001	(0.0, 0.0)	(1.0, 0.0)	(2.0, 0.0)	(3.0, 0.0)	(4.0, 0.0)	(5.0, 0.0)	(6.0, 0.0)	(7.0, 0.0)	(8.0, 0.0)	(9.0, 0.0)	(10.0, 0.0)	(11.0, 0.0)	(12.0, 0.0)	(13.0, 0.0)	(14.0, 0.0)	(15.0, 0.0)	(16.0, 0.0)	(17.0, 0.0)	(18.0, 0.0)	(19.0, 0.0)	(20.0, 0.0)	(21.0, 0.0)	(22.0, 0.0)	(23.0, 0.0)	(24.0, 0.0)	(25.0, 0.0)	(26.0, 0.0)	(27.0, 0.0)	(28.0, 0.0)	(29.0, 0.0)	(30.0, 0.0)	(31.0, 0.0)	(32.0, 0.0)	(33.0, 0.0)	(34.0, 0.0)	(35.0, 0.0)	(36.0, 0.0)	(37.0, 0.0)	(38.0, 0.0)	(39.0, 0.0)	(40.0, 0.0024440316746505036)	(41.0, 0.0)	(42.0, 0.0024440316746505036)	(43.0, 0.0)	(44.0, 0.007332095023951511)	(45.0, 0.042363215693942066)	(46.0, 1.2407534134975722)	(47.0, 5.289699221168574)	(48.0, 3.3002574380030634)	(49.0, 1.9087887379020434)	(50.0, 2.825300615895982)	(51.0, 6.224948675334832)	(52.0, 10.10036823410565)	(53.0, 17.12858865317561)	(54.0, 20.75879036725649)	(55.0, 14.889040961970865)	(56.0, 11.54071756769968)	(57.0, 2.2094046338840556)	(58.0, 0.918141232443706)	(59.0, 0.5018411705282367)	(60.0, 0.2655847753120214)	(61.0, 0.2761755792355069)	(62.0, 0.08554110861276762)	(63.0, 0.02688434842115554)	(64.0, 0.01955225339720403)	(65.0, 0.06110079186626259)	(66.0, 0.31772411770456543)	(67.0, 0.05376869684231108)	(68.0, 0.0024440316746505036)	(69.0, 0.0)	(70.0, 0.0)	(71.0, 0.0)	(72.0, 0.0)	(73.0, 0.0)	(74.0, 0.0)	(75.0, 0.0)	(76.0, 0.0)	(77.0, 0.0)	(78.0, 0.0)	(79.0, 0.0)	(80.0, 0.0)	(81.0, 0.0)	(82.0, 0.0)	(83.0, 0.0)	(84.0, 0.0)	(85.0, 0.0)	(86.0, 0.0)	(87.0, 0.0)	(88.0, 0.0)	(89.0, 0.0)	(90.0, 0.0)	(91.0, 0.0)	(92.0, 0.0)	(93.0, 0.0)	(94.0, 0.0)	(95.0, 0.0)	(96.0, 0.0)	(97.0, 0.0)	(98.0, 0.0)	(99.0, 0.0)	(100.0, 0.0)
727A0_S161_L001_R2_001	(0.0, 0.0)	(1.0, 0.0)	(2.0, 0.0)	(3.0, 0.0)	(4.0, 0.0)	(5.0, 0.0)	(6.0, 0.0)	(7.0, 0.0)	(8.0, 0.0)	(9.0, 0.0)	(10.0, 0.0)	(11.0, 0.0)	(12.0, 0.0)	(13.0, 0.0)	(14.0, 0.0)	(15.0, 0.0)	(16.0, 0.0)	(17.0, 0.0)	(18.0, 0.0)	(19.0, 0.0)	(20.0, 0.0)	(21.0, 0.0)	(22.0, 0.0)	(23.0, 0.0)	(24.0, 0.0)	(25.0, 0.0)	(26.0, 0.0)	(27.0, 0.0)	(28.0, 0.0)	(29.0, 0.0)	(30.0, 0.0)	(31.0, 0.0)	(32.0, 0.002379347265733436)	(33.0, 0.002379347265733436)	(34.0, 0.0)	(35.0, 0.0)	(36.0, 0.0031724630209779147)	(37.0, 0.0031724630209779147)	(38.0, 0.002379347265733436)	(39.0, 0.007138041797200309)	(40.0, 0.019827893881111964)	(41.0, 0.016655430860134053)	(42.0, 0.017448546615378528)	(43.0, 0.018241662370623007)	(44.0, 0.03410397747551258)	(45.0, 0.07375976523773652)	(46.0, 0.16734742435658498)	(47.0, 1.0635682277828449)	(48.0, 5.490740373557522)	(49.0, 4.1654439465439985)	(50.0, 1.9153745489154173)	(51.0, 3.1756354839988896)	(52.0, 7.161835269857667)	(53.0, 14.982749732323395)	(54.0, 19.199746202958284)	(55.0, 19.161676646706596)	(56.0, 12.439227505254404)	(57.0, 6.005472498711193)	(58.0, 2.00816909227902)	(59.0, 0.7447356941745655)	(60.0, 0.37514375223063845)	(61.0, 0.22048617995796504)	(62.0, 0.14514018320973962)	(63.0, 0.1221398263076497)	(64.0, 0.13879525716778376)	(65.0, 0.14276083594400615)	(66.0, 0.16258872982511813)	(67.0, 0.27521116706983406)	(68.0, 0.26886624102787826)	(69.0, 0.1046912796922712)	(70.0, 0.04282825078320185)	(71.0, 0.01903477812586749)	(72.0, 0.004758694531466872)	(73.0, 0.016655430860134053)	(74.0, 0.004758694531466872)	(75.0, 0.002379347265733436)	(76.0, 0.007138041797200309)	(77.0, 0.0)	(78.0, 0.007138041797200309)	(79.0, 0.002379347265733436)	(80.0, 0.004758694531466872)	(81.0, 0.0)	(82.0, 0.007138041797200309)	(83.0, 0.007138041797200309)	(84.0, 0.007138041797200309)	(85.0, 0.004758694531466872)	(86.0, 0.002379347265733436)	(87.0, 0.0)	(88.0, 0.0)	(89.0, 0.002379347265733436)	(90.0, 0.004758694531466872)	(91.0, 0.004758694531466872)	(92.0, 0.004758694531466872)	(93.0, 0.0)	(94.0, 0.002379347265733436)	(95.0, 0.002379347265733436)	(96.0, 0.0)	(97.0, 0.0)	(98.0, 0.0)	(99.0, 0.0)	(100.0, 0.0)
727A14_S162_L001_R1_001	(0.0, 0.0)	(1.0, 0.0)	(2.0, 0.0)	(3.0, 0.0)	(4.0, 0.0)	(5.0, 0.0)	(6.0, 0.0)	(7.0, 0.0)	(8.0, 0.0)	(9.0, 0.0)	(10.0, 0.0)	(11.0, 0.0)	(12.0, 0.0)	(13.0, 0.0)	(14.0, 0.0)	(15.0, 0.0)	(16.0, 0.0)	(17.0, 0.0)	(18.0, 0.0)	(19.0, 0.0)	(20.0, 0.0)	(21.0, 0.0)	(22.0, 0.0)	(23.0, 0.0)	(24.0, 0.0)	(25.0, 0.0)	(26.0, 0.0)	(27.0, 0.0)	(28.0, 0.0)	(29.0, 0.0)	(30.0, 0.0)	(31.0, 0.0)	(32.0, 0.0)	(33.0, 0.0)	(34.0, 0.0)	(35.0, 0.0)	(36.0, 0.0)	(37.0, 0.0)	(38.0, 0.0)	(39.0, 0.0)	(40.0, 0.0)	(41.0, 0.0026398226039210165)	(42.0, 0.005279645207842033)	(43.0, 0.010559290415684066)	(44.0, 0.005279645207842033)	(45.0, 0.02903804864313118)	(46.0, 0.7417901517018056)	(47.0, 4.126922670796523)	(48.0, 2.436556263419098)	(49.0, 1.0145718207736438)	(50.0, 1.9261905599943685)	(51.0, 5.498750483967476)	(52.0, 10.95790362887614)	(53.0, 18.81841540248494)	(54.0, 22.69983457111682)	(55.0, 14.138889866600962)	(56.0, 10.268029988384788)	(57.0, 2.0458625180387884)	(58.0, 1.3366301784520078)	(59.0, 1.0075322938298543)	(60.0, 0.6634754144521489)	(61.0, 0.6581957692443068)	(62.0, 0.17422829185878708)	(63.0, 0.08711414592939354)	(64.0, 0.05279645207842033)	(65.0, 0.21910527612544434)	(66.0, 0.9450564922037238)	(67.0, 0.11087254936468269)	(68.0, 0.007919467811763049)	(69.0, 0.0026398226039210165)	(70.0, 0.0026398226039210165)	(71.0, 0.0)	(72.0, 0.0)	(73.0, 0.0026398226039210165)	(74.0, 0.0026398226039210165)	(75.0, 0.0)	(76.0, 0.0)	(77.0, 0.0)	(78.0, 0.0)	(79.0, 0.0)	(80.0, 0.0)	(81.0, 0.0)	(82.0, 0.0)	(83.0, 0.0)	(84.0, 0.0)	(85.0, 0.0)	(86.0, 0.0)	(87.0, 0.0)	(88.0, 0.0)	(89.0, 0.0)	(90.0, 0.0)	(91.0, 0.0)	(92.0, 0.0)	(93.0, 0.0)	(94.0, 0.0)	(95.0, 0.0)	(96.0, 0.0)	(97.0, 0.0)	(98.0, 0.0)	(99.0, 0.0)	(100.0, 0.0)
727A14_S162_L001_R2_001	(0.0, 0.0)	(1.0, 0.0)	(2.0, 0.0)	(3.0, 0.0)	(4.0, 0.0)	(5.0, 0.0)	(6.0, 0.0)	(7.0, 0.0)	(8.0, 0.0)	(9.0, 0.0)	(10.0, 0.0)	(11.0, 0.0)	(12.0, 0.0)	(13.0, 0.0)	(14.0, 0.0)	(15.0, 0.0)	(16.0, 0.0)	(17.0, 0.0)	(18.0, 0.0)	(19.0, 0.0)	(20.0, 0.0)	(21.0, 0.0)	(22.0, 0.0)	(23.0, 0.0)	(24.0, 0.0)	(25.0, 0.0)	(26.0, 0.0)	(27.0, 0.0)	(28.0, 0.0)	(29.0, 0.0)	(30.0, 0.0)	(31.0, 0.003408839119837742)	(32.0, 0.0)	(33.0, 0.002556629339878307)	(34.0, 0.002556629339878307)	(35.0, 0.0)	(36.0, 0.005113258679756614)	(37.0, 0.002556629339878307)	(38.0, 0.0)	(39.0, 0.005965468459716048)	(40.0, 0.01874861515910758)	(41.0, 0.010226517359513227)	(42.0, 0.023861873838864192)	(43.0, 0.035792810758296295)	(44.0, 0.022157454278945325)	(45.0, 0.04516711833785008)	(46.0, 0.11504832029452382)	(47.0, 0.6851766630873865)	(48.0, 4.1383306914830165)	(49.0, 3.1386886195906007)	(50.0, 1.476027338889742)	(51.0, 2.6017964582161603)	(52.0, 6.259480833802063)	(53.0, 14.571082817746394)	(54.0, 20.8459034275877)	(55.0, 20.25276542073597)	(56.0, 12.774624601591942)	(57.0, 6.079664570230613)	(58.0, 2.037633583883011)	(59.0, 0.8479487310596383)	(60.0, 0.4218438410799207)	(61.0, 0.28293364694653267)	(62.0, 0.22924443080908816)	(63.0, 0.20793918631010228)	(64.0, 0.23265326992892593)	(65.0, 0.2394709481686014)	(66.0, 0.42610488997971774)	(67.0, 0.8752194440183403)	(68.0, 0.6809156141875892)	(69.0, 0.23520989926880423)	(70.0, 0.0741422508564709)	(71.0, 0.017896405379148148)	(72.0, 0.00766988801963492)	(73.0, 0.010226517359513227)	(74.0, 0.0)	(75.0, 0.002556629339878307)	(76.0, 0.0)	(77.0, 0.010226517359513227)	(78.0, 0.00766988801963492)	(79.0, 0.002556629339878307)	(80.0, 0.002556629339878307)	(81.0, 0.0)	(82.0, 0.005113258679756614)	(83.0, 0.010226517359513227)	(84.0, 0.005113258679756614)	(85.0, 0.0)	(86.0, 0.002556629339878307)	(87.0, 0.002556629339878307)	(88.0, 0.0)	(89.0, 0.0)	(90.0, 0.002556629339878307)	(91.0, 0.0)	(92.0, 0.0)	(93.0, 0.0)	(94.0, 0.0)	(95.0, 0.0)	(96.0, 0.0)	(97.0, 0.0)	(98.0, 0.002556629339878307)	(99.0, 0.0)	(100.0, 0.0)
727B0_S163_L001_R1_001	(0.0, 0.008859750155045632)	(1.0, 0.004429875077522816)	(2.0, 0.0)	(3.0, 0.0)	(4.0, 0.0)	(5.0, 0.0)	(6.0, 0.0)	(7.0, 0.0)	(8.0, 0.0)	(9.0, 0.0)	(10.0, 0.0)	(11.0, 0.0)	(12.0, 0.0)	(13.0, 0.0)	(14.0, 0.0)	(15.0, 0.0)	(16.0, 0.0)	(17.0, 0.0)	(18.0, 0.0)	(19.0, 0.0)	(20.0, 0.0)	(21.0, 0.0)	(22.0, 0.0)	(23.0, 0.0)	(24.0, 0.0)	(25.0, 0.0)	(26.0, 0.0)	(27.0, 0.0)	(28.0, 0.0)	(29.0, 0.0)	(30.0, 0.0)	(31.0, 0.0)	(32.0, 0.0)	(33.0, 0.0)	(34.0, 0.0)	(35.0, 0.0)	(36.0, 0.0)	(37.0, 0.0)	(38.0, 0.0)	(39.0, 0.0)	(40.0, 0.004429875077522816)	(41.0, 0.002214937538761408)	(42.0, 0.002214937538761408)	(43.0, 0.0)	(44.0, 0.011813000206727509)	(45.0, 0.05758837600779661)	(46.0, 0.651191636395854)	(47.0, 2.2577596645107953)	(48.0, 1.2972150852012643)	(49.0, 0.652668261421695)	(50.0, 1.3998405244972099)	(51.0, 3.5778624376125947)	(52.0, 10.489205871061108)	(53.0, 16.674049791795873)	(54.0, 19.988334662295866)	(55.0, 14.020554620359704)	(56.0, 12.06697971117214)	(57.0, 3.971383006999194)	(58.0, 3.68860931455066)	(59.0, 3.814122441747144)	(60.0, 1.1539824576946935)	(61.0, 1.139216207436284)	(62.0, 0.42305306990342895)	(63.0, 0.19269956587224252)	(64.0, 0.12182156463187745)	(65.0, 0.31895100558164274)	(66.0, 1.7320811553114208)	(67.0, 0.2525028794188005)	(68.0, 0.022149375387614082)	(69.0, 0.0)	(70.0, 0.0)	(71.0, 0.0)	(72.0, 0.002214937538761408)	(73.0, 0.0)	(74.0, 0.0)	(75.0, 0.0)	(76.0, 0.0)	(77.0, 0.0)	(78.0, 0.0)	(79.0, 0.0)	(80.0, 0.0)	(81.0, 0.0)	(82.0, 0.0)	(83.0, 0.0)	(84.0, 0.0)	(85.0, 0.0)	(86.0, 0.0)	(87.0, 0.0)	(88.0, 0.0)	(89.0, 0.0)	(90.0, 0.0)	(91.0, 0.0)	(92.0, 0.0)	(93.0, 0.0)	(94.0, 0.0)	(95.0, 0.0)	(96.0, 0.0)	(97.0, 0.0)	(98.0, 0.0)	(99.0, 0.0)	(100.0, 0.0)
727B0_S163_L001_R2_001	(0.0, 0.008664572728257342)	(1.0, 0.004332286364128671)	(2.0, 0.0)	(3.0, 0.0)	(4.0, 0.0)	(5.0, 0.0)	(6.0, 0.0)	(7.0, 0.0)	(8.0, 0.0)	(9.0, 0.0)	(10.0, 0.0)	(11.0, 0.0)	(12.0, 0.0)	(13.0, 0.0)	(14.0, 0.0)	(15.0, 0.0)	(16.0, 0.0)	(17.0, 0.0)	(18.0, 0.0)	(19.0, 0.0)	(20.0, 0.0)	(21.0, 0.0)	(22.0, 0.0)	(23.0, 0.0)	(24.0, 0.0)	(25.0, 0.0)	(26.0, 0.0)	(27.0, 0.0)	(28.0, 0.0)	(29.0, 0.0021661431820643355)	(30.0, 0.0)	(31.0, 0.0)	(32.0, 0.0)	(33.0, 0.0)	(34.0, 0.0)	(35.0, 0.0)	(36.0, 0.0)	(37.0, 0.007220477273547785)	(38.0, 0.007220477273547785)	(39.0, 0.006498429546193007)	(40.0, 0.008664572728257342)	(41.0, 0.004332286364128671)	(42.0, 0.01444095454709557)	(43.0, 0.016607097729159904)	(44.0, 0.02310552727535291)	(45.0, 0.03393624318567459)	(46.0, 0.08303548864579953)	(47.0, 0.42889635004873855)	(48.0, 2.3647063070869)	(49.0, 2.383479547998124)	(50.0, 1.482363984259361)	(51.0, 4.011697173183138)	(52.0, 7.702805155420814)	(53.0, 12.444492580959578)	(54.0, 16.66991588143973)	(55.0, 17.276435972417772)	(56.0, 12.440882342322833)	(57.0, 7.203870175818629)	(58.0, 4.7799559550886315)	(59.0, 3.0860319867143224)	(60.0, 1.2664717137802812)	(61.0, 0.5761940864291133)	(62.0, 0.410845156864869)	(63.0, 0.36246795913209884)	(64.0, 0.3935160114083543)	(65.0, 0.3949601068630638)	(66.0, 0.7278241091736165)	(67.0, 1.3321780569695665)	(68.0, 1.2253149933210594)	(69.0, 0.5003790750568615)	(70.0, 0.13863316365211747)	(71.0, 0.05198743636954405)	(72.0, 0.023827575002707692)	(73.0, 0.012996859092386013)	(74.0, 0.012996859092386013)	(75.0, 0.012996859092386013)	(76.0, 0.017329145456514684)	(77.0, 0.004332286364128671)	(78.0, 0.0021661431820643355)	(79.0, 0.006498429546193007)	(80.0, 0.004332286364128671)	(81.0, 0.0)	(82.0, 0.0021661431820643355)	(83.0, 0.0)	(84.0, 0.006498429546193007)	(85.0, 0.004332286364128671)	(86.0, 0.0)	(87.0, 0.004332286364128671)	(88.0, 0.0)	(89.0, 0.0)	(90.0, 0.0021661431820643355)	(91.0, 0.0)	(92.0, 0.0021661431820643355)	(93.0, 0.0)	(94.0, 0.0)	(95.0, 0.0)	(96.0, 0.0)	(97.0, 0.0021661431820643355)	(98.0, 0.0021661431820643355)	(99.0, 0.0)	(100.0, 0.0)
727B14_S164_L001_R1_001	(0.0, 0.0)	(1.0, 0.0)	(2.0, 0.0)	(3.0, 0.0)	(4.0, 0.0)	(5.0, 0.0)	(6.0, 0.0)	(7.0, 0.0)	(8.0, 0.0)	(9.0, 0.0)	(10.0, 0.0)	(11.0, 0.0)	(12.0, 0.0)	(13.0, 0.0)	(14.0, 0.0)	(15.0, 0.0)	(16.0, 0.0)	(17.0, 0.0)	(18.0, 0.0)	(19.0, 0.0)	(20.0, 0.0)	(21.0, 0.0)	(22.0, 0.0)	(23.0, 0.0)	(24.0, 0.0)	(25.0, 0.0)	(26.0, 0.0)	(27.0, 0.0)	(28.0, 0.0)	(29.0, 0.0)	(30.0, 0.0)	(31.0, 0.0)	(32.0, 0.0)	(33.0, 0.0)	(34.0, 0.0)	(35.0, 0.0)	(36.0, 0.0)	(37.0, 0.0)	(38.0, 0.0)	(39.0, 0.002206677405830042)	(40.0, 0.0)	(41.0, 0.0)	(42.0, 0.002206677405830042)	(43.0, 0.002206677405830042)	(44.0, 0.004413354811660084)	(45.0, 0.042662429846047484)	(46.0, 0.9657891446182818)	(47.0, 7.963163198505346)	(48.0, 5.26733896771631)	(49.0, 2.530323425351781)	(50.0, 3.2857426572809323)	(51.0, 5.233503247493583)	(52.0, 11.576965230119681)	(53.0, 16.896528896440625)	(54.0, 18.411045155975305)	(55.0, 11.135629748953672)	(56.0, 7.290862148862462)	(57.0, 2.1184103095968414)	(58.0, 1.6903148928658125)	(59.0, 1.2085236592595865)	(60.0, 0.9341601018013843)	(61.0, 0.9356312200719379)	(62.0, 0.24494119204713466)	(63.0, 0.0993004832623519)	(64.0, 0.07944038660988151)	(65.0, 0.313348191627866)	(66.0, 1.5380541518635393)	(67.0, 0.1986009665247038)	(68.0, 0.02427345146413046)	(69.0, 0.004413354811660084)	(70.0, 0.0)	(71.0, 0.0)	(72.0, 0.0)	(73.0, 0.0)	(74.0, 0.0)	(75.0, 0.0)	(76.0, 0.0)	(77.0, 0.0)	(78.0, 0.0)	(79.0, 0.0)	(80.0, 0.0)	(81.0, 0.0)	(82.0, 0.0)	(83.0, 0.0)	(84.0, 0.0)	(85.0, 0.0)	(86.0, 0.0)	(87.0, 0.0)	(88.0, 0.0)	(89.0, 0.0)	(90.0, 0.0)	(91.0, 0.0)	(92.0, 0.0)	(93.0, 0.0)	(94.0, 0.0)	(95.0, 0.0)	(96.0, 0.0)	(97.0, 0.0)	(98.0, 0.0)	(99.0, 0.0)	(100.0, 0.0)
727B14_S164_L001_R2_001	(0.0, 0.0)	(1.0, 0.0)	(2.0, 0.0)	(3.0, 0.0)	(4.0, 0.0)	(5.0, 0.0)	(6.0, 0.0)	(7.0, 0.0)	(8.0, 0.0)	(9.0, 0.0)	(10.0, 0.0)	(11.0, 0.0)	(12.0, 0.0)	(13.0, 0.0)	(14.0, 0.0)	(15.0, 0.0)	(16.0, 0.0)	(17.0, 0.0)	(18.0, 0.0)	(19.0, 0.0)	(20.0, 0.0)	(21.0, 0.0)	(22.0, 0.0)	(23.0, 0.0)	(24.0, 0.0)	(25.0, 0.0)	(26.0, 0.0)	(27.0, 0.0)	(28.0, 0.0)	(29.0, 0.002155435649468686)	(30.0, 0.0)	(31.0, 0.0)	(32.0, 0.0)	(33.0, 0.002155435649468686)	(34.0, 0.002155435649468686)	(35.0, 0.002155435649468686)	(36.0, 0.002155435649468686)	(37.0, 0.002155435649468686)	(38.0, 0.007184785498228952)	(39.0, 0.010777178247343429)	(40.0, 0.02442827069397844)	(41.0, 0.031613056192207396)	(42.0, 0.02802066344309292)	(43.0, 0.021554356494686858)	(44.0, 0.032331534742030286)	(45.0, 0.0919652543773306)	(46.0, 0.25937075648606517)	(47.0, 1.3787603371101365)	(48.0, 7.430505162268392)	(49.0, 6.5280961036908325)	(50.0, 2.8530783213467155)	(51.0, 4.841826947256486)	(52.0, 8.826508984574321)	(53.0, 13.471472809179238)	(54.0, 16.569552316015574)	(55.0, 15.779225911210418)	(56.0, 9.515529913854428)	(57.0, 4.168612546072438)	(58.0, 1.5590984531156828)	(59.0, 0.7752383552589039)	(60.0, 0.35923927491144764)	(61.0, 0.28882837702880393)	(62.0, 0.26080771358571103)	(63.0, 0.25074901388819043)	(64.0, 0.29816859817650154)	(65.0, 0.3764827601071971)	(66.0, 0.6538154803388347)	(67.0, 1.3018831322790863)	(68.0, 1.233627670045911)	(69.0, 0.4440197437905493)	(70.0, 0.12717070331865246)	(71.0, 0.025865227793624233)	(72.0, 0.019398920845218173)	(73.0, 0.01724348519574949)	(74.0, 0.015088049546280803)	(75.0, 0.015088049546280803)	(76.0, 0.012932613896812117)	(77.0, 0.006466306948406058)	(78.0, 0.006466306948406058)	(79.0, 0.01724348519574949)	(80.0, 0.008621742597874744)	(81.0, 0.002155435649468686)	(82.0, 0.0)	(83.0, 0.006466306948406058)	(84.0, 0.002155435649468686)	(85.0, 0.006466306948406058)	(86.0, 0.010777178247343429)	(87.0, 0.0)	(88.0, 0.004310871298937372)	(89.0, 0.0)	(90.0, 0.002155435649468686)	(91.0, 0.0)	(92.0, 0.0)	(93.0, 0.004310871298937372)	(94.0, 0.0)	(95.0, 0.0)	(96.0, 0.0)	(97.0, 0.0)	(98.0, 0.002155435649468686)	(99.0, 0.002155435649468686)	(100.0, 0.0)
