Sample	0	1	2	3	4	5	6	7	8	9	10	11	12	13	14	15	16	17	18	19	20	21	22	23	24	25	26	27	28	29	30	31	32	33	34	35	36	37	38	39	40	41	42	43	44	45	46	47	48	49	50	51	52	53	54	55	56	57	58	59	60	61	62	63	64	65	66	67	68	69	70	71	72	73	74	75	76	77	78	79	80	81	82	83	84	85	86	87	88	89	90	91	92	93	94	95	96	97	98	99	100
504A0_S1_L001_R1_001	(0.0, 3.0)	(1.0, 1.5)	(2.0, 0.0)	(3.0, 0.0)	(4.0, 0.0)	(5.0, 0.0)	(6.0, 0.0)	(7.0, 0.0)	(8.0, 0.0)	(9.0, 0.0)	(10.0, 0.0)	(11.0, 0.0)	(12.0, 0.0)	(13.0, 0.0)	(14.0, 0.0)	(15.0, 0.0)	(16.0, 0.0)	(17.0, 0.0)	(18.0, 0.0)	(19.0, 0.0)	(20.0, 0.0)	(21.0, 0.0)	(22.0, 0.0)	(23.0, 0.0)	(24.0, 0.0)	(25.0, 0.0)	(26.0, 0.0)	(27.0, 0.0)	(28.0, 0.0)	(29.0, 0.0)	(30.0, 0.0)	(31.0, 0.0)	(32.0, 0.0)	(33.0, 0.0)	(34.0, 0.0)	(35.0, 0.0)	(36.0, 0.25)	(37.0, 0.25)	(38.0, 0.0)	(39.0, 0.5833333333333333)	(40.0, 0.25)	(41.0, 0.75)	(42.0, 1.8333333333333333)	(43.0, 1.75)	(44.0, 1.0)	(45.0, 0.25)	(46.0, 2.75)	(47.0, 9.25)	(48.0, 15.25)	(49.0, 40.0)	(50.0, 282.83333333333337)	(51.0, 1500.5)	(52.0, 1460.5833333333333)	(53.0, 2055.833333333332)	(54.0, 2878.1666666666665)	(55.0, 2417.416666666666)	(56.0, 1027.6666666666679)	(57.0, 674.5000000000017)	(58.0, 1307.083333333329)	(59.0, 868.5000000000153)	(60.0, 379.1666666666651)	(61.0, 170.9166666666667)	(62.0, 123.49999999999997)	(63.0, 61.083333333333336)	(64.0, 35.25)	(65.0, 18.75)	(66.0, 80.25)	(67.0, 145.5)	(68.0, 14.25)	(69.0, 3.0)	(70.0, 2.5)	(71.0, 0.25)	(72.0, 0.25)	(73.0, 0.0)	(74.0, 0.0)	(75.0, 0.0)	(76.0, 0.0)	(77.0, 0.0)	(78.0, 0.0)	(79.0, 0.0)	(80.0, 0.0)	(81.0, 0.0)	(82.0, 0.0)	(83.0, 0.0)	(84.0, 0.0)	(85.0, 0.0)	(86.0, 0.0)	(87.0, 0.0)	(88.0, 0.0)	(89.0, 0.0)	(90.0, 0.0)	(91.0, 0.0)	(92.0, 0.0)	(93.0, 0.0)	(94.0, 0.0)	(95.0, 0.0)	(96.0, 0.0)	(97.0, 0.0)	(98.0, 0.0)	(99.0, 0.0)	(100.0, 0.0)
504A0_S1_L001_R2_001	(0.0, 3.0)	(1.0, 1.5)	(2.0, 0.0)	(3.0, 0.0)	(4.0, 0.0)	(5.0, 0.0)	(6.0, 0.0)	(7.0, 0.0)	(8.0, 0.0)	(9.0, 0.0)	(10.0, 0.0)	(11.0, 0.0)	(12.0, 0.0)	(13.0, 0.0)	(14.0, 0.0)	(15.0, 0.0)	(16.0, 0.0)	(17.0, 0.0)	(18.0, 0.0)	(19.0, 0.0)	(20.0, 0.0)	(21.0, 0.0)	(22.0, 0.0)	(23.0, 0.0)	(24.0, 0.0)	(25.0, 0.0)	(26.0, 0.0)	(27.0, 0.0)	(28.0, 0.0)	(29.0, 0.0)	(30.0, 0.0)	(31.0, 0.25)	(32.0, 0.0)	(33.0, 0.0)	(34.0, 0.5)	(35.0, 0.5)	(36.0, 0.0)	(37.0, 0.0)	(38.0, 0.5)	(39.0, 0.25)	(40.0, 0.25)	(41.0, 1.5833333333333333)	(42.0, 1.75)	(43.0, 2.583333333333333)	(44.0, 2.8333333333333335)	(45.0, 1.9166666666666665)	(46.0, 5.166666666666666)	(47.0, 12.333333333333334)	(48.0, 31.249999999999993)	(49.0, 61.83333333333338)	(50.0, 166.83333333333346)	(51.0, 593.6666666666669)	(52.0, 2185.3333333333185)	(53.0, 3340.4166666666883)	(54.0, 3295.7500000000055)	(55.0, 2664.9166666666674)	(56.0, 1016.666666666667)	(57.0, 417.7499999999999)	(58.0, 468.1666666666664)	(59.0, 344.83333333333337)	(60.0, 155.25)	(61.0, 66.83333333333334)	(62.0, 53.25)	(63.0, 60.083333333333336)	(64.0, 68.5)	(65.0, 69.50000000000001)	(66.0, 66.66666666666667)	(67.0, 122.5)	(68.0, 120.5)	(69.0, 55.0)	(70.0, 20.25)	(71.0, 7.5)	(72.0, 5.0)	(73.0, 5.25)	(74.0, 3.5)	(75.0, 3.0)	(76.0, 0.25)	(77.0, 0.75)	(78.0, 0.5)	(79.0, 0.75)	(80.0, 1.0)	(81.0, 0.5)	(82.0, 1.5)	(83.0, 1.0)	(84.0, 0.5)	(85.0, 0.75)	(86.0, 0.5)	(87.0, 1.0)	(88.0, 0.5)	(89.0, 0.25)	(90.0, 0.25)	(91.0, 0.25)	(92.0, 0.25)	(93.0, 0.0)	(94.0, 0.0)	(95.0, 0.0)	(96.0, 0.0)	(97.0, 0.0)	(98.0, 0.0)	(99.0, 0.25)	(100.0, 0.6666666666666666)
504A14_S2_L001_R1_001	(0.0, 1.0)	(1.0, 0.5)	(2.0, 0.0)	(3.0, 0.0)	(4.0, 0.0)	(5.0, 0.0)	(6.0, 0.0)	(7.0, 0.0)	(8.0, 0.0)	(9.0, 0.0)	(10.0, 0.0)	(11.0, 0.0)	(12.0, 0.0)	(13.0, 0.0)	(14.0, 0.0)	(15.0, 0.0)	(16.0, 0.0)	(17.0, 0.0)	(18.0, 0.0)	(19.0, 0.0)	(20.0, 0.0)	(21.0, 0.0)	(22.0, 0.0)	(23.0, 0.0)	(24.0, 0.0)	(25.0, 0.0)	(26.0, 0.0)	(27.0, 0.0)	(28.0, 0.0)	(29.0, 0.0)	(30.0, 0.0)	(31.0, 0.0)	(32.0, 0.0)	(33.0, 0.0)	(34.0, 0.0)	(35.0, 0.0)	(36.0, 0.0)	(37.0, 0.0)	(38.0, 0.0)	(39.0, 0.0)	(40.0, 0.0)	(41.0, 0.0)	(42.0, 0.0)	(43.0, 0.25)	(44.0, 0.5)	(45.0, 2.25)	(46.0, 4.25)	(47.0, 14.5)	(48.0, 20.5)	(49.0, 31.5)	(50.0, 223.75)	(51.0, 1098.9166666666667)	(52.0, 1406.5)	(53.0, 1290.4999999999998)	(54.0, 1789.0833333333317)	(55.0, 1651.2499999999986)	(56.0, 827.8333333333342)	(57.0, 1094.5000000000023)	(58.0, 2189.916666666643)	(59.0, 894.1666666666819)	(60.0, 276.9166666666672)	(61.0, 121.49999999999996)	(62.0, 75.33333333333333)	(63.0, 28.25)	(64.0, 10.25)	(65.0, 9.25)	(66.0, 42.0)	(67.0, 71.25)	(68.0, 7.0)	(69.0, 1.0)	(70.0, 0.25)	(71.0, 0.25)	(72.0, 0.25)	(73.0, 0.25)	(74.0, 0.25)	(75.0, 0.0)	(76.0, 0.0)	(77.0, 0.0)	(78.0, 0.0)	(79.0, 0.0)	(80.0, 0.0)	(81.0, 0.0)	(82.0, 0.0)	(83.0, 0.0)	(84.0, 0.0)	(85.0, 0.0)	(86.0, 0.0)	(87.0, 0.0)	(88.0, 0.0)	(89.0, 0.0)	(90.0, 0.0)	(91.0, 0.0)	(92.0, 0.0)	(93.0, 0.0)	(94.0, 0.0)	(95.0, 0.0)	(96.0, 0.0)	(97.0, 0.0)	(98.0, 0.0)	(99.0, 0.0)	(100.0, 0.0)
504A14_S2_L001_R2_001	(0.0, 1.0)	(1.0, 0.5)	(2.0, 0.0)	(3.0, 0.0)	(4.0, 0.0)	(5.0, 0.0)	(6.0, 0.0)	(7.0, 0.0)	(8.0, 0.0)	(9.0, 0.0)	(10.0, 0.0)	(11.0, 0.0)	(12.0, 0.0)	(13.0, 0.0)	(14.0, 0.0)	(15.0, 0.0)	(16.0, 0.0)	(17.0, 0.0)	(18.0, 0.0)	(19.0, 0.0)	(20.0, 0.0)	(21.0, 0.0)	(22.0, 0.0)	(23.0, 0.0)	(24.0, 0.0)	(25.0, 0.0)	(26.0, 0.0)	(27.0, 0.0)	(28.0, 0.0)	(29.0, 0.0)	(30.0, 0.0)	(31.0, 0.0)	(32.0, 0.0)	(33.0, 0.0)	(34.0, 0.0)	(35.0, 0.25)	(36.0, 0.5)	(37.0, 0.25)	(38.0, 0.5833333333333333)	(39.0, 0.5)	(40.0, 0.5)	(41.0, 0.5)	(42.0, 1.0)	(43.0, 1.0)	(44.0, 1.5)	(45.0, 3.25)	(46.0, 6.083333333333333)	(47.0, 16.25)	(48.0, 31.83333333333333)	(49.0, 43.83333333333334)	(50.0, 108.41666666666654)	(51.0, 447.4999999999984)	(52.0, 1626.1666666666486)	(53.0, 2516.7499999999964)	(54.0, 2656.7499999999995)	(55.0, 2433.75)	(56.0, 1063.0000000000002)	(57.0, 827.4166666666669)	(58.0, 511.4166666666664)	(59.0, 254.00000000000003)	(60.0, 106.58333333333333)	(61.0, 44.083333333333336)	(62.0, 30.083333333333332)	(63.0, 30.0)	(64.0, 39.33333333333333)	(65.0, 34.75)	(66.0, 42.75)	(67.0, 66.08333333333334)	(68.0, 62.25)	(69.0, 27.0)	(70.0, 8.0)	(71.0, 4.0)	(72.0, 0.75)	(73.0, 1.0)	(74.0, 0.75)	(75.0, 1.5)	(76.0, 2.0)	(77.0, 1.0)	(78.0, 1.0)	(79.0, 2.25)	(80.0, 0.75)	(81.0, 0.5)	(82.0, 0.5)	(83.0, 0.75)	(84.0, 1.5)	(85.0, 0.75)	(86.0, 0.25)	(87.0, 0.25)	(88.0, 0.0)	(89.0, 0.5)	(90.0, 0.75)	(91.0, 0.0)	(92.0, 0.0)	(93.0, 0.0)	(94.0, 0.0)	(95.0, 0.0)	(96.0, 0.0)	(97.0, 0.0)	(98.0, 0.0)	(99.0, 0.0)	(100.0, 0.3333333333333333)
504B0_S3_L001_R1_001	(0.0, 1.0)	(1.0, 0.5)	(2.0, 0.0)	(3.0, 0.0)	(4.0, 0.0)	(5.0, 0.0)	(6.0, 0.0)	(7.0, 0.0)	(8.0, 0.0)	(9.0, 0.0)	(10.0, 0.0)	(11.0, 0.0)	(12.0, 0.0)	(13.0, 0.0)	(14.0, 0.0)	(15.0, 0.0)	(16.0, 0.0)	(17.0, 0.0)	(18.0, 0.0)	(19.0, 0.0)	(20.0, 0.0)	(21.0, 0.0)	(22.0, 0.0)	(23.0, 0.0)	(24.0, 0.0)	(25.0, 0.0)	(26.0, 0.0)	(27.0, 0.0)	(28.0, 0.0)	(29.0, 0.0)	(30.0, 0.0)	(31.0, 0.0)	(32.0, 0.0)	(33.0, 0.0)	(34.0, 0.0)	(35.0, 0.0)	(36.0, 0.0)	(37.0, 0.0)	(38.0, 0.0)	(39.0, 0.0)	(40.0, 0.0)	(41.0, 0.0)	(42.0, 0.0)	(43.0, 0.25)	(44.0, 0.25)	(45.0, 0.5)	(46.0, 0.5)	(47.0, 1.0)	(48.0, 2.5)	(49.0, 10.833333333333334)	(50.0, 147.16666666666669)	(51.0, 930.0833333333333)	(52.0, 1080.25)	(53.0, 1399.9166666666667)	(54.0, 2580.25)	(55.0, 2626.4999999999995)	(56.0, 758.6666666666669)	(57.0, 486.2499999999992)	(58.0, 1213.4166666666688)	(59.0, 773.6666666666747)	(60.0, 407.833333333332)	(61.0, 180.58333333333337)	(62.0, 135.33333333333334)	(63.0, 76.91666666666667)	(64.0, 59.83333333333333)	(65.0, 35.5)	(66.0, 175.5)	(67.0, 304.25)	(68.0, 31.5)	(69.0, 4.0)	(70.0, 1.0)	(71.0, 1.25)	(72.0, 0.0)	(73.0, 0.0)	(74.0, 0.0)	(75.0, 0.0)	(76.0, 0.0)	(77.0, 0.0)	(78.0, 0.0)	(79.0, 0.0)	(80.0, 0.0)	(81.0, 0.0)	(82.0, 0.0)	(83.0, 0.0)	(84.0, 0.0)	(85.0, 0.0)	(86.0, 0.0)	(87.0, 0.0)	(88.0, 0.0)	(89.0, 0.0)	(90.0, 0.0)	(91.0, 0.0)	(92.0, 0.0)	(93.0, 0.0)	(94.0, 0.0)	(95.0, 0.0)	(96.0, 0.0)	(97.0, 0.0)	(98.0, 0.0)	(99.0, 0.0)	(100.0, 0.0)
504B0_S3_L001_R2_001	(0.0, 1.0)	(1.0, 0.5)	(2.0, 0.0)	(3.0, 0.0)	(4.0, 0.0)	(5.0, 0.0)	(6.0, 0.0)	(7.0, 0.0)	(8.0, 0.0)	(9.0, 0.0)	(10.0, 0.0)	(11.0, 0.0)	(12.0, 0.0)	(13.0, 0.0)	(14.0, 0.0)	(15.0, 0.0)	(16.0, 0.0)	(17.0, 0.0)	(18.0, 0.0)	(19.0, 0.0)	(20.0, 0.0)	(21.0, 0.0)	(22.0, 0.0)	(23.0, 0.0)	(24.0, 0.0)	(25.0, 0.0)	(26.0, 0.0)	(27.0, 0.0)	(28.0, 0.0)	(29.0, 0.0)	(30.0, 0.0)	(31.0, 0.0)	(32.0, 0.0)	(33.0, 0.0)	(34.0, 0.0)	(35.0, 0.0)	(36.0, 0.5833333333333333)	(37.0, 0.5833333333333333)	(38.0, 0.5)	(39.0, 1.0)	(40.0, 1.5833333333333333)	(41.0, 1.5833333333333333)	(42.0, 0.5)	(43.0, 0.5)	(44.0, 1.25)	(45.0, 2.0)	(46.0, 3.25)	(47.0, 3.583333333333333)	(48.0, 8.25)	(49.0, 33.33333333333333)	(50.0, 98.33333333333323)	(51.0, 400.6666666666658)	(52.0, 1498.4166666666563)	(53.0, 2274.166666666658)	(54.0, 2898.750000000002)	(55.0, 2744.4999999999995)	(56.0, 934.6666666666667)	(57.0, 376.91666666666663)	(58.0, 435.4166666666666)	(59.0, 313.8333333333333)	(60.0, 142.0)	(61.0, 66.5)	(62.0, 48.5)	(63.0, 53.16666666666667)	(64.0, 72.91666666666666)	(65.0, 87.25)	(66.0, 91.0)	(67.0, 180.83333333333331)	(68.0, 227.5)	(69.0, 117.0)	(70.0, 37.75)	(71.0, 9.25)	(72.0, 5.25)	(73.0, 4.0)	(74.0, 1.5)	(75.0, 2.5)	(76.0, 2.75)	(77.0, 0.5)	(78.0, 1.0)	(79.0, 1.0)	(80.0, 1.0)	(81.0, 1.5)	(82.0, 0.75)	(83.0, 0.5)	(84.0, 0.75)	(85.0, 1.0)	(86.0, 0.25)	(87.0, 0.25)	(88.0, 0.25)	(89.0, 0.25)	(90.0, 0.25)	(91.0, 0.0)	(92.0, 0.5)	(93.0, 0.5)	(94.0, 0.0)	(95.0, 0.0)	(96.0, 0.25)	(97.0, 0.25)	(98.0, 0.0)	(99.0, 0.0)	(100.0, 0.0)
504B14_S4_L001_R1_001	(0.0, 0.0)	(1.0, 0.0)	(2.0, 0.0)	(3.0, 0.0)	(4.0, 0.0)	(5.0, 0.0)	(6.0, 0.0)	(7.0, 0.0)	(8.0, 0.0)	(9.0, 0.0)	(10.0, 0.0)	(11.0, 0.0)	(12.0, 0.0)	(13.0, 0.0)	(14.0, 0.0)	(15.0, 0.0)	(16.0, 0.0)	(17.0, 0.0)	(18.0, 0.0)	(19.0, 0.0)	(20.0, 0.0)	(21.0, 0.0)	(22.0, 0.0)	(23.0, 0.0)	(24.0, 0.0)	(25.0, 0.0)	(26.0, 0.0)	(27.0, 0.0)	(28.0, 0.0)	(29.0, 0.0)	(30.0, 0.0)	(31.0, 0.0)	(32.0, 0.0)	(33.0, 0.0)	(34.0, 0.0)	(35.0, 0.0)	(36.0, 0.0)	(37.0, 0.0)	(38.0, 0.0)	(39.0, 0.5)	(40.0, 1.0)	(41.0, 0.5)	(42.0, 0.25)	(43.0, 0.25)	(44.0, 0.0)	(45.0, 0.25)	(46.0, 0.75)	(47.0, 2.0)	(48.0, 2.75)	(49.0, 15.083333333333334)	(50.0, 141.08333333333331)	(51.0, 841.1666666666666)	(52.0, 980.5)	(53.0, 1203.75)	(54.0, 1317.2499999999998)	(55.0, 1111.9166666666667)	(56.0, 581.4999999999998)	(57.0, 434.8333333333326)	(58.0, 518.0833333333294)	(59.0, 968.9166666666848)	(60.0, 567.6666666666655)	(61.0, 214.50000000000014)	(62.0, 135.91666666666666)	(63.0, 84.5)	(64.0, 44.25)	(65.0, 31.75)	(66.0, 119.5)	(67.0, 181.5)	(68.0, 20.25)	(69.0, 2.25)	(70.0, 1.0)	(71.0, 0.25)	(72.0, 0.0)	(73.0, 0.0)	(74.0, 0.0)	(75.0, 0.0)	(76.0, 0.0)	(77.0, 0.0)	(78.0, 0.0)	(79.0, 0.0)	(80.0, 0.0)	(81.0, 0.0)	(82.0, 0.0)	(83.0, 0.0)	(84.0, 0.0)	(85.0, 0.0)	(86.0, 0.0)	(87.0, 0.0)	(88.0, 0.0)	(89.0, 0.0)	(90.0, 0.0)	(91.0, 0.0)	(92.0, 0.0)	(93.0, 0.0)	(94.0, 0.0)	(95.0, 0.0)	(96.0, 0.0)	(97.0, 0.0)	(98.0, 0.0)	(99.0, 0.0)	(100.0, 0.0)
504B14_S4_L001_R2_001	(0.0, 0.0)	(1.0, 0.0)	(2.0, 0.0)	(3.0, 0.0)	(4.0, 0.0)	(5.0, 0.0)	(6.0, 0.0)	(7.0, 0.0)	(8.0, 0.0)	(9.0, 0.0)	(10.0, 0.0)	(11.0, 0.0)	(12.0, 0.0)	(13.0, 0.0)	(14.0, 0.0)	(15.0, 0.0)	(16.0, 0.0)	(17.0, 0.0)	(18.0, 0.0)	(19.0, 0.0)	(20.0, 0.0)	(21.0, 0.0)	(22.0, 0.0)	(23.0, 0.0)	(24.0, 0.0)	(25.0, 0.0)	(26.0, 0.0)	(27.0, 0.0)	(28.0, 0.0)	(29.0, 0.0)	(30.0, 0.0)	(31.0, 0.0)	(32.0, 0.0)	(33.0, 0.0)	(34.0, 0.0)	(35.0, 0.0)	(36.0, 0.0)	(37.0, 0.0)	(38.0, 0.25)	(39.0, 1.0)	(40.0, 1.25)	(41.0, 1.3333333333333333)	(42.0, 0.8333333333333333)	(43.0, 1.0)	(44.0, 1.8333333333333333)	(45.0, 2.416666666666667)	(46.0, 2.0833333333333335)	(47.0, 6.666666666666665)	(48.0, 12.583333333333337)	(49.0, 33.08333333333331)	(50.0, 118.91666666666652)	(51.0, 475.6666666666659)	(52.0, 1305.9999999999993)	(53.0, 1651.0833333333312)	(54.0, 1485.9999999999989)	(55.0, 1016.0000000000002)	(56.0, 494.8333333333332)	(57.0, 370.24999999999994)	(58.0, 769.5000000000002)	(59.0, 623.75)	(60.0, 246.50000000000003)	(61.0, 91.66666666666666)	(62.0, 48.58333333333334)	(63.0, 48.833333333333336)	(64.0, 57.416666666666664)	(65.0, 60.750000000000014)	(66.0, 76.91666666666667)	(67.0, 140.41666666666666)	(68.0, 144.08333333333334)	(69.0, 69.5)	(70.0, 25.75)	(71.0, 9.75)	(72.0, 6.25)	(73.0, 3.75)	(74.0, 2.0)	(75.0, 2.25)	(76.0, 0.75)	(77.0, 1.0)	(78.0, 1.0)	(79.0, 0.5)	(80.0, 0.25)	(81.0, 0.5)	(82.0, 0.25)	(83.0, 0.5)	(84.0, 0.5)	(85.0, 0.5)	(86.0, 0.25)	(87.0, 0.25)	(88.0, 0.5)	(89.0, 0.75)	(90.0, 0.5)	(91.0, 0.0)	(92.0, 0.0)	(93.0, 0.0)	(94.0, 0.0)	(95.0, 0.0)	(96.0, 0.0)	(97.0, 0.0)	(98.0, 0.0)	(99.0, 0.0)	(100.0, 0.3333333333333333)
508A0_S9_L001_R1_001	(0.0, 2.0)	(1.0, 1.0)	(2.0, 0.0)	(3.0, 0.0)	(4.0, 0.0)	(5.0, 0.0)	(6.0, 0.0)	(7.0, 0.0)	(8.0, 0.0)	(9.0, 0.0)	(10.0, 0.0)	(11.0, 0.0)	(12.0, 0.0)	(13.0, 0.0)	(14.0, 0.0)	(15.0, 0.0)	(16.0, 0.0)	(17.0, 0.0)	(18.0, 0.0)	(19.0, 0.0)	(20.0, 0.0)	(21.0, 0.0)	(22.0, 0.0)	(23.0, 0.0)	(24.0, 0.0)	(25.0, 0.0)	(26.0, 0.0)	(27.0, 0.0)	(28.0, 0.0)	(29.0, 0.0)	(30.0, 0.0)	(31.0, 0.0)	(32.0, 0.0)	(33.0, 0.0)	(34.0, 0.0)	(35.0, 0.0)	(36.0, 0.0)	(37.0, 0.0)	(38.0, 0.0)	(39.0, 0.0)	(40.0, 0.0)	(41.0, 0.5)	(42.0, 1.5)	(43.0, 1.5)	(44.0, 0.75)	(45.0, 0.25)	(46.0, 7.0)	(47.0, 239.25)	(48.0, 335.75)	(49.0, 135.66666666666669)	(50.0, 319.5833333333333)	(51.0, 1238.6666666666665)	(52.0, 1848.4999999999995)	(53.0, 1968.9999999999975)	(54.0, 2824.6666666666697)	(55.0, 1980.3333333333296)	(56.0, 705.5000000000011)	(57.0, 393.7499999999996)	(58.0, 561.8333333333318)	(59.0, 193.75000000000043)	(60.0, 70.58333333333334)	(61.0, 31.416666666666664)	(62.0, 19.083333333333336)	(63.0, 14.75)	(64.0, 7.0)	(65.0, 2.0)	(66.0, 10.25)	(67.0, 14.75)	(68.0, 2.5)	(69.0, 0.0)	(70.0, 0.0)	(71.0, 0.25)	(72.0, 0.0)	(73.0, 0.0)	(74.0, 0.0)	(75.0, 0.0)	(76.0, 0.0)	(77.0, 0.0)	(78.0, 0.0)	(79.0, 0.0)	(80.0, 0.0)	(81.0, 0.0)	(82.0, 0.0)	(83.0, 0.0)	(84.0, 0.0)	(85.0, 0.0)	(86.0, 0.0)	(87.0, 0.0)	(88.0, 0.0)	(89.0, 0.0)	(90.0, 0.0)	(91.0, 0.0)	(92.0, 0.0)	(93.0, 0.0)	(94.0, 0.0)	(95.0, 0.0)	(96.0, 0.0)	(97.0, 0.0)	(98.0, 0.0)	(99.0, 0.0)	(100.0, 0.0)
508A0_S9_L001_R2_001	(0.0, 2.0)	(1.0, 1.0)	(2.0, 0.0)	(3.0, 0.0)	(4.0, 0.0)	(5.0, 0.0)	(6.0, 0.0)	(7.0, 0.0)	(8.0, 0.0)	(9.0, 0.0)	(10.0, 0.0)	(11.0, 0.0)	(12.0, 0.0)	(13.0, 0.0)	(14.0, 0.0)	(15.0, 0.0)	(16.0, 0.0)	(17.0, 0.0)	(18.0, 0.0)	(19.0, 0.0)	(20.0, 0.0)	(21.0, 0.0)	(22.0, 0.0)	(23.0, 0.0)	(24.0, 0.0)	(25.0, 0.0)	(26.0, 0.0)	(27.0, 0.0)	(28.0, 0.0)	(29.0, 0.0)	(30.0, 0.0)	(31.0, 0.0)	(32.0, 0.0)	(33.0, 0.0)	(34.0, 0.25)	(35.0, 0.25)	(36.0, 0.5)	(37.0, 0.0)	(38.0, 0.0)	(39.0, 0.25)	(40.0, 0.75)	(41.0, 2.0833333333333335)	(42.0, 2.1666666666666665)	(43.0, 5.249999999999999)	(44.0, 3.583333333333333)	(45.0, 9.249999999999998)	(46.0, 25.5)	(47.0, 207.83333333333343)	(48.0, 576.9999999999997)	(49.0, 388.41666666666646)	(50.0, 328.66666666666646)	(51.0, 669.4166666666678)	(52.0, 1703.1666666666572)	(53.0, 2801.2500000000073)	(54.0, 3017.5833333333385)	(55.0, 1954.7499999999982)	(56.0, 709.25)	(57.0, 226.83333333333334)	(58.0, 118.49999999999999)	(59.0, 68.91666666666667)	(60.0, 33.58333333333333)	(61.0, 22.833333333333332)	(62.0, 19.833333333333336)	(63.0, 23.166666666666664)	(64.0, 20.25)	(65.0, 17.083333333333336)	(66.0, 11.833333333333334)	(67.0, 14.5)	(68.0, 14.833333333333332)	(69.0, 9.333333333333334)	(70.0, 4.0)	(71.0, 0.25)	(72.0, 1.5)	(73.0, 2.0)	(74.0, 1.5)	(75.0, 1.25)	(76.0, 0.5)	(77.0, 0.5)	(78.0, 0.5)	(79.0, 0.25)	(80.0, 0.5)	(81.0, 0.5)	(82.0, 0.0)	(83.0, 0.0)	(84.0, 0.0)	(85.0, 0.25)	(86.0, 0.25)	(87.0, 0.25)	(88.0, 0.0)	(89.0, 0.0)	(90.0, 0.0)	(91.0, 0.0)	(92.0, 0.0)	(93.0, 0.0)	(94.0, 0.0)	(95.0, 0.0)	(96.0, 0.0)	(97.0, 0.0)	(98.0, 0.0)	(99.0, 0.25)	(100.0, 0.3333333333333333)
508A14_S10_L001_R1_001	(0.0, 1.0)	(1.0, 0.5)	(2.0, 0.0)	(3.0, 0.0)	(4.0, 0.0)	(5.0, 0.0)	(6.0, 0.0)	(7.0, 0.0)	(8.0, 0.0)	(9.0, 0.0)	(10.0, 0.0)	(11.0, 0.0)	(12.0, 0.0)	(13.0, 0.0)	(14.0, 0.0)	(15.0, 0.0)	(16.0, 0.0)	(17.0, 0.0)	(18.0, 0.0)	(19.0, 0.0)	(20.0, 0.0)	(21.0, 0.0)	(22.0, 0.0)	(23.0, 0.0)	(24.0, 0.0)	(25.0, 0.0)	(26.0, 0.25)	(27.0, 0.0)	(28.0, 0.0)	(29.0, 0.0)	(30.0, 0.0)	(31.0, 0.0)	(32.0, 0.0)	(33.0, 0.0)	(34.0, 0.0)	(35.0, 0.0)	(36.0, 0.0)	(37.0, 0.0)	(38.0, 0.0)	(39.0, 0.0)	(40.0, 0.0)	(41.0, 0.5)	(42.0, 1.0)	(43.0, 0.75)	(44.0, 1.5)	(45.0, 1.75)	(46.0, 6.0)	(47.0, 129.0)	(48.0, 208.33333333333334)	(49.0, 97.5)	(50.0, 209.16666666666666)	(51.0, 1118.166666666667)	(52.0, 1434.3333333333333)	(53.0, 2057.416666666665)	(54.0, 3047.916666666669)	(55.0, 2158.333333333331)	(56.0, 836.2500000000025)	(57.0, 465.99999999999903)	(58.0, 556.7499999999986)	(59.0, 166.0000000000001)	(60.0, 35.5)	(61.0, 22.083333333333332)	(62.0, 11.0)	(63.0, 13.0)	(64.0, 5.0)	(65.0, 2.25)	(66.0, 9.75)	(67.0, 16.0)	(68.0, 2.25)	(69.0, 0.0)	(70.0, 0.0)	(71.0, 0.0)	(72.0, 0.0)	(73.0, 0.0)	(74.0, 0.0)	(75.0, 0.25)	(76.0, 0.0)	(77.0, 0.0)	(78.0, 0.0)	(79.0, 0.0)	(80.0, 0.0)	(81.0, 0.0)	(82.0, 0.0)	(83.0, 0.0)	(84.0, 0.0)	(85.0, 0.0)	(86.0, 0.0)	(87.0, 0.0)	(88.0, 0.0)	(89.0, 0.0)	(90.0, 0.0)	(91.0, 0.0)	(92.0, 0.0)	(93.0, 0.0)	(94.0, 0.0)	(95.0, 0.0)	(96.0, 0.0)	(97.0, 0.0)	(98.0, 0.0)	(99.0, 0.0)	(100.0, 0.0)
508A14_S10_L001_R2_001	(0.0, 1.0)	(1.0, 0.5)	(2.0, 0.0)	(3.0, 0.0)	(4.0, 0.0)	(5.0, 0.0)	(6.0, 0.0)	(7.0, 0.0)	(8.0, 0.0)	(9.0, 0.0)	(10.0, 0.0)	(11.0, 0.0)	(12.0, 0.0)	(13.0, 0.0)	(14.0, 0.0)	(15.0, 0.0)	(16.0, 0.0)	(17.0, 0.0)	(18.0, 0.0)	(19.0, 0.0)	(20.0, 0.0)	(21.0, 0.0)	(22.0, 0.0)	(23.0, 0.0)	(24.0, 0.0)	(25.0, 0.0)	(26.0, 0.0)	(27.0, 0.0)	(28.0, 0.0)	(29.0, 0.25)	(30.0, 0.0)	(31.0, 0.0)	(32.0, 0.25)	(33.0, 0.25)	(34.0, 0.25)	(35.0, 0.25)	(36.0, 1.4999999999999998)	(37.0, 1.1666666666666665)	(38.0, 1.25)	(39.0, 0.25)	(40.0, 1.0)	(41.0, 0.5)	(42.0, 1.0833333333333333)	(43.0, 3.1666666666666665)	(44.0, 2.833333333333333)	(45.0, 5.25)	(46.0, 12.75)	(47.0, 101.66666666666666)	(48.0, 284.00000000000006)	(49.0, 215.58333333333346)	(50.0, 225.16666666666708)	(51.0, 644.0833333333335)	(52.0, 1888.5833333333203)	(53.0, 3049.1666666666765)	(54.0, 3036.2500000000036)	(55.0, 1928.249999999998)	(56.0, 756.1666666666666)	(57.0, 241.00000000000003)	(58.0, 99.08333333333333)	(59.0, 49.25)	(60.0, 25.083333333333336)	(61.0, 16.75)	(62.0, 16.083333333333336)	(63.0, 12.750000000000002)	(64.0, 16.666666666666664)	(65.0, 12.25)	(66.0, 11.5)	(67.0, 14.0)	(68.0, 16.0)	(69.0, 8.5)	(70.0, 2.0)	(71.0, 1.5)	(72.0, 0.75)	(73.0, 0.0)	(74.0, 0.75)	(75.0, 0.75)	(76.0, 1.0)	(77.0, 0.5)	(78.0, 0.0)	(79.0, 0.5)	(80.0, 0.5)	(81.0, 0.0)	(82.0, 0.0)	(83.0, 0.0)	(84.0, 0.25)	(85.0, 0.25)	(86.0, 0.0)	(87.0, 0.5)	(88.0, 0.0)	(89.0, 0.25)	(90.0, 0.5)	(91.0, 0.5)	(92.0, 0.5)	(93.0, 0.25)	(94.0, 0.25)	(95.0, 0.0)	(96.0, 0.0)	(97.0, 0.0)	(98.0, 0.0)	(99.0, 0.0)	(100.0, 0.0)
508B0_S11_L001_R1_001	(0.0, 2.0)	(1.0, 1.0)	(2.0, 0.0)	(3.0, 0.0)	(4.0, 0.0)	(5.0, 0.0)	(6.0, 0.0)	(7.0, 0.0)	(8.0, 0.0)	(9.0, 0.0)	(10.0, 0.0)	(11.0, 0.0)	(12.0, 0.0)	(13.0, 0.0)	(14.0, 0.0)	(15.0, 0.0)	(16.0, 0.0)	(17.0, 0.0)	(18.0, 0.0)	(19.0, 0.0)	(20.0, 0.0)	(21.0, 0.0)	(22.0, 0.0)	(23.0, 0.0)	(24.0, 0.0)	(25.0, 0.0)	(26.0, 0.0)	(27.0, 0.0)	(28.0, 0.0)	(29.0, 0.0)	(30.0, 0.0)	(31.0, 0.0)	(32.0, 0.0)	(33.0, 0.0)	(34.0, 0.0)	(35.0, 0.0)	(36.0, 0.0)	(37.0, 0.0)	(38.0, 0.3333333333333333)	(39.0, 0.0)	(40.0, 0.0)	(41.0, 0.0)	(42.0, 0.0)	(43.0, 0.25)	(44.0, 0.5)	(45.0, 0.5833333333333333)	(46.0, 1.5833333333333333)	(47.0, 18.25)	(48.0, 23.25)	(49.0, 23.166666666666664)	(50.0, 146.75000000000003)	(51.0, 742.1666666666667)	(52.0, 945.7500000000002)	(53.0, 1548.6666666666665)	(54.0, 2021.8333333333317)	(55.0, 1483.249999999999)	(56.0, 654.4166666666666)	(57.0, 308.1666666666665)	(58.0, 503.4999999999965)	(59.0, 177.666666666667)	(60.0, 45.833333333333336)	(61.0, 38.833333333333336)	(62.0, 32.33333333333333)	(63.0, 15.5)	(64.0, 5.75)	(65.0, 5.5)	(66.0, 22.75)	(67.0, 38.75)	(68.0, 4.25)	(69.0, 0.25)	(70.0, 0.25)	(71.0, 0.0)	(72.0, 0.0)	(73.0, 0.0)	(74.0, 0.0)	(75.0, 0.0)	(76.0, 0.0)	(77.0, 0.0)	(78.0, 0.0)	(79.0, 0.0)	(80.0, 0.0)	(81.0, 0.0)	(82.0, 0.0)	(83.0, 0.0)	(84.0, 0.0)	(85.0, 0.0)	(86.0, 0.0)	(87.0, 0.0)	(88.0, 0.0)	(89.0, 0.0)	(90.0, 0.0)	(91.0, 0.0)	(92.0, 0.0)	(93.0, 0.0)	(94.0, 0.0)	(95.0, 0.0)	(96.0, 0.0)	(97.0, 0.0)	(98.0, 0.0)	(99.0, 0.0)	(100.0, 0.0)
508B0_S11_L001_R2_001	(0.0, 2.0)	(1.0, 1.0)	(2.0, 0.0)	(3.0, 0.0)	(4.0, 0.0)	(5.0, 0.0)	(6.0, 0.0)	(7.0, 0.0)	(8.0, 0.0)	(9.0, 0.0)	(10.0, 0.0)	(11.0, 0.0)	(12.0, 0.0)	(13.0, 0.0)	(14.0, 0.0)	(15.0, 0.0)	(16.0, 0.0)	(17.0, 0.0)	(18.0, 0.0)	(19.0, 0.0)	(20.0, 0.0)	(21.0, 0.0)	(22.0, 0.0)	(23.0, 0.0)	(24.0, 0.0)	(25.0, 0.0)	(26.0, 0.0)	(27.0, 0.0)	(28.0, 0.0)	(29.0, 0.3333333333333333)	(30.0, 0.0)	(31.0, 0.0)	(32.0, 0.25)	(33.0, 0.0)	(34.0, 0.25)	(35.0, 0.25)	(36.0, 0.0)	(37.0, 0.0)	(38.0, 0.0)	(39.0, 1.0)	(40.0, 0.5)	(41.0, 1.0833333333333333)	(42.0, 0.6666666666666666)	(43.0, 1.0833333333333333)	(44.0, 0.8333333333333333)	(45.0, 2.0833333333333335)	(46.0, 5.583333333333333)	(47.0, 18.416666666666664)	(48.0, 46.25000000000001)	(49.0, 58.66666666666668)	(50.0, 180.0833333333334)	(51.0, 571.4999999999993)	(52.0, 1351.9166666666638)	(53.0, 2066.083333333325)	(54.0, 2066.4999999999977)	(55.0, 1447.0833333333335)	(56.0, 548.25)	(57.0, 167.25)	(58.0, 67.91666666666667)	(59.0, 34.0)	(60.0, 21.083333333333336)	(61.0, 16.333333333333332)	(62.0, 14.333333333333332)	(63.0, 20.833333333333332)	(64.0, 23.916666666666664)	(65.0, 19.25)	(66.0, 20.0)	(67.0, 35.58333333333333)	(68.0, 33.83333333333333)	(69.0, 14.583333333333334)	(70.0, 5.833333333333333)	(71.0, 2.5)	(72.0, 2.0)	(73.0, 1.25)	(74.0, 0.75)	(75.0, 0.75)	(76.0, 0.25)	(77.0, 0.0)	(78.0, 0.25)	(79.0, 0.0)	(80.0, 0.25)	(81.0, 0.0)	(82.0, 0.5)	(83.0, 0.5)	(84.0, 0.25)	(85.0, 0.5)	(86.0, 0.5)	(87.0, 0.0)	(88.0, 0.25)	(89.0, 0.25)	(90.0, 0.0)	(91.0, 0.25)	(92.0, 0.25)	(93.0, 0.0)	(94.0, 0.0)	(95.0, 0.0)	(96.0, 0.25)	(97.0, 0.0)	(98.0, 0.0)	(99.0, 0.0)	(100.0, 0.3333333333333333)
508B14_S12_L001_R1_001	(0.0, 1.0)	(1.0, 0.5)	(2.0, 0.0)	(3.0, 0.0)	(4.0, 0.0)	(5.0, 0.0)	(6.0, 0.0)	(7.0, 0.0)	(8.0, 0.0)	(9.0, 0.0)	(10.0, 0.0)	(11.0, 0.0)	(12.0, 0.0)	(13.0, 0.0)	(14.0, 0.0)	(15.0, 0.0)	(16.0, 0.0)	(17.0, 0.0)	(18.0, 0.0)	(19.0, 0.0)	(20.0, 0.0)	(21.0, 0.0)	(22.0, 0.0)	(23.0, 0.0)	(24.0, 0.0)	(25.0, 0.0)	(26.0, 0.0)	(27.0, 0.0)	(28.0, 0.0)	(29.0, 0.0)	(30.0, 0.0)	(31.0, 0.0)	(32.0, 0.0)	(33.0, 0.0)	(34.0, 0.0)	(35.0, 0.0)	(36.0, 0.0)	(37.0, 0.0)	(38.0, 0.5)	(39.0, 0.5)	(40.0, 0.0)	(41.0, 0.75)	(42.0, 1.0)	(43.0, 0.5)	(44.0, 0.25)	(45.0, 0.25)	(46.0, 2.5)	(47.0, 41.5)	(48.0, 81.5)	(49.0, 63.5)	(50.0, 171.5)	(51.0, 876.3333333333334)	(52.0, 1033.666666666667)	(53.0, 1208.3333333333335)	(54.0, 2014.4999999999968)	(55.0, 1292.333333333333)	(56.0, 538.3333333333325)	(57.0, 315.6666666666667)	(58.0, 509.74999999999676)	(59.0, 187.7500000000003)	(60.0, 73.33333333333333)	(61.0, 68.08333333333333)	(62.0, 50.5)	(63.0, 23.25)	(64.0, 10.5)	(65.0, 8.75)	(66.0, 48.5)	(67.0, 81.0)	(68.0, 11.5)	(69.0, 3.0)	(70.0, 0.25)	(71.0, 0.0)	(72.0, 0.0)	(73.0, 0.0)	(74.0, 0.0)	(75.0, 0.0)	(76.0, 0.0)	(77.0, 0.0)	(78.0, 0.0)	(79.0, 0.0)	(80.0, 0.0)	(81.0, 0.0)	(82.0, 0.0)	(83.0, 0.0)	(84.0, 0.0)	(85.0, 0.0)	(86.0, 0.0)	(87.0, 0.0)	(88.0, 0.0)	(89.0, 0.0)	(90.0, 0.0)	(91.0, 0.0)	(92.0, 0.0)	(93.0, 0.0)	(94.0, 0.0)	(95.0, 0.0)	(96.0, 0.0)	(97.0, 0.0)	(98.0, 0.0)	(99.0, 0.0)	(100.0, 0.0)
508B14_S12_L001_R2_001	(0.0, 1.0)	(1.0, 0.5)	(2.0, 0.0)	(3.0, 0.0)	(4.0, 0.0)	(5.0, 0.0)	(6.0, 0.0)	(7.0, 0.0)	(8.0, 0.0)	(9.0, 0.0)	(10.0, 0.0)	(11.0, 0.0)	(12.0, 0.0)	(13.0, 0.0)	(14.0, 0.0)	(15.0, 0.0)	(16.0, 0.0)	(17.0, 0.0)	(18.0, 0.0)	(19.0, 0.0)	(20.0, 0.0)	(21.0, 0.0)	(22.0, 0.0)	(23.0, 0.0)	(24.0, 0.0)	(25.0, 0.0)	(26.0, 0.0)	(27.0, 0.0)	(28.0, 0.0)	(29.0, 0.0)	(30.0, 0.0)	(31.0, 0.0)	(32.0, 0.0)	(33.0, 0.25)	(34.0, 0.25)	(35.0, 0.0)	(36.0, 0.0)	(37.0, 0.75)	(38.0, 0.75)	(39.0, 0.25)	(40.0, 0.75)	(41.0, 1.0)	(42.0, 2.0833333333333335)	(43.0, 1.3333333333333333)	(44.0, 2.0)	(45.0, 4.083333333333333)	(46.0, 10.333333333333334)	(47.0, 48.50000000000002)	(48.0, 197.0833333333334)	(49.0, 215.00000000000003)	(50.0, 161.75000000000003)	(51.0, 404.24999999999926)	(52.0, 1170.4166666666692)	(53.0, 1825.6666666666604)	(54.0, 2064.6666666666633)	(55.0, 1498.8333333333328)	(56.0, 577.9166666666665)	(57.0, 187.33333333333334)	(58.0, 78.75)	(59.0, 38.083333333333336)	(60.0, 23.5)	(61.0, 20.083333333333336)	(62.0, 23.916666666666668)	(63.0, 29.166666666666664)	(64.0, 31.916666666666668)	(65.0, 32.08333333333333)	(66.0, 34.916666666666664)	(67.0, 62.75)	(68.0, 66.0)	(69.0, 32.5)	(70.0, 9.0)	(71.0, 2.75)	(72.0, 1.5)	(73.0, 2.0)	(74.0, 1.75)	(75.0, 0.75)	(76.0, 0.5)	(77.0, 0.5)	(78.0, 0.25)	(79.0, 0.25)	(80.0, 1.0)	(81.0, 0.25)	(82.0, 0.0)	(83.0, 0.25)	(84.0, 0.5)	(85.0, 0.25)	(86.0, 0.25)	(87.0, 0.25)	(88.0, 0.25)	(89.0, 0.0)	(90.0, 0.0)	(91.0, 0.0)	(92.0, 0.0)	(93.0, 0.0)	(94.0, 0.25)	(95.0, 0.25)	(96.0, 0.0)	(97.0, 0.0)	(98.0, 0.0)	(99.0, 0.0)	(100.0, 0.0)
519A0_S33_L001_R1_001	(0.0, 0.0)	(1.0, 0.0)	(2.0, 0.0)	(3.0, 0.0)	(4.0, 0.0)	(5.0, 0.0)	(6.0, 0.0)	(7.0, 0.0)	(8.0, 0.0)	(9.0, 0.0)	(10.0, 0.0)	(11.0, 0.0)	(12.0, 0.0)	(13.0, 0.0)	(14.0, 0.0)	(15.0, 0.0)	(16.0, 0.0)	(17.0, 0.0)	(18.0, 0.0)	(19.0, 0.0)	(20.0, 0.0)	(21.0, 0.0)	(22.0, 0.0)	(23.0, 0.0)	(24.0, 0.0)	(25.0, 0.0)	(26.0, 0.0)	(27.0, 0.0)	(28.0, 0.0)	(29.0, 0.0)	(30.0, 0.0)	(31.0, 0.0)	(32.0, 0.0)	(33.0, 0.0)	(34.0, 0.0)	(35.0, 0.0)	(36.0, 0.0)	(37.0, 0.0)	(38.0, 0.0)	(39.0, 0.0)	(40.0, 0.25)	(41.0, 0.3333333333333333)	(42.0, 0.5833333333333333)	(43.0, 0.25)	(44.0, 0.5)	(45.0, 0.5)	(46.0, 3.75)	(47.0, 35.5)	(48.0, 69.0)	(49.0, 60.75000000000001)	(50.0, 175.5)	(51.0, 422.50000000000006)	(52.0, 856.6666666666669)	(53.0, 1245.6666666666665)	(54.0, 1966.4166666666654)	(55.0, 1816.9166666666656)	(56.0, 765.4166666666669)	(57.0, 384.9999999999997)	(58.0, 309.25000000000006)	(59.0, 256.7500000000009)	(60.0, 238.83333333333348)	(61.0, 114.0)	(62.0, 45.41666666666667)	(63.0, 23.333333333333332)	(64.0, 14.0)	(65.0, 5.75)	(66.0, 29.5)	(67.0, 51.0)	(68.0, 6.0)	(69.0, 1.5)	(70.0, 0.0)	(71.0, 0.0)	(72.0, 0.0)	(73.0, 0.0)	(74.0, 0.0)	(75.0, 0.0)	(76.0, 0.0)	(77.0, 0.0)	(78.0, 0.0)	(79.0, 0.25)	(80.0, 0.0)	(81.0, 0.0)	(82.0, 0.0)	(83.0, 0.0)	(84.0, 0.0)	(85.0, 0.0)	(86.0, 0.0)	(87.0, 0.0)	(88.0, 0.0)	(89.0, 0.0)	(90.0, 0.0)	(91.0, 0.0)	(92.0, 0.0)	(93.0, 0.0)	(94.0, 0.0)	(95.0, 0.0)	(96.0, 0.0)	(97.0, 0.0)	(98.0, 0.0)	(99.0, 0.0)	(100.0, 0.0)
519A0_S33_L001_R2_001	(0.0, 0.0)	(1.0, 0.0)	(2.0, 0.0)	(3.0, 0.0)	(4.0, 0.0)	(5.0, 0.0)	(6.0, 0.0)	(7.0, 0.0)	(8.0, 0.0)	(9.0, 0.0)	(10.0, 0.0)	(11.0, 0.0)	(12.0, 0.0)	(13.0, 0.0)	(14.0, 0.0)	(15.0, 0.0)	(16.0, 0.0)	(17.0, 0.0)	(18.0, 0.0)	(19.0, 0.0)	(20.0, 0.0)	(21.0, 0.0)	(22.0, 0.0)	(23.0, 0.0)	(24.0, 0.0)	(25.0, 0.0)	(26.0, 0.0)	(27.0, 0.0)	(28.0, 0.0)	(29.0, 0.25)	(30.0, 0.0)	(31.0, 0.0)	(32.0, 0.0)	(33.0, 0.0)	(34.0, 0.25)	(35.0, 0.25)	(36.0, 0.0)	(37.0, 0.25)	(38.0, 1.0)	(39.0, 0.0)	(40.0, 0.5)	(41.0, 0.0)	(42.0, 0.3333333333333333)	(43.0, 0.0)	(44.0, 1.0833333333333333)	(45.0, 3.583333333333333)	(46.0, 6.166666666666666)	(47.0, 26.416666666666664)	(48.0, 78.83333333333331)	(49.0, 103.4999999999999)	(50.0, 179.50000000000017)	(51.0, 412.166666666666)	(52.0, 1063.2500000000025)	(53.0, 1737.3333333333298)	(54.0, 2160.8333333333326)	(55.0, 1418.8333333333333)	(56.0, 506.74999999999994)	(57.0, 232.25)	(58.0, 315.0)	(59.0, 234.91666666666669)	(60.0, 90.16666666666666)	(61.0, 37.75)	(62.0, 17.833333333333336)	(63.0, 17.083333333333336)	(64.0, 24.833333333333332)	(65.0, 28.583333333333332)	(66.0, 26.916666666666664)	(67.0, 42.58333333333333)	(68.0, 41.25)	(69.0, 18.5)	(70.0, 5.75)	(71.0, 3.0)	(72.0, 1.5)	(73.0, 0.5)	(74.0, 0.75)	(75.0, 0.75)	(76.0, 0.5)	(77.0, 0.5)	(78.0, 0.75)	(79.0, 0.5)	(80.0, 0.25)	(81.0, 0.25)	(82.0, 0.5)	(83.0, 0.0)	(84.0, 0.0)	(85.0, 0.25)	(86.0, 0.0)	(87.0, 0.0)	(88.0, 0.5)	(89.0, 0.0)	(90.0, 0.0)	(91.0, 0.0)	(92.0, 0.25)	(93.0, 0.25)	(94.0, 0.25)	(95.0, 0.0)	(96.0, 0.0)	(97.0, 0.0)	(98.0, 0.0)	(99.0, 0.0)	(100.0, 0.6666666666666666)
519A14_S34_L001_R1_001	(0.0, 1.0)	(1.0, 0.5)	(2.0, 0.0)	(3.0, 0.0)	(4.0, 0.0)	(5.0, 0.0)	(6.0, 0.0)	(7.0, 0.0)	(8.0, 0.0)	(9.0, 0.0)	(10.0, 0.0)	(11.0, 0.0)	(12.0, 0.0)	(13.0, 0.0)	(14.0, 0.0)	(15.0, 0.0)	(16.0, 0.0)	(17.0, 0.0)	(18.0, 0.0)	(19.0, 0.0)	(20.0, 0.0)	(21.0, 0.0)	(22.0, 0.0)	(23.0, 0.0)	(24.0, 0.0)	(25.0, 0.0)	(26.0, 0.0)	(27.0, 0.0)	(28.0, 0.0)	(29.0, 0.0)	(30.0, 0.0)	(31.0, 0.0)	(32.0, 0.25)	(33.0, 0.0)	(34.0, 0.0)	(35.0, 0.0)	(36.0, 0.0)	(37.0, 0.0)	(38.0, 0.0)	(39.0, 0.0)	(40.0, 0.0)	(41.0, 0.25)	(42.0, 0.25)	(43.0, 0.5)	(44.0, 0.0)	(45.0, 1.0)	(46.0, 1.75)	(47.0, 6.0)	(48.0, 16.0)	(49.0, 42.0)	(50.0, 311.75)	(51.0, 504.24999999999994)	(52.0, 1087.250000000001)	(53.0, 1719.3333333333321)	(54.0, 2294.416666666666)	(55.0, 2250.416666666667)	(56.0, 888.1666666666671)	(57.0, 436.66666666666663)	(58.0, 340.4999999999998)	(59.0, 285.7500000000002)	(60.0, 416.99999999999966)	(61.0, 220.08333333333334)	(62.0, 62.58333333333333)	(63.0, 30.416666666666668)	(64.0, 20.333333333333336)	(65.0, 14.5)	(66.0, 62.5)	(67.0, 112.0)	(68.0, 12.0)	(69.0, 0.75)	(70.0, 0.5)	(71.0, 0.0)	(72.0, 0.5)	(73.0, 0.0)	(74.0, 0.0)	(75.0, 0.0)	(76.0, 0.0)	(77.0, 0.0)	(78.0, 0.25)	(79.0, 0.25)	(80.0, 0.0)	(81.0, 0.0)	(82.0, 0.0)	(83.0, 0.0)	(84.0, 0.0)	(85.0, 0.0)	(86.0, 0.0)	(87.0, 0.0)	(88.0, 0.0)	(89.0, 0.0)	(90.0, 0.0)	(91.0, 0.0)	(92.0, 0.0)	(93.0, 0.0)	(94.0, 0.0)	(95.0, 0.0)	(96.0, 0.0)	(97.0, 0.0)	(98.0, 0.0)	(99.0, 0.0)	(100.0, 0.0)
519A14_S34_L001_R2_001	(0.0, 1.0)	(1.0, 0.5)	(2.0, 0.0)	(3.0, 0.0)	(4.0, 0.0)	(5.0, 0.0)	(6.0, 0.0)	(7.0, 0.0)	(8.0, 0.0)	(9.0, 0.0)	(10.0, 0.0)	(11.0, 0.0)	(12.0, 0.0)	(13.0, 0.0)	(14.0, 0.0)	(15.0, 0.0)	(16.0, 0.0)	(17.0, 0.0)	(18.0, 0.0)	(19.0, 0.0)	(20.0, 0.0)	(21.0, 0.0)	(22.0, 0.0)	(23.0, 0.0)	(24.0, 0.0)	(25.0, 0.0)	(26.0, 0.0)	(27.0, 0.0)	(28.0, 0.0)	(29.0, 0.0)	(30.0, 0.0)	(31.0, 0.0)	(32.0, 0.0)	(33.0, 0.3333333333333333)	(34.0, 0.3333333333333333)	(35.0, 0.0)	(36.0, 0.8333333333333333)	(37.0, 0.0)	(38.0, 0.0)	(39.0, 0.25)	(40.0, 0.25)	(41.0, 0.0)	(42.0, 0.25)	(43.0, 0.8333333333333333)	(44.0, 1.0833333333333333)	(45.0, 1.75)	(46.0, 3.8333333333333335)	(47.0, 8.166666666666666)	(48.0, 24.99999999999999)	(49.0, 61.33333333333338)	(50.0, 136.99999999999983)	(51.0, 472.91666666666566)	(52.0, 1390.2499999999986)	(53.0, 2310.4999999999973)	(54.0, 2817.6666666666683)	(55.0, 1732.9999999999989)	(56.0, 578.5)	(57.0, 259.16666666666674)	(58.0, 413.8333333333332)	(59.0, 355.41666666666663)	(60.0, 130.0)	(61.0, 42.66666666666667)	(62.0, 31.166666666666668)	(63.0, 27.916666666666668)	(64.0, 28.749999999999996)	(65.0, 29.499999999999996)	(66.0, 34.83333333333333)	(67.0, 74.0)	(68.0, 85.0)	(69.0, 39.25)	(70.0, 12.0)	(71.0, 5.25)	(72.0, 4.5)	(73.0, 2.25)	(74.0, 1.5)	(75.0, 1.5)	(76.0, 1.0)	(77.0, 1.0)	(78.0, 0.5)	(79.0, 1.25)	(80.0, 0.25)	(81.0, 0.25)	(82.0, 0.25)	(83.0, 0.75)	(84.0, 0.75)	(85.0, 0.25)	(86.0, 0.25)	(87.0, 0.0)	(88.0, 0.5)	(89.0, 0.0)	(90.0, 0.0)	(91.0, 0.0)	(92.0, 0.25)	(93.0, 0.0)	(94.0, 0.0)	(95.0, 0.0)	(96.0, 0.25)	(97.0, 1.0)	(98.0, 0.25)	(99.0, 0.0)	(100.0, 0.0)
519B0_S35_L001_R1_001	(0.0, 1.0)	(1.0, 0.5)	(2.0, 0.0)	(3.0, 0.0)	(4.0, 0.0)	(5.0, 0.0)	(6.0, 0.0)	(7.0, 0.0)	(8.0, 0.0)	(9.0, 0.0)	(10.0, 0.0)	(11.0, 0.0)	(12.0, 0.0)	(13.0, 0.0)	(14.0, 0.0)	(15.0, 0.0)	(16.0, 0.0)	(17.0, 0.0)	(18.0, 0.0)	(19.0, 0.0)	(20.0, 0.0)	(21.0, 0.0)	(22.0, 0.0)	(23.0, 0.0)	(24.0, 0.0)	(25.0, 0.0)	(26.0, 0.0)	(27.0, 0.0)	(28.0, 0.0)	(29.0, 0.0)	(30.0, 0.0)	(31.0, 0.0)	(32.0, 0.0)	(33.0, 0.0)	(34.0, 0.0)	(35.0, 0.0)	(36.0, 0.0)	(37.0, 0.0)	(38.0, 0.25)	(39.0, 0.25)	(40.0, 0.3333333333333333)	(41.0, 0.3333333333333333)	(42.0, 0.0)	(43.0, 0.0)	(44.0, 0.0)	(45.0, 0.5)	(46.0, 1.25)	(47.0, 2.25)	(48.0, 8.5)	(49.0, 26.5)	(50.0, 91.08333333333334)	(51.0, 445.3333333333331)	(52.0, 1058.8333333333367)	(53.0, 1601.1666666666636)	(54.0, 2009.9999999999989)	(55.0, 1681.166666666665)	(56.0, 574.8333333333334)	(57.0, 233.66666666666677)	(58.0, 194.08333333333343)	(59.0, 186.41666666666683)	(60.0, 130.1666666666666)	(61.0, 86.24999999999999)	(62.0, 56.75)	(63.0, 33.5)	(64.0, 24.0)	(65.0, 13.75)	(66.0, 75.5)	(67.0, 128.0)	(68.0, 16.0)	(69.0, 2.75)	(70.0, 1.5)	(71.0, 1.0)	(72.0, 0.75)	(73.0, 0.25)	(74.0, 0.0)	(75.0, 0.0)	(76.0, 0.0)	(77.0, 0.0)	(78.0, 0.0)	(79.0, 0.0)	(80.0, 0.0)	(81.0, 0.0)	(82.0, 0.0)	(83.0, 0.0)	(84.0, 0.0)	(85.0, 0.0)	(86.0, 0.0)	(87.0, 0.0)	(88.0, 0.0)	(89.0, 0.0)	(90.0, 0.0)	(91.0, 0.0)	(92.0, 0.0)	(93.0, 0.0)	(94.0, 0.0)	(95.0, 0.0)	(96.0, 0.0)	(97.0, 0.0)	(98.0, 0.0)	(99.0, 0.0)	(100.0, 0.0)
519B0_S35_L001_R2_001	(0.0, 1.0)	(1.0, 0.5)	(2.0, 0.0)	(3.0, 0.0)	(4.0, 0.0)	(5.0, 0.0)	(6.0, 0.0)	(7.0, 0.0)	(8.0, 0.0)	(9.0, 0.0)	(10.0, 0.0)	(11.0, 0.0)	(12.0, 0.0)	(13.0, 0.0)	(14.0, 0.0)	(15.0, 0.0)	(16.0, 0.0)	(17.0, 0.0)	(18.0, 0.0)	(19.0, 0.0)	(20.0, 0.0)	(21.0, 0.0)	(22.0, 0.0)	(23.0, 0.0)	(24.0, 0.0)	(25.0, 0.0)	(26.0, 0.0)	(27.0, 0.0)	(28.0, 0.0)	(29.0, 0.0)	(30.0, 0.0)	(31.0, 0.0)	(32.0, 0.0)	(33.0, 0.0)	(34.0, 0.0)	(35.0, 0.5)	(36.0, 0.25)	(37.0, 0.0)	(38.0, 0.0)	(39.0, 0.5)	(40.0, 0.25)	(41.0, 0.0)	(42.0, 0.25)	(43.0, 0.0)	(44.0, 0.5833333333333333)	(45.0, 2.4166666666666665)	(46.0, 1.3333333333333333)	(47.0, 4.416666666666666)	(48.0, 18.75)	(49.0, 48.91666666666668)	(50.0, 113.24999999999986)	(51.0, 369.4999999999996)	(52.0, 1053.1666666666688)	(53.0, 1605.9166666666647)	(54.0, 2150.499999999998)	(55.0, 1502.583333333333)	(56.0, 615.5)	(57.0, 235.75000000000003)	(58.0, 166.66666666666669)	(59.0, 119.41666666666667)	(60.0, 59.25)	(61.0, 29.666666666666668)	(62.0, 19.583333333333332)	(63.0, 23.5)	(64.0, 32.66666666666667)	(65.0, 36.33333333333333)	(66.0, 41.33333333333333)	(67.0, 74.83333333333333)	(68.0, 104.0)	(69.0, 60.0)	(70.0, 24.25)	(71.0, 8.25)	(72.0, 3.25)	(73.0, 1.75)	(74.0, 1.25)	(75.0, 2.0)	(76.0, 1.0)	(77.0, 1.0)	(78.0, 1.25)	(79.0, 1.25)	(80.0, 0.75)	(81.0, 0.0)	(82.0, 0.0)	(83.0, 0.0)	(84.0, 0.25)	(85.0, 0.25)	(86.0, 0.5)	(87.0, 0.75)	(88.0, 0.0)	(89.0, 0.0)	(90.0, 0.0)	(91.0, 0.0)	(92.0, 0.0)	(93.0, 0.5)	(94.0, 0.0)	(95.0, 0.0)	(96.0, 0.0)	(97.0, 0.25)	(98.0, 0.25)	(99.0, 0.0)	(100.0, 0.0)
519B14_S36_L001_R1_001	(0.0, 3.0)	(1.0, 1.5)	(2.0, 0.0)	(3.0, 0.0)	(4.0, 0.0)	(5.0, 0.0)	(6.0, 0.0)	(7.0, 0.0)	(8.0, 0.0)	(9.0, 0.0)	(10.0, 0.0)	(11.0, 0.0)	(12.0, 0.0)	(13.0, 0.0)	(14.0, 0.0)	(15.0, 0.0)	(16.0, 0.0)	(17.0, 0.0)	(18.0, 0.0)	(19.0, 0.0)	(20.0, 0.0)	(21.0, 0.0)	(22.0, 0.0)	(23.0, 0.0)	(24.0, 0.0)	(25.0, 0.0)	(26.0, 0.0)	(27.0, 0.0)	(28.0, 0.0)	(29.0, 0.0)	(30.0, 0.0)	(31.0, 0.0)	(32.0, 0.0)	(33.0, 0.0)	(34.0, 0.0)	(35.0, 0.0)	(36.0, 0.0)	(37.0, 0.0)	(38.0, 0.25)	(39.0, 0.0)	(40.0, 0.0)	(41.0, 0.5)	(42.0, 0.25)	(43.0, 0.25)	(44.0, 0.5)	(45.0, 0.5)	(46.0, 0.5)	(47.0, 3.0)	(48.0, 12.0)	(49.0, 32.916666666666664)	(50.0, 146.91666666666666)	(51.0, 643.0833333333333)	(52.0, 1291.4166666666663)	(53.0, 1554.4166666666663)	(54.0, 2070.499999999999)	(55.0, 2262.9999999999995)	(56.0, 889.7500000000001)	(57.0, 337.49999999999983)	(58.0, 213.2500000000002)	(59.0, 179.58333333333343)	(60.0, 130.1666666666666)	(61.0, 81.41666666666667)	(62.0, 65.66666666666666)	(63.0, 37.583333333333336)	(64.0, 29.333333333333332)	(65.0, 14.833333333333334)	(66.0, 65.25)	(67.0, 110.25)	(68.0, 13.5)	(69.0, 0.5)	(70.0, 0.5)	(71.0, 1.0)	(72.0, 0.0)	(73.0, 0.0)	(74.0, 0.0)	(75.0, 0.0)	(76.0, 0.0)	(77.0, 0.0)	(78.0, 0.0)	(79.0, 0.0)	(80.0, 0.0)	(81.0, 0.0)	(82.0, 0.0)	(83.0, 0.25)	(84.0, 0.0)	(85.0, 0.0)	(86.0, 0.0)	(87.0, 0.0)	(88.0, 0.0)	(89.0, 0.0)	(90.0, 0.0)	(91.0, 0.0)	(92.0, 0.0)	(93.0, 0.0)	(94.0, 0.0)	(95.0, 0.0)	(96.0, 0.0)	(97.0, 0.0)	(98.0, 0.0)	(99.0, 0.0)	(100.0, 0.0)
519B14_S36_L001_R2_001	(0.0, 3.0)	(1.0, 1.5)	(2.0, 0.0)	(3.0, 0.0)	(4.0, 0.0)	(5.0, 0.0)	(6.0, 0.0)	(7.0, 0.0)	(8.0, 0.0)	(9.0, 0.0)	(10.0, 0.0)	(11.0, 0.0)	(12.0, 0.0)	(13.0, 0.0)	(14.0, 0.0)	(15.0, 0.0)	(16.0, 0.0)	(17.0, 0.0)	(18.0, 0.0)	(19.0, 0.0)	(20.0, 0.0)	(21.0, 0.0)	(22.0, 0.0)	(23.0, 0.0)	(24.0, 0.0)	(25.0, 0.0)	(26.0, 0.0)	(27.0, 0.25)	(28.0, 0.25)	(29.0, 0.25)	(30.0, 0.0)	(31.0, 0.0)	(32.0, 0.0)	(33.0, 0.0)	(34.0, 0.25)	(35.0, 0.0)	(36.0, 0.25)	(37.0, 0.0)	(38.0, 0.0)	(39.0, 0.0)	(40.0, 0.0)	(41.0, 0.8333333333333333)	(42.0, 0.8333333333333333)	(43.0, 1.0833333333333333)	(44.0, 0.8333333333333333)	(45.0, 1.5)	(46.0, 4.916666666666666)	(47.0, 10.25)	(48.0, 32.41666666666666)	(49.0, 69.75000000000001)	(50.0, 225.0000000000006)	(51.0, 650.5000000000006)	(52.0, 1382.3333333333317)	(53.0, 1785.6666666666629)	(54.0, 2450.4166666666665)	(55.0, 1857.9166666666656)	(56.0, 701.25)	(57.0, 228.50000000000006)	(58.0, 149.41666666666666)	(59.0, 97.91666666666664)	(60.0, 43.333333333333336)	(61.0, 27.916666666666664)	(62.0, 23.833333333333336)	(63.0, 27.333333333333332)	(64.0, 44.833333333333336)	(65.0, 41.83333333333333)	(66.0, 53.083333333333336)	(67.0, 90.33333333333333)	(68.0, 95.5)	(69.0, 44.0)	(70.0, 12.0)	(71.0, 4.0)	(72.0, 1.5)	(73.0, 1.75)	(74.0, 1.0)	(75.0, 1.25)	(76.0, 1.0)	(77.0, 0.75)	(78.0, 0.25)	(79.0, 0.75)	(80.0, 0.75)	(81.0, 0.5)	(82.0, 0.5)	(83.0, 0.5)	(84.0, 0.25)	(85.0, 0.5)	(86.0, 1.0)	(87.0, 0.0)	(88.0, 0.25)	(89.0, 0.25)	(90.0, 0.5)	(91.0, 0.25)	(92.0, 0.0)	(93.0, 0.0)	(94.0, 0.25)	(95.0, 0.0)	(96.0, 0.25)	(97.0, 0.5)	(98.0, 0.5)	(99.0, 0.0)	(100.0, 0.0)
521A0_S25_L001_R1_001	(0.0, 0.0)	(1.0, 0.0)	(2.0, 0.0)	(3.0, 0.0)	(4.0, 0.0)	(5.0, 0.0)	(6.0, 0.0)	(7.0, 0.0)	(8.0, 0.0)	(9.0, 0.0)	(10.0, 0.0)	(11.0, 0.0)	(12.0, 0.0)	(13.0, 0.0)	(14.0, 0.0)	(15.0, 0.0)	(16.0, 0.0)	(17.0, 0.0)	(18.0, 0.0)	(19.0, 0.0)	(20.0, 0.0)	(21.0, 0.0)	(22.0, 0.0)	(23.0, 0.0)	(24.0, 0.0)	(25.0, 0.0)	(26.0, 0.0)	(27.0, 0.0)	(28.0, 0.0)	(29.0, 0.0)	(30.0, 0.0)	(31.0, 0.0)	(32.0, 0.0)	(33.0, 0.25)	(34.0, 0.0)	(35.0, 0.0)	(36.0, 0.0)	(37.0, 0.0)	(38.0, 0.0)	(39.0, 0.25)	(40.0, 0.0)	(41.0, 0.0)	(42.0, 0.0)	(43.0, 0.25)	(44.0, 0.0)	(45.0, 2.0)	(46.0, 3.75)	(47.0, 216.0)	(48.0, 345.0)	(49.0, 179.25000000000003)	(50.0, 144.41666666666663)	(51.0, 730.5833333333333)	(52.0, 1726.2499999999998)	(53.0, 1282.083333333333)	(54.0, 1966.8333333333323)	(55.0, 1553.3333333333328)	(56.0, 523.7499999999999)	(57.0, 230.83333333333346)	(58.0, 156.16666666666669)	(59.0, 192.6666666666667)	(60.0, 32.5)	(61.0, 16.75)	(62.0, 7.25)	(63.0, 1.0)	(64.0, 0.5)	(65.0, 0.3333333333333333)	(66.0, 0.75)	(67.0, 0.25)	(68.0, 0.0)	(69.0, 0.25)	(70.0, 0.75)	(71.0, 0.5)	(72.0, 0.5)	(73.0, 0.0)	(74.0, 0.0)	(75.0, 0.0)	(76.0, 0.0)	(77.0, 0.0)	(78.0, 0.0)	(79.0, 0.0)	(80.0, 0.0)	(81.0, 0.0)	(82.0, 0.0)	(83.0, 0.0)	(84.0, 0.0)	(85.0, 0.0)	(86.0, 0.0)	(87.0, 0.0)	(88.0, 0.0)	(89.0, 0.0)	(90.0, 0.0)	(91.0, 0.0)	(92.0, 0.0)	(93.0, 0.0)	(94.0, 0.0)	(95.0, 0.0)	(96.0, 0.0)	(97.0, 0.0)	(98.0, 0.0)	(99.0, 0.0)	(100.0, 0.0)
521A0_S25_L001_R2_001	(0.0, 0.0)	(1.0, 0.0)	(2.0, 0.0)	(3.0, 0.0)	(4.0, 0.0)	(5.0, 0.0)	(6.0, 0.0)	(7.0, 0.0)	(8.0, 0.0)	(9.0, 0.0)	(10.0, 0.0)	(11.0, 0.0)	(12.0, 0.0)	(13.0, 0.0)	(14.0, 0.0)	(15.0, 0.0)	(16.0, 0.0)	(17.0, 0.0)	(18.0, 0.0)	(19.0, 0.0)	(20.0, 0.0)	(21.0, 0.0)	(22.0, 0.0)	(23.0, 0.0)	(24.0, 0.0)	(25.0, 0.0)	(26.0, 0.0)	(27.0, 0.0)	(28.0, 0.0)	(29.0, 0.0)	(30.0, 0.0)	(31.0, 0.0)	(32.0, 0.0)	(33.0, 0.0)	(34.0, 0.3333333333333333)	(35.0, 0.3333333333333333)	(36.0, 0.25)	(37.0, 0.25)	(38.0, 0.5)	(39.0, 0.25)	(40.0, 0.0)	(41.0, 0.75)	(42.0, 0.75)	(43.0, 1.0)	(44.0, 1.5833333333333333)	(45.0, 4.166666666666667)	(46.0, 7.666666666666666)	(47.0, 44.08333333333333)	(48.0, 294.5)	(49.0, 277.5833333333335)	(50.0, 284.0833333333336)	(51.0, 426.5833333333322)	(52.0, 1079.5833333333364)	(53.0, 2558.4999999999995)	(54.0, 2383.3333333333326)	(55.0, 1070.8333333333335)	(56.0, 330.74999999999994)	(57.0, 139.33333333333331)	(58.0, 164.25)	(59.0, 88.91666666666667)	(60.0, 36.916666666666664)	(61.0, 24.166666666666664)	(62.0, 18.25)	(63.0, 8.5)	(64.0, 3.75)	(65.0, 2.75)	(66.0, 2.0)	(67.0, 1.75)	(68.0, 2.0)	(69.0, 2.0)	(70.0, 1.0)	(71.0, 1.0)	(72.0, 0.5)	(73.0, 1.0)	(74.0, 0.0)	(75.0, 0.25)	(76.0, 0.5)	(77.0, 0.75)	(78.0, 0.75)	(79.0, 0.5)	(80.0, 0.25)	(81.0, 0.0)	(82.0, 0.25)	(83.0, 0.25)	(84.0, 0.25)	(85.0, 0.0)	(86.0, 0.25)	(87.0, 0.25)	(88.0, 0.5)	(89.0, 0.0)	(90.0, 0.25)	(91.0, 0.25)	(92.0, 0.0)	(93.0, 0.75)	(94.0, 0.5)	(95.0, 0.0)	(96.0, 0.0)	(97.0, 0.0)	(98.0, 0.25)	(99.0, 0.25)	(100.0, 0.6666666666666666)
521A14_S26_L001_R1_001	(0.0, 2.0)	(1.0, 1.0)	(2.0, 0.0)	(3.0, 0.0)	(4.0, 0.0)	(5.0, 0.0)	(6.0, 0.0)	(7.0, 0.0)	(8.0, 0.0)	(9.0, 0.0)	(10.0, 0.0)	(11.0, 0.0)	(12.0, 0.0)	(13.0, 0.0)	(14.0, 0.0)	(15.0, 0.0)	(16.0, 0.0)	(17.0, 0.0)	(18.0, 0.0)	(19.0, 0.0)	(20.0, 0.0)	(21.0, 0.0)	(22.0, 0.0)	(23.0, 0.0)	(24.0, 0.0)	(25.0, 0.0)	(26.0, 0.0)	(27.0, 0.0)	(28.0, 0.0)	(29.0, 0.0)	(30.0, 0.0)	(31.0, 0.0)	(32.0, 0.0)	(33.0, 0.0)	(34.0, 0.0)	(35.0, 0.0)	(36.0, 0.0)	(37.0, 0.0)	(38.0, 0.0)	(39.0, 0.0)	(40.0, 0.0)	(41.0, 0.0)	(42.0, 0.0)	(43.0, 0.25)	(44.0, 0.25)	(45.0, 0.0)	(46.0, 5.25)	(47.0, 151.75)	(48.0, 197.08333333333331)	(49.0, 71.66666666666666)	(50.0, 115.0)	(51.0, 697.8333333333333)	(52.0, 1449.083333333333)	(53.0, 1251.0833333333333)	(54.0, 1934.5833333333328)	(55.0, 1873.6666666666658)	(56.0, 605.1666666666666)	(57.0, 319.1666666666666)	(58.0, 383.16666666666595)	(59.0, 375.33333333333314)	(60.0, 67.91666666666667)	(61.0, 30.666666666666664)	(62.0, 12.166666666666666)	(63.0, 1.0833333333333333)	(64.0, 1.0833333333333333)	(65.0, 0.75)	(66.0, 0.75)	(67.0, 0.5)	(68.0, 0.25)	(69.0, 0.0)	(70.0, 0.0)	(71.0, 0.5)	(72.0, 0.5)	(73.0, 0.0)	(74.0, 0.0)	(75.0, 0.0)	(76.0, 0.0)	(77.0, 0.0)	(78.0, 0.0)	(79.0, 0.0)	(80.0, 0.0)	(81.0, 0.0)	(82.0, 0.0)	(83.0, 0.0)	(84.0, 0.0)	(85.0, 0.0)	(86.0, 0.0)	(87.0, 0.0)	(88.0, 0.0)	(89.0, 0.0)	(90.0, 0.0)	(91.0, 0.0)	(92.0, 0.0)	(93.0, 0.0)	(94.0, 0.0)	(95.0, 0.0)	(96.0, 0.0)	(97.0, 0.0)	(98.0, 0.0)	(99.0, 0.0)	(100.0, 0.0)
521A14_S26_L001_R2_001	(0.0, 2.0)	(1.0, 1.0)	(2.0, 0.0)	(3.0, 0.0)	(4.0, 0.0)	(5.0, 0.0)	(6.0, 0.0)	(7.0, 0.0)	(8.0, 0.0)	(9.0, 0.0)	(10.0, 0.0)	(11.0, 0.0)	(12.0, 0.0)	(13.0, 0.0)	(14.0, 0.0)	(15.0, 0.0)	(16.0, 0.0)	(17.0, 0.0)	(18.0, 0.0)	(19.0, 0.0)	(20.0, 0.0)	(21.0, 0.0)	(22.0, 0.0)	(23.0, 0.0)	(24.0, 0.0)	(25.0, 0.0)	(26.0, 0.0)	(27.0, 0.0)	(28.0, 0.0)	(29.0, 0.0)	(30.0, 0.0)	(31.0, 0.0)	(32.0, 0.0)	(33.0, 0.0)	(34.0, 0.0)	(35.0, 0.25)	(36.0, 0.3333333333333333)	(37.0, 0.3333333333333333)	(38.0, 0.5)	(39.0, 0.5)	(40.0, 0.5)	(41.0, 0.25)	(42.0, 0.25)	(43.0, 0.75)	(44.0, 2.9166666666666665)	(45.0, 3.3333333333333335)	(46.0, 8.5)	(47.0, 38.166666666666664)	(48.0, 213.08333333333337)	(49.0, 180.41666666666677)	(50.0, 159.41666666666674)	(51.0, 288.00000000000034)	(52.0, 804.7500000000032)	(53.0, 2154.9999999999936)	(54.0, 2602.916666666667)	(55.0, 1609.75)	(56.0, 528.5833333333334)	(57.0, 238.0)	(58.0, 338.66666666666663)	(59.0, 170.75)	(60.0, 63.66666666666667)	(61.0, 41.083333333333336)	(62.0, 22.5)	(63.0, 14.833333333333332)	(64.0, 6.5)	(65.0, 5.833333333333333)	(66.0, 3.333333333333333)	(67.0, 4.25)	(68.0, 2.5)	(69.0, 1.5)	(70.0, 1.5)	(71.0, 1.25)	(72.0, 1.75)	(73.0, 1.0)	(74.0, 0.25)	(75.0, 0.5)	(76.0, 1.0)	(77.0, 0.5)	(78.0, 0.25)	(79.0, 0.25)	(80.0, 0.0)	(81.0, 0.0)	(82.0, 0.25)	(83.0, 0.25)	(84.0, 0.0)	(85.0, 0.0)	(86.0, 0.0)	(87.0, 0.0)	(88.0, 0.0)	(89.0, 0.0)	(90.0, 0.0)	(91.0, 0.0)	(92.0, 0.0)	(93.0, 0.0)	(94.0, 0.0)	(95.0, 0.25)	(96.0, 0.5)	(97.0, 0.0)	(98.0, 0.0)	(99.0, 0.0)	(100.0, 0.0)
521B0_S27_L001_R1_001	(0.0, 0.0)	(1.0, 0.0)	(2.0, 0.0)	(3.0, 0.0)	(4.0, 0.0)	(5.0, 0.0)	(6.0, 0.0)	(7.0, 0.0)	(8.0, 0.0)	(9.0, 0.0)	(10.0, 0.0)	(11.0, 0.0)	(12.0, 0.0)	(13.0, 0.0)	(14.0, 0.0)	(15.0, 0.0)	(16.0, 0.0)	(17.0, 0.0)	(18.0, 0.0)	(19.0, 0.0)	(20.0, 0.0)	(21.0, 0.0)	(22.0, 0.0)	(23.0, 0.0)	(24.0, 0.0)	(25.0, 0.0)	(26.0, 0.0)	(27.0, 0.0)	(28.0, 0.0)	(29.0, 0.0)	(30.0, 0.0)	(31.0, 0.0)	(32.0, 0.0)	(33.0, 0.0)	(34.0, 0.0)	(35.0, 0.0)	(36.0, 0.0)	(37.0, 0.0)	(38.0, 0.0)	(39.0, 0.0)	(40.0, 0.0)	(41.0, 0.5)	(42.0, 1.5)	(43.0, 1.25)	(44.0, 0.75)	(45.0, 1.75)	(46.0, 5.75)	(47.0, 95.0)	(48.0, 140.75)	(49.0, 90.75)	(50.0, 139.5)	(51.0, 1051.0)	(52.0, 2223.8333333333326)	(53.0, 1325.1666666666663)	(54.0, 1858.4999999999993)	(55.0, 1793.8333333333326)	(56.0, 580.75)	(57.0, 268.16666666666686)	(58.0, 262.16666666666725)	(59.0, 262.4166666666669)	(60.0, 49.16666666666667)	(61.0, 16.25)	(62.0, 9.0)	(63.0, 2.5)	(64.0, 0.75)	(65.0, 1.0)	(66.0, 0.75)	(67.0, 0.25)	(68.0, 0.5)	(69.0, 0.75)	(70.0, 0.0)	(71.0, 0.0)	(72.0, 0.25)	(73.0, 0.0)	(74.0, 0.0)	(75.0, 0.0)	(76.0, 0.0)	(77.0, 0.0)	(78.0, 0.0)	(79.0, 0.0)	(80.0, 0.0)	(81.0, 0.0)	(82.0, 0.0)	(83.0, 0.0)	(84.0, 0.0)	(85.0, 0.0)	(86.0, 0.0)	(87.0, 0.0)	(88.0, 0.0)	(89.0, 0.0)	(90.0, 0.0)	(91.0, 0.0)	(92.0, 0.0)	(93.0, 0.0)	(94.0, 0.0)	(95.0, 0.0)	(96.0, 0.0)	(97.0, 0.0)	(98.0, 0.0)	(99.0, 0.0)	(100.0, 0.0)
521B0_S27_L001_R2_001	(0.0, 0.0)	(1.0, 0.0)	(2.0, 0.0)	(3.0, 0.0)	(4.0, 0.0)	(5.0, 0.0)	(6.0, 0.0)	(7.0, 0.0)	(8.0, 0.0)	(9.0, 0.0)	(10.0, 0.0)	(11.0, 0.0)	(12.0, 0.0)	(13.0, 0.0)	(14.0, 0.0)	(15.0, 0.0)	(16.0, 0.0)	(17.0, 0.0)	(18.0, 0.0)	(19.0, 0.0)	(20.0, 0.0)	(21.0, 0.0)	(22.0, 0.0)	(23.0, 0.0)	(24.0, 0.0)	(25.0, 0.0)	(26.0, 0.0)	(27.0, 0.0)	(28.0, 0.0)	(29.0, 0.0)	(30.0, 0.0)	(31.0, 0.0)	(32.0, 0.0)	(33.0, 0.0)	(34.0, 0.0)	(35.0, 0.0)	(36.0, 0.5)	(37.0, 0.0)	(38.0, 0.25)	(39.0, 0.0)	(40.0, 0.0)	(41.0, 1.25)	(42.0, 1.5)	(43.0, 2.1666666666666665)	(44.0, 2.6666666666666665)	(45.0, 4.166666666666666)	(46.0, 9.416666666666668)	(47.0, 42.083333333333336)	(48.0, 127.66666666666663)	(49.0, 145.91666666666663)	(50.0, 184.25000000000014)	(51.0, 345.2499999999999)	(52.0, 985.9166666666721)	(53.0, 2517.2499999999986)	(54.0, 2537.5)	(55.0, 1556.9999999999995)	(56.0, 724.3333333333334)	(57.0, 311.58333333333326)	(58.0, 261.91666666666674)	(59.0, 173.33333333333334)	(60.0, 86.16666666666667)	(61.0, 38.5)	(62.0, 22.916666666666668)	(63.0, 15.583333333333332)	(64.0, 12.0)	(65.0, 5.75)	(66.0, 3.75)	(67.0, 4.5)	(68.0, 4.5)	(69.0, 3.5)	(70.0, 2.75)	(71.0, 2.0)	(72.0, 1.5)	(73.0, 2.0)	(74.0, 1.25)	(75.0, 0.25)	(76.0, 0.25)	(77.0, 0.25)	(78.0, 0.25)	(79.0, 0.5)	(80.0, 0.25)	(81.0, 0.5)	(82.0, 0.75)	(83.0, 0.25)	(84.0, 0.25)	(85.0, 0.0)	(86.0, 0.25)	(87.0, 0.25)	(88.0, 0.0)	(89.0, 0.5)	(90.0, 0.5)	(91.0, 0.0)	(92.0, 0.25)	(93.0, 0.5)	(94.0, 0.0)	(95.0, 0.5)	(96.0, 0.0)	(97.0, 0.0)	(98.0, 0.0)	(99.0, 0.0)	(100.0, 0.3333333333333333)
521B14_S28_L001_R1_001	(0.0, 1.0)	(1.0, 0.5)	(2.0, 0.0)	(3.0, 0.0)	(4.0, 0.0)	(5.0, 0.0)	(6.0, 0.0)	(7.0, 0.0)	(8.0, 0.0)	(9.0, 0.0)	(10.0, 0.0)	(11.0, 0.0)	(12.0, 0.0)	(13.0, 0.0)	(14.0, 0.0)	(15.0, 0.0)	(16.0, 0.0)	(17.0, 0.0)	(18.0, 0.0)	(19.0, 0.0)	(20.0, 0.0)	(21.0, 0.0)	(22.0, 0.0)	(23.0, 0.0)	(24.0, 0.0)	(25.0, 0.0)	(26.0, 0.0)	(27.0, 0.0)	(28.0, 0.0)	(29.0, 0.0)	(30.0, 0.0)	(31.0, 0.0)	(32.0, 0.0)	(33.0, 0.0)	(34.0, 0.0)	(35.0, 0.0)	(36.0, 0.0)	(37.0, 0.0)	(38.0, 0.0)	(39.0, 0.0)	(40.0, 0.0)	(41.0, 0.0)	(42.0, 0.0)	(43.0, 0.5)	(44.0, 0.75)	(45.0, 1.5)	(46.0, 14.0)	(47.0, 334.25)	(48.0, 502.3333333333333)	(49.0, 305.08333333333337)	(50.0, 260.25)	(51.0, 885.75)	(52.0, 1644.5833333333333)	(53.0, 1285.8333333333335)	(54.0, 1887.999999999999)	(55.0, 1719.1666666666658)	(56.0, 611.6666666666667)	(57.0, 242.83333333333348)	(58.0, 209.91666666666694)	(59.0, 149.16666666666666)	(60.0, 24.416666666666664)	(61.0, 13.583333333333332)	(62.0, 5.0)	(63.0, 0.75)	(64.0, 0.25)	(65.0, 0.25)	(66.0, 0.25)	(67.0, 0.25)	(68.0, 0.0)	(69.0, 0.0)	(70.0, 0.0)	(71.0, 0.0)	(72.0, 0.0)	(73.0, 0.25)	(74.0, 0.0)	(75.0, 0.0)	(76.0, 0.0)	(77.0, 0.0)	(78.0, 0.0)	(79.0, 0.0)	(80.0, 0.0)	(81.0, 0.0)	(82.0, 0.0)	(83.0, 0.0)	(84.0, 0.0)	(85.0, 0.0)	(86.0, 0.0)	(87.0, 0.0)	(88.0, 0.0)	(89.0, 0.0)	(90.0, 0.0)	(91.0, 0.0)	(92.0, 0.0)	(93.0, 0.0)	(94.0, 0.0)	(95.0, 0.0)	(96.0, 0.0)	(97.0, 0.0)	(98.0, 0.0)	(99.0, 0.0)	(100.0, 0.0)
521B14_S28_L001_R2_001	(0.0, 1.0)	(1.0, 0.5)	(2.0, 0.0)	(3.0, 0.0)	(4.0, 0.0)	(5.0, 0.0)	(6.0, 0.0)	(7.0, 0.0)	(8.0, 0.0)	(9.0, 0.0)	(10.0, 0.0)	(11.0, 0.0)	(12.0, 0.0)	(13.0, 0.0)	(14.0, 0.0)	(15.0, 0.0)	(16.0, 0.0)	(17.0, 0.0)	(18.0, 0.0)	(19.0, 0.0)	(20.0, 0.0)	(21.0, 0.0)	(22.0, 0.0)	(23.0, 0.0)	(24.0, 0.0)	(25.0, 0.0)	(26.0, 0.0)	(27.0, 0.0)	(28.0, 0.0)	(29.0, 0.0)	(30.0, 0.0)	(31.0, 0.0)	(32.0, 0.0)	(33.0, 0.0)	(34.0, 0.25)	(35.0, 0.5)	(36.0, 0.25)	(37.0, 0.25)	(38.0, 0.0)	(39.0, 0.25)	(40.0, 0.5)	(41.0, 1.0)	(42.0, 1.0833333333333333)	(43.0, 0.75)	(44.0, 1.8333333333333333)	(45.0, 5.166666666666667)	(46.0, 10.666666666666666)	(47.0, 89.0833333333333)	(48.0, 481.0833333333329)	(49.0, 503.41666666666623)	(50.0, 421.7499999999991)	(51.0, 390.33333333333223)	(52.0, 934.4166666666711)	(53.0, 2379.4166666666633)	(54.0, 2434.333333333333)	(55.0, 1418.1666666666665)	(56.0, 505.91666666666663)	(57.0, 170.33333333333334)	(58.0, 151.08333333333331)	(59.0, 75.50000000000001)	(60.0, 28.166666666666668)	(61.0, 23.749999999999996)	(62.0, 12.583333333333334)	(63.0, 10.5)	(64.0, 7.0)	(65.0, 3.0)	(66.0, 3.0)	(67.0, 5.5)	(68.0, 3.0)	(69.0, 1.25)	(70.0, 2.25)	(71.0, 0.75)	(72.0, 0.5)	(73.0, 1.25)	(74.0, 0.75)	(75.0, 0.25)	(76.0, 0.75)	(77.0, 0.75)	(78.0, 0.75)	(79.0, 0.0)	(80.0, 0.25)	(81.0, 0.5)	(82.0, 0.25)	(83.0, 0.0)	(84.0, 0.25)	(85.0, 0.25)	(86.0, 0.25)	(87.0, 0.75)	(88.0, 0.5)	(89.0, 0.0)	(90.0, 0.25)	(91.0, 0.25)	(92.0, 0.25)	(93.0, 0.0)	(94.0, 0.0)	(95.0, 0.0)	(96.0, 0.0)	(97.0, 0.0)	(98.0, 0.0)	(99.0, 0.0)	(100.0, 0.3333333333333333)
523A0_S17_L001_R1_001	(0.0, 1.0)	(1.0, 0.5)	(2.0, 0.0)	(3.0, 0.0)	(4.0, 0.0)	(5.0, 0.0)	(6.0, 0.0)	(7.0, 0.0)	(8.0, 0.0)	(9.0, 0.0)	(10.0, 0.0)	(11.0, 0.0)	(12.0, 0.0)	(13.0, 0.0)	(14.0, 0.0)	(15.0, 0.0)	(16.0, 0.0)	(17.0, 0.0)	(18.0, 0.0)	(19.0, 0.0)	(20.0, 0.0)	(21.0, 0.0)	(22.0, 0.0)	(23.0, 0.0)	(24.0, 0.0)	(25.0, 0.0)	(26.0, 0.0)	(27.0, 0.0)	(28.0, 0.0)	(29.0, 0.0)	(30.0, 0.0)	(31.0, 0.0)	(32.0, 0.0)	(33.0, 0.0)	(34.0, 0.0)	(35.0, 0.0)	(36.0, 0.0)	(37.0, 0.0)	(38.0, 0.0)	(39.0, 0.75)	(40.0, 1.25)	(41.0, 0.75)	(42.0, 0.0)	(43.0, 0.0)	(44.0, 0.0)	(45.0, 0.25)	(46.0, 0.25)	(47.0, 1.25)	(48.0, 13.25)	(49.0, 39.75)	(50.0, 148.08333333333331)	(51.0, 717.0833333333333)	(52.0, 939.8333333333334)	(53.0, 1386.3333333333335)	(54.0, 2127.0833333333326)	(55.0, 1634.8333333333328)	(56.0, 611.0833333333333)	(57.0, 307.00000000000006)	(58.0, 125.91666666666663)	(59.0, 175.16666666666677)	(60.0, 170.33333333333346)	(61.0, 93.49999999999997)	(62.0, 44.75000000000001)	(63.0, 30.75)	(64.0, 15.5)	(65.0, 9.25)	(66.0, 54.25)	(67.0, 89.75)	(68.0, 8.75)	(69.0, 0.5)	(70.0, 0.0)	(71.0, 0.25)	(72.0, 0.0)	(73.0, 0.0)	(74.0, 0.0)	(75.0, 0.0)	(76.0, 0.0)	(77.0, 0.0)	(78.0, 0.0)	(79.0, 0.0)	(80.0, 0.0)	(81.0, 0.0)	(82.0, 0.0)	(83.0, 0.0)	(84.0, 0.0)	(85.0, 0.0)	(86.0, 0.0)	(87.0, 0.0)	(88.0, 0.0)	(89.0, 0.0)	(90.0, 0.0)	(91.0, 0.0)	(92.0, 0.0)	(93.0, 0.0)	(94.0, 0.0)	(95.0, 0.0)	(96.0, 0.0)	(97.0, 0.0)	(98.0, 0.0)	(99.0, 0.0)	(100.0, 0.0)
523A0_S17_L001_R2_001	(0.0, 1.0)	(1.0, 0.5)	(2.0, 0.0)	(3.0, 0.0)	(4.0, 0.0)	(5.0, 0.0)	(6.0, 0.0)	(7.0, 0.0)	(8.0, 0.0)	(9.0, 0.0)	(10.0, 0.0)	(11.0, 0.0)	(12.0, 0.0)	(13.0, 0.0)	(14.0, 0.0)	(15.0, 0.0)	(16.0, 0.0)	(17.0, 0.0)	(18.0, 0.0)	(19.0, 0.0)	(20.0, 0.0)	(21.0, 0.0)	(22.0, 0.0)	(23.0, 0.0)	(24.0, 0.0)	(25.0, 0.0)	(26.0, 0.0)	(27.0, 0.0)	(28.0, 0.0)	(29.0, 0.0)	(30.0, 0.0)	(31.0, 0.0)	(32.0, 0.0)	(33.0, 0.0)	(34.0, 0.0)	(35.0, 0.3333333333333333)	(36.0, 0.0)	(37.0, 0.25)	(38.0, 0.25)	(39.0, 0.75)	(40.0, 1.75)	(41.0, 0.75)	(42.0, 0.5)	(43.0, 1.3333333333333333)	(44.0, 1.5)	(45.0, 3.0833333333333335)	(46.0, 1.8333333333333333)	(47.0, 5.083333333333334)	(48.0, 18.16666666666667)	(49.0, 43.333333333333336)	(50.0, 94.49999999999991)	(51.0, 304.1666666666667)	(52.0, 1003.5833333333372)	(53.0, 2026.249999999995)	(54.0, 2184.083333333331)	(55.0, 1380.5833333333333)	(56.0, 590.0)	(57.0, 241.41666666666669)	(58.0, 209.16666666666666)	(59.0, 142.0)	(60.0, 54.25)	(61.0, 22.333333333333332)	(62.0, 18.333333333333336)	(63.0, 25.416666666666664)	(64.0, 38.00000000000001)	(65.0, 32.5)	(66.0, 28.333333333333336)	(67.0, 56.5)	(68.0, 65.0)	(69.0, 27.0)	(70.0, 7.25)	(71.0, 3.75)	(72.0, 0.75)	(73.0, 0.75)	(74.0, 1.0)	(75.0, 1.0)	(76.0, 1.75)	(77.0, 0.75)	(78.0, 0.25)	(79.0, 0.25)	(80.0, 0.75)	(81.0, 0.25)	(82.0, 1.0)	(83.0, 0.75)	(84.0, 0.25)	(85.0, 0.25)	(86.0, 0.25)	(87.0, 0.0)	(88.0, 0.0)	(89.0, 0.25)	(90.0, 0.25)	(91.0, 0.0)	(92.0, 0.0)	(93.0, 0.0)	(94.0, 0.0)	(95.0, 0.25)	(96.0, 0.0)	(97.0, 0.0)	(98.0, 0.0)	(99.0, 0.25)	(100.0, 0.0)
523A14_S18_L001_R1_001	(0.0, 4.0)	(1.0, 2.0)	(2.0, 0.0)	(3.0, 0.0)	(4.0, 0.0)	(5.0, 0.0)	(6.0, 0.0)	(7.0, 0.0)	(8.0, 0.0)	(9.0, 0.0)	(10.0, 0.0)	(11.0, 0.0)	(12.0, 0.0)	(13.0, 0.0)	(14.0, 0.0)	(15.0, 0.0)	(16.0, 0.0)	(17.0, 0.0)	(18.0, 0.0)	(19.0, 0.0)	(20.0, 0.0)	(21.0, 0.0)	(22.0, 0.0)	(23.0, 0.0)	(24.0, 0.0)	(25.0, 0.0)	(26.0, 0.0)	(27.0, 0.0)	(28.0, 0.0)	(29.0, 0.0)	(30.0, 0.0)	(31.0, 0.0)	(32.0, 0.0)	(33.0, 0.0)	(34.0, 0.0)	(35.0, 0.0)	(36.0, 0.0)	(37.0, 0.0)	(38.0, 0.0)	(39.0, 0.0)	(40.0, 0.0)	(41.0, 0.0)	(42.0, 0.25)	(43.0, 0.5)	(44.0, 2.083333333333333)	(45.0, 2.333333333333333)	(46.0, 2.75)	(47.0, 5.5)	(48.0, 46.0)	(49.0, 101.33333333333334)	(50.0, 189.33333333333334)	(51.0, 789.666666666667)	(52.0, 1164.5833333333333)	(53.0, 1252.7499999999995)	(54.0, 1790.4166666666638)	(55.0, 1563.249999999996)	(56.0, 659.0833333333337)	(57.0, 274.91666666666674)	(58.0, 70.25)	(59.0, 53.500000000000014)	(60.0, 39.58333333333334)	(61.0, 19.583333333333336)	(62.0, 9.833333333333332)	(63.0, 11.0)	(64.0, 5.0)	(65.0, 1.0)	(66.0, 6.0)	(67.0, 12.25)	(68.0, 0.5)	(69.0, 0.0)	(70.0, 0.25)	(71.0, 0.0)	(72.0, 0.0)	(73.0, 0.0)	(74.0, 0.0)	(75.0, 0.0)	(76.0, 0.0)	(77.0, 0.0)	(78.0, 0.0)	(79.0, 0.0)	(80.0, 0.0)	(81.0, 0.0)	(82.0, 0.0)	(83.0, 0.0)	(84.0, 0.0)	(85.0, 0.0)	(86.0, 0.0)	(87.0, 0.0)	(88.0, 0.0)	(89.0, 0.0)	(90.0, 0.0)	(91.0, 0.0)	(92.0, 0.0)	(93.0, 0.0)	(94.0, 0.0)	(95.0, 0.0)	(96.0, 0.0)	(97.0, 0.0)	(98.0, 0.0)	(99.0, 0.0)	(100.0, 0.0)
523A14_S18_L001_R2_001	(0.0, 4.0)	(1.0, 2.0)	(2.0, 0.0)	(3.0, 0.0)	(4.0, 0.0)	(5.0, 0.0)	(6.0, 0.0)	(7.0, 0.0)	(8.0, 0.0)	(9.0, 0.0)	(10.0, 0.0)	(11.0, 0.0)	(12.0, 0.0)	(13.0, 0.0)	(14.0, 0.0)	(15.0, 0.0)	(16.0, 0.0)	(17.0, 0.0)	(18.0, 0.0)	(19.0, 0.0)	(20.0, 0.0)	(21.0, 0.0)	(22.0, 0.0)	(23.0, 0.0)	(24.0, 0.0)	(25.0, 0.0)	(26.0, 0.0)	(27.0, 0.0)	(28.0, 0.0)	(29.0, 0.0)	(30.0, 0.0)	(31.0, 0.0)	(32.0, 0.0)	(33.0, 0.25)	(34.0, 0.25)	(35.0, 0.0)	(36.0, 0.0)	(37.0, 0.5)	(38.0, 1.5)	(39.0, 0.5)	(40.0, 0.5)	(41.0, 0.0)	(42.0, 1.25)	(43.0, 1.5)	(44.0, 2.0)	(45.0, 3.25)	(46.0, 4.5)	(47.0, 16.000000000000004)	(48.0, 56.08333333333334)	(49.0, 119.91666666666666)	(50.0, 147.49999999999997)	(51.0, 360.666666666666)	(52.0, 1128.7500000000025)	(53.0, 1805.583333333328)	(54.0, 1940.1666666666626)	(55.0, 1348.4166666666663)	(56.0, 576.0000000000001)	(57.0, 197.0)	(58.0, 78.08333333333333)	(59.0, 37.666666666666664)	(60.0, 21.166666666666664)	(61.0, 14.833333333333334)	(62.0, 14.0)	(63.0, 11.166666666666666)	(64.0, 13.833333333333332)	(65.0, 12.333333333333334)	(66.0, 9.0)	(67.0, 10.75)	(68.0, 8.25)	(69.0, 4.25)	(70.0, 1.75)	(71.0, 1.25)	(72.0, 0.75)	(73.0, 0.5)	(74.0, 0.75)	(75.0, 0.5)	(76.0, 0.5)	(77.0, 0.25)	(78.0, 0.25)	(79.0, 0.5)	(80.0, 0.25)	(81.0, 0.5)	(82.0, 0.25)	(83.0, 0.25)	(84.0, 0.0)	(85.0, 0.25)	(86.0, 0.0)	(87.0, 0.0)	(88.0, 0.0)	(89.0, 0.0)	(90.0, 0.0)	(91.0, 0.0)	(92.0, 0.0)	(93.0, 0.0)	(94.0, 0.0)	(95.0, 0.0)	(96.0, 0.0)	(97.0, 0.25)	(98.0, 0.25)	(99.0, 0.25)	(100.0, 0.3333333333333333)
523B0_S19_L001_R1_001	(0.0, 3.0)	(1.0, 1.5)	(2.0, 0.0)	(3.0, 0.0)	(4.0, 0.0)	(5.0, 0.0)	(6.0, 0.0)	(7.0, 0.0)	(8.0, 0.0)	(9.0, 0.0)	(10.0, 0.0)	(11.0, 0.0)	(12.0, 0.0)	(13.0, 0.0)	(14.0, 0.0)	(15.0, 0.0)	(16.0, 0.0)	(17.0, 0.0)	(18.0, 0.0)	(19.0, 0.0)	(20.0, 0.0)	(21.0, 0.0)	(22.0, 0.0)	(23.0, 0.0)	(24.0, 0.0)	(25.0, 0.0)	(26.0, 0.0)	(27.0, 0.0)	(28.0, 0.0)	(29.0, 0.0)	(30.0, 0.0)	(31.0, 0.0)	(32.0, 0.0)	(33.0, 0.0)	(34.0, 0.0)	(35.0, 0.0)	(36.0, 0.0)	(37.0, 0.0)	(38.0, 0.0)	(39.0, 0.0)	(40.0, 0.0)	(41.0, 0.3333333333333333)	(42.0, 0.8333333333333333)	(43.0, 0.75)	(44.0, 0.5)	(45.0, 0.5)	(46.0, 3.0)	(47.0, 12.25)	(48.0, 175.66666666666666)	(49.0, 383.25)	(50.0, 310.58333333333337)	(51.0, 695.0000000000001)	(52.0, 842.666666666667)	(53.0, 941.4166666666681)	(54.0, 1514.249999999997)	(55.0, 1392.83333333333)	(56.0, 635.7500000000007)	(57.0, 313.91666666666663)	(58.0, 90.16666666666666)	(59.0, 63.4166666666667)	(60.0, 41.91666666666667)	(61.0, 20.833333333333332)	(62.0, 10.916666666666666)	(63.0, 7.5)	(64.0, 5.5)	(65.0, 3.25)	(66.0, 6.75)	(67.0, 12.0)	(68.0, 1.5)	(69.0, 0.25)	(70.0, 0.0)	(71.0, 0.0)	(72.0, 0.0)	(73.0, 0.0)	(74.0, 0.0)	(75.0, 0.0)	(76.0, 0.0)	(77.0, 0.0)	(78.0, 0.0)	(79.0, 0.0)	(80.0, 0.0)	(81.0, 0.0)	(82.0, 0.0)	(83.0, 0.0)	(84.0, 0.0)	(85.0, 0.0)	(86.0, 0.0)	(87.0, 0.0)	(88.0, 0.0)	(89.0, 0.0)	(90.0, 0.0)	(91.0, 0.0)	(92.0, 0.0)	(93.0, 0.0)	(94.0, 0.0)	(95.0, 0.0)	(96.0, 0.0)	(97.0, 0.0)	(98.0, 0.0)	(99.0, 0.0)	(100.0, 0.0)
523B0_S19_L001_R2_001	(0.0, 3.0)	(1.0, 1.5)	(2.0, 0.0)	(3.0, 0.0)	(4.0, 0.0)	(5.0, 0.0)	(6.0, 0.0)	(7.0, 0.0)	(8.0, 0.0)	(9.0, 0.0)	(10.0, 0.0)	(11.0, 0.0)	(12.0, 0.0)	(13.0, 0.0)	(14.0, 0.0)	(15.0, 0.0)	(16.0, 0.0)	(17.0, 0.0)	(18.0, 0.0)	(19.0, 0.0)	(20.0, 0.0)	(21.0, 0.0)	(22.0, 0.0)	(23.0, 0.0)	(24.0, 0.0)	(25.0, 0.0)	(26.0, 0.0)	(27.0, 0.0)	(28.0, 0.0)	(29.0, 0.0)	(30.0, 0.0)	(31.0, 0.0)	(32.0, 0.0)	(33.0, 0.0)	(34.0, 0.0)	(35.0, 0.0)	(36.0, 0.25)	(37.0, 0.25)	(38.0, 0.5)	(39.0, 1.0833333333333333)	(40.0, 0.5)	(41.0, 0.75)	(42.0, 1.3333333333333333)	(43.0, 2.0)	(44.0, 0.8333333333333333)	(45.0, 3.4166666666666665)	(46.0, 11.0)	(47.0, 43.33333333333334)	(48.0, 200.6666666666667)	(49.0, 365.83333333333337)	(50.0, 316.5833333333333)	(51.0, 322.9999999999999)	(52.0, 837.0833333333356)	(53.0, 1452.7499999999973)	(54.0, 1615.5833333333298)	(55.0, 1168.2500000000007)	(56.0, 523.8333333333333)	(57.0, 244.00000000000003)	(58.0, 96.74999999999999)	(59.0, 43.833333333333336)	(60.0, 22.75)	(61.0, 13.333333333333334)	(62.0, 12.25)	(63.0, 9.416666666666666)	(64.0, 12.75)	(65.0, 12.416666666666668)	(66.0, 9.75)	(67.0, 11.5)	(68.0, 8.75)	(69.0, 5.5)	(70.0, 2.5)	(71.0, 1.5)	(72.0, 0.0)	(73.0, 0.0)	(74.0, 0.5)	(75.0, 0.5)	(76.0, 0.25)	(77.0, 0.5)	(78.0, 1.25)	(79.0, 0.5)	(80.0, 0.25)	(81.0, 0.5)	(82.0, 0.0)	(83.0, 0.25)	(84.0, 0.5)	(85.0, 0.0)	(86.0, 0.25)	(87.0, 0.25)	(88.0, 0.0)	(89.0, 0.0)	(90.0, 0.25)	(91.0, 0.25)	(92.0, 0.0)	(93.0, 0.0)	(94.0, 0.0)	(95.0, 0.0)	(96.0, 0.0)	(97.0, 0.0)	(98.0, 0.0)	(99.0, 0.5)	(100.0, 0.0)
523B14_S20_L001_R1_001	(0.0, 2.0)	(1.0, 1.0)	(2.0, 0.0)	(3.0, 0.0)	(4.0, 0.0)	(5.0, 0.0)	(6.0, 0.0)	(7.0, 0.0)	(8.0, 0.0)	(9.0, 0.0)	(10.0, 0.0)	(11.0, 0.0)	(12.0, 0.0)	(13.0, 0.0)	(14.0, 0.0)	(15.0, 0.0)	(16.0, 0.0)	(17.0, 0.0)	(18.0, 0.0)	(19.0, 0.0)	(20.0, 0.0)	(21.0, 0.0)	(22.0, 0.0)	(23.0, 0.0)	(24.0, 0.0)	(25.0, 0.0)	(26.0, 0.0)	(27.0, 0.0)	(28.0, 0.0)	(29.0, 0.0)	(30.0, 0.0)	(31.0, 0.0)	(32.0, 0.0)	(33.0, 0.0)	(34.0, 0.0)	(35.0, 0.0)	(36.0, 0.0)	(37.0, 0.0)	(38.0, 0.0)	(39.0, 0.0)	(40.0, 0.25)	(41.0, 0.0)	(42.0, 0.0)	(43.0, 0.0)	(44.0, 0.0)	(45.0, 0.0)	(46.0, 1.25)	(47.0, 3.25)	(48.0, 27.0)	(49.0, 45.5)	(50.0, 145.41666666666666)	(51.0, 516.6666666666665)	(52.0, 780.4166666666667)	(53.0, 1210.5000000000002)	(54.0, 1577.916666666666)	(55.0, 1457.5833333333335)	(56.0, 553.583333333333)	(57.0, 249.6666666666667)	(58.0, 124.99999999999997)	(59.0, 80.41666666666666)	(60.0, 53.833333333333364)	(61.0, 30.333333333333336)	(62.0, 26.083333333333336)	(63.0, 18.083333333333332)	(64.0, 15.0)	(65.0, 5.75)	(66.0, 20.25)	(67.0, 37.0)	(68.0, 3.5)	(69.0, 0.75)	(70.0, 0.0)	(71.0, 0.0)	(72.0, 0.25)	(73.0, 0.0)	(74.0, 0.0)	(75.0, 0.0)	(76.0, 0.0)	(77.0, 0.0)	(78.0, 0.0)	(79.0, 0.0)	(80.0, 0.0)	(81.0, 0.0)	(82.0, 0.0)	(83.0, 0.0)	(84.0, 0.0)	(85.0, 0.0)	(86.0, 0.0)	(87.0, 0.0)	(88.0, 0.0)	(89.0, 0.0)	(90.0, 0.0)	(91.0, 0.0)	(92.0, 0.0)	(93.0, 0.0)	(94.0, 0.0)	(95.0, 0.0)	(96.0, 0.0)	(97.0, 0.0)	(98.0, 0.0)	(99.0, 0.0)	(100.0, 0.0)
523B14_S20_L001_R2_001	(0.0, 2.0)	(1.0, 1.0)	(2.0, 0.0)	(3.0, 0.0)	(4.0, 0.0)	(5.0, 0.0)	(6.0, 0.0)	(7.0, 0.0)	(8.0, 0.0)	(9.0, 0.0)	(10.0, 0.0)	(11.0, 0.0)	(12.0, 0.0)	(13.0, 0.0)	(14.0, 0.0)	(15.0, 0.0)	(16.0, 0.0)	(17.0, 0.0)	(18.0, 0.0)	(19.0, 0.0)	(20.0, 0.0)	(21.0, 0.0)	(22.0, 0.0)	(23.0, 0.0)	(24.0, 0.0)	(25.0, 0.0)	(26.0, 0.0)	(27.0, 0.0)	(28.0, 0.0)	(29.0, 0.0)	(30.0, 0.0)	(31.0, 0.0)	(32.0, 0.0)	(33.0, 0.0)	(34.0, 0.0)	(35.0, 0.0)	(36.0, 0.25)	(37.0, 0.75)	(38.0, 0.0)	(39.0, 0.0)	(40.0, 0.25)	(41.0, 0.9166666666666666)	(42.0, 0.3333333333333333)	(43.0, 1.0)	(44.0, 1.9166666666666665)	(45.0, 4.416666666666666)	(46.0, 3.75)	(47.0, 12.750000000000004)	(48.0, 48.75000000000001)	(49.0, 90.33333333333321)	(50.0, 231.83333333333462)	(51.0, 481.74999999999767)	(52.0, 1161.916666666668)	(53.0, 1635.4166666666652)	(54.0, 1550.249999999999)	(55.0, 951.2500000000005)	(56.0, 389.3333333333333)	(57.0, 156.08333333333334)	(58.0, 79.33333333333333)	(59.0, 42.33333333333333)	(60.0, 23.583333333333336)	(61.0, 17.666666666666668)	(62.0, 14.416666666666668)	(63.0, 18.833333333333336)	(64.0, 23.75)	(65.0, 21.166666666666664)	(66.0, 18.333333333333332)	(67.0, 33.0)	(68.0, 31.25)	(69.0, 14.75)	(70.0, 4.0)	(71.0, 2.0)	(72.0, 0.75)	(73.0, 0.5)	(74.0, 0.25)	(75.0, 1.0)	(76.0, 0.75)	(77.0, 0.75)	(78.0, 0.5)	(79.0, 0.25)	(80.0, 0.5)	(81.0, 0.0)	(82.0, 0.25)	(83.0, 0.25)	(84.0, 0.75)	(85.0, 0.5)	(86.0, 0.0)	(87.0, 0.0)	(88.0, 0.0)	(89.0, 0.0)	(90.0, 0.5)	(91.0, 0.5)	(92.0, 0.25)	(93.0, 0.0)	(94.0, 0.25)	(95.0, 0.25)	(96.0, 0.0)	(97.0, 0.25)	(98.0, 0.25)	(99.0, 0.0)	(100.0, 0.0)
528A0_S53_L001_R1_001	(0.0, 3.0)	(1.0, 1.5)	(2.0, 0.0)	(3.0, 0.0)	(4.0, 0.0)	(5.0, 0.0)	(6.0, 0.0)	(7.0, 0.0)	(8.0, 0.0)	(9.0, 0.0)	(10.0, 0.0)	(11.0, 0.0)	(12.0, 0.0)	(13.0, 0.0)	(14.0, 0.0)	(15.0, 0.0)	(16.0, 0.0)	(17.0, 0.0)	(18.0, 0.0)	(19.0, 0.0)	(20.0, 0.0)	(21.0, 0.0)	(22.0, 0.0)	(23.0, 0.0)	(24.0, 0.0)	(25.0, 0.0)	(26.0, 0.0)	(27.0, 0.0)	(28.0, 0.0)	(29.0, 0.0)	(30.0, 0.0)	(31.0, 0.0)	(32.0, 0.0)	(33.0, 0.0)	(34.0, 0.0)	(35.0, 0.0)	(36.0, 0.25)	(37.0, 0.25)	(38.0, 0.0)	(39.0, 0.25)	(40.0, 0.3333333333333333)	(41.0, 0.3333333333333333)	(42.0, 0.0)	(43.0, 0.5)	(44.0, 0.0)	(45.0, 1.25)	(46.0, 5.0)	(47.0, 53.0)	(48.0, 253.0)	(49.0, 361.3333333333333)	(50.0, 311.91666666666663)	(51.0, 683.6666666666666)	(52.0, 1034.416666666669)	(53.0, 1302.3333333333314)	(54.0, 1795.9999999999936)	(55.0, 1364.833333333331)	(56.0, 595.5)	(57.0, 173.83333333333337)	(58.0, 118.74999999999982)	(59.0, 103.49999999999976)	(60.0, 62.6666666666667)	(61.0, 24.33333333333333)	(62.0, 5.083333333333334)	(63.0, 5.5)	(64.0, 1.25)	(65.0, 1.0)	(66.0, 3.75)	(67.0, 6.0)	(68.0, 0.25)	(69.0, 0.75)	(70.0, 0.25)	(71.0, 0.0)	(72.0, 0.0)	(73.0, 0.0)	(74.0, 0.0)	(75.0, 0.0)	(76.0, 0.0)	(77.0, 0.0)	(78.0, 0.0)	(79.0, 0.0)	(80.0, 0.0)	(81.0, 0.0)	(82.0, 0.0)	(83.0, 0.0)	(84.0, 0.0)	(85.0, 0.0)	(86.0, 0.0)	(87.0, 0.0)	(88.0, 0.0)	(89.0, 0.0)	(90.0, 0.0)	(91.0, 0.0)	(92.0, 0.0)	(93.0, 0.0)	(94.0, 0.0)	(95.0, 0.0)	(96.0, 0.0)	(97.0, 0.0)	(98.0, 0.0)	(99.0, 0.0)	(100.0, 0.0)
528A0_S53_L001_R2_001	(0.0, 3.0)	(1.0, 1.5)	(2.0, 0.0)	(3.0, 0.0)	(4.0, 0.0)	(5.0, 0.0)	(6.0, 0.0)	(7.0, 0.0)	(8.0, 0.0)	(9.0, 0.0)	(10.0, 0.0)	(11.0, 0.0)	(12.0, 0.0)	(13.0, 0.0)	(14.0, 0.0)	(15.0, 0.0)	(16.0, 0.0)	(17.0, 0.0)	(18.0, 0.0)	(19.0, 0.0)	(20.0, 0.0)	(21.0, 0.0)	(22.0, 0.0)	(23.0, 0.0)	(24.0, 0.0)	(25.0, 0.0)	(26.0, 0.0)	(27.0, 0.0)	(28.0, 0.0)	(29.0, 0.0)	(30.0, 0.25)	(31.0, 0.25)	(32.0, 0.0)	(33.0, 0.0)	(34.0, 0.25)	(35.0, 0.25)	(36.0, 0.25)	(37.0, 0.25)	(38.0, 0.0)	(39.0, 0.5)	(40.0, 0.25)	(41.0, 0.5833333333333333)	(42.0, 1.3333333333333333)	(43.0, 1.3333333333333333)	(44.0, 2.333333333333333)	(45.0, 4.416666666666667)	(46.0, 10.916666666666668)	(47.0, 61.166666666666714)	(48.0, 188.75000000000009)	(49.0, 368.74999999999994)	(50.0, 269.91666666666686)	(51.0, 344.583333333333)	(52.0, 945.5000000000045)	(53.0, 1825.6666666666513)	(54.0, 1862.333333333328)	(55.0, 1389.1666666666663)	(56.0, 457.66666666666663)	(57.0, 139.33333333333331)	(58.0, 95.66666666666667)	(59.0, 75.33333333333333)	(60.0, 28.333333333333332)	(61.0, 16.5)	(62.0, 11.833333333333332)	(63.0, 10.833333333333334)	(64.0, 10.75)	(65.0, 8.25)	(66.0, 4.5)	(67.0, 7.75)	(68.0, 6.5)	(69.0, 3.0)	(70.0, 1.25)	(71.0, 0.75)	(72.0, 0.75)	(73.0, 0.5)	(74.0, 0.75)	(75.0, 0.25)	(76.0, 0.0)	(77.0, 0.5)	(78.0, 0.0)	(79.0, 0.0)	(80.0, 0.25)	(81.0, 0.0)	(82.0, 0.0)	(83.0, 0.25)	(84.0, 0.0)	(85.0, 0.25)	(86.0, 0.0)	(87.0, 0.25)	(88.0, 0.5)	(89.0, 0.0)	(90.0, 0.0)	(91.0, 0.0)	(92.0, 0.25)	(93.0, 0.25)	(94.0, 0.0)	(95.0, 0.0)	(96.0, 0.25)	(97.0, 0.25)	(98.0, 0.25)	(99.0, 0.0)	(100.0, 0.0)
528A14_S54_L001_R1_001	(0.0, 1.0)	(1.0, 0.5)	(2.0, 0.0)	(3.0, 0.0)	(4.0, 0.0)	(5.0, 0.0)	(6.0, 0.0)	(7.0, 0.0)	(8.0, 0.0)	(9.0, 0.0)	(10.0, 0.0)	(11.0, 0.0)	(12.0, 0.0)	(13.0, 0.0)	(14.0, 0.0)	(15.0, 0.0)	(16.0, 0.0)	(17.0, 0.0)	(18.0, 0.0)	(19.0, 0.0)	(20.0, 0.0)	(21.0, 0.0)	(22.0, 0.0)	(23.0, 0.0)	(24.0, 0.0)	(25.0, 0.0)	(26.0, 0.0)	(27.0, 0.25)	(28.0, 0.0)	(29.0, 0.0)	(30.0, 0.0)	(31.0, 0.0)	(32.0, 0.0)	(33.0, 0.0)	(34.0, 0.0)	(35.0, 0.0)	(36.0, 0.0)	(37.0, 0.0)	(38.0, 0.0)	(39.0, 0.75)	(40.0, 1.25)	(41.0, 1.5)	(42.0, 1.75)	(43.0, 1.75)	(44.0, 1.75)	(45.0, 1.75)	(46.0, 6.25)	(47.0, 23.0)	(48.0, 86.83333333333333)	(49.0, 157.08333333333334)	(50.0, 326.25)	(51.0, 1109.9166666666667)	(52.0, 1271.2500000000002)	(53.0, 1143.4166666666672)	(54.0, 1533.9166666666663)	(55.0, 1209.8333333333333)	(56.0, 425.74999999999983)	(57.0, 301.58333333333326)	(58.0, 243.08333333333434)	(59.0, 326.33333333333275)	(60.0, 300.58333333333314)	(61.0, 82.66666666666664)	(62.0, 29.083333333333332)	(63.0, 18.5)	(64.0, 7.166666666666666)	(65.0, 2.5)	(66.0, 18.0)	(67.0, 32.0)	(68.0, 5.25)	(69.0, 0.25)	(70.0, 0.0)	(71.0, 0.25)	(72.0, 0.0)	(73.0, 0.0)	(74.0, 0.0)	(75.0, 0.0)	(76.0, 0.0)	(77.0, 0.25)	(78.0, 0.0)	(79.0, 0.0)	(80.0, 0.0)	(81.0, 0.0)	(82.0, 0.0)	(83.0, 0.0)	(84.0, 0.0)	(85.0, 0.0)	(86.0, 0.0)	(87.0, 0.0)	(88.0, 0.0)	(89.0, 0.0)	(90.0, 0.0)	(91.0, 0.0)	(92.0, 0.0)	(93.0, 0.0)	(94.0, 0.0)	(95.0, 0.0)	(96.0, 0.0)	(97.0, 0.0)	(98.0, 0.0)	(99.0, 0.0)	(100.0, 0.0)
528A14_S54_L001_R2_001	(0.0, 1.0)	(1.0, 0.5)	(2.0, 0.0)	(3.0, 0.0)	(4.0, 0.0)	(5.0, 0.0)	(6.0, 0.0)	(7.0, 0.0)	(8.0, 0.0)	(9.0, 0.0)	(10.0, 0.0)	(11.0, 0.0)	(12.0, 0.0)	(13.0, 0.0)	(14.0, 0.0)	(15.0, 0.0)	(16.0, 0.0)	(17.0, 0.0)	(18.0, 0.0)	(19.0, 0.0)	(20.0, 0.0)	(21.0, 0.0)	(22.0, 0.0)	(23.0, 0.0)	(24.0, 0.0)	(25.0, 0.0)	(26.0, 0.0)	(27.0, 0.0)	(28.0, 0.0)	(29.0, 0.0)	(30.0, 0.25)	(31.0, 0.25)	(32.0, 0.25)	(33.0, 0.0)	(34.0, 0.0)	(35.0, 0.3333333333333333)	(36.0, 0.5833333333333333)	(37.0, 0.0)	(38.0, 0.0)	(39.0, 1.0)	(40.0, 1.75)	(41.0, 2.5)	(42.0, 2.5)	(43.0, 2.9166666666666665)	(44.0, 2.916666666666667)	(45.0, 3.833333333333334)	(46.0, 8.333333333333332)	(47.0, 22.75)	(48.0, 81.75)	(49.0, 159.5)	(50.0, 171.00000000000003)	(51.0, 367.8333333333328)	(52.0, 1224.6666666666667)	(53.0, 2199.9999999999955)	(54.0, 1887.2499999999989)	(55.0, 1030.8333333333335)	(56.0, 360.08333333333337)	(57.0, 205.41666666666669)	(58.0, 309.3333333333333)	(59.0, 204.25000000000003)	(60.0, 67.75)	(61.0, 30.916666666666664)	(62.0, 18.333333333333336)	(63.0, 15.583333333333334)	(64.0, 20.583333333333336)	(65.0, 14.416666666666666)	(66.0, 17.499999999999996)	(67.0, 30.166666666666664)	(68.0, 22.25)	(69.0, 10.25)	(70.0, 4.25)	(71.0, 1.5)	(72.0, 2.0)	(73.0, 1.25)	(74.0, 1.75)	(75.0, 1.25)	(76.0, 0.75)	(77.0, 0.5)	(78.0, 0.25)	(79.0, 0.75)	(80.0, 0.75)	(81.0, 0.0)	(82.0, 0.25)	(83.0, 0.25)	(84.0, 0.0)	(85.0, 0.25)	(86.0, 0.0)	(87.0, 0.0)	(88.0, 0.25)	(89.0, 0.5)	(90.0, 0.25)	(91.0, 0.25)	(92.0, 0.0)	(93.0, 0.0)	(94.0, 0.0)	(95.0, 0.25)	(96.0, 0.25)	(97.0, 0.25)	(98.0, 0.25)	(99.0, 0.25)	(100.0, 0.0)
528B0_S55_L001_R1_001	(0.0, 2.0)	(1.0, 1.0)	(2.0, 0.0)	(3.0, 0.0)	(4.0, 0.0)	(5.0, 0.0)	(6.0, 0.0)	(7.0, 0.0)	(8.0, 0.0)	(9.0, 0.0)	(10.0, 0.0)	(11.0, 0.0)	(12.0, 0.0)	(13.0, 0.0)	(14.0, 0.0)	(15.0, 0.0)	(16.0, 0.0)	(17.0, 0.0)	(18.0, 0.0)	(19.0, 0.0)	(20.0, 0.0)	(21.0, 0.0)	(22.0, 0.0)	(23.0, 0.0)	(24.0, 0.0)	(25.0, 0.0)	(26.0, 0.0)	(27.0, 0.0)	(28.0, 0.0)	(29.0, 0.25)	(30.0, 0.25)	(31.0, 0.0)	(32.0, 0.0)	(33.0, 0.0)	(34.0, 0.0)	(35.0, 0.0)	(36.0, 0.0)	(37.0, 0.25)	(38.0, 0.0)	(39.0, 0.25)	(40.0, 0.0)	(41.0, 0.5)	(42.0, 0.75)	(43.0, 1.0)	(44.0, 1.25)	(45.0, 1.3333333333333333)	(46.0, 3.083333333333333)	(47.0, 28.25)	(48.0, 51.833333333333336)	(49.0, 61.25000000000001)	(50.0, 87.25)	(51.0, 185.08333333333337)	(52.0, 509.33333333333195)	(53.0, 1678.999999999987)	(54.0, 2554.3333333333367)	(55.0, 1528.0833333333285)	(56.0, 694.9166666666675)	(57.0, 191.1666666666667)	(58.0, 142.24999999999997)	(59.0, 142.7499999999999)	(60.0, 127.41666666666657)	(61.0, 85.16666666666666)	(62.0, 56.16666666666667)	(63.0, 20.833333333333332)	(64.0, 9.75)	(65.0, 9.0)	(66.0, 61.25)	(67.0, 121.75)	(68.0, 18.25)	(69.0, 1.5)	(70.0, 0.25)	(71.0, 0.0)	(72.0, 0.0)	(73.0, 0.0)	(74.0, 0.0)	(75.0, 0.0)	(76.0, 0.0)	(77.0, 0.0)	(78.0, 0.0)	(79.0, 0.0)	(80.0, 0.0)	(81.0, 0.0)	(82.0, 0.0)	(83.0, 0.0)	(84.0, 0.0)	(85.0, 0.0)	(86.0, 0.0)	(87.0, 0.0)	(88.0, 0.0)	(89.0, 0.0)	(90.0, 0.0)	(91.0, 0.0)	(92.0, 0.0)	(93.0, 0.0)	(94.0, 0.0)	(95.0, 0.0)	(96.0, 0.0)	(97.0, 0.0)	(98.0, 0.0)	(99.0, 0.0)	(100.0, 0.0)
528B0_S55_L001_R2_001	(0.0, 2.0)	(1.0, 1.0)	(2.0, 0.0)	(3.0, 0.0)	(4.0, 0.0)	(5.0, 0.0)	(6.0, 0.0)	(7.0, 0.0)	(8.0, 0.0)	(9.0, 0.0)	(10.0, 0.0)	(11.0, 0.0)	(12.0, 0.0)	(13.0, 0.0)	(14.0, 0.0)	(15.0, 0.0)	(16.0, 0.0)	(17.0, 0.0)	(18.0, 0.0)	(19.0, 0.0)	(20.0, 0.0)	(21.0, 0.0)	(22.0, 0.0)	(23.0, 0.0)	(24.0, 0.0)	(25.0, 0.0)	(26.0, 0.0)	(27.0, 0.0)	(28.0, 0.3333333333333333)	(29.0, 0.0)	(30.0, 0.0)	(31.0, 0.0)	(32.0, 0.25)	(33.0, 0.0)	(34.0, 0.5)	(35.0, 0.25)	(36.0, 0.0)	(37.0, 0.25)	(38.0, 0.5)	(39.0, 0.0)	(40.0, 0.0)	(41.0, 0.0)	(42.0, 1.5833333333333333)	(43.0, 2.083333333333333)	(44.0, 2.5)	(45.0, 2.5)	(46.0, 3.5)	(47.0, 29.166666666666664)	(48.0, 77.74999999999999)	(49.0, 71.58333333333334)	(50.0, 98.16666666666663)	(51.0, 211.33333333333363)	(52.0, 759.250000000003)	(53.0, 2022.4166666666465)	(54.0, 1991.499999999995)	(55.0, 1593.6666666666663)	(56.0, 526.5)	(57.0, 159.6666666666667)	(58.0, 107.99999999999999)	(59.0, 78.0)	(60.0, 39.41666666666667)	(61.0, 22.333333333333336)	(62.0, 23.75)	(63.0, 29.25)	(64.0, 26.75)	(65.0, 33.166666666666664)	(66.0, 55.25000000000001)	(67.0, 103.91666666666666)	(68.0, 90.75)	(69.0, 36.75)	(70.0, 9.25)	(71.0, 3.5)	(72.0, 2.0)	(73.0, 1.0)	(74.0, 0.5)	(75.0, 0.5)	(76.0, 0.25)	(77.0, 0.5)	(78.0, 1.5)	(79.0, 0.75)	(80.0, 0.25)	(81.0, 0.25)	(82.0, 0.25)	(83.0, 0.0)	(84.0, 0.25)	(85.0, 0.5)	(86.0, 0.5)	(87.0, 0.0)	(88.0, 0.25)	(89.0, 0.25)	(90.0, 0.0)	(91.0, 0.0)	(92.0, 0.0)	(93.0, 0.0)	(94.0, 0.25)	(95.0, 0.25)	(96.0, 0.0)	(97.0, 0.0)	(98.0, 0.0)	(99.0, 0.0)	(100.0, 0.0)
528B14_S56_L001_R1_001	(0.0, 2.0)	(1.0, 1.0)	(2.0, 0.0)	(3.0, 0.0)	(4.0, 0.0)	(5.0, 0.0)	(6.0, 0.0)	(7.0, 0.0)	(8.0, 0.0)	(9.0, 0.0)	(10.0, 0.0)	(11.0, 0.0)	(12.0, 0.0)	(13.0, 0.0)	(14.0, 0.0)	(15.0, 0.0)	(16.0, 0.0)	(17.0, 0.0)	(18.0, 0.0)	(19.0, 0.0)	(20.0, 0.0)	(21.0, 0.0)	(22.0, 0.0)	(23.0, 0.0)	(24.0, 0.0)	(25.0, 0.0)	(26.0, 0.0)	(27.0, 0.0)	(28.0, 0.0)	(29.0, 0.0)	(30.0, 0.0)	(31.0, 0.0)	(32.0, 0.0)	(33.0, 0.0)	(34.0, 0.0)	(35.0, 0.0)	(36.0, 0.0)	(37.0, 0.0)	(38.0, 0.0)	(39.0, 0.0)	(40.0, 0.3333333333333333)	(41.0, 1.3333333333333333)	(42.0, 2.0)	(43.0, 4.083333333333334)	(44.0, 6.833333333333333)	(45.0, 9.75)	(46.0, 8.583333333333332)	(47.0, 11.166666666666666)	(48.0, 24.0)	(49.0, 66.08333333333333)	(50.0, 173.9166666666667)	(51.0, 498.1666666666664)	(52.0, 816.1666666666679)	(53.0, 1598.7499999999936)	(54.0, 2154.7499999999973)	(55.0, 1390.833333333332)	(56.0, 573.1666666666666)	(57.0, 280.50000000000006)	(58.0, 228.0833333333337)	(59.0, 279.6666666666675)	(60.0, 259.583333333334)	(61.0, 130.83333333333326)	(62.0, 62.75000000000001)	(63.0, 35.166666666666664)	(64.0, 13.583333333333332)	(65.0, 11.25)	(66.0, 65.75)	(67.0, 124.25)	(68.0, 15.25)	(69.0, 0.75)	(70.0, 0.0)	(71.0, 0.5)	(72.0, 0.0)	(73.0, 0.0)	(74.0, 0.0)	(75.0, 0.0)	(76.0, 0.25)	(77.0, 0.25)	(78.0, 0.0)	(79.0, 0.0)	(80.0, 0.0)	(81.0, 0.0)	(82.0, 0.0)	(83.0, 0.0)	(84.0, 0.0)	(85.0, 0.0)	(86.0, 0.0)	(87.0, 0.0)	(88.0, 0.0)	(89.0, 0.0)	(90.0, 0.0)	(91.0, 0.0)	(92.0, 0.0)	(93.0, 0.0)	(94.0, 0.0)	(95.0, 0.0)	(96.0, 0.0)	(97.0, 0.0)	(98.0, 0.0)	(99.0, 0.0)	(100.0, 0.0)
528B14_S56_L001_R2_001	(0.0, 2.0)	(1.0, 1.0)	(2.0, 0.0)	(3.0, 0.0)	(4.0, 0.0)	(5.0, 0.0)	(6.0, 0.0)	(7.0, 0.0)	(8.0, 0.0)	(9.0, 0.0)	(10.0, 0.0)	(11.0, 0.0)	(12.0, 0.0)	(13.0, 0.0)	(14.0, 0.0)	(15.0, 0.0)	(16.0, 0.0)	(17.0, 0.0)	(18.0, 0.0)	(19.0, 0.0)	(20.0, 0.0)	(21.0, 0.0)	(22.0, 0.0)	(23.0, 0.0)	(24.0, 0.0)	(25.0, 0.0)	(26.0, 0.0)	(27.0, 0.0)	(28.0, 0.0)	(29.0, 0.0)	(30.0, 0.0)	(31.0, 0.0)	(32.0, 0.0)	(33.0, 0.0)	(34.0, 0.25)	(35.0, 0.0)	(36.0, 0.25)	(37.0, 0.0)	(38.0, 0.3333333333333333)	(39.0, 1.1666666666666665)	(40.0, 0.3333333333333333)	(41.0, 0.5)	(42.0, 2.5)	(43.0, 3.5)	(44.0, 6.916666666666666)	(45.0, 10.25)	(46.0, 8.916666666666666)	(47.0, 10.666666666666664)	(48.0, 34.666666666666664)	(49.0, 57.500000000000036)	(50.0, 119.4999999999998)	(51.0, 272.416666666667)	(52.0, 954.5833333333376)	(53.0, 2139.416666666657)	(54.0, 2101.7499999999973)	(55.0, 1326.7499999999995)	(56.0, 443.99999999999994)	(57.0, 200.5)	(58.0, 268.49999999999994)	(59.0, 210.58333333333334)	(60.0, 78.00000000000001)	(61.0, 36.166666666666664)	(62.0, 26.749999999999996)	(63.0, 32.25)	(64.0, 35.916666666666664)	(65.0, 33.166666666666664)	(66.0, 63.08333333333335)	(67.0, 101.49999999999999)	(68.0, 80.33333333333334)	(69.0, 26.25)	(70.0, 11.5)	(71.0, 2.25)	(72.0, 1.25)	(73.0, 0.75)	(74.0, 0.75)	(75.0, 0.25)	(76.0, 0.5)	(77.0, 0.75)	(78.0, 1.25)	(79.0, 1.5)	(80.0, 1.0)	(81.0, 0.5)	(82.0, 0.75)	(83.0, 0.5)	(84.0, 0.0)	(85.0, 0.25)	(86.0, 0.5)	(87.0, 0.25)	(88.0, 0.25)	(89.0, 0.0)	(90.0, 0.25)	(91.0, 0.75)	(92.0, 0.0)	(93.0, 0.0)	(94.0, 0.0)	(95.0, 0.0)	(96.0, 0.0)	(97.0, 0.25)	(98.0, 0.25)	(99.0, 0.25)	(100.0, 0.0)
532A0_S45_L001_R1_001	(0.0, 1.0)	(1.0, 0.5)	(2.0, 0.0)	(3.0, 0.0)	(4.0, 0.0)	(5.0, 0.0)	(6.0, 0.0)	(7.0, 0.0)	(8.0, 0.0)	(9.0, 0.0)	(10.0, 0.0)	(11.0, 0.0)	(12.0, 0.0)	(13.0, 0.0)	(14.0, 0.0)	(15.0, 0.0)	(16.0, 0.0)	(17.0, 0.0)	(18.0, 0.0)	(19.0, 0.0)	(20.0, 0.0)	(21.0, 0.0)	(22.0, 0.0)	(23.0, 0.0)	(24.0, 0.0)	(25.0, 0.0)	(26.0, 0.0)	(27.0, 0.0)	(28.0, 0.0)	(29.0, 0.0)	(30.0, 0.0)	(31.0, 0.0)	(32.0, 0.0)	(33.0, 0.0)	(34.0, 0.0)	(35.0, 0.0)	(36.0, 0.5)	(37.0, 0.5)	(38.0, 0.0)	(39.0, 0.0)	(40.0, 0.0)	(41.0, 0.0)	(42.0, 0.25)	(43.0, 0.25)	(44.0, 0.0)	(45.0, 1.25)	(46.0, 7.25)	(47.0, 24.833333333333332)	(48.0, 31.583333333333332)	(49.0, 36.08333333333333)	(50.0, 273.33333333333366)	(51.0, 1163.500000000003)	(52.0, 1492.2499999999914)	(53.0, 1703.9999999999973)	(54.0, 2667.916666666669)	(55.0, 2301.5833333333335)	(56.0, 739.0833333333338)	(57.0, 367.2499999999999)	(58.0, 267.75000000000045)	(59.0, 450.6666666666624)	(60.0, 493.7499999999979)	(61.0, 227.08333333333337)	(62.0, 106.41666666666666)	(63.0, 43.75)	(64.0, 34.5)	(65.0, 25.75)	(66.0, 141.25)	(67.0, 235.0)	(68.0, 25.25)	(69.0, 3.0)	(70.0, 1.5)	(71.0, 0.25)	(72.0, 0.0)	(73.0, 0.0)	(74.0, 0.0)	(75.0, 0.0)	(76.0, 0.0)	(77.0, 0.0)	(78.0, 0.0)	(79.0, 0.0)	(80.0, 0.0)	(81.0, 0.0)	(82.0, 0.0)	(83.0, 0.0)	(84.0, 0.0)	(85.0, 0.0)	(86.0, 0.0)	(87.0, 0.0)	(88.0, 0.0)	(89.0, 0.0)	(90.0, 0.0)	(91.0, 0.0)	(92.0, 0.0)	(93.0, 0.0)	(94.0, 0.0)	(95.0, 0.0)	(96.0, 0.0)	(97.0, 0.0)	(98.0, 0.0)	(99.0, 0.0)	(100.0, 0.0)
532A0_S45_L001_R2_001	(0.0, 1.0)	(1.0, 0.5)	(2.0, 0.0)	(3.0, 0.0)	(4.0, 0.0)	(5.0, 0.0)	(6.0, 0.0)	(7.0, 0.0)	(8.0, 0.0)	(9.0, 0.0)	(10.0, 0.0)	(11.0, 0.0)	(12.0, 0.0)	(13.0, 0.0)	(14.0, 0.0)	(15.0, 0.0)	(16.0, 0.0)	(17.0, 0.0)	(18.0, 0.0)	(19.0, 0.0)	(20.0, 0.0)	(21.0, 0.0)	(22.0, 0.0)	(23.0, 0.0)	(24.0, 0.0)	(25.0, 0.0)	(26.0, 0.0)	(27.0, 0.0)	(28.0, 0.0)	(29.0, 0.0)	(30.0, 0.0)	(31.0, 0.25)	(32.0, 0.25)	(33.0, 0.0)	(34.0, 0.0)	(35.0, 0.0)	(36.0, 0.25)	(37.0, 0.0)	(38.0, 0.25)	(39.0, 0.75)	(40.0, 0.25)	(41.0, 0.25)	(42.0, 0.8333333333333333)	(43.0, 1.3333333333333333)	(44.0, 1.4166666666666665)	(45.0, 2.9166666666666665)	(46.0, 6.416666666666665)	(47.0, 23.249999999999996)	(48.0, 63.83333333333335)	(49.0, 70.08333333333334)	(50.0, 102.74999999999993)	(51.0, 374.4166666666663)	(52.0, 1458.7499999999961)	(53.0, 2637.583333333335)	(54.0, 2834.833333333335)	(55.0, 1960.249999999999)	(56.0, 737.1666666666667)	(57.0, 329.75)	(58.0, 531.7499999999999)	(59.0, 403.83333333333326)	(60.0, 157.33333333333331)	(61.0, 61.583333333333336)	(62.0, 39.08333333333333)	(63.0, 43.66666666666667)	(64.0, 56.25000000000001)	(65.0, 57.58333333333333)	(66.0, 78.33333333333334)	(67.0, 138.5)	(68.0, 170.5)	(69.0, 89.5)	(70.0, 29.75)	(71.0, 11.25)	(72.0, 5.0)	(73.0, 3.25)	(74.0, 2.0)	(75.0, 1.0)	(76.0, 1.25)	(77.0, 0.75)	(78.0, 0.75)	(79.0, 0.75)	(80.0, 1.0)	(81.0, 1.25)	(82.0, 0.5)	(83.0, 1.0)	(84.0, 0.25)	(85.0, 0.75)	(86.0, 0.5)	(87.0, 0.25)	(88.0, 0.25)	(89.0, 0.0)	(90.0, 0.0)	(91.0, 0.25)	(92.0, 0.25)	(93.0, 0.0)	(94.0, 0.0)	(95.0, 0.25)	(96.0, 0.25)	(97.0, 0.0)	(98.0, 0.0)	(99.0, 0.0)	(100.0, 0.0)
532A14_S46_L001_R1_001	(0.0, 4.0)	(1.0, 2.0)	(2.0, 0.0)	(3.0, 0.0)	(4.0, 0.0)	(5.0, 0.0)	(6.0, 0.0)	(7.0, 0.0)	(8.0, 0.0)	(9.0, 0.0)	(10.0, 0.0)	(11.0, 0.0)	(12.0, 0.0)	(13.0, 0.0)	(14.0, 0.0)	(15.0, 0.0)	(16.0, 0.0)	(17.0, 0.0)	(18.0, 0.0)	(19.0, 0.0)	(20.0, 0.0)	(21.0, 0.0)	(22.0, 0.0)	(23.0, 0.0)	(24.0, 0.0)	(25.0, 0.0)	(26.0, 0.0)	(27.0, 0.0)	(28.0, 0.0)	(29.0, 0.0)	(30.0, 0.0)	(31.0, 0.0)	(32.0, 0.0)	(33.0, 0.0)	(34.0, 0.0)	(35.0, 0.0)	(36.0, 0.0)	(37.0, 0.0)	(38.0, 0.0)	(39.0, 0.0)	(40.0, 0.0)	(41.0, 0.25)	(42.0, 0.25)	(43.0, 0.5)	(44.0, 0.75)	(45.0, 2.0)	(46.0, 9.583333333333332)	(47.0, 57.83333333333333)	(48.0, 87.66666666666667)	(49.0, 125.74999999999997)	(50.0, 310.74999999999994)	(51.0, 1134.4166666666702)	(52.0, 1469.9166666666615)	(53.0, 1762.7499999999984)	(54.0, 2641.250000000001)	(55.0, 2315.3333333333326)	(56.0, 766.5000000000005)	(57.0, 496.3333333333326)	(58.0, 590.583333333332)	(59.0, 1548.2499999999588)	(60.0, 1448.5833333333185)	(61.0, 439.3333333333328)	(62.0, 131.66666666666663)	(63.0, 79.25)	(64.0, 52.5)	(65.0, 29.75)	(66.0, 113.75)	(67.0, 201.25)	(68.0, 28.75)	(69.0, 3.8333333333333335)	(70.0, 2.0)	(71.0, 0.5)	(72.0, 0.0)	(73.0, 0.0)	(74.0, 0.25)	(75.0, 0.5)	(76.0, 0.0)	(77.0, 0.0)	(78.0, 0.0)	(79.0, 0.0)	(80.0, 0.0)	(81.0, 0.0)	(82.0, 0.0)	(83.0, 0.0)	(84.0, 0.0)	(85.0, 0.0)	(86.0, 0.0)	(87.0, 0.25)	(88.0, 0.0)	(89.0, 0.0)	(90.0, 0.0)	(91.0, 0.0)	(92.0, 0.0)	(93.0, 0.0)	(94.0, 0.0)	(95.0, 0.0)	(96.0, 0.0)	(97.0, 0.0)	(98.0, 0.0)	(99.0, 0.0)	(100.0, 0.0)
532A14_S46_L001_R2_001	(0.0, 4.0)	(1.0, 2.0)	(2.0, 0.0)	(3.0, 0.0)	(4.0, 0.0)	(5.0, 0.0)	(6.0, 0.0)	(7.0, 0.0)	(8.0, 0.0)	(9.0, 0.0)	(10.0, 0.0)	(11.0, 0.0)	(12.0, 0.0)	(13.0, 0.0)	(14.0, 0.0)	(15.0, 0.0)	(16.0, 0.0)	(17.0, 0.0)	(18.0, 0.0)	(19.0, 0.0)	(20.0, 0.0)	(21.0, 0.0)	(22.0, 0.0)	(23.0, 0.0)	(24.0, 0.0)	(25.0, 0.0)	(26.0, 0.0)	(27.0, 0.0)	(28.0, 0.0)	(29.0, 0.0)	(30.0, 0.0)	(31.0, 0.0)	(32.0, 0.0)	(33.0, 0.0)	(34.0, 0.25)	(35.0, 0.25)	(36.0, 0.25)	(37.0, 0.25)	(38.0, 0.5)	(39.0, 0.5)	(40.0, 0.25)	(41.0, 0.5)	(42.0, 1.3333333333333333)	(43.0, 0.8333333333333333)	(44.0, 4.166666666666666)	(45.0, 4.166666666666666)	(46.0, 11.166666666666668)	(47.0, 68.50000000000001)	(48.0, 145.83333333333331)	(49.0, 117.9166666666666)	(50.0, 180.5000000000002)	(51.0, 568.5833333333322)	(52.0, 1703.5833333333267)	(53.0, 2475.9999999999986)	(54.0, 2637.4166666666656)	(55.0, 2001.6666666666658)	(56.0, 751.5000000000002)	(57.0, 586.7499999999998)	(58.0, 1481.9166666666658)	(59.0, 1155.0000000000007)	(60.0, 410.1666666666666)	(61.0, 139.58333333333331)	(62.0, 76.25)	(63.0, 72.41666666666666)	(64.0, 83.41666666666667)	(65.0, 58.74999999999999)	(66.0, 58.666666666666664)	(67.0, 113.58333333333333)	(68.0, 149.5)	(69.0, 88.75)	(70.0, 29.5)	(71.0, 13.5)	(72.0, 7.25)	(73.0, 6.5)	(74.0, 4.0)	(75.0, 3.0)	(76.0, 2.75)	(77.0, 1.5)	(78.0, 1.25)	(79.0, 1.0)	(80.0, 0.75)	(81.0, 0.75)	(82.0, 1.25)	(83.0, 0.75)	(84.0, 1.0)	(85.0, 1.0)	(86.0, 0.5)	(87.0, 0.5)	(88.0, 0.0)	(89.0, 0.25)	(90.0, 0.25)	(91.0, 0.0)	(92.0, 0.25)	(93.0, 0.0)	(94.0, 0.25)	(95.0, 0.25)	(96.0, 0.0)	(97.0, 0.0)	(98.0, 0.0)	(99.0, 0.25)	(100.0, 0.0)
532B0_S47_L001_R1_001	(0.0, 0.0)	(1.0, 0.0)	(2.0, 0.0)	(3.0, 0.0)	(4.0, 0.0)	(5.0, 0.0)	(6.0, 0.0)	(7.0, 0.0)	(8.0, 0.0)	(9.0, 0.0)	(10.0, 0.0)	(11.0, 0.0)	(12.0, 0.0)	(13.0, 0.0)	(14.0, 0.0)	(15.0, 0.0)	(16.0, 0.0)	(17.0, 0.0)	(18.0, 0.0)	(19.0, 0.0)	(20.0, 0.0)	(21.0, 0.0)	(22.0, 0.0)	(23.0, 0.0)	(24.0, 0.0)	(25.0, 0.0)	(26.0, 0.0)	(27.0, 0.0)	(28.0, 0.0)	(29.0, 0.0)	(30.0, 0.0)	(31.0, 0.0)	(32.0, 0.0)	(33.0, 0.0)	(34.0, 0.0)	(35.0, 0.0)	(36.0, 0.0)	(37.0, 0.0)	(38.0, 0.0)	(39.0, 0.0)	(40.0, 0.25)	(41.0, 0.0)	(42.0, 0.25)	(43.0, 0.25)	(44.0, 0.5)	(45.0, 3.5)	(46.0, 14.833333333333334)	(47.0, 102.66666666666667)	(48.0, 176.41666666666666)	(49.0, 225.83333333333331)	(50.0, 443.58333333333263)	(51.0, 1674.8333333333192)	(52.0, 2194.083333333321)	(53.0, 2009.916666666662)	(54.0, 3259.9166666666724)	(55.0, 2991.0833333333358)	(56.0, 1053.1666666666677)	(57.0, 538.7499999999992)	(58.0, 409.6666666666648)	(59.0, 587.333333333331)	(60.0, 727.7500000000026)	(61.0, 316.4166666666667)	(62.0, 106.58333333333333)	(63.0, 52.08333333333333)	(64.0, 40.75)	(65.0, 26.0)	(66.0, 128.5)	(67.0, 211.5)	(68.0, 17.75)	(69.0, 1.75)	(70.0, 1.0)	(71.0, 0.0)	(72.0, 0.0)	(73.0, 0.0)	(74.0, 0.0)	(75.0, 0.0)	(76.0, 0.0)	(77.0, 0.0)	(78.0, 0.0)	(79.0, 0.0)	(80.0, 0.0)	(81.0, 0.0)	(82.0, 0.0)	(83.0, 0.0)	(84.0, 0.0)	(85.0, 0.0)	(86.0, 0.0)	(87.0, 0.0)	(88.0, 0.0)	(89.0, 0.0)	(90.0, 0.0)	(91.0, 0.0)	(92.0, 0.0)	(93.0, 0.25)	(94.0, 0.0)	(95.0, 0.0)	(96.0, 0.0)	(97.0, 0.0)	(98.0, 0.0)	(99.0, 0.0)	(100.0, 0.0)
532B0_S47_L001_R2_001	(0.0, 0.0)	(1.0, 0.0)	(2.0, 0.0)	(3.0, 0.0)	(4.0, 0.0)	(5.0, 0.0)	(6.0, 0.0)	(7.0, 0.0)	(8.0, 0.0)	(9.0, 0.0)	(10.0, 0.0)	(11.0, 0.0)	(12.0, 0.0)	(13.0, 0.0)	(14.0, 0.0)	(15.0, 0.0)	(16.0, 0.0)	(17.0, 0.0)	(18.0, 0.0)	(19.0, 0.0)	(20.0, 0.0)	(21.0, 0.0)	(22.0, 0.0)	(23.0, 0.0)	(24.0, 0.0)	(25.0, 0.0)	(26.0, 0.0)	(27.0, 0.0)	(28.0, 0.0)	(29.0, 0.0)	(30.0, 0.25)	(31.0, 0.0)	(32.0, 0.0)	(33.0, 0.25)	(34.0, 0.25)	(35.0, 0.0)	(36.0, 0.0)	(37.0, 0.25)	(38.0, 0.25)	(39.0, 0.25)	(40.0, 0.25)	(41.0, 1.0833333333333333)	(42.0, 0.5)	(43.0, 1.75)	(44.0, 2.0)	(45.0, 6.749999999999999)	(46.0, 24.49999999999999)	(47.0, 126.5833333333333)	(48.0, 276.58333333333337)	(49.0, 219.16666666666677)	(50.0, 247.25000000000026)	(51.0, 584.0833333333326)	(52.0, 2091.4166666666533)	(53.0, 3268.833333333345)	(54.0, 3429.0833333333385)	(55.0, 2679.3333333333326)	(56.0, 1020.666666666667)	(57.0, 454.66666666666646)	(58.0, 741.2500000000003)	(59.0, 572.7499999999998)	(60.0, 217.08333333333334)	(61.0, 86.74999999999999)	(62.0, 56.75)	(63.0, 52.333333333333336)	(64.0, 61.75)	(65.0, 64.25)	(66.0, 76.91666666666666)	(67.0, 144.66666666666666)	(68.0, 160.58333333333331)	(69.0, 71.0)	(70.0, 24.25)	(71.0, 7.75)	(72.0, 5.0)	(73.0, 3.5)	(74.0, 3.75)	(75.0, 5.25)	(76.0, 2.75)	(77.0, 1.0)	(78.0, 1.25)	(79.0, 2.0)	(80.0, 1.5)	(81.0, 1.25)	(82.0, 0.5)	(83.0, 0.25)	(84.0, 0.25)	(85.0, 0.0)	(86.0, 0.0)	(87.0, 0.25)	(88.0, 0.25)	(89.0, 0.25)	(90.0, 0.25)	(91.0, 0.0)	(92.0, 0.0)	(93.0, 0.0)	(94.0, 0.0)	(95.0, 0.25)	(96.0, 0.5)	(97.0, 0.0)	(98.0, 0.0)	(99.0, 0.0)	(100.0, 0.0)
532B14_S48_L001_R1_001	(0.0, 1.0)	(1.0, 0.5)	(2.0, 0.0)	(3.0, 0.0)	(4.0, 0.0)	(5.0, 0.0)	(6.0, 0.0)	(7.0, 0.0)	(8.0, 0.0)	(9.0, 0.0)	(10.0, 0.0)	(11.0, 0.0)	(12.0, 0.0)	(13.0, 0.0)	(14.0, 0.0)	(15.0, 0.0)	(16.0, 0.0)	(17.0, 0.0)	(18.0, 0.0)	(19.0, 0.0)	(20.0, 0.0)	(21.0, 0.0)	(22.0, 0.0)	(23.0, 0.0)	(24.0, 0.0)	(25.0, 0.0)	(26.0, 0.0)	(27.0, 0.0)	(28.0, 0.0)	(29.0, 0.0)	(30.0, 0.0)	(31.0, 0.0)	(32.0, 0.0)	(33.0, 0.0)	(34.0, 0.0)	(35.0, 0.0)	(36.0, 0.0)	(37.0, 0.0)	(38.0, 0.0)	(39.0, 0.25)	(40.0, 1.6666666666666665)	(41.0, 1.0)	(42.0, 2.0)	(43.0, 2.583333333333333)	(44.0, 4.0)	(45.0, 4.583333333333334)	(46.0, 14.416666666666666)	(47.0, 101.41666666666667)	(48.0, 136.83333333333334)	(49.0, 137.24999999999997)	(50.0, 590.6666666666665)	(51.0, 2538.5000000000005)	(52.0, 2890.8333333333394)	(53.0, 3047.7500000000023)	(54.0, 4023.916666666673)	(55.0, 3315.16666666667)	(56.0, 1163.2500000000002)	(57.0, 551.2499999999997)	(58.0, 464.3333333333296)	(59.0, 936.8333333333594)	(60.0, 796.333333333342)	(61.0, 270.8333333333336)	(62.0, 111.99999999999997)	(63.0, 45.583333333333336)	(64.0, 38.75)	(65.0, 21.5)	(66.0, 121.0)	(67.0, 188.5)	(68.0, 21.0)	(69.0, 1.75)	(70.0, 0.25)	(71.0, 0.25)	(72.0, 0.0)	(73.0, 0.0)	(74.0, 0.0)	(75.0, 0.0)	(76.0, 0.0)	(77.0, 0.0)	(78.0, 0.0)	(79.0, 0.0)	(80.0, 0.0)	(81.0, 0.0)	(82.0, 0.0)	(83.0, 0.0)	(84.0, 0.0)	(85.0, 0.0)	(86.0, 0.0)	(87.0, 0.0)	(88.0, 0.0)	(89.0, 0.0)	(90.0, 0.0)	(91.0, 0.0)	(92.0, 0.0)	(93.0, 0.0)	(94.0, 0.0)	(95.0, 0.0)	(96.0, 0.0)	(97.0, 0.0)	(98.0, 0.0)	(99.0, 0.0)	(100.0, 0.0)
532B14_S48_L001_R2_001	(0.0, 1.0)	(1.0, 0.5)	(2.0, 0.0)	(3.0, 0.0)	(4.0, 0.0)	(5.0, 0.0)	(6.0, 0.0)	(7.0, 0.0)	(8.0, 0.0)	(9.0, 0.0)	(10.0, 0.0)	(11.0, 0.0)	(12.0, 0.0)	(13.0, 0.0)	(14.0, 0.0)	(15.0, 0.0)	(16.0, 0.0)	(17.0, 0.0)	(18.0, 0.0)	(19.0, 0.0)	(20.0, 0.0)	(21.0, 0.0)	(22.0, 0.0)	(23.0, 0.0)	(24.0, 0.0)	(25.0, 0.0)	(26.0, 0.0)	(27.0, 0.0)	(28.0, 0.0)	(29.0, 0.25)	(30.0, 0.0)	(31.0, 0.0)	(32.0, 0.0)	(33.0, 0.25)	(34.0, 0.25)	(35.0, 0.0)	(36.0, 0.5)	(37.0, 0.0)	(38.0, 0.25)	(39.0, 1.3333333333333333)	(40.0, 1.4166666666666665)	(41.0, 1.5)	(42.0, 2.833333333333333)	(43.0, 4.333333333333334)	(44.0, 6.749999999999999)	(45.0, 10.41666666666667)	(46.0, 21.999999999999996)	(47.0, 81.16666666666664)	(48.0, 205.91666666666677)	(49.0, 205.5000000000001)	(50.0, 276.58333333333366)	(51.0, 823.3333333333361)	(52.0, 3000.833333333346)	(53.0, 4700.833333333341)	(54.0, 4408.08333333334)	(55.0, 3124.833333333334)	(56.0, 1158.2500000000002)	(57.0, 563.1666666666666)	(58.0, 859.2500000000001)	(59.0, 585.8333333333333)	(60.0, 224.75000000000003)	(61.0, 97.58333333333333)	(62.0, 60.50000000000001)	(63.0, 62.75)	(64.0, 68.83333333333333)	(65.0, 64.83333333333334)	(66.0, 67.41666666666667)	(67.0, 122.83333333333333)	(68.0, 139.75)	(69.0, 69.75)	(70.0, 25.5)	(71.0, 10.5)	(72.0, 4.5)	(73.0, 3.0)	(74.0, 1.75)	(75.0, 2.5)	(76.0, 1.25)	(77.0, 1.25)	(78.0, 1.75)	(79.0, 0.75)	(80.0, 0.25)	(81.0, 0.75)	(82.0, 1.0)	(83.0, 1.0)	(84.0, 1.75)	(85.0, 0.75)	(86.0, 0.0)	(87.0, 0.0)	(88.0, 0.5)	(89.0, 0.0)	(90.0, 0.0)	(91.0, 0.0)	(92.0, 0.0)	(93.0, 0.25)	(94.0, 0.0)	(95.0, 0.25)	(96.0, 0.0)	(97.0, 0.25)	(98.0, 0.5)	(99.0, 0.0)	(100.0, 0.3333333333333333)
550A0_S65_L001_R1_001	(0.0, 0.0)	(1.0, 0.0)	(2.0, 0.0)	(3.0, 0.0)	(4.0, 0.0)	(5.0, 0.0)	(6.0, 0.0)	(7.0, 0.0)	(8.0, 0.0)	(9.0, 0.0)	(10.0, 0.0)	(11.0, 0.0)	(12.0, 0.0)	(13.0, 0.0)	(14.0, 0.0)	(15.0, 0.0)	(16.0, 0.0)	(17.0, 0.0)	(18.0, 0.0)	(19.0, 0.0)	(20.0, 0.0)	(21.0, 0.0)	(22.0, 0.0)	(23.0, 0.0)	(24.0, 0.0)	(25.0, 0.0)	(26.0, 0.0)	(27.0, 0.0)	(28.0, 0.0)	(29.0, 0.0)	(30.0, 0.0)	(31.0, 0.0)	(32.0, 0.0)	(33.0, 0.0)	(34.0, 0.0)	(35.0, 0.0)	(36.0, 0.0)	(37.0, 0.0)	(38.0, 0.0)	(39.0, 0.5)	(40.0, 1.25)	(41.0, 1.0)	(42.0, 1.25)	(43.0, 0.75)	(44.0, 0.0)	(45.0, 0.25)	(46.0, 1.25)	(47.0, 9.25)	(48.0, 15.583333333333334)	(49.0, 38.08333333333333)	(50.0, 155.91666666666669)	(51.0, 844.0833333333335)	(52.0, 1476.4166666666658)	(53.0, 1134.8333333333335)	(54.0, 1242.6666666666665)	(55.0, 1038.8333333333335)	(56.0, 704.9166666666667)	(57.0, 727.3333333333331)	(58.0, 540.9999999999992)	(59.0, 123.08333333333296)	(60.0, 36.583333333333336)	(61.0, 17.166666666666664)	(62.0, 10.25)	(63.0, 4.5)	(64.0, 2.25)	(65.0, 1.5)	(66.0, 6.5)	(67.0, 10.75)	(68.0, 1.0)	(69.0, 0.25)	(70.0, 0.0)	(71.0, 0.0)	(72.0, 0.0)	(73.0, 0.0)	(74.0, 0.0)	(75.0, 0.0)	(76.0, 0.0)	(77.0, 0.0)	(78.0, 0.0)	(79.0, 0.0)	(80.0, 0.0)	(81.0, 0.0)	(82.0, 0.0)	(83.0, 0.0)	(84.0, 0.0)	(85.0, 0.0)	(86.0, 0.0)	(87.0, 0.3333333333333333)	(88.0, 0.3333333333333333)	(89.0, 0.0)	(90.0, 0.0)	(91.0, 0.0)	(92.0, 0.0)	(93.0, 0.0)	(94.0, 0.0)	(95.0, 0.0)	(96.0, 0.0)	(97.0, 0.0)	(98.0, 0.0)	(99.0, 0.0)	(100.0, 0.0)
550A0_S65_L001_R2_001	(0.0, 0.0)	(1.0, 0.0)	(2.0, 0.0)	(3.0, 0.0)	(4.0, 0.0)	(5.0, 0.0)	(6.0, 0.0)	(7.0, 0.0)	(8.0, 0.0)	(9.0, 0.0)	(10.0, 0.0)	(11.0, 0.0)	(12.0, 0.0)	(13.0, 0.0)	(14.0, 0.0)	(15.0, 0.0)	(16.0, 0.0)	(17.0, 0.0)	(18.0, 0.0)	(19.0, 0.0)	(20.0, 0.0)	(21.0, 0.0)	(22.0, 0.0)	(23.0, 0.0)	(24.0, 0.0)	(25.0, 0.0)	(26.0, 0.0)	(27.0, 0.0)	(28.0, 0.0)	(29.0, 0.25)	(30.0, 0.0)	(31.0, 0.0)	(32.0, 0.0)	(33.0, 0.0)	(34.0, 0.0)	(35.0, 0.0)	(36.0, 0.25)	(37.0, 0.0)	(38.0, 0.0)	(39.0, 0.5)	(40.0, 1.5)	(41.0, 1.8333333333333333)	(42.0, 1.8333333333333333)	(43.0, 1.3333333333333333)	(44.0, 1.75)	(45.0, 3.3333333333333335)	(46.0, 4.583333333333334)	(47.0, 13.833333333333334)	(48.0, 32.66666666666666)	(49.0, 49.83333333333336)	(50.0, 113.24999999999989)	(51.0, 369.58333333333303)	(52.0, 1235.5833333333333)	(53.0, 1928.9166666666615)	(54.0, 1496.1666666666658)	(55.0, 968.0833333333344)	(56.0, 829.416666666667)	(57.0, 643.25)	(58.0, 172.58333333333331)	(59.0, 52.5)	(60.0, 21.083333333333336)	(61.0, 16.166666666666668)	(62.0, 9.5)	(63.0, 8.5)	(64.0, 8.5)	(65.0, 6.083333333333333)	(66.0, 6.083333333333333)	(67.0, 9.083333333333334)	(68.0, 8.0)	(69.0, 5.25)	(70.0, 3.5)	(71.0, 1.0833333333333333)	(72.0, 0.8333333333333333)	(73.0, 0.5)	(74.0, 0.5)	(75.0, 0.5)	(76.0, 0.5)	(77.0, 0.0)	(78.0, 0.0)	(79.0, 0.5)	(80.0, 0.25)	(81.0, 1.0)	(82.0, 0.25)	(83.0, 0.25)	(84.0, 0.0)	(85.0, 0.25)	(86.0, 0.5)	(87.0, 0.0)	(88.0, 0.0)	(89.0, 0.0)	(90.0, 0.0)	(91.0, 0.25)	(92.0, 0.25)	(93.0, 0.0)	(94.0, 0.0)	(95.0, 0.0)	(96.0, 0.0)	(97.0, 0.0)	(98.0, 0.0)	(99.0, 0.0)	(100.0, 0.3333333333333333)
550A14_S66_L001_R1_001	(0.0, 2.0)	(1.0, 1.0)	(2.0, 0.0)	(3.0, 0.0)	(4.0, 0.0)	(5.0, 0.0)	(6.0, 0.0)	(7.0, 0.0)	(8.0, 0.0)	(9.0, 0.0)	(10.0, 0.0)	(11.0, 0.0)	(12.0, 0.0)	(13.0, 0.0)	(14.0, 0.0)	(15.0, 0.0)	(16.0, 0.0)	(17.0, 0.0)	(18.0, 0.0)	(19.0, 0.0)	(20.0, 0.0)	(21.0, 0.0)	(22.0, 0.0)	(23.0, 0.0)	(24.0, 0.0)	(25.0, 0.0)	(26.0, 0.0)	(27.0, 0.0)	(28.0, 0.0)	(29.0, 0.0)	(30.0, 0.0)	(31.0, 0.0)	(32.0, 0.0)	(33.0, 0.0)	(34.0, 0.0)	(35.0, 0.0)	(36.0, 0.0)	(37.0, 0.0)	(38.0, 0.0)	(39.0, 0.0)	(40.0, 0.0)	(41.0, 0.0)	(42.0, 1.0)	(43.0, 1.25)	(44.0, 0.5)	(45.0, 0.5)	(46.0, 2.5)	(47.0, 9.0)	(48.0, 22.25)	(49.0, 58.75000000000001)	(50.0, 165.16666666666663)	(51.0, 915.6666666666672)	(52.0, 1577.4999999999973)	(53.0, 1203.5)	(54.0, 1436.416666666667)	(55.0, 1170.2500000000002)	(56.0, 680.4166666666666)	(57.0, 548.75)	(58.0, 361.33333333333263)	(59.0, 117.41666666666627)	(60.0, 32.749999999999986)	(61.0, 20.916666666666664)	(62.0, 16.083333333333336)	(63.0, 9.25)	(64.0, 4.75)	(65.0, 3.0)	(66.0, 10.75)	(67.0, 19.25)	(68.0, 2.25)	(69.0, 1.25)	(70.0, 1.0)	(71.0, 0.0)	(72.0, 0.0)	(73.0, 0.0)	(74.0, 0.0)	(75.0, 0.0)	(76.0, 0.0)	(77.0, 0.0)	(78.0, 0.25)	(79.0, 0.0)	(80.0, 0.0)	(81.0, 0.0)	(82.0, 0.0)	(83.0, 0.0)	(84.0, 0.0)	(85.0, 0.0)	(86.0, 0.0)	(87.0, 0.0)	(88.0, 0.0)	(89.0, 0.0)	(90.0, 0.0)	(91.0, 0.0)	(92.0, 0.0)	(93.0, 0.0)	(94.0, 0.0)	(95.0, 0.0)	(96.0, 0.0)	(97.0, 0.0)	(98.0, 0.0)	(99.0, 0.0)	(100.0, 0.0)
550A14_S66_L001_R2_001	(0.0, 2.0)	(1.0, 1.0)	(2.0, 0.0)	(3.0, 0.0)	(4.0, 0.0)	(5.0, 0.0)	(6.0, 0.0)	(7.0, 0.0)	(8.0, 0.0)	(9.0, 0.0)	(10.0, 0.0)	(11.0, 0.0)	(12.0, 0.0)	(13.0, 0.0)	(14.0, 0.0)	(15.0, 0.0)	(16.0, 0.0)	(17.0, 0.0)	(18.0, 0.0)	(19.0, 0.0)	(20.0, 0.0)	(21.0, 0.0)	(22.0, 0.0)	(23.0, 0.0)	(24.0, 0.0)	(25.0, 0.0)	(26.0, 0.0)	(27.0, 0.0)	(28.0, 0.0)	(29.0, 0.0)	(30.0, 0.0)	(31.0, 0.0)	(32.0, 0.0)	(33.0, 0.0)	(34.0, 0.0)	(35.0, 0.3333333333333333)	(36.0, 0.0)	(37.0, 0.0)	(38.0, 0.0)	(39.0, 0.0)	(40.0, 0.0)	(41.0, 1.0)	(42.0, 0.25)	(43.0, 1.0833333333333333)	(44.0, 2.6666666666666665)	(45.0, 2.4166666666666665)	(46.0, 5.416666666666666)	(47.0, 17.5)	(48.0, 48.666666666666664)	(49.0, 69.58333333333336)	(50.0, 119.08333333333326)	(51.0, 349.9999999999998)	(52.0, 1241.916666666667)	(53.0, 1998.666666666662)	(54.0, 1702.499999999997)	(55.0, 1130.916666666667)	(56.0, 743.1666666666667)	(57.0, 487.74999999999994)	(58.0, 149.25)	(59.0, 51.5)	(60.0, 21.666666666666664)	(61.0, 13.25)	(62.0, 11.416666666666666)	(63.0, 14.916666666666666)	(64.0, 13.5)	(65.0, 8.5)	(66.0, 9.083333333333334)	(67.0, 17.5)	(68.0, 17.25)	(69.0, 11.75)	(70.0, 4.75)	(71.0, 2.5)	(72.0, 1.75)	(73.0, 1.25)	(74.0, 1.0)	(75.0, 0.75)	(76.0, 0.25)	(77.0, 0.25)	(78.0, 0.75)	(79.0, 0.75)	(80.0, 0.5)	(81.0, 0.5)	(82.0, 0.5)	(83.0, 0.0)	(84.0, 0.0)	(85.0, 0.25)	(86.0, 0.0)	(87.0, 0.75)	(88.0, 0.5)	(89.0, 0.25)	(90.0, 0.5)	(91.0, 0.25)	(92.0, 0.0)	(93.0, 0.0)	(94.0, 0.0)	(95.0, 0.0)	(96.0, 0.0)	(97.0, 0.0)	(98.0, 0.0)	(99.0, 0.0)	(100.0, 0.0)
550B0_S67_L001_R1_001	(0.0, 0.0)	(1.0, 0.0)	(2.0, 0.0)	(3.0, 0.0)	(4.0, 0.0)	(5.0, 0.0)	(6.0, 0.0)	(7.0, 0.0)	(8.0, 0.0)	(9.0, 0.0)	(10.0, 0.0)	(11.0, 0.0)	(12.0, 0.0)	(13.0, 0.0)	(14.0, 0.0)	(15.0, 0.0)	(16.0, 0.0)	(17.0, 0.0)	(18.0, 0.0)	(19.0, 0.0)	(20.0, 0.0)	(21.0, 0.0)	(22.0, 0.0)	(23.0, 0.0)	(24.0, 0.0)	(25.0, 0.0)	(26.0, 0.0)	(27.0, 0.0)	(28.0, 0.0)	(29.0, 0.0)	(30.0, 0.0)	(31.0, 0.0)	(32.0, 0.0)	(33.0, 0.0)	(34.0, 0.0)	(35.0, 0.0)	(36.0, 0.0)	(37.0, 0.0)	(38.0, 0.0)	(39.0, 0.25)	(40.0, 0.0)	(41.0, 0.0)	(42.0, 0.0)	(43.0, 0.5)	(44.0, 0.75)	(45.0, 0.75)	(46.0, 0.75)	(47.0, 12.5)	(48.0, 23.75)	(49.0, 53.583333333333336)	(50.0, 192.16666666666669)	(51.0, 988.2500000000003)	(52.0, 1685.4999999999975)	(53.0, 1355.3333333333337)	(54.0, 1373.0)	(55.0, 1095.0000000000002)	(56.0, 660.6666666666666)	(57.0, 561.9166666666664)	(58.0, 384.3333333333325)	(59.0, 154.99999999999997)	(60.0, 45.41666666666669)	(61.0, 22.916666666666664)	(62.0, 17.166666666666668)	(63.0, 8.25)	(64.0, 4.0)	(65.0, 3.5)	(66.0, 11.5)	(67.0, 18.75)	(68.0, 0.75)	(69.0, 0.75)	(70.0, 1.0)	(71.0, 0.25)	(72.0, 0.25)	(73.0, 0.0)	(74.0, 0.0)	(75.0, 0.0)	(76.0, 0.0)	(77.0, 0.0)	(78.0, 0.0)	(79.0, 0.0)	(80.0, 0.0)	(81.0, 0.0)	(82.0, 0.0)	(83.0, 0.0)	(84.0, 0.0)	(85.0, 0.0)	(86.0, 0.0)	(87.0, 0.0)	(88.0, 0.0)	(89.0, 0.0)	(90.0, 0.0)	(91.0, 0.0)	(92.0, 0.0)	(93.0, 0.0)	(94.0, 0.0)	(95.0, 0.0)	(96.0, 0.0)	(97.0, 0.0)	(98.0, 0.0)	(99.0, 0.0)	(100.0, 0.0)
550B0_S67_L001_R2_001	(0.0, 0.0)	(1.0, 0.0)	(2.0, 0.0)	(3.0, 0.0)	(4.0, 0.0)	(5.0, 0.0)	(6.0, 0.0)	(7.0, 0.0)	(8.0, 0.0)	(9.0, 0.0)	(10.0, 0.0)	(11.0, 0.0)	(12.0, 0.0)	(13.0, 0.0)	(14.0, 0.0)	(15.0, 0.0)	(16.0, 0.0)	(17.0, 0.0)	(18.0, 0.0)	(19.0, 0.0)	(20.0, 0.0)	(21.0, 0.0)	(22.0, 0.0)	(23.0, 0.0)	(24.0, 0.0)	(25.0, 0.0)	(26.0, 0.0)	(27.0, 0.0)	(28.0, 0.0)	(29.0, 0.0)	(30.0, 0.0)	(31.0, 0.0)	(32.0, 0.5)	(33.0, 0.0)	(34.0, 0.0)	(35.0, 0.3333333333333333)	(36.0, 0.3333333333333333)	(37.0, 0.0)	(38.0, 0.0)	(39.0, 0.0)	(40.0, 0.5833333333333333)	(41.0, 0.3333333333333333)	(42.0, 1.0)	(43.0, 2.5)	(44.0, 2.25)	(45.0, 2.5)	(46.0, 6.416666666666666)	(47.0, 18.916666666666668)	(48.0, 45.75)	(49.0, 69.24999999999999)	(50.0, 134.9166666666666)	(51.0, 410.2499999999993)	(52.0, 1284.666666666666)	(53.0, 2197.9999999999955)	(54.0, 1912.0833333333314)	(55.0, 1133.8333333333337)	(56.0, 649.1666666666665)	(57.0, 409.7499999999999)	(58.0, 134.33333333333334)	(59.0, 44.58333333333333)	(60.0, 21.416666666666668)	(61.0, 14.5)	(62.0, 12.166666666666668)	(63.0, 11.0)	(64.0, 13.5)	(65.0, 16.0)	(66.0, 11.25)	(67.0, 14.75)	(68.0, 13.0)	(69.0, 8.75)	(70.0, 2.5)	(71.0, 1.0)	(72.0, 1.75)	(73.0, 0.75)	(74.0, 0.5)	(75.0, 0.75)	(76.0, 0.0)	(77.0, 0.0)	(78.0, 0.25)	(79.0, 0.25)	(80.0, 0.0)	(81.0, 0.25)	(82.0, 0.25)	(83.0, 0.0)	(84.0, 0.5)	(85.0, 0.25)	(86.0, 0.25)	(87.0, 0.25)	(88.0, 0.0)	(89.0, 0.0)	(90.0, 0.0)	(91.0, 0.0)	(92.0, 0.25)	(93.0, 0.25)	(94.0, 0.25)	(95.0, 0.25)	(96.0, 0.0)	(97.0, 0.0)	(98.0, 0.0)	(99.0, 0.0)	(100.0, 0.3333333333333333)
550B14_S68_L001_R1_001	(0.0, 0.0)	(1.0, 0.0)	(2.0, 0.0)	(3.0, 0.0)	(4.0, 0.0)	(5.0, 0.0)	(6.0, 0.0)	(7.0, 0.0)	(8.0, 0.0)	(9.0, 0.0)	(10.0, 0.0)	(11.0, 0.0)	(12.0, 0.0)	(13.0, 0.0)	(14.0, 0.0)	(15.0, 0.0)	(16.0, 0.0)	(17.0, 0.0)	(18.0, 0.0)	(19.0, 0.0)	(20.0, 0.0)	(21.0, 0.0)	(22.0, 0.0)	(23.0, 0.0)	(24.0, 0.0)	(25.0, 0.0)	(26.0, 0.0)	(27.0, 0.0)	(28.0, 0.0)	(29.0, 0.0)	(30.0, 0.0)	(31.0, 0.0)	(32.0, 0.0)	(33.0, 0.0)	(34.0, 0.0)	(35.0, 0.0)	(36.0, 0.0)	(37.0, 0.0)	(38.0, 0.0)	(39.0, 0.5)	(40.0, 1.0)	(41.0, 0.5)	(42.0, 0.0)	(43.0, 0.25)	(44.0, 0.5833333333333333)	(45.0, 0.8333333333333333)	(46.0, 3.75)	(47.0, 28.5)	(48.0, 45.25)	(49.0, 83.83333333333334)	(50.0, 221.91666666666666)	(51.0, 868.6666666666673)	(52.0, 1821.5833333333298)	(53.0, 1346.083333333333)	(54.0, 1334.5833333333335)	(55.0, 998.4166666666674)	(56.0, 702.5000000000001)	(57.0, 476.1666666666666)	(58.0, 315.33333333333337)	(59.0, 121.49999999999964)	(60.0, 23.999999999999996)	(61.0, 11.666666666666668)	(62.0, 6.0)	(63.0, 2.5)	(64.0, 2.5)	(65.0, 1.25)	(66.0, 1.25)	(67.0, 3.0)	(68.0, 0.25)	(69.0, 0.0)	(70.0, 0.0)	(71.0, 0.5)	(72.0, 0.5)	(73.0, 0.0)	(74.0, 0.0)	(75.0, 0.0)	(76.0, 0.0)	(77.0, 0.0)	(78.0, 0.0)	(79.0, 0.0)	(80.0, 0.0)	(81.0, 0.0)	(82.0, 0.0)	(83.0, 0.0)	(84.0, 0.0)	(85.0, 0.0)	(86.0, 0.0)	(87.0, 0.0)	(88.0, 0.0)	(89.0, 0.0)	(90.0, 0.0)	(91.0, 0.0)	(92.0, 0.0)	(93.0, 0.0)	(94.0, 0.0)	(95.0, 0.0)	(96.0, 0.0)	(97.0, 0.0)	(98.0, 0.0)	(99.0, 0.0)	(100.0, 0.0)
550B14_S68_L001_R2_001	(0.0, 0.0)	(1.0, 0.0)	(2.0, 0.0)	(3.0, 0.0)	(4.0, 0.0)	(5.0, 0.0)	(6.0, 0.0)	(7.0, 0.0)	(8.0, 0.0)	(9.0, 0.0)	(10.0, 0.0)	(11.0, 0.0)	(12.0, 0.0)	(13.0, 0.0)	(14.0, 0.0)	(15.0, 0.0)	(16.0, 0.0)	(17.0, 0.0)	(18.0, 0.0)	(19.0, 0.0)	(20.0, 0.0)	(21.0, 0.0)	(22.0, 0.0)	(23.0, 0.0)	(24.0, 0.0)	(25.0, 0.0)	(26.0, 0.0)	(27.0, 0.0)	(28.0, 0.0)	(29.0, 0.0)	(30.0, 0.0)	(31.0, 0.0)	(32.0, 0.0)	(33.0, 0.0)	(34.0, 0.0)	(35.0, 0.25)	(36.0, 0.25)	(37.0, 0.0)	(38.0, 0.5)	(39.0, 1.0)	(40.0, 2.0)	(41.0, 1.25)	(42.0, 0.5)	(43.0, 1.9166666666666665)	(44.0, 3.3333333333333335)	(45.0, 4.833333333333333)	(46.0, 11.25)	(47.0, 35.41666666666667)	(48.0, 91.08333333333331)	(49.0, 151.66666666666663)	(50.0, 251.25000000000028)	(51.0, 767.1666666666674)	(52.0, 1553.4166666666624)	(53.0, 1886.1666666666608)	(54.0, 1471.166666666665)	(55.0, 924.3333333333339)	(56.0, 607.9166666666666)	(57.0, 389.4166666666667)	(58.0, 117.16666666666666)	(59.0, 35.75)	(60.0, 17.916666666666664)	(61.0, 11.416666666666666)	(62.0, 11.0)	(63.0, 11.083333333333332)	(64.0, 6.833333333333333)	(65.0, 4.75)	(66.0, 5.75)	(67.0, 4.5)	(68.0, 3.5)	(69.0, 2.5)	(70.0, 3.0)	(71.0, 1.75)	(72.0, 0.5)	(73.0, 0.5)	(74.0, 0.5)	(75.0, 0.25)	(76.0, 0.25)	(77.0, 0.25)	(78.0, 0.5)	(79.0, 0.0)	(80.0, 0.25)	(81.0, 0.25)	(82.0, 0.5)	(83.0, 0.25)	(84.0, 0.5)	(85.0, 0.75)	(86.0, 0.0)	(87.0, 0.0)	(88.0, 0.25)	(89.0, 0.0)	(90.0, 0.0)	(91.0, 0.0)	(92.0, 0.0)	(93.0, 0.25)	(94.0, 0.0)	(95.0, 0.0)	(96.0, 0.0)	(97.0, 0.0)	(98.0, 0.0)	(99.0, 0.0)	(100.0, 0.0)
551A0_S73_L001_R1_001	(0.0, 0.0)	(1.0, 0.0)	(2.0, 0.0)	(3.0, 0.0)	(4.0, 0.0)	(5.0, 0.0)	(6.0, 0.0)	(7.0, 0.0)	(8.0, 0.0)	(9.0, 0.0)	(10.0, 0.0)	(11.0, 0.0)	(12.0, 0.0)	(13.0, 0.0)	(14.0, 0.0)	(15.0, 0.0)	(16.0, 0.0)	(17.0, 0.0)	(18.0, 0.0)	(19.0, 0.0)	(20.0, 0.0)	(21.0, 0.0)	(22.0, 0.0)	(23.0, 0.0)	(24.0, 0.0)	(25.0, 0.0)	(26.0, 0.0)	(27.0, 0.0)	(28.0, 0.0)	(29.0, 0.0)	(30.0, 0.0)	(31.0, 0.0)	(32.0, 0.0)	(33.0, 0.0)	(34.0, 0.0)	(35.0, 0.0)	(36.0, 0.0)	(37.0, 0.0)	(38.0, 0.0)	(39.0, 0.0)	(40.0, 0.0)	(41.0, 0.0)	(42.0, 0.0)	(43.0, 0.25)	(44.0, 0.25)	(45.0, 1.5)	(46.0, 12.75)	(47.0, 77.0)	(48.0, 137.5)	(49.0, 189.33333333333334)	(50.0, 253.41666666666666)	(51.0, 736.1666666666667)	(52.0, 917.5000000000005)	(53.0, 1178.4166666666665)	(54.0, 1635.666666666666)	(55.0, 1743.9999999999975)	(56.0, 1162.7500000000002)	(57.0, 593.9166666666665)	(58.0, 428.99999999999864)	(59.0, 266.25000000000057)	(60.0, 172.91666666666666)	(61.0, 114.33333333333331)	(62.0, 58.16666666666667)	(63.0, 19.083333333333332)	(64.0, 14.25)	(65.0, 9.25)	(66.0, 58.25)	(67.0, 104.25)	(68.0, 14.25)	(69.0, 2.0)	(70.0, 1.3333333333333333)	(71.0, 0.25)	(72.0, 0.0)	(73.0, 0.0)	(74.0, 0.0)	(75.0, 0.25)	(76.0, 0.0)	(77.0, 0.0)	(78.0, 0.0)	(79.0, 0.0)	(80.0, 0.0)	(81.0, 0.0)	(82.0, 0.0)	(83.0, 0.0)	(84.0, 0.0)	(85.0, 0.0)	(86.0, 0.0)	(87.0, 0.0)	(88.0, 0.0)	(89.0, 0.0)	(90.0, 0.0)	(91.0, 0.0)	(92.0, 0.0)	(93.0, 0.0)	(94.0, 0.0)	(95.0, 0.0)	(96.0, 0.0)	(97.0, 0.0)	(98.0, 0.25)	(99.0, 0.0)	(100.0, 0.0)
551A0_S73_L001_R2_001	(0.0, 0.0)	(1.0, 0.0)	(2.0, 0.0)	(3.0, 0.0)	(4.0, 0.0)	(5.0, 0.0)	(6.0, 0.0)	(7.0, 0.0)	(8.0, 0.0)	(9.0, 0.0)	(10.0, 0.0)	(11.0, 0.0)	(12.0, 0.0)	(13.0, 0.0)	(14.0, 0.0)	(15.0, 0.0)	(16.0, 0.0)	(17.0, 0.0)	(18.0, 0.0)	(19.0, 0.0)	(20.0, 0.0)	(21.0, 0.0)	(22.0, 0.0)	(23.0, 0.0)	(24.0, 0.0)	(25.0, 0.0)	(26.0, 0.0)	(27.0, 0.0)	(28.0, 0.0)	(29.0, 0.0)	(30.0, 0.0)	(31.0, 0.0)	(32.0, 0.0)	(33.0, 0.0)	(34.0, 0.0)	(35.0, 0.0)	(36.0, 0.0)	(37.0, 0.0)	(38.0, 0.0)	(39.0, 0.0)	(40.0, 0.0)	(41.0, 0.0)	(42.0, 0.5)	(43.0, 0.8333333333333333)	(44.0, 1.5833333333333333)	(45.0, 2.75)	(46.0, 7.75)	(47.0, 46.58333333333335)	(48.0, 179.33333333333337)	(49.0, 243.41666666666677)	(50.0, 262.16666666666686)	(51.0, 417.49999999999955)	(52.0, 1070.7500000000027)	(53.0, 1800.0833333333253)	(54.0, 2072.416666666659)	(55.0, 1590.4999999999995)	(56.0, 910.25)	(57.0, 402.9999999999999)	(58.0, 278.00000000000006)	(59.0, 182.83333333333334)	(60.0, 85.83333333333333)	(61.0, 36.833333333333336)	(62.0, 20.166666666666668)	(63.0, 21.833333333333332)	(64.0, 25.333333333333336)	(65.0, 29.75)	(66.0, 29.666666666666668)	(67.0, 74.66666666666667)	(68.0, 87.0)	(69.0, 43.0)	(70.0, 13.0)	(71.0, 4.5)	(72.0, 3.75)	(73.0, 1.75)	(74.0, 2.0)	(75.0, 2.5)	(76.0, 1.0)	(77.0, 0.5)	(78.0, 0.75)	(79.0, 1.5)	(80.0, 0.75)	(81.0, 0.0)	(82.0, 0.25)	(83.0, 0.5)	(84.0, 0.75)	(85.0, 0.0)	(86.0, 0.0)	(87.0, 0.5)	(88.0, 0.5)	(89.0, 0.25)	(90.0, 0.0)	(91.0, 0.0)	(92.0, 0.0)	(93.0, 0.0)	(94.0, 0.0)	(95.0, 0.0)	(96.0, 0.0)	(97.0, 0.0)	(98.0, 0.5)	(99.0, 0.5)	(100.0, 0.3333333333333333)
551A14_S74_L001_R1_001	(0.0, 1.0)	(1.0, 0.5)	(2.0, 0.0)	(3.0, 0.0)	(4.0, 0.0)	(5.0, 0.0)	(6.0, 0.0)	(7.0, 0.0)	(8.0, 0.0)	(9.0, 0.0)	(10.0, 0.0)	(11.0, 0.0)	(12.0, 0.0)	(13.0, 0.0)	(14.0, 0.0)	(15.0, 0.0)	(16.0, 0.0)	(17.0, 0.0)	(18.0, 0.0)	(19.0, 0.0)	(20.0, 0.0)	(21.0, 0.0)	(22.0, 0.0)	(23.0, 0.0)	(24.0, 0.0)	(25.0, 0.0)	(26.0, 0.0)	(27.0, 0.0)	(28.0, 0.0)	(29.0, 0.0)	(30.0, 0.0)	(31.0, 0.0)	(32.0, 0.0)	(33.0, 0.0)	(34.0, 0.0)	(35.0, 0.0)	(36.0, 0.0)	(37.0, 0.0)	(38.0, 0.5833333333333333)	(39.0, 0.5833333333333333)	(40.0, 0.25)	(41.0, 0.75)	(42.0, 0.5)	(43.0, 0.5)	(44.0, 0.25)	(45.0, 1.25)	(46.0, 5.5)	(47.0, 37.75)	(48.0, 62.5)	(49.0, 136.0)	(50.0, 161.5)	(51.0, 429.08333333333326)	(52.0, 916.7500000000001)	(53.0, 1655.1666666666654)	(54.0, 2422.9999999999995)	(55.0, 2391.4999999999995)	(56.0, 677.5)	(57.0, 256.16666666666686)	(58.0, 264.8333333333336)	(59.0, 219.41666666666688)	(60.0, 137.5)	(61.0, 88.24999999999999)	(62.0, 72.00000000000001)	(63.0, 40.50000000000001)	(64.0, 21.5)	(65.0, 16.0)	(66.0, 82.75)	(67.0, 145.75)	(68.0, 21.0)	(69.0, 2.0)	(70.0, 0.0)	(71.0, 0.0)	(72.0, 0.0)	(73.0, 0.0)	(74.0, 0.0)	(75.0, 0.0)	(76.0, 0.0)	(77.0, 0.0)	(78.0, 0.0)	(79.0, 0.0)	(80.0, 0.0)	(81.0, 0.0)	(82.0, 0.0)	(83.0, 0.0)	(84.0, 0.0)	(85.0, 0.0)	(86.0, 0.0)	(87.0, 0.0)	(88.0, 0.0)	(89.0, 0.0)	(90.0, 0.0)	(91.0, 0.0)	(92.0, 0.0)	(93.0, 0.0)	(94.0, 0.0)	(95.0, 0.0)	(96.0, 0.0)	(97.0, 0.0)	(98.0, 0.0)	(99.0, 0.0)	(100.0, 0.0)
551A14_S74_L001_R2_001	(0.0, 1.0)	(1.0, 0.5)	(2.0, 0.0)	(3.0, 0.0)	(4.0, 0.0)	(5.0, 0.0)	(6.0, 0.0)	(7.0, 0.0)	(8.0, 0.0)	(9.0, 0.0)	(10.0, 0.0)	(11.0, 0.0)	(12.0, 0.0)	(13.0, 0.0)	(14.0, 0.0)	(15.0, 0.0)	(16.0, 0.0)	(17.0, 0.0)	(18.0, 0.0)	(19.0, 0.0)	(20.0, 0.0)	(21.0, 0.0)	(22.0, 0.0)	(23.0, 0.0)	(24.0, 0.0)	(25.0, 0.0)	(26.0, 0.0)	(27.0, 0.0)	(28.0, 0.0)	(29.0, 0.0)	(30.0, 0.25)	(31.0, 0.0)	(32.0, 0.0)	(33.0, 0.0)	(34.0, 0.0)	(35.0, 0.0)	(36.0, 0.5)	(37.0, 0.5)	(38.0, 0.75)	(39.0, 0.0)	(40.0, 0.75)	(41.0, 0.25)	(42.0, 0.0)	(43.0, 1.0)	(44.0, 1.75)	(45.0, 2.583333333333333)	(46.0, 4.833333333333334)	(47.0, 22.833333333333332)	(48.0, 99.74999999999999)	(49.0, 165.1666666666667)	(50.0, 227.4166666666669)	(51.0, 448.58333333333246)	(52.0, 1122.5833333333355)	(53.0, 2043.1666666666595)	(54.0, 2539.916666666666)	(55.0, 1509.7499999999998)	(56.0, 759.4166666666666)	(57.0, 303.6666666666667)	(58.0, 226.25000000000003)	(59.0, 154.91666666666669)	(60.0, 71.25)	(61.0, 44.833333333333336)	(62.0, 30.0)	(63.0, 31.749999999999996)	(64.0, 42.25000000000001)	(65.0, 45.166666666666664)	(66.0, 42.66666666666667)	(67.0, 74.91666666666667)	(68.0, 103.0)	(69.0, 75.75)	(70.0, 29.75)	(71.0, 10.0)	(72.0, 3.75)	(73.0, 1.75)	(74.0, 0.75)	(75.0, 1.0)	(76.0, 0.75)	(77.0, 0.5)	(78.0, 0.75)	(79.0, 0.5)	(80.0, 1.25)	(81.0, 0.5)	(82.0, 0.25)	(83.0, 0.5)	(84.0, 1.0)	(85.0, 1.0)	(86.0, 0.25)	(87.0, 0.0)	(88.0, 0.25)	(89.0, 0.25)	(90.0, 0.25)	(91.0, 0.5)	(92.0, 0.0)	(93.0, 0.0)	(94.0, 0.0)	(95.0, 0.0)	(96.0, 0.25)	(97.0, 0.0)	(98.0, 0.0)	(99.0, 0.0)	(100.0, 0.0)
551B0_S75_L001_R1_001	(0.0, 0.0)	(1.0, 0.0)	(2.0, 0.0)	(3.0, 0.0)	(4.0, 0.0)	(5.0, 0.0)	(6.0, 0.0)	(7.0, 0.0)	(8.0, 0.0)	(9.0, 0.0)	(10.0, 0.0)	(11.0, 0.0)	(12.0, 0.0)	(13.0, 0.0)	(14.0, 0.0)	(15.0, 0.0)	(16.0, 0.0)	(17.0, 0.0)	(18.0, 0.0)	(19.0, 0.0)	(20.0, 0.0)	(21.0, 0.0)	(22.0, 0.0)	(23.0, 0.0)	(24.0, 0.0)	(25.0, 0.0)	(26.0, 0.0)	(27.0, 0.0)	(28.0, 0.0)	(29.0, 0.0)	(30.0, 0.0)	(31.0, 0.0)	(32.0, 0.0)	(33.0, 0.0)	(34.0, 0.0)	(35.0, 0.0)	(36.0, 0.0)	(37.0, 0.0)	(38.0, 0.0)	(39.0, 0.0)	(40.0, 0.0)	(41.0, 1.0)	(42.0, 3.25)	(43.0, 4.0)	(44.0, 2.0)	(45.0, 0.25)	(46.0, 6.5)	(47.0, 41.5)	(48.0, 64.25)	(49.0, 53.33333333333333)	(50.0, 131.58333333333331)	(51.0, 738.4166666666667)	(52.0, 1125.1666666666667)	(53.0, 2147.166666666665)	(54.0, 2975.583333333335)	(55.0, 2697.5000000000005)	(56.0, 873.6666666666672)	(57.0, 326.41666666666663)	(58.0, 359.91666666666623)	(59.0, 439.0833333333328)	(60.0, 112.5833333333333)	(61.0, 49.00000000000001)	(62.0, 30.25)	(63.0, 16.0)	(64.0, 6.75)	(65.0, 5.0)	(66.0, 36.75)	(67.0, 63.75)	(68.0, 5.0)	(69.0, 0.5)	(70.0, 0.25)	(71.0, 0.25)	(72.0, 0.0)	(73.0, 0.25)	(74.0, 0.0)	(75.0, 0.0)	(76.0, 0.0)	(77.0, 0.0)	(78.0, 0.0)	(79.0, 0.0)	(80.0, 0.0)	(81.0, 0.0)	(82.0, 0.0)	(83.0, 0.0)	(84.0, 0.0)	(85.0, 0.0)	(86.0, 0.0)	(87.0, 0.0)	(88.0, 0.0)	(89.0, 0.0)	(90.0, 0.0)	(91.0, 0.0)	(92.0, 0.0)	(93.0, 0.0)	(94.0, 0.0)	(95.0, 0.0)	(96.0, 0.0)	(97.0, 0.0)	(98.0, 0.0)	(99.0, 0.0)	(100.0, 0.0)
551B0_S75_L001_R2_001	(0.0, 0.0)	(1.0, 0.0)	(2.0, 0.0)	(3.0, 0.0)	(4.0, 0.0)	(5.0, 0.0)	(6.0, 0.0)	(7.0, 0.0)	(8.0, 0.0)	(9.0, 0.0)	(10.0, 0.0)	(11.0, 0.0)	(12.0, 0.0)	(13.0, 0.0)	(14.0, 0.0)	(15.0, 0.0)	(16.0, 0.0)	(17.0, 0.0)	(18.0, 0.0)	(19.0, 0.0)	(20.0, 0.0)	(21.0, 0.0)	(22.0, 0.0)	(23.0, 0.0)	(24.0, 0.0)	(25.0, 0.0)	(26.0, 0.0)	(27.0, 0.0)	(28.0, 0.0)	(29.0, 0.0)	(30.0, 0.0)	(31.0, 0.0)	(32.0, 0.25)	(33.0, 0.25)	(34.0, 0.0)	(35.0, 0.0)	(36.0, 0.0)	(37.0, 0.0)	(38.0, 0.25)	(39.0, 0.25)	(40.0, 0.25)	(41.0, 1.8333333333333333)	(42.0, 3.6666666666666665)	(43.0, 3.5833333333333335)	(44.0, 3.5)	(45.0, 2.5)	(46.0, 5.666666666666666)	(47.0, 20.83333333333333)	(48.0, 79.16666666666666)	(49.0, 94.99999999999997)	(50.0, 176.33333333333343)	(51.0, 630.4166666666662)	(52.0, 1527.749999999996)	(53.0, 2765.0000000000023)	(54.0, 3244.583333333337)	(55.0, 1824.9999999999993)	(56.0, 626.6666666666666)	(57.0, 292.5)	(58.0, 406.41666666666663)	(59.0, 239.91666666666669)	(60.0, 73.08333333333334)	(61.0, 28.0)	(62.0, 19.25)	(63.0, 18.5)	(64.0, 15.5)	(65.0, 18.333333333333336)	(66.0, 22.083333333333332)	(67.0, 34.75)	(68.0, 43.25)	(69.0, 23.25)	(70.0, 6.75)	(71.0, 2.5)	(72.0, 1.25)	(73.0, 2.25)	(74.0, 1.0)	(75.0, 1.0)	(76.0, 0.5)	(77.0, 0.5)	(78.0, 0.5)	(79.0, 0.5)	(80.0, 1.0)	(81.0, 1.0)	(82.0, 0.0)	(83.0, 0.0)	(84.0, 0.25)	(85.0, 0.5)	(86.0, 0.5)	(87.0, 0.25)	(88.0, 0.25)	(89.0, 0.0)	(90.0, 0.25)	(91.0, 0.25)	(92.0, 0.0)	(93.0, 0.0)	(94.0, 0.0)	(95.0, 0.25)	(96.0, 1.0)	(97.0, 0.5)	(98.0, 0.25)	(99.0, 0.25)	(100.0, 0.3333333333333333)
551B14_S76_L001_R1_001	(0.0, 0.0)	(1.0, 0.0)	(2.0, 0.0)	(3.0, 0.0)	(4.0, 0.0)	(5.0, 0.0)	(6.0, 0.0)	(7.0, 0.0)	(8.0, 0.0)	(9.0, 0.0)	(10.0, 0.0)	(11.0, 0.0)	(12.0, 0.0)	(13.0, 0.0)	(14.0, 0.0)	(15.0, 0.0)	(16.0, 0.25)	(17.0, 0.25)	(18.0, 0.0)	(19.0, 0.0)	(20.0, 0.0)	(21.0, 0.0)	(22.0, 0.0)	(23.0, 0.0)	(24.0, 0.0)	(25.0, 0.0)	(26.0, 0.0)	(27.0, 0.0)	(28.0, 0.0)	(29.0, 0.0)	(30.0, 0.0)	(31.0, 0.0)	(32.0, 0.0)	(33.0, 0.0)	(34.0, 0.0)	(35.0, 0.0)	(36.0, 0.0)	(37.0, 0.0)	(38.0, 0.0)	(39.0, 0.0)	(40.0, 0.5)	(41.0, 0.75)	(42.0, 1.25)	(43.0, 0.75)	(44.0, 0.5)	(45.0, 0.25)	(46.0, 0.75)	(47.0, 1.75)	(48.0, 2.833333333333333)	(49.0, 12.0)	(50.0, 77.58333333333334)	(51.0, 921.3333333333334)	(52.0, 1039.666666666667)	(53.0, 2372.2500000000005)	(54.0, 4674.583333333333)	(55.0, 4019.250000000001)	(56.0, 480.91666666666663)	(57.0, 130.5833333333333)	(58.0, 241.50000000000006)	(59.0, 565.4166666666666)	(60.0, 175.50000000000003)	(61.0, 68.50000000000001)	(62.0, 11.916666666666666)	(63.0, 10.75)	(64.0, 5.5)	(65.0, 1.75)	(66.0, 50.0)	(67.0, 89.0)	(68.0, 9.5)	(69.0, 0.5)	(70.0, 0.0)	(71.0, 0.25)	(72.0, 0.0)	(73.0, 0.0)	(74.0, 0.0)	(75.0, 0.0)	(76.0, 0.25)	(77.0, 0.0)	(78.0, 0.0)	(79.0, 0.0)	(80.0, 0.0)	(81.0, 0.0)	(82.0, 0.0)	(83.0, 0.0)	(84.0, 0.0)	(85.0, 0.0)	(86.0, 0.0)	(87.0, 0.0)	(88.0, 0.0)	(89.0, 0.0)	(90.0, 0.0)	(91.0, 0.0)	(92.0, 0.0)	(93.0, 0.0)	(94.0, 0.0)	(95.0, 0.0)	(96.0, 0.0)	(97.0, 0.0)	(98.0, 0.0)	(99.0, 0.0)	(100.0, 0.0)
551B14_S76_L001_R2_001	(0.0, 0.0)	(1.0, 0.0)	(2.0, 0.0)	(3.0, 0.0)	(4.0, 0.0)	(5.0, 0.0)	(6.0, 0.0)	(7.0, 0.0)	(8.0, 0.0)	(9.0, 0.0)	(10.0, 0.0)	(11.0, 0.0)	(12.0, 0.0)	(13.0, 0.0)	(14.0, 0.0)	(15.0, 0.0)	(16.0, 0.0)	(17.0, 0.0)	(18.0, 0.0)	(19.0, 0.0)	(20.0, 0.0)	(21.0, 0.0)	(22.0, 0.0)	(23.0, 0.0)	(24.0, 0.0)	(25.0, 0.0)	(26.0, 0.0)	(27.0, 0.0)	(28.0, 0.25)	(29.0, 0.0)	(30.0, 0.0)	(31.0, 0.0)	(32.0, 0.0)	(33.0, 0.0)	(34.0, 0.25)	(35.0, 0.0)	(36.0, 0.25)	(37.0, 0.0)	(38.0, 0.5833333333333333)	(39.0, 0.8333333333333333)	(40.0, 1.25)	(41.0, 1.5)	(42.0, 1.8333333333333333)	(43.0, 1.0)	(44.0, 0.5)	(45.0, 2.5)	(46.0, 5.25)	(47.0, 5.833333333333333)	(48.0, 11.750000000000002)	(49.0, 39.16666666666666)	(50.0, 138.08333333333326)	(51.0, 600.8333333333333)	(52.0, 1639.6666666666576)	(53.0, 3385.4166666666806)	(54.0, 4531.583333333336)	(55.0, 2131.499999999999)	(56.0, 595.8333333333334)	(57.0, 274.1666666666667)	(58.0, 481.49999999999983)	(59.0, 274.58333333333337)	(60.0, 87.16666666666667)	(61.0, 31.833333333333332)	(62.0, 20.5)	(63.0, 14.083333333333334)	(64.0, 16.083333333333336)	(65.0, 12.666666666666668)	(66.0, 15.333333333333332)	(67.0, 45.0)	(68.0, 53.25)	(69.0, 27.75)	(70.0, 10.5)	(71.0, 3.75)	(72.0, 2.0)	(73.0, 1.75)	(74.0, 2.5)	(75.0, 1.5)	(76.0, 1.25)	(77.0, 0.5)	(78.0, 2.0)	(79.0, 0.5)	(80.0, 1.0)	(81.0, 0.25)	(82.0, 0.0)	(83.0, 0.25)	(84.0, 0.0)	(85.0, 0.25)	(86.0, 0.25)	(87.0, 0.25)	(88.0, 0.25)	(89.0, 0.25)	(90.0, 0.0)	(91.0, 0.0)	(92.0, 0.25)	(93.0, 0.0)	(94.0, 0.0)	(95.0, 0.5)	(96.0, 0.0)	(97.0, 0.25)	(98.0, 0.25)	(99.0, 0.0)	(100.0, 0.3333333333333333)
554A0_S69_L001_R1_001	(0.0, 1.0)	(1.0, 0.5)	(2.0, 0.0)	(3.0, 0.0)	(4.0, 0.0)	(5.0, 0.0)	(6.0, 0.0)	(7.0, 0.0)	(8.0, 0.0)	(9.0, 0.0)	(10.0, 0.0)	(11.0, 0.0)	(12.0, 0.0)	(13.0, 0.0)	(14.0, 0.0)	(15.0, 0.0)	(16.0, 0.0)	(17.0, 0.0)	(18.0, 0.0)	(19.0, 0.0)	(20.0, 0.0)	(21.0, 0.0)	(22.0, 0.0)	(23.0, 0.0)	(24.0, 0.0)	(25.0, 0.0)	(26.0, 0.0)	(27.0, 0.0)	(28.0, 0.0)	(29.0, 0.0)	(30.0, 0.0)	(31.0, 0.0)	(32.0, 0.0)	(33.0, 0.0)	(34.0, 0.0)	(35.0, 0.0)	(36.0, 0.0)	(37.0, 0.0)	(38.0, 0.0)	(39.0, 0.25)	(40.0, 0.0)	(41.0, 0.5)	(42.0, 1.75)	(43.0, 2.0)	(44.0, 1.0)	(45.0, 0.5)	(46.0, 4.5)	(47.0, 13.75)	(48.0, 30.5)	(49.0, 82.08333333333333)	(50.0, 448.3333333333333)	(51.0, 963.666666666667)	(52.0, 838.8333333333338)	(53.0, 878.7500000000009)	(54.0, 997.583333333335)	(55.0, 891.333333333335)	(56.0, 640.5000000000005)	(57.0, 438.416666666666)	(58.0, 566.0833333333316)	(59.0, 233.16666666666754)	(60.0, 112.66666666666659)	(61.0, 76.91666666666667)	(62.0, 38.41666666666667)	(63.0, 10.833333333333334)	(64.0, 15.416666666666666)	(65.0, 7.833333333333334)	(66.0, 31.0)	(67.0, 45.5)	(68.0, 4.0)	(69.0, 0.25)	(70.0, 0.0)	(71.0, 0.0)	(72.0, 0.0)	(73.0, 0.0)	(74.0, 0.0)	(75.0, 0.0)	(76.0, 0.0)	(77.0, 0.0)	(78.0, 0.0)	(79.0, 0.0)	(80.0, 0.0)	(81.0, 0.0)	(82.0, 0.0)	(83.0, 0.0)	(84.0, 0.0)	(85.0, 0.0)	(86.0, 0.0)	(87.0, 0.0)	(88.0, 0.0)	(89.0, 0.0)	(90.0, 0.0)	(91.0, 0.0)	(92.0, 0.0)	(93.0, 0.0)	(94.0, 0.0)	(95.0, 0.0)	(96.0, 0.0)	(97.0, 0.0)	(98.0, 0.0)	(99.0, 0.0)	(100.0, 0.0)
554A0_S69_L001_R2_001	(0.0, 1.0)	(1.0, 0.5)	(2.0, 0.0)	(3.0, 0.0)	(4.0, 0.0)	(5.0, 0.0)	(6.0, 0.0)	(7.0, 0.0)	(8.0, 0.0)	(9.0, 0.0)	(10.0, 0.0)	(11.0, 0.0)	(12.0, 0.0)	(13.0, 0.0)	(14.0, 0.0)	(15.0, 0.0)	(16.0, 0.0)	(17.0, 0.0)	(18.0, 0.0)	(19.0, 0.0)	(20.0, 0.0)	(21.0, 0.0)	(22.0, 0.0)	(23.0, 0.0)	(24.0, 0.0)	(25.0, 0.0)	(26.0, 0.0)	(27.0, 0.0)	(28.0, 0.0)	(29.0, 0.0)	(30.0, 0.0)	(31.0, 0.0)	(32.0, 0.0)	(33.0, 0.0)	(34.0, 0.0)	(35.0, 0.75)	(36.0, 1.5)	(37.0, 0.75)	(38.0, 0.25)	(39.0, 0.25)	(40.0, 0.3333333333333333)	(41.0, 0.8333333333333333)	(42.0, 1.25)	(43.0, 1.25)	(44.0, 2.5)	(45.0, 4.833333333333334)	(46.0, 11.666666666666666)	(47.0, 19.916666666666668)	(48.0, 49.75)	(49.0, 82.41666666666666)	(50.0, 128.24999999999994)	(51.0, 504.4166666666659)	(52.0, 1295.5833333333328)	(53.0, 1455.5833333333298)	(54.0, 1259.5833333333335)	(55.0, 1090.7500000000007)	(56.0, 698.8333333333334)	(57.0, 292.0)	(58.0, 150.75)	(59.0, 82.58333333333333)	(60.0, 31.083333333333336)	(61.0, 19.749999999999996)	(62.0, 20.25)	(63.0, 21.083333333333336)	(64.0, 18.416666666666664)	(65.0, 17.083333333333332)	(66.0, 21.0)	(67.0, 41.0)	(68.0, 41.75)	(69.0, 21.5)	(70.0, 5.25)	(71.0, 1.25)	(72.0, 1.0)	(73.0, 1.5)	(74.0, 0.75)	(75.0, 0.75)	(76.0, 0.75)	(77.0, 0.0)	(78.0, 0.5)	(79.0, 0.25)	(80.0, 0.5)	(81.0, 1.0)	(82.0, 0.5)	(83.0, 0.25)	(84.0, 0.25)	(85.0, 0.25)	(86.0, 0.25)	(87.0, 0.0)	(88.0, 0.25)	(89.0, 0.0)	(90.0, 0.25)	(91.0, 0.25)	(92.0, 0.0)	(93.0, 0.0)	(94.0, 0.0)	(95.0, 0.0)	(96.0, 0.0)	(97.0, 0.25)	(98.0, 0.0)	(99.0, 0.0)	(100.0, 0.3333333333333333)
554A14_S70_L001_R1_001	(0.0, 3.0)	(1.0, 1.5)	(2.0, 0.0)	(3.0, 0.0)	(4.0, 0.0)	(5.0, 0.0)	(6.0, 0.0)	(7.0, 0.0)	(8.0, 0.0)	(9.0, 0.0)	(10.0, 0.0)	(11.0, 0.0)	(12.0, 0.0)	(13.0, 0.0)	(14.0, 0.0)	(15.0, 0.0)	(16.0, 0.0)	(17.0, 0.0)	(18.0, 0.0)	(19.0, 0.0)	(20.0, 0.0)	(21.0, 0.0)	(22.0, 0.0)	(23.0, 0.0)	(24.0, 0.0)	(25.0, 0.0)	(26.0, 0.0)	(27.0, 0.0)	(28.0, 0.0)	(29.0, 0.0)	(30.0, 0.0)	(31.0, 0.0)	(32.0, 0.0)	(33.0, 0.0)	(34.0, 0.0)	(35.0, 0.0)	(36.0, 0.0)	(37.0, 0.0)	(38.0, 0.0)	(39.0, 0.5)	(40.0, 1.0)	(41.0, 0.5)	(42.0, 0.25)	(43.0, 0.25)	(44.0, 0.25)	(45.0, 0.5)	(46.0, 1.5)	(47.0, 10.5)	(48.0, 29.25)	(49.0, 70.16666666666666)	(50.0, 579.5000000000001)	(51.0, 1158.75)	(52.0, 983.1666666666669)	(53.0, 700.6666666666665)	(54.0, 682.9166666666667)	(55.0, 664.9166666666667)	(56.0, 1171.8333333333333)	(57.0, 787.6666666666673)	(58.0, 602.2499999999997)	(59.0, 266.75000000000085)	(60.0, 204.41666666666683)	(61.0, 121.16666666666666)	(62.0, 34.5)	(63.0, 15.25)	(64.0, 13.75)	(65.0, 8.0)	(66.0, 37.33333333333333)	(67.0, 58.583333333333336)	(68.0, 4.5)	(69.0, 1.25)	(70.0, 0.75)	(71.0, 0.0)	(72.0, 0.0)	(73.0, 0.0)	(74.0, 0.0)	(75.0, 0.0)	(76.0, 0.0)	(77.0, 0.0)	(78.0, 0.0)	(79.0, 0.0)	(80.0, 0.0)	(81.0, 0.0)	(82.0, 0.0)	(83.0, 0.0)	(84.0, 0.0)	(85.0, 0.0)	(86.0, 0.0)	(87.0, 0.0)	(88.0, 0.0)	(89.0, 0.0)	(90.0, 0.0)	(91.0, 0.0)	(92.0, 0.0)	(93.0, 0.0)	(94.0, 0.0)	(95.0, 0.0)	(96.0, 0.0)	(97.0, 0.0)	(98.0, 0.0)	(99.0, 0.0)	(100.0, 0.0)
554A14_S70_L001_R2_001	(0.0, 2.0)	(1.0, 1.0)	(2.0, 0.0)	(3.0, 0.0)	(4.0, 0.0)	(5.0, 0.0)	(6.0, 0.0)	(7.0, 0.0)	(8.0, 0.0)	(9.0, 0.0)	(10.0, 0.0)	(11.0, 0.0)	(12.0, 0.0)	(13.0, 0.0)	(14.0, 0.0)	(15.0, 0.0)	(16.0, 0.0)	(17.0, 0.0)	(18.0, 0.0)	(19.0, 0.0)	(20.0, 0.0)	(21.0, 0.0)	(22.0, 0.0)	(23.0, 0.0)	(24.0, 0.0)	(25.0, 0.0)	(26.0, 0.0)	(27.0, 0.0)	(28.0, 0.0)	(29.0, 0.0)	(30.0, 0.0)	(31.0, 0.0)	(32.0, 0.0)	(33.0, 0.0)	(34.0, 0.0)	(35.0, 0.0)	(36.0, 0.25)	(37.0, 0.25)	(38.0, 0.0)	(39.0, 0.75)	(40.0, 1.0)	(41.0, 1.3333333333333333)	(42.0, 0.0)	(43.0, 0.75)	(44.0, 0.5833333333333333)	(45.0, 1.3333333333333333)	(46.0, 6.5)	(47.0, 15.083333333333334)	(48.0, 35.83333333333333)	(49.0, 41.58333333333333)	(50.0, 99.66666666666663)	(51.0, 571.6666666666662)	(52.0, 1507.1666666666626)	(53.0, 1337.4999999999986)	(54.0, 1105.9166666666708)	(55.0, 1096.5833333333348)	(56.0, 1015.6666666666669)	(57.0, 534.1666666666665)	(58.0, 265.08333333333337)	(59.0, 213.41666666666669)	(60.0, 96.5)	(61.0, 41.333333333333336)	(62.0, 25.666666666666664)	(63.0, 23.333333333333332)	(64.0, 25.25)	(65.0, 19.166666666666668)	(66.0, 22.75)	(67.0, 41.5)	(68.0, 41.75)	(69.0, 23.75)	(70.0, 4.5)	(71.0, 2.75)	(72.0, 1.5)	(73.0, 1.5)	(74.0, 1.5)	(75.0, 0.5)	(76.0, 0.25)	(77.0, 0.25)	(78.0, 0.0)	(79.0, 0.0)	(80.0, 0.0)	(81.0, 0.0)	(82.0, 0.0)	(83.0, 0.5)	(84.0, 0.5)	(85.0, 0.0)	(86.0, 0.0)	(87.0, 0.25)	(88.0, 0.25)	(89.0, 0.0)	(90.0, 0.0)	(91.0, 0.0)	(92.0, 0.0)	(93.0, 0.0)	(94.0, 0.0)	(95.0, 0.0)	(96.0, 0.0)	(97.0, 0.0)	(98.0, 0.25)	(99.0, 0.0)	(100.0, 0.0)
554B0_S71_L001_R1_001	(0.0, 1.0)	(1.0, 0.5)	(2.0, 0.0)	(3.0, 0.0)	(4.0, 0.0)	(5.0, 0.0)	(6.0, 0.0)	(7.0, 0.0)	(8.0, 0.0)	(9.0, 0.0)	(10.0, 0.0)	(11.0, 0.0)	(12.0, 0.0)	(13.0, 0.0)	(14.0, 0.0)	(15.0, 0.0)	(16.0, 0.0)	(17.0, 0.0)	(18.0, 0.0)	(19.0, 0.0)	(20.0, 0.0)	(21.0, 0.0)	(22.0, 0.0)	(23.0, 0.0)	(24.0, 0.0)	(25.0, 0.0)	(26.0, 0.0)	(27.0, 0.0)	(28.0, 0.0)	(29.0, 0.0)	(30.0, 0.0)	(31.0, 0.0)	(32.0, 0.0)	(33.0, 0.0)	(34.0, 0.0)	(35.0, 0.0)	(36.0, 0.0)	(37.0, 0.0)	(38.0, 0.0)	(39.0, 0.0)	(40.0, 0.0)	(41.0, 0.0)	(42.0, 0.5)	(43.0, 1.0)	(44.0, 0.75)	(45.0, 1.0)	(46.0, 2.5)	(47.0, 5.75)	(48.0, 11.25)	(49.0, 19.666666666666664)	(50.0, 106.08333333333333)	(51.0, 487.49999999999994)	(52.0, 673.0833333333335)	(53.0, 693.7500000000001)	(54.0, 1049.7500000000002)	(55.0, 1084.9166666666674)	(56.0, 1336.6666666666658)	(57.0, 924.3333333333346)	(58.0, 658.0833333333346)	(59.0, 310.5)	(60.0, 257.1666666666669)	(61.0, 168.83333333333337)	(62.0, 79.25)	(63.0, 27.166666666666664)	(64.0, 22.5)	(65.0, 12.5)	(66.0, 59.0)	(67.0, 104.25)	(68.0, 10.75)	(69.0, 1.0)	(70.0, 1.0)	(71.0, 0.25)	(72.0, 0.0)	(73.0, 0.0)	(74.0, 0.0)	(75.0, 0.0)	(76.0, 0.0)	(77.0, 0.0)	(78.0, 0.0)	(79.0, 0.0)	(80.0, 0.0)	(81.0, 0.0)	(82.0, 0.0)	(83.0, 0.0)	(84.0, 0.0)	(85.0, 0.0)	(86.0, 0.0)	(87.0, 0.0)	(88.0, 0.0)	(89.0, 0.0)	(90.0, 0.0)	(91.0, 0.0)	(92.0, 0.0)	(93.0, 0.0)	(94.0, 0.0)	(95.0, 0.0)	(96.0, 0.0)	(97.0, 0.0)	(98.0, 0.0)	(99.0, 0.0)	(100.0, 0.0)
554B0_S71_L001_R2_001	(0.0, 1.0)	(1.0, 0.5)	(2.0, 0.0)	(3.0, 0.0)	(4.0, 0.0)	(5.0, 0.0)	(6.0, 0.0)	(7.0, 0.0)	(8.0, 0.0)	(9.0, 0.0)	(10.0, 0.0)	(11.0, 0.0)	(12.0, 0.0)	(13.0, 0.0)	(14.0, 0.0)	(15.0, 0.0)	(16.0, 0.0)	(17.0, 0.0)	(18.0, 0.0)	(19.0, 0.0)	(20.0, 0.0)	(21.0, 0.0)	(22.0, 0.0)	(23.0, 0.0)	(24.0, 0.0)	(25.0, 0.0)	(26.0, 0.0)	(27.0, 0.0)	(28.0, 0.0)	(29.0, 0.0)	(30.0, 0.0)	(31.0, 0.0)	(32.0, 0.0)	(33.0, 0.0)	(34.0, 0.0)	(35.0, 0.0)	(36.0, 0.0)	(37.0, 0.5)	(38.0, 0.0)	(39.0, 0.0)	(40.0, 0.5)	(41.0, 0.5)	(42.0, 0.75)	(43.0, 1.75)	(44.0, 1.25)	(45.0, 2.8333333333333335)	(46.0, 5.0)	(47.0, 9.416666666666664)	(48.0, 32.5)	(49.0, 37.916666666666664)	(50.0, 74.66666666666669)	(51.0, 247.3333333333338)	(52.0, 786.6666666666704)	(53.0, 1308.6666666666645)	(54.0, 1430.8333333333285)	(55.0, 1351.583333333333)	(56.0, 1161.5833333333335)	(57.0, 590.8333333333333)	(58.0, 292.0)	(59.0, 230.91666666666669)	(60.0, 111.58333333333334)	(61.0, 38.833333333333336)	(62.0, 25.916666666666664)	(63.0, 29.25)	(64.0, 36.0)	(65.0, 36.916666666666664)	(66.0, 43.5)	(67.0, 91.33333333333334)	(68.0, 82.5)	(69.0, 38.5)	(70.0, 13.25)	(71.0, 5.25)	(72.0, 2.5)	(73.0, 0.5)	(74.0, 1.25)	(75.0, 1.0)	(76.0, 0.75)	(77.0, 1.5)	(78.0, 2.0)	(79.0, 0.75)	(80.0, 0.0)	(81.0, 0.0)	(82.0, 0.5)	(83.0, 0.25)	(84.0, 0.5)	(85.0, 0.25)	(86.0, 0.25)	(87.0, 0.75)	(88.0, 0.5)	(89.0, 0.0)	(90.0, 0.0)	(91.0, 0.0)	(92.0, 0.0)	(93.0, 0.25)	(94.0, 0.0)	(95.0, 0.0)	(96.0, 0.0)	(97.0, 0.0)	(98.0, 0.25)	(99.0, 0.25)	(100.0, 0.0)
554B14_S72_L001_R1_001	(0.0, 0.0)	(1.0, 0.0)	(2.0, 0.0)	(3.0, 0.0)	(4.0, 0.0)	(5.0, 0.0)	(6.0, 0.0)	(7.0, 0.0)	(8.0, 0.0)	(9.0, 0.0)	(10.0, 0.0)	(11.0, 0.0)	(12.0, 0.0)	(13.0, 0.0)	(14.0, 0.0)	(15.0, 0.0)	(16.0, 0.0)	(17.0, 0.0)	(18.0, 0.0)	(19.0, 0.0)	(20.0, 0.0)	(21.0, 0.0)	(22.0, 0.0)	(23.0, 0.0)	(24.0, 0.0)	(25.0, 0.0)	(26.0, 0.0)	(27.0, 0.0)	(28.0, 0.0)	(29.0, 0.0)	(30.0, 0.0)	(31.0, 0.0)	(32.0, 0.0)	(33.0, 0.0)	(34.0, 0.0)	(35.0, 0.0)	(36.0, 0.0)	(37.0, 0.0)	(38.0, 0.0)	(39.0, 0.8333333333333333)	(40.0, 0.8333333333333333)	(41.0, 0.5)	(42.0, 1.0)	(43.0, 0.75)	(44.0, 1.5)	(45.0, 2.833333333333333)	(46.0, 9.583333333333332)	(47.0, 20.25)	(48.0, 33.25)	(49.0, 44.66666666666667)	(50.0, 249.58333333333334)	(51.0, 811.8333333333334)	(52.0, 904.75)	(53.0, 784.1666666666667)	(54.0, 1064.166666666667)	(55.0, 1117.4166666666672)	(56.0, 1130.1666666666674)	(57.0, 730.3333333333339)	(58.0, 753.2500000000031)	(59.0, 321.49999999999955)	(60.0, 143.41666666666669)	(61.0, 103.0)	(62.0, 50.75000000000001)	(63.0, 24.333333333333336)	(64.0, 21.333333333333336)	(65.0, 9.0)	(66.0, 56.0)	(67.0, 94.25)	(68.0, 6.75)	(69.0, 0.75)	(70.0, 0.5)	(71.0, 0.0)	(72.0, 0.25)	(73.0, 0.25)	(74.0, 0.0)	(75.0, 0.0)	(76.0, 0.0)	(77.0, 0.0)	(78.0, 0.0)	(79.0, 0.0)	(80.0, 0.0)	(81.0, 0.0)	(82.0, 0.0)	(83.0, 0.0)	(84.0, 0.0)	(85.0, 0.0)	(86.0, 0.0)	(87.0, 0.0)	(88.0, 0.0)	(89.0, 0.0)	(90.0, 0.0)	(91.0, 0.0)	(92.0, 0.0)	(93.0, 0.0)	(94.0, 0.0)	(95.0, 0.0)	(96.0, 0.0)	(97.0, 0.0)	(98.0, 0.0)	(99.0, 0.0)	(100.0, 0.0)
554B14_S72_L001_R2_001	(0.0, 0.0)	(1.0, 0.0)	(2.0, 0.0)	(3.0, 0.0)	(4.0, 0.0)	(5.0, 0.0)	(6.0, 0.0)	(7.0, 0.0)	(8.0, 0.0)	(9.0, 0.0)	(10.0, 0.0)	(11.0, 0.0)	(12.0, 0.0)	(13.0, 0.0)	(14.0, 0.0)	(15.0, 0.0)	(16.0, 0.0)	(17.0, 0.0)	(18.0, 0.0)	(19.0, 0.0)	(20.0, 0.0)	(21.0, 0.0)	(22.0, 0.0)	(23.0, 0.0)	(24.0, 0.0)	(25.0, 0.0)	(26.0, 0.0)	(27.0, 0.0)	(28.0, 0.0)	(29.0, 0.0)	(30.0, 0.0)	(31.0, 0.0)	(32.0, 0.25)	(33.0, 0.25)	(34.0, 0.0)	(35.0, 0.0)	(36.0, 0.0)	(37.0, 0.0)	(38.0, 0.25)	(39.0, 0.5)	(40.0, 0.75)	(41.0, 0.5)	(42.0, 1.9166666666666665)	(43.0, 3.166666666666667)	(44.0, 3.0833333333333335)	(45.0, 3.5833333333333335)	(46.0, 6.916666666666666)	(47.0, 20.583333333333332)	(48.0, 51.91666666666667)	(49.0, 66.33333333333336)	(50.0, 106.41666666666654)	(51.0, 407.4999999999989)	(52.0, 1129.5833333333371)	(53.0, 1498.2499999999927)	(54.0, 1535.3333333333262)	(55.0, 1436.3333333333314)	(56.0, 973.0833333333335)	(57.0, 459.91666666666663)	(58.0, 219.00000000000003)	(59.0, 160.75)	(60.0, 78.08333333333333)	(61.0, 34.25)	(62.0, 27.08333333333333)	(63.0, 32.416666666666664)	(64.0, 33.916666666666664)	(65.0, 32.916666666666664)	(66.0, 39.5)	(67.0, 69.0)	(68.0, 65.5)	(69.0, 32.5)	(70.0, 9.25)	(71.0, 4.833333333333333)	(72.0, 1.5833333333333333)	(73.0, 1.5)	(74.0, 1.75)	(75.0, 0.5)	(76.0, 0.5)	(77.0, 0.75)	(78.0, 0.75)	(79.0, 0.5)	(80.0, 0.25)	(81.0, 0.0)	(82.0, 0.5)	(83.0, 0.25)	(84.0, 0.25)	(85.0, 0.0)	(86.0, 0.25)	(87.0, 0.25)	(88.0, 0.25)	(89.0, 0.25)	(90.0, 0.75)	(91.0, 0.75)	(92.0, 0.25)	(93.0, 0.0)	(94.0, 0.0)	(95.0, 0.25)	(96.0, 0.25)	(97.0, 0.25)	(98.0, 0.25)	(99.0, 0.25)	(100.0, 0.0)
574A0_S97_L001_R1_001	(0.0, 0.0)	(1.0, 0.0)	(2.0, 0.0)	(3.0, 0.0)	(4.0, 0.0)	(5.0, 0.0)	(6.0, 0.0)	(7.0, 0.0)	(8.0, 0.0)	(9.0, 0.0)	(10.0, 0.0)	(11.0, 0.0)	(12.0, 0.0)	(13.0, 0.0)	(14.0, 0.0)	(15.0, 0.0)	(16.0, 0.0)	(17.0, 0.0)	(18.0, 0.0)	(19.0, 0.0)	(20.0, 0.0)	(21.0, 0.0)	(22.0, 0.0)	(23.0, 0.0)	(24.0, 0.0)	(25.0, 0.0)	(26.0, 0.0)	(27.0, 0.0)	(28.0, 0.0)	(29.0, 0.0)	(30.0, 0.0)	(31.0, 0.0)	(32.0, 0.0)	(33.0, 0.25)	(34.0, 0.0)	(35.0, 0.0)	(36.0, 0.0)	(37.0, 0.0)	(38.0, 0.0)	(39.0, 0.25)	(40.0, 0.0)	(41.0, 0.5)	(42.0, 1.25)	(43.0, 1.0)	(44.0, 0.75)	(45.0, 1.25)	(46.0, 3.25)	(47.0, 2.5)	(48.0, 2.0)	(49.0, 6.5)	(50.0, 31.416666666666664)	(51.0, 253.83333333333334)	(52.0, 1968.4999999999995)	(53.0, 7624.916666666665)	(54.0, 6122.333333333333)	(55.0, 2245.333333333333)	(56.0, 381.0)	(57.0, 129.0)	(58.0, 105.83333333333329)	(59.0, 169.6666666666667)	(60.0, 94.08333333333331)	(61.0, 105.08333333333333)	(62.0, 34.0)	(63.0, 10.25)	(64.0, 8.0)	(65.0, 14.75)	(66.0, 219.5)	(67.0, 129.0)	(68.0, 3.5)	(69.0, 0.0)	(70.0, 0.0)	(71.0, 0.0)	(72.0, 0.0)	(73.0, 0.25)	(74.0, 0.0)	(75.0, 0.0)	(76.0, 0.0)	(77.0, 0.0)	(78.0, 0.0)	(79.0, 0.0)	(80.0, 0.0)	(81.0, 0.0)	(82.0, 0.0)	(83.0, 0.0)	(84.0, 0.0)	(85.0, 0.0)	(86.0, 0.0)	(87.0, 0.0)	(88.0, 0.0)	(89.0, 0.0)	(90.0, 0.0)	(91.0, 0.0)	(92.0, 0.0)	(93.0, 0.0)	(94.0, 0.0)	(95.0, 0.0)	(96.0, 0.0)	(97.0, 0.0)	(98.0, 0.0)	(99.0, 0.0)	(100.0, 0.0)
574A0_S97_L001_R2_001	(0.0, 1.0)	(1.0, 0.5)	(2.0, 0.0)	(3.0, 0.0)	(4.0, 0.0)	(5.0, 0.0)	(6.0, 0.0)	(7.0, 0.0)	(8.0, 0.0)	(9.0, 0.0)	(10.0, 0.0)	(11.0, 0.0)	(12.0, 0.0)	(13.0, 0.0)	(14.0, 0.0)	(15.0, 0.0)	(16.0, 0.0)	(17.0, 0.0)	(18.0, 0.0)	(19.0, 0.0)	(20.0, 0.0)	(21.0, 0.0)	(22.0, 0.0)	(23.0, 0.0)	(24.0, 0.0)	(25.0, 0.0)	(26.0, 0.0)	(27.0, 0.0)	(28.0, 0.0)	(29.0, 0.0)	(30.0, 0.0)	(31.0, 0.0)	(32.0, 0.0)	(33.0, 0.0)	(34.0, 0.25)	(35.0, 0.3333333333333333)	(36.0, 0.3333333333333333)	(37.0, 0.25)	(38.0, 0.0)	(39.0, 0.25)	(40.0, 0.8333333333333333)	(41.0, 2.25)	(42.0, 2.8333333333333335)	(43.0, 2.75)	(44.0, 1.5833333333333333)	(45.0, 2.6666666666666665)	(46.0, 4.166666666666667)	(47.0, 7.333333333333332)	(48.0, 12.250000000000002)	(49.0, 24.249999999999993)	(50.0, 67.50000000000004)	(51.0, 322.83333333333286)	(52.0, 1231.4999999999998)	(53.0, 4826.250000000004)	(54.0, 6994.083333333311)	(55.0, 4496.416666666671)	(56.0, 1353.0833333333333)	(57.0, 329.33333333333337)	(58.0, 189.50000000000006)	(59.0, 138.74999999999997)	(60.0, 84.83333333333334)	(61.0, 71.66666666666667)	(62.0, 74.33333333333334)	(63.0, 41.41666666666667)	(64.0, 37.83333333333333)	(65.0, 36.0)	(66.0, 48.083333333333336)	(67.0, 130.16666666666663)	(68.0, 136.41666666666669)	(69.0, 66.0)	(70.0, 24.25)	(71.0, 5.25)	(72.0, 5.0)	(73.0, 4.0)	(74.0, 2.0)	(75.0, 2.0)	(76.0, 2.5)	(77.0, 0.75)	(78.0, 1.5833333333333333)	(79.0, 1.5833333333333333)	(80.0, 0.5)	(81.0, 1.25)	(82.0, 1.0)	(83.0, 0.5)	(84.0, 0.25)	(85.0, 0.25)	(86.0, 0.5)	(87.0, 0.25)	(88.0, 0.25)	(89.0, 0.5)	(90.0, 0.25)	(91.0, 0.25)	(92.0, 0.25)	(93.0, 0.25)	(94.0, 0.25)	(95.0, 0.25)	(96.0, 0.5)	(97.0, 0.25)	(98.0, 0.25)	(99.0, 0.0)	(100.0, 0.0)
574A14_S98_L001_R1_001	(0.0, 0.0)	(1.0, 0.0)	(2.0, 0.0)	(3.0, 0.0)	(4.0, 0.0)	(5.0, 0.0)	(6.0, 0.0)	(7.0, 0.0)	(8.0, 0.0)	(9.0, 0.0)	(10.0, 0.0)	(11.0, 0.0)	(12.0, 0.0)	(13.0, 0.0)	(14.0, 0.0)	(15.0, 0.0)	(16.0, 0.0)	(17.0, 0.0)	(18.0, 0.0)	(19.0, 0.0)	(20.0, 0.0)	(21.0, 0.0)	(22.0, 0.0)	(23.0, 0.0)	(24.0, 0.0)	(25.0, 0.0)	(26.0, 0.0)	(27.0, 0.0)	(28.0, 0.0)	(29.0, 0.25)	(30.0, 0.0)	(31.0, 0.0)	(32.0, 0.0)	(33.0, 0.0)	(34.0, 0.0)	(35.0, 0.0)	(36.0, 0.0)	(37.0, 0.25)	(38.0, 0.25)	(39.0, 0.25)	(40.0, 0.0)	(41.0, 0.0)	(42.0, 0.0)	(43.0, 0.25)	(44.0, 0.5)	(45.0, 1.0)	(46.0, 4.0)	(47.0, 12.833333333333332)	(48.0, 9.083333333333332)	(49.0, 15.75)	(50.0, 74.33333333333333)	(51.0, 571.25)	(52.0, 1882.9999999999993)	(53.0, 4148.750000000003)	(54.0, 3544.5000000000027)	(55.0, 1542.666666666666)	(56.0, 582.4999999999999)	(57.0, 151.74999999999997)	(58.0, 94.16666666666667)	(59.0, 58.16666666666667)	(60.0, 68.25)	(61.0, 103.83333333333333)	(62.0, 34.5)	(63.0, 10.25)	(64.0, 7.0)	(65.0, 11.5)	(66.0, 105.75)	(67.0, 68.0)	(68.0, 1.75)	(69.0, 0.75)	(70.0, 0.75)	(71.0, 0.0)	(72.0, 0.0)	(73.0, 0.0)	(74.0, 0.0)	(75.0, 0.0)	(76.0, 0.0)	(77.0, 0.0)	(78.0, 0.0)	(79.0, 0.0)	(80.0, 0.0)	(81.0, 0.0)	(82.0, 0.0)	(83.0, 0.0)	(84.0, 0.0)	(85.0, 0.0)	(86.0, 0.0)	(87.0, 0.0)	(88.0, 0.0)	(89.0, 0.0)	(90.0, 0.0)	(91.0, 0.0)	(92.0, 0.0)	(93.0, 0.0)	(94.0, 0.0)	(95.0, 0.0)	(96.0, 0.0)	(97.0, 0.0)	(98.0, 0.0)	(99.0, 0.0)	(100.0, 0.0)
574A14_S98_L001_R2_001	(0.0, 0.0)	(1.0, 0.0)	(2.0, 0.0)	(3.0, 0.0)	(4.0, 0.0)	(5.0, 0.0)	(6.0, 0.0)	(7.0, 0.0)	(8.0, 0.0)	(9.0, 0.0)	(10.0, 0.0)	(11.0, 0.0)	(12.0, 0.0)	(13.0, 0.0)	(14.0, 0.0)	(15.0, 0.0)	(16.0, 0.0)	(17.0, 0.0)	(18.0, 0.0)	(19.0, 0.0)	(20.0, 0.0)	(21.0, 0.0)	(22.0, 0.0)	(23.0, 0.0)	(24.0, 0.0)	(25.0, 0.0)	(26.0, 0.0)	(27.0, 0.0)	(28.0, 0.0)	(29.0, 0.0)	(30.0, 0.0)	(31.0, 0.0)	(32.0, 0.0)	(33.0, 0.25)	(34.0, 0.0)	(35.0, 0.0)	(36.0, 0.25)	(37.0, 0.5)	(38.0, 0.25)	(39.0, 1.0)	(40.0, 1.0)	(41.0, 1.0)	(42.0, 0.5)	(43.0, 1.3333333333333333)	(44.0, 0.5833333333333333)	(45.0, 1.0833333333333333)	(46.0, 2.5)	(47.0, 5.166666666666667)	(48.0, 18.75)	(49.0, 31.166666666666654)	(50.0, 77.91666666666663)	(51.0, 335.08333333333303)	(52.0, 1091.1666666666715)	(53.0, 2661.7500000000027)	(54.0, 4297.000000000006)	(55.0, 2955.333333333334)	(56.0, 921.0833333333335)	(57.0, 253.3333333333334)	(58.0, 101.16666666666666)	(59.0, 60.00000000000001)	(60.0, 46.00000000000001)	(61.0, 55.91666666666667)	(62.0, 54.333333333333336)	(63.0, 41.58333333333333)	(64.0, 33.0)	(65.0, 30.499999999999996)	(66.0, 42.333333333333336)	(67.0, 73.66666666666667)	(68.0, 74.83333333333334)	(69.0, 32.0)	(70.0, 9.75)	(71.0, 2.75)	(72.0, 2.25)	(73.0, 1.3333333333333333)	(74.0, 1.5)	(75.0, 1.25)	(76.0, 1.0)	(77.0, 1.25)	(78.0, 0.75)	(79.0, 0.75)	(80.0, 0.0)	(81.0, 0.25)	(82.0, 0.25)	(83.0, 0.5)	(84.0, 0.5)	(85.0, 0.5)	(86.0, 0.25)	(87.0, 0.25)	(88.0, 0.5)	(89.0, 0.0)	(90.0, 0.0)	(91.0, 0.0)	(92.0, 0.25)	(93.0, 0.25)	(94.0, 0.25)	(95.0, 0.0)	(96.0, 0.25)	(97.0, 0.25)	(98.0, 0.5)	(99.0, 0.75)	(100.0, 0.0)
574B0_S99_L001_R1_001	(0.0, 0.0)	(1.0, 0.0)	(2.0, 0.0)	(3.0, 0.0)	(4.0, 0.0)	(5.0, 0.0)	(6.0, 0.0)	(7.0, 0.0)	(8.0, 0.0)	(9.0, 0.0)	(10.0, 0.0)	(11.0, 0.0)	(12.0, 0.0)	(13.0, 0.0)	(14.0, 0.0)	(15.0, 0.0)	(16.0, 0.0)	(17.0, 0.0)	(18.0, 0.0)	(19.0, 0.0)	(20.0, 0.0)	(21.0, 0.0)	(22.0, 0.0)	(23.0, 0.0)	(24.0, 0.0)	(25.0, 0.0)	(26.0, 0.0)	(27.0, 0.0)	(28.0, 0.0)	(29.0, 0.0)	(30.0, 0.0)	(31.0, 0.0)	(32.0, 0.0)	(33.0, 0.0)	(34.0, 0.0)	(35.0, 0.0)	(36.0, 0.0)	(37.0, 0.0)	(38.0, 0.0)	(39.0, 0.0)	(40.0, 0.0)	(41.0, 0.0)	(42.0, 0.0)	(43.0, 0.0)	(44.0, 0.0)	(45.0, 0.75)	(46.0, 31.416666666666668)	(47.0, 124.25)	(48.0, 92.33333333333334)	(49.0, 99.16666666666667)	(50.0, 111.41666666666666)	(51.0, 420.9999999999999)	(52.0, 1285.333333333333)	(53.0, 4035.666666666668)	(54.0, 3295.4166666666674)	(55.0, 1305.4999999999998)	(56.0, 426.2499999999999)	(57.0, 239.08333333333343)	(58.0, 133.3333333333333)	(59.0, 108.74999999999999)	(60.0, 72.08333333333333)	(61.0, 73.0)	(62.0, 27.25)	(63.0, 11.25)	(64.0, 5.0)	(65.0, 8.5)	(66.0, 85.75)	(67.0, 48.75)	(68.0, 0.75)	(69.0, 0.25)	(70.0, 0.0)	(71.0, 0.0)	(72.0, 0.0)	(73.0, 0.25)	(74.0, 0.0)	(75.0, 0.0)	(76.0, 0.0)	(77.0, 0.0)	(78.0, 0.0)	(79.0, 0.0)	(80.0, 0.0)	(81.0, 0.0)	(82.0, 0.0)	(83.0, 0.0)	(84.0, 0.0)	(85.0, 0.0)	(86.0, 0.0)	(87.0, 0.0)	(88.0, 0.0)	(89.0, 0.0)	(90.0, 0.0)	(91.0, 0.0)	(92.0, 0.0)	(93.0, 0.0)	(94.0, 0.0)	(95.0, 0.0)	(96.0, 0.0)	(97.0, 0.0)	(98.0, 0.0)	(99.0, 0.0)	(100.0, 0.0)
574B0_S99_L001_R2_001	(0.0, 0.0)	(1.0, 0.0)	(2.0, 0.0)	(3.0, 0.0)	(4.0, 0.0)	(5.0, 0.0)	(6.0, 0.0)	(7.0, 0.0)	(8.0, 0.0)	(9.0, 0.0)	(10.0, 0.0)	(11.0, 0.0)	(12.0, 0.0)	(13.0, 0.0)	(14.0, 0.0)	(15.0, 0.0)	(16.0, 0.0)	(17.0, 0.0)	(18.0, 0.0)	(19.0, 0.0)	(20.0, 0.0)	(21.0, 0.0)	(22.0, 0.0)	(23.0, 0.0)	(24.0, 0.0)	(25.0, 0.0)	(26.0, 0.0)	(27.0, 0.0)	(28.0, 0.0)	(29.0, 0.0)	(30.0, 0.0)	(31.0, 0.0)	(32.0, 0.0)	(33.0, 0.0)	(34.0, 0.0)	(35.0, 0.0)	(36.0, 0.0)	(37.0, 0.0)	(38.0, 0.0)	(39.0, 0.25)	(40.0, 0.75)	(41.0, 1.0)	(42.0, 0.5)	(43.0, 1.3333333333333333)	(44.0, 2.083333333333333)	(45.0, 2.333333333333333)	(46.0, 5.0)	(47.0, 22.249999999999996)	(48.0, 113.1666666666666)	(49.0, 159.66666666666669)	(50.0, 159.41666666666669)	(51.0, 268.00000000000045)	(52.0, 790.6666666666705)	(53.0, 2234.3333333333276)	(54.0, 3859.083333333341)	(55.0, 2705.0833333333353)	(56.0, 986.3333333333336)	(57.0, 381.49999999999994)	(58.0, 143.75)	(59.0, 79.66666666666664)	(60.0, 50.0)	(61.0, 50.58333333333334)	(62.0, 49.25000000000001)	(63.0, 38.333333333333336)	(64.0, 32.0)	(65.0, 28.333333333333332)	(66.0, 27.583333333333325)	(67.0, 53.000000000000014)	(68.0, 58.0)	(69.0, 27.5)	(70.0, 9.25)	(71.0, 5.0)	(72.0, 2.25)	(73.0, 1.0)	(74.0, 1.0)	(75.0, 0.8333333333333333)	(76.0, 0.8333333333333333)	(77.0, 1.0)	(78.0, 0.5)	(79.0, 0.25)	(80.0, 1.0)	(81.0, 0.75)	(82.0, 0.5)	(83.0, 0.5)	(84.0, 0.25)	(85.0, 0.25)	(86.0, 0.25)	(87.0, 0.0)	(88.0, 0.5)	(89.0, 0.0)	(90.0, 0.0)	(91.0, 0.0)	(92.0, 0.0)	(93.0, 0.0)	(94.0, 0.0)	(95.0, 0.0)	(96.0, 0.25)	(97.0, 0.25)	(98.0, 0.0)	(99.0, 0.0)	(100.0, 0.3333333333333333)
574B14_S100_L001_R1_001	(0.0, 0.0)	(1.0, 0.0)	(2.0, 0.0)	(3.0, 0.0)	(4.0, 0.0)	(5.0, 0.0)	(6.0, 0.0)	(7.0, 0.0)	(8.0, 0.0)	(9.0, 0.0)	(10.0, 0.0)	(11.0, 0.0)	(12.0, 0.0)	(13.0, 0.0)	(14.0, 0.0)	(15.0, 0.0)	(16.0, 0.0)	(17.0, 0.0)	(18.0, 0.0)	(19.0, 0.0)	(20.0, 0.0)	(21.0, 0.0)	(22.0, 0.0)	(23.0, 0.0)	(24.0, 0.0)	(25.0, 0.0)	(26.0, 0.0)	(27.0, 0.0)	(28.0, 0.0)	(29.0, 0.0)	(30.0, 0.0)	(31.0, 0.0)	(32.0, 0.0)	(33.0, 0.0)	(34.0, 0.0)	(35.0, 0.0)	(36.0, 0.0)	(37.0, 0.0)	(38.0, 0.0)	(39.0, 0.0)	(40.0, 0.0)	(41.0, 0.0)	(42.0, 0.0)	(43.0, 0.5)	(44.0, 0.0)	(45.0, 0.75)	(46.0, 1.5)	(47.0, 4.333333333333334)	(48.0, 4.75)	(49.0, 10.833333333333334)	(50.0, 30.75)	(51.0, 229.58333333333334)	(52.0, 1454.0833333333333)	(53.0, 3901.7500000000014)	(54.0, 3536.083333333334)	(55.0, 1211.583333333333)	(56.0, 308.83333333333326)	(57.0, 83.16666666666666)	(58.0, 45.16666666666667)	(59.0, 40.333333333333336)	(60.0, 28.583333333333336)	(61.0, 27.916666666666668)	(62.0, 9.916666666666666)	(63.0, 6.083333333333333)	(64.0, 2.75)	(65.0, 5.5)	(66.0, 63.75)	(67.0, 40.25)	(68.0, 2.0)	(69.0, 0.25)	(70.0, 0.0)	(71.0, 0.0)	(72.0, 0.0)	(73.0, 0.0)	(74.0, 0.0)	(75.0, 0.0)	(76.0, 0.0)	(77.0, 0.0)	(78.0, 0.0)	(79.0, 0.0)	(80.0, 0.0)	(81.0, 0.0)	(82.0, 0.0)	(83.0, 0.0)	(84.0, 0.0)	(85.0, 0.0)	(86.0, 0.0)	(87.0, 0.0)	(88.0, 0.0)	(89.0, 0.0)	(90.0, 0.0)	(91.0, 0.0)	(92.0, 0.0)	(93.0, 0.0)	(94.0, 0.0)	(95.0, 0.0)	(96.0, 0.0)	(97.0, 0.0)	(98.0, 0.0)	(99.0, 0.0)	(100.0, 0.0)
574B14_S100_L001_R2_001	(0.0, 0.0)	(1.0, 0.0)	(2.0, 0.0)	(3.0, 0.0)	(4.0, 0.0)	(5.0, 0.0)	(6.0, 0.0)	(7.0, 0.0)	(8.0, 0.0)	(9.0, 0.0)	(10.0, 0.0)	(11.0, 0.0)	(12.0, 0.0)	(13.0, 0.0)	(14.0, 0.0)	(15.0, 0.0)	(16.0, 0.0)	(17.0, 0.0)	(18.0, 0.0)	(19.0, 0.0)	(20.0, 0.0)	(21.0, 0.0)	(22.0, 0.0)	(23.0, 0.0)	(24.0, 0.0)	(25.0, 0.0)	(26.0, 0.0)	(27.0, 0.0)	(28.0, 0.0)	(29.0, 0.0)	(30.0, 0.0)	(31.0, 0.0)	(32.0, 0.0)	(33.0, 0.0)	(34.0, 0.25)	(35.0, 0.0)	(36.0, 0.0)	(37.0, 0.0)	(38.0, 0.5)	(39.0, 0.0)	(40.0, 0.3333333333333333)	(41.0, 0.25)	(42.0, 0.5)	(43.0, 1.3333333333333333)	(44.0, 0.8333333333333333)	(45.0, 2.0)	(46.0, 3.25)	(47.0, 5.5)	(48.0, 13.25)	(49.0, 26.583333333333325)	(50.0, 78.83333333333331)	(51.0, 391.2499999999992)	(52.0, 1030.583333333341)	(53.0, 2182.6666666666583)	(54.0, 3527.5000000000077)	(55.0, 2637.833333333334)	(56.0, 875.5833333333336)	(57.0, 230.08333333333334)	(58.0, 78.75)	(59.0, 49.5)	(60.0, 29.083333333333332)	(61.0, 22.666666666666664)	(62.0, 23.833333333333332)	(63.0, 16.25)	(64.0, 15.5)	(65.0, 14.25)	(66.0, 17.583333333333336)	(67.0, 43.583333333333336)	(68.0, 44.833333333333336)	(69.0, 21.583333333333336)	(70.0, 7.583333333333333)	(71.0, 1.5)	(72.0, 1.75)	(73.0, 0.75)	(74.0, 0.75)	(75.0, 1.25)	(76.0, 1.5)	(77.0, 1.25)	(78.0, 0.25)	(79.0, 0.25)	(80.0, 0.75)	(81.0, 0.5)	(82.0, 1.25)	(83.0, 0.25)	(84.0, 0.5)	(85.0, 0.0)	(86.0, 0.25)	(87.0, 0.25)	(88.0, 0.5)	(89.0, 0.25)	(90.0, 0.0)	(91.0, 0.0)	(92.0, 0.0)	(93.0, 0.0)	(94.0, 0.0)	(95.0, 0.0)	(96.0, 0.0)	(97.0, 0.0)	(98.0, 0.0)	(99.0, 0.75)	(100.0, 0.3333333333333333)
576A0_S93_L001_R1_001	(0.0, 1.0)	(1.0, 0.5)	(2.0, 0.0)	(3.0, 0.0)	(4.0, 0.0)	(5.0, 0.0)	(6.0, 0.0)	(7.0, 0.0)	(8.0, 0.0)	(9.0, 0.0)	(10.0, 0.0)	(11.0, 0.0)	(12.0, 0.0)	(13.0, 0.0)	(14.0, 0.0)	(15.0, 0.0)	(16.0, 0.0)	(17.0, 0.0)	(18.0, 0.0)	(19.0, 0.0)	(20.0, 0.0)	(21.0, 0.0)	(22.0, 0.0)	(23.0, 0.0)	(24.0, 0.0)	(25.0, 0.0)	(26.0, 0.0)	(27.0, 0.0)	(28.0, 0.0)	(29.0, 0.0)	(30.0, 0.0)	(31.0, 0.0)	(32.0, 0.0)	(33.0, 0.0)	(34.0, 0.0)	(35.0, 0.0)	(36.0, 0.0)	(37.0, 0.0)	(38.0, 0.25)	(39.0, 0.0)	(40.0, 0.0)	(41.0, 0.0)	(42.0, 0.5)	(43.0, 1.25)	(44.0, 1.5)	(45.0, 1.25)	(46.0, 8.5)	(47.0, 99.75)	(48.0, 149.41666666666666)	(49.0, 159.08333333333331)	(50.0, 368.0)	(51.0, 1214.0)	(52.0, 2201.2499999999995)	(53.0, 1422.0833333333333)	(54.0, 1602.2499999999995)	(55.0, 1386.7499999999993)	(56.0, 519.5833333333326)	(57.0, 230.91666666666688)	(58.0, 175.83333333333348)	(59.0, 87.24999999999993)	(60.0, 57.50000000000005)	(61.0, 24.249999999999993)	(62.0, 7.25)	(63.0, 3.75)	(64.0, 2.25)	(65.0, 0.25)	(66.0, 3.25)	(67.0, 2.5)	(68.0, 0.0)	(69.0, 0.0)	(70.0, 0.0)	(71.0, 0.0)	(72.0, 0.0)	(73.0, 0.0)	(74.0, 0.0)	(75.0, 0.0)	(76.0, 0.0)	(77.0, 0.0)	(78.0, 0.0)	(79.0, 0.0)	(80.0, 0.0)	(81.0, 0.0)	(82.0, 0.0)	(83.0, 0.0)	(84.0, 0.0)	(85.0, 0.0)	(86.0, 0.0)	(87.0, 0.0)	(88.0, 0.0)	(89.0, 0.0)	(90.0, 0.0)	(91.0, 0.0)	(92.0, 0.0)	(93.0, 0.0)	(94.0, 0.0)	(95.0, 0.0)	(96.0, 0.0)	(97.0, 0.0)	(98.0, 0.0)	(99.0, 0.0)	(100.0, 0.0)
576A0_S93_L001_R2_001	(0.0, 1.0)	(1.0, 0.5)	(2.0, 0.0)	(3.0, 0.0)	(4.0, 0.0)	(5.0, 0.0)	(6.0, 0.0)	(7.0, 0.0)	(8.0, 0.0)	(9.0, 0.0)	(10.0, 0.0)	(11.0, 0.0)	(12.0, 0.0)	(13.0, 0.0)	(14.0, 0.0)	(15.0, 0.0)	(16.0, 0.0)	(17.0, 0.0)	(18.0, 0.0)	(19.0, 0.0)	(20.0, 0.0)	(21.0, 0.0)	(22.0, 0.0)	(23.0, 0.0)	(24.0, 0.0)	(25.0, 0.0)	(26.0, 0.0)	(27.0, 0.0)	(28.0, 0.0)	(29.0, 0.0)	(30.0, 0.0)	(31.0, 0.0)	(32.0, 0.0)	(33.0, 0.0)	(34.0, 0.0)	(35.0, 0.25)	(36.0, 0.25)	(37.0, 0.25)	(38.0, 0.0)	(39.0, 0.25)	(40.0, 0.5)	(41.0, 0.75)	(42.0, 1.0)	(43.0, 1.75)	(44.0, 2.916666666666667)	(45.0, 6.833333333333333)	(46.0, 31.416666666666664)	(47.0, 88.25)	(48.0, 205.8333333333334)	(49.0, 246.16666666666683)	(50.0, 339.66666666666646)	(51.0, 648.5000000000005)	(52.0, 1478.0833333333303)	(53.0, 2476.249999999998)	(54.0, 2253.5833333333317)	(55.0, 1140.25)	(56.0, 430.5)	(57.0, 145.08333333333331)	(58.0, 88.33333333333333)	(59.0, 54.91666666666667)	(60.0, 26.41666666666666)	(61.0, 18.0)	(62.0, 12.416666666666666)	(63.0, 6.583333333333334)	(64.0, 4.5)	(65.0, 7.416666666666666)	(66.0, 4.0)	(67.0, 3.833333333333333)	(68.0, 3.0)	(69.0, 2.75)	(70.0, 1.5)	(71.0, 1.0)	(72.0, 0.75)	(73.0, 0.75)	(74.0, 0.25)	(75.0, 0.0)	(76.0, 0.25)	(77.0, 0.75)	(78.0, 0.0)	(79.0, 0.0)	(80.0, 0.0)	(81.0, 0.0)	(82.0, 0.0)	(83.0, 0.25)	(84.0, 0.25)	(85.0, 0.25)	(86.0, 0.0)	(87.0, 0.0)	(88.0, 0.25)	(89.0, 0.5)	(90.0, 0.25)	(91.0, 0.0)	(92.0, 0.0)	(93.0, 0.0)	(94.0, 0.25)	(95.0, 0.25)	(96.0, 0.0)	(97.0, 0.0)	(98.0, 0.0)	(99.0, 0.25)	(100.0, 0.0)
576A14_S94_L001_R1_001	(0.0, 0.0)	(1.0, 0.0)	(2.0, 0.0)	(3.0, 0.0)	(4.0, 0.0)	(5.0, 0.0)	(6.0, 0.0)	(7.0, 0.0)	(8.0, 0.0)	(9.0, 0.0)	(10.0, 0.0)	(11.0, 0.0)	(12.0, 0.0)	(13.0, 0.0)	(14.0, 0.0)	(15.0, 0.0)	(16.0, 0.0)	(17.0, 0.0)	(18.0, 0.0)	(19.0, 0.0)	(20.0, 0.0)	(21.0, 0.0)	(22.0, 0.0)	(23.0, 0.0)	(24.0, 0.0)	(25.0, 0.0)	(26.0, 0.0)	(27.0, 0.0)	(28.0, 0.0)	(29.0, 0.0)	(30.0, 0.0)	(31.0, 0.0)	(32.0, 0.0)	(33.0, 0.0)	(34.0, 0.0)	(35.0, 0.0)	(36.0, 0.0)	(37.0, 0.0)	(38.0, 0.25)	(39.0, 0.25)	(40.0, 0.0)	(41.0, 0.25)	(42.0, 0.5)	(43.0, 0.5)	(44.0, 0.75)	(45.0, 2.0)	(46.0, 13.5)	(47.0, 131.58333333333331)	(48.0, 223.16666666666666)	(49.0, 278.91666666666663)	(50.0, 442.83333333333326)	(51.0, 1025.416666666667)	(52.0, 2085.8333333333326)	(53.0, 1831.166666666666)	(54.0, 1940.0833333333328)	(55.0, 1388.4999999999995)	(56.0, 515.4166666666664)	(57.0, 297.0833333333335)	(58.0, 506.33333333333024)	(59.0, 220.0833333333341)	(60.0, 102.49999999999987)	(61.0, 44.583333333333336)	(62.0, 16.916666666666664)	(63.0, 12.416666666666668)	(64.0, 4.0)	(65.0, 1.75)	(66.0, 8.75)	(67.0, 13.25)	(68.0, 1.75)	(69.0, 0.0)	(70.0, 0.0)	(71.0, 0.0)	(72.0, 0.0)	(73.0, 0.0)	(74.0, 0.0)	(75.0, 0.0)	(76.0, 0.0)	(77.0, 0.0)	(78.0, 0.0)	(79.0, 0.0)	(80.0, 0.0)	(81.0, 0.0)	(82.0, 0.0)	(83.0, 0.0)	(84.0, 0.0)	(85.0, 0.0)	(86.0, 0.0)	(87.0, 0.0)	(88.0, 0.0)	(89.0, 0.0)	(90.0, 0.0)	(91.0, 0.0)	(92.0, 0.0)	(93.0, 0.0)	(94.0, 0.0)	(95.0, 0.0)	(96.0, 0.0)	(97.0, 0.0)	(98.0, 0.0)	(99.0, 0.0)	(100.0, 0.0)
576A14_S94_L001_R2_001	(0.0, 0.0)	(1.0, 0.0)	(2.0, 0.0)	(3.0, 0.0)	(4.0, 0.0)	(5.0, 0.0)	(6.0, 0.0)	(7.0, 0.0)	(8.0, 0.0)	(9.0, 0.0)	(10.0, 0.0)	(11.0, 0.0)	(12.0, 0.0)	(13.0, 0.0)	(14.0, 0.0)	(15.0, 0.0)	(16.0, 0.0)	(17.0, 0.0)	(18.0, 0.0)	(19.0, 0.0)	(20.0, 0.0)	(21.0, 0.0)	(22.0, 0.0)	(23.0, 0.0)	(24.0, 0.0)	(25.0, 0.0)	(26.0, 0.0)	(27.0, 0.0)	(28.0, 0.0)	(29.0, 0.25)	(30.0, 0.0)	(31.0, 0.0)	(32.0, 0.0)	(33.0, 0.0)	(34.0, 0.0)	(35.0, 0.0)	(36.0, 0.0)	(37.0, 0.25)	(38.0, 0.0)	(39.0, 0.5)	(40.0, 0.5)	(41.0, 1.75)	(42.0, 1.0)	(43.0, 2.0)	(44.0, 4.0)	(45.0, 17.500000000000004)	(46.0, 67.08333333333337)	(47.0, 154.08333333333334)	(48.0, 356.2499999999998)	(49.0, 443.3333333333331)	(50.0, 392.16666666666606)	(51.0, 1108.0000000000014)	(52.0, 2057.4999999999895)	(53.0, 2301.4999999999977)	(54.0, 1929.9999999999984)	(55.0, 1141.0000000000007)	(56.0, 471.24999999999994)	(57.0, 182.1666666666667)	(58.0, 153.83333333333331)	(59.0, 93.0)	(60.0, 38.5)	(61.0, 19.416666666666668)	(62.0, 14.333333333333334)	(63.0, 13.75)	(64.0, 11.75)	(65.0, 8.833333333333332)	(66.0, 8.0)	(67.0, 12.333333333333332)	(68.0, 16.5)	(69.0, 9.25)	(70.0, 4.5)	(71.0, 1.5)	(72.0, 0.5)	(73.0, 0.5)	(74.0, 1.0)	(75.0, 0.0)	(76.0, 0.75)	(77.0, 0.75)	(78.0, 0.25)	(79.0, 0.25)	(80.0, 1.25)	(81.0, 0.75)	(82.0, 0.0)	(83.0, 0.0)	(84.0, 0.0)	(85.0, 0.25)	(86.0, 0.0)	(87.0, 0.0)	(88.0, 0.0)	(89.0, 0.0)	(90.0, 0.75)	(91.0, 0.5)	(92.0, 0.25)	(93.0, 0.0)	(94.0, 0.0)	(95.0, 0.0)	(96.0, 0.0)	(97.0, 0.0)	(98.0, 0.0)	(99.0, 0.0)	(100.0, 0.3333333333333333)
576B0_S95_L001_R1_001	(0.0, 4.0)	(1.0, 2.0)	(2.0, 0.0)	(3.0, 0.0)	(4.0, 0.0)	(5.0, 0.0)	(6.0, 0.0)	(7.0, 0.0)	(8.0, 0.0)	(9.0, 0.0)	(10.0, 0.0)	(11.0, 0.0)	(12.0, 0.0)	(13.0, 0.0)	(14.0, 0.0)	(15.0, 0.0)	(16.0, 0.0)	(17.0, 0.0)	(18.0, 0.0)	(19.0, 0.0)	(20.0, 0.0)	(21.0, 0.0)	(22.0, 0.0)	(23.0, 0.0)	(24.0, 0.0)	(25.0, 0.0)	(26.0, 0.0)	(27.0, 0.0)	(28.0, 0.0)	(29.0, 0.0)	(30.0, 0.0)	(31.0, 0.0)	(32.0, 0.0)	(33.0, 0.0)	(34.0, 0.0)	(35.0, 0.0)	(36.0, 0.0)	(37.0, 0.0)	(38.0, 0.0)	(39.0, 0.0)	(40.0, 0.25)	(41.0, 0.25)	(42.0, 0.25)	(43.0, 1.25)	(44.0, 0.75)	(45.0, 2.0)	(46.0, 5.5)	(47.0, 37.25)	(48.0, 70.33333333333334)	(49.0, 142.25)	(50.0, 406.0)	(51.0, 1087.416666666667)	(52.0, 2323.9166666666665)	(53.0, 2325.5)	(54.0, 2739.9999999999995)	(55.0, 2277.749999999998)	(56.0, 960.3333333333355)	(57.0, 456.2499999999996)	(58.0, 239.416666666667)	(59.0, 189.5833333333337)	(60.0, 176.91666666666697)	(61.0, 68.66666666666669)	(62.0, 26.666666666666664)	(63.0, 20.083333333333332)	(64.0, 15.0)	(65.0, 3.5)	(66.0, 21.0)	(67.0, 35.25)	(68.0, 4.25)	(69.0, 0.25)	(70.0, 0.0)	(71.0, 0.0)	(72.0, 0.0)	(73.0, 0.0)	(74.0, 0.0)	(75.0, 0.0)	(76.0, 0.0)	(77.0, 0.0)	(78.0, 0.0)	(79.0, 0.0)	(80.0, 0.0)	(81.0, 0.0)	(82.0, 0.0)	(83.0, 0.0)	(84.0, 0.0)	(85.0, 0.0)	(86.0, 0.0)	(87.0, 0.0)	(88.0, 0.0)	(89.0, 0.0)	(90.0, 0.0)	(91.0, 0.0)	(92.0, 0.0)	(93.0, 0.0)	(94.0, 0.0)	(95.0, 0.0)	(96.0, 0.0)	(97.0, 0.0)	(98.0, 0.0)	(99.0, 0.0)	(100.0, 0.0)
576B0_S95_L001_R2_001	(0.0, 4.0)	(1.0, 2.0)	(2.0, 0.0)	(3.0, 0.0)	(4.0, 0.0)	(5.0, 0.0)	(6.0, 0.0)	(7.0, 0.0)	(8.0, 0.0)	(9.0, 0.0)	(10.0, 0.0)	(11.0, 0.0)	(12.0, 0.0)	(13.0, 0.0)	(14.0, 0.0)	(15.0, 0.0)	(16.0, 0.0)	(17.0, 0.0)	(18.0, 0.0)	(19.0, 0.0)	(20.0, 0.0)	(21.0, 0.0)	(22.0, 0.0)	(23.0, 0.0)	(24.0, 0.0)	(25.0, 0.0)	(26.0, 0.0)	(27.0, 0.0)	(28.0, 0.0)	(29.0, 0.0)	(30.0, 0.0)	(31.0, 0.0)	(32.0, 0.25)	(33.0, 0.5)	(34.0, 0.0)	(35.0, 0.25)	(36.0, 0.25)	(37.0, 0.25)	(38.0, 0.25)	(39.0, 0.25)	(40.0, 0.0)	(41.0, 1.0)	(42.0, 1.4999999999999998)	(43.0, 3.5)	(44.0, 3.0833333333333335)	(45.0, 4.833333333333333)	(46.0, 21.166666666666664)	(47.0, 71.83333333333336)	(48.0, 152.25000000000003)	(49.0, 234.16666666666706)	(50.0, 434.1666666666655)	(51.0, 1046.2500000000034)	(52.0, 2384.9166666666647)	(53.0, 3155.6666666666724)	(54.0, 2854.0833333333344)	(55.0, 1628.9166666666658)	(56.0, 683.0)	(57.0, 274.25)	(58.0, 225.41666666666669)	(59.0, 129.41666666666669)	(60.0, 53.5)	(61.0, 27.166666666666664)	(62.0, 18.833333333333336)	(63.0, 20.916666666666664)	(64.0, 22.833333333333332)	(65.0, 22.0)	(66.0, 19.666666666666668)	(67.0, 31.0)	(68.0, 27.25)	(69.0, 13.75)	(70.0, 6.5)	(71.0, 2.25)	(72.0, 1.75)	(73.0, 1.0)	(74.0, 1.25)	(75.0, 2.0)	(76.0, 1.25)	(77.0, 0.75)	(78.0, 0.25)	(79.0, 0.5)	(80.0, 0.5)	(81.0, 0.5)	(82.0, 0.0)	(83.0, 0.25)	(84.0, 0.0)	(85.0, 0.5)	(86.0, 0.5)	(87.0, 0.0)	(88.0, 0.0)	(89.0, 0.0)	(90.0, 0.0)	(91.0, 0.25)	(92.0, 0.0)	(93.0, 0.0)	(94.0, 0.0)	(95.0, 0.25)	(96.0, 0.25)	(97.0, 0.0)	(98.0, 0.25)	(99.0, 0.25)	(100.0, 0.3333333333333333)
576B14_S96_L001_R1_001	(0.0, 0.0)	(1.0, 0.0)	(2.0, 0.0)	(3.0, 0.0)	(4.0, 0.0)	(5.0, 0.0)	(6.0, 0.0)	(7.0, 0.0)	(8.0, 0.0)	(9.0, 0.0)	(10.0, 0.0)	(11.0, 0.0)	(12.0, 0.0)	(13.0, 0.0)	(14.0, 0.0)	(15.0, 0.0)	(16.0, 0.0)	(17.0, 0.0)	(18.0, 0.0)	(19.0, 0.0)	(20.0, 0.0)	(21.0, 0.0)	(22.0, 0.0)	(23.0, 0.0)	(24.0, 0.0)	(25.0, 0.0)	(26.0, 0.0)	(27.0, 0.0)	(28.0, 0.0)	(29.0, 0.0)	(30.0, 0.0)	(31.0, 0.0)	(32.0, 0.0)	(33.0, 0.0)	(34.0, 0.0)	(35.0, 0.3333333333333333)	(36.0, 0.3333333333333333)	(37.0, 0.0)	(38.0, 0.0)	(39.0, 0.5)	(40.0, 0.8333333333333333)	(41.0, 1.5833333333333333)	(42.0, 1.5)	(43.0, 4.5)	(44.0, 3.75)	(45.0, 6.5)	(46.0, 24.166666666666664)	(47.0, 349.3333333333333)	(48.0, 529.0833333333333)	(49.0, 355.5833333333333)	(50.0, 632.0833333333335)	(51.0, 1855.583333333333)	(52.0, 3530.583333333334)	(53.0, 2894.333333333333)	(54.0, 3109.000000000001)	(55.0, 2590.75)	(56.0, 1008.8333333333351)	(57.0, 412.6666666666664)	(58.0, 303.16666666666697)	(59.0, 206.83333333333408)	(60.0, 131.49999999999974)	(61.0, 40.58333333333336)	(62.0, 16.583333333333336)	(63.0, 9.25)	(64.0, 5.5)	(65.0, 3.25)	(66.0, 9.25)	(67.0, 17.5)	(68.0, 2.25)	(69.0, 0.0)	(70.0, 0.0)	(71.0, 0.0)	(72.0, 0.25)	(73.0, 0.25)	(74.0, 0.0)	(75.0, 0.0)	(76.0, 0.25)	(77.0, 0.0)	(78.0, 0.0)	(79.0, 0.0)	(80.0, 0.0)	(81.0, 0.0)	(82.0, 0.0)	(83.0, 0.0)	(84.0, 0.0)	(85.0, 0.0)	(86.0, 0.0)	(87.0, 0.0)	(88.0, 0.0)	(89.0, 0.0)	(90.0, 0.0)	(91.0, 0.0)	(92.0, 0.0)	(93.0, 0.0)	(94.0, 0.0)	(95.0, 0.0)	(96.0, 0.0)	(97.0, 0.0)	(98.0, 0.0)	(99.0, 0.0)	(100.0, 0.0)
576B14_S96_L001_R2_001	(0.0, 0.0)	(1.0, 0.0)	(2.0, 0.0)	(3.0, 0.0)	(4.0, 0.0)	(5.0, 0.0)	(6.0, 0.0)	(7.0, 0.0)	(8.0, 0.0)	(9.0, 0.0)	(10.0, 0.0)	(11.0, 0.0)	(12.0, 0.0)	(13.0, 0.0)	(14.0, 0.0)	(15.0, 0.0)	(16.0, 0.0)	(17.0, 0.0)	(18.0, 0.0)	(19.0, 0.0)	(20.0, 0.0)	(21.0, 0.0)	(22.0, 0.0)	(23.0, 0.0)	(24.0, 0.0)	(25.0, 0.0)	(26.0, 0.0)	(27.0, 0.0)	(28.0, 0.0)	(29.0, 0.0)	(30.0, 0.0)	(31.0, 0.0)	(32.0, 0.0)	(33.0, 0.0)	(34.0, 0.25)	(35.0, 0.25)	(36.0, 0.25)	(37.0, 0.5833333333333333)	(38.0, 0.3333333333333333)	(39.0, 1.0833333333333333)	(40.0, 2.5)	(41.0, 3.166666666666667)	(42.0, 4.583333333333334)	(43.0, 5.083333333333333)	(44.0, 11.833333333333336)	(45.0, 24.91666666666666)	(46.0, 132.41666666666663)	(47.0, 342.4166666666667)	(48.0, 598.0000000000001)	(49.0, 463.416666666666)	(50.0, 579.8333333333327)	(51.0, 1270.9999999999998)	(52.0, 2944.333333333343)	(53.0, 4276.333333333348)	(54.0, 3876.0833333333408)	(55.0, 1991.6666666666654)	(56.0, 699.9166666666667)	(57.0, 265.83333333333337)	(58.0, 193.75000000000003)	(59.0, 106.33333333333333)	(60.0, 44.583333333333336)	(61.0, 27.833333333333336)	(62.0, 16.916666666666664)	(63.0, 19.583333333333336)	(64.0, 19.583333333333336)	(65.0, 11.666666666666668)	(66.0, 14.833333333333332)	(67.0, 15.0)	(68.0, 19.75)	(69.0, 6.75)	(70.0, 2.25)	(71.0, 1.0)	(72.0, 1.5)	(73.0, 1.5)	(74.0, 1.25)	(75.0, 1.5)	(76.0, 1.25)	(77.0, 0.75)	(78.0, 0.5)	(79.0, 0.0)	(80.0, 0.5)	(81.0, 0.0)	(82.0, 0.0)	(83.0, 0.0)	(84.0, 0.0)	(85.0, 0.25)	(86.0, 0.5)	(87.0, 0.75)	(88.0, 0.25)	(89.0, 0.25)	(90.0, 0.25)	(91.0, 0.25)	(92.0, 0.25)	(93.0, 0.0)	(94.0, 0.0)	(95.0, 0.25)	(96.0, 0.25)	(97.0, 0.25)	(98.0, 0.0)	(99.0, 0.25)	(100.0, 0.0)
578A0_S101_L001_R1_001	(0.0, 0.0)	(1.0, 0.0)	(2.0, 0.0)	(3.0, 0.0)	(4.0, 0.0)	(5.0, 0.0)	(6.0, 0.0)	(7.0, 0.0)	(8.0, 0.0)	(9.0, 0.0)	(10.0, 0.0)	(11.0, 0.0)	(12.0, 0.0)	(13.0, 0.0)	(14.0, 0.0)	(15.0, 0.0)	(16.0, 0.0)	(17.0, 0.0)	(18.0, 0.0)	(19.0, 0.0)	(20.0, 0.0)	(21.0, 0.0)	(22.0, 0.0)	(23.0, 0.0)	(24.0, 0.0)	(25.0, 0.0)	(26.0, 0.0)	(27.0, 0.0)	(28.0, 0.0)	(29.0, 0.0)	(30.0, 0.0)	(31.0, 0.0)	(32.0, 0.0)	(33.0, 0.0)	(34.0, 0.0)	(35.0, 0.0)	(36.0, 0.0)	(37.0, 0.0)	(38.0, 0.0)	(39.0, 0.0)	(40.0, 0.0)	(41.0, 0.0)	(42.0, 0.25)	(43.0, 0.25)	(44.0, 0.25)	(45.0, 1.25)	(46.0, 2.25)	(47.0, 19.5)	(48.0, 47.166666666666664)	(49.0, 68.25)	(50.0, 128.49999999999994)	(51.0, 609.9166666666666)	(52.0, 1126.3333333333335)	(53.0, 2283.666666666666)	(54.0, 2771.5)	(55.0, 1091.0833333333337)	(56.0, 381.66666666666663)	(57.0, 188.41666666666666)	(58.0, 177.58333333333331)	(59.0, 27.0)	(60.0, 5.5)	(61.0, 1.25)	(62.0, 1.0)	(63.0, 0.25)	(64.0, 0.5)	(65.0, 0.25)	(66.0, 0.0)	(67.0, 0.25)	(68.0, 0.25)	(69.0, 0.0)	(70.0, 0.0)	(71.0, 0.0)	(72.0, 0.0)	(73.0, 0.0)	(74.0, 0.0)	(75.0, 0.0)	(76.0, 0.0)	(77.0, 0.0)	(78.0, 0.0)	(79.0, 0.0)	(80.0, 0.0)	(81.0, 0.0)	(82.0, 0.0)	(83.0, 0.0)	(84.0, 0.0)	(85.0, 0.0)	(86.0, 0.0)	(87.0, 0.0)	(88.0, 0.0)	(89.0, 0.0)	(90.0, 0.0)	(91.0, 0.0)	(92.0, 0.0)	(93.0, 0.0)	(94.0, 0.0)	(95.0, 0.0)	(96.0, 0.0)	(97.0, 0.0)	(98.0, 0.0)	(99.0, 0.0)	(100.0, 0.0)
578A0_S101_L001_R2_001	(0.0, 0.0)	(1.0, 0.0)	(2.0, 0.0)	(3.0, 0.0)	(4.0, 0.0)	(5.0, 0.0)	(6.0, 0.0)	(7.0, 0.0)	(8.0, 0.0)	(9.0, 0.0)	(10.0, 0.0)	(11.0, 0.0)	(12.0, 0.0)	(13.0, 0.0)	(14.0, 0.0)	(15.0, 0.0)	(16.0, 0.0)	(17.0, 0.0)	(18.0, 0.0)	(19.0, 0.0)	(20.0, 0.0)	(21.0, 0.0)	(22.0, 0.0)	(23.0, 0.0)	(24.0, 0.0)	(25.0, 0.0)	(26.0, 0.0)	(27.0, 0.0)	(28.0, 0.0)	(29.0, 0.0)	(30.0, 0.0)	(31.0, 0.0)	(32.0, 0.0)	(33.0, 0.0)	(34.0, 0.0)	(35.0, 0.0)	(36.0, 0.0)	(37.0, 0.0)	(38.0, 0.0)	(39.0, 0.0)	(40.0, 0.25)	(41.0, 0.5)	(42.0, 0.75)	(43.0, 1.6666666666666665)	(44.0, 0.5833333333333333)	(45.0, 1.5833333333333333)	(46.0, 4.166666666666666)	(47.0, 7.833333333333331)	(48.0, 36.41666666666666)	(49.0, 86.58333333333331)	(50.0, 86.24999999999994)	(51.0, 246.5000000000006)	(52.0, 806.4166666666704)	(53.0, 1759.4166666666586)	(54.0, 2491.75)	(55.0, 2440.4166666666665)	(56.0, 928.3333333333334)	(57.0, 207.25)	(58.0, 64.16666666666666)	(59.0, 26.583333333333336)	(60.0, 18.416666666666668)	(61.0, 11.75)	(62.0, 9.916666666666666)	(63.0, 5.749999999999999)	(64.0, 5.166666666666666)	(65.0, 4.0)	(66.0, 3.5)	(67.0, 1.5)	(68.0, 2.25)	(69.0, 1.75)	(70.0, 2.75)	(71.0, 2.0)	(72.0, 1.0)	(73.0, 1.0)	(74.0, 0.25)	(75.0, 0.0)	(76.0, 0.25)	(77.0, 0.5)	(78.0, 0.75)	(79.0, 0.25)	(80.0, 0.25)	(81.0, 0.5)	(82.0, 0.0)	(83.0, 0.5)	(84.0, 0.25)	(85.0, 0.25)	(86.0, 0.0)	(87.0, 0.25)	(88.0, 0.75)	(89.0, 0.25)	(90.0, 0.0)	(91.0, 0.0)	(92.0, 0.0)	(93.0, 0.0)	(94.0, 0.0)	(95.0, 0.0)	(96.0, 0.0)	(97.0, 0.0)	(98.0, 0.0)	(99.0, 0.0)	(100.0, 0.0)
578A14_S102_L001_R1_001	(0.0, 0.0)	(1.0, 0.0)	(2.0, 0.0)	(3.0, 0.0)	(4.0, 0.0)	(5.0, 0.0)	(6.0, 0.0)	(7.0, 0.0)	(8.0, 0.0)	(9.0, 0.0)	(10.0, 0.0)	(11.0, 0.0)	(12.0, 0.0)	(13.0, 0.0)	(14.0, 0.0)	(15.0, 0.0)	(16.0, 0.0)	(17.0, 0.0)	(18.0, 0.0)	(19.0, 0.0)	(20.0, 0.0)	(21.0, 0.0)	(22.0, 0.0)	(23.0, 0.0)	(24.0, 0.0)	(25.0, 0.0)	(26.0, 0.25)	(27.0, 0.0)	(28.0, 0.0)	(29.0, 0.0)	(30.0, 0.0)	(31.0, 0.0)	(32.0, 0.0)	(33.0, 0.0)	(34.0, 0.0)	(35.0, 0.0)	(36.0, 0.0)	(37.0, 0.0)	(38.0, 0.0)	(39.0, 0.0)	(40.0, 0.5)	(41.0, 0.5)	(42.0, 0.25)	(43.0, 0.5)	(44.0, 0.25)	(45.0, 0.75)	(46.0, 1.75)	(47.0, 55.75000000000001)	(48.0, 72.66666666666667)	(49.0, 86.33333333333333)	(50.0, 170.33333333333334)	(51.0, 773.7500000000005)	(52.0, 1166.3333333333335)	(53.0, 2304.1666666666665)	(54.0, 2551.333333333333)	(55.0, 1029.0833333333335)	(56.0, 322.5833333333333)	(57.0, 229.33333333333334)	(58.0, 254.75000000000003)	(59.0, 28.0)	(60.0, 8.5)	(61.0, 2.25)	(62.0, 1.75)	(63.0, 1.25)	(64.0, 0.0)	(65.0, 0.75)	(66.0, 0.75)	(67.0, 0.5)	(68.0, 0.0)	(69.0, 0.25)	(70.0, 0.0)	(71.0, 0.0)	(72.0, 0.0)	(73.0, 0.0)	(74.0, 0.0)	(75.0, 0.0)	(76.0, 0.0)	(77.0, 0.0)	(78.0, 0.0)	(79.0, 0.0)	(80.0, 0.0)	(81.0, 0.0)	(82.0, 0.0)	(83.0, 0.0)	(84.0, 0.0)	(85.0, 0.0)	(86.0, 0.0)	(87.0, 0.0)	(88.0, 0.0)	(89.0, 0.0)	(90.0, 0.0)	(91.0, 0.0)	(92.0, 0.0)	(93.0, 0.0)	(94.0, 0.0)	(95.0, 0.0)	(96.0, 0.0)	(97.0, 0.0)	(98.0, 0.0)	(99.0, 0.0)	(100.0, 0.0)
578A14_S102_L001_R2_001	(0.0, 0.0)	(1.0, 0.0)	(2.0, 0.0)	(3.0, 0.0)	(4.0, 0.0)	(5.0, 0.0)	(6.0, 0.0)	(7.0, 0.0)	(8.0, 0.0)	(9.0, 0.0)	(10.0, 0.0)	(11.0, 0.0)	(12.0, 0.0)	(13.0, 0.0)	(14.0, 0.0)	(15.0, 0.0)	(16.0, 0.0)	(17.0, 0.0)	(18.0, 0.0)	(19.0, 0.0)	(20.0, 0.0)	(21.0, 0.0)	(22.0, 0.0)	(23.0, 0.0)	(24.0, 0.0)	(25.0, 0.0)	(26.0, 0.0)	(27.0, 0.0)	(28.0, 0.0)	(29.0, 0.0)	(30.0, 0.0)	(31.0, 0.0)	(32.0, 0.0)	(33.0, 0.0)	(34.0, 0.25)	(35.0, 1.0833333333333333)	(36.0, 0.25)	(37.0, 0.0)	(38.0, 0.0)	(39.0, 0.25)	(40.0, 1.0833333333333333)	(41.0, 0.9166666666666666)	(42.0, 1.6666666666666665)	(43.0, 1.3333333333333333)	(44.0, 1.0)	(45.0, 1.8333333333333333)	(46.0, 4.416666666666666)	(47.0, 15.916666666666671)	(48.0, 72.50000000000001)	(49.0, 149.41666666666669)	(50.0, 107.49999999999991)	(51.0, 238.25000000000057)	(52.0, 801.3333333333367)	(53.0, 1845.1666666666601)	(54.0, 2660.7500000000014)	(55.0, 2269.6666666666665)	(56.0, 781.3333333333333)	(57.0, 186.08333333333331)	(58.0, 54.33333333333333)	(59.0, 33.58333333333333)	(60.0, 19.916666666666664)	(61.0, 12.083333333333332)	(62.0, 9.583333333333332)	(63.0, 5.5)	(64.0, 7.333333333333333)	(65.0, 6.0)	(66.0, 4.5)	(67.0, 3.0)	(68.0, 1.0)	(69.0, 2.0)	(70.0, 1.0)	(71.0, 1.0)	(72.0, 1.0)	(73.0, 0.75)	(74.0, 1.0)	(75.0, 0.0)	(76.0, 0.25)	(77.0, 0.5)	(78.0, 0.25)	(79.0, 0.25)	(80.0, 0.25)	(81.0, 0.5)	(82.0, 0.0)	(83.0, 0.25)	(84.0, 0.25)	(85.0, 0.5)	(86.0, 0.5)	(87.0, 0.5)	(88.0, 1.0)	(89.0, 0.25)	(90.0, 0.25)	(91.0, 0.25)	(92.0, 0.5)	(93.0, 0.25)	(94.0, 0.0)	(95.0, 0.0)	(96.0, 0.25)	(97.0, 0.0)	(98.0, 0.25)	(99.0, 0.25)	(100.0, 0.0)
578B0_S103_L001_R1_001	(0.0, 0.0)	(1.0, 0.0)	(2.0, 0.0)	(3.0, 0.0)	(4.0, 0.0)	(5.0, 0.0)	(6.0, 0.0)	(7.0, 0.0)	(8.0, 0.0)	(9.0, 0.0)	(10.0, 0.0)	(11.0, 0.0)	(12.0, 0.0)	(13.0, 0.0)	(14.0, 0.0)	(15.0, 0.0)	(16.0, 0.0)	(17.0, 0.0)	(18.0, 0.0)	(19.0, 0.0)	(20.0, 0.0)	(21.0, 0.0)	(22.0, 0.0)	(23.0, 0.0)	(24.0, 0.0)	(25.0, 0.0)	(26.0, 0.0)	(27.0, 0.0)	(28.0, 0.0)	(29.0, 0.0)	(30.0, 0.25)	(31.0, 0.25)	(32.0, 0.0)	(33.0, 0.0)	(34.0, 0.0)	(35.0, 0.0)	(36.0, 0.0)	(37.0, 0.0)	(38.0, 0.0)	(39.0, 0.0)	(40.0, 0.0)	(41.0, 0.0)	(42.0, 0.75)	(43.0, 1.25)	(44.0, 0.5)	(45.0, 1.5)	(46.0, 9.75)	(47.0, 330.99999999999994)	(48.0, 346.5)	(49.0, 249.75000000000003)	(50.0, 271.1666666666668)	(51.0, 936.0833333333342)	(52.0, 1267.4166666666667)	(53.0, 1951.7499999999998)	(54.0, 2268.25)	(55.0, 847.2500000000001)	(56.0, 283.6666666666667)	(57.0, 193.0)	(58.0, 200.50000000000003)	(59.0, 24.333333333333332)	(60.0, 7.5)	(61.0, 1.75)	(62.0, 1.75)	(63.0, 0.75)	(64.0, 0.5)	(65.0, 0.5)	(66.0, 1.0)	(67.0, 0.25)	(68.0, 0.0)	(69.0, 0.0)	(70.0, 0.0)	(71.0, 0.0)	(72.0, 0.0)	(73.0, 0.0)	(74.0, 0.0)	(75.0, 0.0)	(76.0, 0.0)	(77.0, 0.0)	(78.0, 0.0)	(79.0, 0.0)	(80.0, 0.0)	(81.0, 0.0)	(82.0, 0.0)	(83.0, 0.0)	(84.0, 0.0)	(85.0, 0.0)	(86.0, 0.0)	(87.0, 0.0)	(88.0, 0.0)	(89.0, 0.0)	(90.0, 0.0)	(91.0, 0.0)	(92.0, 0.0)	(93.0, 0.0)	(94.0, 0.0)	(95.0, 0.0)	(96.0, 0.0)	(97.0, 0.0)	(98.0, 0.0)	(99.0, 0.0)	(100.0, 0.0)
578B0_S103_L001_R2_001	(0.0, 0.0)	(1.0, 0.0)	(2.0, 0.0)	(3.0, 0.0)	(4.0, 0.0)	(5.0, 0.0)	(6.0, 0.0)	(7.0, 0.0)	(8.0, 0.0)	(9.0, 0.0)	(10.0, 0.0)	(11.0, 0.0)	(12.0, 0.0)	(13.0, 0.0)	(14.0, 0.0)	(15.0, 0.0)	(16.0, 0.0)	(17.0, 0.0)	(18.0, 0.0)	(19.0, 0.0)	(20.0, 0.0)	(21.0, 0.0)	(22.0, 0.0)	(23.0, 0.0)	(24.0, 0.0)	(25.0, 0.0)	(26.0, 0.0)	(27.0, 0.25)	(28.0, 0.0)	(29.0, 0.0)	(30.0, 0.0)	(31.0, 0.0)	(32.0, 0.25)	(33.0, 0.25)	(34.0, 0.0)	(35.0, 0.0)	(36.0, 0.25)	(37.0, 0.25)	(38.0, 0.25)	(39.0, 0.25)	(40.0, 0.8333333333333333)	(41.0, 1.5833333333333333)	(42.0, 1.5)	(43.0, 2.0)	(44.0, 2.0)	(45.0, 3.0833333333333335)	(46.0, 7.0)	(47.0, 50.416666666666686)	(48.0, 343.4166666666665)	(49.0, 505.9999999999996)	(50.0, 227.41666666666688)	(51.0, 298.58333333333326)	(52.0, 903.4166666666708)	(53.0, 1747.4999999999939)	(54.0, 2252.3333333333317)	(55.0, 2065.4166666666656)	(56.0, 702.0833333333335)	(57.0, 159.25)	(58.0, 49.916666666666664)	(59.0, 19.833333333333336)	(60.0, 17.0)	(61.0, 8.416666666666666)	(62.0, 8.75)	(63.0, 7.0)	(64.0, 3.75)	(65.0, 4.833333333333333)	(66.0, 4.5)	(67.0, 2.5)	(68.0, 2.5)	(69.0, 1.25)	(70.0, 1.5)	(71.0, 1.5)	(72.0, 0.75)	(73.0, 0.5)	(74.0, 0.75)	(75.0, 0.5)	(76.0, 1.0)	(77.0, 0.5)	(78.0, 0.25)	(79.0, 0.5)	(80.0, 0.25)	(81.0, 0.25)	(82.0, 0.0)	(83.0, 0.0)	(84.0, 0.25)	(85.0, 0.0)	(86.0, 0.0)	(87.0, 0.0)	(88.0, 0.0)	(89.0, 0.0)	(90.0, 0.25)	(91.0, 0.0)	(92.0, 0.0)	(93.0, 0.0)	(94.0, 0.0)	(95.0, 0.0)	(96.0, 0.0)	(97.0, 0.0)	(98.0, 0.0)	(99.0, 0.0)	(100.0, 0.0)
578B14_S104_L001_R1_001	(0.0, 0.0)	(1.0, 0.0)	(2.0, 0.0)	(3.0, 0.0)	(4.0, 0.0)	(5.0, 0.0)	(6.0, 0.0)	(7.0, 0.0)	(8.0, 0.0)	(9.0, 0.0)	(10.0, 0.0)	(11.0, 0.0)	(12.0, 0.0)	(13.0, 0.0)	(14.0, 0.0)	(15.0, 0.0)	(16.0, 0.0)	(17.0, 0.0)	(18.0, 0.0)	(19.0, 0.0)	(20.0, 0.0)	(21.0, 0.0)	(22.0, 0.0)	(23.0, 0.0)	(24.0, 0.0)	(25.0, 0.0)	(26.0, 0.0)	(27.0, 0.0)	(28.0, 0.0)	(29.0, 0.0)	(30.0, 0.0)	(31.0, 0.0)	(32.0, 0.0)	(33.0, 0.0)	(34.0, 0.0)	(35.0, 0.0)	(36.0, 0.0)	(37.0, 0.0)	(38.0, 0.3333333333333333)	(39.0, 0.0)	(40.0, 0.3333333333333333)	(41.0, 1.3333333333333333)	(42.0, 1.8333333333333333)	(43.0, 2.8333333333333335)	(44.0, 4.583333333333334)	(45.0, 4.25)	(46.0, 3.5833333333333335)	(47.0, 5.083333333333333)	(48.0, 4.333333333333334)	(49.0, 6.75)	(50.0, 43.083333333333336)	(51.0, 233.41666666666669)	(52.0, 1218.8333333333333)	(53.0, 2924.2500000000005)	(54.0, 1991.0833333333328)	(55.0, 864.8333333333334)	(56.0, 214.75)	(57.0, 88.75)	(58.0, 57.0)	(59.0, 11.583333333333332)	(60.0, 5.833333333333333)	(61.0, 1.25)	(62.0, 1.3333333333333333)	(63.0, 0.25)	(64.0, 0.25)	(65.0, 0.0)	(66.0, 0.0)	(67.0, 0.25)	(68.0, 0.0)	(69.0, 0.25)	(70.0, 0.0)	(71.0, 0.0)	(72.0, 0.0)	(73.0, 0.0)	(74.0, 0.0)	(75.0, 0.0)	(76.0, 0.0)	(77.0, 0.0)	(78.0, 0.0)	(79.0, 0.0)	(80.0, 0.0)	(81.0, 0.0)	(82.0, 0.0)	(83.0, 0.0)	(84.0, 0.0)	(85.0, 0.0)	(86.0, 0.0)	(87.0, 0.0)	(88.0, 0.0)	(89.0, 0.25)	(90.0, 0.0)	(91.0, 0.0)	(92.0, 0.0)	(93.0, 0.0)	(94.0, 0.0)	(95.0, 0.0)	(96.0, 0.0)	(97.0, 0.0)	(98.0, 0.0)	(99.0, 0.0)	(100.0, 0.0)
578B14_S104_L001_R2_001	(0.0, 0.0)	(1.0, 0.0)	(2.0, 0.0)	(3.0, 0.0)	(4.0, 0.0)	(5.0, 0.0)	(6.0, 0.0)	(7.0, 0.0)	(8.0, 0.0)	(9.0, 0.0)	(10.0, 0.0)	(11.0, 0.0)	(12.0, 0.0)	(13.0, 0.0)	(14.0, 0.0)	(15.0, 0.0)	(16.0, 0.0)	(17.0, 0.0)	(18.0, 0.0)	(19.0, 0.0)	(20.0, 0.0)	(21.0, 0.0)	(22.0, 0.0)	(23.0, 0.0)	(24.0, 0.0)	(25.0, 0.0)	(26.0, 0.0)	(27.0, 0.0)	(28.0, 0.0)	(29.0, 0.0)	(30.0, 0.0)	(31.0, 0.25)	(32.0, 0.0)	(33.0, 0.0)	(34.0, 0.0)	(35.0, 0.0)	(36.0, 0.0)	(37.0, 0.0)	(38.0, 0.0)	(39.0, 0.0)	(40.0, 0.25)	(41.0, 2.5)	(42.0, 2.833333333333333)	(43.0, 2.5)	(44.0, 3.25)	(45.0, 4.416666666666666)	(46.0, 4.333333333333333)	(47.0, 4.833333333333333)	(48.0, 7.666666666666666)	(49.0, 23.58333333333333)	(50.0, 63.3333333333334)	(51.0, 304.6666666666667)	(52.0, 860.5833333333374)	(53.0, 1761.1666666666597)	(54.0, 2501.500000000001)	(55.0, 1603.3333333333333)	(56.0, 573.0833333333334)	(57.0, 152.33333333333334)	(58.0, 45.83333333333333)	(59.0, 22.083333333333336)	(60.0, 18.75)	(61.0, 14.5)	(62.0, 8.0)	(63.0, 7.0)	(64.0, 5.25)	(65.0, 4.75)	(66.0, 2.25)	(67.0, 2.25)	(68.0, 1.75)	(69.0, 1.25)	(70.0, 0.5)	(71.0, 0.75)	(72.0, 0.5)	(73.0, 0.0)	(74.0, 0.25)	(75.0, 0.0)	(76.0, 0.5)	(77.0, 0.75)	(78.0, 0.25)	(79.0, 0.5)	(80.0, 0.5)	(81.0, 0.0)	(82.0, 0.0)	(83.0, 0.0)	(84.0, 0.0)	(85.0, 0.0)	(86.0, 0.25)	(87.0, 0.25)	(88.0, 0.0)	(89.0, 0.0)	(90.0, 0.25)	(91.0, 0.25)	(92.0, 0.25)	(93.0, 0.0)	(94.0, 0.0)	(95.0, 0.0)	(96.0, 0.0)	(97.0, 0.0)	(98.0, 0.0)	(99.0, 0.0)	(100.0, 0.3333333333333333)
583A0_S129_L001_R1_001	(0.0, 0.0)	(1.0, 0.0)	(2.0, 0.0)	(3.0, 0.0)	(4.0, 0.0)	(5.0, 0.0)	(6.0, 0.0)	(7.0, 0.0)	(8.0, 0.0)	(9.0, 0.0)	(10.0, 0.0)	(11.0, 0.0)	(12.0, 0.0)	(13.0, 0.0)	(14.0, 0.0)	(15.0, 0.0)	(16.0, 0.0)	(17.0, 0.0)	(18.0, 0.0)	(19.0, 0.0)	(20.0, 0.0)	(21.0, 0.0)	(22.0, 0.0)	(23.0, 0.0)	(24.0, 0.0)	(25.0, 0.0)	(26.0, 0.0)	(27.0, 0.0)	(28.0, 0.0)	(29.0, 0.0)	(30.0, 0.0)	(31.0, 0.0)	(32.0, 0.0)	(33.0, 0.0)	(34.0, 0.0)	(35.0, 0.0)	(36.0, 0.0)	(37.0, 0.0)	(38.0, 0.0)	(39.0, 0.25)	(40.0, 0.0)	(41.0, 0.75)	(42.0, 1.5)	(43.0, 0.75)	(44.0, 0.25)	(45.0, 2.25)	(46.0, 7.0)	(47.0, 15.75)	(48.0, 20.25)	(49.0, 73.5)	(50.0, 460.74999999999994)	(51.0, 582.4166666666665)	(52.0, 1521.8333333333335)	(53.0, 2205.75)	(54.0, 2645.833333333333)	(55.0, 935.3333333333336)	(56.0, 414.9166666666666)	(57.0, 220.33333333333337)	(58.0, 186.08333333333334)	(59.0, 115.3333333333333)	(60.0, 57.50000000000001)	(61.0, 68.33333333333333)	(62.0, 58.583333333333336)	(63.0, 54.583333333333336)	(64.0, 24.25)	(65.0, 64.0)	(66.0, 443.5)	(67.0, 79.5)	(68.0, 5.5)	(69.0, 1.25)	(70.0, 1.25)	(71.0, 0.25)	(72.0, 0.25)	(73.0, 0.0)	(74.0, 0.0)	(75.0, 0.0)	(76.0, 0.0)	(77.0, 0.0)	(78.0, 0.0)	(79.0, 0.0)	(80.0, 0.0)	(81.0, 0.0)	(82.0, 0.0)	(83.0, 0.0)	(84.0, 0.0)	(85.0, 0.0)	(86.0, 0.0)	(87.0, 0.0)	(88.0, 0.0)	(89.0, 0.0)	(90.0, 0.0)	(91.0, 0.0)	(92.0, 0.0)	(93.0, 0.0)	(94.0, 0.0)	(95.0, 0.0)	(96.0, 0.0)	(97.0, 0.0)	(98.0, 0.0)	(99.0, 0.0)	(100.0, 0.0)
583A0_S129_L001_R2_001	(0.0, 0.0)	(1.0, 0.0)	(2.0, 0.0)	(3.0, 0.0)	(4.0, 0.0)	(5.0, 0.0)	(6.0, 0.0)	(7.0, 0.0)	(8.0, 0.0)	(9.0, 0.0)	(10.0, 0.0)	(11.0, 0.0)	(12.0, 0.0)	(13.0, 0.0)	(14.0, 0.0)	(15.0, 0.0)	(16.0, 0.0)	(17.0, 0.0)	(18.0, 0.0)	(19.0, 0.0)	(20.0, 0.0)	(21.0, 0.0)	(22.0, 0.0)	(23.0, 0.0)	(24.0, 0.0)	(25.0, 0.0)	(26.0, 0.0)	(27.0, 0.0)	(28.0, 0.0)	(29.0, 0.0)	(30.0, 0.0)	(31.0, 0.0)	(32.0, 0.0)	(33.0, 0.25)	(34.0, 0.25)	(35.0, 0.25)	(36.0, 0.8333333333333333)	(37.0, 0.8333333333333333)	(38.0, 0.25)	(39.0, 0.5)	(40.0, 0.75)	(41.0, 1.5)	(42.0, 1.25)	(43.0, 1.0833333333333333)	(44.0, 0.8333333333333333)	(45.0, 1.0)	(46.0, 3.8333333333333335)	(47.0, 9.666666666666666)	(48.0, 31.749999999999986)	(49.0, 57.58333333333339)	(50.0, 160.24999999999994)	(51.0, 535.4166666666657)	(52.0, 1710.0833333333258)	(53.0, 2335.4999999999973)	(54.0, 2285.9166666666656)	(55.0, 1557.4166666666656)	(56.0, 545.8333333333334)	(57.0, 185.75)	(58.0, 101.49999999999999)	(59.0, 72.58333333333334)	(60.0, 50.666666666666664)	(61.0, 32.666666666666664)	(62.0, 26.166666666666664)	(63.0, 29.41666666666666)	(64.0, 49.00000000000001)	(65.0, 75.25000000000001)	(66.0, 72.91666666666669)	(67.0, 161.91666666666666)	(68.0, 272.33333333333337)	(69.0, 169.0)	(70.0, 60.0)	(71.0, 18.0)	(72.0, 8.5)	(73.0, 3.0)	(74.0, 1.0)	(75.0, 1.0)	(76.0, 1.25)	(77.0, 1.75)	(78.0, 1.5)	(79.0, 1.5)	(80.0, 0.25)	(81.0, 0.25)	(82.0, 0.5)	(83.0, 0.5)	(84.0, 0.5)	(85.0, 0.0)	(86.0, 0.75)	(87.0, 0.5)	(88.0, 0.5)	(89.0, 0.5)	(90.0, 0.0)	(91.0, 0.0)	(92.0, 0.0)	(93.0, 0.25)	(94.0, 0.0)	(95.0, 0.25)	(96.0, 0.25)	(97.0, 0.25)	(98.0, 0.0)	(99.0, 0.0)	(100.0, 0.3333333333333333)
583A14_S130_L001_R1_001	(0.0, 0.0)	(1.0, 0.0)	(2.0, 0.0)	(3.0, 0.0)	(4.0, 0.0)	(5.0, 0.0)	(6.0, 0.0)	(7.0, 0.0)	(8.0, 0.0)	(9.0, 0.0)	(10.0, 0.0)	(11.0, 0.0)	(12.0, 0.0)	(13.0, 0.0)	(14.0, 0.0)	(15.0, 0.0)	(16.0, 0.0)	(17.0, 0.0)	(18.0, 0.0)	(19.0, 0.0)	(20.0, 0.0)	(21.0, 0.0)	(22.0, 0.0)	(23.0, 0.0)	(24.0, 0.0)	(25.0, 0.0)	(26.0, 0.0)	(27.0, 0.0)	(28.0, 0.0)	(29.0, 0.0)	(30.0, 0.0)	(31.0, 0.0)	(32.0, 0.0)	(33.0, 0.0)	(34.0, 0.0)	(35.0, 0.0)	(36.0, 0.0)	(37.0, 0.0)	(38.0, 0.0)	(39.0, 0.25)	(40.0, 0.25)	(41.0, 0.25)	(42.0, 0.25)	(43.0, 0.0)	(44.0, 0.5833333333333333)	(45.0, 4.083333333333334)	(46.0, 23.333333333333332)	(47.0, 232.91666666666669)	(48.0, 278.0000000000001)	(49.0, 306.9166666666667)	(50.0, 537.0833333333333)	(51.0, 1516.7499999999989)	(52.0, 1560.1666666666654)	(53.0, 1455.9166666666667)	(54.0, 1799.4999999999998)	(55.0, 731.8333333333334)	(56.0, 289.08333333333337)	(57.0, 168.91666666666666)	(58.0, 157.91666666666666)	(59.0, 47.75)	(60.0, 20.333333333333336)	(61.0, 18.75)	(62.0, 10.333333333333334)	(63.0, 9.0)	(64.0, 4.0)	(65.0, 7.0)	(66.0, 31.833333333333336)	(67.0, 4.25)	(68.0, 0.75)	(69.0, 0.0)	(70.0, 0.0)	(71.0, 0.0)	(72.0, 0.0)	(73.0, 0.0)	(74.0, 0.0)	(75.0, 0.0)	(76.0, 0.0)	(77.0, 0.0)	(78.0, 0.0)	(79.0, 0.0)	(80.0, 0.0)	(81.0, 0.0)	(82.0, 0.0)	(83.0, 0.0)	(84.0, 0.0)	(85.0, 0.0)	(86.0, 0.0)	(87.0, 0.0)	(88.0, 0.0)	(89.0, 0.0)	(90.0, 0.0)	(91.0, 0.0)	(92.0, 0.0)	(93.0, 0.0)	(94.0, 0.0)	(95.0, 0.0)	(96.0, 0.0)	(97.0, 0.0)	(98.0, 0.0)	(99.0, 0.0)	(100.0, 0.0)
583A14_S130_L001_R2_001	(0.0, 0.0)	(1.0, 0.0)	(2.0, 0.0)	(3.0, 0.0)	(4.0, 0.0)	(5.0, 0.0)	(6.0, 0.0)	(7.0, 0.0)	(8.0, 0.0)	(9.0, 0.0)	(10.0, 0.0)	(11.0, 0.0)	(12.0, 0.0)	(13.0, 0.0)	(14.0, 0.0)	(15.0, 0.0)	(16.0, 0.0)	(17.0, 0.0)	(18.0, 0.0)	(19.0, 0.0)	(20.0, 0.0)	(21.0, 0.0)	(22.0, 0.0)	(23.0, 0.0)	(24.0, 0.0)	(25.0, 0.0)	(26.0, 0.0)	(27.0, 0.0)	(28.0, 0.0)	(29.0, 0.0)	(30.0, 0.0)	(31.0, 0.0)	(32.0, 0.0)	(33.0, 0.0)	(34.0, 0.0)	(35.0, 0.0)	(36.0, 0.0)	(37.0, 0.25)	(38.0, 0.5833333333333333)	(39.0, 0.0)	(40.0, 0.0)	(41.0, 0.5833333333333333)	(42.0, 0.8333333333333333)	(43.0, 0.8333333333333333)	(44.0, 2.083333333333333)	(45.0, 2.75)	(46.0, 9.916666666666668)	(47.0, 111.74999999999997)	(48.0, 350.58333333333326)	(49.0, 382.8333333333332)	(50.0, 321.1666666666666)	(51.0, 503.08333333333263)	(52.0, 1010.0833333333377)	(53.0, 1879.3333333333276)	(54.0, 2033.4166666666642)	(55.0, 1637.0833333333326)	(56.0, 675.0833333333335)	(57.0, 189.66666666666666)	(58.0, 57.66666666666667)	(59.0, 33.25)	(60.0, 22.833333333333332)	(61.0, 17.166666666666664)	(62.0, 13.083333333333332)	(63.0, 12.5)	(64.0, 12.0)	(65.0, 15.916666666666668)	(66.0, 13.666666666666666)	(67.0, 17.25)	(68.0, 26.0)	(69.0, 18.75)	(70.0, 6.75)	(71.0, 1.75)	(72.0, 1.5)	(73.0, 0.25)	(74.0, 0.25)	(75.0, 0.75)	(76.0, 0.75)	(77.0, 0.5)	(78.0, 0.25)	(79.0, 1.0)	(80.0, 0.25)	(81.0, 0.5)	(82.0, 0.0)	(83.0, 0.25)	(84.0, 0.75)	(85.0, 0.25)	(86.0, 0.5)	(87.0, 0.25)	(88.0, 0.0)	(89.0, 0.0)	(90.0, 0.0)	(91.0, 0.25)	(92.0, 0.25)	(93.0, 0.25)	(94.0, 0.0)	(95.0, 0.0)	(96.0, 0.0)	(97.0, 0.25)	(98.0, 0.0)	(99.0, 0.0)	(100.0, 0.0)
583B0_S131_L001_R1_001	(0.0, 0.0)	(1.0, 0.0)	(2.0, 0.0)	(3.0, 0.0)	(4.0, 0.0)	(5.0, 0.0)	(6.0, 0.0)	(7.0, 0.0)	(8.0, 0.0)	(9.0, 0.0)	(10.0, 0.0)	(11.0, 0.0)	(12.0, 0.0)	(13.0, 0.0)	(14.0, 0.0)	(15.0, 0.0)	(16.0, 0.0)	(17.0, 0.0)	(18.0, 0.0)	(19.0, 0.0)	(20.0, 0.0)	(21.0, 0.0)	(22.0, 0.0)	(23.0, 0.0)	(24.0, 0.0)	(25.0, 0.0)	(26.0, 0.0)	(27.0, 0.0)	(28.0, 0.0)	(29.0, 0.0)	(30.0, 0.0)	(31.0, 0.0)	(32.0, 0.0)	(33.0, 0.0)	(34.0, 0.0)	(35.0, 0.0)	(36.0, 0.0)	(37.0, 0.0)	(38.0, 0.0)	(39.0, 0.0)	(40.0, 0.25)	(41.0, 0.0)	(42.0, 0.25)	(43.0, 0.0)	(44.0, 0.0)	(45.0, 0.75)	(46.0, 2.0)	(47.0, 8.25)	(48.0, 7.75)	(49.0, 54.083333333333336)	(50.0, 163.08333333333331)	(51.0, 678.1666666666665)	(52.0, 1235.7500000000002)	(53.0, 3264.916666666667)	(54.0, 3980.25)	(55.0, 804.5833333333333)	(56.0, 268.00000000000006)	(57.0, 87.83333333333334)	(58.0, 104.99999999999999)	(59.0, 105.08333333333334)	(60.0, 13.5)	(61.0, 7.0)	(62.0, 9.25)	(63.0, 12.0)	(64.0, 2.25)	(65.0, 2.75)	(66.0, 26.25)	(67.0, 4.0)	(68.0, 0.5)	(69.0, 0.75)	(70.0, 0.25)	(71.0, 0.0)	(72.0, 0.0)	(73.0, 0.0)	(74.0, 0.0)	(75.0, 0.0)	(76.0, 0.0)	(77.0, 0.0)	(78.0, 0.0)	(79.0, 0.0)	(80.0, 0.0)	(81.0, 0.0)	(82.0, 0.0)	(83.0, 0.0)	(84.0, 0.0)	(85.0, 0.0)	(86.0, 0.0)	(87.0, 0.3333333333333333)	(88.0, 0.3333333333333333)	(89.0, 0.0)	(90.0, 0.0)	(91.0, 0.0)	(92.0, 0.0)	(93.0, 0.0)	(94.0, 0.0)	(95.0, 0.0)	(96.0, 0.0)	(97.0, 0.0)	(98.0, 0.0)	(99.0, 0.0)	(100.0, 0.0)
583B0_S131_L001_R2_001	(0.0, 0.0)	(1.0, 0.0)	(2.0, 0.0)	(3.0, 0.0)	(4.0, 0.0)	(5.0, 0.0)	(6.0, 0.0)	(7.0, 0.0)	(8.0, 0.0)	(9.0, 0.0)	(10.0, 0.0)	(11.0, 0.0)	(12.0, 0.0)	(13.0, 0.0)	(14.0, 0.0)	(15.0, 0.0)	(16.0, 0.0)	(17.0, 0.0)	(18.0, 0.0)	(19.0, 0.0)	(20.0, 0.0)	(21.0, 0.0)	(22.0, 0.0)	(23.0, 0.0)	(24.0, 0.0)	(25.0, 0.0)	(26.0, 0.0)	(27.0, 0.0)	(28.0, 0.0)	(29.0, 0.0)	(30.0, 0.0)	(31.0, 0.0)	(32.0, 0.0)	(33.0, 0.0)	(34.0, 0.25)	(35.0, 0.0)	(36.0, 0.0)	(37.0, 0.5)	(38.0, 0.75)	(39.0, 0.25)	(40.0, 0.75)	(41.0, 0.25)	(42.0, 0.5833333333333333)	(43.0, 1.4166666666666665)	(44.0, 1.7499999999999998)	(45.0, 1.8333333333333333)	(46.0, 2.25)	(47.0, 14.75)	(48.0, 28.99999999999999)	(49.0, 29.08333333333333)	(50.0, 102.83333333333327)	(51.0, 340.4166666666667)	(52.0, 1156.7500000000027)	(53.0, 2486.0833333333335)	(54.0, 3258.9166666666706)	(55.0, 2736.0)	(56.0, 887.0833333333336)	(57.0, 217.25000000000003)	(58.0, 100.33333333333333)	(59.0, 87.91666666666664)	(60.0, 67.41666666666667)	(61.0, 28.999999999999996)	(62.0, 18.583333333333336)	(63.0, 13.416666666666668)	(64.0, 15.083333333333334)	(65.0, 12.416666666666666)	(66.0, 10.666666666666668)	(67.0, 12.25)	(68.0, 17.75)	(69.0, 11.0)	(70.0, 4.75)	(71.0, 3.0)	(72.0, 2.0)	(73.0, 0.75)	(74.0, 1.0)	(75.0, 1.0)	(76.0, 1.5)	(77.0, 1.25)	(78.0, 0.75)	(79.0, 0.5)	(80.0, 0.25)	(81.0, 0.0)	(82.0, 0.25)	(83.0, 0.0)	(84.0, 0.0)	(85.0, 0.0)	(86.0, 0.5)	(87.0, 0.25)	(88.0, 0.25)	(89.0, 0.0)	(90.0, 0.0)	(91.0, 0.0)	(92.0, 0.0)	(93.0, 0.0)	(94.0, 0.25)	(95.0, 0.5)	(96.0, 0.0)	(97.0, 0.0)	(98.0, 0.0)	(99.0, 0.25)	(100.0, 0.0)
583B14_S132_L001_R1_001	(0.0, 0.0)	(1.0, 0.0)	(2.0, 0.0)	(3.0, 0.0)	(4.0, 0.0)	(5.0, 0.0)	(6.0, 0.0)	(7.0, 0.0)	(8.0, 0.0)	(9.0, 0.0)	(10.0, 0.0)	(11.0, 0.0)	(12.0, 0.0)	(13.0, 0.0)	(14.0, 0.0)	(15.0, 0.0)	(16.0, 0.0)	(17.0, 0.0)	(18.0, 0.0)	(19.0, 0.0)	(20.0, 0.0)	(21.0, 0.0)	(22.0, 0.0)	(23.0, 0.0)	(24.0, 0.0)	(25.0, 0.0)	(26.0, 0.0)	(27.0, 0.0)	(28.0, 0.0)	(29.0, 0.0)	(30.0, 0.0)	(31.0, 0.0)	(32.0, 0.0)	(33.0, 0.0)	(34.0, 0.0)	(35.0, 0.0)	(36.0, 0.0)	(37.0, 0.0)	(38.0, 0.0)	(39.0, 0.25)	(40.0, 0.0)	(41.0, 0.0)	(42.0, 0.5)	(43.0, 0.25)	(44.0, 0.5)	(45.0, 9.0)	(46.0, 36.0)	(47.0, 270.4166666666667)	(48.0, 310.0)	(49.0, 340.58333333333337)	(50.0, 619.9166666666665)	(51.0, 1554.9999999999984)	(52.0, 1812.999999999998)	(53.0, 1473.4166666666665)	(54.0, 1641.4999999999998)	(55.0, 673.0833333333334)	(56.0, 295.00000000000006)	(57.0, 218.1666666666667)	(58.0, 223.9166666666667)	(59.0, 116.16666666666664)	(60.0, 53.16666666666667)	(61.0, 56.25)	(62.0, 35.75)	(63.0, 27.25)	(64.0, 10.75)	(65.0, 23.75)	(66.0, 153.5)	(67.0, 32.5)	(68.0, 3.0)	(69.0, 0.0)	(70.0, 0.5)	(71.0, 0.0)	(72.0, 0.0)	(73.0, 0.0)	(74.0, 0.0)	(75.0, 0.0)	(76.0, 0.0)	(77.0, 0.0)	(78.0, 0.0)	(79.0, 0.0)	(80.0, 0.0)	(81.0, 0.0)	(82.0, 0.0)	(83.0, 0.0)	(84.0, 0.0)	(85.0, 0.0)	(86.0, 0.0)	(87.0, 0.0)	(88.0, 0.0)	(89.0, 0.0)	(90.0, 0.0)	(91.0, 0.0)	(92.0, 0.0)	(93.0, 0.0)	(94.0, 0.0)	(95.0, 0.0)	(96.0, 0.0)	(97.0, 0.0)	(98.0, 0.0)	(99.0, 0.0)	(100.0, 0.0)
583B14_S132_L001_R2_001	(0.0, 0.0)	(1.0, 0.0)	(2.0, 0.0)	(3.0, 0.0)	(4.0, 0.0)	(5.0, 0.0)	(6.0, 0.0)	(7.0, 0.0)	(8.0, 0.0)	(9.0, 0.0)	(10.0, 0.0)	(11.0, 0.0)	(12.0, 0.0)	(13.0, 0.0)	(14.0, 0.0)	(15.0, 0.0)	(16.0, 0.0)	(17.0, 0.0)	(18.0, 0.0)	(19.0, 0.0)	(20.0, 0.0)	(21.0, 0.0)	(22.0, 0.0)	(23.0, 0.0)	(24.0, 0.0)	(25.0, 0.0)	(26.0, 0.0)	(27.0, 0.0)	(28.0, 0.0)	(29.0, 0.0)	(30.0, 0.0)	(31.0, 0.0)	(32.0, 0.0)	(33.0, 0.0)	(34.0, 0.0)	(35.0, 0.25)	(36.0, 0.0)	(37.0, 0.25)	(38.0, 0.25)	(39.0, 0.5)	(40.0, 0.75)	(41.0, 1.5)	(42.0, 1.75)	(43.0, 2.0)	(44.0, 3.5833333333333335)	(45.0, 6.25)	(46.0, 19.666666666666668)	(47.0, 130.91666666666657)	(48.0, 413.99999999999966)	(49.0, 418.7499999999996)	(50.0, 406.2499999999994)	(51.0, 614.9999999999995)	(52.0, 1245.0833333333335)	(53.0, 1949.1666666666601)	(54.0, 1980.2499999999973)	(55.0, 1434.4166666666663)	(56.0, 648.8333333333331)	(57.0, 208.41666666666669)	(58.0, 100.99999999999997)	(59.0, 61.5)	(60.0, 34.0)	(61.0, 21.499999999999996)	(62.0, 19.083333333333332)	(63.0, 22.666666666666664)	(64.0, 33.83333333333333)	(65.0, 47.50000000000001)	(66.0, 47.08333333333334)	(67.0, 79.25)	(68.0, 108.33333333333333)	(69.0, 60.5)	(70.0, 21.75)	(71.0, 5.5)	(72.0, 2.5833333333333335)	(73.0, 1.0833333333333333)	(74.0, 1.0)	(75.0, 0.75)	(76.0, 1.0)	(77.0, 1.0)	(78.0, 0.25)	(79.0, 0.5)	(80.0, 1.0)	(81.0, 0.5)	(82.0, 0.0)	(83.0, 0.0)	(84.0, 0.5)	(85.0, 0.25)	(86.0, 0.0)	(87.0, 0.0)	(88.0, 0.0)	(89.0, 0.5)	(90.0, 0.5)	(91.0, 0.0)	(92.0, 0.25)	(93.0, 0.5)	(94.0, 0.0)	(95.0, 0.0)	(96.0, 0.0)	(97.0, 0.0)	(98.0, 0.0)	(99.0, 0.0)	(100.0, 0.0)
586A0_S109_L001_R1_001	(0.0, 0.0)	(1.0, 0.0)	(2.0, 0.0)	(3.0, 0.0)	(4.0, 0.0)	(5.0, 0.0)	(6.0, 0.0)	(7.0, 0.0)	(8.0, 0.0)	(9.0, 0.0)	(10.0, 0.0)	(11.0, 0.0)	(12.0, 0.0)	(13.0, 0.0)	(14.0, 0.0)	(15.0, 0.0)	(16.0, 0.0)	(17.0, 0.0)	(18.0, 0.0)	(19.0, 0.0)	(20.0, 0.0)	(21.0, 0.0)	(22.0, 0.0)	(23.0, 0.0)	(24.0, 0.0)	(25.0, 0.0)	(26.0, 0.0)	(27.0, 0.0)	(28.0, 0.0)	(29.0, 0.0)	(30.0, 0.0)	(31.0, 0.0)	(32.0, 0.0)	(33.0, 0.0)	(34.0, 0.0)	(35.0, 0.0)	(36.0, 0.0)	(37.0, 0.0)	(38.0, 0.0)	(39.0, 0.5)	(40.0, 1.0)	(41.0, 0.5)	(42.0, 0.5)	(43.0, 1.25)	(44.0, 0.75)	(45.0, 1.0)	(46.0, 5.25)	(47.0, 22.083333333333332)	(48.0, 26.416666666666664)	(49.0, 65.5)	(50.0, 306.3333333333332)	(51.0, 895.5833333333336)	(52.0, 1375.6666666666665)	(53.0, 1736.7500000000002)	(54.0, 2057.9166666666665)	(55.0, 930.2500000000003)	(56.0, 608.8333333333334)	(57.0, 266.0)	(58.0, 108.16666666666664)	(59.0, 124.83333333333317)	(60.0, 112.33333333333324)	(61.0, 90.08333333333334)	(62.0, 44.25)	(63.0, 19.25)	(64.0, 10.5)	(65.0, 32.25)	(66.0, 232.75)	(67.0, 43.5)	(68.0, 2.5)	(69.0, 0.25)	(70.0, 0.0)	(71.0, 0.25)	(72.0, 0.5)	(73.0, 0.0)	(74.0, 0.0)	(75.0, 0.0)	(76.0, 0.0)	(77.0, 0.0)	(78.0, 0.0)	(79.0, 0.0)	(80.0, 0.0)	(81.0, 0.0)	(82.0, 0.0)	(83.0, 0.0)	(84.0, 0.0)	(85.0, 0.0)	(86.0, 0.0)	(87.0, 0.0)	(88.0, 0.0)	(89.0, 0.0)	(90.0, 0.0)	(91.0, 0.0)	(92.0, 0.0)	(93.0, 0.0)	(94.0, 0.0)	(95.0, 0.0)	(96.0, 0.0)	(97.0, 0.0)	(98.0, 0.0)	(99.0, 0.0)	(100.0, 0.0)
586A0_S109_L001_R2_001	(0.0, 0.0)	(1.0, 0.0)	(2.0, 0.0)	(3.0, 0.0)	(4.0, 0.0)	(5.0, 0.0)	(6.0, 0.0)	(7.0, 0.0)	(8.0, 0.0)	(9.0, 0.0)	(10.0, 0.0)	(11.0, 0.0)	(12.0, 0.0)	(13.0, 0.0)	(14.0, 0.0)	(15.0, 0.0)	(16.0, 0.0)	(17.0, 0.0)	(18.0, 0.0)	(19.0, 0.0)	(20.0, 0.0)	(21.0, 0.0)	(22.0, 0.0)	(23.0, 0.0)	(24.0, 0.0)	(25.0, 0.0)	(26.0, 0.0)	(27.0, 0.0)	(28.0, 0.0)	(29.0, 0.0)	(30.0, 0.0)	(31.0, 0.0)	(32.0, 0.0)	(33.0, 0.0)	(34.0, 0.0)	(35.0, 0.0)	(36.0, 0.25)	(37.0, 0.5)	(38.0, 0.25)	(39.0, 0.75)	(40.0, 1.0)	(41.0, 1.0833333333333333)	(42.0, 1.5833333333333333)	(43.0, 1.5833333333333333)	(44.0, 1.5)	(45.0, 2.5)	(46.0, 5.916666666666666)	(47.0, 14.750000000000002)	(48.0, 35.083333333333336)	(49.0, 47.25000000000001)	(50.0, 75.58333333333336)	(51.0, 243.33333333333377)	(52.0, 813.9166666666692)	(53.0, 1815.7499999999911)	(54.0, 2061.7499999999955)	(55.0, 1694.3333333333321)	(56.0, 1055.6666666666672)	(57.0, 507.83333333333326)	(58.0, 157.41666666666669)	(59.0, 56.58333333333334)	(60.0, 34.75)	(61.0, 21.25)	(62.0, 18.75)	(63.0, 24.166666666666664)	(64.0, 34.83333333333333)	(65.0, 55.500000000000014)	(66.0, 58.08333333333336)	(67.0, 104.91666666666666)	(68.0, 157.0)	(69.0, 110.0)	(70.0, 45.0)	(71.0, 15.75)	(72.0, 6.75)	(73.0, 4.0)	(74.0, 2.0)	(75.0, 0.75)	(76.0, 2.0)	(77.0, 0.75)	(78.0, 0.25)	(79.0, 0.5)	(80.0, 0.5)	(81.0, 0.0)	(82.0, 0.0)	(83.0, 0.75)	(84.0, 0.25)	(85.0, 0.5)	(86.0, 0.75)	(87.0, 0.0)	(88.0, 0.0)	(89.0, 0.25)	(90.0, 0.25)	(91.0, 0.0)	(92.0, 0.0)	(93.0, 0.25)	(94.0, 0.0)	(95.0, 0.0)	(96.0, 0.0)	(97.0, 0.0)	(98.0, 0.0)	(99.0, 0.0)	(100.0, 0.0)
586A14_S110_L001_R1_001	(0.0, 0.0)	(1.0, 0.0)	(2.0, 0.0)	(3.0, 0.0)	(4.0, 0.0)	(5.0, 0.0)	(6.0, 0.0)	(7.0, 0.0)	(8.0, 0.0)	(9.0, 0.0)	(10.0, 0.0)	(11.0, 0.0)	(12.0, 0.0)	(13.0, 0.0)	(14.0, 0.0)	(15.0, 0.0)	(16.0, 0.0)	(17.0, 0.0)	(18.0, 0.0)	(19.0, 0.0)	(20.0, 0.0)	(21.0, 0.0)	(22.0, 0.0)	(23.0, 0.0)	(24.0, 0.0)	(25.0, 0.0)	(26.0, 0.0)	(27.0, 0.0)	(28.0, 0.0)	(29.0, 0.0)	(30.0, 0.0)	(31.0, 0.0)	(32.0, 0.0)	(33.0, 0.0)	(34.0, 0.0)	(35.0, 0.0)	(36.0, 0.0)	(37.0, 0.0)	(38.0, 0.0)	(39.0, 0.0)	(40.0, 0.0)	(41.0, 0.0)	(42.0, 0.0)	(43.0, 0.0)	(44.0, 0.25)	(45.0, 1.3333333333333333)	(46.0, 5.583333333333333)	(47.0, 57.41666666666667)	(48.0, 104.41666666666664)	(49.0, 289.83333333333337)	(50.0, 591.1666666666666)	(51.0, 1191.6666666666665)	(52.0, 1417.1666666666665)	(53.0, 1581.0833333333337)	(54.0, 1659.0833333333328)	(55.0, 705.8333333333337)	(56.0, 401.33333333333314)	(57.0, 166.16666666666669)	(58.0, 80.41666666666666)	(59.0, 83.41666666666663)	(60.0, 65.00000000000004)	(61.0, 52.58333333333334)	(62.0, 30.25)	(63.0, 14.0)	(64.0, 9.5)	(65.0, 21.25)	(66.0, 129.5)	(67.0, 22.25)	(68.0, 3.25)	(69.0, 0.5)	(70.0, 0.0)	(71.0, 0.0)	(72.0, 0.0)	(73.0, 0.0)	(74.0, 0.0)	(75.0, 0.25)	(76.0, 0.0)	(77.0, 0.0)	(78.0, 0.0)	(79.0, 0.0)	(80.0, 0.0)	(81.0, 0.0)	(82.0, 0.0)	(83.0, 0.0)	(84.0, 0.0)	(85.0, 0.0)	(86.0, 0.0)	(87.0, 0.0)	(88.0, 0.0)	(89.0, 0.0)	(90.0, 0.0)	(91.0, 0.0)	(92.0, 0.0)	(93.0, 0.0)	(94.0, 0.0)	(95.0, 0.0)	(96.0, 0.0)	(97.0, 0.0)	(98.0, 0.0)	(99.0, 0.0)	(100.0, 0.0)
586A14_S110_L001_R2_001	(0.0, 0.0)	(1.0, 0.0)	(2.0, 0.0)	(3.0, 0.0)	(4.0, 0.0)	(5.0, 0.0)	(6.0, 0.0)	(7.0, 0.0)	(8.0, 0.0)	(9.0, 0.0)	(10.0, 0.0)	(11.0, 0.0)	(12.0, 0.0)	(13.0, 0.0)	(14.0, 0.0)	(15.0, 0.0)	(16.0, 0.0)	(17.0, 0.0)	(18.0, 0.0)	(19.0, 0.0)	(20.0, 0.0)	(21.0, 0.0)	(22.0, 0.0)	(23.0, 0.0)	(24.0, 0.0)	(25.0, 0.0)	(26.0, 0.0)	(27.0, 0.0)	(28.0, 0.0)	(29.0, 0.0)	(30.0, 0.0)	(31.0, 0.0)	(32.0, 0.3333333333333333)	(33.0, 0.0)	(34.0, 0.0)	(35.0, 0.0)	(36.0, 0.0)	(37.0, 0.25)	(38.0, 0.25)	(39.0, 0.0)	(40.0, 0.5)	(41.0, 0.5)	(42.0, 0.25)	(43.0, 0.25)	(44.0, 0.75)	(45.0, 1.75)	(46.0, 5.5)	(47.0, 18.0)	(48.0, 73.8333333333333)	(49.0, 92.8333333333333)	(50.0, 108.83333333333321)	(51.0, 321.08333333333314)	(52.0, 1055.750000000004)	(53.0, 2152.8333333333294)	(54.0, 2037.2499999999968)	(55.0, 1326.6666666666667)	(56.0, 706.5)	(57.0, 308.9166666666667)	(58.0, 100.5)	(59.0, 40.66666666666667)	(60.0, 25.75)	(61.0, 14.666666666666666)	(62.0, 16.333333333333332)	(63.0, 15.500000000000002)	(64.0, 25.249999999999996)	(65.0, 33.33333333333333)	(66.0, 33.25)	(67.0, 60.333333333333336)	(68.0, 96.5)	(69.0, 62.5)	(70.0, 21.75)	(71.0, 6.5)	(72.0, 4.0)	(73.0, 2.25)	(74.0, 1.0)	(75.0, 0.25)	(76.0, 0.75)	(77.0, 0.25)	(78.0, 0.75)	(79.0, 1.5)	(80.0, 0.25)	(81.0, 0.5)	(82.0, 0.75)	(83.0, 0.25)	(84.0, 0.25)	(85.0, 0.25)	(86.0, 0.0)	(87.0, 0.0)	(88.0, 0.0)	(89.0, 0.0)	(90.0, 0.0)	(91.0, 0.0)	(92.0, 0.0)	(93.0, 0.25)	(94.0, 0.0)	(95.0, 0.0)	(96.0, 0.0)	(97.0, 0.0)	(98.0, 0.0)	(99.0, 0.0)	(100.0, 0.0)
586B0_S111_L001_R1_001	(0.0, 0.0)	(1.0, 0.0)	(2.0, 0.0)	(3.0, 0.0)	(4.0, 0.0)	(5.0, 0.0)	(6.0, 0.0)	(7.0, 0.0)	(8.0, 0.0)	(9.0, 0.0)	(10.0, 0.0)	(11.0, 0.0)	(12.0, 0.0)	(13.0, 0.0)	(14.0, 0.0)	(15.0, 0.0)	(16.0, 0.0)	(17.0, 0.0)	(18.0, 0.0)	(19.0, 0.0)	(20.0, 0.0)	(21.0, 0.0)	(22.0, 0.0)	(23.0, 0.0)	(24.0, 0.0)	(25.0, 0.0)	(26.0, 0.0)	(27.0, 0.0)	(28.0, 0.0)	(29.0, 0.0)	(30.0, 0.0)	(31.0, 0.0)	(32.0, 0.0)	(33.0, 0.0)	(34.0, 0.0)	(35.0, 0.0)	(36.0, 0.0)	(37.0, 0.0)	(38.0, 0.0)	(39.0, 0.0)	(40.0, 0.0)	(41.0, 0.0)	(42.0, 0.25)	(43.0, 0.25)	(44.0, 0.25)	(45.0, 0.25)	(46.0, 3.25)	(47.0, 10.333333333333334)	(48.0, 10.25)	(49.0, 39.08333333333333)	(50.0, 207.5)	(51.0, 544.4999999999999)	(52.0, 1286.5)	(53.0, 1664.2499999999998)	(54.0, 1764.916666666666)	(55.0, 756.2500000000002)	(56.0, 459.83333333333286)	(57.0, 277.5833333333334)	(58.0, 164.66666666666674)	(59.0, 151.08333333333337)	(60.0, 125.58333333333329)	(61.0, 151.16666666666669)	(62.0, 86.83333333333333)	(63.0, 54.25)	(64.0, 55.25)	(65.0, 105.25)	(66.0, 724.0)	(67.0, 180.25)	(68.0, 13.75)	(69.0, 1.5)	(70.0, 1.0)	(71.0, 0.5)	(72.0, 0.5)	(73.0, 0.0)	(74.0, 0.0)	(75.0, 0.0)	(76.0, 0.0)	(77.0, 0.0)	(78.0, 0.0)	(79.0, 0.0)	(80.0, 0.0)	(81.0, 0.0)	(82.0, 0.0)	(83.0, 0.0)	(84.0, 0.0)	(85.0, 0.0)	(86.0, 0.0)	(87.0, 0.0)	(88.0, 0.0)	(89.0, 0.0)	(90.0, 0.0)	(91.0, 0.0)	(92.0, 0.0)	(93.0, 0.0)	(94.0, 0.0)	(95.0, 0.0)	(96.0, 0.0)	(97.0, 0.0)	(98.0, 0.0)	(99.0, 0.0)	(100.0, 0.0)
586B0_S111_L001_R2_001	(0.0, 0.0)	(1.0, 0.0)	(2.0, 0.0)	(3.0, 0.0)	(4.0, 0.0)	(5.0, 0.0)	(6.0, 0.0)	(7.0, 0.0)	(8.0, 0.0)	(9.0, 0.0)	(10.0, 0.0)	(11.0, 0.0)	(12.0, 0.0)	(13.0, 0.0)	(14.0, 0.0)	(15.0, 0.0)	(16.0, 0.0)	(17.0, 0.0)	(18.0, 0.0)	(19.0, 0.0)	(20.0, 0.0)	(21.0, 0.0)	(22.0, 0.0)	(23.0, 0.0)	(24.0, 0.0)	(25.0, 0.0)	(26.0, 0.0)	(27.0, 0.0)	(28.0, 0.0)	(29.0, 0.0)	(30.0, 0.0)	(31.0, 0.0)	(32.0, 0.0)	(33.0, 0.0)	(34.0, 0.25)	(35.0, 0.25)	(36.0, 0.0)	(37.0, 0.0)	(38.0, 0.25)	(39.0, 0.25)	(40.0, 0.25)	(41.0, 0.25)	(42.0, 0.0)	(43.0, 0.0)	(44.0, 0.25)	(45.0, 1.25)	(46.0, 4.083333333333333)	(47.0, 6.583333333333333)	(48.0, 19.0)	(49.0, 35.33333333333332)	(50.0, 108.5833333333331)	(51.0, 365.33333333333235)	(52.0, 961.16666666667)	(53.0, 1631.4166666666629)	(54.0, 1824.7499999999975)	(55.0, 1370.9166666666663)	(56.0, 676.25)	(57.0, 264.66666666666663)	(58.0, 108.08333333333333)	(59.0, 42.583333333333336)	(60.0, 36.25)	(61.0, 26.000000000000004)	(62.0, 27.166666666666668)	(63.0, 35.0)	(64.0, 65.25000000000001)	(65.0, 107.58333333333321)	(66.0, 115.83333333333317)	(67.0, 220.5833333333334)	(68.0, 431.41666666666663)	(69.0, 370.5)	(70.0, 173.75)	(71.0, 56.75)	(72.0, 21.083333333333336)	(73.0, 7.75)	(74.0, 3.75)	(75.0, 2.0)	(76.0, 2.25)	(77.0, 1.75)	(78.0, 2.0)	(79.0, 0.75)	(80.0, 1.5)	(81.0, 0.25)	(82.0, 1.0)	(83.0, 0.5)	(84.0, 1.25)	(85.0, 1.0)	(86.0, 0.75)	(87.0, 0.5)	(88.0, 0.0)	(89.0, 0.25)	(90.0, 0.0)	(91.0, 0.0)	(92.0, 0.0)	(93.0, 0.0)	(94.0, 0.0)	(95.0, 0.0)	(96.0, 0.0)	(97.0, 0.25)	(98.0, 0.0)	(99.0, 0.0)	(100.0, 0.0)
586B14_S112_L001_R1_001	(0.0, 0.0)	(1.0, 0.0)	(2.0, 0.0)	(3.0, 0.0)	(4.0, 0.0)	(5.0, 0.0)	(6.0, 0.0)	(7.0, 0.0)	(8.0, 0.0)	(9.0, 0.0)	(10.0, 0.0)	(11.0, 0.0)	(12.0, 0.0)	(13.0, 0.0)	(14.0, 0.0)	(15.0, 0.0)	(16.0, 0.0)	(17.0, 0.0)	(18.0, 0.0)	(19.0, 0.0)	(20.0, 0.0)	(21.0, 0.0)	(22.0, 0.0)	(23.0, 0.0)	(24.0, 0.0)	(25.0, 0.0)	(26.0, 0.0)	(27.0, 0.0)	(28.0, 0.0)	(29.0, 0.0)	(30.0, 0.0)	(31.0, 0.0)	(32.0, 0.0)	(33.0, 0.0)	(34.0, 0.0)	(35.0, 0.0)	(36.0, 0.0)	(37.0, 0.0)	(38.0, 0.0)	(39.0, 0.0)	(40.0, 0.0)	(41.0, 0.25)	(42.0, 1.5833333333333333)	(43.0, 0.8333333333333333)	(44.0, 1.5)	(45.0, 4.083333333333334)	(46.0, 5.333333333333333)	(47.0, 13.5)	(48.0, 14.5)	(49.0, 42.833333333333336)	(50.0, 196.58333333333334)	(51.0, 475.9166666666666)	(52.0, 1156.4166666666667)	(53.0, 1582.0833333333333)	(54.0, 1450.333333333333)	(55.0, 683.5000000000001)	(56.0, 354.41666666666663)	(57.0, 182.58333333333337)	(58.0, 105.24999999999996)	(59.0, 122.74999999999983)	(60.0, 104.16666666666657)	(61.0, 101.91666666666664)	(62.0, 59.16666666666667)	(63.0, 27.5)	(64.0, 27.75)	(65.0, 67.5)	(66.0, 321.25)	(67.0, 90.25)	(68.0, 9.5)	(69.0, 2.0)	(70.0, 0.5)	(71.0, 0.25)	(72.0, 0.0)	(73.0, 0.0)	(74.0, 0.0)	(75.0, 0.0)	(76.0, 0.0)	(77.0, 0.0)	(78.0, 0.0)	(79.0, 0.0)	(80.0, 0.0)	(81.0, 0.0)	(82.0, 0.0)	(83.0, 0.0)	(84.0, 0.0)	(85.0, 0.0)	(86.0, 0.0)	(87.0, 0.0)	(88.0, 0.0)	(89.0, 0.0)	(90.0, 0.0)	(91.0, 0.0)	(92.0, 0.0)	(93.0, 0.0)	(94.0, 0.0)	(95.0, 0.0)	(96.0, 0.0)	(97.0, 0.0)	(98.0, 0.0)	(99.0, 0.0)	(100.0, 0.0)
586B14_S112_L001_R2_001	(0.0, 0.0)	(1.0, 0.0)	(2.0, 0.0)	(3.0, 0.0)	(4.0, 0.0)	(5.0, 0.0)	(6.0, 0.0)	(7.0, 0.0)	(8.0, 0.0)	(9.0, 0.0)	(10.0, 0.0)	(11.0, 0.0)	(12.0, 0.0)	(13.0, 0.0)	(14.0, 0.0)	(15.0, 0.0)	(16.0, 0.0)	(17.0, 0.0)	(18.0, 0.0)	(19.0, 0.0)	(20.0, 0.0)	(21.0, 0.0)	(22.0, 0.0)	(23.0, 0.0)	(24.0, 0.0)	(25.0, 0.0)	(26.0, 0.0)	(27.0, 0.0)	(28.0, 0.0)	(29.0, 0.0)	(30.0, 0.0)	(31.0, 0.0)	(32.0, 0.0)	(33.0, 0.0)	(34.0, 0.0)	(35.0, 0.0)	(36.0, 0.0)	(37.0, 0.0)	(38.0, 0.3333333333333333)	(39.0, 0.0)	(40.0, 0.0)	(41.0, 0.75)	(42.0, 0.75)	(43.0, 1.0)	(44.0, 2.25)	(45.0, 2.583333333333333)	(46.0, 3.75)	(47.0, 11.333333333333332)	(48.0, 24.333333333333332)	(49.0, 32.16666666666666)	(50.0, 77.16666666666669)	(51.0, 240.3333333333338)	(52.0, 719.0833333333355)	(53.0, 1328.749999999997)	(54.0, 1558.9166666666638)	(55.0, 1191.2499999999998)	(56.0, 714.6666666666667)	(57.0, 356.33333333333337)	(58.0, 137.33333333333331)	(59.0, 57.5)	(60.0, 36.5)	(61.0, 25.916666666666664)	(62.0, 18.666666666666668)	(63.0, 20.166666666666668)	(64.0, 37.33333333333333)	(65.0, 62.58333333333336)	(66.0, 60.33333333333335)	(67.0, 89.74999999999999)	(68.0, 161.33333333333334)	(69.0, 188.33333333333334)	(70.0, 131.83333333333331)	(71.0, 50.75)	(72.0, 19.0)	(73.0, 8.5)	(74.0, 4.75)	(75.0, 2.75)	(76.0, 2.0)	(77.0, 2.5)	(78.0, 1.5)	(79.0, 2.0)	(80.0, 1.25)	(81.0, 1.5)	(82.0, 0.75)	(83.0, 0.5)	(84.0, 0.0)	(85.0, 0.25)	(86.0, 0.25)	(87.0, 0.0)	(88.0, 0.0)	(89.0, 0.25)	(90.0, 0.0)	(91.0, 0.25)	(92.0, 0.0)	(93.0, 0.25)	(94.0, 0.0)	(95.0, 0.0)	(96.0, 0.0)	(97.0, 0.0)	(98.0, 0.25)	(99.0, 0.5)	(100.0, 0.3333333333333333)
597A0_S121_L001_R1_001	(0.0, 0.0)	(1.0, 0.0)	(2.0, 0.0)	(3.0, 0.0)	(4.0, 0.0)	(5.0, 0.0)	(6.0, 0.0)	(7.0, 0.0)	(8.0, 0.0)	(9.0, 0.0)	(10.0, 0.0)	(11.0, 0.0)	(12.0, 0.0)	(13.0, 0.0)	(14.0, 0.0)	(15.0, 0.0)	(16.0, 0.0)	(17.0, 0.0)	(18.0, 0.0)	(19.0, 0.0)	(20.0, 0.0)	(21.0, 0.0)	(22.0, 0.0)	(23.0, 0.0)	(24.0, 0.0)	(25.0, 0.0)	(26.0, 0.0)	(27.0, 0.0)	(28.0, 0.0)	(29.0, 0.0)	(30.0, 0.0)	(31.0, 0.0)	(32.0, 0.0)	(33.0, 0.0)	(34.0, 0.0)	(35.0, 0.0)	(36.0, 0.0)	(37.0, 0.0)	(38.0, 0.0)	(39.0, 0.0)	(40.0, 0.25)	(41.0, 0.0)	(42.0, 0.0)	(43.0, 0.25)	(44.0, 0.25)	(45.0, 0.75)	(46.0, 3.75)	(47.0, 17.75)	(48.0, 13.916666666666668)	(49.0, 20.666666666666668)	(50.0, 101.24999999999999)	(51.0, 563.9166666666665)	(52.0, 1373.75)	(53.0, 3529.833333333334)	(54.0, 2959.250000000001)	(55.0, 864.0000000000002)	(56.0, 286.1666666666667)	(57.0, 105.91666666666661)	(58.0, 116.33333333333333)	(59.0, 111.25)	(60.0, 18.75)	(61.0, 23.0)	(62.0, 11.0)	(63.0, 9.0)	(64.0, 8.75)	(65.0, 8.75)	(66.0, 51.5)	(67.0, 11.25)	(68.0, 1.0)	(69.0, 0.5)	(70.0, 0.0)	(71.0, 0.0)	(72.0, 0.0)	(73.0, 0.0)	(74.0, 0.0)	(75.0, 0.0)	(76.0, 0.0)	(77.0, 0.0)	(78.0, 0.0)	(79.0, 0.0)	(80.0, 0.0)	(81.0, 0.0)	(82.0, 0.0)	(83.0, 0.0)	(84.0, 0.0)	(85.0, 0.0)	(86.0, 0.0)	(87.0, 0.25)	(88.0, 0.25)	(89.0, 0.0)	(90.0, 0.0)	(91.0, 0.0)	(92.0, 0.0)	(93.0, 0.0)	(94.0, 0.0)	(95.0, 0.0)	(96.0, 0.0)	(97.0, 0.0)	(98.0, 0.0)	(99.0, 0.0)	(100.0, 0.0)
597A0_S121_L001_R2_001	(0.0, 0.0)	(1.0, 0.0)	(2.0, 0.0)	(3.0, 0.0)	(4.0, 0.0)	(5.0, 0.0)	(6.0, 0.0)	(7.0, 0.0)	(8.0, 0.0)	(9.0, 0.0)	(10.0, 0.0)	(11.0, 0.0)	(12.0, 0.0)	(13.0, 0.0)	(14.0, 0.0)	(15.0, 0.0)	(16.0, 0.0)	(17.0, 0.0)	(18.0, 0.0)	(19.0, 0.0)	(20.0, 0.0)	(21.0, 0.0)	(22.0, 0.0)	(23.0, 0.0)	(24.0, 0.0)	(25.0, 0.0)	(26.0, 0.0)	(27.0, 0.0)	(28.0, 0.25)	(29.0, 0.25)	(30.0, 0.0)	(31.0, 0.0)	(32.0, 0.0)	(33.0, 0.0)	(34.0, 0.25)	(35.0, 0.25)	(36.0, 0.25)	(37.0, 0.25)	(38.0, 0.5)	(39.0, 0.75)	(40.0, 0.9166666666666666)	(41.0, 1.0)	(42.0, 0.75)	(43.0, 1.0)	(44.0, 1.25)	(45.0, 1.3333333333333333)	(46.0, 4.25)	(47.0, 8.0)	(48.0, 25.083333333333332)	(49.0, 35.33333333333333)	(50.0, 63.0833333333334)	(51.0, 197.08333333333374)	(52.0, 815.000000000004)	(53.0, 2201.91666666666)	(54.0, 3627.166666666672)	(55.0, 2247.416666666666)	(56.0, 641.6666666666666)	(57.0, 178.66666666666669)	(58.0, 127.74999999999996)	(59.0, 97.99999999999997)	(60.0, 39.0)	(61.0, 27.916666666666668)	(62.0, 20.0)	(63.0, 18.666666666666664)	(64.0, 20.5)	(65.0, 18.083333333333332)	(66.0, 15.833333333333334)	(67.0, 31.166666666666664)	(68.0, 36.33333333333333)	(69.0, 21.0)	(70.0, 6.5)	(71.0, 2.25)	(72.0, 2.0)	(73.0, 0.5)	(74.0, 1.0)	(75.0, 1.25)	(76.0, 0.25)	(77.0, 0.25)	(78.0, 0.0)	(79.0, 0.25)	(80.0, 0.5)	(81.0, 0.75)	(82.0, 0.75)	(83.0, 0.25)	(84.0, 0.0)	(85.0, 0.5)	(86.0, 0.5)	(87.0, 0.25)	(88.0, 0.25)	(89.0, 0.0)	(90.0, 0.25)	(91.0, 0.25)	(92.0, 0.25)	(93.0, 0.0)	(94.0, 0.0)	(95.0, 0.0)	(96.0, 0.0)	(97.0, 0.0)	(98.0, 0.0)	(99.0, 0.25)	(100.0, 0.3333333333333333)
597A14_S122_L001_R1_001	(0.0, 0.0)	(1.0, 0.0)	(2.0, 0.0)	(3.0, 0.0)	(4.0, 0.0)	(5.0, 0.0)	(6.0, 0.0)	(7.0, 0.0)	(8.0, 0.0)	(9.0, 0.0)	(10.0, 0.0)	(11.0, 0.0)	(12.0, 0.0)	(13.0, 0.0)	(14.0, 0.0)	(15.0, 0.0)	(16.0, 0.0)	(17.0, 0.0)	(18.0, 0.0)	(19.0, 0.0)	(20.0, 0.0)	(21.0, 0.0)	(22.0, 0.0)	(23.0, 0.0)	(24.0, 0.0)	(25.0, 0.0)	(26.0, 0.0)	(27.0, 0.0)	(28.0, 0.0)	(29.0, 0.0)	(30.0, 0.0)	(31.0, 0.0)	(32.0, 0.0)	(33.0, 0.0)	(34.0, 0.0)	(35.0, 0.0)	(36.0, 0.0)	(37.0, 0.0)	(38.0, 0.0)	(39.0, 0.0)	(40.0, 0.0)	(41.0, 0.0)	(42.0, 0.25)	(43.0, 0.25)	(44.0, 0.25)	(45.0, 0.75)	(46.0, 18.083333333333336)	(47.0, 160.0)	(48.0, 101.74999999999997)	(49.0, 91.33333333333331)	(50.0, 205.5833333333334)	(51.0, 833.2500000000002)	(52.0, 1362.75)	(53.0, 2050.249999999999)	(54.0, 1997.749999999999)	(55.0, 1223.2500000000002)	(56.0, 424.6666666666667)	(57.0, 232.9166666666667)	(58.0, 185.0)	(59.0, 119.16666666666666)	(60.0, 41.08333333333333)	(61.0, 32.91666666666667)	(62.0, 25.833333333333332)	(63.0, 30.25)	(64.0, 25.0)	(65.0, 16.75)	(66.0, 68.0)	(67.0, 9.75)	(68.0, 0.75)	(69.0, 0.25)	(70.0, 0.25)	(71.0, 0.25)	(72.0, 0.0)	(73.0, 0.0)	(74.0, 0.0)	(75.0, 0.0)	(76.0, 0.0)	(77.0, 0.0)	(78.0, 0.0)	(79.0, 0.0)	(80.0, 0.0)	(81.0, 0.0)	(82.0, 0.0)	(83.0, 0.0)	(84.0, 0.0)	(85.0, 0.0)	(86.0, 0.0)	(87.0, 0.0)	(88.0, 0.0)	(89.0, 0.0)	(90.0, 0.0)	(91.0, 0.0)	(92.0, 0.0)	(93.0, 0.0)	(94.0, 0.0)	(95.0, 0.0)	(96.0, 0.0)	(97.0, 0.0)	(98.0, 0.0)	(99.0, 0.0)	(100.0, 0.0)
597A14_S122_L001_R2_001	(0.0, 0.0)	(1.0, 0.0)	(2.0, 0.0)	(3.0, 0.0)	(4.0, 0.0)	(5.0, 0.0)	(6.0, 0.0)	(7.0, 0.0)	(8.0, 0.0)	(9.0, 0.0)	(10.0, 0.0)	(11.0, 0.0)	(12.0, 0.0)	(13.0, 0.0)	(14.0, 0.0)	(15.0, 0.0)	(16.0, 0.0)	(17.0, 0.0)	(18.0, 0.0)	(19.0, 0.0)	(20.0, 0.0)	(21.0, 0.0)	(22.0, 0.0)	(23.0, 0.0)	(24.0, 0.0)	(25.0, 0.0)	(26.0, 0.0)	(27.0, 0.0)	(28.0, 0.0)	(29.0, 0.0)	(30.0, 0.0)	(31.0, 0.0)	(32.0, 0.0)	(33.0, 0.0)	(34.0, 0.0)	(35.0, 0.3333333333333333)	(36.0, 0.3333333333333333)	(37.0, 0.0)	(38.0, 0.0)	(39.0, 0.0)	(40.0, 0.5)	(41.0, 1.0)	(42.0, 1.0)	(43.0, 1.5833333333333333)	(44.0, 1.9166666666666665)	(45.0, 3.416666666666667)	(46.0, 14.916666666666666)	(47.0, 58.166666666666686)	(48.0, 162.33333333333334)	(49.0, 124.58333333333327)	(50.0, 120.49999999999987)	(51.0, 351.08333333333303)	(52.0, 983.1666666666714)	(53.0, 2104.249999999993)	(54.0, 2541.416666666666)	(55.0, 1727.6666666666665)	(56.0, 526.6666666666666)	(57.0, 152.66666666666666)	(58.0, 109.08333333333333)	(59.0, 78.08333333333334)	(60.0, 42.49999999999999)	(61.0, 25.66666666666666)	(62.0, 23.83333333333333)	(63.0, 36.833333333333336)	(64.0, 37.666666666666664)	(65.0, 27.416666666666664)	(66.0, 24.749999999999993)	(67.0, 40.0)	(68.0, 51.25)	(69.0, 29.75)	(70.0, 9.75)	(71.0, 4.25)	(72.0, 1.5)	(73.0, 1.5)	(74.0, 0.25)	(75.0, 0.75)	(76.0, 0.0)	(77.0, 0.25)	(78.0, 0.25)	(79.0, 0.5)	(80.0, 0.0)	(81.0, 0.5)	(82.0, 0.75)	(83.0, 0.5)	(84.0, 0.25)	(85.0, 0.25)	(86.0, 0.75)	(87.0, 0.25)	(88.0, 0.0)	(89.0, 0.0)	(90.0, 0.0)	(91.0, 0.25)	(92.0, 0.25)	(93.0, 0.0)	(94.0, 0.0)	(95.0, 0.0)	(96.0, 0.0)	(97.0, 0.0)	(98.0, 0.0)	(99.0, 0.25)	(100.0, 0.6666666666666666)
597B0_S123_L001_R1_001	(0.0, 0.0)	(1.0, 0.0)	(2.0, 0.0)	(3.0, 0.0)	(4.0, 0.0)	(5.0, 0.0)	(6.0, 0.0)	(7.0, 0.0)	(8.0, 0.0)	(9.0, 0.0)	(10.0, 0.0)	(11.0, 0.0)	(12.0, 0.0)	(13.0, 0.0)	(14.0, 0.0)	(15.0, 0.0)	(16.0, 0.0)	(17.0, 0.0)	(18.0, 0.0)	(19.0, 0.0)	(20.0, 0.0)	(21.0, 0.0)	(22.0, 0.0)	(23.0, 0.0)	(24.0, 0.0)	(25.0, 0.0)	(26.0, 0.0)	(27.0, 0.0)	(28.0, 0.0)	(29.0, 0.0)	(30.0, 0.0)	(31.0, 0.0)	(32.0, 0.0)	(33.0, 0.0)	(34.0, 0.0)	(35.0, 0.0)	(36.0, 0.0)	(37.0, 0.0)	(38.0, 0.0)	(39.0, 0.0)	(40.0, 0.0)	(41.0, 0.0)	(42.0, 0.0)	(43.0, 0.0)	(44.0, 0.0)	(45.0, 0.0)	(46.0, 0.25)	(47.0, 1.75)	(48.0, 1.25)	(49.0, 3.5)	(50.0, 2.5)	(51.0, 54.0)	(52.0, 150.75)	(53.0, 429.0833333333333)	(54.0, 693.3333333333333)	(55.0, 317.3333333333333)	(56.0, 71.16666666666666)	(57.0, 18.250000000000004)	(58.0, 25.333333333333332)	(59.0, 60.91666666666668)	(60.0, 14.0)	(61.0, 1.75)	(62.0, 1.25)	(63.0, 2.0)	(64.0, 3.0)	(65.0, 2.0)	(66.0, 5.75)	(67.0, 19.0)	(68.0, 1.75)	(69.0, 0.25)	(70.0, 0.0)	(71.0, 0.0)	(72.0, 0.0)	(73.0, 0.0)	(74.0, 0.0)	(75.0, 0.0)	(76.0, 0.0)	(77.0, 0.0)	(78.0, 0.0)	(79.0, 0.0)	(80.0, 0.0)	(81.0, 0.0)	(82.0, 0.0)	(83.0, 0.0)	(84.0, 0.0)	(85.0, 0.0)	(86.0, 0.0)	(87.0, 0.0)	(88.0, 0.0)	(89.0, 0.0)	(90.0, 0.0)	(91.0, 0.0)	(92.0, 0.0)	(93.0, 0.0)	(94.0, 0.0)	(95.0, 0.0)	(96.0, 0.0)	(97.0, 0.0)	(98.0, 0.0)	(99.0, 0.0)	(100.0, 0.0)
597B0_S123_L001_R2_001	(0.0, 0.0)	(1.0, 0.0)	(2.0, 0.0)	(3.0, 0.0)	(4.0, 0.0)	(5.0, 0.0)	(6.0, 0.0)	(7.0, 0.0)	(8.0, 0.0)	(9.0, 0.0)	(10.0, 0.0)	(11.0, 0.0)	(12.0, 0.0)	(13.0, 0.0)	(14.0, 0.0)	(15.0, 0.0)	(16.0, 0.0)	(17.0, 0.0)	(18.0, 0.0)	(19.0, 0.0)	(20.0, 0.0)	(21.0, 0.0)	(22.0, 0.0)	(23.0, 0.0)	(24.0, 0.0)	(25.0, 0.0)	(26.0, 0.0)	(27.0, 0.0)	(28.0, 0.0)	(29.0, 0.0)	(30.0, 0.0)	(31.0, 0.0)	(32.0, 0.0)	(33.0, 0.0)	(34.0, 0.0)	(35.0, 0.0)	(36.0, 0.0)	(37.0, 0.0)	(38.0, 0.0)	(39.0, 0.0)	(40.0, 0.0)	(41.0, 0.0)	(42.0, 0.25)	(43.0, 0.3333333333333333)	(44.0, 0.5833333333333333)	(45.0, 0.0)	(46.0, 1.8333333333333333)	(47.0, 1.5)	(48.0, 2.5)	(49.0, 5.583333333333333)	(50.0, 15.41666666666667)	(51.0, 66.75000000000003)	(52.0, 198.83333333333343)	(53.0, 524.5833333333331)	(54.0, 575.5833333333333)	(55.0, 204.08333333333331)	(56.0, 45.25)	(57.0, 27.5)	(58.0, 48.416666666666664)	(59.0, 23.333333333333336)	(60.0, 6.25)	(61.0, 3.25)	(62.0, 3.333333333333333)	(63.0, 4.333333333333333)	(64.0, 1.75)	(65.0, 1.8333333333333333)	(66.0, 4.5)	(67.0, 8.25)	(68.0, 13.0)	(69.0, 4.75)	(70.0, 0.75)	(71.0, 0.25)	(72.0, 0.0)	(73.0, 0.0)	(74.0, 0.25)	(75.0, 0.25)	(76.0, 0.0)	(77.0, 0.0)	(78.0, 0.25)	(79.0, 0.25)	(80.0, 0.0)	(81.0, 0.0)	(82.0, 0.0)	(83.0, 0.0)	(84.0, 0.0)	(85.0, 0.0)	(86.0, 0.0)	(87.0, 0.0)	(88.0, 0.0)	(89.0, 0.0)	(90.0, 0.0)	(91.0, 0.25)	(92.0, 0.25)	(93.0, 0.0)	(94.0, 0.0)	(95.0, 0.0)	(96.0, 0.0)	(97.0, 0.0)	(98.0, 0.0)	(99.0, 0.0)	(100.0, 0.0)
597B14_S124_L001_R1_001	(0.0, 0.0)	(1.0, 0.0)	(2.0, 0.0)	(3.0, 0.0)	(4.0, 0.0)	(5.0, 0.0)	(6.0, 0.0)	(7.0, 0.0)	(8.0, 0.0)	(9.0, 0.0)	(10.0, 0.0)	(11.0, 0.0)	(12.0, 0.0)	(13.0, 0.0)	(14.0, 0.0)	(15.0, 0.0)	(16.0, 0.0)	(17.0, 0.0)	(18.0, 0.0)	(19.0, 0.0)	(20.0, 0.0)	(21.0, 0.0)	(22.0, 0.0)	(23.0, 0.0)	(24.0, 0.0)	(25.0, 0.0)	(26.0, 0.0)	(27.0, 0.0)	(28.0, 0.0)	(29.0, 0.0)	(30.0, 0.0)	(31.0, 0.0)	(32.0, 0.0)	(33.0, 0.0)	(34.0, 0.0)	(35.0, 0.0)	(36.0, 0.0)	(37.0, 0.0)	(38.0, 0.0)	(39.0, 0.0)	(40.0, 0.5)	(41.0, 0.25)	(42.0, 0.25)	(43.0, 0.75)	(44.0, 0.5)	(45.0, 2.5)	(46.0, 57.75000000000001)	(47.0, 321.25)	(48.0, 297.25000000000006)	(49.0, 289.08333333333337)	(50.0, 309.5)	(51.0, 1013.6666666666679)	(52.0, 1282.1666666666667)	(53.0, 1717.1666666666663)	(54.0, 1679.333333333333)	(55.0, 915.0000000000002)	(56.0, 416.1666666666665)	(57.0, 331.3333333333336)	(58.0, 347.99999999999994)	(59.0, 255.16666666666683)	(60.0, 44.416666666666664)	(61.0, 38.25)	(62.0, 22.583333333333332)	(63.0, 11.083333333333334)	(64.0, 5.0)	(65.0, 12.75)	(66.0, 62.75)	(67.0, 12.75)	(68.0, 1.25)	(69.0, 0.25)	(70.0, 0.5)	(71.0, 0.0)	(72.0, 0.0)	(73.0, 0.0)	(74.0, 0.0)	(75.0, 0.0)	(76.0, 0.0)	(77.0, 0.0)	(78.0, 0.0)	(79.0, 0.0)	(80.0, 0.0)	(81.0, 0.0)	(82.0, 0.0)	(83.0, 0.0)	(84.0, 0.0)	(85.0, 0.0)	(86.0, 0.0)	(87.0, 0.0)	(88.0, 0.0)	(89.0, 0.0)	(90.0, 0.0)	(91.0, 0.0)	(92.0, 0.0)	(93.0, 0.0)	(94.0, 0.0)	(95.0, 0.0)	(96.0, 0.0)	(97.0, 0.0)	(98.0, 0.0)	(99.0, 0.0)	(100.0, 0.0)
597B14_S124_L001_R2_001	(0.0, 0.0)	(1.0, 0.0)	(2.0, 0.0)	(3.0, 0.0)	(4.0, 0.0)	(5.0, 0.0)	(6.0, 0.0)	(7.0, 0.0)	(8.0, 0.0)	(9.0, 0.0)	(10.0, 0.0)	(11.0, 0.0)	(12.0, 0.0)	(13.0, 0.0)	(14.0, 0.0)	(15.0, 0.0)	(16.0, 0.0)	(17.0, 0.0)	(18.0, 0.0)	(19.0, 0.0)	(20.0, 0.0)	(21.0, 0.0)	(22.0, 0.0)	(23.0, 0.0)	(24.0, 0.0)	(25.0, 0.0)	(26.0, 0.0)	(27.0, 0.0)	(28.0, 0.0)	(29.0, 0.0)	(30.0, 0.0)	(31.0, 0.0)	(32.0, 0.0)	(33.0, 0.5)	(34.0, 0.0)	(35.0, 0.0)	(36.0, 0.0)	(37.0, 0.0)	(38.0, 0.5)	(39.0, 0.75)	(40.0, 1.75)	(41.0, 1.0)	(42.0, 0.75)	(43.0, 1.5)	(44.0, 4.833333333333334)	(45.0, 9.916666666666668)	(46.0, 38.75)	(47.0, 114.83333333333324)	(48.0, 343.4166666666666)	(49.0, 403.16666666666646)	(50.0, 301.25)	(51.0, 367.2499999999993)	(52.0, 981.500000000005)	(53.0, 1849.2499999999934)	(54.0, 2050.4166666666633)	(55.0, 1368.3333333333328)	(56.0, 611.2500000000001)	(57.0, 277.1666666666667)	(58.0, 262.0833333333334)	(59.0, 201.6666666666667)	(60.0, 77.5)	(61.0, 26.583333333333332)	(62.0, 25.083333333333332)	(63.0, 25.25)	(64.0, 22.0)	(65.0, 16.25)	(66.0, 20.333333333333332)	(67.0, 42.833333333333336)	(68.0, 46.25)	(69.0, 25.0)	(70.0, 8.25)	(71.0, 3.5)	(72.0, 2.0)	(73.0, 1.0)	(74.0, 0.5)	(75.0, 1.0)	(76.0, 1.0)	(77.0, 0.5)	(78.0, 0.5)	(79.0, 1.0)	(80.0, 0.0)	(81.0, 0.0)	(82.0, 0.25)	(83.0, 0.25)	(84.0, 0.5)	(85.0, 0.0)	(86.0, 0.5)	(87.0, 0.25)	(88.0, 0.5)	(89.0, 0.25)	(90.0, 0.25)	(91.0, 0.25)	(92.0, 0.25)	(93.0, 0.0)	(94.0, 0.25)	(95.0, 0.0)	(96.0, 0.0)	(97.0, 0.0)	(98.0, 0.0)	(99.0, 0.0)	(100.0, 0.0)
603A0_S13_L001_R1_001	(0.0, 1.0)	(1.0, 0.5)	(2.0, 0.0)	(3.0, 0.0)	(4.0, 0.0)	(5.0, 0.0)	(6.0, 0.0)	(7.0, 0.0)	(8.0, 0.0)	(9.0, 0.0)	(10.0, 0.0)	(11.0, 0.0)	(12.0, 0.0)	(13.0, 0.0)	(14.0, 0.0)	(15.0, 0.0)	(16.0, 0.0)	(17.0, 0.0)	(18.0, 0.0)	(19.0, 0.0)	(20.0, 0.0)	(21.0, 0.0)	(22.0, 0.0)	(23.0, 0.0)	(24.0, 0.0)	(25.0, 0.0)	(26.0, 0.0)	(27.0, 0.0)	(28.0, 0.0)	(29.0, 0.0)	(30.0, 0.0)	(31.0, 0.0)	(32.0, 0.0)	(33.0, 0.0)	(34.0, 0.0)	(35.0, 0.0)	(36.0, 0.0)	(37.0, 0.0)	(38.0, 0.0)	(39.0, 0.0)	(40.0, 0.0)	(41.0, 0.0)	(42.0, 0.0)	(43.0, 0.0)	(44.0, 0.25)	(45.0, 0.25)	(46.0, 1.5)	(47.0, 36.25)	(48.0, 85.0)	(49.0, 159.75)	(50.0, 201.08333333333343)	(51.0, 471.7499999999998)	(52.0, 857.8333333333353)	(53.0, 856.0833333333342)	(54.0, 1176.416666666667)	(55.0, 1130.0000000000002)	(56.0, 483.74999999999886)	(57.0, 464.8333333333312)	(58.0, 337.1666666666663)	(59.0, 233.00000000000108)	(60.0, 164.41666666666683)	(61.0, 58.25000000000004)	(62.0, 20.58333333333333)	(63.0, 11.333333333333334)	(64.0, 15.750000000000004)	(65.0, 17.666666666666668)	(66.0, 29.166666666666654)	(67.0, 16.833333333333332)	(68.0, 2.5)	(69.0, 0.5)	(70.0, 0.0)	(71.0, 0.0)	(72.0, 0.0)	(73.0, 0.0)	(74.0, 0.0)	(75.0, 0.0)	(76.0, 0.0)	(77.0, 0.25)	(78.0, 0.0)	(79.0, 0.0)	(80.0, 0.0)	(81.0, 0.0)	(82.0, 0.0)	(83.0, 0.0)	(84.0, 0.0)	(85.0, 0.0)	(86.0, 0.0)	(87.0, 0.0)	(88.0, 0.0)	(89.0, 0.0)	(90.0, 0.0)	(91.0, 0.0)	(92.0, 0.0)	(93.0, 0.0)	(94.0, 0.0)	(95.0, 0.0)	(96.0, 0.0)	(97.0, 0.0)	(98.0, 0.0)	(99.0, 0.0)	(100.0, 0.0)
603A0_S13_L001_R2_001	(0.0, 1.0)	(1.0, 0.5)	(2.0, 0.0)	(3.0, 0.0)	(4.0, 0.0)	(5.0, 0.0)	(6.0, 0.0)	(7.0, 0.0)	(8.0, 0.0)	(9.0, 0.0)	(10.0, 0.0)	(11.0, 0.0)	(12.0, 0.0)	(13.0, 0.0)	(14.0, 0.0)	(15.0, 0.0)	(16.0, 0.0)	(17.0, 0.0)	(18.0, 0.0)	(19.0, 0.0)	(20.0, 0.0)	(21.0, 0.0)	(22.0, 0.0)	(23.0, 0.0)	(24.0, 0.0)	(25.0, 0.0)	(26.0, 0.0)	(27.0, 0.0)	(28.0, 0.0)	(29.0, 0.0)	(30.0, 0.0)	(31.0, 0.0)	(32.0, 0.0)	(33.0, 0.0)	(34.0, 0.0)	(35.0, 0.0)	(36.0, 0.0)	(37.0, 0.0)	(38.0, 0.25)	(39.0, 0.5)	(40.0, 0.75)	(41.0, 0.8333333333333333)	(42.0, 0.8333333333333333)	(43.0, 0.25)	(44.0, 1.0)	(45.0, 4.166666666666666)	(46.0, 12.916666666666668)	(47.0, 50.83333333333335)	(48.0, 167.83333333333334)	(49.0, 229.6666666666667)	(50.0, 239.83333333333343)	(51.0, 386.2499999999996)	(52.0, 828.9166666666679)	(53.0, 1033.000000000002)	(54.0, 1198.000000000001)	(55.0, 1091.6666666666672)	(56.0, 593.4166666666666)	(57.0, 253.5)	(58.0, 205.25)	(59.0, 127.99999999999999)	(60.0, 50.916666666666664)	(61.0, 30.41666666666666)	(62.0, 26.249999999999993)	(63.0, 27.0)	(64.0, 21.333333333333336)	(65.0, 15.5)	(66.0, 11.833333333333334)	(67.0, 11.083333333333334)	(68.0, 15.5)	(69.0, 7.25)	(70.0, 4.25)	(71.0, 2.0)	(72.0, 1.75)	(73.0, 1.25)	(74.0, 0.75)	(75.0, 0.25)	(76.0, 0.25)	(77.0, 0.0)	(78.0, 0.25)	(79.0, 0.0)	(80.0, 0.0)	(81.0, 0.0)	(82.0, 0.5)	(83.0, 0.25)	(84.0, 0.0)	(85.0, 0.25)	(86.0, 0.25)	(87.0, 0.0)	(88.0, 0.0)	(89.0, 0.0)	(90.0, 0.0)	(91.0, 0.0)	(92.0, 0.0)	(93.0, 0.0)	(94.0, 0.0)	(95.0, 0.0)	(96.0, 0.0)	(97.0, 0.25)	(98.0, 0.25)	(99.0, 0.0)	(100.0, 0.3333333333333333)
603A14_S14_L001_R1_001	(0.0, 1.0)	(1.0, 0.5)	(2.0, 0.0)	(3.0, 0.0)	(4.0, 0.0)	(5.0, 0.0)	(6.0, 0.0)	(7.0, 0.0)	(8.0, 0.0)	(9.0, 0.0)	(10.0, 0.0)	(11.0, 0.0)	(12.0, 0.0)	(13.0, 0.0)	(14.0, 0.0)	(15.0, 0.0)	(16.0, 0.0)	(17.0, 0.0)	(18.0, 0.0)	(19.0, 0.0)	(20.0, 0.0)	(21.0, 0.0)	(22.0, 0.0)	(23.0, 0.0)	(24.0, 0.0)	(25.0, 0.0)	(26.0, 0.0)	(27.0, 0.0)	(28.0, 0.0)	(29.0, 0.0)	(30.0, 0.0)	(31.0, 0.0)	(32.0, 0.0)	(33.0, 0.0)	(34.0, 0.0)	(35.0, 0.0)	(36.0, 0.0)	(37.0, 0.0)	(38.0, 0.0)	(39.0, 0.25)	(40.0, 0.0)	(41.0, 0.0)	(42.0, 0.0)	(43.0, 0.0)	(44.0, 0.5)	(45.0, 1.0)	(46.0, 2.0)	(47.0, 13.75)	(48.0, 43.25)	(49.0, 132.5)	(50.0, 186.58333333333331)	(51.0, 561.5833333333333)	(52.0, 1080.416666666667)	(53.0, 1004.416666666667)	(54.0, 1044.7500000000005)	(55.0, 914.5833333333336)	(56.0, 456.2499999999995)	(57.0, 309.99999999999994)	(58.0, 217.58333333333385)	(59.0, 343.8333333333325)	(60.0, 280.91666666666714)	(61.0, 70.66666666666667)	(62.0, 24.416666666666664)	(63.0, 15.16666666666667)	(64.0, 19.333333333333332)	(65.0, 20.083333333333332)	(66.0, 22.33333333333333)	(67.0, 13.25)	(68.0, 0.75)	(69.0, 0.25)	(70.0, 0.0)	(71.0, 0.0)	(72.0, 0.0)	(73.0, 0.0)	(74.0, 0.0)	(75.0, 0.0)	(76.0, 0.0)	(77.0, 0.0)	(78.0, 0.0)	(79.0, 0.0)	(80.0, 0.0)	(81.0, 0.0)	(82.0, 0.0)	(83.0, 0.0)	(84.0, 0.0)	(85.0, 0.0)	(86.0, 0.0)	(87.0, 0.0)	(88.0, 0.0)	(89.0, 0.0)	(90.0, 0.0)	(91.0, 0.0)	(92.0, 0.0)	(93.0, 0.0)	(94.0, 0.0)	(95.0, 0.0)	(96.0, 0.0)	(97.0, 0.0)	(98.0, 0.0)	(99.0, 0.0)	(100.0, 0.0)
603A14_S14_L001_R2_001	(0.0, 1.0)	(1.0, 0.5)	(2.0, 0.0)	(3.0, 0.0)	(4.0, 0.0)	(5.0, 0.0)	(6.0, 0.0)	(7.0, 0.0)	(8.0, 0.0)	(9.0, 0.0)	(10.0, 0.0)	(11.0, 0.0)	(12.0, 0.0)	(13.0, 0.0)	(14.0, 0.0)	(15.0, 0.0)	(16.0, 0.0)	(17.0, 0.0)	(18.0, 0.0)	(19.0, 0.0)	(20.0, 0.0)	(21.0, 0.0)	(22.0, 0.0)	(23.0, 0.0)	(24.0, 0.0)	(25.0, 0.0)	(26.0, 0.0)	(27.0, 0.0)	(28.0, 0.0)	(29.0, 0.0)	(30.0, 0.0)	(31.0, 0.0)	(32.0, 0.0)	(33.0, 0.0)	(34.0, 0.25)	(35.0, 0.25)	(36.0, 0.0)	(37.0, 0.0)	(38.0, 0.0)	(39.0, 0.25)	(40.0, 0.25)	(41.0, 0.0)	(42.0, 0.75)	(43.0, 1.0833333333333333)	(44.0, 1.8333333333333333)	(45.0, 1.8333333333333333)	(46.0, 7.25)	(47.0, 42.916666666666664)	(48.0, 131.75)	(49.0, 158.25)	(50.0, 193.58333333333343)	(51.0, 485.9166666666661)	(52.0, 1010.8333333333348)	(53.0, 1232.333333333333)	(54.0, 1239.6666666666667)	(55.0, 824.2500000000002)	(56.0, 368.1666666666666)	(57.0, 221.0)	(58.0, 332.25)	(59.0, 211.91666666666666)	(60.0, 78.08333333333331)	(61.0, 34.0)	(62.0, 31.75)	(63.0, 21.833333333333332)	(64.0, 14.5)	(65.0, 9.25)	(66.0, 8.5)	(67.0, 8.75)	(68.0, 11.5)	(69.0, 5.25)	(70.0, 3.0)	(71.0, 0.5)	(72.0, 1.0)	(73.0, 0.5)	(74.0, 0.5)	(75.0, 0.5)	(76.0, 0.25)	(77.0, 0.25)	(78.0, 0.0)	(79.0, 0.25)	(80.0, 0.25)	(81.0, 0.0)	(82.0, 0.0)	(83.0, 0.25)	(84.0, 0.0)	(85.0, 0.25)	(86.0, 0.0)	(87.0, 0.0)	(88.0, 0.0)	(89.0, 0.0)	(90.0, 0.0)	(91.0, 0.0)	(92.0, 0.25)	(93.0, 0.0)	(94.0, 0.0)	(95.0, 0.0)	(96.0, 0.25)	(97.0, 0.0)	(98.0, 0.25)	(99.0, 0.5)	(100.0, 0.3333333333333333)
603B0_S15_L001_R1_001	(0.0, 2.0)	(1.0, 1.0)	(2.0, 0.0)	(3.0, 0.0)	(4.0, 0.0)	(5.0, 0.0)	(6.0, 0.0)	(7.0, 0.0)	(8.0, 0.0)	(9.0, 0.0)	(10.0, 0.0)	(11.0, 0.0)	(12.0, 0.0)	(13.0, 0.0)	(14.0, 0.0)	(15.0, 0.0)	(16.0, 0.0)	(17.0, 0.0)	(18.0, 0.0)	(19.0, 0.0)	(20.0, 0.0)	(21.0, 0.0)	(22.0, 0.0)	(23.0, 0.0)	(24.0, 0.0)	(25.0, 0.0)	(26.0, 0.0)	(27.0, 0.0)	(28.0, 0.0)	(29.0, 0.0)	(30.0, 0.0)	(31.0, 0.0)	(32.0, 0.0)	(33.0, 0.0)	(34.0, 0.0)	(35.0, 0.0)	(36.0, 0.0)	(37.0, 0.0)	(38.0, 0.0)	(39.0, 0.25)	(40.0, 0.25)	(41.0, 0.25)	(42.0, 0.25)	(43.0, 0.0)	(44.0, 0.0)	(45.0, 0.5)	(46.0, 2.5)	(47.0, 20.5)	(48.0, 45.5)	(49.0, 93.16666666666667)	(50.0, 174.9166666666667)	(51.0, 677.2500000000002)	(52.0, 1119.0833333333344)	(53.0, 1337.7499999999998)	(54.0, 1563.1666666666663)	(55.0, 1223.25)	(56.0, 511.91666666666634)	(57.0, 333.1666666666665)	(58.0, 205.1666666666668)	(59.0, 137.08333333333314)	(60.0, 87.74999999999997)	(61.0, 34.49999999999999)	(62.0, 16.833333333333332)	(63.0, 11.666666666666666)	(64.0, 10.500000000000002)	(65.0, 10.166666666666666)	(66.0, 16.916666666666668)	(67.0, 13.5)	(68.0, 1.0)	(69.0, 0.0)	(70.0, 0.0)	(71.0, 0.0)	(72.0, 0.0)	(73.0, 0.0)	(74.0, 0.0)	(75.0, 0.0)	(76.0, 0.0)	(77.0, 0.0)	(78.0, 0.0)	(79.0, 0.0)	(80.0, 0.0)	(81.0, 0.0)	(82.0, 0.0)	(83.0, 0.0)	(84.0, 0.0)	(85.0, 0.0)	(86.0, 0.0)	(87.0, 0.0)	(88.0, 0.0)	(89.0, 0.0)	(90.0, 0.0)	(91.0, 0.0)	(92.0, 0.0)	(93.0, 0.0)	(94.0, 0.0)	(95.0, 0.0)	(96.0, 0.0)	(97.0, 0.0)	(98.0, 0.0)	(99.0, 0.0)	(100.0, 0.0)
603B0_S15_L001_R2_001	(0.0, 2.0)	(1.0, 1.0)	(2.0, 0.0)	(3.0, 0.0)	(4.0, 0.0)	(5.0, 0.0)	(6.0, 0.0)	(7.0, 0.0)	(8.0, 0.0)	(9.0, 0.0)	(10.0, 0.0)	(11.0, 0.0)	(12.0, 0.0)	(13.0, 0.0)	(14.0, 0.0)	(15.0, 0.0)	(16.0, 0.0)	(17.0, 0.0)	(18.0, 0.0)	(19.0, 0.0)	(20.0, 0.0)	(21.0, 0.0)	(22.0, 0.0)	(23.0, 0.0)	(24.0, 0.0)	(25.0, 0.0)	(26.0, 0.0)	(27.0, 0.0)	(28.0, 0.0)	(29.0, 0.0)	(30.0, 0.0)	(31.0, 0.0)	(32.0, 0.0)	(33.0, 0.0)	(34.0, 0.0)	(35.0, 0.0)	(36.0, 0.0)	(37.0, 0.0)	(38.0, 0.0)	(39.0, 0.25)	(40.0, 0.5)	(41.0, 0.5)	(42.0, 0.5)	(43.0, 0.5)	(44.0, 1.5833333333333333)	(45.0, 1.9166666666666665)	(46.0, 7.333333333333333)	(47.0, 32.75)	(48.0, 87.16666666666669)	(49.0, 157.25)	(50.0, 267.2500000000001)	(51.0, 600.1666666666669)	(52.0, 1209.1666666666674)	(53.0, 1625.7499999999975)	(54.0, 1664.9166666666656)	(55.0, 1042.3333333333335)	(56.0, 460.5833333333333)	(57.0, 167.99999999999997)	(58.0, 108.16666666666664)	(59.0, 65.00000000000001)	(60.0, 30.666666666666664)	(61.0, 17.75)	(62.0, 15.333333333333334)	(63.0, 19.0)	(64.0, 16.0)	(65.0, 10.75)	(66.0, 13.583333333333334)	(67.0, 17.5)	(68.0, 16.0)	(69.0, 8.75)	(70.0, 2.5)	(71.0, 1.25)	(72.0, 1.25)	(73.0, 0.75)	(74.0, 0.5)	(75.0, 1.0)	(76.0, 1.0)	(77.0, 0.75)	(78.0, 0.5)	(79.0, 0.25)	(80.0, 0.0)	(81.0, 0.0)	(82.0, 0.0)	(83.0, 0.0)	(84.0, 0.25)	(85.0, 0.0)	(86.0, 0.0)	(87.0, 0.0)	(88.0, 0.0)	(89.0, 0.25)	(90.0, 0.0)	(91.0, 0.0)	(92.0, 0.0)	(93.0, 0.0)	(94.0, 0.0)	(95.0, 0.0)	(96.0, 0.0)	(97.0, 0.0)	(98.0, 0.25)	(99.0, 0.0)	(100.0, 0.0)
603B14_S16_L001_R1_001	(0.0, 1.0)	(1.0, 0.5)	(2.0, 0.0)	(3.0, 0.0)	(4.0, 0.0)	(5.0, 0.0)	(6.0, 0.0)	(7.0, 0.0)	(8.0, 0.0)	(9.0, 0.0)	(10.0, 0.0)	(11.0, 0.0)	(12.0, 0.0)	(13.0, 0.0)	(14.0, 0.0)	(15.0, 0.0)	(16.0, 0.0)	(17.0, 0.0)	(18.0, 0.0)	(19.0, 0.0)	(20.0, 0.0)	(21.0, 0.0)	(22.0, 0.0)	(23.0, 0.0)	(24.0, 0.0)	(25.0, 0.0)	(26.0, 0.0)	(27.0, 0.0)	(28.0, 0.0)	(29.0, 0.0)	(30.0, 0.0)	(31.0, 0.0)	(32.0, 0.0)	(33.0, 0.0)	(34.0, 0.0)	(35.0, 0.0)	(36.0, 0.0)	(37.0, 0.0)	(38.0, 0.0)	(39.0, 0.25)	(40.0, 0.5833333333333333)	(41.0, 0.3333333333333333)	(42.0, 1.5)	(43.0, 3.75)	(44.0, 3.5)	(45.0, 2.833333333333333)	(46.0, 5.166666666666666)	(47.0, 9.75)	(48.0, 26.0)	(49.0, 71.08333333333333)	(50.0, 134.66666666666663)	(51.0, 655.0833333333334)	(52.0, 1151.250000000001)	(53.0, 1093.000000000001)	(54.0, 1422.9999999999995)	(55.0, 1270.0833333333333)	(56.0, 534.9999999999997)	(57.0, 373.08333333333263)	(58.0, 272.8333333333339)	(59.0, 415.4166666666627)	(60.0, 312.4166666666666)	(61.0, 77.50000000000001)	(62.0, 28.16666666666666)	(63.0, 15.916666666666668)	(64.0, 11.75)	(65.0, 13.000000000000002)	(66.0, 30.16666666666666)	(67.0, 29.5)	(68.0, 5.25)	(69.0, 0.0)	(70.0, 0.0)	(71.0, 0.0)	(72.0, 0.0)	(73.0, 0.0)	(74.0, 0.0)	(75.0, 0.0)	(76.0, 0.0)	(77.0, 0.0)	(78.0, 0.0)	(79.0, 0.0)	(80.0, 0.0)	(81.0, 0.0)	(82.0, 0.0)	(83.0, 0.0)	(84.0, 0.0)	(85.0, 0.0)	(86.0, 0.0)	(87.0, 0.0)	(88.0, 0.0)	(89.0, 0.0)	(90.0, 0.0)	(91.0, 0.0)	(92.0, 0.0)	(93.0, 0.0)	(94.0, 0.0)	(95.0, 0.0)	(96.0, 0.0)	(97.0, 0.0)	(98.0, 0.0)	(99.0, 0.0)	(100.0, 0.0)
603B14_S16_L001_R2_001	(0.0, 1.0)	(1.0, 0.5)	(2.0, 0.0)	(3.0, 0.0)	(4.0, 0.0)	(5.0, 0.0)	(6.0, 0.0)	(7.0, 0.0)	(8.0, 0.0)	(9.0, 0.0)	(10.0, 0.0)	(11.0, 0.0)	(12.0, 0.0)	(13.0, 0.0)	(14.0, 0.0)	(15.0, 0.0)	(16.0, 0.0)	(17.0, 0.0)	(18.0, 0.0)	(19.0, 0.0)	(20.0, 0.0)	(21.0, 0.0)	(22.0, 0.0)	(23.0, 0.0)	(24.0, 0.0)	(25.0, 0.0)	(26.0, 0.0)	(27.0, 0.0)	(28.0, 0.0)	(29.0, 0.0)	(30.0, 0.0)	(31.0, 0.0)	(32.0, 0.0)	(33.0, 0.0)	(34.0, 0.0)	(35.0, 0.0)	(36.0, 0.25)	(37.0, 0.0)	(38.0, 0.25)	(39.0, 0.5)	(40.0, 0.5)	(41.0, 0.75)	(42.0, 1.5)	(43.0, 3.0)	(44.0, 4.75)	(45.0, 6.5)	(46.0, 7.666666666666666)	(47.0, 24.916666666666664)	(48.0, 53.83333333333334)	(49.0, 96.08333333333329)	(50.0, 150.83333333333331)	(51.0, 413.4999999999997)	(52.0, 940.4166666666687)	(53.0, 1308.6666666666658)	(54.0, 1730.2499999999989)	(55.0, 1288.3333333333333)	(56.0, 530.0833333333334)	(57.0, 279.9166666666666)	(58.0, 370.4166666666666)	(59.0, 226.83333333333337)	(60.0, 84.66666666666667)	(61.0, 34.41666666666667)	(62.0, 26.083333333333332)	(63.0, 26.25)	(64.0, 23.083333333333336)	(65.0, 18.75)	(66.0, 18.083333333333336)	(67.0, 29.0)	(68.0, 24.25)	(69.0, 15.75)	(70.0, 7.0)	(71.0, 4.0)	(72.0, 1.75)	(73.0, 2.5)	(74.0, 0.5)	(75.0, 1.0833333333333333)	(76.0, 0.8333333333333333)	(77.0, 0.25)	(78.0, 0.5)	(79.0, 1.0)	(80.0, 0.25)	(81.0, 0.25)	(82.0, 0.25)	(83.0, 0.0)	(84.0, 0.5)	(85.0, 0.0)	(86.0, 0.0)	(87.0, 0.25)	(88.0, 0.0)	(89.0, 0.0)	(90.0, 0.0)	(91.0, 0.0)	(92.0, 0.0)	(93.0, 0.0)	(94.0, 0.0)	(95.0, 0.0)	(96.0, 0.0)	(97.0, 0.0)	(98.0, 0.0)	(99.0, 0.0)	(100.0, 0.3333333333333333)
607A0_S5_L001_R1_001	(0.0, 1.0)	(1.0, 0.5)	(2.0, 0.0)	(3.0, 0.0)	(4.0, 0.0)	(5.0, 0.0)	(6.0, 0.0)	(7.0, 0.0)	(8.0, 0.0)	(9.0, 0.0)	(10.0, 0.0)	(11.0, 0.0)	(12.0, 0.0)	(13.0, 0.0)	(14.0, 0.0)	(15.0, 0.0)	(16.0, 0.0)	(17.0, 0.0)	(18.0, 0.0)	(19.0, 0.0)	(20.0, 0.0)	(21.0, 0.0)	(22.0, 0.0)	(23.0, 0.0)	(24.0, 0.0)	(25.0, 0.0)	(26.0, 0.0)	(27.0, 0.0)	(28.0, 0.0)	(29.0, 0.0)	(30.0, 0.0)	(31.0, 0.0)	(32.0, 0.0)	(33.0, 0.0)	(34.0, 0.0)	(35.0, 0.0)	(36.0, 0.0)	(37.0, 0.0)	(38.0, 0.25)	(39.0, 0.25)	(40.0, 0.0)	(41.0, 0.0)	(42.0, 0.0)	(43.0, 0.25)	(44.0, 0.75)	(45.0, 2.5)	(46.0, 25.583333333333336)	(47.0, 42.916666666666664)	(48.0, 85.91666666666664)	(49.0, 433.24999999999994)	(50.0, 422.9166666666666)	(51.0, 480.83333333333303)	(52.0, 833.4166666666674)	(53.0, 1114.4166666666677)	(54.0, 1088.5000000000011)	(55.0, 1417.4999999999998)	(56.0, 716.5833333333333)	(57.0, 380.91666666666663)	(58.0, 199.16666666666669)	(59.0, 135.91666666666666)	(60.0, 115.33333333333331)	(61.0, 121.83333333333331)	(62.0, 99.41666666666666)	(63.0, 73.5)	(64.0, 92.75)	(65.0, 67.75)	(66.0, 222.5)	(67.0, 393.5)	(68.0, 49.5)	(69.0, 5.25)	(70.0, 0.75)	(71.0, 0.0)	(72.0, 0.0)	(73.0, 0.25)	(74.0, 0.5)	(75.0, 0.25)	(76.0, 0.0)	(77.0, 0.0)	(78.0, 0.0)	(79.0, 0.0)	(80.0, 0.0)	(81.0, 0.0)	(82.0, 0.0)	(83.0, 0.0)	(84.0, 0.0)	(85.0, 0.0)	(86.0, 0.0)	(87.0, 0.0)	(88.0, 0.0)	(89.0, 0.0)	(90.0, 0.0)	(91.0, 0.0)	(92.0, 0.0)	(93.0, 0.0)	(94.0, 0.0)	(95.0, 0.0)	(96.0, 0.0)	(97.0, 0.0)	(98.0, 0.0)	(99.0, 0.0)	(100.0, 0.0)
607A0_S5_L001_R2_001	(0.0, 1.0)	(1.0, 0.5)	(2.0, 0.0)	(3.0, 0.0)	(4.0, 0.0)	(5.0, 0.0)	(6.0, 0.0)	(7.0, 0.0)	(8.0, 0.0)	(9.0, 0.0)	(10.0, 0.0)	(11.0, 0.0)	(12.0, 0.0)	(13.0, 0.0)	(14.0, 0.0)	(15.0, 0.0)	(16.0, 0.0)	(17.0, 0.0)	(18.0, 0.0)	(19.0, 0.0)	(20.0, 0.0)	(21.0, 0.0)	(22.0, 0.0)	(23.0, 0.0)	(24.0, 0.0)	(25.0, 0.0)	(26.0, 0.0)	(27.0, 0.0)	(28.0, 0.0)	(29.0, 0.0)	(30.0, 0.0)	(31.0, 0.0)	(32.0, 0.0)	(33.0, 0.0)	(34.0, 0.25)	(35.0, 0.5833333333333333)	(36.0, 0.0)	(37.0, 0.0)	(38.0, 0.5833333333333333)	(39.0, 0.75)	(40.0, 0.5)	(41.0, 0.75)	(42.0, 1.25)	(43.0, 0.5833333333333333)	(44.0, 3.4166666666666665)	(45.0, 8.083333333333332)	(46.0, 22.0)	(47.0, 86.50000000000001)	(48.0, 239.66666666666683)	(49.0, 334.33333333333326)	(50.0, 522.6666666666662)	(51.0, 883.7500000000022)	(52.0, 1136.2500000000018)	(53.0, 1213.4999999999995)	(54.0, 951.3333333333344)	(55.0, 803.5000000000003)	(56.0, 742.3333333333334)	(57.0, 328.3333333333333)	(58.0, 116.66666666666666)	(59.0, 52.25000000000001)	(60.0, 37.5)	(61.0, 41.66666666666667)	(62.0, 50.16666666666667)	(63.0, 66.41666666666666)	(64.0, 75.00000000000001)	(65.0, 90.49999999999999)	(66.0, 104.24999999999999)	(67.0, 245.0)	(68.0, 288.75)	(69.0, 157.75)	(70.0, 46.5)	(71.0, 12.5)	(72.0, 6.0)	(73.0, 5.25)	(74.0, 0.75)	(75.0, 1.75)	(76.0, 1.75)	(77.0, 0.25)	(78.0, 2.5)	(79.0, 2.8333333333333335)	(80.0, 0.3333333333333333)	(81.0, 1.0)	(82.0, 1.5)	(83.0, 0.25)	(84.0, 0.75)	(85.0, 0.5)	(86.0, 0.0)	(87.0, 0.0)	(88.0, 0.0)	(89.0, 0.0)	(90.0, 0.0)	(91.0, 0.0)	(92.0, 0.25)	(93.0, 0.25)	(94.0, 0.25)	(95.0, 0.25)	(96.0, 0.0)	(97.0, 0.0)	(98.0, 0.0)	(99.0, 0.0)	(100.0, 0.0)
607A14_S6_L001_R1_001	(0.0, 0.0)	(1.0, 0.0)	(2.0, 0.0)	(3.0, 0.0)	(4.0, 0.0)	(5.0, 0.0)	(6.0, 0.0)	(7.0, 0.0)	(8.0, 0.0)	(9.0, 0.0)	(10.0, 0.0)	(11.0, 0.0)	(12.0, 0.0)	(13.0, 0.0)	(14.0, 0.0)	(15.0, 0.0)	(16.0, 0.0)	(17.0, 0.0)	(18.0, 0.0)	(19.0, 0.0)	(20.0, 0.0)	(21.0, 0.0)	(22.0, 0.0)	(23.0, 0.0)	(24.0, 0.0)	(25.0, 0.0)	(26.0, 0.0)	(27.0, 0.0)	(28.0, 0.0)	(29.0, 0.0)	(30.0, 0.0)	(31.0, 0.0)	(32.0, 0.0)	(33.0, 0.0)	(34.0, 0.0)	(35.0, 0.0)	(36.0, 0.0)	(37.0, 0.0)	(38.0, 0.0)	(39.0, 0.0)	(40.0, 0.0)	(41.0, 0.5)	(42.0, 1.0)	(43.0, 1.25)	(44.0, 1.0)	(45.0, 0.8333333333333333)	(46.0, 1.5)	(47.0, 22.33333333333333)	(48.0, 56.08333333333335)	(49.0, 103.41666666666667)	(50.0, 182.3333333333334)	(51.0, 506.33333333333326)	(52.0, 676.5833333333333)	(53.0, 928.9166666666671)	(54.0, 980.6666666666671)	(55.0, 886.7500000000005)	(56.0, 997.083333333334)	(57.0, 606.8333333333334)	(58.0, 149.58333333333331)	(59.0, 93.66666666666667)	(60.0, 78.41666666666667)	(61.0, 78.83333333333334)	(62.0, 50.5)	(63.0, 22.916666666666668)	(64.0, 19.166666666666664)	(65.0, 17.75)	(66.0, 54.5)	(67.0, 97.5)	(68.0, 20.75)	(69.0, 2.75)	(70.0, 1.25)	(71.0, 0.5)	(72.0, 0.0)	(73.0, 0.0)	(74.0, 0.25)	(75.0, 0.0)	(76.0, 0.0)	(77.0, 0.0)	(78.0, 0.0)	(79.0, 0.0)	(80.0, 0.0)	(81.0, 0.0)	(82.0, 0.0)	(83.0, 0.0)	(84.0, 0.0)	(85.0, 0.0)	(86.0, 0.0)	(87.0, 0.0)	(88.0, 0.0)	(89.0, 0.0)	(90.0, 0.0)	(91.0, 0.0)	(92.0, 0.0)	(93.0, 0.0)	(94.0, 0.0)	(95.0, 0.0)	(96.0, 0.0)	(97.0, 0.0)	(98.0, 0.0)	(99.0, 0.0)	(100.0, 0.0)
607A14_S6_L001_R2_001	(0.0, 0.0)	(1.0, 0.0)	(2.0, 0.0)	(3.0, 0.0)	(4.0, 0.0)	(5.0, 0.0)	(6.0, 0.0)	(7.0, 0.0)	(8.0, 0.0)	(9.0, 0.0)	(10.0, 0.0)	(11.0, 0.0)	(12.0, 0.0)	(13.0, 0.0)	(14.0, 0.0)	(15.0, 0.0)	(16.0, 0.0)	(17.0, 0.0)	(18.0, 0.0)	(19.0, 0.0)	(20.0, 0.0)	(21.0, 0.0)	(22.0, 0.0)	(23.0, 0.0)	(24.0, 0.0)	(25.0, 0.0)	(26.0, 0.0)	(27.0, 0.0)	(28.0, 0.0)	(29.0, 0.0)	(30.0, 0.0)	(31.0, 0.0)	(32.0, 0.0)	(33.0, 0.0)	(34.0, 0.0)	(35.0, 0.0)	(36.0, 0.0)	(37.0, 0.25)	(38.0, 0.25)	(39.0, 0.0)	(40.0, 0.0)	(41.0, 0.8333333333333333)	(42.0, 1.25)	(43.0, 1.25)	(44.0, 2.083333333333333)	(45.0, 2.5)	(46.0, 6.999999999999999)	(47.0, 37.50000000000001)	(48.0, 83.83333333333331)	(49.0, 111.08333333333326)	(50.0, 162.66666666666677)	(51.0, 345.0)	(52.0, 759.9166666666674)	(53.0, 1171.916666666667)	(54.0, 1165.7500000000011)	(55.0, 938.2500000000007)	(56.0, 797.4999999999999)	(57.0, 420.6666666666667)	(58.0, 145.66666666666666)	(59.0, 61.00000000000001)	(60.0, 29.833333333333332)	(61.0, 26.5)	(62.0, 25.5)	(63.0, 25.333333333333332)	(64.0, 34.416666666666664)	(65.0, 35.583333333333336)	(66.0, 37.41666666666667)	(67.0, 78.25)	(68.0, 89.75)	(69.0, 46.75)	(70.0, 17.25)	(71.0, 5.75)	(72.0, 3.0)	(73.0, 2.75)	(74.0, 0.75)	(75.0, 0.75)	(76.0, 1.0)	(77.0, 0.25)	(78.0, 0.5)	(79.0, 0.5)	(80.0, 0.75)	(81.0, 0.25)	(82.0, 0.5)	(83.0, 0.5)	(84.0, 0.25)	(85.0, 0.25)	(86.0, 0.0)	(87.0, 0.25)	(88.0, 0.0)	(89.0, 0.0)	(90.0, 0.25)	(91.0, 0.5)	(92.0, 0.0)	(93.0, 0.0)	(94.0, 0.0)	(95.0, 0.0)	(96.0, 0.0)	(97.0, 0.0)	(98.0, 0.0)	(99.0, 0.0)	(100.0, 0.0)
607B0_S7_L001_R1_001	(0.0, 1.0)	(1.0, 0.5)	(2.0, 0.0)	(3.0, 0.0)	(4.0, 0.0)	(5.0, 0.0)	(6.0, 0.0)	(7.0, 0.0)	(8.0, 0.0)	(9.0, 0.0)	(10.0, 0.0)	(11.0, 0.0)	(12.0, 0.0)	(13.0, 0.0)	(14.0, 0.0)	(15.0, 0.0)	(16.0, 0.0)	(17.0, 0.0)	(18.0, 0.0)	(19.0, 0.0)	(20.0, 0.0)	(21.0, 0.0)	(22.0, 0.0)	(23.0, 0.0)	(24.0, 0.0)	(25.0, 0.0)	(26.0, 0.0)	(27.0, 0.0)	(28.0, 0.0)	(29.0, 0.0)	(30.0, 0.0)	(31.0, 0.0)	(32.0, 0.0)	(33.0, 0.0)	(34.0, 0.0)	(35.0, 0.0)	(36.0, 0.0)	(37.0, 0.0)	(38.0, 0.0)	(39.0, 0.0)	(40.0, 0.0)	(41.0, 0.5)	(42.0, 0.5)	(43.0, 0.0)	(44.0, 0.0)	(45.0, 1.0)	(46.0, 3.0)	(47.0, 27.0)	(48.0, 38.333333333333336)	(49.0, 66.83333333333334)	(50.0, 151.91666666666666)	(51.0, 437.58333333333314)	(52.0, 760.2500000000005)	(53.0, 1116.0833333333337)	(54.0, 1272.5000000000005)	(55.0, 987.6666666666674)	(56.0, 511.3333333333331)	(57.0, 265.75000000000006)	(58.0, 156.41666666666669)	(59.0, 148.33333333333331)	(60.0, 129.5)	(61.0, 164.66666666666666)	(62.0, 120.91666666666667)	(63.0, 48.16666666666667)	(64.0, 41.66666666666667)	(65.0, 41.5)	(66.0, 249.75)	(67.0, 441.75)	(68.0, 55.25)	(69.0, 6.0)	(70.0, 1.5)	(71.0, 1.25)	(72.0, 0.5)	(73.0, 0.25)	(74.0, 0.25)	(75.0, 0.25)	(76.0, 0.0)	(77.0, 0.0)	(78.0, 0.0)	(79.0, 0.0)	(80.0, 0.0)	(81.0, 0.0)	(82.0, 0.0)	(83.0, 0.0)	(84.0, 0.0)	(85.0, 0.0)	(86.0, 0.0)	(87.0, 0.0)	(88.0, 0.0)	(89.0, 0.0)	(90.0, 0.0)	(91.0, 0.0)	(92.0, 0.0)	(93.0, 0.0)	(94.0, 0.0)	(95.0, 0.0)	(96.0, 0.0)	(97.0, 0.0)	(98.0, 0.0)	(99.0, 0.0)	(100.0, 0.0)
607B0_S7_L001_R2_001	(0.0, 1.0)	(1.0, 0.5)	(2.0, 0.0)	(3.0, 0.0)	(4.0, 0.0)	(5.0, 0.0)	(6.0, 0.0)	(7.0, 0.0)	(8.0, 0.0)	(9.0, 0.0)	(10.0, 0.0)	(11.0, 0.0)	(12.0, 0.0)	(13.0, 0.0)	(14.0, 0.0)	(15.0, 0.0)	(16.0, 0.0)	(17.0, 0.0)	(18.0, 0.0)	(19.0, 0.0)	(20.0, 0.0)	(21.0, 0.0)	(22.0, 0.0)	(23.0, 0.0)	(24.0, 0.0)	(25.0, 0.0)	(26.0, 0.0)	(27.0, 0.0)	(28.0, 0.0)	(29.0, 0.0)	(30.0, 0.0)	(31.0, 0.0)	(32.0, 0.0)	(33.0, 0.0)	(34.0, 0.25)	(35.0, 0.5)	(36.0, 0.0)	(37.0, 0.0)	(38.0, 0.0)	(39.0, 0.25)	(40.0, 0.75)	(41.0, 1.0833333333333333)	(42.0, 0.5)	(43.0, 0.75)	(44.0, 2.25)	(45.0, 3.0833333333333335)	(46.0, 7.499999999999999)	(47.0, 32.166666666666664)	(48.0, 95.16666666666666)	(49.0, 119.83333333333327)	(50.0, 182.66666666666674)	(51.0, 371.6666666666664)	(52.0, 840.5000000000014)	(53.0, 1388.4166666666654)	(54.0, 1270.916666666666)	(55.0, 843.2500000000005)	(56.0, 482.49999999999994)	(57.0, 209.33333333333337)	(58.0, 72.0)	(59.0, 39.5)	(60.0, 27.33333333333333)	(61.0, 23.25)	(62.0, 31.16666666666666)	(63.0, 48.08333333333334)	(64.0, 66.5)	(65.0, 77.33333333333334)	(66.0, 110.24999999999999)	(67.0, 280.5)	(68.0, 333.5)	(69.0, 164.75)	(70.0, 48.5)	(71.0, 13.0)	(72.0, 4.25)	(73.0, 3.5)	(74.0, 2.0)	(75.0, 1.0)	(76.0, 1.75)	(77.0, 1.5)	(78.0, 0.75)	(79.0, 1.25)	(80.0, 0.5)	(81.0, 1.0)	(82.0, 1.0)	(83.0, 1.0)	(84.0, 0.5)	(85.0, 0.25)	(86.0, 0.0)	(87.0, 0.0)	(88.0, 0.0)	(89.0, 0.25)	(90.0, 0.5)	(91.0, 0.0)	(92.0, 0.0)	(93.0, 0.25)	(94.0, 0.25)	(95.0, 0.0)	(96.0, 0.0)	(97.0, 0.0)	(98.0, 0.0)	(99.0, 0.0)	(100.0, 0.3333333333333333)
607B14_S8_L001_R1_001	(0.0, 0.0)	(1.0, 0.0)	(2.0, 0.0)	(3.0, 0.0)	(4.0, 0.0)	(5.0, 0.0)	(6.0, 0.0)	(7.0, 0.0)	(8.0, 0.0)	(9.0, 0.0)	(10.0, 0.0)	(11.0, 0.0)	(12.0, 0.0)	(13.0, 0.0)	(14.0, 0.0)	(15.0, 0.0)	(16.0, 0.0)	(17.0, 0.0)	(18.0, 0.0)	(19.0, 0.0)	(20.0, 0.0)	(21.0, 0.0)	(22.0, 0.0)	(23.0, 0.0)	(24.0, 0.0)	(25.0, 0.0)	(26.0, 0.0)	(27.0, 0.0)	(28.0, 0.0)	(29.0, 0.0)	(30.0, 0.0)	(31.0, 0.0)	(32.0, 0.0)	(33.0, 0.0)	(34.0, 0.0)	(35.0, 0.0)	(36.0, 0.0)	(37.0, 0.0)	(38.0, 0.0)	(39.0, 0.25)	(40.0, 0.25)	(41.0, 1.0)	(42.0, 1.75)	(43.0, 3.583333333333333)	(44.0, 3.583333333333333)	(45.0, 5.25)	(46.0, 18.583333333333332)	(47.0, 39.49999999999999)	(48.0, 54.50000000000001)	(49.0, 73.58333333333334)	(50.0, 196.5833333333334)	(51.0, 821.5833333333334)	(52.0, 1250.0833333333333)	(53.0, 1172.6666666666663)	(54.0, 1149.5833333333333)	(55.0, 1041.916666666667)	(56.0, 835.5833333333336)	(57.0, 458.16666666666646)	(58.0, 141.16666666666663)	(59.0, 84.66666666666664)	(60.0, 60.00000000000001)	(61.0, 66.58333333333334)	(62.0, 46.583333333333336)	(63.0, 22.416666666666664)	(64.0, 29.333333333333336)	(65.0, 22.5)	(66.0, 69.0)	(67.0, 114.5)	(68.0, 16.0)	(69.0, 2.25)	(70.0, 0.25)	(71.0, 0.0)	(72.0, 0.0)	(73.0, 0.0)	(74.0, 0.0)	(75.0, 0.0)	(76.0, 0.0)	(77.0, 0.0)	(78.0, 0.0)	(79.0, 0.0)	(80.0, 0.0)	(81.0, 0.0)	(82.0, 0.0)	(83.0, 0.0)	(84.0, 0.0)	(85.0, 0.0)	(86.0, 0.0)	(87.0, 0.0)	(88.0, 0.0)	(89.0, 0.0)	(90.0, 0.0)	(91.0, 0.0)	(92.0, 0.0)	(93.0, 0.0)	(94.0, 0.0)	(95.0, 0.0)	(96.0, 0.0)	(97.0, 0.0)	(98.0, 0.0)	(99.0, 0.0)	(100.0, 0.0)
607B14_S8_L001_R2_001	(0.0, 0.0)	(1.0, 0.0)	(2.0, 0.0)	(3.0, 0.0)	(4.0, 0.0)	(5.0, 0.0)	(6.0, 0.0)	(7.0, 0.0)	(8.0, 0.0)	(9.0, 0.0)	(10.0, 0.0)	(11.0, 0.0)	(12.0, 0.0)	(13.0, 0.0)	(14.0, 0.0)	(15.0, 0.0)	(16.0, 0.0)	(17.0, 0.0)	(18.0, 0.0)	(19.0, 0.0)	(20.0, 0.0)	(21.0, 0.0)	(22.0, 0.0)	(23.0, 0.0)	(24.0, 0.0)	(25.0, 0.0)	(26.0, 0.0)	(27.0, 0.0)	(28.0, 0.0)	(29.0, 0.0)	(30.0, 0.0)	(31.0, 0.0)	(32.0, 0.0)	(33.0, 0.0)	(34.0, 0.0)	(35.0, 0.0)	(36.0, 0.0)	(37.0, 0.25)	(38.0, 0.0)	(39.0, 0.5)	(40.0, 0.25)	(41.0, 1.25)	(42.0, 2.083333333333333)	(43.0, 2.083333333333333)	(44.0, 4.0)	(45.0, 6.5)	(46.0, 13.750000000000002)	(47.0, 34.916666666666664)	(48.0, 108.33333333333327)	(49.0, 156.16666666666669)	(50.0, 232.3333333333336)	(51.0, 508.7499999999992)	(52.0, 1206.3333333333335)	(53.0, 1662.4166666666629)	(54.0, 1391.3333333333312)	(55.0, 934.0000000000007)	(56.0, 631.4166666666665)	(57.0, 295.4166666666667)	(58.0, 88.16666666666666)	(59.0, 41.916666666666664)	(60.0, 29.666666666666668)	(61.0, 24.0)	(62.0, 26.5)	(63.0, 31.333333333333332)	(64.0, 35.41666666666667)	(65.0, 32.58333333333333)	(66.0, 40.66666666666667)	(67.0, 77.74999999999999)	(68.0, 79.5)	(69.0, 42.5)	(70.0, 16.25)	(71.0, 4.5)	(72.0, 2.5)	(73.0, 2.0)	(74.0, 1.0)	(75.0, 1.0)	(76.0, 1.0)	(77.0, 0.25)	(78.0, 0.75)	(79.0, 0.75)	(80.0, 0.5)	(81.0, 0.25)	(82.0, 0.0)	(83.0, 0.25)	(84.0, 0.5)	(85.0, 0.5)	(86.0, 0.0)	(87.0, 0.5)	(88.0, 0.5)	(89.0, 0.25)	(90.0, 0.25)	(91.0, 0.25)	(92.0, 0.25)	(93.0, 0.0)	(94.0, 0.0)	(95.0, 0.25)	(96.0, 0.25)	(97.0, 0.0)	(98.0, 0.0)	(99.0, 0.25)	(100.0, 0.3333333333333333)
610A0_S21_L001_R1_001	(0.0, 0.0)	(1.0, 0.0)	(2.0, 0.0)	(3.0, 0.0)	(4.0, 0.0)	(5.0, 0.0)	(6.0, 0.0)	(7.0, 0.0)	(8.0, 0.0)	(9.0, 0.0)	(10.0, 0.0)	(11.0, 0.0)	(12.0, 0.0)	(13.0, 0.0)	(14.0, 0.0)	(15.0, 0.0)	(16.0, 0.0)	(17.0, 0.0)	(18.0, 0.0)	(19.0, 0.0)	(20.0, 0.0)	(21.0, 0.0)	(22.0, 0.0)	(23.0, 0.0)	(24.0, 0.0)	(25.0, 0.0)	(26.0, 0.0)	(27.0, 0.0)	(28.0, 0.0)	(29.0, 0.0)	(30.0, 0.0)	(31.0, 0.0)	(32.0, 0.0)	(33.0, 0.0)	(34.0, 0.0)	(35.0, 0.0)	(36.0, 0.0)	(37.0, 0.0)	(38.0, 0.0)	(39.0, 0.0)	(40.0, 0.0)	(41.0, 0.0)	(42.0, 0.0)	(43.0, 0.25)	(44.0, 0.0)	(45.0, 0.5)	(46.0, 2.75)	(47.0, 15.5)	(48.0, 31.083333333333336)	(49.0, 41.083333333333336)	(50.0, 52.00000000000001)	(51.0, 227.75000000000037)	(52.0, 714.2500000000031)	(53.0, 1325.583333333331)	(54.0, 1548.749999999998)	(55.0, 2495.0833333333344)	(56.0, 486.1666666666666)	(57.0, 162.58333333333334)	(58.0, 92.91666666666667)	(59.0, 85.58333333333333)	(60.0, 213.00000000000003)	(61.0, 118.24999999999999)	(62.0, 21.25)	(63.0, 10.0)	(64.0, 5.0)	(65.0, 4.75)	(66.0, 13.0)	(67.0, 23.0)	(68.0, 1.75)	(69.0, 0.25)	(70.0, 1.25)	(71.0, 0.0)	(72.0, 0.0)	(73.0, 0.0)	(74.0, 0.0)	(75.0, 0.0)	(76.0, 0.0)	(77.0, 0.0)	(78.0, 0.0)	(79.0, 0.0)	(80.0, 0.0)	(81.0, 0.0)	(82.0, 0.0)	(83.0, 0.0)	(84.0, 0.0)	(85.0, 0.0)	(86.0, 0.0)	(87.0, 0.0)	(88.0, 0.0)	(89.0, 0.0)	(90.0, 0.0)	(91.0, 0.0)	(92.0, 0.0)	(93.0, 0.0)	(94.0, 0.0)	(95.0, 0.0)	(96.0, 0.0)	(97.0, 0.0)	(98.0, 0.0)	(99.0, 0.0)	(100.0, 0.0)
610A0_S21_L001_R2_001	(0.0, 0.0)	(1.0, 0.0)	(2.0, 0.0)	(3.0, 0.0)	(4.0, 0.0)	(5.0, 0.0)	(6.0, 0.0)	(7.0, 0.0)	(8.0, 0.0)	(9.0, 0.0)	(10.0, 0.0)	(11.0, 0.0)	(12.0, 0.0)	(13.0, 0.0)	(14.0, 0.0)	(15.0, 0.0)	(16.0, 0.0)	(17.0, 0.0)	(18.0, 0.0)	(19.0, 0.0)	(20.0, 0.0)	(21.0, 0.0)	(22.0, 0.0)	(23.0, 0.0)	(24.0, 0.0)	(25.0, 0.0)	(26.0, 0.0)	(27.0, 0.0)	(28.0, 0.0)	(29.0, 0.0)	(30.0, 0.0)	(31.0, 0.0)	(32.0, 0.0)	(33.0, 0.0)	(34.0, 0.0)	(35.0, 0.0)	(36.0, 0.0)	(37.0, 0.0)	(38.0, 0.0)	(39.0, 0.0)	(40.0, 0.0)	(41.0, 0.5)	(42.0, 0.25)	(43.0, 1.7499999999999998)	(44.0, 2.0)	(45.0, 3.5)	(46.0, 9.583333333333334)	(47.0, 15.666666666666666)	(48.0, 39.833333333333336)	(49.0, 63.08333333333334)	(50.0, 68.50000000000003)	(51.0, 184.91666666666694)	(52.0, 623.7499999999999)	(53.0, 1271.6666666666667)	(54.0, 1425.833333333333)	(55.0, 1407.499999999999)	(56.0, 1371.7499999999998)	(57.0, 582.0833333333334)	(58.0, 321.3333333333333)	(59.0, 202.41666666666669)	(60.0, 82.91666666666667)	(61.0, 33.75)	(62.0, 21.75)	(63.0, 13.0)	(64.0, 11.583333333333334)	(65.0, 13.916666666666666)	(66.0, 12.333333333333334)	(67.0, 16.0)	(68.0, 19.75)	(69.0, 11.0)	(70.0, 4.25)	(71.0, 2.75)	(72.0, 2.0)	(73.0, 1.5)	(74.0, 0.25)	(75.0, 0.5)	(76.0, 0.5)	(77.0, 0.25)	(78.0, 0.5)	(79.0, 0.25)	(80.0, 0.0)	(81.0, 0.0)	(82.0, 0.0)	(83.0, 0.25)	(84.0, 0.25)	(85.0, 0.0)	(86.0, 0.0)	(87.0, 0.25)	(88.0, 0.0)	(89.0, 0.0)	(90.0, 0.0)	(91.0, 0.25)	(92.0, 0.25)	(93.0, 0.0)	(94.0, 0.0)	(95.0, 0.0)	(96.0, 0.0)	(97.0, 0.0)	(98.0, 0.0)	(99.0, 0.0)	(100.0, 0.0)
610A14_S22_L001_R1_001	(0.0, 1.0)	(1.0, 0.5)	(2.0, 0.0)	(3.0, 0.0)	(4.0, 0.0)	(5.0, 0.0)	(6.0, 0.0)	(7.0, 0.0)	(8.0, 0.0)	(9.0, 0.0)	(10.0, 0.0)	(11.0, 0.0)	(12.0, 0.0)	(13.0, 0.0)	(14.0, 0.0)	(15.0, 0.0)	(16.0, 0.0)	(17.0, 0.0)	(18.0, 0.0)	(19.0, 0.0)	(20.0, 0.0)	(21.0, 0.0)	(22.0, 0.0)	(23.0, 0.0)	(24.0, 0.0)	(25.0, 0.0)	(26.0, 0.0)	(27.0, 0.0)	(28.0, 0.0)	(29.0, 0.0)	(30.0, 0.0)	(31.0, 0.0)	(32.0, 0.0)	(33.0, 0.0)	(34.0, 0.0)	(35.0, 0.0)	(36.0, 0.0)	(37.0, 0.0)	(38.0, 0.0)	(39.0, 0.0)	(40.0, 0.0)	(41.0, 0.5)	(42.0, 1.0)	(43.0, 1.0)	(44.0, 1.0)	(45.0, 1.0)	(46.0, 4.5)	(47.0, 32.333333333333336)	(48.0, 54.25)	(49.0, 58.66666666666667)	(50.0, 147.91666666666663)	(51.0, 805.8333333333345)	(52.0, 1391.0833333333258)	(53.0, 1599.9166666666588)	(54.0, 1931.3333333333317)	(55.0, 1621.4999999999995)	(56.0, 456.8333333333332)	(57.0, 101.83333333333333)	(58.0, 32.83333333333333)	(59.0, 26.25)	(60.0, 17.166666666666664)	(61.0, 18.083333333333336)	(62.0, 15.250000000000002)	(63.0, 7.5)	(64.0, 3.0)	(65.0, 2.25)	(66.0, 16.0)	(67.0, 23.25)	(68.0, 2.0)	(69.0, 0.25)	(70.0, 0.75)	(71.0, 0.25)	(72.0, 0.0)	(73.0, 0.0)	(74.0, 0.0)	(75.0, 0.0)	(76.0, 0.0)	(77.0, 0.0)	(78.0, 0.0)	(79.0, 0.0)	(80.0, 0.0)	(81.0, 0.25)	(82.0, 0.0)	(83.0, 0.0)	(84.0, 0.0)	(85.0, 0.0)	(86.0, 0.25)	(87.0, 0.25)	(88.0, 0.0)	(89.0, 0.0)	(90.0, 0.0)	(91.0, 0.0)	(92.0, 0.0)	(93.0, 0.0)	(94.0, 0.0)	(95.0, 0.0)	(96.0, 0.0)	(97.0, 0.0)	(98.0, 0.0)	(99.0, 0.0)	(100.0, 0.0)
610A14_S22_L001_R2_001	(0.0, 1.0)	(1.0, 0.5)	(2.0, 0.0)	(3.0, 0.0)	(4.0, 0.0)	(5.0, 0.0)	(6.0, 0.0)	(7.0, 0.0)	(8.0, 0.0)	(9.0, 0.0)	(10.0, 0.0)	(11.0, 0.0)	(12.0, 0.0)	(13.0, 0.0)	(14.0, 0.0)	(15.0, 0.0)	(16.0, 0.0)	(17.0, 0.0)	(18.0, 0.0)	(19.0, 0.0)	(20.0, 0.0)	(21.0, 0.0)	(22.0, 0.0)	(23.0, 0.0)	(24.0, 0.0)	(25.0, 0.0)	(26.0, 0.0)	(27.0, 0.0)	(28.0, 0.0)	(29.0, 0.0)	(30.0, 0.0)	(31.0, 0.0)	(32.0, 0.0)	(33.0, 0.0)	(34.0, 0.0)	(35.0, 0.0)	(36.0, 0.0)	(37.0, 0.3333333333333333)	(38.0, 0.3333333333333333)	(39.0, 0.75)	(40.0, 0.75)	(41.0, 0.75)	(42.0, 0.75)	(43.0, 1.3333333333333333)	(44.0, 1.75)	(45.0, 4.0)	(46.0, 12.333333333333334)	(47.0, 29.249999999999996)	(48.0, 55.83333333333334)	(49.0, 82.41666666666666)	(50.0, 102.08333333333321)	(51.0, 341.833333333333)	(52.0, 1183.6666666666686)	(53.0, 2130.166666666662)	(54.0, 2059.1666666666642)	(55.0, 1343.3333333333328)	(56.0, 521.5)	(57.0, 160.33333333333331)	(58.0, 58.083333333333336)	(59.0, 28.83333333333333)	(60.0, 14.0)	(61.0, 9.25)	(62.0, 9.0)	(63.0, 11.583333333333332)	(64.0, 12.25)	(65.0, 8.5)	(66.0, 9.25)	(67.0, 18.0)	(68.0, 19.75)	(69.0, 9.75)	(70.0, 3.25)	(71.0, 1.75)	(72.0, 0.75)	(73.0, 1.0)	(74.0, 0.25)	(75.0, 0.25)	(76.0, 1.0)	(77.0, 0.75)	(78.0, 0.25)	(79.0, 0.5)	(80.0, 0.75)	(81.0, 0.0)	(82.0, 0.25)	(83.0, 0.5)	(84.0, 0.5)	(85.0, 0.0)	(86.0, 0.0)	(87.0, 0.0)	(88.0, 0.0)	(89.0, 0.0)	(90.0, 0.25)	(91.0, 0.25)	(92.0, 0.0)	(93.0, 0.0)	(94.0, 0.0)	(95.0, 0.0)	(96.0, 0.0)	(97.0, 0.0)	(98.0, 0.0)	(99.0, 0.0)	(100.0, 0.3333333333333333)
610B0_S23_L001_R1_001	(0.0, 4.0)	(1.0, 2.0)	(2.0, 0.0)	(3.0, 0.0)	(4.0, 0.0)	(5.0, 0.0)	(6.0, 0.0)	(7.0, 0.0)	(8.0, 0.0)	(9.0, 0.0)	(10.0, 0.0)	(11.0, 0.0)	(12.0, 0.0)	(13.0, 0.0)	(14.0, 0.0)	(15.0, 0.0)	(16.0, 0.0)	(17.0, 0.0)	(18.0, 0.0)	(19.0, 0.0)	(20.0, 0.0)	(21.0, 0.0)	(22.0, 0.0)	(23.0, 0.0)	(24.0, 0.0)	(25.0, 0.0)	(26.0, 0.0)	(27.0, 0.0)	(28.0, 0.0)	(29.0, 0.0)	(30.0, 0.0)	(31.0, 0.0)	(32.0, 0.0)	(33.0, 0.0)	(34.0, 0.0)	(35.0, 0.0)	(36.0, 0.0)	(37.0, 0.0)	(38.0, 0.5)	(39.0, 1.25)	(40.0, 0.5)	(41.0, 0.0)	(42.0, 0.9166666666666665)	(43.0, 0.5833333333333333)	(44.0, 0.5)	(45.0, 1.25)	(46.0, 6.5)	(47.0, 34.75)	(48.0, 88.58333333333333)	(49.0, 121.41666666666667)	(50.0, 143.16666666666666)	(51.0, 664.3333333333338)	(52.0, 1150.666666666671)	(53.0, 1306.833333333332)	(54.0, 2028.6666666666642)	(55.0, 2138.6666666666656)	(56.0, 588.4999999999999)	(57.0, 177.00000000000014)	(58.0, 68.91666666666667)	(59.0, 45.083333333333336)	(60.0, 68.75)	(61.0, 40.416666666666664)	(62.0, 18.0)	(63.0, 7.75)	(64.0, 3.75)	(65.0, 3.75)	(66.0, 24.0)	(67.0, 39.0)	(68.0, 4.0)	(69.0, 0.75)	(70.0, 0.0)	(71.0, 0.25)	(72.0, 0.25)	(73.0, 0.25)	(74.0, 0.0)	(75.0, 0.0)	(76.0, 0.0)	(77.0, 0.0)	(78.0, 0.0)	(79.0, 0.0)	(80.0, 0.0)	(81.0, 0.0)	(82.0, 0.0)	(83.0, 0.0)	(84.0, 0.0)	(85.0, 0.0)	(86.0, 0.0)	(87.0, 0.0)	(88.0, 0.0)	(89.0, 0.0)	(90.0, 0.0)	(91.0, 0.0)	(92.0, 0.0)	(93.0, 0.0)	(94.0, 0.0)	(95.0, 0.0)	(96.0, 0.0)	(97.0, 0.0)	(98.0, 0.0)	(99.0, 0.0)	(100.0, 0.0)
610B0_S23_L001_R2_001	(0.0, 4.0)	(1.0, 2.0)	(2.0, 0.0)	(3.0, 0.0)	(4.0, 0.0)	(5.0, 0.0)	(6.0, 0.0)	(7.0, 0.0)	(8.0, 0.0)	(9.0, 0.0)	(10.0, 0.0)	(11.0, 0.0)	(12.0, 0.0)	(13.0, 0.0)	(14.0, 0.0)	(15.0, 0.0)	(16.0, 0.0)	(17.0, 0.0)	(18.0, 0.0)	(19.0, 0.0)	(20.0, 0.0)	(21.0, 0.0)	(22.0, 0.0)	(23.0, 0.0)	(24.0, 0.0)	(25.0, 0.0)	(26.0, 0.0)	(27.0, 0.0)	(28.0, 0.0)	(29.0, 0.0)	(30.0, 0.3333333333333333)	(31.0, 0.5833333333333333)	(32.0, 0.0)	(33.0, 0.0)	(34.0, 0.0)	(35.0, 0.0)	(36.0, 0.0)	(37.0, 0.25)	(38.0, 1.5)	(39.0, 1.25)	(40.0, 0.8333333333333333)	(41.0, 1.4166666666666665)	(42.0, 1.6666666666666665)	(43.0, 1.75)	(44.0, 1.3333333333333333)	(45.0, 4.666666666666667)	(46.0, 16.66666666666667)	(47.0, 32.99999999999999)	(48.0, 87.83333333333333)	(49.0, 134.0833333333333)	(50.0, 127.08333333333321)	(51.0, 300.5)	(52.0, 1087.6666666666688)	(53.0, 1972.5833333333278)	(54.0, 2192.9166666666656)	(55.0, 1518.6666666666665)	(56.0, 627.0833333333333)	(57.0, 200.33333333333337)	(58.0, 112.74999999999999)	(59.0, 79.66666666666666)	(60.0, 30.916666666666664)	(61.0, 14.583333333333334)	(62.0, 14.083333333333332)	(63.0, 12.916666666666668)	(64.0, 12.083333333333334)	(65.0, 11.25)	(66.0, 12.833333333333334)	(67.0, 26.75)	(68.0, 26.75)	(69.0, 18.75)	(70.0, 6.75)	(71.0, 2.25)	(72.0, 1.25)	(73.0, 1.0)	(74.0, 1.25)	(75.0, 0.75)	(76.0, 0.0)	(77.0, 0.25)	(78.0, 0.75)	(79.0, 0.25)	(80.0, 0.0)	(81.0, 0.25)	(82.0, 0.25)	(83.0, 0.0)	(84.0, 0.0)	(85.0, 0.0)	(86.0, 0.0)	(87.0, 0.25)	(88.0, 0.25)	(89.0, 0.5)	(90.0, 0.5)	(91.0, 0.0)	(92.0, 0.0)	(93.0, 0.0)	(94.0, 0.0)	(95.0, 0.0)	(96.0, 0.0)	(97.0, 0.25)	(98.0, 0.0)	(99.0, 0.0)	(100.0, 0.0)
610B14_S24_L001_R1_001	(0.0, 0.0)	(1.0, 0.0)	(2.0, 0.0)	(3.0, 0.0)	(4.0, 0.0)	(5.0, 0.0)	(6.0, 0.0)	(7.0, 0.0)	(8.0, 0.0)	(9.0, 0.0)	(10.0, 0.0)	(11.0, 0.0)	(12.0, 0.0)	(13.0, 0.0)	(14.0, 0.0)	(15.0, 0.0)	(16.0, 0.0)	(17.0, 0.0)	(18.0, 0.0)	(19.0, 0.0)	(20.0, 0.0)	(21.0, 0.0)	(22.0, 0.0)	(23.0, 0.0)	(24.0, 0.0)	(25.0, 0.0)	(26.0, 0.0)	(27.0, 0.0)	(28.0, 0.0)	(29.0, 0.0)	(30.0, 0.0)	(31.0, 0.0)	(32.0, 0.0)	(33.0, 0.0)	(34.0, 0.0)	(35.0, 0.0)	(36.0, 0.0)	(37.0, 0.0)	(38.0, 0.0)	(39.0, 0.25)	(40.0, 0.0)	(41.0, 0.0)	(42.0, 0.0)	(43.0, 1.0)	(44.0, 1.5)	(45.0, 1.25)	(46.0, 7.583333333333333)	(47.0, 35.5)	(48.0, 65.58333333333334)	(49.0, 86.66666666666666)	(50.0, 140.41666666666663)	(51.0, 392.66666666666583)	(52.0, 863.1666666666778)	(53.0, 1412.3333333333278)	(54.0, 1529.666666666666)	(55.0, 1553.3333333333326)	(56.0, 483.6666666666665)	(57.0, 149.58333333333331)	(58.0, 65.58333333333334)	(59.0, 43.16666666666667)	(60.0, 54.66666666666667)	(61.0, 28.666666666666664)	(62.0, 9.750000000000002)	(63.0, 6.583333333333333)	(64.0, 3.25)	(65.0, 3.0)	(66.0, 12.5)	(67.0, 21.75)	(68.0, 1.25)	(69.0, 0.5)	(70.0, 0.25)	(71.0, 0.0)	(72.0, 0.0)	(73.0, 0.0)	(74.0, 0.0)	(75.0, 0.0)	(76.0, 0.0)	(77.0, 0.0)	(78.0, 0.0)	(79.0, 0.0)	(80.0, 0.0)	(81.0, 0.0)	(82.0, 0.0)	(83.0, 0.0)	(84.0, 0.0)	(85.0, 0.0)	(86.0, 0.0)	(87.0, 0.0)	(88.0, 0.0)	(89.0, 0.0)	(90.0, 0.0)	(91.0, 0.0)	(92.0, 0.0)	(93.0, 0.0)	(94.0, 0.0)	(95.0, 0.0)	(96.0, 0.0)	(97.0, 0.0)	(98.0, 0.0)	(99.0, 0.0)	(100.0, 0.0)
610B14_S24_L001_R2_001	(0.0, 0.0)	(1.0, 0.0)	(2.0, 0.0)	(3.0, 0.0)	(4.0, 0.0)	(5.0, 0.0)	(6.0, 0.0)	(7.0, 0.0)	(8.0, 0.0)	(9.0, 0.0)	(10.0, 0.0)	(11.0, 0.0)	(12.0, 0.0)	(13.0, 0.0)	(14.0, 0.0)	(15.0, 0.0)	(16.0, 0.0)	(17.0, 0.25)	(18.0, 0.0)	(19.0, 0.0)	(20.0, 0.0)	(21.0, 0.0)	(22.0, 0.0)	(23.0, 0.0)	(24.0, 0.0)	(25.0, 0.0)	(26.0, 0.0)	(27.0, 0.0)	(28.0, 0.0)	(29.0, 0.0)	(30.0, 0.0)	(31.0, 0.0)	(32.0, 0.0)	(33.0, 0.0)	(34.0, 0.0)	(35.0, 0.0)	(36.0, 0.0)	(37.0, 0.0)	(38.0, 0.0)	(39.0, 0.25)	(40.0, 0.0)	(41.0, 0.75)	(42.0, 0.75)	(43.0, 1.0833333333333333)	(44.0, 2.083333333333333)	(45.0, 6.083333333333333)	(46.0, 11.166666666666666)	(47.0, 30.166666666666664)	(48.0, 90.91666666666666)	(49.0, 141.24999999999997)	(50.0, 135.2499999999999)	(51.0, 329.5833333333331)	(52.0, 943.0833333333358)	(53.0, 1556.416666666665)	(54.0, 1549.5833333333323)	(55.0, 1070.5833333333337)	(56.0, 582.1666666666667)	(57.0, 194.91666666666669)	(58.0, 106.83333333333334)	(59.0, 62.833333333333336)	(60.0, 25.833333333333332)	(61.0, 15.416666666666668)	(62.0, 10.666666666666666)	(63.0, 10.5)	(64.0, 10.5)	(65.0, 12.583333333333332)	(66.0, 9.75)	(67.0, 17.5)	(68.0, 12.75)	(69.0, 6.25)	(70.0, 4.25)	(71.0, 1.5)	(72.0, 1.0)	(73.0, 0.5)	(74.0, 0.0)	(75.0, 0.5)	(76.0, 0.5)	(77.0, 0.5)	(78.0, 0.75)	(79.0, 1.25)	(80.0, 1.0)	(81.0, 0.0)	(82.0, 0.0)	(83.0, 0.0)	(84.0, 0.0)	(85.0, 0.0)	(86.0, 0.0)	(87.0, 0.0)	(88.0, 0.0)	(89.0, 0.0)	(90.0, 0.0)	(91.0, 0.0)	(92.0, 0.0)	(93.0, 0.0)	(94.0, 0.0)	(95.0, 0.0)	(96.0, 0.0)	(97.0, 0.0)	(98.0, 0.0)	(99.0, 0.0)	(100.0, 0.0)
612A0_S41_L001_R1_001	(0.0, 2.0)	(1.0, 1.0)	(2.0, 0.0)	(3.0, 0.0)	(4.0, 0.0)	(5.0, 0.0)	(6.0, 0.0)	(7.0, 0.0)	(8.0, 0.0)	(9.0, 0.0)	(10.0, 0.0)	(11.0, 0.0)	(12.0, 0.0)	(13.0, 0.0)	(14.0, 0.0)	(15.0, 0.0)	(16.0, 0.0)	(17.0, 0.0)	(18.0, 0.0)	(19.0, 0.0)	(20.0, 0.0)	(21.0, 0.0)	(22.0, 0.0)	(23.0, 0.0)	(24.0, 0.0)	(25.0, 0.0)	(26.0, 0.0)	(27.0, 0.0)	(28.0, 0.0)	(29.0, 0.0)	(30.0, 0.0)	(31.0, 0.0)	(32.0, 0.0)	(33.0, 0.0)	(34.0, 0.0)	(35.0, 0.0)	(36.0, 0.0)	(37.0, 0.0)	(38.0, 0.0)	(39.0, 0.0)	(40.0, 0.0)	(41.0, 0.25)	(42.0, 0.0)	(43.0, 0.0)	(44.0, 0.5)	(45.0, 0.0)	(46.0, 0.75)	(47.0, 4.75)	(48.0, 9.5)	(49.0, 12.333333333333332)	(50.0, 44.91666666666667)	(51.0, 413.66666666666663)	(52.0, 701.5)	(53.0, 432.8333333333333)	(54.0, 974.25)	(55.0, 697.1666666666667)	(56.0, 80.58333333333333)	(57.0, 46.083333333333336)	(58.0, 48.58333333333334)	(59.0, 13.5)	(60.0, 4.833333333333333)	(61.0, 4.25)	(62.0, 0.75)	(63.0, 2.75)	(64.0, 1.25)	(65.0, 1.5)	(66.0, 0.75)	(67.0, 3.0)	(68.0, 0.5)	(69.0, 0.0)	(70.0, 0.0)	(71.0, 0.0)	(72.0, 0.0)	(73.0, 0.0)	(74.0, 0.0)	(75.0, 0.0)	(76.0, 0.0)	(77.0, 0.0)	(78.0, 0.0)	(79.0, 0.0)	(80.0, 0.0)	(81.0, 0.0)	(82.0, 0.0)	(83.0, 0.0)	(84.0, 0.0)	(85.0, 0.0)	(86.0, 0.0)	(87.0, 0.0)	(88.0, 0.0)	(89.0, 0.0)	(90.0, 0.0)	(91.0, 0.0)	(92.0, 0.0)	(93.0, 0.0)	(94.0, 0.0)	(95.0, 0.0)	(96.0, 0.0)	(97.0, 0.0)	(98.0, 0.0)	(99.0, 0.0)	(100.0, 0.0)
612A0_S41_L001_R2_001	(0.0, 2.0)	(1.0, 1.0)	(2.0, 0.0)	(3.0, 0.0)	(4.0, 0.0)	(5.0, 0.0)	(6.0, 0.0)	(7.0, 0.0)	(8.0, 0.0)	(9.0, 0.0)	(10.0, 0.0)	(11.0, 0.0)	(12.0, 0.0)	(13.0, 0.0)	(14.0, 0.0)	(15.0, 0.0)	(16.0, 0.0)	(17.0, 0.0)	(18.0, 0.0)	(19.0, 0.0)	(20.0, 0.0)	(21.0, 0.0)	(22.0, 0.0)	(23.0, 0.0)	(24.0, 0.0)	(25.0, 0.0)	(26.0, 0.0)	(27.0, 0.0)	(28.0, 0.0)	(29.0, 0.0)	(30.0, 0.0)	(31.0, 0.0)	(32.0, 0.0)	(33.0, 0.0)	(34.0, 0.25)	(35.0, 0.25)	(36.0, 0.0)	(37.0, 0.0)	(38.0, 0.25)	(39.0, 0.25)	(40.0, 0.3333333333333333)	(41.0, 0.3333333333333333)	(42.0, 0.25)	(43.0, 0.25)	(44.0, 1.75)	(45.0, 1.0)	(46.0, 1.25)	(47.0, 5.75)	(48.0, 21.499999999999996)	(49.0, 26.333333333333332)	(50.0, 47.833333333333336)	(51.0, 122.33333333333324)	(52.0, 565.9999999999997)	(53.0, 912.8333333333339)	(54.0, 845.3333333333334)	(55.0, 507.66666666666663)	(56.0, 137.83333333333331)	(57.0, 42.416666666666664)	(58.0, 19.0)	(59.0, 10.0)	(60.0, 6.75)	(61.0, 7.666666666666667)	(62.0, 3.75)	(63.0, 3.0)	(64.0, 5.0)	(65.0, 4.0)	(66.0, 2.5)	(67.0, 2.75)	(68.0, 2.25)	(69.0, 2.25)	(70.0, 0.5)	(71.0, 0.25)	(72.0, 0.5)	(73.0, 1.0)	(74.0, 0.25)	(75.0, 0.25)	(76.0, 0.25)	(77.0, 0.0)	(78.0, 0.0)	(79.0, 0.0)	(80.0, 0.0)	(81.0, 0.0)	(82.0, 0.0)	(83.0, 0.0)	(84.0, 0.25)	(85.0, 0.25)	(86.0, 0.0)	(87.0, 0.0)	(88.0, 0.0)	(89.0, 0.0)	(90.0, 0.0)	(91.0, 0.0)	(92.0, 0.0)	(93.0, 0.0)	(94.0, 0.0)	(95.0, 0.0)	(96.0, 0.0)	(97.0, 0.0)	(98.0, 0.0)	(99.0, 0.0)	(100.0, 0.0)
612A14_S42_L001_R1_001	(0.0, 1.0)	(1.0, 0.5)	(2.0, 0.0)	(3.0, 0.0)	(4.0, 0.0)	(5.0, 0.0)	(6.0, 0.0)	(7.0, 0.0)	(8.0, 0.0)	(9.0, 0.0)	(10.0, 0.0)	(11.0, 0.0)	(12.0, 0.0)	(13.0, 0.0)	(14.0, 0.0)	(15.0, 0.0)	(16.0, 0.0)	(17.0, 0.0)	(18.0, 0.0)	(19.0, 0.0)	(20.0, 0.0)	(21.0, 0.0)	(22.0, 0.0)	(23.0, 0.0)	(24.0, 0.0)	(25.0, 0.0)	(26.0, 0.0)	(27.0, 0.0)	(28.0, 0.0)	(29.0, 0.0)	(30.0, 0.0)	(31.0, 0.0)	(32.0, 0.0)	(33.0, 0.0)	(34.0, 0.0)	(35.0, 0.0)	(36.0, 0.0)	(37.0, 0.25)	(38.0, 0.25)	(39.0, 0.25)	(40.0, 0.0)	(41.0, 0.25)	(42.0, 0.0)	(43.0, 0.5)	(44.0, 0.25)	(45.0, 1.0)	(46.0, 5.75)	(47.0, 162.25)	(48.0, 305.9166666666667)	(49.0, 199.33333333333331)	(50.0, 349.1666666666667)	(51.0, 1554.1666666666665)	(52.0, 2466.0)	(53.0, 1730.166666666666)	(54.0, 2292.0)	(55.0, 1520.8333333333328)	(56.0, 400.08333333333337)	(57.0, 149.49999999999997)	(58.0, 136.99999999999997)	(59.0, 51.91666666666667)	(60.0, 15.833333333333336)	(61.0, 12.666666666666668)	(62.0, 4.583333333333333)	(63.0, 10.75)	(64.0, 3.0)	(65.0, 1.75)	(66.0, 7.5)	(67.0, 10.75)	(68.0, 2.0)	(69.0, 0.0)	(70.0, 0.0)	(71.0, 0.0)	(72.0, 0.0)	(73.0, 0.0)	(74.0, 0.0)	(75.0, 0.0)	(76.0, 0.0)	(77.0, 0.0)	(78.0, 0.0)	(79.0, 0.0)	(80.0, 0.0)	(81.0, 0.0)	(82.0, 0.0)	(83.0, 0.0)	(84.0, 0.0)	(85.0, 0.0)	(86.0, 0.0)	(87.0, 0.0)	(88.0, 0.0)	(89.0, 0.0)	(90.0, 0.0)	(91.0, 0.0)	(92.0, 0.0)	(93.0, 0.0)	(94.0, 0.0)	(95.0, 0.0)	(96.0, 0.0)	(97.0, 0.0)	(98.0, 0.0)	(99.0, 0.0)	(100.0, 0.0)
612A14_S42_L001_R2_001	(0.0, 0.0)	(1.0, 0.0)	(2.0, 0.0)	(3.0, 0.0)	(4.0, 0.0)	(5.0, 0.0)	(6.0, 0.0)	(7.0, 0.0)	(8.0, 0.0)	(9.0, 0.0)	(10.0, 0.0)	(11.0, 0.0)	(12.0, 0.0)	(13.0, 0.0)	(14.0, 0.0)	(15.0, 0.0)	(16.0, 0.0)	(17.0, 0.0)	(18.0, 0.0)	(19.0, 0.0)	(20.0, 0.0)	(21.0, 0.0)	(22.0, 0.0)	(23.0, 0.0)	(24.0, 0.0)	(25.0, 0.0)	(26.0, 0.0)	(27.0, 0.0)	(28.0, 0.0)	(29.0, 0.0)	(30.0, 0.0)	(31.0, 0.0)	(32.0, 0.0)	(33.0, 0.25)	(34.0, 0.25)	(35.0, 0.25)	(36.0, 0.5)	(37.0, 0.5)	(38.0, 0.25)	(39.0, 0.5)	(40.0, 1.8333333333333333)	(41.0, 0.25)	(42.0, 1.0833333333333333)	(43.0, 0.8333333333333333)	(44.0, 1.25)	(45.0, 4.166666666666667)	(46.0, 12.666666666666666)	(47.0, 113.83333333333329)	(48.0, 395.1666666666664)	(49.0, 322.24999999999994)	(50.0, 491.2499999999995)	(51.0, 828.500000000002)	(52.0, 2046.7499999999932)	(53.0, 2903.6666666666715)	(54.0, 2162.249999999999)	(55.0, 1138.5000000000005)	(56.0, 365.6666666666667)	(57.0, 122.66666666666667)	(58.0, 44.5)	(59.0, 23.333333333333332)	(60.0, 15.583333333333332)	(61.0, 14.666666666666666)	(62.0, 13.583333333333334)	(63.0, 10.666666666666668)	(64.0, 11.833333333333332)	(65.0, 10.083333333333332)	(66.0, 10.583333333333334)	(67.0, 9.333333333333332)	(68.0, 9.0)	(69.0, 3.0)	(70.0, 1.75)	(71.0, 1.0)	(72.0, 1.25)	(73.0, 0.25)	(74.0, 0.75)	(75.0, 1.0)	(76.0, 0.5)	(77.0, 0.5)	(78.0, 0.25)	(79.0, 0.5)	(80.0, 0.5)	(81.0, 0.0)	(82.0, 0.25)	(83.0, 0.25)	(84.0, 0.0)	(85.0, 0.25)	(86.0, 0.25)	(87.0, 0.5)	(88.0, 0.5)	(89.0, 0.25)	(90.0, 0.0)	(91.0, 0.0)	(92.0, 0.0)	(93.0, 0.0)	(94.0, 0.0)	(95.0, 0.0)	(96.0, 0.0)	(97.0, 0.0)	(98.0, 0.0)	(99.0, 0.0)	(100.0, 0.6666666666666666)
612B0_S43_L001_R1_001	(0.0, 1.0)	(1.0, 0.5)	(2.0, 0.0)	(3.0, 0.0)	(4.0, 0.0)	(5.0, 0.0)	(6.0, 0.0)	(7.0, 0.0)	(8.0, 0.0)	(9.0, 0.0)	(10.0, 0.0)	(11.0, 0.0)	(12.0, 0.0)	(13.0, 0.0)	(14.0, 0.0)	(15.0, 0.0)	(16.0, 0.0)	(17.0, 0.0)	(18.0, 0.0)	(19.0, 0.0)	(20.0, 0.0)	(21.0, 0.0)	(22.0, 0.0)	(23.0, 0.0)	(24.0, 0.0)	(25.0, 0.0)	(26.0, 0.0)	(27.0, 0.0)	(28.0, 0.0)	(29.0, 0.0)	(30.0, 0.0)	(31.0, 0.0)	(32.0, 0.0)	(33.0, 0.0)	(34.0, 0.0)	(35.0, 0.0)	(36.0, 0.25)	(37.0, 0.0)	(38.0, 0.0)	(39.0, 0.0)	(40.0, 0.0)	(41.0, 0.0)	(42.0, 0.25)	(43.0, 0.5833333333333333)	(44.0, 0.75)	(45.0, 2.0)	(46.0, 10.75)	(47.0, 347.25)	(48.0, 574.75)	(49.0, 238.9166666666667)	(50.0, 349.0)	(51.0, 797.4166666666667)	(52.0, 1155.8333333333335)	(53.0, 1427.833333333333)	(54.0, 1961.0833333333326)	(55.0, 1470.9166666666658)	(56.0, 636.7500000000001)	(57.0, 227.58333333333337)	(58.0, 121.16666666666659)	(59.0, 61.58333333333336)	(60.0, 26.499999999999993)	(61.0, 23.16666666666666)	(62.0, 12.166666666666668)	(63.0, 7.25)	(64.0, 2.0)	(65.0, 2.5)	(66.0, 9.25)	(67.0, 17.75)	(68.0, 2.0)	(69.0, 0.25)	(70.0, 0.0)	(71.0, 0.0)	(72.0, 0.0)	(73.0, 0.0)	(74.0, 0.0)	(75.0, 0.0)	(76.0, 0.0)	(77.0, 0.0)	(78.0, 0.0)	(79.0, 0.0)	(80.0, 0.0)	(81.0, 0.0)	(82.0, 0.0)	(83.0, 0.0)	(84.0, 0.0)	(85.0, 0.0)	(86.0, 0.0)	(87.0, 0.0)	(88.0, 0.0)	(89.0, 0.0)	(90.0, 0.0)	(91.0, 0.0)	(92.0, 0.0)	(93.0, 0.0)	(94.0, 0.0)	(95.0, 0.0)	(96.0, 0.0)	(97.0, 0.0)	(98.0, 0.0)	(99.0, 0.0)	(100.0, 0.0)
612B0_S43_L001_R2_001	(0.0, 1.0)	(1.0, 0.5)	(2.0, 0.0)	(3.0, 0.0)	(4.0, 0.0)	(5.0, 0.0)	(6.0, 0.0)	(7.0, 0.0)	(8.0, 0.0)	(9.0, 0.0)	(10.0, 0.0)	(11.0, 0.0)	(12.0, 0.0)	(13.0, 0.0)	(14.0, 0.0)	(15.0, 0.0)	(16.0, 0.0)	(17.0, 0.0)	(18.0, 0.0)	(19.0, 0.0)	(20.0, 0.0)	(21.0, 0.0)	(22.0, 0.0)	(23.0, 0.0)	(24.0, 0.0)	(25.0, 0.0)	(26.0, 0.0)	(27.0, 0.0)	(28.0, 0.0)	(29.0, 0.0)	(30.0, 0.0)	(31.0, 0.0)	(32.0, 0.0)	(33.0, 0.0)	(34.0, 0.0)	(35.0, 0.25)	(36.0, 0.0)	(37.0, 0.25)	(38.0, 0.0)	(39.0, 0.25)	(40.0, 0.0)	(41.0, 0.0)	(42.0, 1.5)	(43.0, 1.0)	(44.0, 2.583333333333333)	(45.0, 9.083333333333334)	(46.0, 27.999999999999996)	(47.0, 263.6666666666669)	(48.0, 710.0833333333336)	(49.0, 367.9166666666666)	(50.0, 236.08333333333354)	(51.0, 499.6666666666657)	(52.0, 1367.4166666666656)	(53.0, 1775.9999999999968)	(54.0, 1932.2499999999989)	(55.0, 1311.0)	(56.0, 458.66666666666663)	(57.0, 138.08333333333331)	(58.0, 45.75)	(59.0, 21.916666666666664)	(60.0, 11.500000000000002)	(61.0, 12.25)	(62.0, 10.5)	(63.0, 9.75)	(64.0, 12.666666666666666)	(65.0, 10.5)	(66.0, 9.833333333333334)	(67.0, 19.75)	(68.0, 13.0)	(69.0, 6.25)	(70.0, 2.75)	(71.0, 1.25)	(72.0, 1.0)	(73.0, 0.5)	(74.0, 0.8333333333333333)	(75.0, 1.5)	(76.0, 0.25)	(77.0, 0.25)	(78.0, 0.25)	(79.0, 0.25)	(80.0, 0.0)	(81.0, 0.0)	(82.0, 0.25)	(83.0, 0.0)	(84.0, 0.25)	(85.0, 0.75)	(86.0, 0.5)	(87.0, 0.25)	(88.0, 0.25)	(89.0, 0.0)	(90.0, 0.0)	(91.0, 0.0)	(92.0, 0.0)	(93.0, 0.0)	(94.0, 0.0)	(95.0, 0.25)	(96.0, 0.25)	(97.0, 0.0)	(98.0, 0.25)	(99.0, 0.25)	(100.0, 0.0)
612B14_S44_L001_R1_001	(0.0, 0.0)	(1.0, 0.0)	(2.0, 0.0)	(3.0, 0.0)	(4.0, 0.0)	(5.0, 0.0)	(6.0, 0.0)	(7.0, 0.0)	(8.0, 0.0)	(9.0, 0.0)	(10.0, 0.0)	(11.0, 0.0)	(12.0, 0.0)	(13.0, 0.0)	(14.0, 0.0)	(15.0, 0.0)	(16.0, 0.0)	(17.0, 0.0)	(18.0, 0.0)	(19.0, 0.0)	(20.0, 0.0)	(21.0, 0.0)	(22.0, 0.0)	(23.0, 0.0)	(24.0, 0.0)	(25.0, 0.0)	(26.0, 0.0)	(27.0, 0.0)	(28.0, 0.0)	(29.0, 0.0)	(30.0, 0.0)	(31.0, 0.0)	(32.0, 0.0)	(33.0, 0.0)	(34.0, 0.0)	(35.0, 0.0)	(36.0, 0.0)	(37.0, 0.0)	(38.0, 0.0)	(39.0, 0.5)	(40.0, 0.25)	(41.0, 1.0)	(42.0, 1.3333333333333333)	(43.0, 2.0)	(44.0, 1.0)	(45.0, 1.3333333333333333)	(46.0, 18.5)	(47.0, 342.99999999999994)	(48.0, 488.6666666666667)	(49.0, 296.66666666666674)	(50.0, 469.66666666666663)	(51.0, 1464.3333333333335)	(52.0, 1916.5833333333333)	(53.0, 1591.333333333333)	(54.0, 1945.833333333332)	(55.0, 1346.083333333333)	(56.0, 430.9999999999999)	(57.0, 153.00000000000003)	(58.0, 78.58333333333336)	(59.0, 45.16666666666667)	(60.0, 28.99999999999999)	(61.0, 19.250000000000004)	(62.0, 8.25)	(63.0, 13.75)	(64.0, 3.0)	(65.0, 1.5)	(66.0, 3.25)	(67.0, 6.5)	(68.0, 0.25)	(69.0, 0.25)	(70.0, 0.5)	(71.0, 0.25)	(72.0, 0.0)	(73.0, 0.0)	(74.0, 0.25)	(75.0, 0.25)	(76.0, 0.0)	(77.0, 0.0)	(78.0, 0.0)	(79.0, 0.0)	(80.0, 0.0)	(81.0, 0.0)	(82.0, 0.0)	(83.0, 0.0)	(84.0, 0.0)	(85.0, 0.0)	(86.0, 0.0)	(87.0, 0.0)	(88.0, 0.0)	(89.0, 0.0)	(90.0, 0.0)	(91.0, 0.0)	(92.0, 0.0)	(93.0, 0.0)	(94.0, 0.0)	(95.0, 0.0)	(96.0, 0.0)	(97.0, 0.0)	(98.0, 0.0)	(99.0, 0.0)	(100.0, 0.0)
612B14_S44_L001_R2_001	(0.0, 0.0)	(1.0, 0.0)	(2.0, 0.0)	(3.0, 0.0)	(4.0, 0.0)	(5.0, 0.0)	(6.0, 0.0)	(7.0, 0.0)	(8.0, 0.0)	(9.0, 0.0)	(10.0, 0.0)	(11.0, 0.0)	(12.0, 0.0)	(13.0, 0.0)	(14.0, 0.0)	(15.0, 0.0)	(16.0, 0.0)	(17.0, 0.0)	(18.0, 0.0)	(19.0, 0.0)	(20.0, 0.0)	(21.0, 0.0)	(22.0, 0.0)	(23.0, 0.0)	(24.0, 0.0)	(25.0, 0.0)	(26.0, 0.0)	(27.0, 0.0)	(28.0, 0.0)	(29.0, 0.0)	(30.0, 0.25)	(31.0, 0.25)	(32.0, 0.25)	(33.0, 0.25)	(34.0, 0.0)	(35.0, 0.75)	(36.0, 0.25)	(37.0, 0.5)	(38.0, 0.25)	(39.0, 0.25)	(40.0, 1.0833333333333333)	(41.0, 0.75)	(42.0, 2.5)	(43.0, 3.25)	(44.0, 4.5)	(45.0, 9.166666666666666)	(46.0, 28.99999999999999)	(47.0, 215.58333333333346)	(48.0, 612.7499999999999)	(49.0, 438.333333333333)	(50.0, 389.8333333333329)	(51.0, 660.1666666666674)	(52.0, 1613.1666666666608)	(53.0, 2514.166666666667)	(54.0, 2049.083333333332)	(55.0, 1178.5833333333333)	(56.0, 422.08333333333337)	(57.0, 126.58333333333333)	(58.0, 44.16666666666667)	(59.0, 26.083333333333332)	(60.0, 22.916666666666664)	(61.0, 22.583333333333336)	(62.0, 18.333333333333336)	(63.0, 16.5)	(64.0, 13.916666666666668)	(65.0, 9.75)	(66.0, 6.5)	(67.0, 11.0)	(68.0, 7.75)	(69.0, 2.5833333333333335)	(70.0, 1.25)	(71.0, 0.75)	(72.0, 0.5)	(73.0, 1.25)	(74.0, 0.5)	(75.0, 0.5)	(76.0, 0.5)	(77.0, 0.5)	(78.0, 0.5)	(79.0, 1.0)	(80.0, 1.0)	(81.0, 0.5)	(82.0, 0.0)	(83.0, 0.0)	(84.0, 0.0)	(85.0, 0.5)	(86.0, 0.25)	(87.0, 0.0)	(88.0, 0.25)	(89.0, 0.25)	(90.0, 0.0)	(91.0, 0.0)	(92.0, 0.0)	(93.0, 0.25)	(94.0, 0.25)	(95.0, 0.0)	(96.0, 0.25)	(97.0, 0.25)	(98.0, 0.25)	(99.0, 0.0)	(100.0, 0.0)
613A0_S49_L001_R1_001	(0.0, 4.0)	(1.0, 2.0)	(2.0, 0.0)	(3.0, 0.0)	(4.0, 0.0)	(5.0, 0.0)	(6.0, 0.0)	(7.0, 0.0)	(8.0, 0.0)	(9.0, 0.0)	(10.0, 0.0)	(11.0, 0.0)	(12.0, 0.0)	(13.0, 0.0)	(14.0, 0.0)	(15.0, 0.0)	(16.0, 0.0)	(17.0, 0.0)	(18.0, 0.0)	(19.0, 0.0)	(20.0, 0.0)	(21.0, 0.0)	(22.0, 0.0)	(23.0, 0.0)	(24.0, 0.0)	(25.0, 0.0)	(26.0, 0.0)	(27.0, 0.0)	(28.0, 0.0)	(29.0, 0.0)	(30.0, 0.25)	(31.0, 0.25)	(32.0, 0.0)	(33.0, 0.0)	(34.0, 0.0)	(35.0, 0.0)	(36.0, 0.0)	(37.0, 0.0)	(38.0, 0.0)	(39.0, 0.25)	(40.0, 0.25)	(41.0, 0.0)	(42.0, 0.0)	(43.0, 0.25)	(44.0, 0.25)	(45.0, 2.0)	(46.0, 14.583333333333334)	(47.0, 163.91666666666666)	(48.0, 420.8333333333333)	(49.0, 480.91666666666663)	(50.0, 424.6666666666665)	(51.0, 876.2500000000005)	(52.0, 1405.6666666666665)	(53.0, 4228.083333333337)	(54.0, 4511.500000000004)	(55.0, 2444.5833333333294)	(56.0, 980.8333333333413)	(57.0, 472.3333333333325)	(58.0, 300.08333333333354)	(59.0, 305.4999999999999)	(60.0, 244.58333333333428)	(61.0, 88.58333333333331)	(62.0, 54.66666666666667)	(63.0, 15.0)	(64.0, 9.333333333333332)	(65.0, 7.0)	(66.0, 55.5)	(67.0, 91.75)	(68.0, 7.0)	(69.0, 1.5)	(70.0, 0.5)	(71.0, 0.0)	(72.0, 0.0)	(73.0, 0.0)	(74.0, 0.0)	(75.0, 0.0)	(76.0, 0.25)	(77.0, 0.0)	(78.0, 0.0)	(79.0, 0.0)	(80.0, 0.0)	(81.0, 0.0)	(82.0, 0.0)	(83.0, 0.0)	(84.0, 0.0)	(85.0, 0.0)	(86.0, 0.0)	(87.0, 0.0)	(88.0, 0.0)	(89.0, 0.0)	(90.0, 0.0)	(91.0, 0.0)	(92.0, 0.0)	(93.0, 0.0)	(94.0, 0.0)	(95.0, 0.0)	(96.0, 0.0)	(97.0, 0.0)	(98.0, 0.0)	(99.0, 0.0)	(100.0, 0.0)
613A0_S49_L001_R2_001	(0.0, 4.0)	(1.0, 2.0)	(2.0, 0.0)	(3.0, 0.0)	(4.0, 0.0)	(5.0, 0.0)	(6.0, 0.0)	(7.0, 0.0)	(8.0, 0.0)	(9.0, 0.0)	(10.0, 0.0)	(11.0, 0.0)	(12.0, 0.0)	(13.0, 0.0)	(14.0, 0.0)	(15.0, 0.0)	(16.0, 0.0)	(17.0, 0.0)	(18.0, 0.0)	(19.0, 0.0)	(20.0, 0.0)	(21.0, 0.0)	(22.0, 0.0)	(23.0, 0.0)	(24.0, 0.0)	(25.0, 0.0)	(26.0, 0.0)	(27.0, 0.0)	(28.0, 0.0)	(29.0, 0.0)	(30.0, 0.0)	(31.0, 0.0)	(32.0, 0.0)	(33.0, 0.25)	(34.0, 0.0)	(35.0, 0.75)	(36.0, 0.8333333333333333)	(37.0, 1.0833333333333333)	(38.0, 0.0)	(39.0, 0.5)	(40.0, 0.5)	(41.0, 0.75)	(42.0, 2.9166666666666665)	(43.0, 2.6666666666666665)	(44.0, 3.8333333333333335)	(45.0, 6.333333333333334)	(46.0, 22.249999999999996)	(47.0, 133.33333333333323)	(48.0, 463.8333333333331)	(49.0, 577.9166666666663)	(50.0, 475.4999999999984)	(51.0, 1023.5000000000084)	(52.0, 2644.2500000000045)	(53.0, 4467.000000000007)	(54.0, 3704.666666666674)	(55.0, 1999.3333333333314)	(56.0, 745.5833333333334)	(57.0, 314.0833333333333)	(58.0, 327.4166666666667)	(59.0, 166.58333333333334)	(60.0, 58.333333333333336)	(61.0, 33.583333333333336)	(62.0, 31.333333333333332)	(63.0, 25.499999999999996)	(64.0, 26.083333333333332)	(65.0, 28.833333333333336)	(66.0, 38.0)	(67.0, 73.5)	(68.0, 73.25)	(69.0, 33.833333333333336)	(70.0, 7.083333333333333)	(71.0, 4.833333333333333)	(72.0, 3.0)	(73.0, 2.0)	(74.0, 0.75)	(75.0, 1.0)	(76.0, 1.0)	(77.0, 1.0)	(78.0, 0.5)	(79.0, 1.0)	(80.0, 1.0)	(81.0, 1.0)	(82.0, 0.25)	(83.0, 0.5)	(84.0, 0.5)	(85.0, 0.25)	(86.0, 0.5)	(87.0, 0.5)	(88.0, 0.25)	(89.0, 0.5)	(90.0, 0.25)	(91.0, 0.0)	(92.0, 0.0)	(93.0, 0.25)	(94.0, 0.25)	(95.0, 0.0)	(96.0, 0.25)	(97.0, 0.25)	(98.0, 0.0)	(99.0, 0.25)	(100.0, 0.3333333333333333)
613A14_S50_L001_R1_001	(0.0, 0.0)	(1.0, 0.0)	(2.0, 0.0)	(3.0, 0.0)	(4.0, 0.0)	(5.0, 0.0)	(6.0, 0.0)	(7.0, 0.0)	(8.0, 0.0)	(9.0, 0.0)	(10.0, 0.0)	(11.0, 0.0)	(12.0, 0.0)	(13.0, 0.0)	(14.0, 0.0)	(15.0, 0.0)	(16.0, 0.0)	(17.0, 0.0)	(18.0, 0.0)	(19.0, 0.0)	(20.0, 0.0)	(21.0, 0.0)	(22.0, 0.0)	(23.0, 0.0)	(24.0, 0.0)	(25.0, 0.0)	(26.0, 0.0)	(27.0, 0.25)	(28.0, 0.0)	(29.0, 0.0)	(30.0, 0.25)	(31.0, 0.25)	(32.0, 0.25)	(33.0, 0.0)	(34.0, 0.0)	(35.0, 0.0)	(36.0, 1.0)	(37.0, 0.75)	(38.0, 0.0)	(39.0, 0.0)	(40.0, 0.0)	(41.0, 0.5)	(42.0, 1.25)	(43.0, 1.0)	(44.0, 1.25)	(45.0, 2.5)	(46.0, 6.5)	(47.0, 16.25)	(48.0, 31.5)	(49.0, 42.33333333333333)	(50.0, 96.5)	(51.0, 455.75)	(52.0, 864.4166666666667)	(53.0, 2465.5)	(54.0, 2957.000000000001)	(55.0, 1954.1666666666652)	(56.0, 820.2500000000017)	(57.0, 540.4999999999987)	(58.0, 402.99999999999835)	(59.0, 482.2499999999936)	(60.0, 370.7499999999986)	(61.0, 105.74999999999996)	(62.0, 73.75)	(63.0, 26.749999999999996)	(64.0, 14.0)	(65.0, 11.0)	(66.0, 62.583333333333336)	(67.0, 95.25)	(68.0, 10.25)	(69.0, 0.5)	(70.0, 0.25)	(71.0, 0.0)	(72.0, 0.0)	(73.0, 0.0)	(74.0, 0.0)	(75.0, 0.0)	(76.0, 0.0)	(77.0, 0.0)	(78.0, 0.0)	(79.0, 0.0)	(80.0, 0.0)	(81.0, 0.0)	(82.0, 0.0)	(83.0, 0.0)	(84.0, 0.0)	(85.0, 0.0)	(86.0, 0.0)	(87.0, 0.0)	(88.0, 0.0)	(89.0, 0.0)	(90.0, 0.0)	(91.0, 0.0)	(92.0, 0.0)	(93.0, 0.0)	(94.0, 0.0)	(95.0, 0.0)	(96.0, 0.0)	(97.0, 0.0)	(98.0, 0.0)	(99.0, 0.0)	(100.0, 0.0)
613A14_S50_L001_R2_001	(0.0, 0.0)	(1.0, 0.0)	(2.0, 0.0)	(3.0, 0.0)	(4.0, 0.0)	(5.0, 0.0)	(6.0, 0.0)	(7.0, 0.0)	(8.0, 0.0)	(9.0, 0.0)	(10.0, 0.0)	(11.0, 0.0)	(12.0, 0.0)	(13.0, 0.0)	(14.0, 0.0)	(15.0, 0.0)	(16.0, 0.0)	(17.0, 0.0)	(18.0, 0.0)	(19.0, 0.0)	(20.0, 0.0)	(21.0, 0.0)	(22.0, 0.0)	(23.0, 0.0)	(24.0, 0.0)	(25.0, 0.0)	(26.0, 0.0)	(27.0, 0.0)	(28.0, 0.0)	(29.0, 0.0)	(30.0, 0.0)	(31.0, 0.0)	(32.0, 0.0)	(33.0, 0.0)	(34.0, 0.5)	(35.0, 0.5)	(36.0, 0.3333333333333333)	(37.0, 0.8333333333333333)	(38.0, 0.5)	(39.0, 0.5)	(40.0, 0.25)	(41.0, 0.5)	(42.0, 1.5)	(43.0, 1.8333333333333333)	(44.0, 2.583333333333333)	(45.0, 3.3333333333333335)	(46.0, 6.0)	(47.0, 11.916666666666666)	(48.0, 39.333333333333336)	(49.0, 53.83333333333335)	(50.0, 90.41666666666664)	(51.0, 362.9999999999998)	(52.0, 1237.5833333333335)	(53.0, 2607.833333333337)	(54.0, 3025.166666666671)	(55.0, 1975.6666666666652)	(56.0, 701.2500000000001)	(57.0, 364.74999999999994)	(58.0, 493.8333333333332)	(59.0, 234.4166666666667)	(60.0, 66.33333333333334)	(61.0, 39.166666666666664)	(62.0, 32.0)	(63.0, 30.25)	(64.0, 40.333333333333336)	(65.0, 29.25)	(66.0, 42.416666666666664)	(67.0, 86.5)	(68.0, 73.75)	(69.0, 35.583333333333336)	(70.0, 9.333333333333332)	(71.0, 3.25)	(72.0, 2.75)	(73.0, 2.25)	(74.0, 2.25)	(75.0, 1.25)	(76.0, 1.25)	(77.0, 1.0)	(78.0, 0.0)	(79.0, 0.75)	(80.0, 1.25)	(81.0, 0.25)	(82.0, 0.25)	(83.0, 0.0)	(84.0, 0.25)	(85.0, 0.0)	(86.0, 0.25)	(87.0, 0.25)	(88.0, 0.5)	(89.0, 0.5)	(90.0, 0.5)	(91.0, 0.0)	(92.0, 0.0)	(93.0, 0.0)	(94.0, 0.0)	(95.0, 0.0)	(96.0, 0.0)	(97.0, 0.0)	(98.0, 0.5)	(99.0, 0.25)	(100.0, 0.0)
613B0_S51_L001_R1_001	(0.0, 4.0)	(1.0, 2.0)	(2.0, 0.0)	(3.0, 0.0)	(4.0, 0.0)	(5.0, 0.0)	(6.0, 0.0)	(7.0, 0.0)	(8.0, 0.0)	(9.0, 0.0)	(10.0, 0.0)	(11.0, 0.0)	(12.0, 0.0)	(13.0, 0.0)	(14.0, 0.0)	(15.0, 0.0)	(16.0, 0.0)	(17.0, 0.0)	(18.0, 0.0)	(19.0, 0.0)	(20.0, 0.0)	(21.0, 0.0)	(22.0, 0.0)	(23.0, 0.0)	(24.0, 0.0)	(25.0, 0.0)	(26.0, 0.0)	(27.0, 0.0)	(28.0, 0.0)	(29.0, 0.0)	(30.0, 0.0)	(31.0, 0.0)	(32.0, 0.0)	(33.0, 0.0)	(34.0, 0.0)	(35.0, 0.0)	(36.0, 0.0)	(37.0, 0.25)	(38.0, 0.25)	(39.0, 0.25)	(40.0, 0.0)	(41.0, 0.25)	(42.0, 0.0)	(43.0, 0.25)	(44.0, 0.75)	(45.0, 2.25)	(46.0, 7.75)	(47.0, 83.33333333333334)	(48.0, 183.66666666666669)	(49.0, 155.91666666666666)	(50.0, 176.16666666666666)	(51.0, 579.9999999999999)	(52.0, 899.0000000000001)	(53.0, 2662.583333333333)	(54.0, 3069.5)	(55.0, 1892.0833333333317)	(56.0, 627.5833333333334)	(57.0, 340.66666666666634)	(58.0, 325.99999999999966)	(59.0, 217.33333333333428)	(60.0, 142.16666666666663)	(61.0, 44.41666666666668)	(62.0, 28.083333333333332)	(63.0, 9.75)	(64.0, 6.75)	(65.0, 4.75)	(66.0, 18.5)	(67.0, 36.75)	(68.0, 4.25)	(69.0, 0.5)	(70.0, 0.25)	(71.0, 0.5)	(72.0, 0.25)	(73.0, 0.0)	(74.0, 0.0)	(75.0, 0.0)	(76.0, 0.0)	(77.0, 0.0)	(78.0, 0.0)	(79.0, 0.0)	(80.0, 0.0)	(81.0, 0.0)	(82.0, 0.0)	(83.0, 0.0)	(84.0, 0.0)	(85.0, 0.0)	(86.0, 0.0)	(87.0, 0.0)	(88.0, 0.0)	(89.0, 0.0)	(90.0, 0.0)	(91.0, 0.0)	(92.0, 0.0)	(93.0, 0.0)	(94.0, 0.0)	(95.0, 0.0)	(96.0, 0.0)	(97.0, 0.0)	(98.0, 0.0)	(99.0, 0.0)	(100.0, 0.0)
613B0_S51_L001_R2_001	(0.0, 3.0)	(1.0, 1.5)	(2.0, 0.25)	(3.0, 0.25)	(4.0, 0.0)	(5.0, 0.0)	(6.0, 0.0)	(7.0, 0.0)	(8.0, 0.0)	(9.0, 0.0)	(10.0, 0.0)	(11.0, 0.0)	(12.0, 0.0)	(13.0, 0.0)	(14.0, 0.0)	(15.0, 0.0)	(16.0, 0.0)	(17.0, 0.0)	(18.0, 0.0)	(19.0, 0.0)	(20.0, 0.0)	(21.0, 0.0)	(22.0, 0.0)	(23.0, 0.0)	(24.0, 0.0)	(25.0, 0.0)	(26.0, 0.0)	(27.0, 0.0)	(28.0, 0.0)	(29.0, 0.0)	(30.0, 0.0)	(31.0, 0.0)	(32.0, 0.0)	(33.0, 0.0)	(34.0, 0.0)	(35.0, 0.25)	(36.0, 0.25)	(37.0, 0.0)	(38.0, 0.0)	(39.0, 0.5833333333333333)	(40.0, 0.75)	(41.0, 0.25)	(42.0, 1.3333333333333333)	(43.0, 2.833333333333333)	(44.0, 4.333333333333334)	(45.0, 5.916666666666666)	(46.0, 13.0)	(47.0, 67.41666666666669)	(48.0, 219.8333333333334)	(49.0, 239.75000000000009)	(50.0, 169.75000000000006)	(51.0, 381.2499999999995)	(52.0, 1332.5)	(53.0, 2974.3333333333376)	(54.0, 2990.9166666666683)	(55.0, 1657.833333333333)	(56.0, 589.0833333333333)	(57.0, 216.33333333333334)	(58.0, 195.5833333333334)	(59.0, 102.91666666666667)	(60.0, 40.33333333333333)	(61.0, 22.5)	(62.0, 17.833333333333336)	(63.0, 15.916666666666668)	(64.0, 21.833333333333336)	(65.0, 17.666666666666664)	(66.0, 18.166666666666664)	(67.0, 33.58333333333333)	(68.0, 36.25)	(69.0, 12.0)	(70.0, 4.25)	(71.0, 4.0)	(72.0, 1.5)	(73.0, 0.5)	(74.0, 0.5)	(75.0, 0.5)	(76.0, 0.75)	(77.0, 0.5)	(78.0, 0.25)	(79.0, 0.5)	(80.0, 0.0)	(81.0, 0.75)	(82.0, 0.5)	(83.0, 0.0)	(84.0, 0.0)	(85.0, 0.0)	(86.0, 0.0)	(87.0, 0.5)	(88.0, 0.25)	(89.0, 0.25)	(90.0, 0.0)	(91.0, 0.25)	(92.0, 0.25)	(93.0, 0.0)	(94.0, 0.0)	(95.0, 0.0)	(96.0, 0.25)	(97.0, 0.0)	(98.0, 0.0)	(99.0, 0.25)	(100.0, 0.0)
613B14_S52_L001_R1_001	(0.0, 1.0)	(1.0, 0.5)	(2.0, 0.0)	(3.0, 0.0)	(4.0, 0.0)	(5.0, 0.0)	(6.0, 0.0)	(7.0, 0.0)	(8.0, 0.0)	(9.0, 0.0)	(10.0, 0.0)	(11.0, 0.0)	(12.0, 0.0)	(13.0, 0.0)	(14.0, 0.0)	(15.0, 0.0)	(16.0, 0.0)	(17.0, 0.0)	(18.0, 0.0)	(19.0, 0.0)	(20.0, 0.0)	(21.0, 0.0)	(22.0, 0.0)	(23.0, 0.0)	(24.0, 0.0)	(25.0, 0.0)	(26.0, 0.0)	(27.0, 0.0)	(28.0, 0.0)	(29.0, 0.0)	(30.0, 0.25)	(31.0, 0.0)	(32.0, 0.0)	(33.0, 0.0)	(34.0, 0.0)	(35.0, 0.0)	(36.0, 0.0)	(37.0, 0.0)	(38.0, 0.0)	(39.0, 0.0)	(40.0, 0.25)	(41.0, 0.25)	(42.0, 0.25)	(43.0, 0.5)	(44.0, 1.75)	(45.0, 2.5)	(46.0, 2.25)	(47.0, 4.25)	(48.0, 9.25)	(49.0, 12.083333333333332)	(50.0, 44.83333333333333)	(51.0, 259.91666666666663)	(52.0, 650.5)	(53.0, 2240.75)	(54.0, 2931.833333333334)	(55.0, 2039.0833333333314)	(56.0, 689.3333333333337)	(57.0, 350.9999999999999)	(58.0, 254.9166666666674)	(59.0, 410.8333333333305)	(60.0, 319.41666666666646)	(61.0, 98.41666666666666)	(62.0, 82.58333333333334)	(63.0, 27.0)	(64.0, 15.833333333333334)	(65.0, 14.083333333333334)	(66.0, 58.75)	(67.0, 103.25)	(68.0, 11.25)	(69.0, 1.0)	(70.0, 0.5)	(71.0, 0.25)	(72.0, 0.25)	(73.0, 0.25)	(74.0, 0.25)	(75.0, 0.25)	(76.0, 0.0)	(77.0, 0.0)	(78.0, 0.0)	(79.0, 0.0)	(80.0, 0.0)	(81.0, 0.0)	(82.0, 0.0)	(83.0, 0.0)	(84.0, 0.0)	(85.0, 0.0)	(86.0, 0.0)	(87.0, 0.0)	(88.0, 0.0)	(89.0, 0.0)	(90.0, 0.0)	(91.0, 0.0)	(92.0, 0.0)	(93.0, 0.0)	(94.0, 0.0)	(95.0, 0.0)	(96.0, 0.0)	(97.0, 0.0)	(98.0, 0.0)	(99.0, 0.0)	(100.0, 0.0)
613B14_S52_L001_R2_001	(0.0, 1.0)	(1.0, 0.5)	(2.0, 0.0)	(3.0, 0.0)	(4.0, 0.0)	(5.0, 0.0)	(6.0, 0.0)	(7.0, 0.0)	(8.0, 0.0)	(9.0, 0.0)	(10.0, 0.0)	(11.0, 0.0)	(12.0, 0.0)	(13.0, 0.0)	(14.0, 0.0)	(15.0, 0.0)	(16.0, 0.0)	(17.0, 0.0)	(18.0, 0.0)	(19.0, 0.0)	(20.0, 0.0)	(21.0, 0.0)	(22.0, 0.0)	(23.0, 0.0)	(24.0, 0.0)	(25.0, 0.0)	(26.0, 0.0)	(27.0, 0.0)	(28.0, 0.0)	(29.0, 0.0)	(30.0, 0.0)	(31.0, 0.0)	(32.0, 0.0)	(33.0, 0.0)	(34.0, 0.25)	(35.0, 0.0)	(36.0, 0.3333333333333333)	(37.0, 0.75)	(38.0, 0.5)	(39.0, 0.5)	(40.0, 1.25)	(41.0, 1.0833333333333333)	(42.0, 1.1666666666666665)	(43.0, 2.9166666666666665)	(44.0, 3.1666666666666665)	(45.0, 3.3333333333333335)	(46.0, 5.416666666666667)	(47.0, 6.499999999999999)	(48.0, 17.333333333333336)	(49.0, 36.25)	(50.0, 72.91666666666667)	(51.0, 331.08333333333303)	(52.0, 1131.6666666666686)	(53.0, 2541.666666666666)	(54.0, 2787.750000000002)	(55.0, 1586.6666666666663)	(56.0, 539.75)	(57.0, 298.0833333333333)	(58.0, 424.6666666666666)	(59.0, 229.50000000000006)	(60.0, 70.5)	(61.0, 35.41666666666667)	(62.0, 33.33333333333333)	(63.0, 27.166666666666664)	(64.0, 37.50000000000001)	(65.0, 33.083333333333336)	(66.0, 45.916666666666664)	(67.0, 88.66666666666666)	(68.0, 87.83333333333333)	(69.0, 43.25)	(70.0, 12.0)	(71.0, 2.0)	(72.0, 2.3333333333333335)	(73.0, 2.3333333333333335)	(74.0, 0.75)	(75.0, 0.75)	(76.0, 0.25)	(77.0, 0.25)	(78.0, 0.25)	(79.0, 0.0)	(80.0, 0.25)	(81.0, 0.0)	(82.0, 0.5)	(83.0, 0.25)	(84.0, 0.5)	(85.0, 0.5)	(86.0, 0.75)	(87.0, 0.75)	(88.0, 0.0)	(89.0, 0.0)	(90.0, 0.0)	(91.0, 0.0)	(92.0, 0.25)	(93.0, 0.0)	(94.0, 0.5)	(95.0, 0.0)	(96.0, 0.25)	(97.0, 0.0)	(98.0, 0.0)	(99.0, 0.0)	(100.0, 0.0)
615A0_S37_L001_R1_001	(0.0, 4.0)	(1.0, 2.0)	(2.0, 0.0)	(3.0, 0.0)	(4.0, 0.0)	(5.0, 0.0)	(6.0, 0.0)	(7.0, 0.0)	(8.0, 0.0)	(9.0, 0.0)	(10.0, 0.0)	(11.0, 0.0)	(12.0, 0.0)	(13.0, 0.0)	(14.0, 0.0)	(15.0, 0.0)	(16.0, 0.0)	(17.0, 0.0)	(18.0, 0.0)	(19.0, 0.0)	(20.0, 0.0)	(21.0, 0.0)	(22.0, 0.0)	(23.0, 0.0)	(24.0, 0.0)	(25.0, 0.0)	(26.0, 0.0)	(27.0, 0.0)	(28.0, 0.0)	(29.0, 0.0)	(30.0, 0.0)	(31.0, 0.0)	(32.0, 0.0)	(33.0, 0.0)	(34.0, 0.0)	(35.0, 0.0)	(36.0, 0.0)	(37.0, 0.0)	(38.0, 0.25)	(39.0, 0.25)	(40.0, 0.25)	(41.0, 0.25)	(42.0, 0.0)	(43.0, 0.5)	(44.0, 0.5)	(45.0, 0.25)	(46.0, 3.5)	(47.0, 32.5)	(48.0, 91.16666666666666)	(49.0, 48.33333333333333)	(50.0, 225.0)	(51.0, 1159.4166666666665)	(52.0, 1807.749999999998)	(53.0, 2237.8333333333308)	(54.0, 2844.0833333333367)	(55.0, 1988.833333333331)	(56.0, 1010.3333333333344)	(57.0, 534.8333333333331)	(58.0, 440.16666666666583)	(59.0, 319.2499999999999)	(60.0, 708.3333333333339)	(61.0, 399.8333333333333)	(62.0, 97.91666666666667)	(63.0, 44.166666666666664)	(64.0, 42.916666666666664)	(65.0, 26.583333333333332)	(66.0, 153.5)	(67.0, 279.0)	(68.0, 26.25)	(69.0, 4.5)	(70.0, 1.5)	(71.0, 0.5)	(72.0, 0.25)	(73.0, 0.0)	(74.0, 0.0)	(75.0, 0.0)	(76.0, 0.0)	(77.0, 0.0)	(78.0, 0.25)	(79.0, 0.0)	(80.0, 0.0)	(81.0, 0.0)	(82.0, 0.0)	(83.0, 0.0)	(84.0, 0.0)	(85.0, 0.0)	(86.0, 0.0)	(87.0, 0.0)	(88.0, 0.0)	(89.0, 0.0)	(90.0, 0.0)	(91.0, 0.0)	(92.0, 0.0)	(93.0, 0.0)	(94.0, 0.0)	(95.0, 0.0)	(96.0, 0.0)	(97.0, 0.0)	(98.0, 0.0)	(99.0, 0.0)	(100.0, 0.0)
615A0_S37_L001_R2_001	(0.0, 4.0)	(1.0, 2.0)	(2.0, 0.0)	(3.0, 0.0)	(4.0, 0.0)	(5.0, 0.0)	(6.0, 0.0)	(7.0, 0.0)	(8.0, 0.0)	(9.0, 0.0)	(10.0, 0.0)	(11.0, 0.0)	(12.0, 0.0)	(13.0, 0.0)	(14.0, 0.0)	(15.0, 0.0)	(16.0, 0.0)	(17.0, 0.0)	(18.0, 0.0)	(19.0, 0.0)	(20.0, 0.0)	(21.0, 0.0)	(22.0, 0.0)	(23.0, 0.0)	(24.0, 0.0)	(25.0, 0.0)	(26.0, 0.0)	(27.0, 0.0)	(28.0, 0.0)	(29.0, 0.0)	(30.0, 0.0)	(31.0, 0.25)	(32.0, 0.0)	(33.0, 0.25)	(34.0, 0.5)	(35.0, 0.0)	(36.0, 0.25)	(37.0, 0.5)	(38.0, 0.0)	(39.0, 0.0)	(40.0, 0.3333333333333333)	(41.0, 0.5833333333333333)	(42.0, 1.75)	(43.0, 0.5)	(44.0, 1.25)	(45.0, 3.25)	(46.0, 14.0)	(47.0, 33.916666666666664)	(48.0, 116.49999999999997)	(49.0, 145.74999999999991)	(50.0, 207.6666666666671)	(51.0, 569.1666666666656)	(52.0, 1961.2499999999902)	(53.0, 2850.5000000000055)	(54.0, 2776.5000000000027)	(55.0, 1948.9999999999986)	(56.0, 914.1666666666669)	(57.0, 445.6666666666666)	(58.0, 533.9999999999999)	(59.0, 555.4999999999999)	(60.0, 280.41666666666674)	(61.0, 105.24999999999999)	(62.0, 57.833333333333336)	(63.0, 43.583333333333336)	(64.0, 51.666666666666664)	(65.0, 60.75)	(66.0, 59.66666666666668)	(67.0, 110.75)	(68.0, 170.5)	(69.0, 125.25)	(70.0, 60.75)	(71.0, 18.25)	(72.0, 7.25)	(73.0, 3.25)	(74.0, 1.5)	(75.0, 2.75)	(76.0, 1.75)	(77.0, 1.5)	(78.0, 0.75)	(79.0, 0.75)	(80.0, 1.3333333333333333)	(81.0, 0.8333333333333333)	(82.0, 0.5)	(83.0, 0.75)	(84.0, 1.0)	(85.0, 0.5)	(86.0, 0.25)	(87.0, 0.25)	(88.0, 0.25)	(89.0, 0.25)	(90.0, 0.0)	(91.0, 0.0)	(92.0, 0.25)	(93.0, 0.0)	(94.0, 0.25)	(95.0, 0.0)	(96.0, 0.0)	(97.0, 0.0)	(98.0, 0.0)	(99.0, 0.25)	(100.0, 0.3333333333333333)
615A14_S38_L001_R1_001	(0.0, 2.0)	(1.0, 1.0)	(2.0, 0.0)	(3.0, 0.0)	(4.0, 0.0)	(5.0, 0.0)	(6.0, 0.0)	(7.0, 0.0)	(8.0, 0.0)	(9.0, 0.0)	(10.0, 0.0)	(11.0, 0.0)	(12.0, 0.0)	(13.0, 0.0)	(14.0, 0.0)	(15.0, 0.0)	(16.0, 0.0)	(17.0, 0.0)	(18.0, 0.0)	(19.0, 0.0)	(20.0, 0.0)	(21.0, 0.0)	(22.0, 0.0)	(23.0, 0.0)	(24.0, 0.0)	(25.0, 0.0)	(26.0, 0.0)	(27.0, 0.0)	(28.0, 0.0)	(29.0, 0.0)	(30.0, 0.0)	(31.0, 0.0)	(32.0, 0.0)	(33.0, 0.0)	(34.0, 0.0)	(35.0, 0.25)	(36.0, 0.0)	(37.0, 0.0)	(38.0, 0.0)	(39.0, 0.0)	(40.0, 0.0)	(41.0, 0.75)	(42.0, 1.25)	(43.0, 1.0)	(44.0, 0.75)	(45.0, 1.25)	(46.0, 2.833333333333333)	(47.0, 3.833333333333333)	(48.0, 13.75)	(49.0, 24.416666666666664)	(50.0, 175.66666666666663)	(51.0, 575.4999999999999)	(52.0, 964.916666666668)	(53.0, 1815.9166666666654)	(54.0, 2343.0833333333326)	(55.0, 1475.0833333333323)	(56.0, 821.8333333333343)	(57.0, 561.5833333333331)	(58.0, 454.3333333333319)	(59.0, 381.08333333333263)	(60.0, 736.2500000000003)	(61.0, 492.33333333333314)	(62.0, 237.33333333333334)	(63.0, 110.99999999999999)	(64.0, 104.58333333333333)	(65.0, 82.75)	(66.0, 288.5)	(67.0, 458.25)	(68.0, 48.5)	(69.0, 5.75)	(70.0, 1.75)	(71.0, 0.5)	(72.0, 0.25)	(73.0, 0.5)	(74.0, 0.0)	(75.0, 0.0)	(76.0, 0.0)	(77.0, 0.0)	(78.0, 0.0)	(79.0, 0.0)	(80.0, 0.0)	(81.0, 0.0)	(82.0, 0.0)	(83.0, 0.0)	(84.0, 0.0)	(85.0, 0.0)	(86.0, 0.0)	(87.0, 0.0)	(88.0, 0.0)	(89.0, 0.0)	(90.0, 0.0)	(91.0, 0.0)	(92.0, 0.0)	(93.0, 0.0)	(94.0, 0.0)	(95.0, 0.0)	(96.0, 0.0)	(97.0, 0.0)	(98.0, 0.0)	(99.0, 0.0)	(100.0, 0.0)
615A14_S38_L001_R2_001	(0.0, 2.0)	(1.0, 1.0)	(2.0, 0.0)	(3.0, 0.0)	(4.0, 0.0)	(5.0, 0.0)	(6.0, 0.0)	(7.0, 0.0)	(8.0, 0.0)	(9.0, 0.0)	(10.0, 0.0)	(11.0, 0.0)	(12.0, 0.0)	(13.0, 0.0)	(14.0, 0.0)	(15.0, 0.0)	(16.0, 0.0)	(17.0, 0.0)	(18.0, 0.0)	(19.0, 0.0)	(20.0, 0.0)	(21.0, 0.0)	(22.0, 0.0)	(23.0, 0.0)	(24.0, 0.0)	(25.0, 0.0)	(26.0, 0.0)	(27.0, 0.0)	(28.0, 0.0)	(29.0, 0.0)	(30.0, 0.0)	(31.0, 0.0)	(32.0, 0.0)	(33.0, 0.0)	(34.0, 0.3333333333333333)	(35.0, 0.3333333333333333)	(36.0, 0.0)	(37.0, 0.0)	(38.0, 0.25)	(39.0, 0.25)	(40.0, 0.0)	(41.0, 0.75)	(42.0, 1.25)	(43.0, 1.8333333333333333)	(44.0, 1.25)	(45.0, 3.0)	(46.0, 4.916666666666666)	(47.0, 7.0)	(48.0, 18.666666666666668)	(49.0, 30.249999999999993)	(50.0, 80.24999999999996)	(51.0, 291.91666666666674)	(52.0, 1121.333333333334)	(53.0, 2403.833333333332)	(54.0, 2526.0833333333335)	(55.0, 1420.0)	(56.0, 662.5)	(57.0, 363.9166666666667)	(58.0, 606.2499999999999)	(59.0, 575.4999999999999)	(60.0, 249.25000000000003)	(61.0, 105.83333333333333)	(62.0, 78.91666666666666)	(63.0, 81.66666666666667)	(64.0, 103.33333333333331)	(65.0, 108.99999999999996)	(66.0, 153.50000000000003)	(67.0, 364.9166666666667)	(68.0, 357.5)	(69.0, 158.0)	(70.0, 51.83333333333333)	(71.0, 12.833333333333332)	(72.0, 6.5)	(73.0, 3.0)	(74.0, 4.5)	(75.0, 3.25)	(76.0, 1.5)	(77.0, 1.75)	(78.0, 1.0)	(79.0, 0.5)	(80.0, 0.5)	(81.0, 1.25)	(82.0, 0.75)	(83.0, 1.25)	(84.0, 0.25)	(85.0, 1.0)	(86.0, 0.5)	(87.0, 0.75)	(88.0, 0.75)	(89.0, 0.25)	(90.0, 0.0)	(91.0, 0.25)	(92.0, 0.0)	(93.0, 0.0)	(94.0, 0.25)	(95.0, 0.25)	(96.0, 0.0)	(97.0, 0.25)	(98.0, 0.0)	(99.0, 0.0)	(100.0, 0.3333333333333333)
615B0_S39_L001_R1_001	(0.0, 0.0)	(1.0, 0.0)	(2.0, 0.0)	(3.0, 0.0)	(4.0, 0.0)	(5.0, 0.0)	(6.0, 0.0)	(7.0, 0.0)	(8.0, 0.0)	(9.0, 0.0)	(10.0, 0.0)	(11.0, 0.0)	(12.0, 0.0)	(13.0, 0.0)	(14.0, 0.0)	(15.0, 0.0)	(16.0, 0.0)	(17.0, 0.0)	(18.0, 0.0)	(19.0, 0.0)	(20.0, 0.0)	(21.0, 0.0)	(22.0, 0.0)	(23.0, 0.0)	(24.0, 0.0)	(25.0, 0.0)	(26.0, 0.0)	(27.0, 0.0)	(28.0, 0.0)	(29.0, 0.0)	(30.0, 0.0)	(31.0, 0.0)	(32.0, 0.0)	(33.0, 0.0)	(34.0, 0.0)	(35.0, 0.0)	(36.0, 0.0)	(37.0, 0.0)	(38.0, 0.0)	(39.0, 0.0)	(40.0, 0.25)	(41.0, 0.75)	(42.0, 1.0)	(43.0, 1.0)	(44.0, 0.5)	(45.0, 0.5)	(46.0, 1.5)	(47.0, 4.5)	(48.0, 21.083333333333332)	(49.0, 14.166666666666666)	(50.0, 61.66666666666667)	(51.0, 311.0833333333333)	(52.0, 699.2500000000003)	(53.0, 1388.2499999999995)	(54.0, 1934.833333333332)	(55.0, 1455.5833333333323)	(56.0, 995.0833333333343)	(57.0, 755.5833333333336)	(58.0, 548.8333333333326)	(59.0, 478.8333333333318)	(60.0, 1768.08333333333)	(61.0, 1024.0000000000005)	(62.0, 156.91666666666666)	(63.0, 61.416666666666664)	(64.0, 52.33333333333333)	(65.0, 26.0)	(66.0, 68.5)	(67.0, 116.5)	(68.0, 14.5)	(69.0, 1.5)	(70.0, 0.5)	(71.0, 0.25)	(72.0, 0.0)	(73.0, 0.0)	(74.0, 0.5)	(75.0, 0.25)	(76.0, 0.0)	(77.0, 0.0)	(78.0, 0.0)	(79.0, 0.0)	(80.0, 0.0)	(81.0, 0.0)	(82.0, 0.0)	(83.0, 0.0)	(84.0, 0.0)	(85.0, 0.0)	(86.0, 0.0)	(87.0, 0.0)	(88.0, 0.0)	(89.0, 0.0)	(90.0, 0.0)	(91.0, 0.0)	(92.0, 0.0)	(93.0, 0.0)	(94.0, 0.0)	(95.0, 0.0)	(96.0, 0.0)	(97.0, 0.0)	(98.0, 0.0)	(99.0, 0.0)	(100.0, 0.0)
615B0_S39_L001_R2_001	(0.0, 0.0)	(1.0, 0.0)	(2.0, 0.0)	(3.0, 0.0)	(4.0, 0.0)	(5.0, 0.0)	(6.0, 0.0)	(7.0, 0.0)	(8.0, 0.0)	(9.0, 0.0)	(10.0, 0.0)	(11.0, 0.0)	(12.0, 0.0)	(13.0, 0.0)	(14.0, 0.0)	(15.0, 0.0)	(16.0, 0.0)	(17.0, 0.0)	(18.0, 0.0)	(19.0, 0.0)	(20.0, 0.0)	(21.0, 0.0)	(22.0, 0.0)	(23.0, 0.0)	(24.0, 0.0)	(25.0, 0.0)	(26.0, 0.0)	(27.0, 0.0)	(28.0, 0.0)	(29.0, 0.0)	(30.0, 0.0)	(31.0, 0.0)	(32.0, 0.0)	(33.0, 0.0)	(34.0, 0.0)	(35.0, 0.0)	(36.0, 0.0)	(37.0, 0.0)	(38.0, 0.0)	(39.0, 0.25)	(40.0, 1.0)	(41.0, 0.75)	(42.0, 1.25)	(43.0, 1.3333333333333333)	(44.0, 1.6666666666666665)	(45.0, 1.0833333333333333)	(46.0, 2.0)	(47.0, 11.25)	(48.0, 23.833333333333336)	(49.0, 39.666666666666664)	(50.0, 65.16666666666673)	(51.0, 241.58333333333363)	(52.0, 937.7500000000024)	(53.0, 1703.666666666662)	(54.0, 2053.333333333327)	(55.0, 1447.2499999999995)	(56.0, 744.0)	(57.0, 529.9166666666666)	(58.0, 1442.666666666666)	(59.0, 1386.083333333333)	(60.0, 461.8333333333332)	(61.0, 137.58333333333331)	(62.0, 62.083333333333336)	(63.0, 47.58333333333333)	(64.0, 47.25)	(65.0, 46.583333333333336)	(66.0, 47.666666666666664)	(67.0, 84.5)	(68.0, 89.0)	(69.0, 48.75)	(70.0, 14.5)	(71.0, 6.333333333333334)	(72.0, 4.583333333333334)	(73.0, 4.916666666666666)	(74.0, 4.916666666666666)	(75.0, 3.0)	(76.0, 2.0)	(77.0, 1.25)	(78.0, 2.25)	(79.0, 1.5)	(80.0, 0.75)	(81.0, 0.5)	(82.0, 0.5)	(83.0, 0.0)	(84.0, 0.25)	(85.0, 0.0)	(86.0, 0.0)	(87.0, 0.25)	(88.0, 0.25)	(89.0, 0.25)	(90.0, 0.5)	(91.0, 0.0)	(92.0, 0.0)	(93.0, 0.0)	(94.0, 0.0)	(95.0, 0.0)	(96.0, 0.0)	(97.0, 0.0)	(98.0, 0.25)	(99.0, 0.0)	(100.0, 0.0)
615B14_S40_L001_R1_001	(0.0, 3.0)	(1.0, 1.5)	(2.0, 0.0)	(3.0, 0.0)	(4.0, 0.0)	(5.0, 0.0)	(6.0, 0.0)	(7.0, 0.0)	(8.0, 0.0)	(9.0, 0.0)	(10.0, 0.0)	(11.0, 0.0)	(12.0, 0.0)	(13.0, 0.0)	(14.0, 0.0)	(15.0, 0.0)	(16.0, 0.0)	(17.0, 0.0)	(18.0, 0.0)	(19.0, 0.0)	(20.0, 0.0)	(21.0, 0.0)	(22.0, 0.0)	(23.0, 0.0)	(24.0, 0.0)	(25.0, 0.0)	(26.0, 0.0)	(27.0, 0.0)	(28.0, 0.0)	(29.0, 0.0)	(30.0, 0.0)	(31.0, 0.0)	(32.0, 0.0)	(33.0, 0.0)	(34.0, 0.0)	(35.0, 0.0)	(36.0, 0.0)	(37.0, 0.0)	(38.0, 0.3333333333333333)	(39.0, 0.0)	(40.0, 0.5833333333333333)	(41.0, 0.3333333333333333)	(42.0, 1.25)	(43.0, 2.5)	(44.0, 2.583333333333333)	(45.0, 4.0)	(46.0, 4.166666666666666)	(47.0, 4.0)	(48.0, 2.75)	(49.0, 3.0)	(50.0, 10.083333333333332)	(51.0, 41.416666666666664)	(52.0, 59.333333333333336)	(53.0, 457.4166666666666)	(54.0, 1108.0833333333333)	(55.0, 780.4166666666666)	(56.0, 137.5)	(57.0, 38.666666666666664)	(58.0, 28.833333333333314)	(59.0, 58.16666666666673)	(60.0, 163.41666666666669)	(61.0, 83.83333333333334)	(62.0, 10.0)	(63.0, 3.75)	(64.0, 5.75)	(65.0, 1.75)	(66.0, 4.75)	(67.0, 9.0)	(68.0, 1.25)	(69.0, 0.0)	(70.0, 0.0)	(71.0, 0.0)	(72.0, 0.0)	(73.0, 0.0)	(74.0, 0.0)	(75.0, 0.0)	(76.0, 0.0)	(77.0, 0.0)	(78.0, 0.0)	(79.0, 0.0)	(80.0, 0.0)	(81.0, 0.0)	(82.0, 0.0)	(83.0, 0.0)	(84.0, 0.0)	(85.0, 0.0)	(86.0, 0.0)	(87.0, 0.0)	(88.0, 0.0)	(89.0, 0.0)	(90.0, 0.0)	(91.0, 0.0)	(92.0, 0.0)	(93.0, 0.0)	(94.0, 0.0)	(95.0, 0.0)	(96.0, 0.0)	(97.0, 0.0)	(98.0, 0.0)	(99.0, 0.0)	(100.0, 0.0)
615B14_S40_L001_R2_001	(0.0, 3.0)	(1.0, 1.5)	(2.0, 0.0)	(3.0, 0.0)	(4.0, 0.0)	(5.0, 0.0)	(6.0, 0.0)	(7.0, 0.0)	(8.0, 0.0)	(9.0, 0.0)	(10.0, 0.0)	(11.0, 0.0)	(12.0, 0.0)	(13.0, 0.0)	(14.0, 0.0)	(15.0, 0.0)	(16.0, 0.0)	(17.0, 0.0)	(18.0, 0.0)	(19.0, 0.0)	(20.0, 0.0)	(21.0, 0.0)	(22.0, 0.0)	(23.0, 0.0)	(24.0, 0.0)	(25.0, 0.0)	(26.0, 0.0)	(27.0, 0.0)	(28.0, 0.0)	(29.0, 0.0)	(30.0, 0.0)	(31.0, 0.0)	(32.0, 0.25)	(33.0, 0.0)	(34.0, 0.0)	(35.0, 0.0)	(36.0, 0.0)	(37.0, 0.0)	(38.0, 0.3333333333333333)	(39.0, 0.3333333333333333)	(40.0, 1.0)	(41.0, 1.0)	(42.0, 0.25)	(43.0, 0.75)	(44.0, 2.6666666666666665)	(45.0, 3.4166666666666665)	(46.0, 4.416666666666666)	(47.0, 4.749999999999999)	(48.0, 5.333333333333333)	(49.0, 23.583333333333318)	(50.0, 71.08333333333339)	(51.0, 159.4166666666667)	(52.0, 446.5833333333324)	(53.0, 611.7499999999995)	(54.0, 526.1666666666663)	(55.0, 534.4166666666666)	(56.0, 186.41666666666666)	(57.0, 68.75)	(58.0, 122.41666666666667)	(59.0, 124.24999999999999)	(60.0, 56.75)	(61.0, 19.0)	(62.0, 12.0)	(63.0, 7.5)	(64.0, 6.833333333333333)	(65.0, 3.8333333333333335)	(66.0, 3.25)	(67.0, 4.75)	(68.0, 5.5)	(69.0, 3.5)	(70.0, 1.25)	(71.0, 1.0)	(72.0, 1.25)	(73.0, 0.5)	(74.0, 0.5)	(75.0, 0.0)	(76.0, 0.0)	(77.0, 0.25)	(78.0, 0.0)	(79.0, 0.25)	(80.0, 0.0)	(81.0, 0.0)	(82.0, 0.0)	(83.0, 0.0)	(84.0, 0.0)	(85.0, 0.0)	(86.0, 0.0)	(87.0, 0.25)	(88.0, 0.0)	(89.0, 0.0)	(90.0, 0.0)	(91.0, 0.0)	(92.0, 0.0)	(93.0, 0.0)	(94.0, 0.0)	(95.0, 0.25)	(96.0, 0.0)	(97.0, 0.0)	(98.0, 0.0)	(99.0, 0.0)	(100.0, 0.0)
621A0_S57_L001_R1_001	(0.0, 1.0)	(1.0, 0.5)	(2.0, 0.0)	(3.0, 0.0)	(4.0, 0.0)	(5.0, 0.0)	(6.0, 0.0)	(7.0, 0.0)	(8.0, 0.0)	(9.0, 0.0)	(10.0, 0.0)	(11.0, 0.0)	(12.0, 0.0)	(13.0, 0.0)	(14.0, 0.0)	(15.0, 0.0)	(16.0, 0.0)	(17.0, 0.0)	(18.0, 0.0)	(19.0, 0.0)	(20.0, 0.0)	(21.0, 0.0)	(22.0, 0.0)	(23.0, 0.0)	(24.0, 0.0)	(25.0, 0.0)	(26.0, 0.0)	(27.0, 0.0)	(28.0, 0.0)	(29.0, 0.0)	(30.0, 0.0)	(31.0, 0.0)	(32.0, 0.0)	(33.0, 0.0)	(34.0, 0.0)	(35.0, 0.0)	(36.0, 0.0)	(37.0, 0.0)	(38.0, 0.3333333333333333)	(39.0, 0.0)	(40.0, 0.25)	(41.0, 0.0)	(42.0, 0.0)	(43.0, 0.5)	(44.0, 1.0)	(45.0, 2.0)	(46.0, 4.5)	(47.0, 6.25)	(48.0, 23.75)	(49.0, 47.0)	(50.0, 198.41666666666669)	(51.0, 297.75000000000006)	(52.0, 584.25)	(53.0, 1552.0833333333333)	(54.0, 1557.583333333333)	(55.0, 953.3333333333342)	(56.0, 503.33333333333275)	(57.0, 468.2499999999995)	(58.0, 779.7500000000115)	(59.0, 2804.75000000012)	(60.0, 2623.0000000000337)	(61.0, 469.5833333333326)	(62.0, 121.41666666666666)	(63.0, 53.75)	(64.0, 36.166666666666664)	(65.0, 23.083333333333336)	(66.0, 40.0)	(67.0, 67.0)	(68.0, 8.0)	(69.0, 1.5)	(70.0, 0.75)	(71.0, 0.25)	(72.0, 0.0)	(73.0, 0.0)	(74.0, 0.0)	(75.0, 0.0)	(76.0, 0.0)	(77.0, 0.25)	(78.0, 0.0)	(79.0, 0.0)	(80.0, 0.0)	(81.0, 0.0)	(82.0, 0.0)	(83.0, 0.0)	(84.0, 0.0)	(85.0, 0.0)	(86.0, 0.0)	(87.0, 0.0)	(88.0, 0.0)	(89.0, 0.0)	(90.0, 0.0)	(91.0, 0.0)	(92.0, 0.0)	(93.0, 0.0)	(94.0, 0.0)	(95.0, 0.0)	(96.0, 0.0)	(97.0, 0.0)	(98.0, 0.0)	(99.0, 0.0)	(100.0, 0.0)
621A0_S57_L001_R2_001	(0.0, 1.0)	(1.0, 0.5)	(2.0, 0.0)	(3.0, 0.0)	(4.0, 0.0)	(5.0, 0.0)	(6.0, 0.0)	(7.0, 0.0)	(8.0, 0.0)	(9.0, 0.0)	(10.0, 0.0)	(11.0, 0.0)	(12.0, 0.0)	(13.0, 0.0)	(14.0, 0.0)	(15.0, 0.0)	(16.0, 0.0)	(17.0, 0.0)	(18.0, 0.0)	(19.0, 0.0)	(20.0, 0.0)	(21.0, 0.0)	(22.0, 0.0)	(23.0, 0.0)	(24.0, 0.0)	(25.0, 0.0)	(26.0, 0.0)	(27.0, 0.0)	(28.0, 0.0)	(29.0, 0.0)	(30.0, 0.0)	(31.0, 0.0)	(32.0, 0.0)	(33.0, 0.0)	(34.0, 0.5)	(35.0, 0.5)	(36.0, 0.0)	(37.0, 0.0)	(38.0, 0.0)	(39.0, 0.0)	(40.0, 0.25)	(41.0, 0.25)	(42.0, 0.25)	(43.0, 0.75)	(44.0, 2.0833333333333335)	(45.0, 3.333333333333333)	(46.0, 4.333333333333333)	(47.0, 7.25)	(48.0, 40.833333333333336)	(49.0, 68.91666666666667)	(50.0, 111.74999999999989)	(51.0, 496.6666666666659)	(52.0, 1052.4166666666688)	(53.0, 1626.166666666665)	(54.0, 1615.9166666666654)	(55.0, 811.1666666666669)	(56.0, 360.25)	(57.0, 953.6666666666674)	(58.0, 2751.833333333335)	(59.0, 1536.499999999999)	(60.0, 408.9166666666667)	(61.0, 141.75000000000003)	(62.0, 67.5)	(63.0, 44.5)	(64.0, 38.333333333333336)	(65.0, 37.75)	(66.0, 39.33333333333333)	(67.0, 54.5)	(68.0, 65.5)	(69.0, 31.5)	(70.0, 9.0)	(71.0, 3.75)	(72.0, 3.25)	(73.0, 3.25)	(74.0, 2.5)	(75.0, 2.75)	(76.0, 3.0)	(77.0, 2.5)	(78.0, 1.5)	(79.0, 1.25)	(80.0, 0.75)	(81.0, 0.5)	(82.0, 1.0)	(83.0, 0.5)	(84.0, 0.75)	(85.0, 0.75)	(86.0, 0.25)	(87.0, 0.25)	(88.0, 0.0)	(89.0, 0.0)	(90.0, 0.0)	(91.0, 0.25)	(92.0, 0.0)	(93.0, 0.25)	(94.0, 0.25)	(95.0, 0.25)	(96.0, 0.0)	(97.0, 0.25)	(98.0, 0.0)	(99.0, 0.0)	(100.0, 0.0)
621A14_S58_L001_R1_001	(0.0, 1.0)	(1.0, 0.5)	(2.0, 0.0)	(3.0, 0.0)	(4.0, 0.0)	(5.0, 0.0)	(6.0, 0.0)	(7.0, 0.0)	(8.0, 0.0)	(9.0, 0.0)	(10.0, 0.0)	(11.0, 0.0)	(12.0, 0.0)	(13.0, 0.0)	(14.0, 0.0)	(15.0, 0.0)	(16.0, 0.0)	(17.0, 0.0)	(18.0, 0.0)	(19.0, 0.0)	(20.0, 0.0)	(21.0, 0.0)	(22.0, 0.0)	(23.0, 0.0)	(24.0, 0.0)	(25.0, 0.0)	(26.0, 0.0)	(27.0, 0.0)	(28.0, 0.0)	(29.0, 0.0)	(30.0, 0.0)	(31.0, 0.0)	(32.0, 0.0)	(33.0, 0.0)	(34.0, 0.0)	(35.0, 0.0)	(36.0, 0.0)	(37.0, 0.0)	(38.0, 0.0)	(39.0, 0.0)	(40.0, 0.0)	(41.0, 0.25)	(42.0, 0.0)	(43.0, 0.25)	(44.0, 0.75)	(45.0, 1.0)	(46.0, 15.0)	(47.0, 80.25)	(48.0, 226.08333333333334)	(49.0, 347.66666666666663)	(50.0, 619.0833333333334)	(51.0, 1311.583333333333)	(52.0, 1728.8333333333328)	(53.0, 1713.5833333333328)	(54.0, 1749.1666666666658)	(55.0, 1227.5)	(56.0, 451.9166666666665)	(57.0, 278.41666666666686)	(58.0, 356.08333333333184)	(59.0, 626.5000000000009)	(60.0, 493.33333333332837)	(61.0, 86.41666666666661)	(62.0, 24.583333333333332)	(63.0, 15.083333333333334)	(64.0, 6.25)	(65.0, 2.75)	(66.0, 9.25)	(67.0, 15.75)	(68.0, 1.25)	(69.0, 0.25)	(70.0, 0.0)	(71.0, 0.0)	(72.0, 0.25)	(73.0, 0.0)	(74.0, 0.0)	(75.0, 0.0)	(76.0, 0.0)	(77.0, 0.0)	(78.0, 0.0)	(79.0, 0.0)	(80.0, 0.0)	(81.0, 0.0)	(82.0, 0.0)	(83.0, 0.0)	(84.0, 0.0)	(85.0, 0.0)	(86.0, 0.0)	(87.0, 0.0)	(88.0, 0.0)	(89.0, 0.0)	(90.0, 0.0)	(91.0, 0.0)	(92.0, 0.0)	(93.0, 0.0)	(94.0, 0.0)	(95.0, 0.0)	(96.0, 0.0)	(97.0, 0.0)	(98.0, 0.0)	(99.0, 0.0)	(100.0, 0.0)
621A14_S58_L001_R2_001	(0.0, 1.0)	(1.0, 0.5)	(2.0, 0.0)	(3.0, 0.0)	(4.0, 0.0)	(5.0, 0.0)	(6.0, 0.0)	(7.0, 0.0)	(8.0, 0.0)	(9.0, 0.0)	(10.0, 0.0)	(11.0, 0.0)	(12.0, 0.0)	(13.0, 0.0)	(14.0, 0.0)	(15.0, 0.0)	(16.0, 0.0)	(17.0, 0.0)	(18.0, 0.0)	(19.0, 0.0)	(20.0, 0.0)	(21.0, 0.0)	(22.0, 0.0)	(23.0, 0.0)	(24.0, 0.0)	(25.0, 0.0)	(26.0, 0.0)	(27.0, 0.0)	(28.0, 0.0)	(29.0, 0.25)	(30.0, 0.0)	(31.0, 0.0)	(32.0, 0.0)	(33.0, 0.0)	(34.0, 0.0)	(35.0, 0.0)	(36.0, 0.0)	(37.0, 0.0)	(38.0, 0.0)	(39.0, 0.25)	(40.0, 0.5)	(41.0, 0.75)	(42.0, 0.75)	(43.0, 1.0)	(44.0, 2.5)	(45.0, 4.333333333333333)	(46.0, 11.000000000000002)	(47.0, 56.58333333333335)	(48.0, 356.3333333333332)	(49.0, 562.8333333333333)	(50.0, 339.6666666666663)	(51.0, 512.666666666665)	(52.0, 1680.5833333333278)	(53.0, 2638.916666666669)	(54.0, 2015.0833333333317)	(55.0, 1105.083333333333)	(56.0, 401.3333333333333)	(57.0, 297.08333333333337)	(58.0, 564.9166666666665)	(59.0, 316.50000000000006)	(60.0, 96.49999999999999)	(61.0, 35.666666666666664)	(62.0, 23.5)	(63.0, 14.666666666666668)	(64.0, 14.166666666666668)	(65.0, 15.083333333333334)	(66.0, 12.25)	(67.0, 14.333333333333334)	(68.0, 12.25)	(69.0, 8.25)	(70.0, 3.5)	(71.0, 2.75)	(72.0, 2.0)	(73.0, 1.25)	(74.0, 2.0)	(75.0, 1.25)	(76.0, 0.25)	(77.0, 1.0)	(78.0, 0.75)	(79.0, 0.5)	(80.0, 0.5)	(81.0, 0.75)	(82.0, 0.5)	(83.0, 0.25)	(84.0, 0.25)	(85.0, 0.0)	(86.0, 0.25)	(87.0, 0.25)	(88.0, 0.75)	(89.0, 0.75)	(90.0, 0.25)	(91.0, 0.25)	(92.0, 0.25)	(93.0, 0.0)	(94.0, 0.0)	(95.0, 0.0)	(96.0, 0.5)	(97.0, 0.25)	(98.0, 0.25)	(99.0, 0.0)	(100.0, 0.0)
621B0_S59_L001_R1_001	(0.0, 1.0)	(1.0, 0.5)	(2.0, 0.0)	(3.0, 0.0)	(4.0, 0.0)	(5.0, 0.0)	(6.0, 0.0)	(7.0, 0.0)	(8.0, 0.0)	(9.0, 0.0)	(10.0, 0.0)	(11.0, 0.0)	(12.0, 0.0)	(13.0, 0.0)	(14.0, 0.0)	(15.0, 0.0)	(16.0, 0.0)	(17.0, 0.0)	(18.0, 0.0)	(19.0, 0.0)	(20.0, 0.0)	(21.0, 0.0)	(22.0, 0.0)	(23.0, 0.0)	(24.0, 0.0)	(25.0, 0.0)	(26.0, 0.0)	(27.0, 0.0)	(28.0, 0.0)	(29.0, 0.0)	(30.0, 0.0)	(31.0, 0.25)	(32.0, 0.0)	(33.0, 0.0)	(34.0, 0.0)	(35.0, 0.0)	(36.0, 0.0)	(37.0, 0.0)	(38.0, 0.5)	(39.0, 1.0)	(40.0, 0.75)	(41.0, 0.5)	(42.0, 0.25)	(43.0, 0.0)	(44.0, 0.0)	(45.0, 0.75)	(46.0, 10.5)	(47.0, 24.25)	(48.0, 115.25)	(49.0, 212.0)	(50.0, 382.08333333333326)	(51.0, 1329.8333333333333)	(52.0, 2154.6666666666642)	(53.0, 1889.4999999999968)	(54.0, 1512.416666666666)	(55.0, 939.2500000000005)	(56.0, 400.91666666666646)	(57.0, 294.1666666666668)	(58.0, 516.083333333329)	(59.0, 751.0833333333452)	(60.0, 623.2500000000022)	(61.0, 119.16666666666657)	(62.0, 28.249999999999996)	(63.0, 9.416666666666666)	(64.0, 7.083333333333333)	(65.0, 4.0)	(66.0, 9.75)	(67.0, 17.25)	(68.0, 2.0)	(69.0, 0.0)	(70.0, 0.0)	(71.0, 0.0)	(72.0, 0.25)	(73.0, 0.0)	(74.0, 0.0)	(75.0, 0.0)	(76.0, 0.0)	(77.0, 0.0)	(78.0, 0.0)	(79.0, 0.0)	(80.0, 0.0)	(81.0, 0.0)	(82.0, 0.0)	(83.0, 0.0)	(84.0, 0.0)	(85.0, 0.0)	(86.0, 0.0)	(87.0, 0.0)	(88.0, 0.0)	(89.0, 0.0)	(90.0, 0.0)	(91.0, 0.0)	(92.0, 0.0)	(93.0, 0.0)	(94.0, 0.0)	(95.0, 0.0)	(96.0, 0.0)	(97.0, 0.0)	(98.0, 0.0)	(99.0, 0.0)	(100.0, 0.0)
621B0_S59_L001_R2_001	(0.0, 1.0)	(1.0, 0.5)	(2.0, 0.0)	(3.0, 0.0)	(4.0, 0.0)	(5.0, 0.0)	(6.0, 0.0)	(7.0, 0.0)	(8.0, 0.0)	(9.0, 0.0)	(10.0, 0.0)	(11.0, 0.0)	(12.0, 0.0)	(13.0, 0.0)	(14.0, 0.0)	(15.0, 0.0)	(16.0, 0.0)	(17.0, 0.0)	(18.0, 0.0)	(19.0, 0.0)	(20.0, 0.0)	(21.0, 0.0)	(22.0, 0.0)	(23.0, 0.0)	(24.0, 0.0)	(25.0, 0.0)	(26.0, 0.0)	(27.0, 0.0)	(28.0, 0.25)	(29.0, 0.25)	(30.0, 0.3333333333333333)	(31.0, 0.3333333333333333)	(32.0, 0.0)	(33.0, 0.75)	(34.0, 0.5)	(35.0, 0.0)	(36.0, 0.0)	(37.0, 0.0)	(38.0, 0.25)	(39.0, 0.5)	(40.0, 0.75)	(41.0, 0.25)	(42.0, 0.5)	(43.0, 0.75)	(44.0, 2.25)	(45.0, 1.9166666666666665)	(46.0, 6.416666666666665)	(47.0, 28.33333333333332)	(48.0, 154.41666666666669)	(49.0, 275.33333333333337)	(50.0, 261.83333333333354)	(51.0, 532.0833333333321)	(52.0, 1984.333333333324)	(53.0, 2783.3333333333367)	(54.0, 1940.0833333333312)	(55.0, 982.6666666666667)	(56.0, 394.83333333333337)	(57.0, 329.16666666666663)	(58.0, 662.5833333333335)	(59.0, 384.33333333333326)	(60.0, 116.49999999999999)	(61.0, 42.416666666666664)	(62.0, 26.583333333333332)	(63.0, 18.333333333333332)	(64.0, 12.333333333333334)	(65.0, 14.333333333333332)	(66.0, 11.666666666666668)	(67.0, 14.583333333333334)	(68.0, 13.5)	(69.0, 10.583333333333334)	(70.0, 4.083333333333333)	(71.0, 1.75)	(72.0, 2.0)	(73.0, 0.75)	(74.0, 2.0)	(75.0, 1.5)	(76.0, 0.75)	(77.0, 0.5)	(78.0, 0.25)	(79.0, 0.25)	(80.0, 0.5)	(81.0, 0.75)	(82.0, 0.25)	(83.0, 0.25)	(84.0, 0.25)	(85.0, 0.0)	(86.0, 0.0)	(87.0, 0.25)	(88.0, 0.0)	(89.0, 0.0)	(90.0, 0.0)	(91.0, 0.0)	(92.0, 0.0)	(93.0, 0.25)	(94.0, 0.25)	(95.0, 0.0)	(96.0, 0.0)	(97.0, 0.0)	(98.0, 0.5)	(99.0, 0.75)	(100.0, 0.0)
621B14_S60_L001_R1_001	(0.0, 0.0)	(1.0, 0.0)	(2.0, 0.0)	(3.0, 0.0)	(4.0, 0.0)	(5.0, 0.0)	(6.0, 0.0)	(7.0, 0.0)	(8.0, 0.0)	(9.0, 0.0)	(10.0, 0.0)	(11.0, 0.0)	(12.0, 0.0)	(13.0, 0.0)	(14.0, 0.0)	(15.0, 0.0)	(16.0, 0.0)	(17.0, 0.0)	(18.0, 0.0)	(19.0, 0.0)	(20.0, 0.0)	(21.0, 0.0)	(22.0, 0.0)	(23.0, 0.0)	(24.0, 0.0)	(25.0, 0.0)	(26.0, 0.0)	(27.0, 0.0)	(28.0, 0.0)	(29.0, 0.0)	(30.0, 0.0)	(31.0, 0.0)	(32.0, 0.0)	(33.0, 0.0)	(34.0, 0.0)	(35.0, 0.0)	(36.0, 0.0)	(37.0, 0.0)	(38.0, 0.0)	(39.0, 0.0)	(40.0, 0.0)	(41.0, 0.0)	(42.0, 0.0)	(43.0, 0.75)	(44.0, 1.0)	(45.0, 0.5)	(46.0, 3.0)	(47.0, 12.0)	(48.0, 17.25)	(49.0, 31.333333333333332)	(50.0, 135.25)	(51.0, 387.16666666666663)	(52.0, 827.5)	(53.0, 1645.083333333333)	(54.0, 1567.1666666666663)	(55.0, 838.5000000000002)	(56.0, 421.91666666666663)	(57.0, 415.41666666666634)	(58.0, 620.7499999999997)	(59.0, 1942.8333333332087)	(60.0, 1785.2499999999484)	(61.0, 324.0833333333331)	(62.0, 82.99999999999999)	(63.0, 43.33333333333333)	(64.0, 30.666666666666664)	(65.0, 15.833333333333332)	(66.0, 38.083333333333336)	(67.0, 59.25)	(68.0, 5.0)	(69.0, 0.5)	(70.0, 0.0)	(71.0, 0.0)	(72.0, 0.0)	(73.0, 0.0)	(74.0, 0.0)	(75.0, 0.0)	(76.0, 0.0)	(77.0, 0.0)	(78.0, 0.0)	(79.0, 0.0)	(80.0, 0.0)	(81.0, 0.0)	(82.0, 0.0)	(83.0, 0.0)	(84.0, 0.0)	(85.0, 0.0)	(86.0, 0.0)	(87.0, 0.0)	(88.0, 0.0)	(89.0, 0.0)	(90.0, 0.0)	(91.0, 0.0)	(92.0, 0.0)	(93.0, 0.0)	(94.0, 0.0)	(95.0, 0.0)	(96.0, 0.0)	(97.0, 0.0)	(98.0, 0.0)	(99.0, 0.0)	(100.0, 0.0)
621B14_S60_L001_R2_001	(0.0, 1.0)	(1.0, 0.5)	(2.0, 0.0)	(3.0, 0.0)	(4.0, 0.0)	(5.0, 0.0)	(6.0, 0.0)	(7.0, 0.0)	(8.0, 0.0)	(9.0, 0.0)	(10.0, 0.0)	(11.0, 0.0)	(12.0, 0.0)	(13.0, 0.0)	(14.0, 0.0)	(15.0, 0.0)	(16.0, 0.0)	(17.0, 0.0)	(18.0, 0.0)	(19.0, 0.0)	(20.0, 0.0)	(21.0, 0.0)	(22.0, 0.0)	(23.0, 0.0)	(24.0, 0.0)	(25.0, 0.0)	(26.0, 0.0)	(27.0, 0.0)	(28.0, 0.0)	(29.0, 0.0)	(30.0, 0.0)	(31.0, 0.0)	(32.0, 0.0)	(33.0, 0.25)	(34.0, 0.0)	(35.0, 0.0)	(36.0, 0.0)	(37.0, 0.0)	(38.0, 0.0)	(39.0, 0.0)	(40.0, 0.3333333333333333)	(41.0, 0.5833333333333333)	(42.0, 0.8333333333333333)	(43.0, 1.5)	(44.0, 2.0833333333333335)	(45.0, 3.5833333333333335)	(46.0, 3.25)	(47.0, 8.5)	(48.0, 36.583333333333336)	(49.0, 62.500000000000036)	(50.0, 119.99999999999986)	(51.0, 543.666666666666)	(52.0, 1298.9166666666665)	(53.0, 1660.666666666665)	(54.0, 1476.6666666666663)	(55.0, 730.7500000000002)	(56.0, 382.99999999999994)	(57.0, 715.7500000000001)	(58.0, 1855.4999999999977)	(59.0, 1062.3333333333342)	(60.0, 307.0833333333333)	(61.0, 96.58333333333333)	(62.0, 49.333333333333336)	(63.0, 34.5)	(64.0, 34.5)	(65.0, 29.166666666666664)	(66.0, 31.083333333333336)	(67.0, 43.25)	(68.0, 45.0)	(69.0, 25.5)	(70.0, 9.333333333333332)	(71.0, 5.0)	(72.0, 4.0)	(73.0, 4.25)	(74.0, 4.0)	(75.0, 1.75)	(76.0, 1.5)	(77.0, 1.25)	(78.0, 0.25)	(79.0, 0.25)	(80.0, 0.75)	(81.0, 0.5)	(82.0, 0.0)	(83.0, 0.25)	(84.0, 0.25)	(85.0, 0.0)	(86.0, 0.25)	(87.0, 0.5)	(88.0, 0.5)	(89.0, 0.25)	(90.0, 0.0)	(91.0, 0.5)	(92.0, 0.75)	(93.0, 0.0)	(94.0, 0.0)	(95.0, 0.25)	(96.0, 0.0)	(97.0, 0.5)	(98.0, 0.75)	(99.0, 0.25)	(100.0, 0.6666666666666666)
622A0_S61_L001_R1_001	(0.0, 1.0)	(1.0, 0.5)	(2.0, 0.0)	(3.0, 0.0)	(4.0, 0.0)	(5.0, 0.0)	(6.0, 0.0)	(7.0, 0.0)	(8.0, 0.0)	(9.0, 0.0)	(10.0, 0.0)	(11.0, 0.0)	(12.0, 0.0)	(13.0, 0.0)	(14.0, 0.0)	(15.0, 0.0)	(16.0, 0.0)	(17.0, 0.0)	(18.0, 0.0)	(19.0, 0.0)	(20.0, 0.0)	(21.0, 0.0)	(22.0, 0.0)	(23.0, 0.0)	(24.0, 0.0)	(25.0, 0.0)	(26.0, 0.0)	(27.0, 0.0)	(28.0, 0.0)	(29.0, 0.0)	(30.0, 0.0)	(31.0, 0.0)	(32.0, 0.0)	(33.0, 0.0)	(34.0, 0.0)	(35.0, 0.25)	(36.0, 0.25)	(37.0, 0.0)	(38.0, 0.0)	(39.0, 0.0)	(40.0, 0.5)	(41.0, 1.5)	(42.0, 2.25)	(43.0, 1.75)	(44.0, 1.5)	(45.0, 1.5)	(46.0, 1.75)	(47.0, 2.0)	(48.0, 5.333333333333334)	(49.0, 15.083333333333334)	(50.0, 138.83333333333331)	(51.0, 1029.5833333333335)	(52.0, 1490.8333333333326)	(53.0, 2568.0833333333335)	(54.0, 3596.3333333333353)	(55.0, 2265.4166666666665)	(56.0, 778.5000000000005)	(57.0, 765.5000000000002)	(58.0, 392.24999999999994)	(59.0, 134.08333333333331)	(60.0, 29.333333333333336)	(61.0, 30.333333333333336)	(62.0, 21.083333333333332)	(63.0, 16.749999999999996)	(64.0, 30.249999999999996)	(65.0, 28.83333333333333)	(66.0, 71.16666666666667)	(67.0, 127.5)	(68.0, 21.0)	(69.0, 1.25)	(70.0, 0.5)	(71.0, 0.5)	(72.0, 0.0)	(73.0, 0.0)	(74.0, 0.0)	(75.0, 0.0)	(76.0, 0.0)	(77.0, 0.0)	(78.0, 0.0)	(79.0, 0.0)	(80.0, 0.0)	(81.0, 0.0)	(82.0, 0.0)	(83.0, 0.0)	(84.0, 0.0)	(85.0, 0.0)	(86.0, 0.0)	(87.0, 0.0)	(88.0, 0.0)	(89.0, 0.0)	(90.0, 0.0)	(91.0, 0.0)	(92.0, 0.0)	(93.0, 0.0)	(94.0, 0.0)	(95.0, 0.0)	(96.0, 0.0)	(97.0, 0.0)	(98.0, 0.0)	(99.0, 0.0)	(100.0, 0.0)
622A0_S61_L001_R2_001	(0.0, 1.0)	(1.0, 0.5)	(2.0, 0.0)	(3.0, 0.0)	(4.0, 0.0)	(5.0, 0.0)	(6.0, 0.0)	(7.0, 0.0)	(8.0, 0.0)	(9.0, 0.0)	(10.0, 0.0)	(11.0, 0.0)	(12.0, 0.0)	(13.0, 0.0)	(14.0, 0.0)	(15.0, 0.0)	(16.0, 0.0)	(17.0, 0.0)	(18.0, 0.0)	(19.0, 0.0)	(20.0, 0.0)	(21.0, 0.0)	(22.0, 0.0)	(23.0, 0.0)	(24.0, 0.0)	(25.0, 0.0)	(26.0, 0.0)	(27.0, 0.0)	(28.0, 0.25)	(29.0, 0.0)	(30.0, 0.0)	(31.0, 0.0)	(32.0, 0.0)	(33.0, 0.0)	(34.0, 0.3333333333333333)	(35.0, 0.3333333333333333)	(36.0, 0.5)	(37.0, 0.0)	(38.0, 0.5)	(39.0, 0.25)	(40.0, 0.8333333333333333)	(41.0, 2.083333333333333)	(42.0, 2.333333333333333)	(43.0, 3.5)	(44.0, 2.5)	(45.0, 4.0)	(46.0, 3.1666666666666665)	(47.0, 6.833333333333333)	(48.0, 18.250000000000004)	(49.0, 33.41666666666665)	(50.0, 122.24999999999976)	(51.0, 443.7499999999984)	(52.0, 1537.4999999999955)	(53.0, 3426.6666666666792)	(54.0, 3396.4166666666833)	(55.0, 1846.4166666666638)	(56.0, 1325.9166666666667)	(57.0, 548.3333333333334)	(58.0, 159.33333333333334)	(59.0, 65.16666666666667)	(60.0, 40.416666666666664)	(61.0, 35.166666666666664)	(62.0, 24.833333333333336)	(63.0, 39.333333333333336)	(64.0, 54.166666666666664)	(65.0, 59.25)	(66.0, 37.75)	(67.0, 44.75)	(68.0, 52.5)	(69.0, 27.0)	(70.0, 9.0)	(71.0, 4.5)	(72.0, 1.75)	(73.0, 1.75)	(74.0, 1.0)	(75.0, 1.25)	(76.0, 0.75)	(77.0, 0.25)	(78.0, 0.5)	(79.0, 0.5)	(80.0, 1.0)	(81.0, 1.0)	(82.0, 0.5)	(83.0, 0.0)	(84.0, 0.0)	(85.0, 0.0)	(86.0, 0.25)	(87.0, 0.0)	(88.0, 0.0)	(89.0, 0.25)	(90.0, 0.25)	(91.0, 0.0)	(92.0, 0.25)	(93.0, 0.25)	(94.0, 0.25)	(95.0, 0.0)	(96.0, 0.0)	(97.0, 0.25)	(98.0, 0.0)	(99.0, 0.25)	(100.0, 0.3333333333333333)
622A14_S62_L001_R1_001	(0.0, 0.0)	(1.0, 0.0)	(2.0, 0.0)	(3.0, 0.0)	(4.0, 0.0)	(5.0, 0.0)	(6.0, 0.0)	(7.0, 0.0)	(8.0, 0.0)	(9.0, 0.0)	(10.0, 0.0)	(11.0, 0.0)	(12.0, 0.0)	(13.0, 0.0)	(14.0, 0.0)	(15.0, 0.0)	(16.0, 0.0)	(17.0, 0.0)	(18.0, 0.0)	(19.0, 0.0)	(20.0, 0.0)	(21.0, 0.0)	(22.0, 0.0)	(23.0, 0.0)	(24.0, 0.0)	(25.0, 0.0)	(26.0, 0.0)	(27.0, 0.0)	(28.0, 0.0)	(29.0, 0.0)	(30.0, 0.0)	(31.0, 0.0)	(32.0, 0.0)	(33.0, 0.0)	(34.0, 0.0)	(35.0, 0.0)	(36.0, 0.0)	(37.0, 0.0)	(38.0, 0.0)	(39.0, 0.0)	(40.0, 0.0)	(41.0, 0.0)	(42.0, 0.0)	(43.0, 0.0)	(44.0, 0.0)	(45.0, 0.25)	(46.0, 2.333333333333333)	(47.0, 2.4166666666666665)	(48.0, 11.416666666666666)	(49.0, 31.749999999999996)	(50.0, 157.41666666666669)	(51.0, 432.0833333333331)	(52.0, 783.0000000000011)	(53.0, 1337.1666666666658)	(54.0, 1695.7499999999982)	(55.0, 1188.583333333334)	(56.0, 825.166666666668)	(57.0, 518.6666666666665)	(58.0, 304.91666666666663)	(59.0, 236.66666666666694)	(60.0, 234.9166666666671)	(61.0, 164.58333333333331)	(62.0, 90.24999999999999)	(63.0, 69.33333333333336)	(64.0, 83.83333333333327)	(65.0, 107.41666666666654)	(66.0, 141.66666666666666)	(67.0, 173.25000000000003)	(68.0, 33.75)	(69.0, 4.75)	(70.0, 0.5)	(71.0, 0.0)	(72.0, 0.0)	(73.0, 0.0)	(74.0, 0.0)	(75.0, 0.0)	(76.0, 0.0)	(77.0, 0.0)	(78.0, 0.25)	(79.0, 0.0)	(80.0, 0.0)	(81.0, 0.0)	(82.0, 0.0)	(83.0, 0.0)	(84.0, 0.0)	(85.0, 0.0)	(86.0, 0.0)	(87.0, 0.0)	(88.0, 0.0)	(89.0, 0.0)	(90.0, 0.0)	(91.0, 0.0)	(92.0, 0.0)	(93.0, 0.0)	(94.0, 0.0)	(95.0, 0.0)	(96.0, 0.0)	(97.0, 0.0)	(98.0, 0.0)	(99.0, 0.0)	(100.0, 0.0)
622A14_S62_L001_R2_001	(0.0, 0.0)	(1.0, 0.0)	(2.0, 0.0)	(3.0, 0.0)	(4.0, 0.0)	(5.0, 0.0)	(6.0, 0.0)	(7.0, 0.0)	(8.0, 0.0)	(9.0, 0.0)	(10.0, 0.0)	(11.0, 0.0)	(12.0, 0.0)	(13.0, 0.0)	(14.0, 0.0)	(15.0, 0.0)	(16.0, 0.0)	(17.0, 0.0)	(18.0, 0.0)	(19.0, 0.0)	(20.0, 0.0)	(21.0, 0.0)	(22.0, 0.0)	(23.0, 0.0)	(24.0, 0.0)	(25.0, 0.0)	(26.0, 0.0)	(27.0, 0.0)	(28.0, 0.0)	(29.0, 0.0)	(30.0, 0.0)	(31.0, 0.0)	(32.0, 0.0)	(33.0, 0.0)	(34.0, 0.0)	(35.0, 0.0)	(36.0, 0.0)	(37.0, 0.0)	(38.0, 0.0)	(39.0, 0.0)	(40.0, 0.0)	(41.0, 0.25)	(42.0, 1.0)	(43.0, 1.75)	(44.0, 1.3333333333333333)	(45.0, 0.8333333333333333)	(46.0, 1.9166666666666665)	(47.0, 8.499999999999998)	(48.0, 23.749999999999996)	(49.0, 47.75)	(50.0, 68.83333333333339)	(51.0, 231.5000000000006)	(52.0, 802.6666666666688)	(53.0, 1651.3333333333276)	(54.0, 1890.0833333333267)	(55.0, 1253.5000000000005)	(56.0, 818.5000000000002)	(57.0, 399.99999999999994)	(58.0, 209.58333333333337)	(59.0, 141.41666666666666)	(60.0, 78.99999999999999)	(61.0, 80.00000000000001)	(62.0, 73.00000000000001)	(63.0, 91.24999999999999)	(64.0, 107.33333333333331)	(65.0, 115.33333333333333)	(66.0, 87.33333333333333)	(67.0, 95.66666666666667)	(68.0, 112.75)	(69.0, 60.75)	(70.0, 15.75)	(71.0, 7.0)	(72.0, 4.25)	(73.0, 2.0)	(74.0, 1.5)	(75.0, 2.0)	(76.0, 1.25)	(77.0, 1.25)	(78.0, 1.0)	(79.0, 0.5)	(80.0, 1.0)	(81.0, 0.75)	(82.0, 0.75)	(83.0, 0.75)	(84.0, 0.25)	(85.0, 0.5)	(86.0, 0.5)	(87.0, 1.0)	(88.0, 0.5)	(89.0, 0.0)	(90.0, 0.0)	(91.0, 0.0)	(92.0, 0.0)	(93.0, 0.0)	(94.0, 0.25)	(95.0, 0.25)	(96.0, 0.0)	(97.0, 0.0)	(98.0, 0.0)	(99.0, 0.25)	(100.0, 0.3333333333333333)
622B0_S63_L001_R1_001	(0.0, 2.0)	(1.0, 1.0)	(2.0, 0.0)	(3.0, 0.0)	(4.0, 0.0)	(5.0, 0.0)	(6.0, 0.0)	(7.0, 0.0)	(8.0, 0.0)	(9.0, 0.0)	(10.0, 0.0)	(11.0, 0.0)	(12.0, 0.0)	(13.0, 0.0)	(14.0, 0.0)	(15.0, 0.0)	(16.0, 0.0)	(17.0, 0.0)	(18.0, 0.0)	(19.0, 0.0)	(20.0, 0.0)	(21.0, 0.0)	(22.0, 0.0)	(23.0, 0.0)	(24.0, 0.0)	(25.0, 0.0)	(26.0, 0.0)	(27.0, 0.0)	(28.0, 0.0)	(29.0, 0.0)	(30.0, 0.0)	(31.0, 0.0)	(32.0, 0.0)	(33.0, 0.0)	(34.0, 0.0)	(35.0, 0.0)	(36.0, 0.0)	(37.0, 0.0)	(38.0, 0.0)	(39.0, 0.0)	(40.0, 0.0)	(41.0, 0.5)	(42.0, 1.5)	(43.0, 2.25)	(44.0, 1.5)	(45.0, 0.5833333333333333)	(46.0, 1.0)	(47.0, 1.5)	(48.0, 4.333333333333334)	(49.0, 15.833333333333336)	(50.0, 127.33333333333326)	(51.0, 534.6666666666664)	(52.0, 748.9166666666673)	(53.0, 1098.000000000001)	(54.0, 1892.6666666666606)	(55.0, 1965.7499999999902)	(56.0, 799.583333333335)	(57.0, 453.4166666666657)	(58.0, 286.25000000000006)	(59.0, 153.4166666666667)	(60.0, 106.7499999999998)	(61.0, 44.500000000000014)	(62.0, 28.333333333333332)	(63.0, 24.499999999999993)	(64.0, 21.41666666666666)	(65.0, 27.666666666666647)	(66.0, 41.66666666666668)	(67.0, 51.166666666666664)	(68.0, 7.75)	(69.0, 0.75)	(70.0, 0.0)	(71.0, 0.0)	(72.0, 0.0)	(73.0, 0.25)	(74.0, 0.25)	(75.0, 0.0)	(76.0, 0.0)	(77.0, 0.0)	(78.0, 0.0)	(79.0, 0.0)	(80.0, 0.0)	(81.0, 0.0)	(82.0, 0.0)	(83.0, 0.0)	(84.0, 0.0)	(85.0, 0.0)	(86.0, 0.0)	(87.0, 0.0)	(88.0, 0.0)	(89.0, 0.0)	(90.0, 0.0)	(91.0, 0.0)	(92.0, 0.0)	(93.0, 0.0)	(94.0, 0.0)	(95.0, 0.0)	(96.0, 0.0)	(97.0, 0.0)	(98.0, 0.0)	(99.0, 0.0)	(100.0, 0.0)
622B0_S63_L001_R2_001	(0.0, 2.0)	(1.0, 1.0)	(2.0, 0.0)	(3.0, 0.0)	(4.0, 0.0)	(5.0, 0.0)	(6.0, 0.0)	(7.0, 0.0)	(8.0, 0.0)	(9.0, 0.0)	(10.0, 0.0)	(11.0, 0.0)	(12.0, 0.0)	(13.0, 0.0)	(14.0, 0.0)	(15.0, 0.0)	(16.0, 0.0)	(17.0, 0.0)	(18.0, 0.0)	(19.0, 0.0)	(20.0, 0.0)	(21.0, 0.0)	(22.0, 0.0)	(23.0, 0.0)	(24.0, 0.0)	(25.0, 0.0)	(26.0, 0.0)	(27.0, 0.0)	(28.0, 0.0)	(29.0, 0.0)	(30.0, 0.0)	(31.0, 0.0)	(32.0, 0.0)	(33.0, 0.25)	(34.0, 0.0)	(35.0, 0.0)	(36.0, 0.25)	(37.0, 0.3333333333333333)	(38.0, 0.25)	(39.0, 0.25)	(40.0, 0.8333333333333333)	(41.0, 1.0)	(42.0, 2.0)	(43.0, 2.5)	(44.0, 1.5833333333333333)	(45.0, 0.75)	(46.0, 2.5833333333333335)	(47.0, 5.749999999999999)	(48.0, 12.333333333333334)	(49.0, 27.08333333333332)	(50.0, 95.0833333333332)	(51.0, 383.66666666666606)	(52.0, 1284.416666666667)	(53.0, 1662.6666666666626)	(54.0, 1717.2499999999955)	(55.0, 1470.2499999999986)	(56.0, 1035.7500000000005)	(57.0, 330.66666666666674)	(58.0, 95.41666666666667)	(59.0, 34.0)	(60.0, 26.583333333333332)	(61.0, 24.249999999999996)	(62.0, 21.5)	(63.0, 29.25)	(64.0, 29.916666666666664)	(65.0, 23.916666666666668)	(66.0, 24.5)	(67.0, 40.333333333333336)	(68.0, 37.5)	(69.0, 14.25)	(70.0, 5.25)	(71.0, 2.25)	(72.0, 2.5)	(73.0, 2.0)	(74.0, 1.0)	(75.0, 1.25)	(76.0, 0.5)	(77.0, 0.25)	(78.0, 0.25)	(79.0, 0.25)	(80.0, 0.75)	(81.0, 0.5)	(82.0, 0.25)	(83.0, 0.0)	(84.0, 0.0)	(85.0, 0.25)	(86.0, 0.5)	(87.0, 0.5)	(88.0, 0.0)	(89.0, 0.25)	(90.0, 0.0)	(91.0, 0.0)	(92.0, 0.25)	(93.0, 0.5)	(94.0, 0.0)	(95.0, 0.0)	(96.0, 0.0)	(97.0, 0.0)	(98.0, 0.0)	(99.0, 0.0)	(100.0, 0.0)
622B14_S64_L001_R1_001	(0.0, 2.0)	(1.0, 1.0)	(2.0, 0.0)	(3.0, 0.0)	(4.0, 0.0)	(5.0, 0.0)	(6.0, 0.0)	(7.0, 0.0)	(8.0, 0.0)	(9.0, 0.0)	(10.0, 0.0)	(11.0, 0.0)	(12.0, 0.0)	(13.0, 0.0)	(14.0, 0.0)	(15.0, 0.0)	(16.0, 0.0)	(17.0, 0.0)	(18.0, 0.0)	(19.0, 0.0)	(20.0, 0.0)	(21.0, 0.0)	(22.0, 0.0)	(23.0, 0.0)	(24.0, 0.0)	(25.0, 0.0)	(26.0, 0.0)	(27.0, 0.0)	(28.0, 0.0)	(29.0, 0.0)	(30.0, 0.0)	(31.0, 0.0)	(32.0, 0.0)	(33.0, 0.0)	(34.0, 0.0)	(35.0, 0.0)	(36.0, 0.0)	(37.0, 0.0)	(38.0, 0.0)	(39.0, 0.0)	(40.0, 0.5833333333333333)	(41.0, 1.8333333333333333)	(42.0, 3.0)	(43.0, 3.1666666666666665)	(44.0, 4.916666666666667)	(45.0, 2.6666666666666665)	(46.0, 2.25)	(47.0, 2.75)	(48.0, 3.833333333333333)	(49.0, 12.416666666666668)	(50.0, 95.41666666666666)	(51.0, 574.3333333333331)	(52.0, 790.7500000000007)	(53.0, 832.0833333333344)	(54.0, 1151.8333333333344)	(55.0, 1565.2499999999943)	(56.0, 777.0000000000015)	(57.0, 444.9166666666663)	(58.0, 230.16666666666674)	(59.0, 174.41666666666669)	(60.0, 174.5000000000001)	(61.0, 124.41666666666657)	(62.0, 77.08333333333333)	(63.0, 58.083333333333364)	(64.0, 77.66666666666666)	(65.0, 91.74999999999991)	(66.0, 160.0000000000001)	(67.0, 179.50000000000003)	(68.0, 39.5)	(69.0, 7.25)	(70.0, 1.0)	(71.0, 0.0)	(72.0, 0.0)	(73.0, 0.25)	(74.0, 0.0)	(75.0, 0.25)	(76.0, 0.0)	(77.0, 0.0)	(78.0, 0.0)	(79.0, 0.0)	(80.0, 0.0)	(81.0, 0.0)	(82.0, 0.0)	(83.0, 0.0)	(84.0, 0.0)	(85.0, 0.0)	(86.0, 0.0)	(87.0, 0.0)	(88.0, 0.0)	(89.0, 0.0)	(90.0, 0.0)	(91.0, 0.0)	(92.0, 0.0)	(93.0, 0.0)	(94.0, 0.0)	(95.0, 0.0)	(96.0, 0.0)	(97.0, 0.0)	(98.0, 0.0)	(99.0, 0.0)	(100.0, 0.0)
622B14_S64_L001_R2_001	(0.0, 2.0)	(1.0, 1.0)	(2.0, 0.0)	(3.0, 0.0)	(4.0, 0.0)	(5.0, 0.0)	(6.0, 0.0)	(7.0, 0.0)	(8.0, 0.0)	(9.0, 0.0)	(10.0, 0.0)	(11.0, 0.0)	(12.0, 0.0)	(13.0, 0.0)	(14.0, 0.0)	(15.0, 0.0)	(16.0, 0.0)	(17.0, 0.0)	(18.0, 0.0)	(19.0, 0.0)	(20.0, 0.0)	(21.0, 0.0)	(22.0, 0.0)	(23.0, 0.0)	(24.0, 0.0)	(25.0, 0.0)	(26.0, 0.0)	(27.0, 0.0)	(28.0, 0.0)	(29.0, 0.0)	(30.0, 0.0)	(31.0, 0.0)	(32.0, 0.0)	(33.0, 0.0)	(34.0, 0.0)	(35.0, 0.25)	(36.0, 0.0)	(37.0, 0.25)	(38.0, 0.0)	(39.0, 0.25)	(40.0, 0.75)	(41.0, 1.9166666666666665)	(42.0, 3.6666666666666665)	(43.0, 3.0833333333333335)	(44.0, 4.083333333333334)	(45.0, 4.583333333333334)	(46.0, 3.5)	(47.0, 3.75)	(48.0, 9.416666666666666)	(49.0, 17.16666666666667)	(50.0, 54.0)	(51.0, 210.16666666666686)	(52.0, 682.6666666666667)	(53.0, 1268.0833333333328)	(54.0, 1354.416666666666)	(55.0, 1367.9999999999998)	(56.0, 1159.7500000000002)	(57.0, 456.4999999999999)	(58.0, 143.16666666666663)	(59.0, 70.16666666666666)	(60.0, 50.74999999999999)	(61.0, 52.833333333333336)	(62.0, 57.91666666666668)	(63.0, 80.50000000000001)	(64.0, 93.99999999999999)	(65.0, 99.49999999999997)	(66.0, 90.08333333333333)	(67.0, 128.33333333333331)	(68.0, 134.41666666666666)	(69.0, 63.583333333333336)	(70.0, 18.25)	(71.0, 7.75)	(72.0, 3.0)	(73.0, 3.0)	(74.0, 2.0)	(75.0, 1.75)	(76.0, 1.0)	(77.0, 0.25)	(78.0, 0.0)	(79.0, 1.25)	(80.0, 1.5)	(81.0, 0.5)	(82.0, 1.0)	(83.0, 0.0)	(84.0, 0.75)	(85.0, 0.25)	(86.0, 0.5)	(87.0, 0.25)	(88.0, 0.5)	(89.0, 0.0)	(90.0, 0.0)	(91.0, 0.0)	(92.0, 0.25)	(93.0, 0.5)	(94.0, 0.0)	(95.0, 0.0)	(96.0, 0.0)	(97.0, 0.0)	(98.0, 0.0)	(99.0, 0.25)	(100.0, 0.0)
639A0_S81_L001_R1_001	(0.0, 1.0)	(1.0, 0.5)	(2.0, 0.0)	(3.0, 0.0)	(4.0, 0.0)	(5.0, 0.0)	(6.0, 0.0)	(7.0, 0.0)	(8.0, 0.0)	(9.0, 0.0)	(10.0, 0.0)	(11.0, 0.0)	(12.0, 0.0)	(13.0, 0.0)	(14.0, 0.0)	(15.0, 0.0)	(16.0, 0.0)	(17.0, 0.0)	(18.0, 0.0)	(19.0, 0.0)	(20.0, 0.0)	(21.0, 0.0)	(22.0, 0.0)	(23.0, 0.0)	(24.0, 0.0)	(25.0, 0.0)	(26.0, 0.0)	(27.0, 0.0)	(28.0, 0.0)	(29.0, 0.0)	(30.0, 0.0)	(31.0, 0.0)	(32.0, 0.0)	(33.0, 0.0)	(34.0, 0.0)	(35.0, 0.0)	(36.0, 0.0)	(37.0, 0.0)	(38.0, 0.0)	(39.0, 0.5833333333333333)	(40.0, 0.3333333333333333)	(41.0, 1.0)	(42.0, 2.25)	(43.0, 1.5)	(44.0, 0.0)	(45.0, 0.0)	(46.0, 4.5)	(47.0, 41.0)	(48.0, 80.08333333333333)	(49.0, 132.83333333333334)	(50.0, 500.3333333333333)	(51.0, 1113.0000000000002)	(52.0, 1376.6666666666665)	(53.0, 1214.5000000000005)	(54.0, 1701.5833333333323)	(55.0, 1600.0833333333305)	(56.0, 708.5000000000013)	(57.0, 502.083333333333)	(58.0, 293.75000000000006)	(59.0, 299.1666666666667)	(60.0, 719.5)	(61.0, 379.99999999999994)	(62.0, 52.916666666666664)	(63.0, 18.75)	(64.0, 14.25)	(65.0, 8.75)	(66.0, 44.5)	(67.0, 74.25)	(68.0, 7.25)	(69.0, 0.5)	(70.0, 0.5)	(71.0, 0.5)	(72.0, 0.0)	(73.0, 0.0)	(74.0, 0.0)	(75.0, 0.0)	(76.0, 0.0)	(77.0, 0.0)	(78.0, 0.0)	(79.0, 0.0)	(80.0, 0.0)	(81.0, 0.0)	(82.0, 0.0)	(83.0, 0.0)	(84.0, 0.0)	(85.0, 0.0)	(86.0, 0.0)	(87.0, 0.0)	(88.0, 0.25)	(89.0, 0.0)	(90.0, 0.0)	(91.0, 0.0)	(92.0, 0.25)	(93.0, 0.0)	(94.0, 0.0)	(95.0, 0.0)	(96.0, 0.0)	(97.0, 0.0)	(98.0, 0.0)	(99.0, 0.0)	(100.0, 0.0)
639A0_S81_L001_R2_001	(0.0, 1.0)	(1.0, 0.5)	(2.0, 0.0)	(3.0, 0.0)	(4.0, 0.0)	(5.0, 0.0)	(6.0, 0.0)	(7.0, 0.0)	(8.0, 0.0)	(9.0, 0.0)	(10.0, 0.0)	(11.0, 0.0)	(12.0, 0.0)	(13.0, 0.0)	(14.0, 0.0)	(15.0, 0.0)	(16.0, 0.0)	(17.0, 0.0)	(18.0, 0.0)	(19.0, 0.0)	(20.0, 0.0)	(21.0, 0.0)	(22.0, 0.0)	(23.0, 0.0)	(24.0, 0.0)	(25.0, 0.0)	(26.0, 0.0)	(27.0, 0.0)	(28.0, 0.0)	(29.0, 0.25)	(30.0, 0.0)	(31.0, 0.0)	(32.0, 0.0)	(33.0, 0.0)	(34.0, 0.0)	(35.0, 0.0)	(36.0, 0.25)	(37.0, 0.75)	(38.0, 0.5)	(39.0, 0.5)	(40.0, 0.25)	(41.0, 2.083333333333333)	(42.0, 2.833333333333333)	(43.0, 2.666666666666667)	(44.0, 1.6666666666666665)	(45.0, 3.1666666666666665)	(46.0, 16.833333333333336)	(47.0, 38.833333333333336)	(48.0, 107.66666666666663)	(49.0, 251.50000000000017)	(50.0, 434.08333333333275)	(51.0, 451.74999999999903)	(52.0, 1298.8333333333333)	(53.0, 2020.4999999999923)	(54.0, 1908.5833333333292)	(55.0, 1465.2499999999993)	(56.0, 641.4166666666666)	(57.0, 377.3333333333333)	(58.0, 734.3333333333335)	(59.0, 589.1666666666665)	(60.0, 184.91666666666666)	(61.0, 54.583333333333336)	(62.0, 24.333333333333332)	(63.0, 18.333333333333332)	(64.0, 28.833333333333332)	(65.0, 19.5)	(66.0, 21.25)	(67.0, 51.0)	(68.0, 54.583333333333336)	(69.0, 22.333333333333336)	(70.0, 7.75)	(71.0, 4.0)	(72.0, 3.0)	(73.0, 1.75)	(74.0, 0.75)	(75.0, 0.3333333333333333)	(76.0, 0.25)	(77.0, 0.75)	(78.0, 1.5)	(79.0, 0.25)	(80.0, 0.0)	(81.0, 0.5)	(82.0, 0.5)	(83.0, 0.5)	(84.0, 0.75)	(85.0, 0.25)	(86.0, 0.5)	(87.0, 0.25)	(88.0, 0.0)	(89.0, 0.75)	(90.0, 0.25)	(91.0, 0.5)	(92.0, 0.5)	(93.0, 0.0)	(94.0, 0.25)	(95.0, 0.0)	(96.0, 0.0)	(97.0, 0.25)	(98.0, 0.0)	(99.0, 0.0)	(100.0, 0.0)
639B14_S84_L001_R1_001	(0.0, 1.0)	(1.0, 0.5)	(2.0, 0.0)	(3.0, 0.0)	(4.0, 0.0)	(5.0, 0.0)	(6.0, 0.0)	(7.0, 0.0)	(8.0, 0.0)	(9.0, 0.0)	(10.0, 0.0)	(11.0, 0.0)	(12.0, 0.0)	(13.0, 0.0)	(14.0, 0.0)	(15.0, 0.0)	(16.0, 0.0)	(17.0, 0.0)	(18.0, 0.0)	(19.0, 0.0)	(20.0, 0.0)	(21.0, 0.0)	(22.0, 0.0)	(23.0, 0.0)	(24.0, 0.0)	(25.0, 0.0)	(26.0, 0.0)	(27.0, 0.0)	(28.0, 0.0)	(29.0, 0.0)	(30.0, 0.0)	(31.0, 0.0)	(32.0, 0.0)	(33.0, 0.0)	(34.0, 0.0)	(35.0, 0.0)	(36.0, 0.0)	(37.0, 0.0)	(38.0, 0.0)	(39.0, 0.0)	(40.0, 0.25)	(41.0, 0.5)	(42.0, 1.75)	(43.0, 2.75)	(44.0, 1.0)	(45.0, 0.5)	(46.0, 2.333333333333333)	(47.0, 16.833333333333332)	(48.0, 36.166666666666664)	(49.0, 69.5)	(50.0, 324.5833333333333)	(51.0, 884.0833333333335)	(52.0, 1968.8333333333328)	(53.0, 1662.666666666666)	(54.0, 1701.1666666666658)	(55.0, 1498.3333333333314)	(56.0, 732.4166666666683)	(57.0, 418.16666666666634)	(58.0, 306.33333333333354)	(59.0, 174.0833333333334)	(60.0, 204.50000000000009)	(61.0, 111.83333333333327)	(62.0, 23.666666666666664)	(63.0, 5.75)	(64.0, 5.5)	(65.0, 3.5)	(66.0, 9.25)	(67.0, 17.0)	(68.0, 3.25)	(69.0, 0.5)	(70.0, 0.0)	(71.0, 0.0)	(72.0, 0.25)	(73.0, 0.0)	(74.0, 0.0)	(75.0, 0.0)	(76.0, 0.0)	(77.0, 0.0)	(78.0, 0.0)	(79.0, 0.0)	(80.0, 0.0)	(81.0, 0.0)	(82.0, 0.0)	(83.0, 0.0)	(84.0, 0.0)	(85.0, 0.0)	(86.0, 0.0)	(87.0, 0.0)	(88.0, 0.0)	(89.0, 0.0)	(90.0, 0.0)	(91.0, 0.0)	(92.0, 0.0)	(93.0, 0.0)	(94.0, 0.0)	(95.0, 0.0)	(96.0, 0.0)	(97.0, 0.0)	(98.0, 0.0)	(99.0, 0.0)	(100.0, 0.0)
639B14_S84_L001_R2_001	(0.0, 0.0)	(1.0, 0.0)	(2.0, 0.0)	(3.0, 0.0)	(4.0, 0.0)	(5.0, 0.0)	(6.0, 0.0)	(7.0, 0.0)	(8.0, 0.0)	(9.0, 0.0)	(10.0, 0.0)	(11.0, 0.0)	(12.0, 0.0)	(13.0, 0.0)	(14.0, 0.0)	(15.0, 0.0)	(16.0, 0.0)	(17.0, 0.0)	(18.0, 0.0)	(19.0, 0.0)	(20.0, 0.0)	(21.0, 0.0)	(22.0, 0.0)	(23.0, 0.0)	(24.0, 0.0)	(25.0, 0.0)	(26.0, 0.0)	(27.0, 0.0)	(28.0, 0.0)	(29.0, 0.0)	(30.0, 0.0)	(31.0, 0.0)	(32.0, 0.0)	(33.0, 0.0)	(34.0, 0.0)	(35.0, 1.0)	(36.0, 1.0)	(37.0, 0.25)	(38.0, 0.5833333333333333)	(39.0, 0.75)	(40.0, 1.5833333333333333)	(41.0, 1.8333333333333333)	(42.0, 1.75)	(43.0, 3.0)	(44.0, 3.3333333333333335)	(45.0, 5.416666666666666)	(46.0, 5.916666666666667)	(47.0, 20.083333333333332)	(48.0, 68.0)	(49.0, 161.83333333333334)	(50.0, 374.91666666666606)	(51.0, 727.5000000000013)	(52.0, 1957.4166666666579)	(53.0, 2146.583333333327)	(54.0, 1777.1666666666636)	(55.0, 1300.75)	(56.0, 563.0)	(57.0, 268.41666666666674)	(58.0, 299.8333333333333)	(59.0, 225.00000000000003)	(60.0, 77.75)	(61.0, 27.75)	(62.0, 14.166666666666666)	(63.0, 9.333333333333332)	(64.0, 12.416666666666668)	(65.0, 10.583333333333334)	(66.0, 12.25)	(67.0, 17.5)	(68.0, 15.0)	(69.0, 8.25)	(70.0, 3.25)	(71.0, 1.25)	(72.0, 3.0)	(73.0, 2.25)	(74.0, 0.75)	(75.0, 0.0)	(76.0, 0.5)	(77.0, 0.25)	(78.0, 0.5)	(79.0, 0.25)	(80.0, 0.25)	(81.0, 0.75)	(82.0, 0.25)	(83.0, 0.25)	(84.0, 0.25)	(85.0, 1.0)	(86.0, 0.25)	(87.0, 0.0)	(88.0, 0.0)	(89.0, 0.0)	(90.0, 0.25)	(91.0, 0.0)	(92.0, 0.25)	(93.0, 0.0)	(94.0, 0.0)	(95.0, 0.0)	(96.0, 0.0)	(97.0, 0.0)	(98.0, 0.0)	(99.0, 0.0)	(100.0, 0.3333333333333333)
640A0_S85_L001_R1_001	(0.0, 1.0)	(1.0, 0.5)	(2.0, 0.0)	(3.0, 0.0)	(4.0, 0.0)	(5.0, 0.0)	(6.0, 0.0)	(7.0, 0.0)	(8.0, 0.0)	(9.0, 0.0)	(10.0, 0.0)	(11.0, 0.0)	(12.0, 0.0)	(13.0, 0.0)	(14.0, 0.0)	(15.0, 0.0)	(16.0, 0.0)	(17.0, 0.0)	(18.0, 0.0)	(19.0, 0.0)	(20.0, 0.0)	(21.0, 0.0)	(22.0, 0.0)	(23.0, 0.0)	(24.0, 0.0)	(25.0, 0.0)	(26.0, 0.0)	(27.0, 0.0)	(28.0, 0.0)	(29.0, 0.0)	(30.0, 0.0)	(31.0, 0.0)	(32.0, 0.0)	(33.0, 0.0)	(34.0, 0.0)	(35.0, 0.0)	(36.0, 0.0)	(37.0, 0.0)	(38.0, 0.0)	(39.0, 0.25)	(40.0, 0.25)	(41.0, 0.0)	(42.0, 0.25)	(43.0, 0.25)	(44.0, 0.25)	(45.0, 0.5)	(46.0, 8.0)	(47.0, 66.5)	(48.0, 202.25)	(49.0, 752.4166666666666)	(50.0, 574.25)	(51.0, 1060.8333333333333)	(52.0, 1342.75)	(53.0, 1626.416666666665)	(54.0, 1926.2499999999968)	(55.0, 1332.75)	(56.0, 433.3333333333332)	(57.0, 91.49999999999999)	(58.0, 41.0)	(59.0, 29.0)	(60.0, 21.75)	(61.0, 9.583333333333334)	(62.0, 4.833333333333333)	(63.0, 12.5)	(64.0, 16.0)	(65.0, 4.5)	(66.0, 1.25)	(67.0, 0.5)	(68.0, 0.0)	(69.0, 0.0)	(70.0, 0.0)	(71.0, 0.25)	(72.0, 0.25)	(73.0, 0.0)	(74.0, 0.0)	(75.0, 0.0)	(76.0, 0.0)	(77.0, 0.0)	(78.0, 0.0)	(79.0, 0.0)	(80.0, 0.0)	(81.0, 0.0)	(82.0, 0.0)	(83.0, 0.0)	(84.0, 0.25)	(85.0, 0.25)	(86.0, 0.0)	(87.0, 0.0)	(88.0, 0.0)	(89.0, 0.0)	(90.0, 0.0)	(91.0, 0.0)	(92.0, 0.0)	(93.0, 0.0)	(94.0, 0.0)	(95.0, 0.0)	(96.0, 0.0)	(97.0, 0.0)	(98.0, 0.0)	(99.0, 0.0)	(100.0, 0.0)
640A0_S85_L001_R2_001	(0.0, 1.0)	(1.0, 0.5)	(2.0, 0.0)	(3.0, 0.0)	(4.0, 0.0)	(5.0, 0.0)	(6.0, 0.0)	(7.0, 0.0)	(8.0, 0.0)	(9.0, 0.0)	(10.0, 0.0)	(11.0, 0.0)	(12.0, 0.0)	(13.0, 0.0)	(14.0, 0.0)	(15.0, 0.0)	(16.0, 0.0)	(17.0, 0.0)	(18.0, 0.0)	(19.0, 0.0)	(20.0, 0.0)	(21.0, 0.0)	(22.0, 0.0)	(23.0, 0.0)	(24.0, 0.0)	(25.0, 0.0)	(26.0, 0.0)	(27.0, 0.0)	(28.0, 0.0)	(29.0, 0.0)	(30.0, 0.0)	(31.0, 0.0)	(32.0, 0.0)	(33.0, 0.0)	(34.0, 0.0)	(35.0, 0.0)	(36.0, 0.25)	(37.0, 0.25)	(38.0, 0.25)	(39.0, 0.5)	(40.0, 1.0)	(41.0, 1.0833333333333333)	(42.0, 1.0833333333333333)	(43.0, 1.5833333333333333)	(44.0, 1.5)	(45.0, 4.666666666666666)	(46.0, 19.916666666666664)	(47.0, 98.58333333333329)	(48.0, 283.8333333333335)	(49.0, 678.3333333333337)	(50.0, 754.7500000000002)	(51.0, 601.9166666666664)	(52.0, 1221.5000000000014)	(53.0, 2242.5)	(54.0, 1957.0833333333312)	(55.0, 1043.0833333333337)	(56.0, 351.49999999999994)	(57.0, 99.83333333333331)	(58.0, 33.33333333333333)	(59.0, 19.583333333333332)	(60.0, 16.583333333333336)	(61.0, 14.5)	(62.0, 17.5)	(63.0, 18.5)	(64.0, 19.333333333333332)	(65.0, 12.5)	(66.0, 5.75)	(67.0, 4.5)	(68.0, 4.75)	(69.0, 2.75)	(70.0, 1.5)	(71.0, 1.25)	(72.0, 0.25)	(73.0, 2.0)	(74.0, 1.0)	(75.0, 1.0)	(76.0, 0.5)	(77.0, 0.5)	(78.0, 0.75)	(79.0, 0.5)	(80.0, 0.25)	(81.0, 0.0)	(82.0, 0.25)	(83.0, 0.25)	(84.0, 0.0)	(85.0, 0.0)	(86.0, 0.5)	(87.0, 0.5)	(88.0, 0.0)	(89.0, 0.0)	(90.0, 0.5)	(91.0, 0.0)	(92.0, 0.0)	(93.0, 0.0)	(94.0, 0.0)	(95.0, 0.0)	(96.0, 0.0)	(97.0, 0.0)	(98.0, 0.25)	(99.0, 0.25)	(100.0, 0.3333333333333333)
640A14_S86_L001_R1_001	(0.0, 0.0)	(1.0, 0.0)	(2.0, 0.0)	(3.0, 0.0)	(4.0, 0.0)	(5.0, 0.0)	(6.0, 0.0)	(7.0, 0.0)	(8.0, 0.0)	(9.0, 0.0)	(10.0, 0.0)	(11.0, 0.0)	(12.0, 0.0)	(13.0, 0.0)	(14.0, 0.0)	(15.0, 0.0)	(16.0, 0.0)	(17.0, 0.0)	(18.0, 0.0)	(19.0, 0.0)	(20.0, 0.0)	(21.0, 0.0)	(22.0, 0.0)	(23.0, 0.0)	(24.0, 0.0)	(25.0, 0.0)	(26.0, 0.0)	(27.0, 0.0)	(28.0, 0.0)	(29.0, 0.0)	(30.0, 0.0)	(31.0, 0.0)	(32.0, 0.0)	(33.0, 0.0)	(34.0, 0.0)	(35.0, 0.0)	(36.0, 0.0)	(37.0, 0.25)	(38.0, 0.0)	(39.0, 0.0)	(40.0, 0.0)	(41.0, 0.25)	(42.0, 0.25)	(43.0, 0.25)	(44.0, 0.0)	(45.0, 2.75)	(46.0, 17.083333333333336)	(47.0, 137.91666666666666)	(48.0, 396.3333333333333)	(49.0, 1087.3333333333333)	(50.0, 751.7500000000001)	(51.0, 1207.583333333333)	(52.0, 1562.4166666666663)	(53.0, 1435.0833333333321)	(54.0, 1607.749999999998)	(55.0, 1003.0000000000006)	(56.0, 276.3333333333333)	(57.0, 54.58333333333334)	(58.0, 18.666666666666668)	(59.0, 13.25)	(60.0, 8.75)	(61.0, 5.0)	(62.0, 3.0)	(63.0, 2.5)	(64.0, 1.0)	(65.0, 0.5)	(66.0, 1.0)	(67.0, 1.25)	(68.0, 0.25)	(69.0, 0.25)	(70.0, 0.0)	(71.0, 0.0)	(72.0, 0.0)	(73.0, 0.0)	(74.0, 0.0)	(75.0, 0.0)	(76.0, 0.0)	(77.0, 0.0)	(78.0, 0.0)	(79.0, 0.0)	(80.0, 0.0)	(81.0, 0.0)	(82.0, 0.0)	(83.0, 0.0)	(84.0, 0.0)	(85.0, 0.0)	(86.0, 0.0)	(87.0, 0.0)	(88.0, 0.0)	(89.0, 0.0)	(90.0, 0.0)	(91.0, 0.0)	(92.0, 0.0)	(93.0, 0.0)	(94.0, 0.0)	(95.0, 0.0)	(96.0, 0.0)	(97.0, 0.0)	(98.0, 0.0)	(99.0, 0.0)	(100.0, 0.0)
640A14_S86_L001_R2_001	(0.0, 1.0)	(1.0, 0.5)	(2.0, 0.0)	(3.0, 0.0)	(4.0, 0.0)	(5.0, 0.0)	(6.0, 0.0)	(7.0, 0.0)	(8.0, 0.0)	(9.0, 0.0)	(10.0, 0.0)	(11.0, 0.0)	(12.0, 0.0)	(13.0, 0.0)	(14.0, 0.0)	(15.0, 0.0)	(16.0, 0.0)	(17.0, 0.0)	(18.0, 0.0)	(19.0, 0.0)	(20.0, 0.0)	(21.0, 0.0)	(22.0, 0.0)	(23.0, 0.0)	(24.0, 0.0)	(25.0, 0.0)	(26.0, 0.0)	(27.0, 0.0)	(28.0, 0.0)	(29.0, 0.0)	(30.0, 0.0)	(31.0, 0.0)	(32.0, 0.0)	(33.0, 0.0)	(34.0, 0.5)	(35.0, 0.0)	(36.0, 0.25)	(37.0, 0.0)	(38.0, 0.25)	(39.0, 0.5)	(40.0, 0.5)	(41.0, 0.5)	(42.0, 1.5)	(43.0, 1.8333333333333333)	(44.0, 3.4166666666666665)	(45.0, 5.583333333333334)	(46.0, 29.583333333333325)	(47.0, 159.75000000000003)	(48.0, 415.16666666666646)	(49.0, 972.0833333333338)	(50.0, 1033.6666666666677)	(51.0, 536.9166666666661)	(52.0, 1066.416666666669)	(53.0, 2176.0833333333294)	(54.0, 1828.1666666666652)	(55.0, 871.2500000000001)	(56.0, 271.4166666666667)	(57.0, 89.5)	(58.0, 32.333333333333336)	(59.0, 19.0)	(60.0, 10.0)	(61.0, 7.833333333333333)	(62.0, 5.583333333333333)	(63.0, 6.0)	(64.0, 6.0)	(65.0, 5.25)	(66.0, 3.75)	(67.0, 1.75)	(68.0, 1.75)	(69.0, 2.0)	(70.0, 1.75)	(71.0, 1.25)	(72.0, 0.75)	(73.0, 0.75)	(74.0, 1.0)	(75.0, 0.25)	(76.0, 0.5)	(77.0, 0.25)	(78.0, 0.25)	(79.0, 0.25)	(80.0, 0.5)	(81.0, 0.25)	(82.0, 0.5)	(83.0, 0.0)	(84.0, 0.25)	(85.0, 0.0)	(86.0, 0.25)	(87.0, 0.25)	(88.0, 0.5)	(89.0, 0.25)	(90.0, 0.25)	(91.0, 0.0)	(92.0, 0.0)	(93.0, 0.0)	(94.0, 0.0)	(95.0, 0.0)	(96.0, 0.0)	(97.0, 0.0)	(98.0, 0.0)	(99.0, 0.0)	(100.0, 0.0)
640B0_S87_L001_R1_001	(0.0, 1.0)	(1.0, 0.5)	(2.0, 0.0)	(3.0, 0.0)	(4.0, 0.0)	(5.0, 0.0)	(6.0, 0.0)	(7.0, 0.0)	(8.0, 0.0)	(9.0, 0.0)	(10.0, 0.0)	(11.0, 0.0)	(12.0, 0.0)	(13.0, 0.0)	(14.0, 0.0)	(15.0, 0.0)	(16.0, 0.0)	(17.0, 0.0)	(18.0, 0.0)	(19.0, 0.0)	(20.0, 0.0)	(21.0, 0.0)	(22.0, 0.0)	(23.0, 0.0)	(24.0, 0.0)	(25.0, 0.0)	(26.0, 0.0)	(27.0, 0.0)	(28.0, 0.0)	(29.0, 0.0)	(30.0, 0.0)	(31.0, 0.0)	(32.0, 0.0)	(33.0, 0.25)	(34.0, 0.25)	(35.0, 0.0)	(36.0, 0.0)	(37.0, 0.0)	(38.0, 0.25)	(39.0, 0.0)	(40.0, 0.25)	(41.0, 0.0)	(42.0, 1.0)	(43.0, 1.75)	(44.0, 1.25)	(45.0, 3.0)	(46.0, 67.25)	(47.0, 341.25)	(48.0, 789.0000000000001)	(49.0, 1309.7500000000002)	(50.0, 884.3333333333339)	(51.0, 1197.25)	(52.0, 1295.249999999999)	(53.0, 1615.4999999999966)	(54.0, 2611.166666666669)	(55.0, 1995.3333333333314)	(56.0, 594.4166666666667)	(57.0, 469.16666666666663)	(58.0, 235.83333333333346)	(59.0, 116.83333333333331)	(60.0, 31.666666666666654)	(61.0, 20.33333333333333)	(62.0, 5.833333333333332)	(63.0, 6.0)	(64.0, 6.25)	(65.0, 2.25)	(66.0, 3.0)	(67.0, 2.25)	(68.0, 0.25)	(69.0, 0.25)	(70.0, 0.5)	(71.0, 0.5)	(72.0, 0.0)	(73.0, 0.0)	(74.0, 0.0)	(75.0, 0.0)	(76.0, 0.0)	(77.0, 0.0)	(78.0, 0.0)	(79.0, 0.0)	(80.0, 0.0)	(81.0, 0.0)	(82.0, 0.0)	(83.0, 0.0)	(84.0, 0.0)	(85.0, 0.0)	(86.0, 0.0)	(87.0, 0.0)	(88.0, 0.0)	(89.0, 0.0)	(90.0, 0.0)	(91.0, 0.0)	(92.0, 0.0)	(93.0, 0.0)	(94.0, 0.0)	(95.0, 0.0)	(96.0, 0.0)	(97.0, 0.0)	(98.0, 0.0)	(99.0, 0.0)	(100.0, 0.0)
640B0_S87_L001_R2_001	(0.0, 1.0)	(1.0, 0.5)	(2.0, 0.0)	(3.0, 0.0)	(4.0, 0.0)	(5.0, 0.0)	(6.0, 0.0)	(7.0, 0.0)	(8.0, 0.0)	(9.0, 0.0)	(10.0, 0.0)	(11.0, 0.0)	(12.0, 0.0)	(13.0, 0.0)	(14.0, 0.0)	(15.0, 0.0)	(16.0, 0.0)	(17.0, 0.0)	(18.0, 0.0)	(19.0, 0.0)	(20.0, 0.0)	(21.0, 0.0)	(22.0, 0.0)	(23.0, 0.0)	(24.0, 0.0)	(25.0, 0.0)	(26.0, 0.0)	(27.0, 0.0)	(28.0, 0.0)	(29.0, 0.0)	(30.0, 0.0)	(31.0, 0.25)	(32.0, 0.0)	(33.0, 0.25)	(34.0, 0.0)	(35.0, 0.0)	(36.0, 0.0)	(37.0, 0.0)	(38.0, 0.25)	(39.0, 0.0)	(40.0, 1.75)	(41.0, 1.6666666666666665)	(42.0, 2.6666666666666665)	(43.0, 4.25)	(44.0, 6.583333333333333)	(45.0, 12.5)	(46.0, 51.50000000000001)	(47.0, 387.8333333333327)	(48.0, 993.333333333335)	(49.0, 1346.583333333333)	(50.0, 1092.500000000001)	(51.0, 634.5833333333337)	(52.0, 1250.6666666666665)	(53.0, 2124.499999999996)	(54.0, 2524.7499999999973)	(55.0, 1749.3333333333314)	(56.0, 817.3333333333347)	(57.0, 449.49999999999943)	(58.0, 131.58333333333331)	(59.0, 43.25)	(60.0, 20.75)	(61.0, 15.0)	(62.0, 15.666666666666668)	(63.0, 14.416666666666666)	(64.0, 10.333333333333332)	(65.0, 6.75)	(66.0, 3.583333333333333)	(67.0, 5.5)	(68.0, 4.5)	(69.0, 3.25)	(70.0, 3.25)	(71.0, 1.0)	(72.0, 1.0)	(73.0, 0.5)	(74.0, 0.25)	(75.0, 0.5)	(76.0, 0.75)	(77.0, 0.25)	(78.0, 0.0)	(79.0, 0.0)	(80.0, 0.0)	(81.0, 0.25)	(82.0, 0.0)	(83.0, 0.25)	(84.0, 0.5)	(85.0, 0.0)	(86.0, 0.0)	(87.0, 0.0)	(88.0, 0.0)	(89.0, 0.25)	(90.0, 0.25)	(91.0, 0.0)	(92.0, 0.0)	(93.0, 0.0)	(94.0, 0.0)	(95.0, 0.0)	(96.0, 0.0)	(97.0, 0.0)	(98.0, 0.0)	(99.0, 0.0)	(100.0, 0.0)
640B14_S88_L001_R1_001	(0.0, 2.0)	(1.0, 1.0)	(2.0, 0.0)	(3.0, 0.0)	(4.0, 0.0)	(5.0, 0.0)	(6.0, 0.0)	(7.0, 0.0)	(8.0, 0.0)	(9.0, 0.0)	(10.0, 0.0)	(11.0, 0.0)	(12.0, 0.0)	(13.0, 0.0)	(14.0, 0.0)	(15.0, 0.0)	(16.0, 0.0)	(17.0, 0.0)	(18.0, 0.0)	(19.0, 0.0)	(20.0, 0.0)	(21.0, 0.0)	(22.0, 0.0)	(23.0, 0.0)	(24.0, 0.0)	(25.0, 0.0)	(26.0, 0.0)	(27.0, 0.0)	(28.0, 0.25)	(29.0, 0.25)	(30.0, 0.0)	(31.0, 0.0)	(32.0, 0.0)	(33.0, 0.0)	(34.0, 0.0)	(35.0, 0.0)	(36.0, 0.0)	(37.0, 0.25)	(38.0, 0.8333333333333333)	(39.0, 0.25)	(40.0, 0.25)	(41.0, 1.75)	(42.0, 2.833333333333333)	(43.0, 3.833333333333333)	(44.0, 4.333333333333334)	(45.0, 5.5)	(46.0, 23.25)	(47.0, 191.5)	(48.0, 490.8333333333333)	(49.0, 1305.3333333333335)	(50.0, 814.5833333333334)	(51.0, 1256.25)	(52.0, 1829.5833333333333)	(53.0, 2498.249999999998)	(54.0, 2982.833333333335)	(55.0, 2236.499999999999)	(56.0, 771.0000000000002)	(57.0, 338.08333333333337)	(58.0, 120.16666666666664)	(59.0, 89.16666666666666)	(60.0, 57.91666666666668)	(61.0, 22.916666666666664)	(62.0, 9.833333333333332)	(63.0, 29.25)	(64.0, 49.0)	(65.0, 11.75)	(66.0, 1.75)	(67.0, 0.75)	(68.0, 0.75)	(69.0, 0.5)	(70.0, 0.25)	(71.0, 0.5)	(72.0, 0.0)	(73.0, 0.0)	(74.0, 0.0)	(75.0, 0.0)	(76.0, 0.0)	(77.0, 0.0)	(78.0, 0.0)	(79.0, 0.0)	(80.0, 0.0)	(81.0, 0.0)	(82.0, 0.0)	(83.0, 0.0)	(84.0, 0.0)	(85.0, 0.0)	(86.0, 0.0)	(87.0, 0.0)	(88.0, 0.0)	(89.0, 0.0)	(90.0, 0.0)	(91.0, 0.0)	(92.0, 0.0)	(93.0, 0.0)	(94.0, 0.0)	(95.0, 0.0)	(96.0, 0.0)	(97.0, 0.0)	(98.0, 0.0)	(99.0, 0.0)	(100.0, 0.0)
640B14_S88_L001_R2_001	(0.0, 2.0)	(1.0, 1.0)	(2.0, 0.0)	(3.0, 0.0)	(4.0, 0.0)	(5.0, 0.0)	(6.0, 0.0)	(7.0, 0.0)	(8.0, 0.0)	(9.0, 0.0)	(10.0, 0.0)	(11.0, 0.0)	(12.0, 0.0)	(13.0, 0.0)	(14.0, 0.0)	(15.0, 0.0)	(16.0, 0.0)	(17.0, 0.0)	(18.0, 0.0)	(19.0, 0.0)	(20.0, 0.0)	(21.0, 0.0)	(22.0, 0.0)	(23.0, 0.0)	(24.0, 0.0)	(25.0, 0.0)	(26.0, 0.0)	(27.0, 0.0)	(28.0, 0.0)	(29.0, 0.0)	(30.0, 0.0)	(31.0, 0.0)	(32.0, 0.0)	(33.0, 0.25)	(34.0, 1.0)	(35.0, 0.75)	(36.0, 0.5)	(37.0, 0.0)	(38.0, 0.25)	(39.0, 1.25)	(40.0, 1.25)	(41.0, 2.8333333333333335)	(42.0, 2.5833333333333335)	(43.0, 5.833333333333333)	(44.0, 9.083333333333334)	(45.0, 13.666666666666668)	(46.0, 41.0)	(47.0, 232.33333333333366)	(48.0, 560.9166666666664)	(49.0, 1195.0833333333335)	(50.0, 1250.583333333333)	(51.0, 920.0833333333355)	(52.0, 1712.0833333333264)	(53.0, 2921.41666666667)	(54.0, 3019.0833333333353)	(55.0, 1809.3333333333321)	(56.0, 726.1666666666672)	(57.0, 334.49999999999994)	(58.0, 116.3333333333333)	(59.0, 48.08333333333334)	(60.0, 35.83333333333333)	(61.0, 34.83333333333333)	(62.0, 50.33333333333335)	(63.0, 62.16666666666668)	(64.0, 50.833333333333336)	(65.0, 30.0)	(66.0, 12.5)	(67.0, 4.75)	(68.0, 2.0)	(69.0, 1.75)	(70.0, 1.75)	(71.0, 2.25)	(72.0, 1.75)	(73.0, 1.25)	(74.0, 0.5)	(75.0, 1.5)	(76.0, 0.5)	(77.0, 1.0)	(78.0, 1.25)	(79.0, 0.5)	(80.0, 0.5)	(81.0, 1.0)	(82.0, 0.25)	(83.0, 0.25)	(84.0, 0.0)	(85.0, 0.0)	(86.0, 0.75)	(87.0, 0.5)	(88.0, 0.25)	(89.0, 0.0)	(90.0, 0.25)	(91.0, 0.0)	(92.0, 0.5)	(93.0, 0.5)	(94.0, 0.0)	(95.0, 0.0)	(96.0, 0.0)	(97.0, 0.0)	(98.0, 0.0)	(99.0, 0.25)	(100.0, 1.3333333333333333)
644A14_S90_L001_R1_001	(0.0, 1.0)	(1.0, 0.5)	(2.0, 0.0)	(3.0, 0.0)	(4.0, 0.0)	(5.0, 0.0)	(6.0, 0.0)	(7.0, 0.0)	(8.0, 0.0)	(9.0, 0.0)	(10.0, 0.0)	(11.0, 0.0)	(12.0, 0.0)	(13.0, 0.0)	(14.0, 0.0)	(15.0, 0.0)	(16.0, 0.0)	(17.0, 0.0)	(18.0, 0.0)	(19.0, 0.0)	(20.0, 0.0)	(21.0, 0.0)	(22.0, 0.0)	(23.0, 0.0)	(24.0, 0.0)	(25.0, 0.0)	(26.0, 0.0)	(27.0, 0.0)	(28.0, 0.0)	(29.0, 0.0)	(30.0, 0.0)	(31.0, 0.0)	(32.0, 0.0)	(33.0, 0.0)	(34.0, 0.0)	(35.0, 0.0)	(36.0, 0.0)	(37.0, 0.0)	(38.0, 0.0)	(39.0, 0.0)	(40.0, 0.0)	(41.0, 0.5)	(42.0, 1.5)	(43.0, 2.75)	(44.0, 2.25)	(45.0, 3.25)	(46.0, 27.75)	(47.0, 225.0)	(48.0, 444.33333333333337)	(49.0, 439.74999999999994)	(50.0, 320.8333333333333)	(51.0, 605.6666666666666)	(52.0, 767.9166666666666)	(53.0, 1221.0000000000002)	(54.0, 2132.083333333331)	(55.0, 1992.833333333332)	(56.0, 597.8333333333333)	(57.0, 181.33333333333334)	(58.0, 93.1666666666666)	(59.0, 99.41666666666652)	(60.0, 98.83333333333327)	(61.0, 33.16666666666666)	(62.0, 16.25)	(63.0, 8.25)	(64.0, 3.5)	(65.0, 3.25)	(66.0, 8.75)	(67.0, 14.75)	(68.0, 0.5)	(69.0, 0.25)	(70.0, 0.25)	(71.0, 0.0)	(72.0, 0.0)	(73.0, 0.0)	(74.0, 0.0)	(75.0, 0.0)	(76.0, 0.0)	(77.0, 0.0)	(78.0, 0.0)	(79.0, 0.0)	(80.0, 0.0)	(81.0, 0.0)	(82.0, 0.0)	(83.0, 0.0)	(84.0, 0.0)	(85.0, 0.0)	(86.0, 0.0)	(87.0, 0.0)	(88.0, 0.0)	(89.0, 0.0)	(90.0, 0.0)	(91.0, 0.0)	(92.0, 0.0)	(93.0, 0.0)	(94.0, 0.0)	(95.0, 0.0)	(96.0, 0.0)	(97.0, 0.0)	(98.0, 0.0)	(99.0, 0.0)	(100.0, 0.0)
644A14_S90_L001_R2_001	(0.0, 1.0)	(1.0, 0.5)	(2.0, 0.0)	(3.0, 0.0)	(4.0, 0.0)	(5.0, 0.0)	(6.0, 0.0)	(7.0, 0.0)	(8.0, 0.0)	(9.0, 0.0)	(10.0, 0.0)	(11.0, 0.0)	(12.0, 0.0)	(13.0, 0.0)	(14.0, 0.0)	(15.0, 0.0)	(16.0, 0.0)	(17.0, 0.0)	(18.0, 0.0)	(19.0, 0.0)	(20.0, 0.0)	(21.0, 0.0)	(22.0, 0.0)	(23.0, 0.0)	(24.0, 0.0)	(25.0, 0.0)	(26.0, 0.0)	(27.0, 0.0)	(28.0, 0.0)	(29.0, 0.0)	(30.0, 0.0)	(31.0, 0.0)	(32.0, 0.0)	(33.0, 0.0)	(34.0, 0.0)	(35.0, 0.0)	(36.0, 0.25)	(37.0, 0.0)	(38.0, 0.0)	(39.0, 0.75)	(40.0, 0.3333333333333333)	(41.0, 1.0)	(42.0, 2.5)	(43.0, 4.333333333333333)	(44.0, 4.749999999999999)	(45.0, 7.583333333333333)	(46.0, 21.666666666666664)	(47.0, 180.83333333333343)	(48.0, 458.1666666666664)	(49.0, 499.33333333333314)	(50.0, 308.3333333333333)	(51.0, 423.16666666666623)	(52.0, 915.0000000000027)	(53.0, 1502.5833333333312)	(54.0, 1992.1666666666654)	(55.0, 1696.9166666666665)	(56.0, 543.25)	(57.0, 172.0)	(58.0, 135.0)	(59.0, 88.41666666666666)	(60.0, 35.416666666666664)	(61.0, 19.583333333333336)	(62.0, 12.0)	(63.0, 10.833333333333334)	(64.0, 10.833333333333334)	(65.0, 12.75)	(66.0, 10.5)	(67.0, 19.25)	(68.0, 18.0)	(69.0, 6.75)	(70.0, 2.5)	(71.0, 1.75)	(72.0, 0.75)	(73.0, 1.75)	(74.0, 1.0)	(75.0, 0.5)	(76.0, 0.0)	(77.0, 0.0)	(78.0, 0.25)	(79.0, 0.25)	(80.0, 0.5)	(81.0, 0.25)	(82.0, 0.75)	(83.0, 0.5)	(84.0, 0.25)	(85.0, 0.5)	(86.0, 0.75)	(87.0, 0.0)	(88.0, 0.0)	(89.0, 0.25)	(90.0, 0.75)	(91.0, 0.0)	(92.0, 0.25)	(93.0, 0.25)	(94.0, 0.0)	(95.0, 0.0)	(96.0, 0.0)	(97.0, 0.0)	(98.0, 0.0)	(99.0, 0.0)	(100.0, 0.0)
644B0_S91_L001_R1_001	(0.0, 1.0)	(1.0, 0.5)	(2.0, 0.0)	(3.0, 0.0)	(4.0, 0.0)	(5.0, 0.0)	(6.0, 0.0)	(7.0, 0.0)	(8.0, 0.0)	(9.0, 0.0)	(10.0, 0.0)	(11.0, 0.0)	(12.0, 0.0)	(13.0, 0.0)	(14.0, 0.0)	(15.0, 0.0)	(16.0, 0.0)	(17.0, 0.0)	(18.0, 0.0)	(19.0, 0.0)	(20.0, 0.0)	(21.0, 0.0)	(22.0, 0.0)	(23.0, 0.0)	(24.0, 0.0)	(25.0, 0.0)	(26.0, 0.0)	(27.0, 0.0)	(28.0, 0.0)	(29.0, 0.0)	(30.0, 0.0)	(31.0, 0.0)	(32.0, 0.0)	(33.0, 0.0)	(34.0, 0.0)	(35.0, 0.0)	(36.0, 0.0)	(37.0, 0.0)	(38.0, 0.0)	(39.0, 0.25)	(40.0, 0.25)	(41.0, 0.0)	(42.0, 0.25)	(43.0, 1.0)	(44.0, 1.25)	(45.0, 1.75)	(46.0, 39.5)	(47.0, 368.5)	(48.0, 789.3333333333334)	(49.0, 867.3333333333334)	(50.0, 403.4166666666667)	(51.0, 578.8333333333335)	(52.0, 696.5833333333334)	(53.0, 1061.0833333333344)	(54.0, 1724.1666666666642)	(55.0, 1587.8333333333326)	(56.0, 569.75)	(57.0, 282.75000000000006)	(58.0, 182.75000000000017)	(59.0, 219.83333333333417)	(60.0, 401.99999999999943)	(61.0, 187.58333333333334)	(62.0, 29.999999999999996)	(63.0, 16.75)	(64.0, 7.0)	(65.0, 5.75)	(66.0, 22.25)	(67.0, 33.75)	(68.0, 5.25)	(69.0, 0.75)	(70.0, 0.25)	(71.0, 0.0)	(72.0, 0.0)	(73.0, 0.0)	(74.0, 0.0)	(75.0, 0.0)	(76.0, 0.0)	(77.0, 0.25)	(78.0, 0.0)	(79.0, 0.0)	(80.0, 0.0)	(81.0, 0.0)	(82.0, 0.0)	(83.0, 0.0)	(84.0, 0.0)	(85.0, 0.0)	(86.0, 0.0)	(87.0, 0.0)	(88.0, 0.0)	(89.0, 0.0)	(90.0, 0.0)	(91.0, 0.0)	(92.0, 0.0)	(93.0, 0.0)	(94.0, 0.0)	(95.0, 0.0)	(96.0, 0.0)	(97.0, 0.0)	(98.0, 0.0)	(99.0, 0.0)	(100.0, 0.0)
644B0_S91_L001_R2_001	(0.0, 1.0)	(1.0, 0.5)	(2.0, 0.0)	(3.0, 0.0)	(4.0, 0.0)	(5.0, 0.0)	(6.0, 0.0)	(7.0, 0.0)	(8.0, 0.0)	(9.0, 0.0)	(10.0, 0.0)	(11.0, 0.0)	(12.0, 0.0)	(13.0, 0.0)	(14.0, 0.0)	(15.0, 0.0)	(16.0, 0.0)	(17.0, 0.0)	(18.0, 0.0)	(19.0, 0.0)	(20.0, 0.0)	(21.0, 0.0)	(22.0, 0.0)	(23.0, 0.0)	(24.0, 0.0)	(25.0, 0.0)	(26.0, 0.0)	(27.0, 0.0)	(28.0, 0.0)	(29.0, 0.0)	(30.0, 0.0)	(31.0, 0.0)	(32.0, 0.25)	(33.0, 0.0)	(34.0, 0.25)	(35.0, 0.25)	(36.0, 0.0)	(37.0, 0.0)	(38.0, 0.25)	(39.0, 0.75)	(40.0, 0.5)	(41.0, 1.25)	(42.0, 1.5)	(43.0, 2.0)	(44.0, 4.333333333333333)	(45.0, 9.5)	(46.0, 35.66666666666666)	(47.0, 282.3333333333336)	(48.0, 760.0833333333337)	(49.0, 954.0000000000003)	(50.0, 574.4166666666667)	(51.0, 480.9999999999994)	(52.0, 875.0833333333353)	(53.0, 1205.9166666666677)	(54.0, 1458.5833333333333)	(55.0, 1311.3333333333337)	(56.0, 590.0)	(57.0, 256.0)	(58.0, 426.24999999999994)	(59.0, 330.1666666666667)	(60.0, 108.83333333333333)	(61.0, 39.33333333333333)	(62.0, 22.499999999999996)	(63.0, 12.583333333333332)	(64.0, 14.833333333333334)	(65.0, 13.833333333333334)	(66.0, 13.75)	(67.0, 23.25)	(68.0, 24.5)	(69.0, 15.0)	(70.0, 6.5)	(71.0, 1.75)	(72.0, 1.75)	(73.0, 0.75)	(74.0, 0.75)	(75.0, 0.0)	(76.0, 0.5)	(77.0, 2.0)	(78.0, 0.5)	(79.0, 0.25)	(80.0, 0.25)	(81.0, 0.0)	(82.0, 0.5)	(83.0, 0.25)	(84.0, 0.5)	(85.0, 0.5)	(86.0, 0.25)	(87.0, 0.25)	(88.0, 0.0)	(89.0, 0.0)	(90.0, 0.0)	(91.0, 0.25)	(92.0, 0.0)	(93.0, 0.0)	(94.0, 0.0)	(95.0, 0.0)	(96.0, 0.0)	(97.0, 0.0)	(98.0, 0.25)	(99.0, 0.5)	(100.0, 0.0)
644B14_S92_L001_R1_001	(0.0, 0.0)	(1.0, 0.0)	(2.0, 0.0)	(3.0, 0.0)	(4.0, 0.0)	(5.0, 0.0)	(6.0, 0.0)	(7.0, 0.0)	(8.0, 0.0)	(9.0, 0.0)	(10.0, 0.0)	(11.0, 0.0)	(12.0, 0.0)	(13.0, 0.0)	(14.0, 0.0)	(15.0, 0.0)	(16.0, 0.0)	(17.0, 0.0)	(18.0, 0.0)	(19.0, 0.0)	(20.0, 0.0)	(21.0, 0.0)	(22.0, 0.0)	(23.0, 0.0)	(24.0, 0.0)	(25.0, 0.0)	(26.0, 0.0)	(27.0, 0.0)	(28.0, 0.0)	(29.0, 0.0)	(30.0, 0.0)	(31.0, 0.0)	(32.0, 0.0)	(33.0, 0.25)	(34.0, 0.0)	(35.0, 0.0)	(36.0, 0.0)	(37.0, 0.0)	(38.0, 0.0)	(39.0, 0.0)	(40.0, 0.0)	(41.0, 0.25)	(42.0, 0.25)	(43.0, 0.0)	(44.0, 0.5)	(45.0, 1.75)	(46.0, 14.75)	(47.0, 144.08333333333331)	(48.0, 300.0833333333333)	(49.0, 458.8333333333333)	(50.0, 322.5)	(51.0, 513.9166666666665)	(52.0, 646.75)	(53.0, 1266.0000000000005)	(54.0, 2075.5833333333308)	(55.0, 1915.5833333333323)	(56.0, 626.7499999999999)	(57.0, 245.58333333333343)	(58.0, 154.08333333333326)	(59.0, 221.83333333333454)	(60.0, 247.91666666666737)	(61.0, 96.83333333333331)	(62.0, 44.083333333333336)	(63.0, 19.833333333333332)	(64.0, 9.5)	(65.0, 5.75)	(66.0, 40.833333333333336)	(67.0, 70.75)	(68.0, 8.75)	(69.0, 1.0)	(70.0, 0.0)	(71.0, 0.0)	(72.0, 0.0)	(73.0, 0.0)	(74.0, 0.0)	(75.0, 0.0)	(76.0, 0.0)	(77.0, 0.0)	(78.0, 0.0)	(79.0, 0.0)	(80.0, 0.0)	(81.0, 0.0)	(82.0, 0.0)	(83.0, 0.0)	(84.0, 0.0)	(85.0, 0.0)	(86.0, 0.0)	(87.0, 0.0)	(88.0, 0.0)	(89.0, 0.0)	(90.0, 0.0)	(91.0, 0.0)	(92.0, 0.0)	(93.0, 0.0)	(94.0, 0.0)	(95.0, 0.0)	(96.0, 0.0)	(97.0, 0.0)	(98.0, 0.0)	(99.0, 0.0)	(100.0, 0.0)
644B14_S92_L001_R2_001	(0.0, 1.0)	(1.0, 0.5)	(2.0, 0.0)	(3.0, 0.0)	(4.0, 0.0)	(5.0, 0.0)	(6.0, 0.0)	(7.0, 0.0)	(8.0, 0.0)	(9.0, 0.0)	(10.0, 0.0)	(11.0, 0.0)	(12.0, 0.0)	(13.0, 0.0)	(14.0, 0.0)	(15.0, 0.0)	(16.0, 0.0)	(17.0, 0.0)	(18.0, 0.0)	(19.0, 0.0)	(20.0, 0.0)	(21.0, 0.0)	(22.0, 0.0)	(23.0, 0.0)	(24.0, 0.0)	(25.0, 0.0)	(26.0, 0.0)	(27.0, 0.0)	(28.0, 0.0)	(29.0, 0.0)	(30.0, 0.0)	(31.0, 0.0)	(32.0, 0.3333333333333333)	(33.0, 0.6666666666666666)	(34.0, 0.0)	(35.0, 0.0)	(36.0, 0.0)	(37.0, 0.0)	(38.0, 0.0)	(39.0, 0.25)	(40.0, 1.3333333333333333)	(41.0, 1.3333333333333333)	(42.0, 1.0)	(43.0, 1.0)	(44.0, 2.6666666666666665)	(45.0, 8.249999999999998)	(46.0, 17.916666666666668)	(47.0, 124.41666666666661)	(48.0, 335.58333333333326)	(49.0, 490.4166666666664)	(50.0, 403.5833333333331)	(51.0, 468.8333333333327)	(52.0, 944.833333333336)	(53.0, 1434.499999999998)	(54.0, 1849.4166666666654)	(55.0, 1620.4166666666665)	(56.0, 585.8333333333334)	(57.0, 239.91666666666666)	(58.0, 267.50000000000006)	(59.0, 179.33333333333334)	(60.0, 62.25000000000001)	(61.0, 29.833333333333332)	(62.0, 23.333333333333332)	(63.0, 23.916666666666664)	(64.0, 23.333333333333332)	(65.0, 24.416666666666668)	(66.0, 26.166666666666668)	(67.0, 54.75)	(68.0, 57.5)	(69.0, 23.5)	(70.0, 7.75)	(71.0, 2.25)	(72.0, 1.25)	(73.0, 1.0)	(74.0, 1.25)	(75.0, 0.25)	(76.0, 0.5)	(77.0, 0.5)	(78.0, 0.25)	(79.0, 0.25)	(80.0, 0.25)	(81.0, 0.0)	(82.0, 0.0)	(83.0, 0.0)	(84.0, 0.25)	(85.0, 0.25)	(86.0, 0.0)	(87.0, 0.5)	(88.0, 1.0)	(89.0, 0.25)	(90.0, 0.0)	(91.0, 0.0)	(92.0, 0.25)	(93.0, 0.25)	(94.0, 0.0)	(95.0, 0.0)	(96.0, 0.0)	(97.0, 0.0)	(98.0, 0.0)	(99.0, 0.0)	(100.0, 0.0)
651A0_S105_L001_R1_001	(0.0, 0.0)	(1.0, 0.0)	(2.0, 0.0)	(3.0, 0.0)	(4.0, 0.0)	(5.0, 0.0)	(6.0, 0.0)	(7.0, 0.0)	(8.0, 0.0)	(9.0, 0.0)	(10.0, 0.0)	(11.0, 0.0)	(12.0, 0.0)	(13.0, 0.0)	(14.0, 0.0)	(15.0, 0.0)	(16.0, 0.0)	(17.0, 0.0)	(18.0, 0.0)	(19.0, 0.0)	(20.0, 0.0)	(21.0, 0.0)	(22.0, 0.0)	(23.0, 0.0)	(24.0, 0.0)	(25.0, 0.0)	(26.0, 0.0)	(27.0, 0.0)	(28.0, 0.0)	(29.0, 0.0)	(30.0, 0.0)	(31.0, 0.0)	(32.0, 0.0)	(33.0, 0.0)	(34.0, 0.0)	(35.0, 0.0)	(36.0, 0.0)	(37.0, 0.0)	(38.0, 0.3333333333333333)	(39.0, 0.3333333333333333)	(40.0, 0.0)	(41.0, 0.0)	(42.0, 0.0)	(43.0, 0.25)	(44.0, 0.75)	(45.0, 1.25)	(46.0, 5.0)	(47.0, 3.8333333333333335)	(48.0, 2.5833333333333335)	(49.0, 5.25)	(50.0, 12.5)	(51.0, 51.16666666666667)	(52.0, 651.5833333333334)	(53.0, 3100.3333333333335)	(54.0, 1758.8333333333335)	(55.0, 956.6666666666669)	(56.0, 651.7500000000001)	(57.0, 989.3333333333356)	(58.0, 1231.5833333333317)	(59.0, 3146.6666666666983)	(60.0, 1774.7499999999925)	(61.0, 477.4166666666665)	(62.0, 282.0833333333333)	(63.0, 182.08333333333334)	(64.0, 52.25)	(65.0, 146.25)	(66.0, 723.25)	(67.0, 111.75)	(68.0, 7.25)	(69.0, 1.75)	(70.0, 1.25)	(71.0, 0.0)	(72.0, 0.0)	(73.0, 0.0)	(74.0, 0.0)	(75.0, 0.25)	(76.0, 0.0)	(77.0, 0.0)	(78.0, 0.0)	(79.0, 0.0)	(80.0, 0.0)	(81.0, 0.0)	(82.0, 0.0)	(83.0, 0.0)	(84.0, 0.0)	(85.0, 0.0)	(86.0, 0.0)	(87.0, 0.0)	(88.0, 0.0)	(89.0, 0.0)	(90.0, 0.0)	(91.0, 0.0)	(92.0, 0.0)	(93.0, 0.0)	(94.0, 0.0)	(95.0, 0.0)	(96.0, 0.0)	(97.0, 0.0)	(98.0, 0.0)	(99.0, 0.0)	(100.0, 0.0)
651A0_S105_L001_R2_001	(0.0, 0.0)	(1.0, 0.0)	(2.0, 0.0)	(3.0, 0.0)	(4.0, 0.0)	(5.0, 0.0)	(6.0, 0.0)	(7.0, 0.0)	(8.0, 0.0)	(9.0, 0.0)	(10.0, 0.0)	(11.0, 0.0)	(12.0, 0.0)	(13.0, 0.0)	(14.0, 0.0)	(15.0, 0.0)	(16.0, 0.0)	(17.0, 0.0)	(18.0, 0.0)	(19.0, 0.0)	(20.0, 0.0)	(21.0, 0.0)	(22.0, 0.0)	(23.0, 0.0)	(24.0, 0.0)	(25.0, 0.0)	(26.0, 0.0)	(27.0, 0.0)	(28.0, 0.0)	(29.0, 0.0)	(30.0, 0.0)	(31.0, 0.0)	(32.0, 0.0)	(33.0, 0.0)	(34.0, 0.25)	(35.0, 0.25)	(36.0, 0.5833333333333333)	(37.0, 0.0)	(38.0, 0.0)	(39.0, 0.0)	(40.0, 0.5)	(41.0, 0.75)	(42.0, 1.25)	(43.0, 1.0)	(44.0, 1.25)	(45.0, 1.0833333333333333)	(46.0, 3.0)	(47.0, 4.166666666666666)	(48.0, 6.75)	(49.0, 15.66666666666667)	(50.0, 35.41666666666666)	(51.0, 136.99999999999974)	(52.0, 489.99999999999704)	(53.0, 2261.249999999997)	(54.0, 3215.750000000004)	(55.0, 1888.249999999999)	(56.0, 797.2500000000003)	(57.0, 432.24999999999955)	(58.0, 1571.083333333324)	(59.0, 2281.833333333331)	(60.0, 917.0833333333339)	(61.0, 313.9166666666667)	(62.0, 157.5)	(63.0, 131.83333333333331)	(64.0, 136.41666666666666)	(65.0, 140.33333333333334)	(66.0, 257.5000000000004)	(67.0, 542.9999999999992)	(68.0, 550.4166666666666)	(69.0, 230.66666666666669)	(70.0, 70.58333333333333)	(71.0, 21.333333333333332)	(72.0, 6.833333333333334)	(73.0, 7.333333333333333)	(74.0, 5.5)	(75.0, 3.0)	(76.0, 4.25)	(77.0, 4.5)	(78.0, 3.0)	(79.0, 2.25)	(80.0, 2.0)	(81.0, 2.25)	(82.0, 1.5)	(83.0, 4.0)	(84.0, 1.75)	(85.0, 1.25)	(86.0, 1.0)	(87.0, 0.25)	(88.0, 0.75)	(89.0, 0.5)	(90.0, 0.5)	(91.0, 0.0)	(92.0, 0.5)	(93.0, 0.75)	(94.0, 0.25)	(95.0, 0.25)	(96.0, 0.25)	(97.0, 0.0)	(98.0, 0.0)	(99.0, 0.0)	(100.0, 0.0)
651A14_S106_L001_R1_001	(0.0, 0.0)	(1.0, 0.0)	(2.0, 0.0)	(3.0, 0.0)	(4.0, 0.0)	(5.0, 0.0)	(6.0, 0.0)	(7.0, 0.0)	(8.0, 0.0)	(9.0, 0.0)	(10.0, 0.0)	(11.0, 0.0)	(12.0, 0.0)	(13.0, 0.0)	(14.0, 0.0)	(15.0, 0.0)	(16.0, 0.0)	(17.0, 0.0)	(18.0, 0.0)	(19.0, 0.0)	(20.0, 0.0)	(21.0, 0.0)	(22.0, 0.0)	(23.0, 0.0)	(24.0, 0.0)	(25.0, 0.0)	(26.0, 0.0)	(27.0, 0.0)	(28.0, 0.0)	(29.0, 0.0)	(30.0, 0.0)	(31.0, 0.0)	(32.0, 0.0)	(33.0, 0.0)	(34.0, 0.0)	(35.0, 0.0)	(36.0, 0.0)	(37.0, 0.25)	(38.0, 0.25)	(39.0, 0.75)	(40.0, 1.75)	(41.0, 2.0)	(42.0, 1.0)	(43.0, 1.75)	(44.0, 14.666666666666666)	(45.0, 239.5)	(46.0, 747.0000000000001)	(47.0, 1252.5833333333333)	(48.0, 475.8333333333333)	(49.0, 195.25)	(50.0, 634.5833333333334)	(51.0, 874.0000000000001)	(52.0, 867.5000000000002)	(53.0, 1591.5833333333321)	(54.0, 1728.583333333332)	(55.0, 1122.7500000000002)	(56.0, 349.3333333333332)	(57.0, 236.66666666666686)	(58.0, 263.7500000000003)	(59.0, 331.74999999999994)	(60.0, 190.25000000000009)	(61.0, 80.33333333333334)	(62.0, 30.5)	(63.0, 20.25)	(64.0, 11.25)	(65.0, 33.5)	(66.0, 165.75)	(67.0, 31.75)	(68.0, 2.0)	(69.0, 0.25)	(70.0, 0.25)	(71.0, 0.25)	(72.0, 0.25)	(73.0, 0.0)	(74.0, 0.0)	(75.0, 0.0)	(76.0, 0.0)	(77.0, 0.0)	(78.0, 0.0)	(79.0, 0.0)	(80.0, 0.0)	(81.0, 0.0)	(82.0, 0.0)	(83.0, 0.0)	(84.0, 0.0)	(85.0, 0.0)	(86.0, 0.0)	(87.0, 0.0)	(88.0, 0.0)	(89.0, 0.0)	(90.0, 0.0)	(91.0, 0.0)	(92.0, 0.0)	(93.0, 0.0)	(94.0, 0.0)	(95.0, 0.0)	(96.0, 0.0)	(97.0, 0.0)	(98.0, 0.0)	(99.0, 0.0)	(100.0, 0.0)
651A14_S106_L001_R2_001	(0.0, 0.0)	(1.0, 0.0)	(2.0, 0.0)	(3.0, 0.0)	(4.0, 0.0)	(5.0, 0.0)	(6.0, 0.0)	(7.0, 0.0)	(8.0, 0.0)	(9.0, 0.0)	(10.0, 0.0)	(11.0, 0.0)	(12.0, 0.0)	(13.0, 0.0)	(14.0, 0.0)	(15.0, 0.0)	(16.0, 0.0)	(17.0, 0.0)	(18.0, 0.0)	(19.0, 0.0)	(20.0, 0.0)	(21.0, 0.0)	(22.0, 0.0)	(23.0, 0.0)	(24.0, 0.0)	(25.0, 0.0)	(26.0, 0.0)	(27.0, 0.0)	(28.0, 0.0)	(29.0, 0.0)	(30.0, 0.0)	(31.0, 0.0)	(32.0, 0.25)	(33.0, 0.0)	(34.0, 0.0)	(35.0, 0.0)	(36.0, 0.0)	(37.0, 0.0)	(38.0, 0.25)	(39.0, 1.0)	(40.0, 1.75)	(41.0, 2.5833333333333335)	(42.0, 3.083333333333333)	(43.0, 3.75)	(44.0, 5.333333333333333)	(45.0, 6.916666666666667)	(46.0, 14.500000000000004)	(47.0, 95.83333333333319)	(48.0, 894.1666666666684)	(49.0, 1503.4999999999995)	(50.0, 519.5833333333329)	(51.0, 353.3333333333331)	(52.0, 746.7500000000017)	(53.0, 1674.249999999996)	(54.0, 1937.4999999999973)	(55.0, 1459.583333333333)	(56.0, 800.0833333333334)	(57.0, 320.4166666666667)	(58.0, 258.4166666666668)	(59.0, 240.08333333333343)	(60.0, 96.5)	(61.0, 43.666666666666664)	(62.0, 29.166666666666664)	(63.0, 27.5)	(64.0, 34.58333333333333)	(65.0, 32.83333333333333)	(66.0, 55.00000000000001)	(67.0, 125.24999999999999)	(68.0, 130.33333333333334)	(69.0, 57.25)	(70.0, 19.0)	(71.0, 6.833333333333334)	(72.0, 4.083333333333334)	(73.0, 3.25)	(74.0, 1.0)	(75.0, 1.25)	(76.0, 1.25)	(77.0, 1.25)	(78.0, 0.75)	(79.0, 0.25)	(80.0, 1.0)	(81.0, 1.25)	(82.0, 1.5)	(83.0, 1.25)	(84.0, 0.5)	(85.0, 0.25)	(86.0, 0.25)	(87.0, 0.0)	(88.0, 0.0)	(89.0, 0.5)	(90.0, 0.25)	(91.0, 0.0)	(92.0, 0.0)	(93.0, 0.25)	(94.0, 0.0)	(95.0, 0.25)	(96.0, 0.0)	(97.0, 0.0)	(98.0, 0.0)	(99.0, 0.25)	(100.0, 0.3333333333333333)
651B0_S107_L001_R1_001	(0.0, 0.0)	(1.0, 0.0)	(2.0, 0.0)	(3.0, 0.0)	(4.0, 0.0)	(5.0, 0.0)	(6.0, 0.0)	(7.0, 0.0)	(8.0, 0.0)	(9.0, 0.0)	(10.0, 0.0)	(11.0, 0.0)	(12.0, 0.0)	(13.0, 0.0)	(14.0, 0.0)	(15.0, 0.0)	(16.0, 0.0)	(17.0, 0.0)	(18.0, 0.0)	(19.0, 0.0)	(20.0, 0.0)	(21.0, 0.0)	(22.0, 0.0)	(23.0, 0.0)	(24.0, 0.0)	(25.0, 0.0)	(26.0, 0.0)	(27.0, 0.0)	(28.0, 0.0)	(29.0, 0.0)	(30.0, 0.0)	(31.0, 0.0)	(32.0, 0.0)	(33.0, 0.0)	(34.0, 0.0)	(35.0, 0.0)	(36.0, 0.0)	(37.0, 0.3333333333333333)	(38.0, 0.5833333333333333)	(39.0, 0.5)	(40.0, 0.0)	(41.0, 0.0)	(42.0, 0.0)	(43.0, 0.25)	(44.0, 1.5)	(45.0, 46.33333333333333)	(46.0, 174.50000000000003)	(47.0, 271.25)	(48.0, 105.33333333333333)	(49.0, 58.75)	(50.0, 319.25)	(51.0, 653.6666666666667)	(52.0, 1113.7500000000002)	(53.0, 3158.250000000001)	(54.0, 2713.250000000001)	(55.0, 1140.0833333333335)	(56.0, 390.91666666666663)	(57.0, 367.3333333333333)	(58.0, 427.16666666666634)	(59.0, 280.5833333333334)	(60.0, 163.25000000000006)	(61.0, 83.58333333333333)	(62.0, 25.583333333333332)	(63.0, 9.5)	(64.0, 6.5)	(65.0, 21.25)	(66.0, 123.5)	(67.0, 20.5)	(68.0, 1.5)	(69.0, 0.0)	(70.0, 0.0)	(71.0, 0.25)	(72.0, 0.0)	(73.0, 0.0)	(74.0, 0.0)	(75.0, 0.0)	(76.0, 0.0)	(77.0, 0.0)	(78.0, 0.0)	(79.0, 0.0)	(80.0, 0.0)	(81.0, 0.0)	(82.0, 0.0)	(83.0, 0.0)	(84.0, 0.0)	(85.0, 0.0)	(86.0, 0.0)	(87.0, 0.0)	(88.0, 0.0)	(89.0, 0.0)	(90.0, 0.0)	(91.0, 0.0)	(92.0, 0.0)	(93.0, 0.0)	(94.0, 0.0)	(95.0, 0.0)	(96.0, 0.0)	(97.0, 0.0)	(98.0, 0.0)	(99.0, 0.0)	(100.0, 0.0)
651B0_S107_L001_R2_001	(0.0, 0.0)	(1.0, 0.0)	(2.0, 0.0)	(3.0, 0.0)	(4.0, 0.0)	(5.0, 0.0)	(6.0, 0.0)	(7.0, 0.0)	(8.0, 0.0)	(9.0, 0.0)	(10.0, 0.0)	(11.0, 0.0)	(12.0, 0.0)	(13.0, 0.0)	(14.0, 0.0)	(15.0, 0.0)	(16.0, 0.0)	(17.0, 0.0)	(18.0, 0.0)	(19.0, 0.0)	(20.0, 0.0)	(21.0, 0.0)	(22.0, 0.0)	(23.0, 0.0)	(24.0, 0.0)	(25.0, 0.0)	(26.0, 0.0)	(27.0, 0.0)	(28.0, 0.0)	(29.0, 0.0)	(30.0, 0.5)	(31.0, 0.0)	(32.0, 0.25)	(33.0, 0.0)	(34.0, 0.0)	(35.0, 0.0)	(36.0, 0.25)	(37.0, 0.0)	(38.0, 0.25)	(39.0, 0.0)	(40.0, 0.0)	(41.0, 0.25)	(42.0, 0.5)	(43.0, 1.25)	(44.0, 2.5)	(45.0, 2.583333333333333)	(46.0, 7.166666666666665)	(47.0, 29.916666666666654)	(48.0, 206.58333333333343)	(49.0, 351.74999999999994)	(50.0, 189.75000000000006)	(51.0, 274.58333333333366)	(52.0, 904.3333333333388)	(53.0, 2602.583333333336)	(54.0, 3357.0833333333385)	(55.0, 2098.333333333333)	(56.0, 769.9166666666667)	(57.0, 257.41666666666674)	(58.0, 201.50000000000014)	(59.0, 207.9166666666667)	(60.0, 92.66666666666667)	(61.0, 43.58333333333333)	(62.0, 30.166666666666664)	(63.0, 28.25)	(64.0, 27.666666666666668)	(65.0, 26.833333333333332)	(66.0, 39.583333333333336)	(67.0, 89.58333333333333)	(68.0, 100.5)	(69.0, 47.0)	(70.0, 15.75)	(71.0, 5.75)	(72.0, 3.75)	(73.0, 2.0)	(74.0, 2.083333333333333)	(75.0, 1.8333333333333333)	(76.0, 0.75)	(77.0, 0.75)	(78.0, 0.5)	(79.0, 0.25)	(80.0, 0.75)	(81.0, 1.25)	(82.0, 0.25)	(83.0, 0.25)	(84.0, 0.0)	(85.0, 0.25)	(86.0, 0.0)	(87.0, 0.0)	(88.0, 0.75)	(89.0, 0.0)	(90.0, 0.25)	(91.0, 0.25)	(92.0, 0.0)	(93.0, 0.25)	(94.0, 0.0)	(95.0, 0.0)	(96.0, 0.0)	(97.0, 0.0)	(98.0, 0.25)	(99.0, 0.25)	(100.0, 0.0)
651B14_S108_L001_R1_001	(0.0, 0.0)	(1.0, 0.0)	(2.0, 0.0)	(3.0, 0.0)	(4.0, 0.0)	(5.0, 0.0)	(6.0, 0.0)	(7.0, 0.0)	(8.0, 0.0)	(9.0, 0.0)	(10.0, 0.0)	(11.0, 0.0)	(12.0, 0.0)	(13.0, 0.0)	(14.0, 0.0)	(15.0, 0.0)	(16.0, 0.0)	(17.0, 0.0)	(18.0, 0.0)	(19.0, 0.0)	(20.0, 0.0)	(21.0, 0.0)	(22.0, 0.0)	(23.0, 0.0)	(24.0, 0.0)	(25.0, 0.0)	(26.0, 0.0)	(27.0, 0.0)	(28.0, 0.0)	(29.0, 0.0)	(30.0, 0.0)	(31.0, 0.0)	(32.0, 0.0)	(33.0, 0.0)	(34.0, 0.0)	(35.0, 0.0)	(36.0, 0.0)	(37.0, 0.0)	(38.0, 0.0)	(39.0, 0.0)	(40.0, 0.0)	(41.0, 0.0)	(42.0, 0.0)	(43.0, 0.5833333333333333)	(44.0, 2.833333333333333)	(45.0, 69.25)	(46.0, 402.33333333333326)	(47.0, 833.5000000000002)	(48.0, 284.83333333333337)	(49.0, 118.91666666666666)	(50.0, 344.0833333333333)	(51.0, 598.5833333333334)	(52.0, 766.3333333333334)	(53.0, 1832.8333333333328)	(54.0, 1446.5)	(55.0, 682.5833333333334)	(56.0, 270.33333333333337)	(57.0, 242.33333333333346)	(58.0, 283.83333333333354)	(59.0, 321.3333333333333)	(60.0, 159.66666666666666)	(61.0, 70.08333333333333)	(62.0, 23.5)	(63.0, 11.5)	(64.0, 5.5)	(65.0, 20.25)	(66.0, 102.5)	(67.0, 15.75)	(68.0, 1.25)	(69.0, 0.0)	(70.0, 0.0)	(71.0, 0.0)	(72.0, 0.0)	(73.0, 0.0)	(74.0, 0.0)	(75.0, 0.0)	(76.0, 0.0)	(77.0, 0.0)	(78.0, 0.0)	(79.0, 0.0)	(80.0, 0.0)	(81.0, 0.0)	(82.0, 0.0)	(83.0, 0.0)	(84.0, 0.0)	(85.0, 0.0)	(86.0, 0.0)	(87.0, 0.0)	(88.0, 0.0)	(89.0, 0.0)	(90.0, 0.0)	(91.0, 0.0)	(92.0, 0.0)	(93.0, 0.0)	(94.0, 0.0)	(95.0, 0.0)	(96.0, 0.0)	(97.0, 0.0)	(98.0, 0.0)	(99.0, 0.0)	(100.0, 0.0)
651B14_S108_L001_R2_001	(0.0, 0.0)	(1.0, 0.0)	(2.0, 0.0)	(3.0, 0.0)	(4.0, 0.0)	(5.0, 0.0)	(6.0, 0.0)	(7.0, 0.0)	(8.0, 0.0)	(9.0, 0.0)	(10.0, 0.0)	(11.0, 0.0)	(12.0, 0.0)	(13.0, 0.0)	(14.0, 0.0)	(15.0, 0.0)	(16.0, 0.0)	(17.0, 0.0)	(18.0, 0.0)	(19.0, 0.0)	(20.0, 0.0)	(21.0, 0.0)	(22.0, 0.0)	(23.0, 0.0)	(24.0, 0.0)	(25.0, 0.0)	(26.0, 0.0)	(27.0, 0.0)	(28.0, 0.0)	(29.0, 0.0)	(30.0, 0.0)	(31.0, 0.0)	(32.0, 0.0)	(33.0, 0.0)	(34.0, 0.0)	(35.0, 0.0)	(36.0, 0.0)	(37.0, 0.25)	(38.0, 0.0)	(39.0, 0.0)	(40.0, 0.25)	(41.0, 1.6666666666666665)	(42.0, 2.083333333333333)	(43.0, 0.75)	(44.0, 1.9166666666666665)	(45.0, 4.25)	(46.0, 10.166666666666666)	(47.0, 71.50000000000004)	(48.0, 586.2499999999999)	(49.0, 853.5833333333337)	(50.0, 295.16666666666674)	(51.0, 255.75000000000057)	(52.0, 606.6666666666666)	(53.0, 1552.8333333333298)	(54.0, 1948.3333333333326)	(55.0, 1304.6666666666665)	(56.0, 476.1666666666666)	(57.0, 158.33333333333334)	(58.0, 198.33333333333343)	(59.0, 233.9166666666667)	(60.0, 103.33333333333333)	(61.0, 41.75)	(62.0, 27.833333333333336)	(63.0, 25.583333333333332)	(64.0, 23.5)	(65.0, 24.0)	(66.0, 41.66666666666668)	(67.0, 79.74999999999999)	(68.0, 89.58333333333334)	(69.0, 43.0)	(70.0, 13.0)	(71.0, 3.25)	(72.0, 1.75)	(73.0, 0.75)	(74.0, 0.75)	(75.0, 0.25)	(76.0, 0.5)	(77.0, 1.25)	(78.0, 0.75)	(79.0, 0.0)	(80.0, 0.25)	(81.0, 0.75)	(82.0, 0.5)	(83.0, 0.75)	(84.0, 0.0)	(85.0, 0.5)	(86.0, 0.25)	(87.0, 0.5)	(88.0, 0.25)	(89.0, 0.25)	(90.0, 0.25)	(91.0, 0.0)	(92.0, 0.25)	(93.0, 0.0)	(94.0, 0.0)	(95.0, 0.0)	(96.0, 0.0)	(97.0, 0.25)	(98.0, 0.0)	(99.0, 0.25)	(100.0, 0.0)
653A0_S113_L001_R1_001	(0.0, 0.0)	(1.0, 0.0)	(2.0, 0.0)	(3.0, 0.0)	(4.0, 0.0)	(5.0, 0.0)	(6.0, 0.0)	(7.0, 0.0)	(8.0, 0.0)	(9.0, 0.0)	(10.0, 0.0)	(11.0, 0.0)	(12.0, 0.0)	(13.0, 0.0)	(14.0, 0.0)	(15.0, 0.0)	(16.0, 0.0)	(17.0, 0.0)	(18.0, 0.0)	(19.0, 0.0)	(20.0, 0.0)	(21.0, 0.0)	(22.0, 0.0)	(23.0, 0.0)	(24.0, 0.0)	(25.0, 0.0)	(26.0, 0.0)	(27.0, 0.0)	(28.0, 0.0)	(29.0, 0.0)	(30.0, 0.0)	(31.0, 0.0)	(32.0, 0.0)	(33.0, 0.0)	(34.0, 0.0)	(35.0, 0.0)	(36.0, 0.0)	(37.0, 0.0)	(38.0, 0.0)	(39.0, 0.0)	(40.0, 0.0)	(41.0, 0.0)	(42.0, 0.0)	(43.0, 0.0)	(44.0, 0.5)	(45.0, 2.5)	(46.0, 5.75)	(47.0, 66.25)	(48.0, 212.41666666666669)	(49.0, 1244.25)	(50.0, 1560.9166666666665)	(51.0, 1185.5)	(52.0, 1368.5833333333335)	(53.0, 1611.416666666666)	(54.0, 1074.6666666666672)	(55.0, 408.08333333333326)	(56.0, 111.83333333333333)	(57.0, 30.666666666666668)	(58.0, 23.91666666666666)	(59.0, 32.33333333333332)	(60.0, 14.91666666666667)	(61.0, 9.833333333333332)	(62.0, 15.25)	(63.0, 9.0)	(64.0, 0.75)	(65.0, 1.75)	(66.0, 6.5)	(67.0, 1.75)	(68.0, 0.0)	(69.0, 0.0)	(70.0, 0.0)	(71.0, 0.0)	(72.0, 0.0)	(73.0, 0.0)	(74.0, 0.0)	(75.0, 0.0)	(76.0, 0.0)	(77.0, 0.0)	(78.0, 0.0)	(79.0, 0.0)	(80.0, 0.0)	(81.0, 0.0)	(82.0, 0.0)	(83.0, 0.0)	(84.0, 0.0)	(85.0, 0.0)	(86.0, 0.0)	(87.0, 0.0)	(88.0, 0.0)	(89.0, 0.0)	(90.0, 0.0)	(91.0, 0.0)	(92.0, 0.0)	(93.0, 0.0)	(94.0, 0.0)	(95.0, 0.0)	(96.0, 0.0)	(97.0, 0.0)	(98.0, 0.0)	(99.0, 0.0)	(100.0, 0.0)
653A0_S113_L001_R2_001	(0.0, 0.0)	(1.0, 0.0)	(2.0, 0.0)	(3.0, 0.0)	(4.0, 0.0)	(5.0, 0.0)	(6.0, 0.0)	(7.0, 0.0)	(8.0, 0.0)	(9.0, 0.0)	(10.0, 0.0)	(11.0, 0.0)	(12.0, 0.0)	(13.0, 0.0)	(14.0, 0.0)	(15.0, 0.0)	(16.0, 0.0)	(17.0, 0.0)	(18.0, 0.0)	(19.0, 0.0)	(20.0, 0.0)	(21.0, 0.0)	(22.0, 0.0)	(23.0, 0.0)	(24.0, 0.0)	(25.0, 0.0)	(26.0, 0.0)	(27.0, 0.0)	(28.0, 0.0)	(29.0, 0.0)	(30.0, 0.0)	(31.0, 0.3333333333333333)	(32.0, 0.3333333333333333)	(33.0, 0.0)	(34.0, 0.25)	(35.0, 0.25)	(36.0, 0.25)	(37.0, 0.0)	(38.0, 0.25)	(39.0, 0.75)	(40.0, 0.75)	(41.0, 0.5)	(42.0, 0.8333333333333333)	(43.0, 1.0833333333333333)	(44.0, 2.083333333333333)	(45.0, 2.8333333333333335)	(46.0, 6.083333333333333)	(47.0, 19.833333333333336)	(48.0, 96.91666666666667)	(49.0, 165.83333333333331)	(50.0, 190.66666666666674)	(51.0, 607.0000000000002)	(52.0, 2012.9166666666547)	(53.0, 2164.9166666666606)	(54.0, 1764.1666666666633)	(55.0, 1209.8333333333333)	(56.0, 463.99999999999994)	(57.0, 151.24999999999997)	(58.0, 49.50000000000001)	(59.0, 30.33333333333333)	(60.0, 20.5)	(61.0, 15.750000000000002)	(62.0, 11.416666666666666)	(63.0, 10.666666666666666)	(64.0, 15.666666666666666)	(65.0, 13.416666666666666)	(66.0, 9.0)	(67.0, 7.75)	(68.0, 7.0)	(69.0, 3.25)	(70.0, 1.75)	(71.0, 1.25)	(72.0, 1.0)	(73.0, 0.0)	(74.0, 0.0)	(75.0, 0.5)	(76.0, 1.0)	(77.0, 0.25)	(78.0, 0.25)	(79.0, 0.5)	(80.0, 0.5)	(81.0, 0.25)	(82.0, 0.25)	(83.0, 0.0)	(84.0, 0.0)	(85.0, 0.5)	(86.0, 0.0)	(87.0, 0.0)	(88.0, 0.25)	(89.0, 0.0)	(90.0, 0.0)	(91.0, 0.0)	(92.0, 0.0)	(93.0, 0.0)	(94.0, 0.25)	(95.0, 0.25)	(96.0, 0.0)	(97.0, 0.25)	(98.0, 0.5)	(99.0, 0.0)	(100.0, 0.0)
653A14_S114_L001_R1_001	(0.0, 0.0)	(1.0, 0.0)	(2.0, 0.0)	(3.0, 0.0)	(4.0, 0.0)	(5.0, 0.0)	(6.0, 0.0)	(7.0, 0.0)	(8.0, 0.0)	(9.0, 0.0)	(10.0, 0.0)	(11.0, 0.0)	(12.0, 0.0)	(13.0, 0.0)	(14.0, 0.0)	(15.0, 0.0)	(16.0, 0.0)	(17.0, 0.0)	(18.0, 0.0)	(19.0, 0.0)	(20.0, 0.0)	(21.0, 0.0)	(22.0, 0.0)	(23.0, 0.0)	(24.0, 0.0)	(25.0, 0.0)	(26.0, 0.0)	(27.0, 0.0)	(28.0, 0.0)	(29.0, 0.0)	(30.0, 0.0)	(31.0, 0.0)	(32.0, 0.0)	(33.0, 0.0)	(34.0, 0.0)	(35.0, 0.0)	(36.0, 0.0)	(37.0, 0.0)	(38.0, 0.0)	(39.0, 0.0)	(40.0, 0.0)	(41.0, 0.25)	(42.0, 0.0)	(43.0, 0.5)	(44.0, 1.5)	(45.0, 1.0)	(46.0, 6.25)	(47.0, 64.5)	(48.0, 285.08333333333337)	(49.0, 1392.0833333333326)	(50.0, 1761.5833333333326)	(51.0, 1203.0833333333337)	(52.0, 1035.166666666667)	(53.0, 1088.5833333333335)	(54.0, 1082.0833333333337)	(55.0, 364.66666666666663)	(56.0, 79.91666666666667)	(57.0, 21.833333333333332)	(58.0, 14.666666666666668)	(59.0, 19.333333333333332)	(60.0, 10.833333333333334)	(61.0, 6.333333333333334)	(62.0, 10.0)	(63.0, 8.0)	(64.0, 0.5)	(65.0, 1.25)	(66.0, 8.25)	(67.0, 1.0)	(68.0, 0.25)	(69.0, 0.0)	(70.0, 0.0)	(71.0, 0.0)	(72.0, 0.0)	(73.0, 0.0)	(74.0, 0.0)	(75.0, 0.0)	(76.0, 0.0)	(77.0, 0.0)	(78.0, 0.25)	(79.0, 0.25)	(80.0, 0.0)	(81.0, 0.0)	(82.0, 0.0)	(83.0, 0.0)	(84.0, 0.0)	(85.0, 0.0)	(86.0, 0.0)	(87.0, 0.0)	(88.0, 0.0)	(89.0, 0.0)	(90.0, 0.0)	(91.0, 0.0)	(92.0, 0.0)	(93.0, 0.0)	(94.0, 0.0)	(95.0, 0.0)	(96.0, 0.0)	(97.0, 0.0)	(98.0, 0.0)	(99.0, 0.0)	(100.0, 0.0)
653A14_S114_L001_R2_001	(0.0, 0.0)	(1.0, 0.0)	(2.0, 0.0)	(3.0, 0.0)	(4.0, 0.0)	(5.0, 0.0)	(6.0, 0.0)	(7.0, 0.0)	(8.0, 0.0)	(9.0, 0.0)	(10.0, 0.0)	(11.0, 0.0)	(12.0, 0.0)	(13.0, 0.0)	(14.0, 0.0)	(15.0, 0.0)	(16.0, 0.0)	(17.0, 0.0)	(18.0, 0.0)	(19.0, 0.0)	(20.0, 0.0)	(21.0, 0.0)	(22.0, 0.0)	(23.0, 0.0)	(24.0, 0.0)	(25.0, 0.0)	(26.0, 0.0)	(27.0, 0.0)	(28.0, 0.0)	(29.0, 0.0)	(30.0, 0.0)	(31.0, 0.0)	(32.0, 0.0)	(33.0, 0.0)	(34.0, 0.25)	(35.0, 0.0)	(36.0, 0.25)	(37.0, 0.25)	(38.0, 0.0)	(39.0, 0.25)	(40.0, 0.5)	(41.0, 1.5)	(42.0, 1.75)	(43.0, 1.25)	(44.0, 1.5)	(45.0, 3.25)	(46.0, 7.25)	(47.0, 12.333333333333334)	(48.0, 88.75)	(49.0, 178.25000000000003)	(50.0, 209.9166666666668)	(51.0, 648.5000000000008)	(52.0, 2095.333333333323)	(53.0, 2055.833333333328)	(54.0, 1423.833333333333)	(55.0, 1106.9166666666667)	(56.0, 438.99999999999994)	(57.0, 138.58333333333331)	(58.0, 50.91666666666667)	(59.0, 20.333333333333336)	(60.0, 14.416666666666666)	(61.0, 12.75)	(62.0, 10.083333333333332)	(63.0, 10.083333333333332)	(64.0, 10.0)	(65.0, 10.0)	(66.0, 5.666666666666666)	(67.0, 6.75)	(68.0, 7.583333333333333)	(69.0, 4.083333333333334)	(70.0, 3.25)	(71.0, 0.75)	(72.0, 1.25)	(73.0, 1.0)	(74.0, 0.75)	(75.0, 0.0)	(76.0, 0.5)	(77.0, 0.5)	(78.0, 0.5)	(79.0, 0.5)	(80.0, 0.0)	(81.0, 0.0)	(82.0, 0.25)	(83.0, 0.0)	(84.0, 0.25)	(85.0, 0.0)	(86.0, 0.0)	(87.0, 0.0)	(88.0, 0.0)	(89.0, 0.0)	(90.0, 0.0)	(91.0, 0.0)	(92.0, 0.25)	(93.0, 0.25)	(94.0, 0.0)	(95.0, 0.0)	(96.0, 0.0)	(97.0, 0.0)	(98.0, 0.0)	(99.0, 0.25)	(100.0, 0.3333333333333333)
653B0_S115_L001_R1_001	(0.0, 0.0)	(1.0, 0.0)	(2.0, 0.0)	(3.0, 0.0)	(4.0, 0.0)	(5.0, 0.0)	(6.0, 0.0)	(7.0, 0.0)	(8.0, 0.0)	(9.0, 0.0)	(10.0, 0.0)	(11.0, 0.0)	(12.0, 0.0)	(13.0, 0.0)	(14.0, 0.0)	(15.0, 0.0)	(16.0, 0.0)	(17.0, 0.0)	(18.0, 0.0)	(19.0, 0.0)	(20.0, 0.0)	(21.0, 0.0)	(22.0, 0.0)	(23.0, 0.0)	(24.0, 0.0)	(25.0, 0.0)	(26.0, 0.0)	(27.0, 0.0)	(28.0, 0.0)	(29.0, 0.0)	(30.0, 0.0)	(31.0, 0.0)	(32.0, 0.0)	(33.0, 0.0)	(34.0, 0.0)	(35.0, 0.0)	(36.0, 0.25)	(37.0, 0.0)	(38.0, 0.0)	(39.0, 0.25)	(40.0, 0.25)	(41.0, 0.0)	(42.0, 0.25)	(43.0, 0.0)	(44.0, 0.75)	(45.0, 0.75)	(46.0, 5.0)	(47.0, 69.41666666666667)	(48.0, 235.50000000000009)	(49.0, 1170.1666666666665)	(50.0, 1459.3333333333328)	(51.0, 1465.7499999999993)	(52.0, 1478.9166666666658)	(53.0, 1376.3333333333333)	(54.0, 756.6666666666669)	(55.0, 299.58333333333337)	(56.0, 107.41666666666666)	(57.0, 28.0)	(58.0, 21.333333333333332)	(59.0, 22.833333333333336)	(60.0, 9.083333333333332)	(61.0, 6.083333333333333)	(62.0, 8.0)	(63.0, 5.25)	(64.0, 0.25)	(65.0, 4.0)	(66.0, 16.0)	(67.0, 3.5)	(68.0, 0.5)	(69.0, 0.0)	(70.0, 0.0)	(71.0, 0.0)	(72.0, 0.0)	(73.0, 0.0)	(74.0, 0.0)	(75.0, 0.0)	(76.0, 0.0)	(77.0, 0.0)	(78.0, 0.0)	(79.0, 0.0)	(80.0, 0.0)	(81.0, 0.0)	(82.0, 0.0)	(83.0, 0.0)	(84.0, 0.0)	(85.0, 0.0)	(86.0, 0.0)	(87.0, 0.0)	(88.0, 0.0)	(89.0, 0.0)	(90.0, 0.0)	(91.0, 0.0)	(92.0, 0.0)	(93.0, 0.0)	(94.0, 0.0)	(95.0, 0.0)	(96.0, 0.0)	(97.0, 0.0)	(98.0, 0.0)	(99.0, 0.0)	(100.0, 0.0)
653B0_S115_L001_R2_001	(0.0, 0.0)	(1.0, 0.0)	(2.0, 0.0)	(3.0, 0.0)	(4.0, 0.0)	(5.0, 0.0)	(6.0, 0.0)	(7.0, 0.0)	(8.0, 0.0)	(9.0, 0.0)	(10.0, 0.0)	(11.0, 0.0)	(12.0, 0.0)	(13.0, 0.0)	(14.0, 0.0)	(15.0, 0.0)	(16.0, 0.0)	(17.0, 0.0)	(18.0, 0.0)	(19.0, 0.0)	(20.0, 0.0)	(21.0, 0.0)	(22.0, 0.0)	(23.0, 0.0)	(24.0, 0.0)	(25.0, 0.0)	(26.0, 0.0)	(27.0, 0.0)	(28.0, 0.0)	(29.0, 0.0)	(30.0, 0.0)	(31.0, 0.0)	(32.0, 0.25)	(33.0, 0.25)	(34.0, 0.0)	(35.0, 0.0)	(36.0, 0.0)	(37.0, 0.5)	(38.0, 0.0)	(39.0, 0.25)	(40.0, 0.8333333333333333)	(41.0, 0.8333333333333333)	(42.0, 0.5)	(43.0, 1.25)	(44.0, 1.0)	(45.0, 3.416666666666667)	(46.0, 5.749999999999999)	(47.0, 16.916666666666668)	(48.0, 97.99999999999997)	(49.0, 169.75000000000003)	(50.0, 227.7500000000004)	(51.0, 682.4166666666677)	(52.0, 2052.166666666657)	(53.0, 2347.1666666666647)	(54.0, 1672.2499999999982)	(55.0, 855.2500000000008)	(56.0, 316.25)	(57.0, 110.49999999999999)	(58.0, 38.166666666666664)	(59.0, 16.5)	(60.0, 12.5)	(61.0, 11.25)	(62.0, 10.333333333333332)	(63.0, 9.583333333333332)	(64.0, 11.166666666666666)	(65.0, 9.333333333333332)	(66.0, 9.083333333333334)	(67.0, 7.75)	(68.0, 10.25)	(69.0, 7.75)	(70.0, 1.75)	(71.0, 0.5)	(72.0, 1.25)	(73.0, 1.0)	(74.0, 1.0)	(75.0, 0.25)	(76.0, 0.5)	(77.0, 0.25)	(78.0, 0.75)	(79.0, 0.75)	(80.0, 0.0)	(81.0, 0.0)	(82.0, 0.0)	(83.0, 0.0)	(84.0, 0.25)	(85.0, 0.0)	(86.0, 0.0)	(87.0, 0.0)	(88.0, 0.0)	(89.0, 0.0)	(90.0, 0.0)	(91.0, 0.0)	(92.0, 0.25)	(93.0, 0.0)	(94.0, 0.0)	(95.0, 0.0)	(96.0, 0.0)	(97.0, 0.0)	(98.0, 0.0)	(99.0, 0.25)	(100.0, 0.6666666666666666)
653B14_S116_L001_R1_001	(0.0, 0.0)	(1.0, 0.0)	(2.0, 0.0)	(3.0, 0.0)	(4.0, 0.0)	(5.0, 0.0)	(6.0, 0.0)	(7.0, 0.0)	(8.0, 0.0)	(9.0, 0.0)	(10.0, 0.0)	(11.0, 0.0)	(12.0, 0.0)	(13.0, 0.0)	(14.0, 0.0)	(15.0, 0.0)	(16.0, 0.0)	(17.0, 0.0)	(18.0, 0.0)	(19.0, 0.0)	(20.0, 0.0)	(21.0, 0.0)	(22.0, 0.0)	(23.0, 0.0)	(24.0, 0.0)	(25.0, 0.0)	(26.0, 0.0)	(27.0, 0.0)	(28.0, 0.0)	(29.0, 0.0)	(30.0, 0.0)	(31.0, 0.0)	(32.0, 0.0)	(33.0, 0.0)	(34.0, 0.0)	(35.0, 0.0)	(36.0, 0.0)	(37.0, 0.0)	(38.0, 0.0)	(39.0, 0.0)	(40.0, 0.0)	(41.0, 0.0)	(42.0, 0.0)	(43.0, 0.25)	(44.0, 0.5)	(45.0, 1.25)	(46.0, 7.25)	(47.0, 58.08333333333333)	(48.0, 234.41666666666674)	(49.0, 1328.5833333333328)	(50.0, 1678.0833333333333)	(51.0, 1249.166666666667)	(52.0, 1316.0000000000005)	(53.0, 1403.0833333333333)	(54.0, 921.9166666666667)	(55.0, 373.83333333333337)	(56.0, 96.91666666666667)	(57.0, 23.416666666666668)	(58.0, 16.416666666666664)	(59.0, 17.916666666666668)	(60.0, 9.416666666666668)	(61.0, 5.0)	(62.0, 3.25)	(63.0, 2.75)	(64.0, 0.5)	(65.0, 1.75)	(66.0, 8.5)	(67.0, 1.25)	(68.0, 0.25)	(69.0, 0.0)	(70.0, 0.0)	(71.0, 0.0)	(72.0, 0.0)	(73.0, 0.0)	(74.0, 0.0)	(75.0, 0.0)	(76.0, 0.0)	(77.0, 0.0)	(78.0, 0.0)	(79.0, 0.0)	(80.0, 0.0)	(81.0, 0.0)	(82.0, 0.0)	(83.0, 0.0)	(84.0, 0.0)	(85.0, 0.0)	(86.0, 0.0)	(87.0, 0.0)	(88.0, 0.0)	(89.0, 0.0)	(90.0, 0.0)	(91.0, 0.0)	(92.0, 0.0)	(93.0, 0.0)	(94.0, 0.0)	(95.0, 0.0)	(96.0, 0.0)	(97.0, 0.0)	(98.0, 0.0)	(99.0, 0.0)	(100.0, 0.0)
653B14_S116_L001_R2_001	(0.0, 0.0)	(1.0, 0.0)	(2.0, 0.0)	(3.0, 0.0)	(4.0, 0.0)	(5.0, 0.0)	(6.0, 0.0)	(7.0, 0.0)	(8.0, 0.0)	(9.0, 0.0)	(10.0, 0.0)	(11.0, 0.0)	(12.0, 0.0)	(13.0, 0.0)	(14.0, 0.0)	(15.0, 0.0)	(16.0, 0.0)	(17.0, 0.0)	(18.0, 0.0)	(19.0, 0.0)	(20.0, 0.0)	(21.0, 0.0)	(22.0, 0.0)	(23.0, 0.0)	(24.0, 0.0)	(25.0, 0.0)	(26.0, 0.0)	(27.0, 0.0)	(28.0, 0.0)	(29.0, 0.0)	(30.0, 0.0)	(31.0, 0.0)	(32.0, 0.25)	(33.0, 0.25)	(34.0, 0.3333333333333333)	(35.0, 0.5833333333333333)	(36.0, 0.0)	(37.0, 0.3333333333333333)	(38.0, 0.25)	(39.0, 0.25)	(40.0, 0.25)	(41.0, 0.5833333333333333)	(42.0, 1.1666666666666665)	(43.0, 0.0)	(44.0, 1.5833333333333333)	(45.0, 2.75)	(46.0, 7.166666666666666)	(47.0, 18.416666666666664)	(48.0, 74.91666666666664)	(49.0, 143.83333333333331)	(50.0, 222.41666666666688)	(51.0, 702.7500000000017)	(52.0, 2101.666666666657)	(53.0, 2311.333333333332)	(54.0, 1662.416666666665)	(55.0, 970.0833333333339)	(56.0, 405.8333333333333)	(57.0, 143.0)	(58.0, 45.5)	(59.0, 21.5)	(60.0, 17.0)	(61.0, 10.75)	(62.0, 7.75)	(63.0, 9.416666666666668)	(64.0, 8.333333333333334)	(65.0, 9.0)	(66.0, 5.166666666666666)	(67.0, 4.5)	(68.0, 6.75)	(69.0, 5.25)	(70.0, 2.25)	(71.0, 2.0)	(72.0, 0.75)	(73.0, 0.5)	(74.0, 0.25)	(75.0, 0.25)	(76.0, 0.0)	(77.0, 0.25)	(78.0, 0.25)	(79.0, 0.25)	(80.0, 0.0)	(81.0, 0.0)	(82.0, 0.0)	(83.0, 0.0)	(84.0, 0.0)	(85.0, 0.25)	(86.0, 0.75)	(87.0, 0.25)	(88.0, 0.0)	(89.0, 0.0)	(90.0, 0.0)	(91.0, 0.0)	(92.0, 0.0)	(93.0, 0.0)	(94.0, 0.0)	(95.0, 0.0)	(96.0, 0.0)	(97.0, 0.25)	(98.0, 0.0)	(99.0, 0.0)	(100.0, 0.3333333333333333)
655A14_S126_L001_R1_001	(0.0, 0.0)	(1.0, 0.0)	(2.0, 0.0)	(3.0, 0.0)	(4.0, 0.0)	(5.0, 0.0)	(6.0, 0.0)	(7.0, 0.0)	(8.0, 0.0)	(9.0, 0.0)	(10.0, 0.0)	(11.0, 0.0)	(12.0, 0.0)	(13.0, 0.0)	(14.0, 0.0)	(15.0, 0.0)	(16.0, 0.0)	(17.0, 0.0)	(18.0, 0.0)	(19.0, 0.0)	(20.0, 0.0)	(21.0, 0.0)	(22.0, 0.0)	(23.0, 0.0)	(24.0, 0.0)	(25.0, 0.0)	(26.0, 0.0)	(27.0, 0.0)	(28.0, 0.0)	(29.0, 0.0)	(30.0, 0.0)	(31.0, 0.0)	(32.0, 0.0)	(33.0, 0.0)	(34.0, 0.0)	(35.0, 0.0)	(36.0, 0.0)	(37.0, 0.0)	(38.0, 0.0)	(39.0, 0.0)	(40.0, 0.0)	(41.0, 0.0)	(42.0, 0.5)	(43.0, 1.5)	(44.0, 1.0833333333333333)	(45.0, 0.8333333333333333)	(46.0, 10.250000000000002)	(47.0, 97.58333333333333)	(48.0, 206.0000000000001)	(49.0, 497.9999999999997)	(50.0, 482.1666666666661)	(51.0, 738.0000000000008)	(52.0, 1260.3333333333335)	(53.0, 1647.0833333333333)	(54.0, 1309.5000000000005)	(55.0, 698.5833333333334)	(56.0, 521.4999999999998)	(57.0, 403.91666666666646)	(58.0, 322.24999999999994)	(59.0, 163.9166666666666)	(60.0, 73.66666666666667)	(61.0, 23.5)	(62.0, 13.583333333333334)	(63.0, 10.583333333333334)	(64.0, 7.25)	(65.0, 9.0)	(66.0, 49.75)	(67.0, 13.0)	(68.0, 0.0)	(69.0, 0.75)	(70.0, 0.5)	(71.0, 0.25)	(72.0, 0.5)	(73.0, 0.0)	(74.0, 0.0)	(75.0, 0.0)	(76.0, 0.0)	(77.0, 0.0)	(78.0, 0.0)	(79.0, 0.0)	(80.0, 0.0)	(81.0, 0.0)	(82.0, 0.0)	(83.0, 0.0)	(84.0, 0.0)	(85.0, 0.0)	(86.0, 0.0)	(87.0, 0.0)	(88.0, 0.0)	(89.0, 0.0)	(90.0, 0.0)	(91.0, 0.0)	(92.0, 0.0)	(93.0, 0.0)	(94.0, 0.0)	(95.0, 0.0)	(96.0, 0.0)	(97.0, 0.0)	(98.0, 0.0)	(99.0, 0.0)	(100.0, 0.0)
655A14_S126_L001_R2_001	(0.0, 0.0)	(1.0, 0.0)	(2.0, 0.0)	(3.0, 0.0)	(4.0, 0.0)	(5.0, 0.0)	(6.0, 0.0)	(7.0, 0.0)	(8.0, 0.0)	(9.0, 0.0)	(10.0, 0.0)	(11.0, 0.0)	(12.0, 0.0)	(13.0, 0.0)	(14.0, 0.0)	(15.0, 0.0)	(16.0, 0.0)	(17.0, 0.0)	(18.0, 0.0)	(19.0, 0.0)	(20.0, 0.0)	(21.0, 0.0)	(22.0, 0.0)	(23.0, 0.0)	(24.0, 0.0)	(25.0, 0.0)	(26.0, 0.0)	(27.0, 0.0)	(28.0, 0.0)	(29.0, 0.0)	(30.0, 0.0)	(31.0, 0.0)	(32.0, 0.0)	(33.0, 0.0)	(34.0, 0.0)	(35.0, 0.0)	(36.0, 0.5833333333333333)	(37.0, 0.8333333333333333)	(38.0, 0.25)	(39.0, 0.75)	(40.0, 0.25)	(41.0, 0.25)	(42.0, 0.5)	(43.0, 1.3333333333333333)	(44.0, 2.75)	(45.0, 3.583333333333333)	(46.0, 7.416666666666667)	(47.0, 54.4166666666667)	(48.0, 351.66666666666646)	(49.0, 362.9166666666666)	(50.0, 290.75000000000017)	(51.0, 400.74999999999903)	(52.0, 968.5833333333372)	(53.0, 1727.9999999999943)	(54.0, 1860.4166666666645)	(55.0, 1299.8333333333335)	(56.0, 609.9166666666665)	(57.0, 213.75000000000003)	(58.0, 110.91666666666666)	(59.0, 111.41666666666664)	(60.0, 53.166666666666664)	(61.0, 26.666666666666668)	(62.0, 14.75)	(63.0, 14.833333333333334)	(64.0, 17.583333333333336)	(65.0, 20.0)	(66.0, 16.666666666666668)	(67.0, 22.0)	(68.0, 37.583333333333336)	(69.0, 25.25)	(70.0, 11.5)	(71.0, 2.75)	(72.0, 2.5)	(73.0, 0.75)	(74.0, 0.75)	(75.0, 1.0)	(76.0, 0.75)	(77.0, 1.25)	(78.0, 0.75)	(79.0, 0.0)	(80.0, 0.0)	(81.0, 0.25)	(82.0, 0.25)	(83.0, 0.25)	(84.0, 0.25)	(85.0, 0.25)	(86.0, 0.5)	(87.0, 0.5)	(88.0, 0.0)	(89.0, 0.0)	(90.0, 0.0)	(91.0, 0.0)	(92.0, 0.0)	(93.0, 0.0)	(94.0, 0.0)	(95.0, 0.0)	(96.0, 0.0)	(97.0, 0.0)	(98.0, 0.0)	(99.0, 0.0)	(100.0, 0.0)
655B0_S127_L001_R1_001	(0.0, 0.0)	(1.0, 0.0)	(2.0, 0.0)	(3.0, 0.0)	(4.0, 0.0)	(5.0, 0.0)	(6.0, 0.0)	(7.0, 0.0)	(8.0, 0.0)	(9.0, 0.0)	(10.0, 0.0)	(11.0, 0.0)	(12.0, 0.0)	(13.0, 0.0)	(14.0, 0.0)	(15.0, 0.0)	(16.0, 0.0)	(17.0, 0.0)	(18.0, 0.0)	(19.0, 0.0)	(20.0, 0.0)	(21.0, 0.0)	(22.0, 0.0)	(23.0, 0.0)	(24.0, 0.0)	(25.0, 0.0)	(26.0, 0.0)	(27.0, 0.0)	(28.0, 0.0)	(29.0, 0.0)	(30.0, 0.0)	(31.0, 0.0)	(32.0, 0.0)	(33.0, 0.0)	(34.0, 0.0)	(35.0, 0.0)	(36.0, 0.0)	(37.0, 0.0)	(38.0, 0.0)	(39.0, 0.0)	(40.0, 0.0)	(41.0, 0.0)	(42.0, 0.25)	(43.0, 0.0)	(44.0, 0.5833333333333333)	(45.0, 0.25)	(46.0, 2.75)	(47.0, 28.249999999999996)	(48.0, 72.16666666666669)	(49.0, 337.24999999999994)	(50.0, 806.0000000000003)	(51.0, 649.0833333333335)	(52.0, 1126.166666666667)	(53.0, 1662.7499999999998)	(54.0, 1718.7499999999995)	(55.0, 754.5000000000003)	(56.0, 379.2499999999999)	(57.0, 381.4166666666665)	(58.0, 416.4166666666663)	(59.0, 654.4166666666669)	(60.0, 327.58333333333326)	(61.0, 116.74999999999997)	(62.0, 70.66666666666666)	(63.0, 55.5)	(64.0, 30.0)	(65.0, 70.5)	(66.0, 590.5)	(67.0, 122.25)	(68.0, 7.25)	(69.0, 2.25)	(70.0, 0.75)	(71.0, 0.0)	(72.0, 0.5)	(73.0, 0.0)	(74.0, 0.25)	(75.0, 0.0)	(76.0, 0.0)	(77.0, 0.0)	(78.0, 0.0)	(79.0, 0.0)	(80.0, 0.0)	(81.0, 0.0)	(82.0, 0.0)	(83.0, 0.0)	(84.0, 0.0)	(85.0, 0.0)	(86.0, 0.0)	(87.0, 0.0)	(88.0, 0.0)	(89.0, 0.0)	(90.0, 0.0)	(91.0, 0.0)	(92.0, 0.0)	(93.0, 0.0)	(94.0, 0.0)	(95.0, 0.0)	(96.0, 0.0)	(97.0, 0.0)	(98.0, 0.0)	(99.0, 0.0)	(100.0, 0.0)
655B0_S127_L001_R2_001	(0.0, 0.0)	(1.0, 0.0)	(2.0, 0.0)	(3.0, 0.0)	(4.0, 0.0)	(5.0, 0.0)	(6.0, 0.0)	(7.0, 0.0)	(8.0, 0.0)	(9.0, 0.0)	(10.0, 0.0)	(11.0, 0.0)	(12.0, 0.0)	(13.0, 0.0)	(14.0, 0.0)	(15.0, 0.0)	(16.0, 0.0)	(17.0, 0.0)	(18.0, 0.0)	(19.0, 0.0)	(20.0, 0.0)	(21.0, 0.0)	(22.0, 0.0)	(23.0, 0.0)	(24.0, 0.0)	(25.0, 0.0)	(26.0, 0.0)	(27.0, 0.0)	(28.0, 0.0)	(29.0, 0.0)	(30.0, 0.0)	(31.0, 0.0)	(32.0, 0.0)	(33.0, 0.0)	(34.0, 0.0)	(35.0, 0.0)	(36.0, 0.0)	(37.0, 0.0)	(38.0, 0.0)	(39.0, 0.0)	(40.0, 0.5)	(41.0, 0.0)	(42.0, 0.75)	(43.0, 0.8333333333333333)	(44.0, 1.75)	(45.0, 2.25)	(46.0, 3.3333333333333335)	(47.0, 21.66666666666666)	(48.0, 130.24999999999994)	(49.0, 114.83333333333329)	(50.0, 117.99999999999984)	(51.0, 376.833333333333)	(52.0, 983.5833333333372)	(53.0, 1808.4166666666615)	(54.0, 2142.2499999999973)	(55.0, 1555.2499999999995)	(56.0, 756.5833333333334)	(57.0, 267.41666666666674)	(58.0, 361.08333333333286)	(59.0, 475.4166666666659)	(60.0, 213.08333333333334)	(61.0, 80.25)	(62.0, 47.5)	(63.0, 35.75000000000001)	(64.0, 56.166666666666686)	(65.0, 81.58333333333327)	(66.0, 94.91666666666663)	(67.0, 201.0)	(68.0, 359.75)	(69.0, 242.0)	(70.0, 91.0)	(71.0, 28.25)	(72.0, 9.75)	(73.0, 5.5)	(74.0, 3.3333333333333335)	(75.0, 1.5)	(76.0, 1.5)	(77.0, 3.0)	(78.0, 2.5)	(79.0, 2.0)	(80.0, 1.0)	(81.0, 1.25)	(82.0, 0.5)	(83.0, 0.25)	(84.0, 0.75)	(85.0, 0.5)	(86.0, 0.5)	(87.0, 0.75)	(88.0, 0.5)	(89.0, 0.25)	(90.0, 0.25)	(91.0, 0.25)	(92.0, 0.0)	(93.0, 0.75)	(94.0, 0.25)	(95.0, 0.25)	(96.0, 0.25)	(97.0, 0.0)	(98.0, 0.0)	(99.0, 0.0)	(100.0, 0.0)
655B14_S128_L001_R1_001	(0.0, 0.0)	(1.0, 0.0)	(2.0, 0.0)	(3.0, 0.0)	(4.0, 0.0)	(5.0, 0.0)	(6.0, 0.0)	(7.0, 0.0)	(8.0, 0.0)	(9.0, 0.0)	(10.0, 0.0)	(11.0, 0.0)	(12.0, 0.0)	(13.0, 0.0)	(14.0, 0.0)	(15.0, 0.0)	(16.0, 0.0)	(17.0, 0.0)	(18.0, 0.0)	(19.0, 0.0)	(20.0, 0.0)	(21.0, 0.0)	(22.0, 0.0)	(23.0, 0.0)	(24.0, 0.0)	(25.0, 0.0)	(26.0, 0.0)	(27.0, 0.0)	(28.0, 0.0)	(29.0, 0.0)	(30.0, 0.0)	(31.0, 0.0)	(32.0, 0.0)	(33.0, 0.0)	(34.0, 0.0)	(35.0, 0.0)	(36.0, 0.0)	(37.0, 0.0)	(38.0, 0.0)	(39.0, 0.0)	(40.0, 0.25)	(41.0, 0.5)	(42.0, 1.75)	(43.0, 1.5)	(44.0, 1.3333333333333333)	(45.0, 3.583333333333333)	(46.0, 11.916666666666666)	(47.0, 54.750000000000014)	(48.0, 106.58333333333326)	(49.0, 322.16666666666663)	(50.0, 517.1666666666655)	(51.0, 782.3333333333347)	(52.0, 1121.250000000001)	(53.0, 1511.4999999999998)	(54.0, 1325.583333333333)	(55.0, 737.8333333333335)	(56.0, 436.4166666666663)	(57.0, 367.3333333333331)	(58.0, 285.5833333333334)	(59.0, 115.66666666666657)	(60.0, 53.500000000000014)	(61.0, 25.583333333333332)	(62.0, 16.583333333333332)	(63.0, 13.5)	(64.0, 7.0)	(65.0, 10.75)	(66.0, 53.25)	(67.0, 14.75)	(68.0, 0.25)	(69.0, 0.75)	(70.0, 1.0)	(71.0, 0.25)	(72.0, 0.25)	(73.0, 0.0)	(74.0, 0.0)	(75.0, 0.0)	(76.0, 0.0)	(77.0, 0.0)	(78.0, 0.0)	(79.0, 0.0)	(80.0, 0.0)	(81.0, 0.0)	(82.0, 0.0)	(83.0, 0.0)	(84.0, 0.0)	(85.0, 0.0)	(86.0, 0.0)	(87.0, 0.0)	(88.0, 0.0)	(89.0, 0.0)	(90.0, 0.0)	(91.0, 0.0)	(92.0, 0.0)	(93.0, 0.0)	(94.0, 0.0)	(95.0, 0.0)	(96.0, 0.0)	(97.0, 0.0)	(98.0, 0.0)	(99.0, 0.0)	(100.0, 0.0)
655B14_S128_L001_R2_001	(0.0, 0.0)	(1.0, 0.0)	(2.0, 0.0)	(3.0, 0.0)	(4.0, 0.0)	(5.0, 0.0)	(6.0, 0.0)	(7.0, 0.0)	(8.0, 0.0)	(9.0, 0.0)	(10.0, 0.0)	(11.0, 0.0)	(12.0, 0.0)	(13.0, 0.0)	(14.0, 0.0)	(15.0, 0.0)	(16.0, 0.0)	(17.0, 0.0)	(18.0, 0.0)	(19.0, 0.0)	(20.0, 0.0)	(21.0, 0.0)	(22.0, 0.0)	(23.0, 0.0)	(24.0, 0.0)	(25.0, 0.0)	(26.0, 0.0)	(27.0, 0.0)	(28.0, 0.0)	(29.0, 0.0)	(30.0, 0.0)	(31.0, 0.25)	(32.0, 0.25)	(33.0, 0.0)	(34.0, 0.0)	(35.0, 0.25)	(36.0, 0.0)	(37.0, 0.0)	(38.0, 0.0)	(39.0, 0.75)	(40.0, 1.25)	(41.0, 1.0)	(42.0, 0.75)	(43.0, 1.0)	(44.0, 1.25)	(45.0, 3.333333333333333)	(46.0, 8.666666666666666)	(47.0, 44.16666666666667)	(48.0, 205.8333333333334)	(49.0, 226.83333333333348)	(50.0, 190.58333333333357)	(51.0, 394.41666666666583)	(52.0, 1003.2500000000041)	(53.0, 1626.9999999999952)	(54.0, 1651.9166666666654)	(55.0, 1281.0833333333333)	(56.0, 645.5000000000001)	(57.0, 207.75)	(58.0, 93.83333333333331)	(59.0, 80.91666666666666)	(60.0, 45.083333333333336)	(61.0, 24.416666666666664)	(62.0, 12.0)	(63.0, 13.083333333333334)	(64.0, 13.666666666666666)	(65.0, 20.500000000000004)	(66.0, 19.916666666666668)	(67.0, 25.5)	(68.0, 42.0)	(69.0, 29.583333333333336)	(70.0, 14.083333333333332)	(71.0, 3.5)	(72.0, 2.0)	(73.0, 2.25)	(74.0, 0.75)	(75.0, 0.5)	(76.0, 0.75)	(77.0, 1.5)	(78.0, 0.75)	(79.0, 0.75)	(80.0, 0.75)	(81.0, 0.75)	(82.0, 0.5)	(83.0, 0.0)	(84.0, 0.25)	(85.0, 0.0)	(86.0, 0.0)	(87.0, 0.25)	(88.0, 0.0)	(89.0, 0.0)	(90.0, 0.5)	(91.0, 0.5)	(92.0, 0.75)	(93.0, 0.25)	(94.0, 0.0)	(95.0, 0.0)	(96.0, 0.0)	(97.0, 0.0)	(98.0, 0.0)	(99.0, 0.0)	(100.0, 0.0)
656A0_S117_L001_R1_001	(0.0, 0.0)	(1.0, 0.0)	(2.0, 0.0)	(3.0, 0.0)	(4.0, 0.0)	(5.0, 0.0)	(6.0, 0.0)	(7.0, 0.0)	(8.0, 0.0)	(9.0, 0.0)	(10.0, 0.0)	(11.0, 0.0)	(12.0, 0.0)	(13.0, 0.0)	(14.0, 0.0)	(15.0, 0.0)	(16.0, 0.0)	(17.0, 0.0)	(18.0, 0.0)	(19.0, 0.0)	(20.0, 0.0)	(21.0, 0.0)	(22.0, 0.0)	(23.0, 0.0)	(24.0, 0.0)	(25.0, 0.0)	(26.0, 0.0)	(27.0, 0.0)	(28.0, 0.0)	(29.0, 0.0)	(30.0, 0.0)	(31.0, 0.0)	(32.0, 0.0)	(33.0, 0.0)	(34.0, 0.0)	(35.0, 0.0)	(36.0, 0.0)	(37.0, 0.0)	(38.0, 0.0)	(39.0, 0.25)	(40.0, 0.25)	(41.0, 0.0)	(42.0, 0.0)	(43.0, 0.0)	(44.0, 3.0)	(45.0, 24.166666666666664)	(46.0, 63.83333333333334)	(47.0, 298.08333333333337)	(48.0, 317.83333333333326)	(49.0, 170.66666666666666)	(50.0, 354.2499999999999)	(51.0, 720.7500000000006)	(52.0, 1104.2500000000032)	(53.0, 2043.4166666666592)	(54.0, 2320.083333333332)	(55.0, 1028.9166666666688)	(56.0, 315.75)	(57.0, 122.99999999999999)	(58.0, 110.5833333333333)	(59.0, 148.91666666666666)	(60.0, 90.41666666666666)	(61.0, 78.41666666666666)	(62.0, 37.583333333333336)	(63.0, 26.833333333333336)	(64.0, 17.5)	(65.0, 33.25)	(66.0, 190.75)	(67.0, 38.25)	(68.0, 3.0)	(69.0, 0.5)	(70.0, 0.25)	(71.0, 0.0)	(72.0, 0.0)	(73.0, 0.0)	(74.0, 0.0)	(75.0, 0.0)	(76.0, 0.0)	(77.0, 0.0)	(78.0, 0.0)	(79.0, 0.0)	(80.0, 0.0)	(81.0, 0.0)	(82.0, 0.0)	(83.0, 0.0)	(84.0, 0.0)	(85.0, 0.0)	(86.0, 0.0)	(87.0, 0.0)	(88.0, 0.0)	(89.0, 0.0)	(90.0, 0.0)	(91.0, 0.0)	(92.0, 0.0)	(93.0, 0.0)	(94.0, 0.0)	(95.0, 0.0)	(96.0, 0.0)	(97.0, 0.0)	(98.0, 0.0)	(99.0, 0.0)	(100.0, 0.0)
656A0_S117_L001_R2_001	(0.0, 0.0)	(1.0, 0.0)	(2.0, 0.0)	(3.0, 0.0)	(4.0, 0.0)	(5.0, 0.0)	(6.0, 0.0)	(7.0, 0.0)	(8.0, 0.0)	(9.0, 0.0)	(10.0, 0.0)	(11.0, 0.0)	(12.0, 0.0)	(13.0, 0.0)	(14.0, 0.0)	(15.0, 0.0)	(16.0, 0.0)	(17.0, 0.0)	(18.0, 0.0)	(19.0, 0.0)	(20.0, 0.0)	(21.0, 0.0)	(22.0, 0.0)	(23.0, 0.0)	(24.0, 0.0)	(25.0, 0.0)	(26.0, 0.0)	(27.0, 0.0)	(28.0, 0.0)	(29.0, 0.0)	(30.0, 0.0)	(31.0, 0.0)	(32.0, 0.0)	(33.0, 0.0)	(34.0, 0.0)	(35.0, 0.3333333333333333)	(36.0, 0.0)	(37.0, 0.25)	(38.0, 0.25)	(39.0, 0.0)	(40.0, 0.0)	(41.0, 0.5)	(42.0, 0.75)	(43.0, 0.5)	(44.0, 2.1666666666666665)	(45.0, 1.8333333333333333)	(46.0, 13.166666666666668)	(47.0, 80.91666666666664)	(48.0, 357.6666666666665)	(49.0, 348.0)	(50.0, 215.5000000000001)	(51.0, 259.50000000000045)	(52.0, 729.7500000000023)	(53.0, 1584.416666666663)	(54.0, 2044.9999999999964)	(55.0, 1848.499999999998)	(56.0, 1014.7500000000006)	(57.0, 339.58333333333337)	(58.0, 136.08333333333331)	(59.0, 84.5)	(60.0, 43.91666666666668)	(61.0, 26.333333333333332)	(62.0, 26.583333333333332)	(63.0, 41.58333333333333)	(64.0, 45.583333333333336)	(65.0, 51.583333333333336)	(66.0, 52.5)	(67.0, 78.33333333333334)	(68.0, 135.33333333333331)	(69.0, 99.25)	(70.0, 39.0)	(71.0, 8.5)	(72.0, 3.25)	(73.0, 2.75)	(74.0, 2.5)	(75.0, 1.5)	(76.0, 0.25)	(77.0, 1.75)	(78.0, 1.25)	(79.0, 1.0)	(80.0, 0.25)	(81.0, 0.5)	(82.0, 0.75)	(83.0, 0.25)	(84.0, 0.5)	(85.0, 0.5)	(86.0, 0.25)	(87.0, 0.5)	(88.0, 0.5)	(89.0, 0.0)	(90.0, 0.0)	(91.0, 0.0)	(92.0, 0.0)	(93.0, 0.0)	(94.0, 0.0)	(95.0, 0.0)	(96.0, 0.25)	(97.0, 0.0)	(98.0, 0.0)	(99.0, 0.0)	(100.0, 0.0)
656A14_S118_L001_R1_001	(0.0, 0.0)	(1.0, 0.0)	(2.0, 0.0)	(3.0, 0.0)	(4.0, 0.0)	(5.0, 0.0)	(6.0, 0.0)	(7.0, 0.0)	(8.0, 0.0)	(9.0, 0.0)	(10.0, 0.0)	(11.0, 0.0)	(12.0, 0.0)	(13.0, 0.0)	(14.0, 0.0)	(15.0, 0.0)	(16.0, 0.0)	(17.0, 0.0)	(18.0, 0.0)	(19.0, 0.0)	(20.0, 0.0)	(21.0, 0.0)	(22.0, 0.0)	(23.0, 0.0)	(24.0, 0.0)	(25.0, 0.0)	(26.0, 0.0)	(27.0, 0.0)	(28.0, 0.0)	(29.0, 0.0)	(30.0, 0.0)	(31.0, 0.0)	(32.0, 0.0)	(33.0, 0.0)	(34.0, 0.0)	(35.0, 0.0)	(36.0, 0.0)	(37.0, 0.0)	(38.0, 0.0)	(39.0, 0.0)	(40.0, 0.0)	(41.0, 0.25)	(42.0, 0.25)	(43.0, 0.9166666666666665)	(44.0, 0.5)	(45.0, 1.25)	(46.0, 4.416666666666666)	(47.0, 8.666666666666666)	(48.0, 12.583333333333334)	(49.0, 40.166666666666664)	(50.0, 258.7500000000001)	(51.0, 711.6666666666679)	(52.0, 1468.91666666666)	(53.0, 2212.9166666666624)	(54.0, 2850.166666666667)	(55.0, 1084.0000000000002)	(56.0, 385.6666666666665)	(57.0, 163.08333333333334)	(58.0, 145.0833333333333)	(59.0, 186.83333333333346)	(60.0, 129.66666666666663)	(61.0, 109.25)	(62.0, 69.66666666666667)	(63.0, 60.0)	(64.0, 41.5)	(65.0, 50.75)	(66.0, 254.0)	(67.0, 53.25)	(68.0, 5.25)	(69.0, 1.25)	(70.0, 0.25)	(71.0, 0.0)	(72.0, 0.25)	(73.0, 0.5)	(74.0, 0.0)	(75.0, 0.25)	(76.0, 0.25)	(77.0, 0.0)	(78.0, 0.0)	(79.0, 0.0)	(80.0, 0.0)	(81.0, 0.0)	(82.0, 0.0)	(83.0, 0.0)	(84.0, 0.0)	(85.0, 0.0)	(86.0, 0.0)	(87.0, 0.0)	(88.0, 0.0)	(89.0, 0.0)	(90.0, 0.0)	(91.0, 0.0)	(92.0, 0.0)	(93.0, 0.0)	(94.0, 0.0)	(95.0, 0.0)	(96.0, 0.0)	(97.0, 0.0)	(98.0, 0.0)	(99.0, 0.0)	(100.0, 0.0)
656A14_S118_L001_R2_001	(0.0, 0.0)	(1.0, 0.0)	(2.0, 0.0)	(3.0, 0.0)	(4.0, 0.0)	(5.0, 0.0)	(6.0, 0.0)	(7.0, 0.0)	(8.0, 0.0)	(9.0, 0.0)	(10.0, 0.0)	(11.0, 0.0)	(12.0, 0.0)	(13.0, 0.0)	(14.0, 0.0)	(15.0, 0.0)	(16.0, 0.0)	(17.0, 0.0)	(18.0, 0.0)	(19.0, 0.0)	(20.0, 0.0)	(21.0, 0.0)	(22.0, 0.0)	(23.0, 0.0)	(24.0, 0.0)	(25.0, 0.0)	(26.0, 0.0)	(27.0, 0.0)	(28.0, 0.0)	(29.0, 0.0)	(30.0, 0.0)	(31.0, 0.0)	(32.0, 0.0)	(33.0, 0.0)	(34.0, 0.0)	(35.0, 0.25)	(36.0, 0.0)	(37.0, 0.0)	(38.0, 0.0)	(39.0, 0.0)	(40.0, 0.8333333333333333)	(41.0, 0.8333333333333333)	(42.0, 0.5833333333333333)	(43.0, 0.3333333333333333)	(44.0, 1.0833333333333333)	(45.0, 0.0)	(46.0, 1.75)	(47.0, 5.0)	(48.0, 14.0)	(49.0, 26.416666666666664)	(50.0, 78.74999999999999)	(51.0, 226.75000000000057)	(52.0, 834.7500000000039)	(53.0, 1734.666666666659)	(54.0, 2346.749999999998)	(55.0, 2578.583333333335)	(56.0, 1146.9999999999998)	(57.0, 345.99999999999994)	(58.0, 163.1666666666667)	(59.0, 112.33333333333331)	(60.0, 67.91666666666666)	(61.0, 49.08333333333334)	(62.0, 44.833333333333336)	(63.0, 69.75)	(64.0, 77.91666666666666)	(65.0, 78.24999999999999)	(66.0, 67.58333333333336)	(67.0, 117.0)	(68.0, 193.75)	(69.0, 120.5)	(70.0, 46.5)	(71.0, 12.25)	(72.0, 4.75)	(73.0, 5.0)	(74.0, 3.25)	(75.0, 1.5)	(76.0, 2.25)	(77.0, 1.5)	(78.0, 2.083333333333333)	(79.0, 1.75)	(80.0, 2.5)	(81.0, 1.0)	(82.0, 0.25)	(83.0, 0.25)	(84.0, 0.5)	(85.0, 0.25)	(86.0, 0.25)	(87.0, 0.0)	(88.0, 0.25)	(89.0, 0.0)	(90.0, 0.25)	(91.0, 0.0)	(92.0, 0.0)	(93.0, 0.25)	(94.0, 0.5)	(95.0, 0.0)	(96.0, 0.25)	(97.0, 0.25)	(98.0, 0.25)	(99.0, 0.0)	(100.0, 0.0)
656B0_S119_L001_R1_001	(0.0, 0.0)	(1.0, 0.0)	(2.0, 0.0)	(3.0, 0.0)	(4.0, 0.0)	(5.0, 0.0)	(6.0, 0.0)	(7.0, 0.0)	(8.0, 0.0)	(9.0, 0.0)	(10.0, 0.0)	(11.0, 0.0)	(12.0, 0.0)	(13.0, 0.0)	(14.0, 0.0)	(15.0, 0.0)	(16.0, 0.0)	(17.0, 0.0)	(18.0, 0.0)	(19.0, 0.0)	(20.0, 0.0)	(21.0, 0.0)	(22.0, 0.0)	(23.0, 0.0)	(24.0, 0.0)	(25.0, 0.0)	(26.0, 0.0)	(27.0, 0.0)	(28.0, 0.0)	(29.0, 0.0)	(30.0, 0.0)	(31.0, 0.0)	(32.0, 0.0)	(33.0, 0.0)	(34.0, 0.0)	(35.0, 0.0)	(36.0, 0.0)	(37.0, 0.0)	(38.0, 0.0)	(39.0, 0.0)	(40.0, 0.0)	(41.0, 0.0)	(42.0, 0.0)	(43.0, 0.75)	(44.0, 2.25)	(45.0, 15.666666666666668)	(46.0, 57.16666666666667)	(47.0, 314.5833333333333)	(48.0, 344.49999999999994)	(49.0, 256.00000000000006)	(50.0, 271.58333333333337)	(51.0, 595.0833333333331)	(52.0, 1063.0833333333358)	(53.0, 1846.4999999999968)	(54.0, 2432.9166666666665)	(55.0, 1027.8333333333337)	(56.0, 332.58333333333337)	(57.0, 110.58333333333333)	(58.0, 93.83333333333326)	(59.0, 204.5000000000003)	(60.0, 106.24999999999999)	(61.0, 40.16666666666667)	(62.0, 17.5)	(63.0, 14.25)	(64.0, 9.25)	(65.0, 13.25)	(66.0, 70.25)	(67.0, 19.0)	(68.0, 1.5)	(69.0, 0.75)	(70.0, 0.0)	(71.0, 0.0)	(72.0, 0.0)	(73.0, 0.0)	(74.0, 0.25)	(75.0, 0.0)	(76.0, 0.0)	(77.0, 0.0)	(78.0, 0.0)	(79.0, 0.0)	(80.0, 0.0)	(81.0, 0.0)	(82.0, 0.0)	(83.0, 0.0)	(84.0, 0.0)	(85.0, 0.0)	(86.0, 0.0)	(87.0, 0.0)	(88.0, 0.0)	(89.0, 0.0)	(90.0, 0.0)	(91.0, 0.0)	(92.0, 0.0)	(93.0, 0.0)	(94.0, 0.0)	(95.0, 0.0)	(96.0, 0.0)	(97.0, 0.0)	(98.0, 0.0)	(99.0, 0.0)	(100.0, 0.0)
656B0_S119_L001_R2_001	(0.0, 0.0)	(1.0, 0.0)	(2.0, 0.0)	(3.0, 0.0)	(4.0, 0.0)	(5.0, 0.0)	(6.0, 0.0)	(7.0, 0.0)	(8.0, 0.0)	(9.0, 0.0)	(10.0, 0.0)	(11.0, 0.0)	(12.0, 0.0)	(13.0, 0.0)	(14.0, 0.0)	(15.0, 0.0)	(16.0, 0.0)	(17.0, 0.0)	(18.0, 0.0)	(19.0, 0.0)	(20.0, 0.0)	(21.0, 0.0)	(22.0, 0.0)	(23.0, 0.0)	(24.0, 0.0)	(25.0, 0.0)	(26.0, 0.0)	(27.0, 0.0)	(28.0, 0.0)	(29.0, 0.0)	(30.0, 0.0)	(31.0, 0.0)	(32.0, 0.0)	(33.0, 0.0)	(34.0, 0.25)	(35.0, 0.0)	(36.0, 0.0)	(37.0, 0.0)	(38.0, 0.0)	(39.0, 0.25)	(40.0, 0.75)	(41.0, 0.5)	(42.0, 0.75)	(43.0, 1.5)	(44.0, 1.25)	(45.0, 4.083333333333333)	(46.0, 11.333333333333336)	(47.0, 90.66666666666663)	(48.0, 385.66666666666634)	(49.0, 386.16666666666646)	(50.0, 292.33333333333326)	(51.0, 290.6666666666667)	(52.0, 676.8333333333345)	(53.0, 1239.1666666666667)	(54.0, 1886.749999999997)	(55.0, 2143.583333333333)	(56.0, 1026.4166666666667)	(57.0, 312.91666666666663)	(58.0, 183.41666666666674)	(59.0, 172.91666666666666)	(60.0, 77.41666666666666)	(61.0, 36.5)	(62.0, 28.25)	(63.0, 22.333333333333332)	(64.0, 23.0)	(65.0, 22.91666666666666)	(66.0, 16.75)	(67.0, 35.333333333333336)	(68.0, 54.25)	(69.0, 39.75)	(70.0, 20.5)	(71.0, 6.25)	(72.0, 2.75)	(73.0, 1.25)	(74.0, 1.25)	(75.0, 0.75)	(76.0, 0.75)	(77.0, 0.75)	(78.0, 0.5)	(79.0, 0.25)	(80.0, 0.0)	(81.0, 0.25)	(82.0, 0.0)	(83.0, 0.25)	(84.0, 0.0)	(85.0, 0.0)	(86.0, 0.25)	(87.0, 0.25)	(88.0, 0.0)	(89.0, 0.0)	(90.0, 0.0)	(91.0, 0.0)	(92.0, 0.0)	(93.0, 0.0)	(94.0, 0.0)	(95.0, 0.25)	(96.0, 0.0)	(97.0, 0.0)	(98.0, 0.0)	(99.0, 0.0)	(100.0, 0.0)
656B14_S120_L001_R1_001	(0.0, 0.0)	(1.0, 0.0)	(2.0, 0.0)	(3.0, 0.0)	(4.0, 0.0)	(5.0, 0.0)	(6.0, 0.0)	(7.0, 0.0)	(8.0, 0.0)	(9.0, 0.0)	(10.0, 0.0)	(11.0, 0.0)	(12.0, 0.0)	(13.0, 0.0)	(14.0, 0.0)	(15.0, 0.0)	(16.0, 0.0)	(17.0, 0.0)	(18.0, 0.0)	(19.0, 0.0)	(20.0, 0.0)	(21.0, 0.0)	(22.0, 0.0)	(23.0, 0.0)	(24.0, 0.0)	(25.0, 0.0)	(26.0, 0.0)	(27.0, 0.0)	(28.0, 0.0)	(29.0, 0.0)	(30.0, 0.0)	(31.0, 0.0)	(32.0, 0.0)	(33.0, 0.0)	(34.0, 0.0)	(35.0, 0.0)	(36.0, 0.0)	(37.0, 0.0)	(38.0, 0.5)	(39.0, 0.25)	(40.0, 0.5)	(41.0, 1.3333333333333333)	(42.0, 3.0833333333333335)	(43.0, 2.5)	(44.0, 4.333333333333334)	(45.0, 22.416666666666668)	(46.0, 119.99999999999999)	(47.0, 651.3333333333333)	(48.0, 594.9166666666664)	(49.0, 503.833333333333)	(50.0, 414.24999999999983)	(51.0, 615.5833333333337)	(52.0, 966.6666666666705)	(53.0, 1498.1666666666658)	(54.0, 1572.916666666666)	(55.0, 737.0000000000001)	(56.0, 266.0833333333334)	(57.0, 102.58333333333331)	(58.0, 100.83333333333326)	(59.0, 191.91666666666686)	(60.0, 83.74999999999999)	(61.0, 39.00000000000001)	(62.0, 23.083333333333332)	(63.0, 16.75)	(64.0, 11.25)	(65.0, 15.25)	(66.0, 79.75)	(67.0, 15.75)	(68.0, 0.5)	(69.0, 0.25)	(70.0, 0.0)	(71.0, 0.25)	(72.0, 0.0)	(73.0, 0.0)	(74.0, 0.0)	(75.0, 0.0)	(76.0, 0.25)	(77.0, 0.25)	(78.0, 0.0)	(79.0, 0.0)	(80.0, 0.0)	(81.0, 0.0)	(82.0, 0.0)	(83.0, 0.0)	(84.0, 0.0)	(85.0, 0.0)	(86.0, 0.0)	(87.0, 0.0)	(88.0, 0.0)	(89.0, 0.0)	(90.0, 0.0)	(91.0, 0.0)	(92.0, 0.0)	(93.0, 0.0)	(94.0, 0.0)	(95.0, 0.0)	(96.0, 0.0)	(97.0, 0.0)	(98.0, 0.0)	(99.0, 0.0)	(100.0, 0.0)
656B14_S120_L001_R2_001	(0.0, 0.0)	(1.0, 0.0)	(2.0, 0.0)	(3.0, 0.0)	(4.0, 0.0)	(5.0, 0.0)	(6.0, 0.0)	(7.0, 0.0)	(8.0, 0.0)	(9.0, 0.0)	(10.0, 0.0)	(11.0, 0.0)	(12.0, 0.0)	(13.0, 0.0)	(14.0, 0.0)	(15.0, 0.0)	(16.0, 0.0)	(17.0, 0.0)	(18.0, 0.0)	(19.0, 0.0)	(20.0, 0.0)	(21.0, 0.0)	(22.0, 0.0)	(23.0, 0.0)	(24.0, 0.0)	(25.0, 0.0)	(26.0, 0.0)	(27.0, 0.0)	(28.0, 0.0)	(29.0, 0.0)	(30.0, 0.0)	(31.0, 0.0)	(32.0, 0.3333333333333333)	(33.0, 0.25)	(34.0, 0.25)	(35.0, 0.0)	(36.0, 0.0)	(37.0, 0.0)	(38.0, 0.0)	(39.0, 0.0)	(40.0, 0.75)	(41.0, 0.75)	(42.0, 2.25)	(43.0, 3.0833333333333335)	(44.0, 3.583333333333333)	(45.0, 6.5)	(46.0, 24.08333333333333)	(47.0, 145.75000000000006)	(48.0, 758.5000000000007)	(49.0, 644.1666666666669)	(50.0, 475.58333333333286)	(51.0, 443.7499999999994)	(52.0, 643.4166666666673)	(53.0, 1092.8333333333353)	(54.0, 1522.7499999999984)	(55.0, 1435.7499999999998)	(56.0, 649.2500000000001)	(57.0, 200.08333333333337)	(58.0, 175.16666666666669)	(59.0, 157.66666666666669)	(60.0, 77.16666666666667)	(61.0, 33.58333333333333)	(62.0, 20.083333333333332)	(63.0, 20.583333333333332)	(64.0, 27.833333333333332)	(65.0, 29.166666666666657)	(66.0, 23.749999999999996)	(67.0, 38.08333333333333)	(68.0, 53.58333333333333)	(69.0, 34.25)	(70.0, 15.75)	(71.0, 5.0)	(72.0, 3.5)	(73.0, 2.0)	(74.0, 1.5)	(75.0, 1.25)	(76.0, 1.75)	(77.0, 1.0)	(78.0, 0.5)	(79.0, 0.25)	(80.0, 0.0)	(81.0, 0.25)	(82.0, 0.0)	(83.0, 0.5)	(84.0, 0.25)	(85.0, 0.25)	(86.0, 0.25)	(87.0, 0.0)	(88.0, 0.0)	(89.0, 0.25)	(90.0, 0.5)	(91.0, 0.5)	(92.0, 0.0)	(93.0, 0.0)	(94.0, 0.0)	(95.0, 0.0)	(96.0, 0.0)	(97.0, 0.0)	(98.0, 0.0)	(99.0, 0.0)	(100.0, 0.3333333333333333)
676A0_S133_L001_R1_001	(0.0, 0.0)	(1.0, 0.0)	(2.0, 0.0)	(3.0, 0.0)	(4.0, 0.0)	(5.0, 0.0)	(6.0, 0.0)	(7.0, 0.0)	(8.0, 0.0)	(9.0, 0.0)	(10.0, 0.0)	(11.0, 0.0)	(12.0, 0.0)	(13.0, 0.0)	(14.0, 0.0)	(15.0, 0.0)	(16.0, 0.0)	(17.0, 0.0)	(18.0, 0.0)	(19.0, 0.0)	(20.0, 0.0)	(21.0, 0.0)	(22.0, 0.0)	(23.0, 0.0)	(24.0, 0.0)	(25.0, 0.0)	(26.0, 0.0)	(27.0, 0.0)	(28.0, 0.0)	(29.0, 0.0)	(30.0, 0.0)	(31.0, 0.0)	(32.0, 0.0)	(33.0, 0.0)	(34.0, 0.0)	(35.0, 0.0)	(36.0, 0.0)	(37.0, 0.0)	(38.0, 0.0)	(39.0, 0.0)	(40.0, 0.0)	(41.0, 0.0)	(42.0, 0.25)	(43.0, 0.0)	(44.0, 0.5)	(45.0, 0.5)	(46.0, 3.25)	(47.0, 14.833333333333332)	(48.0, 49.58333333333334)	(49.0, 270.0000000000001)	(50.0, 1289.7499999999998)	(51.0, 2360.8333333333326)	(52.0, 1887.7499999999875)	(53.0, 1797.833333333327)	(54.0, 1312.1666666666665)	(55.0, 614.4166666666666)	(56.0, 432.2499999999998)	(57.0, 180.50000000000006)	(58.0, 92.58333333333333)	(59.0, 74.41666666666669)	(60.0, 39.16666666666667)	(61.0, 23.416666666666664)	(62.0, 6.666666666666666)	(63.0, 8.083333333333332)	(64.0, 9.5)	(65.0, 10.25)	(66.0, 43.75)	(67.0, 19.5)	(68.0, 2.5)	(69.0, 0.0)	(70.0, 0.0)	(71.0, 0.0)	(72.0, 0.0)	(73.0, 0.0)	(74.0, 0.0)	(75.0, 0.0)	(76.0, 0.0)	(77.0, 0.0)	(78.0, 0.0)	(79.0, 0.0)	(80.0, 0.0)	(81.0, 0.0)	(82.0, 0.0)	(83.0, 0.0)	(84.0, 0.0)	(85.0, 0.0)	(86.0, 0.0)	(87.0, 0.0)	(88.0, 0.0)	(89.0, 0.0)	(90.0, 0.0)	(91.0, 0.0)	(92.0, 0.0)	(93.0, 0.0)	(94.0, 0.0)	(95.0, 0.0)	(96.0, 0.0)	(97.0, 0.0)	(98.0, 0.0)	(99.0, 0.0)	(100.0, 0.0)
676A0_S133_L001_R2_001	(0.0, 0.0)	(1.0, 0.0)	(2.0, 0.0)	(3.0, 0.0)	(4.0, 0.0)	(5.0, 0.0)	(6.0, 0.0)	(7.0, 0.0)	(8.0, 0.0)	(9.0, 0.0)	(10.0, 0.0)	(11.0, 0.0)	(12.0, 0.0)	(13.0, 0.0)	(14.0, 0.0)	(15.0, 0.0)	(16.0, 0.0)	(17.0, 0.0)	(18.0, 0.0)	(19.0, 0.0)	(20.0, 0.0)	(21.0, 0.0)	(22.0, 0.0)	(23.0, 0.0)	(24.0, 0.0)	(25.0, 0.0)	(26.0, 0.0)	(27.0, 0.0)	(28.0, 0.0)	(29.0, 0.0)	(30.0, 0.0)	(31.0, 0.0)	(32.0, 0.0)	(33.0, 0.0)	(34.0, 0.0)	(35.0, 0.0)	(36.0, 0.25)	(37.0, 0.25)	(38.0, 0.0)	(39.0, 0.0)	(40.0, 0.0)	(41.0, 0.25)	(42.0, 1.0)	(43.0, 1.75)	(44.0, 2.9166666666666665)	(45.0, 2.083333333333333)	(46.0, 4.833333333333333)	(47.0, 11.583333333333334)	(48.0, 28.58333333333333)	(49.0, 56.75000000000002)	(50.0, 108.33333333333321)	(51.0, 391.916666666666)	(52.0, 1794.583333333323)	(53.0, 2913.1666666666774)	(54.0, 2386.0833333333335)	(55.0, 1321.2499999999993)	(56.0, 631.2499999999999)	(57.0, 371.1666666666666)	(58.0, 173.4166666666667)	(59.0, 78.33333333333334)	(60.0, 30.249999999999996)	(61.0, 20.75)	(62.0, 22.416666666666664)	(63.0, 17.416666666666668)	(64.0, 26.08333333333333)	(65.0, 21.083333333333336)	(66.0, 15.583333333333334)	(67.0, 20.166666666666664)	(68.0, 32.25)	(69.0, 25.25)	(70.0, 11.25)	(71.0, 4.75)	(72.0, 1.75)	(73.0, 1.0)	(74.0, 2.25)	(75.0, 1.25)	(76.0, 0.5)	(77.0, 0.25)	(78.0, 0.75)	(79.0, 1.5)	(80.0, 1.25)	(81.0, 0.0)	(82.0, 0.0)	(83.0, 0.25)	(84.0, 0.25)	(85.0, 0.25)	(86.0, 0.0)	(87.0, 0.25)	(88.0, 0.25)	(89.0, 0.0)	(90.0, 0.0)	(91.0, 0.25)	(92.0, 0.25)	(93.0, 0.0)	(94.0, 0.0)	(95.0, 0.0)	(96.0, 0.0)	(97.0, 0.25)	(98.0, 0.0)	(99.0, 0.0)	(100.0, 0.0)
676A14_S134_L001_R1_001	(0.0, 0.0)	(1.0, 0.0)	(2.0, 0.0)	(3.0, 0.0)	(4.0, 0.0)	(5.0, 0.0)	(6.0, 0.0)	(7.0, 0.0)	(8.0, 0.0)	(9.0, 0.0)	(10.0, 0.0)	(11.0, 0.0)	(12.0, 0.0)	(13.0, 0.0)	(14.0, 0.0)	(15.0, 0.0)	(16.0, 0.0)	(17.0, 0.0)	(18.0, 0.0)	(19.0, 0.0)	(20.0, 0.0)	(21.0, 0.0)	(22.0, 0.0)	(23.0, 0.0)	(24.0, 0.0)	(25.0, 0.0)	(26.0, 0.0)	(27.0, 0.0)	(28.0, 0.0)	(29.0, 0.0)	(30.0, 0.0)	(31.0, 0.0)	(32.0, 0.0)	(33.0, 0.0)	(34.0, 0.0)	(35.0, 0.0)	(36.0, 0.0)	(37.0, 0.0)	(38.0, 0.0)	(39.0, 0.0)	(40.0, 0.5)	(41.0, 0.25)	(42.0, 0.8333333333333333)	(43.0, 0.8333333333333333)	(44.0, 0.5)	(45.0, 1.0)	(46.0, 4.916666666666666)	(47.0, 15.666666666666666)	(48.0, 31.083333333333325)	(49.0, 244.9166666666667)	(50.0, 1018.9166666666673)	(51.0, 1900.4999999999977)	(52.0, 1855.4166666666636)	(53.0, 1945.9999999999984)	(54.0, 1700.1666666666658)	(55.0, 944.4166666666671)	(56.0, 710.5000000000003)	(57.0, 269.41666666666686)	(58.0, 162.16666666666674)	(59.0, 107.8333333333332)	(60.0, 87.49999999999999)	(61.0, 37.0)	(62.0, 12.5)	(63.0, 10.5)	(64.0, 12.0)	(65.0, 14.333333333333334)	(66.0, 26.833333333333332)	(67.0, 13.583333333333334)	(68.0, 4.0)	(69.0, 0.0)	(70.0, 0.0)	(71.0, 0.0)	(72.0, 0.5)	(73.0, 0.0)	(74.0, 0.0)	(75.0, 0.25)	(76.0, 0.0)	(77.0, 0.0)	(78.0, 0.0)	(79.0, 0.0)	(80.0, 0.0)	(81.0, 0.0)	(82.0, 0.0)	(83.0, 0.0)	(84.0, 0.0)	(85.0, 0.0)	(86.0, 0.0)	(87.0, 0.0)	(88.0, 0.0)	(89.0, 0.0)	(90.0, 0.0)	(91.0, 0.0)	(92.0, 0.0)	(93.0, 0.0)	(94.0, 0.0)	(95.0, 0.0)	(96.0, 0.0)	(97.0, 0.0)	(98.0, 0.0)	(99.0, 0.0)	(100.0, 0.0)
676A14_S134_L001_R2_001	(0.0, 0.0)	(1.0, 0.0)	(2.0, 0.0)	(3.0, 0.0)	(4.0, 0.0)	(5.0, 0.0)	(6.0, 0.0)	(7.0, 0.0)	(8.0, 0.0)	(9.0, 0.0)	(10.0, 0.0)	(11.0, 0.0)	(12.0, 0.0)	(13.0, 0.0)	(14.0, 0.0)	(15.0, 0.0)	(16.0, 0.0)	(17.0, 0.0)	(18.0, 0.0)	(19.0, 0.0)	(20.0, 0.0)	(21.0, 0.0)	(22.0, 0.0)	(23.0, 0.0)	(24.0, 0.0)	(25.0, 0.0)	(26.0, 0.0)	(27.0, 0.0)	(28.0, 0.0)	(29.0, 0.0)	(30.0, 0.0)	(31.0, 0.0)	(32.0, 0.0)	(33.0, 0.0)	(34.0, 0.0)	(35.0, 0.25)	(36.0, 0.25)	(37.0, 0.75)	(38.0, 0.0)	(39.0, 0.25)	(40.0, 0.5833333333333333)	(41.0, 1.0833333333333333)	(42.0, 0.0)	(43.0, 1.5833333333333333)	(44.0, 1.5)	(45.0, 2.0)	(46.0, 3.0833333333333335)	(47.0, 9.333333333333332)	(48.0, 29.083333333333332)	(49.0, 66.00000000000001)	(50.0, 130.91666666666646)	(51.0, 417.3333333333321)	(52.0, 1703.999999999991)	(53.0, 2766.166666666672)	(54.0, 2480.583333333334)	(55.0, 1558.5833333333326)	(56.0, 912.0833333333336)	(57.0, 535.5833333333334)	(58.0, 221.66666666666677)	(59.0, 83.66666666666664)	(60.0, 45.75000000000001)	(61.0, 33.58333333333333)	(62.0, 25.083333333333332)	(63.0, 28.666666666666664)	(64.0, 21.083333333333336)	(65.0, 20.25)	(66.0, 17.916666666666668)	(67.0, 24.333333333333332)	(68.0, 27.583333333333336)	(69.0, 14.583333333333332)	(70.0, 6.0)	(71.0, 3.0)	(72.0, 1.75)	(73.0, 1.0)	(74.0, 1.25)	(75.0, 1.25)	(76.0, 0.25)	(77.0, 0.75)	(78.0, 1.75)	(79.0, 1.25)	(80.0, 0.75)	(81.0, 0.5)	(82.0, 0.5)	(83.0, 0.0)	(84.0, 0.5)	(85.0, 0.75)	(86.0, 0.25)	(87.0, 0.25)	(88.0, 0.5)	(89.0, 0.25)	(90.0, 0.25)	(91.0, 0.75)	(92.0, 0.25)	(93.0, 0.0)	(94.0, 0.0)	(95.0, 0.0)	(96.0, 0.0)	(97.0, 0.5)	(98.0, 0.0)	(99.0, 0.0)	(100.0, 0.6666666666666666)
676B0_S135_L001_R1_001	(0.0, 0.0)	(1.0, 0.0)	(2.0, 0.0)	(3.0, 0.0)	(4.0, 0.0)	(5.0, 0.0)	(6.0, 0.0)	(7.0, 0.0)	(8.0, 0.0)	(9.0, 0.0)	(10.0, 0.0)	(11.0, 0.0)	(12.0, 0.0)	(13.0, 0.0)	(14.0, 0.0)	(15.0, 0.0)	(16.0, 0.0)	(17.0, 0.0)	(18.0, 0.0)	(19.0, 0.0)	(20.0, 0.0)	(21.0, 0.0)	(22.0, 0.0)	(23.0, 0.0)	(24.0, 0.0)	(25.0, 0.0)	(26.0, 0.0)	(27.0, 0.0)	(28.0, 0.0)	(29.0, 0.0)	(30.0, 0.0)	(31.0, 0.0)	(32.0, 0.0)	(33.0, 0.0)	(34.0, 0.0)	(35.0, 0.0)	(36.0, 0.0)	(37.0, 0.0)	(38.0, 0.0)	(39.0, 0.0)	(40.0, 0.25)	(41.0, 0.25)	(42.0, 0.25)	(43.0, 0.25)	(44.0, 0.5)	(45.0, 0.25)	(46.0, 3.75)	(47.0, 10.083333333333334)	(48.0, 29.166666666666664)	(49.0, 287.41666666666663)	(50.0, 1542.7499999999986)	(51.0, 2717.2500000000036)	(52.0, 2223.33333333333)	(53.0, 2017.5833333333292)	(54.0, 1484.2499999999993)	(55.0, 823.9166666666673)	(56.0, 777.0000000000008)	(57.0, 264.2500000000001)	(58.0, 137.41666666666666)	(59.0, 104.33333333333327)	(60.0, 71.91666666666667)	(61.0, 41.83333333333335)	(62.0, 15.5)	(63.0, 15.333333333333332)	(64.0, 19.583333333333332)	(65.0, 31.0)	(66.0, 98.5)	(67.0, 25.75)	(68.0, 4.0)	(69.0, 1.25)	(70.0, 0.5)	(71.0, 0.0)	(72.0, 0.0)	(73.0, 0.0)	(74.0, 0.0)	(75.0, 0.0)	(76.0, 0.0)	(77.0, 0.0)	(78.0, 0.0)	(79.0, 0.0)	(80.0, 0.0)	(81.0, 0.0)	(82.0, 0.0)	(83.0, 0.0)	(84.0, 0.0)	(85.0, 0.0)	(86.0, 0.0)	(87.0, 0.0)	(88.0, 0.0)	(89.0, 0.0)	(90.0, 0.0)	(91.0, 0.0)	(92.0, 0.0)	(93.0, 0.0)	(94.0, 0.0)	(95.0, 0.0)	(96.0, 0.0)	(97.0, 0.0)	(98.0, 0.0)	(99.0, 0.0)	(100.0, 0.0)
676B0_S135_L001_R2_001	(0.0, 0.0)	(1.0, 0.0)	(2.0, 0.0)	(3.0, 0.0)	(4.0, 0.0)	(5.0, 0.0)	(6.0, 0.0)	(7.0, 0.0)	(8.0, 0.0)	(9.0, 0.0)	(10.0, 0.0)	(11.0, 0.0)	(12.0, 0.0)	(13.0, 0.0)	(14.0, 0.0)	(15.0, 0.0)	(16.0, 0.0)	(17.0, 0.0)	(18.0, 0.0)	(19.0, 0.0)	(20.0, 0.0)	(21.0, 0.0)	(22.0, 0.0)	(23.0, 0.0)	(24.0, 0.0)	(25.0, 0.0)	(26.0, 0.0)	(27.0, 0.0)	(28.0, 0.0)	(29.0, 0.0)	(30.0, 0.0)	(31.0, 0.0)	(32.0, 0.0)	(33.0, 0.0)	(34.0, 0.25)	(35.0, 0.5)	(36.0, 0.25)	(37.0, 0.25)	(38.0, 0.0)	(39.0, 0.6666666666666666)	(40.0, 0.5833333333333333)	(41.0, 1.0833333333333333)	(42.0, 0.75)	(43.0, 3.0)	(44.0, 2.333333333333333)	(45.0, 2.583333333333333)	(46.0, 6.083333333333333)	(47.0, 9.75)	(48.0, 23.666666666666668)	(49.0, 46.500000000000014)	(50.0, 106.24999999999989)	(51.0, 497.7499999999984)	(52.0, 2418.166666666663)	(53.0, 3271.7500000000155)	(54.0, 2645.66666666667)	(55.0, 1559.7499999999986)	(56.0, 881.8333333333337)	(57.0, 565.3333333333334)	(58.0, 234.00000000000003)	(59.0, 86.49999999999999)	(60.0, 38.50000000000001)	(61.0, 26.75)	(62.0, 26.166666666666664)	(63.0, 34.833333333333336)	(64.0, 35.91666666666667)	(65.0, 35.833333333333336)	(66.0, 29.416666666666664)	(67.0, 47.166666666666664)	(68.0, 66.33333333333334)	(69.0, 42.83333333333333)	(70.0, 18.0)	(71.0, 5.5)	(72.0, 4.0)	(73.0, 1.75)	(74.0, 1.5)	(75.0, 2.25)	(76.0, 1.75)	(77.0, 0.5)	(78.0, 1.5833333333333333)	(79.0, 0.5833333333333333)	(80.0, 0.75)	(81.0, 0.75)	(82.0, 0.25)	(83.0, 0.5)	(84.0, 1.0)	(85.0, 0.75)	(86.0, 0.75)	(87.0, 0.0)	(88.0, 0.25)	(89.0, 0.25)	(90.0, 0.0)	(91.0, 0.0)	(92.0, 0.0)	(93.0, 0.0)	(94.0, 0.25)	(95.0, 0.25)	(96.0, 0.0)	(97.0, 0.0)	(98.0, 0.0)	(99.0, 0.0)	(100.0, 0.3333333333333333)
676B14_S136_L001_R1_001	(0.0, 0.0)	(1.0, 0.0)	(2.0, 0.0)	(3.0, 0.0)	(4.0, 0.0)	(5.0, 0.0)	(6.0, 0.0)	(7.0, 0.0)	(8.0, 0.0)	(9.0, 0.0)	(10.0, 0.0)	(11.0, 0.0)	(12.0, 0.0)	(13.0, 0.0)	(14.0, 0.0)	(15.0, 0.0)	(16.0, 0.0)	(17.0, 0.0)	(18.0, 0.0)	(19.0, 0.0)	(20.0, 0.0)	(21.0, 0.0)	(22.0, 0.0)	(23.0, 0.0)	(24.0, 0.0)	(25.0, 0.0)	(26.0, 0.0)	(27.0, 0.0)	(28.0, 0.0)	(29.0, 0.0)	(30.0, 0.0)	(31.0, 0.0)	(32.0, 0.0)	(33.0, 0.0)	(34.0, 0.0)	(35.0, 0.0)	(36.0, 0.0)	(37.0, 0.0)	(38.0, 0.0)	(39.0, 0.25)	(40.0, 0.25)	(41.0, 0.25)	(42.0, 1.5)	(43.0, 1.75)	(44.0, 3.5833333333333335)	(45.0, 3.9166666666666665)	(46.0, 9.583333333333334)	(47.0, 18.5)	(48.0, 37.5)	(49.0, 208.91666666666669)	(50.0, 750.0833333333336)	(51.0, 1836.666666666664)	(52.0, 1937.9999999999945)	(53.0, 2241.166666666664)	(54.0, 2226.749999999999)	(55.0, 1137.4166666666667)	(56.0, 1109.3333333333342)	(57.0, 475.74999999999926)	(58.0, 348.24999999999983)	(59.0, 217.25000000000037)	(60.0, 155.08333333333334)	(61.0, 87.08333333333334)	(62.0, 29.333333333333332)	(63.0, 31.75)	(64.0, 31.5)	(65.0, 40.083333333333336)	(66.0, 101.25)	(67.0, 29.5)	(68.0, 4.0)	(69.0, 0.25)	(70.0, 0.25)	(71.0, 0.0)	(72.0, 0.0)	(73.0, 0.0)	(74.0, 0.0)	(75.0, 0.0)	(76.0, 0.0)	(77.0, 0.0)	(78.0, 0.0)	(79.0, 0.0)	(80.0, 0.0)	(81.0, 0.0)	(82.0, 0.0)	(83.0, 0.0)	(84.0, 0.0)	(85.0, 0.0)	(86.0, 0.0)	(87.0, 0.0)	(88.0, 0.0)	(89.0, 0.0)	(90.0, 0.0)	(91.0, 0.0)	(92.0, 0.0)	(93.0, 0.0)	(94.0, 0.0)	(95.0, 0.0)	(96.0, 0.0)	(97.0, 0.0)	(98.0, 0.0)	(99.0, 0.0)	(100.0, 0.0)
676B14_S136_L001_R2_001	(0.0, 0.0)	(1.0, 0.0)	(2.0, 0.0)	(3.0, 0.0)	(4.0, 0.0)	(5.0, 0.0)	(6.0, 0.0)	(7.0, 0.0)	(8.0, 0.0)	(9.0, 0.0)	(10.0, 0.0)	(11.0, 0.0)	(12.0, 0.0)	(13.0, 0.0)	(14.0, 0.0)	(15.0, 0.0)	(16.0, 0.0)	(17.0, 0.0)	(18.0, 0.0)	(19.0, 0.0)	(20.0, 0.0)	(21.0, 0.0)	(22.0, 0.0)	(23.0, 0.0)	(24.0, 0.0)	(25.0, 0.0)	(26.0, 0.0)	(27.0, 0.0)	(28.0, 0.0)	(29.0, 0.0)	(30.0, 0.0)	(31.0, 0.0)	(32.0, 0.0)	(33.0, 0.0)	(34.0, 0.0)	(35.0, 0.0)	(36.0, 0.25)	(37.0, 0.5)	(38.0, 0.5833333333333333)	(39.0, 0.5833333333333333)	(40.0, 0.25)	(41.0, 0.0)	(42.0, 1.5833333333333333)	(43.0, 2.75)	(44.0, 4.333333333333334)	(45.0, 4.166666666666666)	(46.0, 9.583333333333332)	(47.0, 17.000000000000004)	(48.0, 47.250000000000014)	(49.0, 103.58333333333329)	(50.0, 171.0833333333335)	(51.0, 488.58333333333127)	(52.0, 1490.8333333333267)	(53.0, 2597.166666666669)	(54.0, 2943.1666666666774)	(55.0, 2135.333333333331)	(56.0, 1287.5833333333333)	(57.0, 836.8333333333335)	(58.0, 397.74999999999994)	(59.0, 177.25)	(60.0, 65.33333333333334)	(61.0, 47.666666666666664)	(62.0, 40.666666666666664)	(63.0, 53.75)	(64.0, 54.583333333333336)	(65.0, 46.75000000000001)	(66.0, 43.833333333333336)	(67.0, 60.00000000000001)	(68.0, 77.33333333333334)	(69.0, 46.5)	(70.0, 17.0)	(71.0, 5.5)	(72.0, 3.75)	(73.0, 2.0)	(74.0, 1.0)	(75.0, 0.25)	(76.0, 1.25)	(77.0, 0.75)	(78.0, 0.75)	(79.0, 1.0)	(80.0, 0.5)	(81.0, 0.5)	(82.0, 0.25)	(83.0, 0.0)	(84.0, 0.25)	(85.0, 0.25)	(86.0, 0.25)	(87.0, 0.25)	(88.0, 0.25)	(89.0, 0.0)	(90.0, 0.0)	(91.0, 0.0)	(92.0, 0.25)	(93.0, 0.25)	(94.0, 0.0)	(95.0, 0.0)	(96.0, 0.0)	(97.0, 0.5)	(98.0, 0.25)	(99.0, 0.25)	(100.0, 0.3333333333333333)
678A0_S141_L001_R1_001	(0.0, 0.0)	(1.0, 0.0)	(2.0, 0.0)	(3.0, 0.0)	(4.0, 0.0)	(5.0, 0.0)	(6.0, 0.0)	(7.0, 0.0)	(8.0, 0.0)	(9.0, 0.0)	(10.0, 0.0)	(11.0, 0.0)	(12.0, 0.0)	(13.0, 0.0)	(14.0, 0.0)	(15.0, 0.0)	(16.0, 0.0)	(17.0, 0.0)	(18.0, 0.0)	(19.0, 0.0)	(20.0, 0.0)	(21.0, 0.0)	(22.0, 0.0)	(23.0, 0.0)	(24.0, 0.0)	(25.0, 0.0)	(26.0, 0.0)	(27.0, 0.0)	(28.0, 0.0)	(29.0, 0.0)	(30.0, 0.0)	(31.0, 0.0)	(32.0, 0.0)	(33.0, 0.0)	(34.0, 0.0)	(35.0, 0.0)	(36.0, 0.0)	(37.0, 0.0)	(38.0, 0.25)	(39.0, 0.0)	(40.0, 0.25)	(41.0, 0.5)	(42.0, 0.25)	(43.0, 0.5)	(44.0, 0.5)	(45.0, 0.5)	(46.0, 5.833333333333334)	(47.0, 28.083333333333332)	(48.0, 57.83333333333334)	(49.0, 291.6666666666667)	(50.0, 1171.3333333333335)	(51.0, 2173.5833333333335)	(52.0, 1609.6666666666665)	(53.0, 1606.25)	(54.0, 1520.5833333333326)	(55.0, 954.0833333333338)	(56.0, 728.9166666666666)	(57.0, 275.75)	(58.0, 167.83333333333337)	(59.0, 301.5833333333333)	(60.0, 140.58333333333331)	(61.0, 46.25)	(62.0, 24.833333333333336)	(63.0, 41.58333333333333)	(64.0, 23.5)	(65.0, 26.25)	(66.0, 62.833333333333336)	(67.0, 15.75)	(68.0, 1.75)	(69.0, 2.5)	(70.0, 1.25)	(71.0, 0.5)	(72.0, 0.0)	(73.0, 0.0)	(74.0, 0.0)	(75.0, 0.0)	(76.0, 0.0)	(77.0, 0.0)	(78.0, 0.0)	(79.0, 0.0)	(80.0, 0.0)	(81.0, 0.0)	(82.0, 0.0)	(83.0, 0.0)	(84.0, 0.0)	(85.0, 0.0)	(86.0, 0.0)	(87.0, 0.0)	(88.0, 0.0)	(89.0, 0.0)	(90.0, 0.0)	(91.0, 0.0)	(92.0, 0.0)	(93.0, 0.0)	(94.0, 0.0)	(95.0, 0.0)	(96.0, 0.0)	(97.0, 0.0)	(98.0, 0.0)	(99.0, 0.0)	(100.0, 0.0)
678A0_S141_L001_R2_001	(0.0, 0.0)	(1.0, 0.0)	(2.0, 0.0)	(3.0, 0.0)	(4.0, 0.0)	(5.0, 0.0)	(6.0, 0.0)	(7.0, 0.0)	(8.0, 0.0)	(9.0, 0.0)	(10.0, 0.0)	(11.0, 0.0)	(12.0, 0.0)	(13.0, 0.0)	(14.0, 0.0)	(15.0, 0.0)	(16.0, 0.0)	(17.0, 0.0)	(18.0, 0.0)	(19.0, 0.0)	(20.0, 0.0)	(21.0, 0.0)	(22.0, 0.0)	(23.0, 0.0)	(24.0, 0.0)	(25.0, 0.0)	(26.0, 0.0)	(27.0, 0.0)	(28.0, 0.0)	(29.0, 0.0)	(30.0, 0.0)	(31.0, 0.0)	(32.0, 0.0)	(33.0, 0.0)	(34.0, 0.0)	(35.0, 0.0)	(36.0, 0.25)	(37.0, 0.25)	(38.0, 0.3333333333333333)	(39.0, 0.0)	(40.0, 0.5833333333333333)	(41.0, 0.0)	(42.0, 1.25)	(43.0, 1.25)	(44.0, 1.8333333333333333)	(45.0, 2.6666666666666665)	(46.0, 5.333333333333333)	(47.0, 14.500000000000002)	(48.0, 50.75000000000001)	(49.0, 74.08333333333334)	(50.0, 162.08333333333337)	(51.0, 520.2499999999985)	(52.0, 1814.5833333333237)	(53.0, 2936.250000000006)	(54.0, 2144.2499999999964)	(55.0, 1532.6666666666654)	(56.0, 728.5833333333336)	(57.0, 298.08333333333337)	(58.0, 248.5000000000001)	(59.0, 258.41666666666686)	(60.0, 151.16666666666669)	(61.0, 63.916666666666664)	(62.0, 39.416666666666664)	(63.0, 39.83333333333333)	(64.0, 39.08333333333333)	(65.0, 47.75)	(66.0, 42.75000000000001)	(67.0, 43.33333333333333)	(68.0, 51.25)	(69.0, 36.5)	(70.0, 14.25)	(71.0, 6.75)	(72.0, 3.5)	(73.0, 1.0)	(74.0, 1.0)	(75.0, 1.25)	(76.0, 1.0)	(77.0, 1.25)	(78.0, 0.5)	(79.0, 0.75)	(80.0, 0.5)	(81.0, 0.5)	(82.0, 0.0)	(83.0, 0.0)	(84.0, 0.25)	(85.0, 0.75)	(86.0, 0.25)	(87.0, 0.0)	(88.0, 0.0)	(89.0, 0.0)	(90.0, 0.0)	(91.0, 0.0)	(92.0, 0.0)	(93.0, 0.0)	(94.0, 0.5)	(95.0, 0.25)	(96.0, 0.0)	(97.0, 0.0)	(98.0, 0.25)	(99.0, 0.25)	(100.0, 0.6666666666666666)
678A14_S142_L001_R1_001	(0.0, 0.0)	(1.0, 0.0)	(2.0, 0.0)	(3.0, 0.0)	(4.0, 0.0)	(5.0, 0.0)	(6.0, 0.0)	(7.0, 0.0)	(8.0, 0.0)	(9.0, 0.0)	(10.0, 0.0)	(11.0, 0.0)	(12.0, 0.0)	(13.0, 0.0)	(14.0, 0.0)	(15.0, 0.0)	(16.0, 0.0)	(17.0, 0.0)	(18.0, 0.0)	(19.0, 0.0)	(20.0, 0.0)	(21.0, 0.0)	(22.0, 0.0)	(23.0, 0.0)	(24.0, 0.0)	(25.0, 0.0)	(26.0, 0.0)	(27.0, 0.0)	(28.0, 0.0)	(29.0, 0.0)	(30.0, 0.0)	(31.0, 0.0)	(32.0, 0.0)	(33.0, 0.0)	(34.0, 0.0)	(35.0, 0.0)	(36.0, 0.0)	(37.0, 0.0)	(38.0, 0.0)	(39.0, 0.0)	(40.0, 0.0)	(41.0, 0.5)	(42.0, 0.5)	(43.0, 1.25)	(44.0, 1.0)	(45.0, 1.5)	(46.0, 16.25)	(47.0, 87.41666666666666)	(48.0, 110.91666666666664)	(49.0, 337.66666666666674)	(50.0, 1032.0833333333337)	(51.0, 2001.083333333333)	(52.0, 1627.333333333333)	(53.0, 1677.8333333333328)	(54.0, 1627.8333333333333)	(55.0, 996.416666666667)	(56.0, 747.3333333333336)	(57.0, 359.5)	(58.0, 250.5833333333336)	(59.0, 493.5833333333327)	(60.0, 215.1666666666667)	(61.0, 61.66666666666667)	(62.0, 30.0)	(63.0, 40.0)	(64.0, 21.0)	(65.0, 20.75)	(66.0, 70.83333333333334)	(67.0, 14.75)	(68.0, 1.0)	(69.0, 2.75)	(70.0, 2.5)	(71.0, 0.0)	(72.0, 0.0)	(73.0, 0.0)	(74.0, 0.0)	(75.0, 0.0)	(76.0, 0.0)	(77.0, 0.0)	(78.0, 0.0)	(79.0, 0.0)	(80.0, 0.0)	(81.0, 0.0)	(82.0, 0.0)	(83.0, 0.0)	(84.0, 0.0)	(85.0, 0.0)	(86.0, 0.0)	(87.0, 0.0)	(88.0, 0.0)	(89.0, 0.0)	(90.0, 0.0)	(91.0, 0.0)	(92.0, 0.0)	(93.0, 0.0)	(94.0, 0.0)	(95.0, 0.0)	(96.0, 0.0)	(97.0, 0.0)	(98.0, 0.0)	(99.0, 0.0)	(100.0, 0.0)
678A14_S142_L001_R2_001	(0.0, 0.0)	(1.0, 0.0)	(2.0, 0.0)	(3.0, 0.0)	(4.0, 0.0)	(5.0, 0.0)	(6.0, 0.0)	(7.0, 0.0)	(8.0, 0.0)	(9.0, 0.0)	(10.0, 0.0)	(11.0, 0.0)	(12.0, 0.0)	(13.0, 0.0)	(14.0, 0.0)	(15.0, 0.0)	(16.0, 0.0)	(17.0, 0.0)	(18.0, 0.0)	(19.0, 0.0)	(20.0, 0.0)	(21.0, 0.0)	(22.0, 0.0)	(23.0, 0.0)	(24.0, 0.0)	(25.0, 0.0)	(26.0, 0.0)	(27.0, 0.0)	(28.0, 0.0)	(29.0, 0.0)	(30.0, 0.0)	(31.0, 0.25)	(32.0, 0.0)	(33.0, 0.25)	(34.0, 0.0)	(35.0, 0.0)	(36.0, 1.0)	(37.0, 0.25)	(38.0, 0.25)	(39.0, 0.0)	(40.0, 0.25)	(41.0, 0.5)	(42.0, 0.5)	(43.0, 0.75)	(44.0, 1.25)	(45.0, 1.3333333333333333)	(46.0, 5.583333333333333)	(47.0, 24.333333333333325)	(48.0, 104.99999999999996)	(49.0, 135.91666666666657)	(50.0, 203.58333333333368)	(51.0, 551.7499999999992)	(52.0, 1848.416666666658)	(53.0, 2849.000000000006)	(54.0, 2075.3333333333303)	(55.0, 1579.0833333333326)	(56.0, 711.6666666666667)	(57.0, 345.9166666666666)	(58.0, 381.333333333333)	(59.0, 413.99999999999966)	(60.0, 215.75000000000003)	(61.0, 85.75000000000001)	(62.0, 45.833333333333336)	(63.0, 44.333333333333336)	(64.0, 38.08333333333334)	(65.0, 44.5)	(66.0, 39.5)	(67.0, 49.5)	(68.0, 54.25)	(69.0, 35.58333333333333)	(70.0, 15.583333333333334)	(71.0, 8.25)	(72.0, 2.75)	(73.0, 1.25)	(74.0, 2.0)	(75.0, 1.0)	(76.0, 0.0)	(77.0, 1.0)	(78.0, 1.5)	(79.0, 0.5)	(80.0, 2.0)	(81.0, 0.75)	(82.0, 0.75)	(83.0, 1.0)	(84.0, 1.0)	(85.0, 0.75)	(86.0, 0.25)	(87.0, 0.0)	(88.0, 0.25)	(89.0, 0.5)	(90.0, 0.25)	(91.0, 0.0)	(92.0, 0.25)	(93.0, 0.5)	(94.0, 0.5)	(95.0, 0.25)	(96.0, 0.0)	(97.0, 0.25)	(98.0, 0.0)	(99.0, 0.0)	(100.0, 0.0)
678B0_S143_L001_R1_001	(0.0, 0.0)	(1.0, 0.0)	(2.0, 0.0)	(3.0, 0.0)	(4.0, 0.0)	(5.0, 0.0)	(6.0, 0.0)	(7.0, 0.0)	(8.0, 0.0)	(9.0, 0.0)	(10.0, 0.0)	(11.0, 0.0)	(12.0, 0.0)	(13.0, 0.0)	(14.0, 0.0)	(15.0, 0.0)	(16.0, 0.0)	(17.0, 0.0)	(18.0, 0.0)	(19.0, 0.0)	(20.0, 0.0)	(21.0, 0.0)	(22.0, 0.0)	(23.0, 0.0)	(24.0, 0.0)	(25.0, 0.0)	(26.0, 0.0)	(27.0, 0.0)	(28.0, 0.0)	(29.0, 0.0)	(30.0, 0.0)	(31.0, 0.0)	(32.0, 0.0)	(33.0, 0.0)	(34.0, 0.0)	(35.0, 0.0)	(36.0, 0.0)	(37.0, 0.0)	(38.0, 0.0)	(39.0, 0.0)	(40.0, 0.0)	(41.0, 0.0)	(42.0, 0.25)	(43.0, 0.0)	(44.0, 0.25)	(45.0, 1.25)	(46.0, 6.333333333333334)	(47.0, 31.583333333333336)	(48.0, 61.0)	(49.0, 278.91666666666674)	(50.0, 995.166666666667)	(51.0, 2504.1666666666665)	(52.0, 1907.2499999999993)	(53.0, 1716.6666666666665)	(54.0, 1856.083333333332)	(55.0, 1037.083333333334)	(56.0, 933.333333333334)	(57.0, 460.08333333333286)	(58.0, 338.7499999999998)	(59.0, 923.6666666666691)	(60.0, 479.9166666666665)	(61.0, 142.58333333333331)	(62.0, 90.25)	(63.0, 106.58333333333333)	(64.0, 61.833333333333336)	(65.0, 91.25)	(66.0, 289.25)	(67.0, 69.25)	(68.0, 5.0)	(69.0, 2.5)	(70.0, 2.0)	(71.0, 0.25)	(72.0, 0.0)	(73.0, 0.0)	(74.0, 0.0)	(75.0, 0.0)	(76.0, 0.0)	(77.0, 0.0)	(78.0, 0.0)	(79.0, 0.0)	(80.0, 0.0)	(81.0, 0.0)	(82.0, 0.0)	(83.0, 0.0)	(84.0, 0.0)	(85.0, 0.0)	(86.0, 0.0)	(87.0, 0.0)	(88.0, 0.0)	(89.0, 0.0)	(90.0, 0.0)	(91.0, 0.0)	(92.0, 0.0)	(93.0, 0.0)	(94.0, 0.0)	(95.0, 0.0)	(96.0, 0.0)	(97.0, 0.0)	(98.0, 0.0)	(99.0, 0.0)	(100.0, 0.0)
678B0_S143_L001_R2_001	(0.0, 0.0)	(1.0, 0.0)	(2.0, 0.0)	(3.0, 0.0)	(4.0, 0.0)	(5.0, 0.0)	(6.0, 0.0)	(7.0, 0.0)	(8.0, 0.0)	(9.0, 0.0)	(10.0, 0.0)	(11.0, 0.0)	(12.0, 0.0)	(13.0, 0.0)	(14.0, 0.0)	(15.0, 0.0)	(16.0, 0.0)	(17.0, 0.0)	(18.0, 0.0)	(19.0, 0.0)	(20.0, 0.0)	(21.0, 0.0)	(22.0, 0.0)	(23.0, 0.0)	(24.0, 0.0)	(25.0, 0.0)	(26.0, 0.0)	(27.0, 0.0)	(28.0, 0.0)	(29.0, 0.0)	(30.0, 0.0)	(31.0, 0.0)	(32.0, 0.0)	(33.0, 0.0)	(34.0, 0.0)	(35.0, 0.0)	(36.0, 0.0)	(37.0, 0.25)	(38.0, 0.25)	(39.0, 0.75)	(40.0, 0.0)	(41.0, 0.5)	(42.0, 0.25)	(43.0, 1.3333333333333333)	(44.0, 0.8333333333333333)	(45.0, 1.0833333333333333)	(46.0, 4.333333333333333)	(47.0, 14.083333333333334)	(48.0, 50.75000000000001)	(49.0, 87.83333333333331)	(50.0, 168.91666666666674)	(51.0, 497.6666666666652)	(52.0, 1890.2499999999877)	(53.0, 3347.750000000014)	(54.0, 2537.2500000000005)	(55.0, 1762.8333333333326)	(56.0, 817.0833333333336)	(57.0, 437.74999999999955)	(58.0, 608.0000000000001)	(59.0, 744.000000000001)	(60.0, 375.99999999999994)	(61.0, 142.16666666666663)	(62.0, 78.58333333333333)	(63.0, 69.08333333333334)	(64.0, 81.08333333333334)	(65.0, 111.99999999999986)	(66.0, 120.4999999999999)	(67.0, 164.08333333333334)	(68.0, 199.58333333333331)	(69.0, 124.5)	(70.0, 52.583333333333336)	(71.0, 20.0)	(72.0, 7.0)	(73.0, 4.0)	(74.0, 3.0)	(75.0, 3.25)	(76.0, 2.5)	(77.0, 1.5)	(78.0, 1.5)	(79.0, 2.0)	(80.0, 1.5)	(81.0, 1.25)	(82.0, 0.8333333333333333)	(83.0, 0.5)	(84.0, 1.0)	(85.0, 1.25)	(86.0, 0.5)	(87.0, 1.0)	(88.0, 0.25)	(89.0, 0.25)	(90.0, 0.0)	(91.0, 0.25)	(92.0, 0.25)	(93.0, 0.25)	(94.0, 0.25)	(95.0, 0.0)	(96.0, 0.0)	(97.0, 0.0)	(98.0, 0.0)	(99.0, 0.0)	(100.0, 0.0)
678B14_S144_L001_R1_001	(0.0, 0.0)	(1.0, 0.0)	(2.0, 0.0)	(3.0, 0.0)	(4.0, 0.0)	(5.0, 0.0)	(6.0, 0.0)	(7.0, 0.0)	(8.0, 0.0)	(9.0, 0.0)	(10.0, 0.0)	(11.0, 0.0)	(12.0, 0.0)	(13.0, 0.0)	(14.0, 0.0)	(15.0, 0.0)	(16.0, 0.0)	(17.0, 0.0)	(18.0, 0.0)	(19.0, 0.0)	(20.0, 0.0)	(21.0, 0.0)	(22.0, 0.0)	(23.0, 0.0)	(24.0, 0.0)	(25.0, 0.0)	(26.0, 0.0)	(27.0, 0.0)	(28.0, 0.0)	(29.0, 0.0)	(30.0, 0.0)	(31.0, 0.0)	(32.0, 0.0)	(33.0, 0.0)	(34.0, 0.0)	(35.0, 0.0)	(36.0, 0.0)	(37.0, 0.0)	(38.0, 0.25)	(39.0, 0.0)	(40.0, 0.25)	(41.0, 0.25)	(42.0, 0.25)	(43.0, 1.25)	(44.0, 2.25)	(45.0, 2.5)	(46.0, 16.75)	(47.0, 85.33333333333334)	(48.0, 107.91666666666666)	(49.0, 267.8333333333333)	(50.0, 715.9166666666667)	(51.0, 1902.083333333332)	(52.0, 2222.4999999999995)	(53.0, 2754.666666666667)	(54.0, 2693.833333333334)	(55.0, 1680.2499999999984)	(56.0, 1533.4166666666654)	(57.0, 672.4166666666669)	(58.0, 416.8333333333324)	(59.0, 814.5000000000017)	(60.0, 425.4999999999997)	(61.0, 152.25000000000003)	(62.0, 83.58333333333334)	(63.0, 112.83333333333334)	(64.0, 62.25)	(65.0, 74.75)	(66.0, 253.5)	(67.0, 48.75)	(68.0, 4.75)	(69.0, 3.0)	(70.0, 0.5)	(71.0, 0.25)	(72.0, 0.0)	(73.0, 0.0)	(74.0, 0.25)	(75.0, 0.0)	(76.0, 0.0)	(77.0, 0.0)	(78.0, 0.0)	(79.0, 0.0)	(80.0, 0.3333333333333333)	(81.0, 0.3333333333333333)	(82.0, 0.0)	(83.0, 0.0)	(84.0, 0.0)	(85.0, 0.0)	(86.0, 0.0)	(87.0, 0.0)	(88.0, 0.0)	(89.0, 0.0)	(90.0, 0.0)	(91.0, 0.0)	(92.0, 0.0)	(93.0, 0.0)	(94.0, 0.0)	(95.0, 0.0)	(96.0, 0.0)	(97.0, 0.0)	(98.0, 0.0)	(99.0, 0.0)	(100.0, 0.0)
678B14_S144_L001_R2_001	(0.0, 0.0)	(1.0, 0.0)	(2.0, 0.0)	(3.0, 0.0)	(4.0, 0.0)	(5.0, 0.0)	(6.0, 0.0)	(7.0, 0.0)	(8.0, 0.0)	(9.0, 0.0)	(10.0, 0.0)	(11.0, 0.0)	(12.0, 0.0)	(13.0, 0.0)	(14.0, 0.0)	(15.0, 0.0)	(16.0, 0.0)	(17.0, 0.0)	(18.0, 0.0)	(19.0, 0.0)	(20.0, 0.0)	(21.0, 0.0)	(22.0, 0.0)	(23.0, 0.0)	(24.0, 0.0)	(25.0, 0.0)	(26.0, 0.0)	(27.0, 0.0)	(28.0, 0.0)	(29.0, 0.0)	(30.0, 0.0)	(31.0, 0.0)	(32.0, 0.0)	(33.0, 0.0)	(34.0, 0.0)	(35.0, 0.0)	(36.0, 0.0)	(37.0, 0.0)	(38.0, 0.5833333333333333)	(39.0, 0.5)	(40.0, 0.5833333333333333)	(41.0, 1.3333333333333333)	(42.0, 2.833333333333333)	(43.0, 2.833333333333333)	(44.0, 4.5)	(45.0, 5.749999999999999)	(46.0, 12.000000000000004)	(47.0, 29.166666666666657)	(48.0, 121.74999999999991)	(49.0, 180.9166666666668)	(50.0, 274.9166666666671)	(51.0, 720.083333333335)	(52.0, 2256.083333333329)	(53.0, 3479.0000000000177)	(54.0, 2992.6666666666733)	(55.0, 2470.083333333334)	(56.0, 1294.166666666666)	(57.0, 650.0833333333335)	(58.0, 603.8333333333336)	(59.0, 640.5833333333338)	(60.0, 356.7499999999999)	(61.0, 149.33333333333331)	(62.0, 79.83333333333334)	(63.0, 89.33333333333333)	(64.0, 96.0833333333333)	(65.0, 125.74999999999991)	(66.0, 121.2499999999999)	(67.0, 162.08333333333334)	(68.0, 194.08333333333331)	(69.0, 115.91666666666667)	(70.0, 45.08333333333333)	(71.0, 17.333333333333332)	(72.0, 8.0)	(73.0, 5.0)	(74.0, 3.0)	(75.0, 2.5)	(76.0, 1.75)	(77.0, 3.0)	(78.0, 2.0)	(79.0, 1.75)	(80.0, 1.25)	(81.0, 0.75)	(82.0, 2.25)	(83.0, 0.5)	(84.0, 0.5)	(85.0, 0.0)	(86.0, 0.0)	(87.0, 0.75)	(88.0, 0.25)	(89.0, 0.25)	(90.0, 0.25)	(91.0, 0.0)	(92.0, 0.5)	(93.0, 0.0)	(94.0, 0.0)	(95.0, 0.0)	(96.0, 0.0)	(97.0, 0.25)	(98.0, 0.0)	(99.0, 0.0)	(100.0, 0.3333333333333333)
681A0_S153_L001_R1_001	(0.0, 1.0)	(1.0, 0.5)	(2.0, 0.0)	(3.0, 0.0)	(4.0, 0.0)	(5.0, 0.0)	(6.0, 0.0)	(7.0, 0.0)	(8.0, 0.0)	(9.0, 0.0)	(10.0, 0.0)	(11.0, 0.0)	(12.0, 0.0)	(13.0, 0.0)	(14.0, 0.0)	(15.0, 0.0)	(16.0, 0.0)	(17.0, 0.0)	(18.0, 0.0)	(19.0, 0.0)	(20.0, 0.0)	(21.0, 0.0)	(22.0, 0.0)	(23.0, 0.0)	(24.0, 0.0)	(25.0, 0.0)	(26.0, 0.0)	(27.0, 0.0)	(28.0, 0.0)	(29.0, 0.0)	(30.0, 0.0)	(31.0, 0.0)	(32.0, 0.0)	(33.0, 0.0)	(34.0, 0.0)	(35.0, 0.0)	(36.0, 0.0)	(37.0, 0.25)	(38.0, 0.0)	(39.0, 0.25)	(40.0, 0.25)	(41.0, 0.5)	(42.0, 0.5)	(43.0, 1.0)	(44.0, 0.5)	(45.0, 1.5)	(46.0, 26.916666666666668)	(47.0, 299.6666666666667)	(48.0, 267.1666666666668)	(49.0, 318.8333333333333)	(50.0, 675.9166666666667)	(51.0, 1999.1666666666658)	(52.0, 3582.166666666668)	(53.0, 4138.416666666668)	(54.0, 3689.6666666666674)	(55.0, 1997.5833333333317)	(56.0, 791.1666666666671)	(57.0, 384.8333333333333)	(58.0, 183.75000000000006)	(59.0, 178.7500000000002)	(60.0, 110.24999999999987)	(61.0, 68.25)	(62.0, 34.166666666666664)	(63.0, 37.91666666666667)	(64.0, 36.416666666666664)	(65.0, 26.25)	(66.0, 114.0)	(67.0, 23.25)	(68.0, 1.25)	(69.0, 0.5)	(70.0, 0.25)	(71.0, 0.0)	(72.0, 0.0)	(73.0, 0.0)	(74.0, 0.0)	(75.0, 0.0)	(76.0, 0.0)	(77.0, 0.0)	(78.0, 0.0)	(79.0, 0.0)	(80.0, 0.0)	(81.0, 0.0)	(82.0, 0.25)	(83.0, 0.0)	(84.0, 0.0)	(85.0, 0.0)	(86.0, 0.0)	(87.0, 0.0)	(88.0, 0.0)	(89.0, 0.0)	(90.0, 0.0)	(91.0, 0.0)	(92.0, 0.0)	(93.0, 0.0)	(94.0, 0.0)	(95.0, 0.0)	(96.0, 0.0)	(97.0, 0.0)	(98.0, 0.0)	(99.0, 0.0)	(100.0, 0.0)
681A0_S153_L001_R2_001	(0.0, 1.0)	(1.0, 0.5)	(2.0, 0.0)	(3.0, 0.0)	(4.0, 0.0)	(5.0, 0.0)	(6.0, 0.0)	(7.0, 0.0)	(8.0, 0.0)	(9.0, 0.0)	(10.0, 0.0)	(11.0, 0.0)	(12.0, 0.0)	(13.0, 0.0)	(14.0, 0.0)	(15.0, 0.0)	(16.0, 0.0)	(17.0, 0.0)	(18.0, 0.0)	(19.0, 0.0)	(20.0, 0.0)	(21.0, 0.0)	(22.0, 0.0)	(23.0, 0.0)	(24.0, 0.0)	(25.0, 0.0)	(26.0, 0.0)	(27.0, 0.0)	(28.0, 0.25)	(29.0, 0.0)	(30.0, 0.0)	(31.0, 0.0)	(32.0, 0.0)	(33.0, 0.0)	(34.0, 0.0)	(35.0, 0.25)	(36.0, 0.25)	(37.0, 0.8333333333333333)	(38.0, 1.0)	(39.0, 0.8333333333333333)	(40.0, 0.9166666666666665)	(41.0, 1.0833333333333333)	(42.0, 0.75)	(43.0, 3.0)	(44.0, 4.416666666666666)	(45.0, 9.583333333333334)	(46.0, 42.66666666666668)	(47.0, 125.99999999999994)	(48.0, 280.41666666666674)	(49.0, 270.83333333333337)	(50.0, 262.41666666666725)	(51.0, 741.1666666666694)	(52.0, 2779.3333333333444)	(53.0, 5092.166666666658)	(54.0, 4610.750000000004)	(55.0, 2589.5000000000014)	(56.0, 1258.2499999999998)	(57.0, 449.5)	(58.0, 169.41666666666663)	(59.0, 116.58333333333331)	(60.0, 65.58333333333334)	(61.0, 43.75)	(62.0, 36.166666666666664)	(63.0, 42.5)	(64.0, 56.916666666666664)	(65.0, 59.16666666666668)	(66.0, 47.00000000000001)	(67.0, 63.58333333333333)	(68.0, 87.25)	(69.0, 55.5)	(70.0, 18.583333333333332)	(71.0, 7.75)	(72.0, 2.75)	(73.0, 2.0)	(74.0, 1.75)	(75.0, 1.0)	(76.0, 1.5)	(77.0, 1.5833333333333333)	(78.0, 1.25)	(79.0, 1.75)	(80.0, 2.0)	(81.0, 0.5)	(82.0, 0.25)	(83.0, 1.0)	(84.0, 0.75)	(85.0, 1.0)	(86.0, 0.75)	(87.0, 0.25)	(88.0, 0.25)	(89.0, 0.25)	(90.0, 0.75)	(91.0, 0.25)	(92.0, 0.0)	(93.0, 0.25)	(94.0, 0.0)	(95.0, 0.0)	(96.0, 0.5)	(97.0, 0.25)	(98.0, 0.75)	(99.0, 1.0)	(100.0, 0.0)
681A14_S154_L001_R1_001	(0.0, 1.0)	(1.0, 0.5)	(2.0, 0.0)	(3.0, 0.0)	(4.0, 0.0)	(5.0, 0.0)	(6.0, 0.0)	(7.0, 0.0)	(8.0, 0.0)	(9.0, 0.0)	(10.0, 0.0)	(11.0, 0.0)	(12.0, 0.0)	(13.0, 0.0)	(14.0, 0.0)	(15.0, 0.0)	(16.0, 0.0)	(17.0, 0.0)	(18.0, 0.0)	(19.0, 0.0)	(20.0, 0.0)	(21.0, 0.0)	(22.0, 0.0)	(23.0, 0.0)	(24.0, 0.0)	(25.0, 0.0)	(26.0, 0.0)	(27.0, 0.0)	(28.0, 0.0)	(29.0, 0.0)	(30.0, 0.0)	(31.0, 0.0)	(32.0, 0.0)	(33.0, 0.0)	(34.0, 0.0)	(35.0, 0.0)	(36.0, 0.0)	(37.0, 0.0)	(38.0, 0.0)	(39.0, 0.0)	(40.0, 0.0)	(41.0, 0.25)	(42.0, 0.25)	(43.0, 0.25)	(44.0, 0.5)	(45.0, 2.0)	(46.0, 16.166666666666664)	(47.0, 134.33333333333331)	(48.0, 274.8333333333334)	(49.0, 983.8333333333338)	(50.0, 1626.3333333333326)	(51.0, 2591.250000000001)	(52.0, 2869.333333333335)	(53.0, 2498.0)	(54.0, 2177.666666666666)	(55.0, 917.8333333333334)	(56.0, 393.66666666666674)	(57.0, 184.66666666666666)	(58.0, 92.16666666666663)	(59.0, 125.58333333333306)	(60.0, 59.75000000000006)	(61.0, 29.249999999999996)	(62.0, 14.750000000000002)	(63.0, 11.083333333333332)	(64.0, 23.5)	(65.0, 11.25)	(66.0, 50.5)	(67.0, 10.0)	(68.0, 0.5)	(69.0, 0.75)	(70.0, 0.5)	(71.0, 0.0)	(72.0, 0.0)	(73.0, 0.25)	(74.0, 0.0)	(75.0, 0.0)	(76.0, 0.0)	(77.0, 0.0)	(78.0, 0.0)	(79.0, 0.0)	(80.0, 0.0)	(81.0, 0.0)	(82.0, 0.0)	(83.0, 0.0)	(84.0, 0.0)	(85.0, 0.0)	(86.0, 0.0)	(87.0, 0.0)	(88.0, 0.0)	(89.0, 0.0)	(90.0, 0.0)	(91.0, 0.0)	(92.0, 0.0)	(93.0, 0.0)	(94.0, 0.0)	(95.0, 0.0)	(96.0, 0.0)	(97.0, 0.0)	(98.0, 0.0)	(99.0, 0.0)	(100.0, 0.0)
681A14_S154_L001_R2_001	(0.0, 1.0)	(1.0, 0.5)	(2.0, 0.0)	(3.0, 0.0)	(4.0, 0.0)	(5.0, 0.0)	(6.0, 0.0)	(7.0, 0.0)	(8.0, 0.0)	(9.0, 0.0)	(10.0, 0.0)	(11.0, 0.0)	(12.0, 0.0)	(13.0, 0.0)	(14.0, 0.0)	(15.0, 0.0)	(16.0, 0.0)	(17.0, 0.0)	(18.0, 0.0)	(19.0, 0.0)	(20.0, 0.0)	(21.0, 0.0)	(22.0, 0.0)	(23.0, 0.0)	(24.0, 0.0)	(25.0, 0.0)	(26.0, 0.0)	(27.0, 0.0)	(28.0, 0.0)	(29.0, 0.0)	(30.0, 0.0)	(31.0, 0.0)	(32.0, 0.0)	(33.0, 0.25)	(34.0, 0.0)	(35.0, 0.0)	(36.0, 0.0)	(37.0, 0.0)	(38.0, 0.0)	(39.0, 0.25)	(40.0, 1.5833333333333333)	(41.0, 1.3333333333333333)	(42.0, 1.0833333333333333)	(43.0, 2.333333333333333)	(44.0, 2.5)	(45.0, 4.5)	(46.0, 15.416666666666668)	(47.0, 46.416666666666664)	(48.0, 126.5833333333333)	(49.0, 177.66666666666674)	(50.0, 249.4166666666671)	(51.0, 775.8333333333351)	(52.0, 2523.7500000000005)	(53.0, 4163.500000000026)	(54.0, 3590.3333333333394)	(55.0, 1996.4166666666654)	(56.0, 829.4166666666669)	(57.0, 305.08333333333326)	(58.0, 117.49999999999997)	(59.0, 64.58333333333333)	(60.0, 35.083333333333336)	(61.0, 24.416666666666668)	(62.0, 20.75)	(63.0, 24.5)	(64.0, 37.083333333333336)	(65.0, 31.916666666666664)	(66.0, 21.5)	(67.0, 30.249999999999996)	(68.0, 31.5)	(69.0, 21.75)	(70.0, 10.25)	(71.0, 2.75)	(72.0, 1.25)	(73.0, 2.0)	(74.0, 0.25)	(75.0, 0.25)	(76.0, 2.5)	(77.0, 1.5)	(78.0, 0.75)	(79.0, 1.25)	(80.0, 1.0)	(81.0, 1.0)	(82.0, 0.0)	(83.0, 0.5)	(84.0, 0.0)	(85.0, 0.0)	(86.0, 0.5)	(87.0, 0.25)	(88.0, 0.25)	(89.0, 0.0)	(90.0, 0.25)	(91.0, 0.5)	(92.0, 0.0)	(93.0, 0.25)	(94.0, 0.0)	(95.0, 0.0)	(96.0, 0.0)	(97.0, 0.0)	(98.0, 0.0)	(99.0, 0.0)	(100.0, 0.0)
681B0_S155_L001_R1_001	(0.0, 0.0)	(1.0, 0.0)	(2.0, 0.0)	(3.0, 0.0)	(4.0, 0.0)	(5.0, 0.0)	(6.0, 0.0)	(7.0, 0.0)	(8.0, 0.0)	(9.0, 0.0)	(10.0, 0.0)	(11.0, 0.0)	(12.0, 0.0)	(13.0, 0.0)	(14.0, 0.0)	(15.0, 0.0)	(16.0, 0.0)	(17.0, 0.0)	(18.0, 0.0)	(19.0, 0.0)	(20.0, 0.0)	(21.0, 0.0)	(22.0, 0.0)	(23.0, 0.0)	(24.0, 0.0)	(25.0, 0.0)	(26.0, 0.0)	(27.0, 0.0)	(28.0, 0.0)	(29.0, 0.0)	(30.0, 0.0)	(31.0, 0.0)	(32.0, 0.0)	(33.0, 0.0)	(34.0, 0.0)	(35.0, 0.0)	(36.0, 0.0)	(37.0, 0.0)	(38.0, 0.0)	(39.0, 0.25)	(40.0, 0.25)	(41.0, 0.0)	(42.0, 0.25)	(43.0, 0.25)	(44.0, 0.0)	(45.0, 1.3333333333333333)	(46.0, 11.583333333333334)	(47.0, 133.5)	(48.0, 343.00000000000006)	(49.0, 1559.5833333333321)	(50.0, 2282.916666666666)	(51.0, 1872.2499999999989)	(52.0, 1646.4999999999995)	(53.0, 1738.0)	(54.0, 1782.8333333333333)	(55.0, 680.5000000000001)	(56.0, 248.00000000000006)	(57.0, 112.08333333333333)	(58.0, 42.25)	(59.0, 56.16666666666673)	(60.0, 27.416666666666654)	(61.0, 10.916666666666668)	(62.0, 6.416666666666666)	(63.0, 5.416666666666666)	(64.0, 3.5)	(65.0, 2.0)	(66.0, 5.5)	(67.0, 2.25)	(68.0, 0.5)	(69.0, 0.25)	(70.0, 0.5)	(71.0, 0.0)	(72.0, 0.0)	(73.0, 0.0)	(74.0, 0.0)	(75.0, 0.0)	(76.0, 0.0)	(77.0, 0.0)	(78.0, 0.0)	(79.0, 0.0)	(80.0, 0.0)	(81.0, 0.0)	(82.0, 0.0)	(83.0, 0.0)	(84.0, 0.0)	(85.0, 0.0)	(86.0, 0.0)	(87.0, 0.0)	(88.0, 0.0)	(89.0, 0.0)	(90.0, 0.0)	(91.0, 0.0)	(92.0, 0.0)	(93.0, 0.0)	(94.0, 0.0)	(95.0, 0.0)	(96.0, 0.0)	(97.0, 0.0)	(98.0, 0.0)	(99.0, 0.0)	(100.0, 0.0)
681B0_S155_L001_R2_001	(0.0, 0.0)	(1.0, 0.0)	(2.0, 0.0)	(3.0, 0.0)	(4.0, 0.0)	(5.0, 0.0)	(6.0, 0.0)	(7.0, 0.0)	(8.0, 0.0)	(9.0, 0.0)	(10.0, 0.0)	(11.0, 0.0)	(12.0, 0.0)	(13.0, 0.0)	(14.0, 0.0)	(15.0, 0.0)	(16.0, 0.0)	(17.0, 0.0)	(18.0, 0.0)	(19.0, 0.0)	(20.0, 0.0)	(21.0, 0.0)	(22.0, 0.0)	(23.0, 0.0)	(24.0, 0.0)	(25.0, 0.0)	(26.0, 0.0)	(27.0, 0.0)	(28.0, 0.0)	(29.0, 0.0)	(30.0, 0.0)	(31.0, 0.0)	(32.0, 0.0)	(33.0, 0.0)	(34.0, 0.0)	(35.0, 0.0)	(36.0, 0.25)	(37.0, 0.5)	(38.0, 0.0)	(39.0, 0.5)	(40.0, 0.75)	(41.0, 0.25)	(42.0, 1.0)	(43.0, 1.5833333333333333)	(44.0, 2.3333333333333335)	(45.0, 6.333333333333333)	(46.0, 22.333333333333332)	(47.0, 64.58333333333336)	(48.0, 134.33333333333326)	(49.0, 165.16666666666669)	(50.0, 251.0000000000002)	(51.0, 873.2500000000025)	(52.0, 2565.7500000000014)	(53.0, 3310.8333333333508)	(54.0, 2462.4166666666656)	(55.0, 1656.6666666666656)	(56.0, 796.0000000000001)	(57.0, 261.16666666666674)	(58.0, 98.33333333333333)	(59.0, 52.00000000000001)	(60.0, 28.833333333333332)	(61.0, 18.25)	(62.0, 13.0)	(63.0, 10.083333333333332)	(64.0, 11.583333333333332)	(65.0, 9.916666666666668)	(66.0, 7.166666666666666)	(67.0, 9.25)	(68.0, 6.75)	(69.0, 5.25)	(70.0, 3.25)	(71.0, 2.0)	(72.0, 0.75)	(73.0, 0.75)	(74.0, 0.75)	(75.0, 0.75)	(76.0, 0.5)	(77.0, 1.25)	(78.0, 0.75)	(79.0, 0.25)	(80.0, 0.5)	(81.0, 0.5)	(82.0, 0.25)	(83.0, 0.0)	(84.0, 0.25)	(85.0, 0.5)	(86.0, 0.25)	(87.0, 0.0)	(88.0, 0.0)	(89.0, 0.0)	(90.0, 0.0)	(91.0, 0.0)	(92.0, 0.25)	(93.0, 0.0)	(94.0, 0.0)	(95.0, 0.0)	(96.0, 0.0)	(97.0, 0.0)	(98.0, 0.0)	(99.0, 0.0)	(100.0, 0.3333333333333333)
681B14_S156_L001_R1_001	(0.0, 0.0)	(1.0, 0.0)	(2.0, 0.0)	(3.0, 0.0)	(4.0, 0.0)	(5.0, 0.0)	(6.0, 0.0)	(7.0, 0.0)	(8.0, 0.0)	(9.0, 0.0)	(10.0, 0.0)	(11.0, 0.0)	(12.0, 0.0)	(13.0, 0.0)	(14.0, 0.0)	(15.0, 0.0)	(16.0, 0.0)	(17.0, 0.0)	(18.0, 0.0)	(19.0, 0.0)	(20.0, 0.0)	(21.0, 0.0)	(22.0, 0.0)	(23.0, 0.0)	(24.0, 0.0)	(25.0, 0.0)	(26.0, 0.0)	(27.0, 0.0)	(28.0, 0.0)	(29.0, 0.0)	(30.0, 0.0)	(31.0, 0.0)	(32.0, 0.0)	(33.0, 0.0)	(34.0, 0.0)	(35.0, 0.3333333333333333)	(36.0, 0.0)	(37.0, 0.5)	(38.0, 0.5)	(39.0, 0.0)	(40.0, 0.0)	(41.0, 0.5)	(42.0, 0.0)	(43.0, 0.0)	(44.0, 0.75)	(45.0, 2.25)	(46.0, 20.583333333333336)	(47.0, 270.91666666666674)	(48.0, 518.4166666666663)	(49.0, 1479.9999999999998)	(50.0, 1972.7499999999982)	(51.0, 1819.6666666666652)	(52.0, 1800.2499999999989)	(53.0, 1730.1666666666663)	(54.0, 1652.4999999999998)	(55.0, 630.0833333333333)	(56.0, 265.7500000000001)	(57.0, 198.16666666666669)	(58.0, 72.16666666666666)	(59.0, 68.33333333333336)	(60.0, 38.83333333333333)	(61.0, 20.0)	(62.0, 14.083333333333332)	(63.0, 12.166666666666666)	(64.0, 21.5)	(65.0, 8.25)	(66.0, 31.0)	(67.0, 7.75)	(68.0, 0.75)	(69.0, 0.0)	(70.0, 0.0)	(71.0, 0.0)	(72.0, 0.0)	(73.0, 0.0)	(74.0, 0.0)	(75.0, 0.0)	(76.0, 0.0)	(77.0, 0.0)	(78.0, 0.0)	(79.0, 0.0)	(80.0, 0.0)	(81.0, 0.0)	(82.0, 0.0)	(83.0, 0.0)	(84.0, 0.0)	(85.0, 0.0)	(86.0, 0.0)	(87.0, 0.0)	(88.0, 0.0)	(89.0, 0.0)	(90.0, 0.0)	(91.0, 0.0)	(92.0, 0.0)	(93.0, 0.0)	(94.0, 0.0)	(95.0, 0.0)	(96.0, 0.0)	(97.0, 0.0)	(98.0, 0.0)	(99.0, 0.0)	(100.0, 0.0)
681B14_S156_L001_R2_001	(0.0, 0.0)	(1.0, 0.0)	(2.0, 0.0)	(3.0, 0.0)	(4.0, 0.0)	(5.0, 0.0)	(6.0, 0.0)	(7.0, 0.0)	(8.0, 0.0)	(9.0, 0.0)	(10.0, 0.0)	(11.0, 0.0)	(12.0, 0.0)	(13.0, 0.0)	(14.0, 0.0)	(15.0, 0.0)	(16.0, 0.0)	(17.0, 0.0)	(18.0, 0.0)	(19.0, 0.0)	(20.0, 0.0)	(21.0, 0.0)	(22.0, 0.0)	(23.0, 0.0)	(24.0, 0.0)	(25.0, 0.0)	(26.0, 0.0)	(27.0, 0.0)	(28.0, 0.0)	(29.0, 0.25)	(30.0, 0.0)	(31.0, 0.25)	(32.0, 0.25)	(33.0, 0.0)	(34.0, 0.0)	(35.0, 0.25)	(36.0, 0.25)	(37.0, 0.25)	(38.0, 1.0)	(39.0, 0.75)	(40.0, 0.5)	(41.0, 0.5)	(42.0, 1.75)	(43.0, 1.75)	(44.0, 4.5)	(45.0, 8.166666666666666)	(46.0, 30.499999999999993)	(47.0, 95.41666666666664)	(48.0, 268.7500000000001)	(49.0, 327.4166666666666)	(50.0, 350.66666666666634)	(51.0, 912.0000000000039)	(52.0, 2433.499999999999)	(53.0, 3135.250000000013)	(54.0, 2299.6666666666647)	(55.0, 1522.916666666666)	(56.0, 761.0000000000001)	(57.0, 252.58333333333337)	(58.0, 93.75)	(59.0, 53.91666666666667)	(60.0, 29.5)	(61.0, 21.0)	(62.0, 20.333333333333332)	(63.0, 22.583333333333332)	(64.0, 30.166666666666664)	(65.0, 24.416666666666664)	(66.0, 11.0)	(67.0, 18.0)	(68.0, 26.5)	(69.0, 17.75)	(70.0, 8.75)	(71.0, 3.0)	(72.0, 1.25)	(73.0, 1.0)	(74.0, 0.75)	(75.0, 1.5)	(76.0, 0.75)	(77.0, 0.75)	(78.0, 0.25)	(79.0, 0.25)	(80.0, 0.75)	(81.0, 0.25)	(82.0, 0.5)	(83.0, 0.25)	(84.0, 0.25)	(85.0, 0.25)	(86.0, 0.0)	(87.0, 0.0)	(88.0, 0.0)	(89.0, 0.0)	(90.0, 0.25)	(91.0, 0.0)	(92.0, 0.0)	(93.0, 0.0)	(94.0, 0.0)	(95.0, 0.5)	(96.0, 0.5)	(97.0, 0.75)	(98.0, 0.0)	(99.0, 0.0)	(100.0, 0.6666666666666666)
682A0_S145_L001_R1_001	(0.0, 0.0)	(1.0, 0.0)	(2.0, 0.0)	(3.0, 0.0)	(4.0, 0.0)	(5.0, 0.0)	(6.0, 0.0)	(7.0, 0.0)	(8.0, 0.0)	(9.0, 0.0)	(10.0, 0.0)	(11.0, 0.0)	(12.0, 0.0)	(13.0, 0.0)	(14.0, 0.0)	(15.0, 0.0)	(16.0, 0.0)	(17.0, 0.0)	(18.0, 0.0)	(19.0, 0.0)	(20.0, 0.0)	(21.0, 0.0)	(22.0, 0.0)	(23.0, 0.0)	(24.0, 0.0)	(25.0, 0.0)	(26.0, 0.0)	(27.0, 0.0)	(28.0, 0.0)	(29.0, 0.0)	(30.0, 0.0)	(31.0, 0.0)	(32.0, 0.0)	(33.0, 0.0)	(34.0, 0.0)	(35.0, 0.0)	(36.0, 0.0)	(37.0, 0.0)	(38.0, 0.0)	(39.0, 0.0)	(40.0, 0.0)	(41.0, 0.25)	(42.0, 1.0)	(43.0, 1.0)	(44.0, 0.75)	(45.0, 1.75)	(46.0, 3.0)	(47.0, 13.0)	(48.0, 43.083333333333336)	(49.0, 109.24999999999997)	(50.0, 534.0833333333327)	(51.0, 2141.333333333324)	(52.0, 2574.166666666667)	(53.0, 3253.7500000000027)	(54.0, 2960.333333333335)	(55.0, 1938.9999999999984)	(56.0, 2141.3333333333308)	(57.0, 952.0000000000016)	(58.0, 639.5000000000007)	(59.0, 917.6666666666703)	(60.0, 569.5833333333331)	(61.0, 225.58333333333334)	(62.0, 106.41666666666664)	(63.0, 110.0)	(64.0, 107.91666666666666)	(65.0, 122.5)	(66.0, 265.75)	(67.0, 52.0)	(68.0, 7.0)	(69.0, 6.75)	(70.0, 4.0)	(71.0, 0.0)	(72.0, 0.0)	(73.0, 0.0)	(74.0, 0.0)	(75.0, 0.0)	(76.0, 0.25)	(77.0, 0.5)	(78.0, 0.0)	(79.0, 0.0)	(80.0, 0.0)	(81.0, 0.0)	(82.0, 0.0)	(83.0, 0.0)	(84.0, 0.0)	(85.0, 0.0)	(86.0, 0.0)	(87.0, 0.0)	(88.0, 0.0)	(89.0, 0.0)	(90.0, 0.0)	(91.0, 0.0)	(92.0, 0.0)	(93.0, 0.0)	(94.0, 0.0)	(95.0, 0.0)	(96.0, 0.0)	(97.0, 0.0)	(98.0, 0.0)	(99.0, 0.0)	(100.0, 0.0)
682A0_S145_L001_R2_001	(0.0, 0.0)	(1.0, 0.0)	(2.0, 0.0)	(3.0, 0.0)	(4.0, 0.0)	(5.0, 0.0)	(6.0, 0.0)	(7.0, 0.0)	(8.0, 0.0)	(9.0, 0.0)	(10.0, 0.0)	(11.0, 0.0)	(12.0, 0.0)	(13.0, 0.0)	(14.0, 0.0)	(15.0, 0.0)	(16.0, 0.0)	(17.0, 0.0)	(18.0, 0.0)	(19.0, 0.0)	(20.0, 0.0)	(21.0, 0.0)	(22.0, 0.0)	(23.0, 0.0)	(24.0, 0.0)	(25.0, 0.0)	(26.0, 0.0)	(27.0, 0.0)	(28.0, 0.0)	(29.0, 0.0)	(30.0, 0.0)	(31.0, 0.25)	(32.0, 0.25)	(33.0, 0.0)	(34.0, 0.0)	(35.0, 1.0)	(36.0, 1.25)	(37.0, 0.25)	(38.0, 0.5)	(39.0, 1.0833333333333333)	(40.0, 1.3333333333333333)	(41.0, 0.5)	(42.0, 1.5)	(43.0, 1.75)	(44.0, 1.8333333333333333)	(45.0, 4.833333333333333)	(46.0, 6.583333333333332)	(47.0, 13.66666666666667)	(48.0, 34.33333333333333)	(49.0, 73.83333333333334)	(50.0, 187.91666666666688)	(51.0, 671.9166666666672)	(52.0, 1923.9166666666513)	(53.0, 3332.0000000000246)	(54.0, 4045.2500000000227)	(55.0, 3173.250000000005)	(56.0, 1984.5833333333317)	(57.0, 1286.25)	(58.0, 830.0833333333345)	(59.0, 756.0000000000009)	(60.0, 341.3333333333333)	(61.0, 167.83333333333334)	(62.0, 135.75)	(63.0, 158.16666666666666)	(64.0, 140.91666666666666)	(65.0, 137.16666666666663)	(66.0, 127.4999999999999)	(67.0, 138.5)	(68.0, 173.83333333333331)	(69.0, 110.75)	(70.0, 42.75)	(71.0, 22.25)	(72.0, 11.083333333333334)	(73.0, 8.0)	(74.0, 4.75)	(75.0, 3.25)	(76.0, 1.75)	(77.0, 1.75)	(78.0, 1.5)	(79.0, 1.5)	(80.0, 2.5)	(81.0, 1.25)	(82.0, 1.25)	(83.0, 1.25)	(84.0, 1.0)	(85.0, 0.75)	(86.0, 0.25)	(87.0, 0.25)	(88.0, 0.0)	(89.0, 0.0)	(90.0, 0.5)	(91.0, 0.5)	(92.0, 0.25)	(93.0, 0.0)	(94.0, 0.0)	(95.0, 0.25)	(96.0, 0.5)	(97.0, 0.0)	(98.0, 0.0)	(99.0, 0.25)	(100.0, 0.6666666666666666)
682A14_S146_L001_R1_001	(0.0, 0.0)	(1.0, 0.0)	(2.0, 0.0)	(3.0, 0.0)	(4.0, 0.0)	(5.0, 0.0)	(6.0, 0.0)	(7.0, 0.0)	(8.0, 0.0)	(9.0, 0.0)	(10.0, 0.0)	(11.0, 0.0)	(12.0, 0.0)	(13.0, 0.0)	(14.0, 0.0)	(15.0, 0.0)	(16.0, 0.0)	(17.0, 0.0)	(18.0, 0.0)	(19.0, 0.0)	(20.0, 0.0)	(21.0, 0.0)	(22.0, 0.0)	(23.0, 0.0)	(24.0, 0.0)	(25.0, 0.0)	(26.0, 0.0)	(27.0, 0.0)	(28.0, 0.0)	(29.0, 0.0)	(30.0, 0.0)	(31.0, 0.0)	(32.0, 0.0)	(33.0, 0.0)	(34.0, 0.0)	(35.0, 0.0)	(36.0, 0.0)	(37.0, 0.0)	(38.0, 0.25)	(39.0, 0.0)	(40.0, 0.0)	(41.0, 0.5)	(42.0, 0.75)	(43.0, 0.5)	(44.0, 0.25)	(45.0, 0.25)	(46.0, 6.833333333333333)	(47.0, 65.00000000000001)	(48.0, 125.24999999999999)	(49.0, 244.50000000000006)	(50.0, 538.2499999999994)	(51.0, 1585.2499999999902)	(52.0, 2168.2499999999945)	(53.0, 2824.9166666666683)	(54.0, 2443.8333333333335)	(55.0, 1413.8333333333326)	(56.0, 1313.3333333333326)	(57.0, 594.8333333333333)	(58.0, 389.41666666666623)	(59.0, 239.08333333333374)	(60.0, 142.33333333333334)	(61.0, 81.49999999999999)	(62.0, 33.833333333333336)	(63.0, 29.25)	(64.0, 29.0)	(65.0, 39.666666666666664)	(66.0, 87.5)	(67.0, 15.25)	(68.0, 2.0)	(69.0, 2.75)	(70.0, 1.5)	(71.0, 0.0)	(72.0, 0.0)	(73.0, 0.0)	(74.0, 0.0)	(75.0, 0.0)	(76.0, 0.0)	(77.0, 0.0)	(78.0, 0.0)	(79.0, 0.0)	(80.0, 0.0)	(81.0, 0.0)	(82.0, 0.0)	(83.0, 0.0)	(84.0, 0.0)	(85.0, 0.0)	(86.0, 0.0)	(87.0, 0.0)	(88.0, 0.0)	(89.0, 0.0)	(90.0, 0.0)	(91.0, 0.0)	(92.0, 0.0)	(93.0, 0.0)	(94.0, 0.0)	(95.0, 0.0)	(96.0, 0.0)	(97.0, 0.0)	(98.0, 0.0)	(99.0, 0.0)	(100.0, 0.0)
682A14_S146_L001_R2_001	(0.0, 0.0)	(1.0, 0.0)	(2.0, 0.0)	(3.0, 0.0)	(4.0, 0.0)	(5.0, 0.0)	(6.0, 0.0)	(7.0, 0.0)	(8.0, 0.0)	(9.0, 0.0)	(10.0, 0.0)	(11.0, 0.0)	(12.0, 0.0)	(13.0, 0.0)	(14.0, 0.0)	(15.0, 0.0)	(16.0, 0.0)	(17.0, 0.0)	(18.0, 0.0)	(19.0, 0.0)	(20.0, 0.0)	(21.0, 0.0)	(22.0, 0.0)	(23.0, 0.0)	(24.0, 0.0)	(25.0, 0.0)	(26.0, 0.0)	(27.0, 0.0)	(28.0, 0.0)	(29.0, 0.0)	(30.0, 0.0)	(31.0, 0.0)	(32.0, 0.0)	(33.0, 0.0)	(34.0, 0.25)	(35.0, 0.0)	(36.0, 0.0)	(37.0, 0.0)	(38.0, 0.25)	(39.0, 0.5)	(40.0, 0.5833333333333333)	(41.0, 0.8333333333333333)	(42.0, 1.25)	(43.0, 1.3333333333333333)	(44.0, 1.5)	(45.0, 3.25)	(46.0, 10.416666666666664)	(47.0, 45.25000000000001)	(48.0, 153.08333333333334)	(49.0, 202.16666666666683)	(50.0, 283.5000000000002)	(51.0, 615.3333333333329)	(52.0, 1503.0833333333271)	(53.0, 2699.9166666666706)	(54.0, 3350.916666666677)	(55.0, 2474.083333333333)	(56.0, 1360.916666666666)	(57.0, 771.8333333333335)	(58.0, 349.3333333333333)	(59.0, 181.66666666666669)	(60.0, 85.0)	(61.0, 56.33333333333333)	(62.0, 44.16666666666667)	(63.0, 49.083333333333336)	(64.0, 45.91666666666667)	(65.0, 48.75000000000001)	(66.0, 46.333333333333336)	(67.0, 57.83333333333333)	(68.0, 75.0)	(69.0, 40.75)	(70.0, 14.75)	(71.0, 5.0)	(72.0, 3.25)	(73.0, 2.25)	(74.0, 2.0)	(75.0, 1.25)	(76.0, 1.0)	(77.0, 1.5)	(78.0, 1.0)	(79.0, 1.0)	(80.0, 0.75)	(81.0, 0.75)	(82.0, 0.5)	(83.0, 0.5)	(84.0, 0.25)	(85.0, 0.0)	(86.0, 0.25)	(87.0, 0.25)	(88.0, 0.0)	(89.0, 0.5)	(90.0, 0.25)	(91.0, 0.0)	(92.0, 0.0)	(93.0, 0.0)	(94.0, 0.0)	(95.0, 0.25)	(96.0, 0.0)	(97.0, 0.0)	(98.0, 0.0)	(99.0, 0.0)	(100.0, 0.0)
682B0_S147_L001_R1_001	(0.0, 0.0)	(1.0, 0.0)	(2.0, 0.0)	(3.0, 0.0)	(4.0, 0.0)	(5.0, 0.0)	(6.0, 0.0)	(7.0, 0.0)	(8.0, 0.0)	(9.0, 0.0)	(10.0, 0.0)	(11.0, 0.0)	(12.0, 0.0)	(13.0, 0.0)	(14.0, 0.0)	(15.0, 0.0)	(16.0, 0.0)	(17.0, 0.0)	(18.0, 0.0)	(19.0, 0.0)	(20.0, 0.0)	(21.0, 0.0)	(22.0, 0.0)	(23.0, 0.0)	(24.0, 0.0)	(25.0, 0.0)	(26.0, 0.0)	(27.0, 0.0)	(28.0, 0.0)	(29.0, 0.0)	(30.0, 0.0)	(31.0, 0.0)	(32.0, 0.0)	(33.0, 0.0)	(34.0, 0.0)	(35.0, 0.0)	(36.0, 0.0)	(37.0, 0.0)	(38.0, 0.0)	(39.0, 0.0)	(40.0, 0.25)	(41.0, 0.0)	(42.0, 0.25)	(43.0, 0.0)	(44.0, 0.25)	(45.0, 1.0)	(46.0, 2.75)	(47.0, 4.75)	(48.0, 17.0)	(49.0, 132.0)	(50.0, 925.5833333333347)	(51.0, 2836.4166666666742)	(52.0, 2669.2499999999995)	(53.0, 3711.5833333333353)	(54.0, 2813.2500000000005)	(55.0, 1316.0)	(56.0, 1076.166666666667)	(57.0, 373.4166666666665)	(58.0, 176.1666666666667)	(59.0, 140.49999999999997)	(60.0, 91.08333333333329)	(61.0, 50.66666666666667)	(62.0, 21.583333333333336)	(63.0, 17.833333333333332)	(64.0, 17.916666666666668)	(65.0, 36.416666666666664)	(66.0, 105.25)	(67.0, 18.5)	(68.0, 2.0)	(69.0, 1.25)	(70.0, 1.0)	(71.0, 0.0)	(72.0, 0.0)	(73.0, 0.0)	(74.0, 0.0)	(75.0, 0.0)	(76.0, 0.0)	(77.0, 0.0)	(78.0, 0.0)	(79.0, 0.0)	(80.0, 0.0)	(81.0, 0.0)	(82.0, 0.0)	(83.0, 0.0)	(84.0, 0.25)	(85.0, 0.0)	(86.0, 0.0)	(87.0, 0.0)	(88.0, 0.0)	(89.0, 0.0)	(90.0, 0.0)	(91.0, 0.0)	(92.0, 0.0)	(93.0, 0.0)	(94.0, 0.0)	(95.0, 0.0)	(96.0, 0.0)	(97.0, 0.0)	(98.0, 0.0)	(99.0, 0.0)	(100.0, 0.0)
682B0_S147_L001_R2_001	(0.0, 0.0)	(1.0, 0.0)	(2.0, 0.0)	(3.0, 0.0)	(4.0, 0.0)	(5.0, 0.0)	(6.0, 0.0)	(7.0, 0.0)	(8.0, 0.0)	(9.0, 0.0)	(10.0, 0.0)	(11.0, 0.0)	(12.0, 0.0)	(13.0, 0.0)	(14.0, 0.0)	(15.0, 0.0)	(16.0, 0.0)	(17.0, 0.0)	(18.0, 0.0)	(19.0, 0.0)	(20.0, 0.0)	(21.0, 0.0)	(22.0, 0.0)	(23.0, 0.0)	(24.0, 0.0)	(25.0, 0.0)	(26.0, 0.0)	(27.0, 0.0)	(28.0, 0.0)	(29.0, 0.0)	(30.0, 0.0)	(31.0, 0.0)	(32.0, 0.0)	(33.0, 0.0)	(34.0, 0.0)	(35.0, 0.0)	(36.0, 0.25)	(37.0, 0.0)	(38.0, 0.0)	(39.0, 0.8333333333333333)	(40.0, 1.3333333333333333)	(41.0, 0.5)	(42.0, 1.5)	(43.0, 0.75)	(44.0, 2.25)	(45.0, 3.0)	(46.0, 5.666666666666666)	(47.0, 9.416666666666666)	(48.0, 36.083333333333336)	(49.0, 58.16666666666669)	(50.0, 131.33333333333312)	(51.0, 578.4166666666661)	(52.0, 2257.499999999992)	(53.0, 4107.000000000027)	(54.0, 4061.83333333335)	(55.0, 2653.6666666666683)	(56.0, 1351.5833333333333)	(57.0, 694.5833333333334)	(58.0, 274.4166666666667)	(59.0, 128.83333333333331)	(60.0, 60.083333333333336)	(61.0, 37.08333333333333)	(62.0, 37.083333333333336)	(63.0, 47.833333333333336)	(64.0, 41.58333333333333)	(65.0, 42.666666666666664)	(66.0, 37.5)	(67.0, 44.75)	(68.0, 63.833333333333336)	(69.0, 40.25)	(70.0, 14.75)	(71.0, 5.75)	(72.0, 5.0)	(73.0, 2.25)	(74.0, 0.5)	(75.0, 2.25)	(76.0, 2.0)	(77.0, 0.5)	(78.0, 0.5)	(79.0, 1.0)	(80.0, 0.5)	(81.0, 0.5)	(82.0, 0.75)	(83.0, 0.75)	(84.0, 0.5)	(85.0, 0.5)	(86.0, 0.25)	(87.0, 0.0)	(88.0, 0.25)	(89.0, 0.0)	(90.0, 0.0)	(91.0, 0.0)	(92.0, 0.5)	(93.0, 0.0)	(94.0, 0.25)	(95.0, 0.0)	(96.0, 0.0)	(97.0, 0.0)	(98.0, 0.0)	(99.0, 0.0)	(100.0, 0.3333333333333333)
682B14_S148_L001_R1_001	(0.0, 0.0)	(1.0, 0.0)	(2.0, 0.0)	(3.0, 0.0)	(4.0, 0.0)	(5.0, 0.0)	(6.0, 0.0)	(7.0, 0.0)	(8.0, 0.0)	(9.0, 0.0)	(10.0, 0.0)	(11.0, 0.0)	(12.0, 0.0)	(13.0, 0.0)	(14.0, 0.0)	(15.0, 0.0)	(16.0, 0.0)	(17.0, 0.0)	(18.0, 0.0)	(19.0, 0.0)	(20.0, 0.0)	(21.0, 0.0)	(22.0, 0.0)	(23.0, 0.0)	(24.0, 0.0)	(25.0, 0.0)	(26.0, 0.0)	(27.0, 0.0)	(28.0, 0.0)	(29.0, 0.0)	(30.0, 0.0)	(31.0, 0.0)	(32.0, 0.0)	(33.0, 0.0)	(34.0, 0.0)	(35.0, 0.0)	(36.0, 0.0)	(37.0, 0.0)	(38.0, 0.0)	(39.0, 0.0)	(40.0, 0.0)	(41.0, 0.0)	(42.0, 0.75)	(43.0, 0.75)	(44.0, 0.25)	(45.0, 1.0)	(46.0, 12.333333333333332)	(47.0, 73.5)	(48.0, 132.8333333333333)	(49.0, 271.2500000000001)	(50.0, 662.3333333333336)	(51.0, 1527.3333333333258)	(52.0, 1663.7499999999961)	(53.0, 2048.583333333331)	(54.0, 1707.4166666666654)	(55.0, 1076.1666666666672)	(56.0, 1097.6666666666672)	(57.0, 558.5833333333331)	(58.0, 371.9166666666666)	(59.0, 145.66666666666666)	(60.0, 79.99999999999999)	(61.0, 45.83333333333333)	(62.0, 19.833333333333336)	(63.0, 13.833333333333334)	(64.0, 15.916666666666668)	(65.0, 24.333333333333336)	(66.0, 51.0)	(67.0, 8.0)	(68.0, 1.0)	(69.0, 0.75)	(70.0, 1.25)	(71.0, 0.0)	(72.0, 0.0)	(73.0, 0.0)	(74.0, 0.0)	(75.0, 0.0)	(76.0, 0.0)	(77.0, 0.0)	(78.0, 0.0)	(79.0, 0.0)	(80.0, 0.0)	(81.0, 0.0)	(82.0, 0.0)	(83.0, 0.0)	(84.0, 0.0)	(85.0, 0.0)	(86.0, 0.0)	(87.0, 0.0)	(88.0, 0.0)	(89.0, 0.0)	(90.0, 0.0)	(91.0, 0.0)	(92.0, 0.0)	(93.0, 0.0)	(94.0, 0.0)	(95.0, 0.0)	(96.0, 0.0)	(97.0, 0.0)	(98.0, 0.0)	(99.0, 0.0)	(100.0, 0.0)
682B14_S148_L001_R2_001	(0.0, 0.0)	(1.0, 0.0)	(2.0, 0.0)	(3.0, 0.0)	(4.0, 0.0)	(5.0, 0.0)	(6.0, 0.0)	(7.0, 0.0)	(8.0, 0.0)	(9.0, 0.0)	(10.0, 0.0)	(11.0, 0.0)	(12.0, 0.0)	(13.0, 0.0)	(14.0, 0.0)	(15.0, 0.0)	(16.0, 0.0)	(17.0, 0.0)	(18.0, 0.0)	(19.0, 0.0)	(20.0, 0.0)	(21.0, 0.0)	(22.0, 0.0)	(23.0, 0.0)	(24.0, 0.0)	(25.0, 0.0)	(26.0, 0.0)	(27.0, 0.0)	(28.0, 0.0)	(29.0, 0.0)	(30.0, 0.0)	(31.0, 0.0)	(32.0, 0.0)	(33.0, 0.0)	(34.0, 0.25)	(35.0, 0.0)	(36.0, 0.0)	(37.0, 0.8333333333333333)	(38.0, 0.5833333333333333)	(39.0, 0.8333333333333333)	(40.0, 0.5833333333333333)	(41.0, 0.75)	(42.0, 2.5)	(43.0, 2.0)	(44.0, 1.9166666666666665)	(45.0, 3.25)	(46.0, 15.333333333333336)	(47.0, 41.41666666666668)	(48.0, 127.99999999999993)	(49.0, 218.25000000000017)	(50.0, 279.166666666667)	(51.0, 536.4166666666652)	(52.0, 1366.6666666666633)	(53.0, 2218.999999999994)	(54.0, 2391.416666666667)	(55.0, 1858.249999999998)	(56.0, 1182.0833333333335)	(57.0, 703.5833333333335)	(58.0, 292.83333333333337)	(59.0, 127.49999999999997)	(60.0, 60.58333333333335)	(61.0, 38.833333333333336)	(62.0, 31.66666666666666)	(63.0, 35.666666666666664)	(64.0, 32.0)	(65.0, 30.91666666666666)	(66.0, 23.416666666666668)	(67.0, 31.583333333333332)	(68.0, 35.5)	(69.0, 21.0)	(70.0, 12.083333333333334)	(71.0, 4.833333333333334)	(72.0, 1.3333333333333333)	(73.0, 1.25)	(74.0, 1.0)	(75.0, 0.5)	(76.0, 1.25)	(77.0, 0.75)	(78.0, 0.75)	(79.0, 0.0)	(80.0, 0.75)	(81.0, 0.5)	(82.0, 0.25)	(83.0, 0.0)	(84.0, 0.25)	(85.0, 0.75)	(86.0, 0.0)	(87.0, 0.0)	(88.0, 0.5)	(89.0, 0.5)	(90.0, 0.25)	(91.0, 0.25)	(92.0, 0.0)	(93.0, 0.0)	(94.0, 0.0)	(95.0, 0.5)	(96.0, 0.25)	(97.0, 0.0)	(98.0, 0.5)	(99.0, 0.5)	(100.0, 0.0)
688A0_S137_L001_R1_001	(0.0, 0.0)	(1.0, 0.0)	(2.0, 0.0)	(3.0, 0.0)	(4.0, 0.0)	(5.0, 0.0)	(6.0, 0.0)	(7.0, 0.0)	(8.0, 0.0)	(9.0, 0.0)	(10.0, 0.0)	(11.0, 0.0)	(12.0, 0.0)	(13.0, 0.0)	(14.0, 0.0)	(15.0, 0.0)	(16.0, 0.0)	(17.0, 0.0)	(18.0, 0.0)	(19.0, 0.0)	(20.0, 0.0)	(21.0, 0.0)	(22.0, 0.0)	(23.0, 0.0)	(24.0, 0.0)	(25.0, 0.0)	(26.0, 0.0)	(27.0, 0.0)	(28.0, 0.0)	(29.0, 0.0)	(30.0, 0.0)	(31.0, 0.0)	(32.0, 0.0)	(33.0, 0.0)	(34.0, 0.0)	(35.0, 0.0)	(36.0, 0.0)	(37.0, 0.3333333333333333)	(38.0, 0.3333333333333333)	(39.0, 0.25)	(40.0, 0.25)	(41.0, 0.25)	(42.0, 0.5)	(43.0, 0.5)	(44.0, 1.0)	(45.0, 2.75)	(46.0, 22.833333333333336)	(47.0, 173.66666666666669)	(48.0, 910.5000000000005)	(49.0, 742.666666666667)	(50.0, 472.9166666666666)	(51.0, 1077.000000000001)	(52.0, 1164.666666666666)	(53.0, 1297.8333333333335)	(54.0, 1623.7499999999982)	(55.0, 656.7500000000001)	(56.0, 301.5)	(57.0, 105.41666666666664)	(58.0, 48.166666666666686)	(59.0, 77.25)	(60.0, 28.99999999999999)	(61.0, 11.833333333333334)	(62.0, 7.416666666666666)	(63.0, 5.5)	(64.0, 0.5)	(65.0, 0.75)	(66.0, 10.0)	(67.0, 1.25)	(68.0, 0.0)	(69.0, 0.0)	(70.0, 0.25)	(71.0, 0.0)	(72.0, 0.0)	(73.0, 0.0)	(74.0, 0.0)	(75.0, 0.0)	(76.0, 0.0)	(77.0, 0.0)	(78.0, 0.0)	(79.0, 0.0)	(80.0, 0.0)	(81.0, 0.0)	(82.0, 0.0)	(83.0, 0.0)	(84.0, 0.0)	(85.0, 0.0)	(86.0, 0.0)	(87.0, 0.0)	(88.0, 0.0)	(89.0, 0.0)	(90.0, 0.0)	(91.0, 0.0)	(92.0, 0.0)	(93.0, 0.0)	(94.0, 0.0)	(95.0, 0.0)	(96.0, 0.0)	(97.0, 0.0)	(98.0, 0.0)	(99.0, 0.0)	(100.0, 0.0)
688A0_S137_L001_R2_001	(0.0, 0.0)	(1.0, 0.0)	(2.0, 0.0)	(3.0, 0.0)	(4.0, 0.0)	(5.0, 0.0)	(6.0, 0.0)	(7.0, 0.0)	(8.0, 0.0)	(9.0, 0.0)	(10.0, 0.0)	(11.0, 0.0)	(12.0, 0.0)	(13.0, 0.0)	(14.0, 0.0)	(15.0, 0.0)	(16.0, 0.0)	(17.0, 0.0)	(18.0, 0.0)	(19.0, 0.0)	(20.0, 0.0)	(21.0, 0.0)	(22.0, 0.0)	(23.0, 0.0)	(24.0, 0.0)	(25.0, 0.0)	(26.0, 0.0)	(27.0, 0.0)	(28.0, 0.0)	(29.0, 0.0)	(30.0, 0.0)	(31.0, 0.0)	(32.0, 0.5)	(33.0, 0.25)	(34.0, 0.0)	(35.0, 0.0)	(36.0, 0.0)	(37.0, 0.25)	(38.0, 0.75)	(39.0, 1.0)	(40.0, 0.75)	(41.0, 0.5)	(42.0, 1.0)	(43.0, 2.0)	(44.0, 2.25)	(45.0, 8.749999999999998)	(46.0, 32.999999999999986)	(47.0, 104.41666666666657)	(48.0, 442.74999999999943)	(49.0, 868.5833333333338)	(50.0, 679.9999999999999)	(51.0, 441.24999999999903)	(52.0, 790.333333333336)	(53.0, 1383.583333333332)	(54.0, 1674.7499999999986)	(55.0, 1418.333333333333)	(56.0, 593.0833333333334)	(57.0, 187.75000000000003)	(58.0, 96.91666666666666)	(59.0, 63.66666666666667)	(60.0, 34.66666666666667)	(61.0, 20.916666666666668)	(62.0, 10.25)	(63.0, 6.833333333333333)	(64.0, 11.333333333333334)	(65.0, 9.666666666666668)	(66.0, 7.499999999999999)	(67.0, 8.333333333333332)	(68.0, 8.0)	(69.0, 5.0)	(70.0, 2.0)	(71.0, 1.75)	(72.0, 1.25)	(73.0, 0.5)	(74.0, 0.75)	(75.0, 1.0)	(76.0, 1.0)	(77.0, 0.75)	(78.0, 0.25)	(79.0, 0.0)	(80.0, 0.5)	(81.0, 0.25)	(82.0, 0.25)	(83.0, 0.0)	(84.0, 0.25)	(85.0, 0.5)	(86.0, 0.0)	(87.0, 0.0)	(88.0, 0.25)	(89.0, 0.25)	(90.0, 0.0)	(91.0, 0.25)	(92.0, 0.25)	(93.0, 0.25)	(94.0, 0.25)	(95.0, 0.0)	(96.0, 0.0)	(97.0, 0.0)	(98.0, 0.25)	(99.0, 0.25)	(100.0, 0.0)
688A14_S138_L001_R1_001	(0.0, 0.0)	(1.0, 0.0)	(2.0, 0.0)	(3.0, 0.0)	(4.0, 0.0)	(5.0, 0.0)	(6.0, 0.0)	(7.0, 0.0)	(8.0, 0.0)	(9.0, 0.0)	(10.0, 0.0)	(11.0, 0.0)	(12.0, 0.0)	(13.0, 0.0)	(14.0, 0.0)	(15.0, 0.0)	(16.0, 0.0)	(17.0, 0.0)	(18.0, 0.0)	(19.0, 0.0)	(20.0, 0.0)	(21.0, 0.0)	(22.0, 0.0)	(23.0, 0.0)	(24.0, 0.0)	(25.0, 0.0)	(26.0, 0.0)	(27.0, 0.0)	(28.0, 0.0)	(29.0, 0.0)	(30.0, 0.0)	(31.0, 0.0)	(32.0, 0.0)	(33.0, 0.0)	(34.0, 0.0)	(35.0, 0.0)	(36.0, 0.0)	(37.0, 0.0)	(38.0, 0.0)	(39.0, 0.0)	(40.0, 0.0)	(41.0, 0.0)	(42.0, 0.0)	(43.0, 0.5)	(44.0, 0.25)	(45.0, 2.0)	(46.0, 12.833333333333332)	(47.0, 150.08333333333331)	(48.0, 714.2500000000002)	(49.0, 475.75)	(50.0, 370.99999999999994)	(51.0, 845.9166666666675)	(52.0, 1055.416666666667)	(53.0, 1427.583333333333)	(54.0, 1375.7499999999998)	(55.0, 503.5833333333331)	(56.0, 226.58333333333334)	(57.0, 85.74999999999999)	(58.0, 62.83333333333337)	(59.0, 120.74999999999986)	(60.0, 50.416666666666686)	(61.0, 15.75)	(62.0, 15.916666666666666)	(63.0, 12.0)	(64.0, 3.5)	(65.0, 3.0)	(66.0, 12.75)	(67.0, 4.25)	(68.0, 0.0)	(69.0, 0.0)	(70.0, 0.0)	(71.0, 0.0)	(72.0, 0.0)	(73.0, 0.0)	(74.0, 0.0)	(75.0, 0.0)	(76.0, 0.0)	(77.0, 0.0)	(78.0, 0.0)	(79.0, 0.0)	(80.0, 0.0)	(81.0, 0.0)	(82.0, 0.0)	(83.0, 0.0)	(84.0, 0.0)	(85.0, 0.0)	(86.0, 0.0)	(87.0, 0.0)	(88.0, 0.0)	(89.0, 0.0)	(90.0, 0.0)	(91.0, 0.0)	(92.0, 0.0)	(93.0, 0.0)	(94.0, 0.0)	(95.0, 0.0)	(96.0, 0.0)	(97.0, 0.0)	(98.0, 0.0)	(99.0, 0.0)	(100.0, 0.0)
688A14_S138_L001_R2_001	(0.0, 0.0)	(1.0, 0.0)	(2.0, 0.0)	(3.0, 0.0)	(4.0, 0.0)	(5.0, 0.0)	(6.0, 0.0)	(7.0, 0.0)	(8.0, 0.0)	(9.0, 0.0)	(10.0, 0.0)	(11.0, 0.0)	(12.0, 0.0)	(13.0, 0.0)	(14.0, 0.0)	(15.0, 0.0)	(16.0, 0.0)	(17.0, 0.0)	(18.0, 0.0)	(19.0, 0.0)	(20.0, 0.0)	(21.0, 0.0)	(22.0, 0.0)	(23.0, 0.0)	(24.0, 0.0)	(25.0, 0.0)	(26.0, 0.0)	(27.0, 0.0)	(28.0, 0.0)	(29.0, 0.0)	(30.0, 0.0)	(31.0, 0.0)	(32.0, 0.0)	(33.0, 0.0)	(34.0, 0.0)	(35.0, 0.0)	(36.0, 0.0)	(37.0, 0.25)	(38.0, 0.5)	(39.0, 0.0)	(40.0, 0.25)	(41.0, 0.75)	(42.0, 0.5833333333333333)	(43.0, 1.4166666666666665)	(44.0, 2.1666666666666665)	(45.0, 5.166666666666667)	(46.0, 15.66666666666667)	(47.0, 77.16666666666666)	(48.0, 342.91666666666646)	(49.0, 679.916666666667)	(50.0, 489.24999999999943)	(51.0, 366.66666666666623)	(52.0, 739.8333333333347)	(53.0, 1244.0000000000005)	(54.0, 1612.9166666666658)	(55.0, 1176.7499999999998)	(56.0, 452.08333333333326)	(57.0, 149.83333333333331)	(58.0, 102.66666666666664)	(59.0, 89.91666666666666)	(60.0, 41.583333333333336)	(61.0, 18.833333333333336)	(62.0, 16.333333333333336)	(63.0, 12.416666666666666)	(64.0, 15.75)	(65.0, 14.166666666666668)	(66.0, 6.666666666666667)	(67.0, 8.0)	(68.0, 11.0)	(69.0, 8.5)	(70.0, 4.5)	(71.0, 1.75)	(72.0, 0.5)	(73.0, 0.75)	(74.0, 0.75)	(75.0, 0.0)	(76.0, 0.0)	(77.0, 0.0)	(78.0, 1.0)	(79.0, 0.5)	(80.0, 0.25)	(81.0, 0.5)	(82.0, 0.0)	(83.0, 0.5)	(84.0, 0.25)	(85.0, 0.0)	(86.0, 0.0)	(87.0, 0.0)	(88.0, 0.5)	(89.0, 0.25)	(90.0, 0.0)	(91.0, 0.0)	(92.0, 0.0)	(93.0, 0.0)	(94.0, 0.25)	(95.0, 0.0)	(96.0, 0.0)	(97.0, 0.0)	(98.0, 0.0)	(99.0, 0.0)	(100.0, 0.0)
688B0_S139_L001_R1_001	(0.0, 0.0)	(1.0, 0.0)	(2.0, 0.0)	(3.0, 0.0)	(4.0, 0.0)	(5.0, 0.0)	(6.0, 0.0)	(7.0, 0.0)	(8.0, 0.0)	(9.0, 0.0)	(10.0, 0.0)	(11.0, 0.0)	(12.0, 0.0)	(13.0, 0.0)	(14.0, 0.0)	(15.0, 0.0)	(16.0, 0.0)	(17.0, 0.0)	(18.0, 0.0)	(19.0, 0.0)	(20.0, 0.0)	(21.0, 0.0)	(22.0, 0.0)	(23.0, 0.0)	(24.0, 0.0)	(25.0, 0.0)	(26.0, 0.0)	(27.0, 0.0)	(28.0, 0.0)	(29.0, 0.0)	(30.0, 0.0)	(31.0, 0.0)	(32.0, 0.0)	(33.0, 0.0)	(34.0, 0.0)	(35.0, 0.0)	(36.0, 0.0)	(37.0, 0.0)	(38.0, 0.0)	(39.0, 0.0)	(40.0, 0.0)	(41.0, 0.0)	(42.0, 0.3333333333333333)	(43.0, 0.0)	(44.0, 0.5)	(45.0, 4.083333333333334)	(46.0, 23.25)	(47.0, 196.41666666666669)	(48.0, 908.0833333333334)	(49.0, 629.2499999999999)	(50.0, 526.2499999999998)	(51.0, 1078.1666666666674)	(52.0, 1517.8333333333333)	(53.0, 1886.6666666666654)	(54.0, 1900.4999999999975)	(55.0, 805.2500000000002)	(56.0, 411.16666666666646)	(57.0, 171.0833333333334)	(58.0, 118.41666666666652)	(59.0, 303.75000000000017)	(60.0, 155.41666666666666)	(61.0, 22.833333333333332)	(62.0, 19.25)	(63.0, 10.75)	(64.0, 2.5)	(65.0, 2.5)	(66.0, 17.5)	(67.0, 2.25)	(68.0, 0.5)	(69.0, 0.0)	(70.0, 0.0)	(71.0, 0.0)	(72.0, 0.0)	(73.0, 0.0)	(74.0, 0.0)	(75.0, 0.0)	(76.0, 0.0)	(77.0, 0.0)	(78.0, 0.0)	(79.0, 0.0)	(80.0, 0.0)	(81.0, 0.0)	(82.0, 0.0)	(83.0, 0.0)	(84.0, 0.0)	(85.0, 0.0)	(86.0, 0.0)	(87.0, 0.0)	(88.0, 0.0)	(89.0, 0.0)	(90.0, 0.0)	(91.0, 0.0)	(92.0, 0.0)	(93.0, 0.0)	(94.0, 0.0)	(95.0, 0.0)	(96.0, 0.0)	(97.0, 0.0)	(98.0, 0.0)	(99.0, 0.0)	(100.0, 0.0)
688B0_S139_L001_R2_001	(0.0, 0.0)	(1.0, 0.0)	(2.0, 0.0)	(3.0, 0.0)	(4.0, 0.0)	(5.0, 0.0)	(6.0, 0.0)	(7.0, 0.0)	(8.0, 0.0)	(9.0, 0.0)	(10.0, 0.0)	(11.0, 0.0)	(12.0, 0.0)	(13.0, 0.0)	(14.0, 0.0)	(15.0, 0.0)	(16.0, 0.0)	(17.0, 0.0)	(18.0, 0.0)	(19.0, 0.0)	(20.0, 0.0)	(21.0, 0.0)	(22.0, 0.0)	(23.0, 0.0)	(24.0, 0.0)	(25.0, 0.0)	(26.0, 0.0)	(27.0, 0.0)	(28.0, 0.0)	(29.0, 0.0)	(30.0, 0.0)	(31.0, 0.0)	(32.0, 0.0)	(33.0, 0.25)	(34.0, 0.25)	(35.0, 0.0)	(36.0, 0.0)	(37.0, 0.25)	(38.0, 0.25)	(39.0, 0.0)	(40.0, 0.5)	(41.0, 0.25)	(42.0, 1.0)	(43.0, 2.5)	(44.0, 3.7500000000000004)	(45.0, 6.833333333333333)	(46.0, 31.416666666666657)	(47.0, 117.58333333333317)	(48.0, 455.3333333333328)	(49.0, 826.0000000000007)	(50.0, 642.5000000000003)	(51.0, 520.6666666666653)	(52.0, 1105.916666666669)	(53.0, 1718.1666666666613)	(54.0, 2044.2499999999961)	(55.0, 1667.249999999999)	(56.0, 735.9166666666666)	(57.0, 263.83333333333337)	(58.0, 232.41666666666686)	(59.0, 257.9166666666669)	(60.0, 120.08333333333333)	(61.0, 44.0)	(62.0, 24.416666666666664)	(63.0, 15.583333333333334)	(64.0, 16.333333333333336)	(65.0, 16.583333333333332)	(66.0, 9.833333333333334)	(67.0, 7.75)	(68.0, 13.75)	(69.0, 11.0)	(70.0, 4.5)	(71.0, 2.0)	(72.0, 0.75)	(73.0, 1.25)	(74.0, 0.25)	(75.0, 0.5)	(76.0, 0.0)	(77.0, 0.0)	(78.0, 0.25)	(79.0, 1.0)	(80.0, 0.75)	(81.0, 0.5)	(82.0, 0.25)	(83.0, 0.0)	(84.0, 0.0)	(85.0, 0.25)	(86.0, 0.0)	(87.0, 0.0)	(88.0, 0.25)	(89.0, 0.25)	(90.0, 0.0)	(91.0, 0.25)	(92.0, 0.25)	(93.0, 0.0)	(94.0, 0.0)	(95.0, 0.25)	(96.0, 0.0)	(97.0, 0.0)	(98.0, 0.0)	(99.0, 0.0)	(100.0, 0.0)
688B14_S140_L001_R1_001	(0.0, 0.0)	(1.0, 0.0)	(2.0, 0.0)	(3.0, 0.0)	(4.0, 0.0)	(5.0, 0.0)	(6.0, 0.0)	(7.0, 0.0)	(8.0, 0.0)	(9.0, 0.0)	(10.0, 0.0)	(11.0, 0.0)	(12.0, 0.0)	(13.0, 0.0)	(14.0, 0.0)	(15.0, 0.0)	(16.0, 0.0)	(17.0, 0.0)	(18.0, 0.0)	(19.0, 0.0)	(20.0, 0.0)	(21.0, 0.0)	(22.0, 0.0)	(23.0, 0.0)	(24.0, 0.0)	(25.0, 0.0)	(26.0, 0.0)	(27.0, 0.0)	(28.0, 0.0)	(29.0, 0.0)	(30.0, 0.0)	(31.0, 0.0)	(32.0, 0.0)	(33.0, 0.0)	(34.0, 0.0)	(35.0, 0.0)	(36.0, 0.0)	(37.0, 0.0)	(38.0, 0.0)	(39.0, 0.0)	(40.0, 0.25)	(41.0, 0.5)	(42.0, 0.25)	(43.0, 0.25)	(44.0, 1.25)	(45.0, 2.75)	(46.0, 17.25)	(47.0, 172.0)	(48.0, 757.8333333333335)	(49.0, 502.33333333333326)	(50.0, 465.2499999999997)	(51.0, 1229.2499999999993)	(52.0, 1534.0833333333333)	(53.0, 1900.166666666666)	(54.0, 2373.083333333333)	(55.0, 881.7500000000005)	(56.0, 366.5833333333332)	(57.0, 167.08333333333343)	(58.0, 156.5833333333334)	(59.0, 427.916666666666)	(60.0, 199.58333333333343)	(61.0, 35.5)	(62.0, 30.0)	(63.0, 23.25)	(64.0, 4.75)	(65.0, 5.75)	(66.0, 32.75)	(67.0, 5.5)	(68.0, 0.5)	(69.0, 0.25)	(70.0, 0.25)	(71.0, 0.0)	(72.0, 0.0)	(73.0, 0.0)	(74.0, 0.0)	(75.0, 0.0)	(76.0, 0.0)	(77.0, 0.0)	(78.0, 0.0)	(79.0, 0.0)	(80.0, 0.0)	(81.0, 0.0)	(82.0, 0.0)	(83.0, 0.0)	(84.0, 0.0)	(85.0, 0.0)	(86.0, 0.0)	(87.0, 0.0)	(88.0, 0.0)	(89.0, 0.0)	(90.0, 0.0)	(91.0, 0.0)	(92.0, 0.0)	(93.0, 0.0)	(94.0, 0.0)	(95.0, 0.0)	(96.0, 0.0)	(97.0, 0.0)	(98.0, 0.0)	(99.0, 0.0)	(100.0, 0.0)
688B14_S140_L001_R2_001	(0.0, 0.0)	(1.0, 0.0)	(2.0, 0.0)	(3.0, 0.0)	(4.0, 0.0)	(5.0, 0.0)	(6.0, 0.0)	(7.0, 0.0)	(8.0, 0.0)	(9.0, 0.0)	(10.0, 0.0)	(11.0, 0.0)	(12.0, 0.0)	(13.0, 0.0)	(14.0, 0.0)	(15.0, 0.0)	(16.0, 0.0)	(17.0, 0.0)	(18.0, 0.0)	(19.0, 0.0)	(20.0, 0.0)	(21.0, 0.0)	(22.0, 0.0)	(23.0, 0.0)	(24.0, 0.0)	(25.0, 0.0)	(26.0, 0.0)	(27.0, 0.0)	(28.0, 0.0)	(29.0, 0.0)	(30.0, 0.0)	(31.0, 0.0)	(32.0, 0.3333333333333333)	(33.0, 0.0)	(34.0, 0.0)	(35.0, 0.0)	(36.0, 0.0)	(37.0, 0.0)	(38.0, 0.25)	(39.0, 1.0833333333333333)	(40.0, 1.25)	(41.0, 0.8333333333333333)	(42.0, 1.9999999999999998)	(43.0, 1.9166666666666665)	(44.0, 4.749999999999999)	(45.0, 10.75)	(46.0, 35.91666666666667)	(47.0, 121.91666666666652)	(48.0, 436.91666666666623)	(49.0, 736.7500000000003)	(50.0, 517.5833333333326)	(51.0, 506.74999999999875)	(52.0, 996.3333333333388)	(53.0, 1796.583333333326)	(54.0, 2260.666666666665)	(55.0, 1923.2499999999989)	(56.0, 847.8333333333335)	(57.0, 309.8333333333333)	(58.0, 335.91666666666634)	(59.0, 354.1666666666666)	(60.0, 157.91666666666669)	(61.0, 52.75)	(62.0, 30.5)	(63.0, 25.916666666666664)	(64.0, 29.66666666666666)	(65.0, 26.333333333333332)	(66.0, 20.75)	(67.0, 18.25)	(68.0, 25.75)	(69.0, 19.5)	(70.0, 8.5)	(71.0, 3.75)	(72.0, 1.5)	(73.0, 1.5)	(74.0, 1.0)	(75.0, 0.5)	(76.0, 0.5)	(77.0, 0.25)	(78.0, 0.0)	(79.0, 0.75)	(80.0, 0.5)	(81.0, 1.0)	(82.0, 0.5)	(83.0, 0.0)	(84.0, 0.0)	(85.0, 0.0)	(86.0, 0.25)	(87.0, 0.25)	(88.0, 0.0)	(89.0, 0.25)	(90.0, 0.25)	(91.0, 0.0)	(92.0, 0.0)	(93.0, 0.0)	(94.0, 0.0)	(95.0, 0.0)	(96.0, 0.0)	(97.0, 0.0)	(98.0, 0.0)	(99.0, 0.0)	(100.0, 0.0)
692A0_S157_L001_R1_001	(0.0, 0.0)	(1.0, 0.0)	(2.0, 0.0)	(3.0, 0.0)	(4.0, 0.0)	(5.0, 0.0)	(6.0, 0.0)	(7.0, 0.0)	(8.0, 0.0)	(9.0, 0.0)	(10.0, 0.0)	(11.0, 0.0)	(12.0, 0.0)	(13.0, 0.0)	(14.0, 0.0)	(15.0, 0.0)	(16.0, 0.0)	(17.0, 0.0)	(18.0, 0.0)	(19.0, 0.0)	(20.0, 0.0)	(21.0, 0.0)	(22.0, 0.0)	(23.0, 0.0)	(24.0, 0.0)	(25.0, 0.0)	(26.0, 0.0)	(27.0, 0.0)	(28.0, 0.0)	(29.0, 0.0)	(30.0, 0.0)	(31.0, 0.0)	(32.0, 0.0)	(33.0, 0.0)	(34.0, 0.0)	(35.0, 0.0)	(36.0, 0.0)	(37.0, 0.0)	(38.0, 0.0)	(39.0, 0.0)	(40.0, 0.0)	(41.0, 0.0)	(42.0, 0.75)	(43.0, 0.0)	(44.0, 0.75)	(45.0, 2.25)	(46.0, 24.083333333333332)	(47.0, 175.33333333333334)	(48.0, 360.4166666666666)	(49.0, 1229.4166666666663)	(50.0, 1920.9166666666652)	(51.0, 2050.6666666666647)	(52.0, 2019.4166666666654)	(53.0, 1862.3333333333323)	(54.0, 1238.916666666667)	(55.0, 482.49999999999983)	(56.0, 188.16666666666669)	(57.0, 73.08333333333333)	(58.0, 40.66666666666667)	(59.0, 58.833333333333364)	(60.0, 35.5)	(61.0, 11.0)	(62.0, 3.75)	(63.0, 3.5)	(64.0, 3.5)	(65.0, 6.0)	(66.0, 14.5)	(67.0, 2.25)	(68.0, 0.0)	(69.0, 0.5833333333333333)	(70.0, 0.5)	(71.0, 0.0)	(72.0, 0.0)	(73.0, 0.0)	(74.0, 0.0)	(75.0, 0.0)	(76.0, 0.0)	(77.0, 0.0)	(78.0, 0.0)	(79.0, 0.0)	(80.0, 0.0)	(81.0, 0.0)	(82.0, 0.0)	(83.0, 0.0)	(84.0, 0.0)	(85.0, 0.0)	(86.0, 0.0)	(87.0, 0.0)	(88.0, 0.0)	(89.0, 0.0)	(90.0, 0.0)	(91.0, 0.0)	(92.0, 0.0)	(93.0, 0.0)	(94.0, 0.0)	(95.0, 0.0)	(96.0, 0.0)	(97.0, 0.0)	(98.0, 0.0)	(99.0, 0.0)	(100.0, 0.0)
692A0_S157_L001_R2_001	(0.0, 0.0)	(1.0, 0.0)	(2.0, 0.0)	(3.0, 0.0)	(4.0, 0.0)	(5.0, 0.0)	(6.0, 0.0)	(7.0, 0.0)	(8.0, 0.0)	(9.0, 0.0)	(10.0, 0.0)	(11.0, 0.0)	(12.0, 0.0)	(13.0, 0.0)	(14.0, 0.0)	(15.0, 0.0)	(16.0, 0.0)	(17.0, 0.0)	(18.0, 0.0)	(19.0, 0.0)	(20.0, 0.0)	(21.0, 0.0)	(22.0, 0.0)	(23.0, 0.0)	(24.0, 0.0)	(25.0, 0.0)	(26.0, 0.0)	(27.0, 0.0)	(28.0, 0.0)	(29.0, 0.0)	(30.0, 0.0)	(31.0, 0.0)	(32.0, 0.0)	(33.0, 0.0)	(34.0, 0.0)	(35.0, 0.0)	(36.0, 0.0)	(37.0, 0.25)	(38.0, 0.25)	(39.0, 0.5)	(40.0, 0.75)	(41.0, 1.25)	(42.0, 1.8333333333333333)	(43.0, 2.3333333333333335)	(44.0, 3.583333333333333)	(45.0, 6.749999999999999)	(46.0, 20.999999999999996)	(47.0, 57.166666666666686)	(48.0, 191.08333333333337)	(49.0, 354.0833333333332)	(50.0, 307.7499999999998)	(51.0, 821.5833333333356)	(52.0, 2455.9166666666683)	(53.0, 2938.083333333342)	(54.0, 2090.9999999999964)	(55.0, 1204.166666666666)	(56.0, 633.5833333333337)	(57.0, 458.1666666666664)	(58.0, 205.25000000000006)	(59.0, 101.33333333333333)	(60.0, 43.33333333333333)	(61.0, 23.583333333333336)	(62.0, 18.416666666666664)	(63.0, 12.25)	(64.0, 12.5)	(65.0, 9.583333333333332)	(66.0, 10.583333333333334)	(67.0, 8.5)	(68.0, 11.25)	(69.0, 10.0)	(70.0, 3.25)	(71.0, 2.25)	(72.0, 0.75)	(73.0, 0.25)	(74.0, 0.25)	(75.0, 0.5)	(76.0, 0.5)	(77.0, 0.25)	(78.0, 0.75)	(79.0, 0.5)	(80.0, 0.25)	(81.0, 0.25)	(82.0, 0.5)	(83.0, 0.75)	(84.0, 0.25)	(85.0, 0.0)	(86.0, 0.0)	(87.0, 0.25)	(88.0, 0.75)	(89.0, 0.25)	(90.0, 0.0)	(91.0, 0.25)	(92.0, 0.5)	(93.0, 0.25)	(94.0, 0.0)	(95.0, 0.25)	(96.0, 0.25)	(97.0, 0.0)	(98.0, 0.0)	(99.0, 0.0)	(100.0, 0.0)
692A14_S158_L001_R1_001	(0.0, 0.0)	(1.0, 0.0)	(2.0, 0.0)	(3.0, 0.0)	(4.0, 0.0)	(5.0, 0.0)	(6.0, 0.0)	(7.0, 0.0)	(8.0, 0.0)	(9.0, 0.0)	(10.0, 0.0)	(11.0, 0.0)	(12.0, 0.0)	(13.0, 0.0)	(14.0, 0.0)	(15.0, 0.0)	(16.0, 0.0)	(17.0, 0.0)	(18.0, 0.0)	(19.0, 0.0)	(20.0, 0.0)	(21.0, 0.0)	(22.0, 0.0)	(23.0, 0.0)	(24.0, 0.0)	(25.0, 0.0)	(26.0, 0.0)	(27.0, 0.0)	(28.0, 0.0)	(29.0, 0.0)	(30.0, 0.0)	(31.0, 0.0)	(32.0, 0.0)	(33.0, 0.0)	(34.0, 0.0)	(35.0, 0.0)	(36.0, 0.0)	(37.0, 0.0)	(38.0, 0.0)	(39.0, 0.0)	(40.0, 0.0)	(41.0, 0.0)	(42.0, 0.25)	(43.0, 0.5)	(44.0, 1.0)	(45.0, 2.75)	(46.0, 15.75)	(47.0, 51.16666666666667)	(48.0, 158.91666666666669)	(49.0, 640.0833333333335)	(50.0, 1608.0833333333326)	(51.0, 2187.916666666666)	(52.0, 2108.7499999999995)	(53.0, 1804.5833333333326)	(54.0, 1607.416666666666)	(55.0, 674.9166666666669)	(56.0, 246.58333333333348)	(57.0, 99.16666666666666)	(58.0, 60.83333333333337)	(59.0, 103.08333333333321)	(60.0, 55.00000000000003)	(61.0, 28.416666666666664)	(62.0, 12.333333333333332)	(63.0, 8.0)	(64.0, 6.5)	(65.0, 8.25)	(66.0, 23.583333333333336)	(67.0, 4.25)	(68.0, 0.0)	(69.0, 0.0)	(70.0, 0.25)	(71.0, 0.0)	(72.0, 0.0)	(73.0, 0.0)	(74.0, 0.25)	(75.0, 0.25)	(76.0, 0.0)	(77.0, 0.0)	(78.0, 0.0)	(79.0, 0.0)	(80.0, 0.0)	(81.0, 0.0)	(82.0, 0.0)	(83.0, 0.0)	(84.0, 0.0)	(85.0, 0.0)	(86.0, 0.0)	(87.0, 0.0)	(88.0, 0.0)	(89.0, 0.0)	(90.0, 0.0)	(91.0, 0.0)	(92.0, 0.0)	(93.0, 0.0)	(94.0, 0.0)	(95.0, 0.0)	(96.0, 0.0)	(97.0, 0.0)	(98.0, 0.0)	(99.0, 0.0)	(100.0, 0.0)
692A14_S158_L001_R2_001	(0.0, 0.0)	(1.0, 0.0)	(2.0, 0.0)	(3.0, 0.0)	(4.0, 0.0)	(5.0, 0.0)	(6.0, 0.0)	(7.0, 0.0)	(8.0, 0.0)	(9.0, 0.0)	(10.0, 0.0)	(11.0, 0.0)	(12.0, 0.0)	(13.0, 0.0)	(14.0, 0.0)	(15.0, 0.0)	(16.0, 0.0)	(17.0, 0.0)	(18.0, 0.0)	(19.0, 0.0)	(20.0, 0.0)	(21.0, 0.0)	(22.0, 0.0)	(23.0, 0.0)	(24.0, 0.0)	(25.0, 0.0)	(26.0, 0.0)	(27.0, 0.0)	(28.0, 0.0)	(29.0, 0.0)	(30.0, 0.0)	(31.0, 0.0)	(32.0, 0.0)	(33.0, 0.0)	(34.0, 0.0)	(35.0, 0.0)	(36.0, 0.25)	(37.0, 0.0)	(38.0, 0.8333333333333333)	(39.0, 0.25)	(40.0, 0.5)	(41.0, 0.25)	(42.0, 0.0)	(43.0, 0.8333333333333333)	(44.0, 1.8333333333333333)	(45.0, 4.0)	(46.0, 9.333333333333334)	(47.0, 20.000000000000004)	(48.0, 97.99999999999999)	(49.0, 185.75000000000009)	(50.0, 216.33333333333374)	(51.0, 727.5833333333353)	(52.0, 2342.4999999999973)	(53.0, 2989.8333333333426)	(54.0, 2117.166666666663)	(55.0, 1392.9999999999998)	(56.0, 714.4166666666666)	(57.0, 367.1666666666667)	(58.0, 178.16666666666666)	(59.0, 113.08333333333333)	(60.0, 60.083333333333336)	(61.0, 37.833333333333336)	(62.0, 23.916666666666664)	(63.0, 20.916666666666664)	(64.0, 20.0)	(65.0, 17.666666666666668)	(66.0, 14.083333333333332)	(67.0, 13.75)	(68.0, 16.5)	(69.0, 13.0)	(70.0, 5.0)	(71.0, 4.75)	(72.0, 2.5)	(73.0, 1.25)	(74.0, 1.0)	(75.0, 0.5)	(76.0, 0.5)	(77.0, 0.5)	(78.0, 0.75)	(79.0, 0.75)	(80.0, 0.0)	(81.0, 0.0)	(82.0, 0.5)	(83.0, 0.0)	(84.0, 0.25)	(85.0, 0.5)	(86.0, 0.0)	(87.0, 0.0)	(88.0, 0.75)	(89.0, 0.25)	(90.0, 0.0)	(91.0, 0.5)	(92.0, 1.0)	(93.0, 0.5)	(94.0, 0.0)	(95.0, 0.25)	(96.0, 0.0)	(97.0, 0.25)	(98.0, 0.0)	(99.0, 0.0)	(100.0, 0.5)
692B0_S159_L001_R1_001	(0.0, 0.0)	(1.0, 0.0)	(2.0, 0.0)	(3.0, 0.0)	(4.0, 0.0)	(5.0, 0.0)	(6.0, 0.0)	(7.0, 0.0)	(8.0, 0.0)	(9.0, 0.0)	(10.0, 0.0)	(11.0, 0.0)	(12.0, 0.0)	(13.0, 0.0)	(14.0, 0.0)	(15.0, 0.0)	(16.0, 0.0)	(17.0, 0.0)	(18.0, 0.0)	(19.0, 0.0)	(20.0, 0.0)	(21.0, 0.0)	(22.0, 0.0)	(23.0, 0.0)	(24.0, 0.0)	(25.0, 0.0)	(26.0, 0.0)	(27.0, 0.0)	(28.0, 0.0)	(29.0, 0.0)	(30.0, 0.0)	(31.0, 0.0)	(32.0, 0.0)	(33.0, 0.0)	(34.0, 0.0)	(35.0, 0.0)	(36.0, 0.0)	(37.0, 0.0)	(38.0, 0.0)	(39.0, 0.0)	(40.0, 0.0)	(41.0, 0.25)	(42.0, 0.0)	(43.0, 0.0)	(44.0, 0.25)	(45.0, 1.0)	(46.0, 7.5)	(47.0, 29.25)	(48.0, 97.83333333333331)	(49.0, 442.9166666666665)	(50.0, 1171.0833333333335)	(51.0, 1991.9166666666645)	(52.0, 2099.083333333332)	(53.0, 1968.916666666665)	(54.0, 1527.5833333333326)	(55.0, 648.25)	(56.0, 283.9166666666667)	(57.0, 141.66666666666666)	(58.0, 95.33333333333331)	(59.0, 174.58333333333337)	(60.0, 106.16666666666661)	(61.0, 46.416666666666664)	(62.0, 19.5)	(63.0, 20.0)	(64.0, 19.75)	(65.0, 25.25)	(66.0, 72.75)	(67.0, 15.5)	(68.0, 1.5)	(69.0, 1.75)	(70.0, 1.75)	(71.0, 0.5)	(72.0, 0.0)	(73.0, 0.0)	(74.0, 0.0)	(75.0, 0.0)	(76.0, 0.0)	(77.0, 0.0)	(78.0, 0.0)	(79.0, 0.0)	(80.0, 0.0)	(81.0, 0.0)	(82.0, 0.0)	(83.0, 0.0)	(84.0, 0.0)	(85.0, 0.0)	(86.0, 0.0)	(87.0, 0.0)	(88.0, 0.0)	(89.0, 0.0)	(90.0, 0.0)	(91.0, 0.0)	(92.0, 0.0)	(93.0, 0.0)	(94.0, 0.0)	(95.0, 0.0)	(96.0, 0.0)	(97.0, 0.0)	(98.0, 0.0)	(99.0, 0.0)	(100.0, 0.0)
692B0_S159_L001_R2_001	(0.0, 0.0)	(1.0, 0.0)	(2.0, 0.0)	(3.0, 0.0)	(4.0, 0.0)	(5.0, 0.0)	(6.0, 0.0)	(7.0, 0.0)	(8.0, 0.0)	(9.0, 0.0)	(10.0, 0.0)	(11.0, 0.0)	(12.0, 0.0)	(13.0, 0.0)	(14.0, 0.0)	(15.0, 0.0)	(16.0, 0.0)	(17.0, 0.0)	(18.0, 0.0)	(19.0, 0.0)	(20.0, 0.0)	(21.0, 0.0)	(22.0, 0.0)	(23.0, 0.0)	(24.0, 0.0)	(25.0, 0.0)	(26.0, 0.0)	(27.0, 0.0)	(28.0, 0.0)	(29.0, 0.0)	(30.0, 0.0)	(31.0, 0.0)	(32.0, 0.0)	(33.0, 0.0)	(34.0, 0.0)	(35.0, 0.0)	(36.0, 0.0)	(37.0, 0.25)	(38.0, 0.5)	(39.0, 0.25)	(40.0, 0.0)	(41.0, 0.5)	(42.0, 0.75)	(43.0, 1.3333333333333333)	(44.0, 1.9166666666666665)	(45.0, 4.5)	(46.0, 10.0)	(47.0, 21.583333333333332)	(48.0, 84.91666666666667)	(49.0, 182.1666666666667)	(50.0, 203.66666666666686)	(51.0, 538.4166666666656)	(52.0, 1830.5833333333228)	(53.0, 2796.750000000007)	(54.0, 2304.2499999999986)	(55.0, 1390.0833333333335)	(56.0, 642.6666666666666)	(57.0, 326.75000000000006)	(58.0, 192.25000000000006)	(59.0, 169.83333333333334)	(60.0, 78.91666666666666)	(61.0, 49.50000000000001)	(62.0, 34.916666666666664)	(63.0, 26.583333333333332)	(64.0, 35.58333333333333)	(65.0, 34.91666666666667)	(66.0, 29.58333333333333)	(67.0, 43.916666666666664)	(68.0, 57.333333333333336)	(69.0, 33.25)	(70.0, 11.0)	(71.0, 4.75)	(72.0, 2.5)	(73.0, 1.5)	(74.0, 0.75)	(75.0, 1.5)	(76.0, 1.25)	(77.0, 1.0)	(78.0, 1.0)	(79.0, 0.0)	(80.0, 0.0)	(81.0, 0.25)	(82.0, 0.0)	(83.0, 0.5)	(84.0, 0.5)	(85.0, 0.25)	(86.0, 0.5)	(87.0, 0.25)	(88.0, 0.0)	(89.0, 0.0)	(90.0, 0.0)	(91.0, 0.0)	(92.0, 0.0)	(93.0, 0.0)	(94.0, 0.0)	(95.0, 0.0)	(96.0, 0.0)	(97.0, 0.0)	(98.0, 0.0)	(99.0, 0.25)	(100.0, 0.0)
692B14_S160_L001_R1_001	(0.0, 0.0)	(1.0, 0.0)	(2.0, 0.0)	(3.0, 0.0)	(4.0, 0.0)	(5.0, 0.0)	(6.0, 0.0)	(7.0, 0.0)	(8.0, 0.0)	(9.0, 0.0)	(10.0, 0.0)	(11.0, 0.0)	(12.0, 0.0)	(13.0, 0.0)	(14.0, 0.0)	(15.0, 0.0)	(16.0, 0.0)	(17.0, 0.0)	(18.0, 0.0)	(19.0, 0.0)	(20.0, 0.0)	(21.0, 0.0)	(22.0, 0.0)	(23.0, 0.0)	(24.0, 0.0)	(25.0, 0.0)	(26.0, 0.0)	(27.0, 0.0)	(28.0, 0.0)	(29.0, 0.0)	(30.0, 0.0)	(31.0, 0.0)	(32.0, 0.0)	(33.0, 0.0)	(34.0, 0.0)	(35.0, 0.25)	(36.0, 0.0)	(37.0, 0.0)	(38.0, 0.0)	(39.0, 0.0)	(40.0, 0.0)	(41.0, 0.25)	(42.0, 1.5)	(43.0, 3.333333333333333)	(44.0, 3.333333333333333)	(45.0, 4.75)	(46.0, 9.916666666666666)	(47.0, 26.833333333333332)	(48.0, 113.08333333333331)	(49.0, 669.2500000000001)	(50.0, 1924.3333333333326)	(51.0, 2204.8333333333326)	(52.0, 1523.9999999999995)	(53.0, 1261.8333333333333)	(54.0, 982.7500000000001)	(55.0, 440.3333333333333)	(56.0, 149.25)	(57.0, 73.50000000000001)	(58.0, 41.33333333333332)	(59.0, 74.16666666666669)	(60.0, 41.83333333333333)	(61.0, 18.25)	(62.0, 7.25)	(63.0, 6.0)	(64.0, 4.25)	(65.0, 4.25)	(66.0, 12.25)	(67.0, 2.75)	(68.0, 0.0)	(69.0, 0.25)	(70.0, 0.0)	(71.0, 0.0)	(72.0, 0.0)	(73.0, 0.0)	(74.0, 0.0)	(75.0, 0.0)	(76.0, 0.0)	(77.0, 0.0)	(78.0, 0.0)	(79.0, 0.0)	(80.0, 0.0)	(81.0, 0.0)	(82.0, 0.0)	(83.0, 0.0)	(84.0, 0.0)	(85.0, 0.0)	(86.0, 0.0)	(87.0, 0.0)	(88.0, 0.0)	(89.0, 0.0)	(90.0, 0.0)	(91.0, 0.0)	(92.0, 0.0)	(93.0, 0.0)	(94.0, 0.0)	(95.0, 0.0)	(96.0, 0.0)	(97.0, 0.0)	(98.0, 0.0)	(99.0, 0.0)	(100.0, 0.0)
692B14_S160_L001_R2_001	(0.0, 0.0)	(1.0, 0.0)	(2.0, 0.0)	(3.0, 0.0)	(4.0, 0.0)	(5.0, 0.0)	(6.0, 0.0)	(7.0, 0.0)	(8.0, 0.0)	(9.0, 0.0)	(10.0, 0.0)	(11.0, 0.0)	(12.0, 0.0)	(13.0, 0.0)	(14.0, 0.0)	(15.0, 0.0)	(16.0, 0.0)	(17.0, 0.0)	(18.0, 0.0)	(19.0, 0.0)	(20.0, 0.0)	(21.0, 0.0)	(22.0, 0.0)	(23.0, 0.0)	(24.0, 0.0)	(25.0, 0.0)	(26.0, 0.0)	(27.0, 0.0)	(28.0, 0.0)	(29.0, 0.0)	(30.0, 0.0)	(31.0, 0.0)	(32.0, 0.0)	(33.0, 0.0)	(34.0, 0.0)	(35.0, 0.25)	(36.0, 0.25)	(37.0, 0.5)	(38.0, 0.8333333333333333)	(39.0, 0.6666666666666666)	(40.0, 0.25)	(41.0, 1.0)	(42.0, 1.5)	(43.0, 2.75)	(44.0, 3.25)	(45.0, 3.8333333333333335)	(46.0, 8.083333333333332)	(47.0, 20.0)	(48.0, 58.83333333333335)	(49.0, 117.58333333333327)	(50.0, 150.75)	(51.0, 601.9999999999997)	(52.0, 2296.499999999996)	(53.0, 2632.25)	(54.0, 1543.4166666666654)	(55.0, 970.7500000000007)	(56.0, 536.2499999999998)	(57.0, 322.3333333333333)	(58.0, 169.25000000000003)	(59.0, 102.91666666666664)	(60.0, 51.333333333333336)	(61.0, 26.75)	(62.0, 16.583333333333336)	(63.0, 11.333333333333334)	(64.0, 11.0)	(65.0, 10.333333333333334)	(66.0, 8.833333333333334)	(67.0, 11.75)	(68.0, 11.25)	(69.0, 7.5)	(70.0, 4.0)	(71.0, 2.25)	(72.0, 1.25)	(73.0, 0.5)	(74.0, 0.75)	(75.0, 0.5)	(76.0, 0.0)	(77.0, 0.25)	(78.0, 0.25)	(79.0, 0.75)	(80.0, 0.5)	(81.0, 0.25)	(82.0, 0.25)	(83.0, 0.5)	(84.0, 0.25)	(85.0, 0.5)	(86.0, 0.5)	(87.0, 0.0)	(88.0, 0.0)	(89.0, 0.25)	(90.0, 0.25)	(91.0, 0.5)	(92.0, 0.25)	(93.0, 0.0)	(94.0, 0.0)	(95.0, 0.0)	(96.0, 0.0)	(97.0, 0.0)	(98.0, 0.0)	(99.0, 0.0)	(100.0, 0.0)
722A0_S149_L001_R1_001	(0.0, 0.0)	(1.0, 0.0)	(2.0, 0.0)	(3.0, 0.0)	(4.0, 0.0)	(5.0, 0.0)	(6.0, 0.0)	(7.0, 0.0)	(8.0, 0.0)	(9.0, 0.0)	(10.0, 0.0)	(11.0, 0.0)	(12.0, 0.0)	(13.0, 0.0)	(14.0, 0.0)	(15.0, 0.0)	(16.0, 0.0)	(17.0, 0.0)	(18.0, 0.0)	(19.0, 0.0)	(20.0, 0.0)	(21.0, 0.0)	(22.0, 0.0)	(23.0, 0.0)	(24.0, 0.0)	(25.0, 0.0)	(26.0, 0.0)	(27.0, 0.0)	(28.0, 0.0)	(29.0, 0.0)	(30.0, 0.0)	(31.0, 0.0)	(32.0, 0.0)	(33.0, 0.0)	(34.0, 0.0)	(35.0, 0.0)	(36.0, 0.0)	(37.0, 0.0)	(38.0, 0.3333333333333333)	(39.0, 0.3333333333333333)	(40.0, 0.0)	(41.0, 0.25)	(42.0, 0.0)	(43.0, 0.25)	(44.0, 1.25)	(45.0, 3.0)	(46.0, 58.91666666666667)	(47.0, 817.5000000000002)	(48.0, 690.7500000000005)	(49.0, 587.1666666666664)	(50.0, 662.9166666666666)	(51.0, 1105.0000000000057)	(52.0, 1511.4999999999948)	(53.0, 2176.333333333332)	(54.0, 1462.166666666666)	(55.0, 783.250000000001)	(56.0, 388.49999999999943)	(57.0, 203.75000000000017)	(58.0, 175.5000000000001)	(59.0, 591.9166666666666)	(60.0, 267.0833333333334)	(61.0, 46.083333333333336)	(62.0, 44.5)	(63.0, 25.5)	(64.0, 15.0)	(65.0, 11.75)	(66.0, 51.5)	(67.0, 12.0)	(68.0, 1.25)	(69.0, 0.5)	(70.0, 0.0)	(71.0, 0.0)	(72.0, 0.0)	(73.0, 0.0)	(74.0, 0.0)	(75.0, 0.0)	(76.0, 0.0)	(77.0, 0.0)	(78.0, 0.0)	(79.0, 0.0)	(80.0, 0.0)	(81.0, 0.0)	(82.0, 0.0)	(83.0, 0.0)	(84.0, 0.0)	(85.0, 0.0)	(86.0, 0.0)	(87.0, 0.0)	(88.0, 0.0)	(89.0, 0.0)	(90.0, 0.0)	(91.0, 0.0)	(92.0, 0.0)	(93.0, 0.0)	(94.0, 0.0)	(95.0, 0.0)	(96.0, 0.0)	(97.0, 0.0)	(98.0, 0.0)	(99.0, 0.0)	(100.0, 0.0)
722A0_S149_L001_R2_001	(0.0, 0.0)	(1.0, 0.0)	(2.0, 0.0)	(3.0, 0.0)	(4.0, 0.0)	(5.0, 0.0)	(6.0, 0.0)	(7.0, 0.0)	(8.0, 0.0)	(9.0, 0.0)	(10.0, 0.0)	(11.0, 0.0)	(12.0, 0.0)	(13.0, 0.0)	(14.0, 0.0)	(15.0, 0.0)	(16.0, 0.0)	(17.0, 0.0)	(18.0, 0.0)	(19.0, 0.0)	(20.0, 0.0)	(21.0, 0.0)	(22.0, 0.0)	(23.0, 0.0)	(24.0, 0.0)	(25.0, 0.0)	(26.0, 0.0)	(27.0, 0.0)	(28.0, 0.0)	(29.0, 0.0)	(30.0, 0.0)	(31.0, 0.0)	(32.0, 0.0)	(33.0, 0.0)	(34.0, 0.3333333333333333)	(35.0, 0.8333333333333333)	(36.0, 0.5833333333333333)	(37.0, 0.3333333333333333)	(38.0, 0.5)	(39.0, 0.75)	(40.0, 1.0833333333333333)	(41.0, 1.0)	(42.0, 1.0)	(43.0, 1.75)	(44.0, 3.416666666666667)	(45.0, 8.666666666666666)	(46.0, 30.83333333333333)	(47.0, 204.5000000000003)	(48.0, 1024.083333333336)	(49.0, 926.0000000000011)	(50.0, 682.5000000000006)	(51.0, 641.0833333333337)	(52.0, 1175.5833333333344)	(53.0, 1688.3333333333276)	(54.0, 1676.2499999999975)	(55.0, 1251.0833333333335)	(56.0, 583.75)	(57.0, 228.25000000000009)	(58.0, 377.8333333333329)	(59.0, 506.4999999999995)	(60.0, 217.25000000000003)	(61.0, 78.83333333333334)	(62.0, 35.75)	(63.0, 29.749999999999996)	(64.0, 34.83333333333333)	(65.0, 40.33333333333333)	(66.0, 26.666666666666664)	(67.0, 32.75)	(68.0, 48.5)	(69.0, 31.5)	(70.0, 11.25)	(71.0, 5.75)	(72.0, 2.0)	(73.0, 2.75)	(74.0, 1.0)	(75.0, 0.75)	(76.0, 0.75)	(77.0, 1.25)	(78.0, 1.0)	(79.0, 0.5)	(80.0, 0.75)	(81.0, 0.5)	(82.0, 0.0)	(83.0, 0.0)	(84.0, 0.5)	(85.0, 0.25)	(86.0, 0.25)	(87.0, 0.0)	(88.0, 0.25)	(89.0, 0.0)	(90.0, 0.0)	(91.0, 0.0)	(92.0, 0.0)	(93.0, 0.25)	(94.0, 0.0)	(95.0, 0.0)	(96.0, 0.0)	(97.0, 0.0)	(98.0, 0.25)	(99.0, 0.0)	(100.0, 0.0)
722A14_S150_L001_R1_001	(0.0, 0.0)	(1.0, 0.0)	(2.0, 0.0)	(3.0, 0.0)	(4.0, 0.0)	(5.0, 0.0)	(6.0, 0.0)	(7.0, 0.0)	(8.0, 0.0)	(9.0, 0.0)	(10.0, 0.0)	(11.0, 0.0)	(12.0, 0.0)	(13.0, 0.0)	(14.0, 0.0)	(15.0, 0.0)	(16.0, 0.0)	(17.0, 0.0)	(18.0, 0.0)	(19.0, 0.0)	(20.0, 0.0)	(21.0, 0.0)	(22.0, 0.0)	(23.0, 0.0)	(24.0, 0.0)	(25.0, 0.0)	(26.0, 0.0)	(27.0, 0.0)	(28.0, 0.0)	(29.0, 0.0)	(30.0, 0.0)	(31.0, 0.0)	(32.0, 0.0)	(33.0, 0.0)	(34.0, 0.0)	(35.0, 0.0)	(36.0, 0.0)	(37.0, 0.25)	(38.0, 0.25)	(39.0, 0.0)	(40.0, 0.0)	(41.0, 0.0)	(42.0, 0.25)	(43.0, 1.0)	(44.0, 0.75)	(45.0, 2.0)	(46.0, 31.499999999999996)	(47.0, 337.91666666666663)	(48.0, 245.75000000000009)	(49.0, 219.66666666666674)	(50.0, 304.25000000000006)	(51.0, 453.1666666666665)	(52.0, 960.3333333333339)	(53.0, 1830.6666666666663)	(54.0, 1119.9166666666667)	(55.0, 679.7500000000002)	(56.0, 429.74999999999955)	(57.0, 328.75)	(58.0, 341.7499999999999)	(59.0, 1491.166666666663)	(60.0, 731.1666666666672)	(61.0, 119.08333333333331)	(62.0, 68.16666666666666)	(63.0, 47.583333333333336)	(64.0, 23.5)	(65.0, 15.5)	(66.0, 101.5)	(67.0, 24.0)	(68.0, 2.75)	(69.0, 1.25)	(70.0, 0.75)	(71.0, 0.0)	(72.0, 0.0)	(73.0, 0.0)	(74.0, 0.0)	(75.0, 0.0)	(76.0, 0.0)	(77.0, 0.0)	(78.0, 0.0)	(79.0, 0.0)	(80.0, 0.0)	(81.0, 0.0)	(82.0, 0.0)	(83.0, 0.0)	(84.0, 0.0)	(85.0, 0.0)	(86.0, 0.0)	(87.0, 0.0)	(88.0, 0.0)	(89.0, 0.0)	(90.0, 0.0)	(91.0, 0.0)	(92.0, 0.0)	(93.0, 0.0)	(94.0, 0.0)	(95.0, 0.0)	(96.0, 0.0)	(97.0, 0.0)	(98.0, 0.0)	(99.0, 0.0)	(100.0, 0.0)
722A14_S150_L001_R2_001	(0.0, 0.0)	(1.0, 0.0)	(2.0, 0.0)	(3.0, 0.0)	(4.0, 0.0)	(5.0, 0.0)	(6.0, 0.0)	(7.0, 0.0)	(8.0, 0.0)	(9.0, 0.0)	(10.0, 0.0)	(11.0, 0.0)	(12.0, 0.0)	(13.0, 0.0)	(14.0, 0.0)	(15.0, 0.0)	(16.0, 0.0)	(17.0, 0.0)	(18.0, 0.0)	(19.0, 0.0)	(20.0, 0.0)	(21.0, 0.0)	(22.0, 0.0)	(23.0, 0.0)	(24.0, 0.0)	(25.0, 0.0)	(26.0, 0.0)	(27.0, 0.0)	(28.0, 0.0)	(29.0, 0.0)	(30.0, 0.0)	(31.0, 0.0)	(32.0, 0.0)	(33.0, 0.0)	(34.0, 0.25)	(35.0, 0.0)	(36.0, 0.0)	(37.0, 0.0)	(38.0, 0.5)	(39.0, 0.25)	(40.0, 0.75)	(41.0, 1.5833333333333333)	(42.0, 1.3333333333333333)	(43.0, 0.5)	(44.0, 0.5)	(45.0, 4.25)	(46.0, 10.833333333333334)	(47.0, 79.0)	(48.0, 407.49999999999983)	(49.0, 332.50000000000006)	(50.0, 281.0000000000003)	(51.0, 497.4999999999991)	(52.0, 972.6666666666687)	(53.0, 1055.5833333333346)	(54.0, 1270.0833333333328)	(55.0, 1058.0000000000005)	(56.0, 512.7499999999999)	(57.0, 277.1666666666668)	(58.0, 887.9166666666706)	(59.0, 1241.166666666666)	(60.0, 471.24999999999994)	(61.0, 152.83333333333331)	(62.0, 65.25)	(63.0, 37.83333333333333)	(64.0, 34.25000000000001)	(65.0, 37.08333333333334)	(66.0, 36.0)	(67.0, 65.33333333333334)	(68.0, 89.75)	(69.0, 62.0)	(70.0, 23.0)	(71.0, 8.5)	(72.0, 5.75)	(73.0, 2.25)	(74.0, 1.75)	(75.0, 2.75)	(76.0, 2.25)	(77.0, 2.25)	(78.0, 1.75)	(79.0, 1.0)	(80.0, 1.0)	(81.0, 0.75)	(82.0, 0.5)	(83.0, 0.25)	(84.0, 0.0)	(85.0, 0.5)	(86.0, 0.25)	(87.0, 0.0)	(88.0, 0.5)	(89.0, 0.5)	(90.0, 0.0)	(91.0, 0.25)	(92.0, 0.0)	(93.0, 0.0)	(94.0, 0.0)	(95.0, 0.25)	(96.0, 0.5)	(97.0, 0.25)	(98.0, 0.0)	(99.0, 0.25)	(100.0, 0.0)
722B0_S151_L001_R1_001	(0.0, 0.0)	(1.0, 0.0)	(2.0, 0.0)	(3.0, 0.0)	(4.0, 0.0)	(5.0, 0.0)	(6.0, 0.0)	(7.0, 0.0)	(8.0, 0.0)	(9.0, 0.0)	(10.0, 0.0)	(11.0, 0.0)	(12.0, 0.0)	(13.0, 0.0)	(14.0, 0.0)	(15.0, 0.0)	(16.0, 0.0)	(17.0, 0.0)	(18.0, 0.0)	(19.0, 0.0)	(20.0, 0.0)	(21.0, 0.0)	(22.0, 0.0)	(23.0, 0.0)	(24.0, 0.0)	(25.0, 0.0)	(26.0, 0.0)	(27.0, 0.0)	(28.0, 0.0)	(29.0, 0.0)	(30.0, 0.0)	(31.0, 0.0)	(32.0, 0.0)	(33.0, 0.0)	(34.0, 0.0)	(35.0, 0.0)	(36.0, 0.0)	(37.0, 0.0)	(38.0, 0.0)	(39.0, 0.0)	(40.0, 0.0)	(41.0, 0.0)	(42.0, 0.25)	(43.0, 0.25)	(44.0, 1.25)	(45.0, 1.75)	(46.0, 53.91666666666667)	(47.0, 565.1666666666666)	(48.0, 416.16666666666646)	(49.0, 348.9999999999998)	(50.0, 390.1666666666664)	(51.0, 480.24999999999875)	(52.0, 930.6666666666682)	(53.0, 1752.083333333333)	(54.0, 1039.916666666667)	(55.0, 569.833333333333)	(56.0, 362.33333333333314)	(57.0, 328.2499999999999)	(58.0, 380.4999999999994)	(59.0, 2253.833333333332)	(60.0, 1037.6666666666674)	(61.0, 106.16666666666666)	(62.0, 46.08333333333333)	(63.0, 34.5)	(64.0, 19.0)	(65.0, 8.25)	(66.0, 60.25)	(67.0, 11.5)	(68.0, 1.5)	(69.0, 0.25)	(70.0, 0.0)	(71.0, 0.0)	(72.0, 0.0)	(73.0, 0.0)	(74.0, 0.0)	(75.0, 0.0)	(76.0, 0.0)	(77.0, 0.0)	(78.0, 0.0)	(79.0, 0.0)	(80.0, 0.0)	(81.0, 0.0)	(82.0, 0.0)	(83.0, 0.0)	(84.0, 0.0)	(85.0, 0.0)	(86.0, 0.0)	(87.0, 0.0)	(88.0, 0.0)	(89.0, 0.0)	(90.0, 0.0)	(91.0, 0.0)	(92.0, 0.0)	(93.0, 0.0)	(94.0, 0.0)	(95.0, 0.0)	(96.0, 0.0)	(97.0, 0.0)	(98.0, 0.0)	(99.0, 0.0)	(100.0, 0.0)
722B0_S151_L001_R2_001	(0.0, 0.0)	(1.0, 0.0)	(2.0, 0.0)	(3.0, 0.0)	(4.0, 0.0)	(5.0, 0.0)	(6.0, 0.0)	(7.0, 0.0)	(8.0, 0.0)	(9.0, 0.0)	(10.0, 0.0)	(11.0, 0.0)	(12.0, 0.0)	(13.0, 0.0)	(14.0, 0.0)	(15.0, 0.0)	(16.0, 0.0)	(17.0, 0.0)	(18.0, 0.0)	(19.0, 0.0)	(20.0, 0.0)	(21.0, 0.0)	(22.0, 0.0)	(23.0, 0.0)	(24.0, 0.0)	(25.0, 0.0)	(26.0, 0.0)	(27.0, 0.0)	(28.0, 0.0)	(29.0, 0.0)	(30.0, 0.0)	(31.0, 0.0)	(32.0, 0.0)	(33.0, 0.0)	(34.0, 0.25)	(35.0, 0.25)	(36.0, 0.0)	(37.0, 0.0)	(38.0, 0.25)	(39.0, 0.5)	(40.0, 1.3333333333333333)	(41.0, 1.25)	(42.0, 2.083333333333333)	(43.0, 1.7499999999999998)	(44.0, 4.75)	(45.0, 8.5)	(46.0, 18.500000000000007)	(47.0, 125.74999999999989)	(48.0, 670.9166666666666)	(49.0, 561.8333333333329)	(50.0, 422.33333333333286)	(51.0, 484.9166666666661)	(52.0, 916.5000000000017)	(53.0, 1007.5833333333355)	(54.0, 1151.833333333334)	(55.0, 938.8333333333339)	(56.0, 437.4166666666666)	(57.0, 271.3333333333335)	(58.0, 1229.4166666666654)	(59.0, 1781.499999999994)	(60.0, 661.5833333333336)	(61.0, 210.50000000000003)	(62.0, 78.91666666666667)	(63.0, 37.58333333333333)	(64.0, 27.833333333333336)	(65.0, 32.08333333333333)	(66.0, 29.333333333333336)	(67.0, 45.5)	(68.0, 52.0)	(69.0, 32.25)	(70.0, 14.0)	(71.0, 6.5)	(72.0, 3.75)	(73.0, 3.0)	(74.0, 2.5)	(75.0, 2.0)	(76.0, 2.25)	(77.0, 1.75)	(78.0, 2.0)	(79.0, 0.0)	(80.0, 0.5)	(81.0, 1.25)	(82.0, 0.75)	(83.0, 0.5)	(84.0, 0.75)	(85.0, 1.0)	(86.0, 0.25)	(87.0, 0.0)	(88.0, 0.0)	(89.0, 0.25)	(90.0, 0.25)	(91.0, 0.25)	(92.0, 0.0)	(93.0, 0.0)	(94.0, 0.0)	(95.0, 0.25)	(96.0, 0.25)	(97.0, 0.0)	(98.0, 0.0)	(99.0, 0.0)	(100.0, 0.6666666666666666)
722B14_S152_L001_R1_001	(0.0, 0.0)	(1.0, 0.0)	(2.0, 0.0)	(3.0, 0.0)	(4.0, 0.0)	(5.0, 0.0)	(6.0, 0.0)	(7.0, 0.0)	(8.0, 0.0)	(9.0, 0.0)	(10.0, 0.0)	(11.0, 0.0)	(12.0, 0.0)	(13.0, 0.0)	(14.0, 0.0)	(15.0, 0.0)	(16.0, 0.0)	(17.0, 0.0)	(18.0, 0.0)	(19.0, 0.0)	(20.0, 0.0)	(21.0, 0.0)	(22.0, 0.0)	(23.0, 0.0)	(24.0, 0.0)	(25.0, 0.0)	(26.0, 0.0)	(27.0, 0.0)	(28.0, 0.0)	(29.0, 0.0)	(30.0, 0.0)	(31.0, 0.0)	(32.0, 0.0)	(33.0, 0.0)	(34.0, 0.0)	(35.0, 0.0)	(36.0, 0.0)	(37.0, 0.0)	(38.0, 0.3333333333333333)	(39.0, 0.0)	(40.0, 0.0)	(41.0, 0.5)	(42.0, 0.75)	(43.0, 1.8333333333333333)	(44.0, 2.75)	(45.0, 2.6666666666666665)	(46.0, 8.25)	(47.0, 107.83333333333333)	(48.0, 82.91666666666666)	(49.0, 175.5833333333334)	(50.0, 386.4166666666665)	(51.0, 436.6666666666662)	(52.0, 991.7500000000007)	(53.0, 1780.5833333333328)	(54.0, 1777.0833333333323)	(55.0, 969.7500000000019)	(56.0, 421.1666666666659)	(57.0, 259.25000000000045)	(58.0, 317.6666666666667)	(59.0, 878.4166666666675)	(60.0, 265.33333333333337)	(61.0, 81.5)	(62.0, 47.5)	(63.0, 28.25)	(64.0, 11.0)	(65.0, 18.0)	(66.0, 124.75)	(67.0, 23.75)	(68.0, 1.5)	(69.0, 0.25)	(70.0, 0.0)	(71.0, 0.0)	(72.0, 0.25)	(73.0, 0.0)	(74.0, 0.0)	(75.0, 0.0)	(76.0, 0.0)	(77.0, 0.0)	(78.0, 0.0)	(79.0, 0.0)	(80.0, 0.0)	(81.0, 0.0)	(82.0, 0.0)	(83.0, 0.0)	(84.0, 0.0)	(85.0, 0.0)	(86.0, 0.0)	(87.0, 0.0)	(88.0, 0.0)	(89.0, 0.0)	(90.0, 0.0)	(91.0, 0.0)	(92.0, 0.0)	(93.0, 0.0)	(94.0, 0.0)	(95.0, 0.0)	(96.0, 0.0)	(97.0, 0.0)	(98.0, 0.0)	(99.0, 0.0)	(100.0, 0.0)
722B14_S152_L001_R2_001	(0.0, 0.0)	(1.0, 0.0)	(2.0, 0.0)	(3.0, 0.0)	(4.0, 0.0)	(5.0, 0.0)	(6.0, 0.0)	(7.0, 0.0)	(8.0, 0.0)	(9.0, 0.0)	(10.0, 0.0)	(11.0, 0.0)	(12.0, 0.0)	(13.0, 0.0)	(14.0, 0.0)	(15.0, 0.0)	(16.0, 0.0)	(17.0, 0.0)	(18.0, 0.0)	(19.0, 0.0)	(20.0, 0.0)	(21.0, 0.0)	(22.0, 0.0)	(23.0, 0.0)	(24.0, 0.0)	(25.0, 0.0)	(26.0, 0.0)	(27.0, 0.0)	(28.0, 0.0)	(29.0, 0.0)	(30.0, 0.0)	(31.0, 0.0)	(32.0, 0.0)	(33.0, 0.0)	(34.0, 0.0)	(35.0, 0.25)	(36.0, 0.5833333333333333)	(37.0, 0.3333333333333333)	(38.0, 0.25)	(39.0, 0.25)	(40.0, 0.25)	(41.0, 1.0)	(42.0, 1.25)	(43.0, 1.25)	(44.0, 3.1666666666666665)	(45.0, 5.083333333333334)	(46.0, 8.416666666666666)	(47.0, 32.99999999999999)	(48.0, 136.0833333333333)	(49.0, 155.75000000000006)	(50.0, 235.33333333333377)	(51.0, 416.4166666666657)	(52.0, 951.7500000000022)	(53.0, 1684.4999999999966)	(54.0, 1984.9166666666638)	(55.0, 1020.0000000000005)	(56.0, 458.4166666666665)	(57.0, 253.33333333333346)	(58.0, 612.6666666666669)	(59.0, 617.5833333333334)	(60.0, 229.66666666666669)	(61.0, 89.08333333333333)	(62.0, 52.66666666666668)	(63.0, 27.916666666666668)	(64.0, 30.249999999999996)	(65.0, 34.91666666666666)	(66.0, 32.66666666666666)	(67.0, 63.16666666666667)	(68.0, 85.75)	(69.0, 53.75)	(70.0, 19.5)	(71.0, 7.75)	(72.0, 5.25)	(73.0, 3.25)	(74.0, 1.0)	(75.0, 1.75)	(76.0, 1.75)	(77.0, 1.5)	(78.0, 1.0)	(79.0, 0.25)	(80.0, 0.0)	(81.0, 0.75)	(82.0, 1.0)	(83.0, 0.25)	(84.0, 0.75)	(85.0, 0.25)	(86.0, 0.25)	(87.0, 0.0)	(88.0, 0.0)	(89.0, 0.25)	(90.0, 0.25)	(91.0, 0.25)	(92.0, 0.25)	(93.0, 0.25)	(94.0, 0.0)	(95.0, 0.25)	(96.0, 0.25)	(97.0, 0.0)	(98.0, 0.0)	(99.0, 0.0)	(100.0, 0.0)
727A0_S161_L001_R1_001	(0.0, 0.0)	(1.0, 0.0)	(2.0, 0.0)	(3.0, 0.0)	(4.0, 0.0)	(5.0, 0.0)	(6.0, 0.0)	(7.0, 0.0)	(8.0, 0.0)	(9.0, 0.0)	(10.0, 0.0)	(11.0, 0.0)	(12.0, 0.0)	(13.0, 0.0)	(14.0, 0.0)	(15.0, 0.0)	(16.0, 0.0)	(17.0, 0.0)	(18.0, 0.0)	(19.0, 0.0)	(20.0, 0.0)	(21.0, 0.0)	(22.0, 0.0)	(23.0, 0.0)	(24.0, 0.0)	(25.0, 0.0)	(26.0, 0.0)	(27.0, 0.0)	(28.0, 0.0)	(29.0, 0.0)	(30.0, 0.0)	(31.0, 0.0)	(32.0, 0.0)	(33.0, 0.0)	(34.0, 0.0)	(35.0, 0.0)	(36.0, 0.0)	(37.0, 0.0)	(38.0, 0.0)	(39.0, 0.0)	(40.0, 0.25)	(41.0, 0.0)	(42.0, 0.25)	(43.0, 0.0)	(44.0, 0.75)	(45.0, 4.333333333333334)	(46.0, 126.91666666666666)	(47.0, 541.0833333333334)	(48.0, 337.5833333333333)	(49.0, 195.25000000000003)	(50.0, 289.0)	(51.0, 636.75)	(52.0, 1033.166666666667)	(53.0, 1752.083333333333)	(54.0, 2123.4166666666665)	(55.0, 1522.9999999999998)	(56.0, 1180.5000000000002)	(57.0, 226.00000000000003)	(58.0, 93.91666666666669)	(59.0, 51.333333333333336)	(60.0, 27.166666666666668)	(61.0, 28.25)	(62.0, 8.75)	(63.0, 2.75)	(64.0, 2.0)	(65.0, 6.25)	(66.0, 32.5)	(67.0, 5.5)	(68.0, 0.25)	(69.0, 0.0)	(70.0, 0.0)	(71.0, 0.0)	(72.0, 0.0)	(73.0, 0.0)	(74.0, 0.0)	(75.0, 0.0)	(76.0, 0.0)	(77.0, 0.0)	(78.0, 0.0)	(79.0, 0.0)	(80.0, 0.0)	(81.0, 0.0)	(82.0, 0.0)	(83.0, 0.0)	(84.0, 0.0)	(85.0, 0.0)	(86.0, 0.0)	(87.0, 0.0)	(88.0, 0.0)	(89.0, 0.0)	(90.0, 0.0)	(91.0, 0.0)	(92.0, 0.0)	(93.0, 0.0)	(94.0, 0.0)	(95.0, 0.0)	(96.0, 0.0)	(97.0, 0.0)	(98.0, 0.0)	(99.0, 0.0)	(100.0, 0.0)
727A0_S161_L001_R2_001	(0.0, 0.0)	(1.0, 0.0)	(2.0, 0.0)	(3.0, 0.0)	(4.0, 0.0)	(5.0, 0.0)	(6.0, 0.0)	(7.0, 0.0)	(8.0, 0.0)	(9.0, 0.0)	(10.0, 0.0)	(11.0, 0.0)	(12.0, 0.0)	(13.0, 0.0)	(14.0, 0.0)	(15.0, 0.0)	(16.0, 0.0)	(17.0, 0.0)	(18.0, 0.0)	(19.0, 0.0)	(20.0, 0.0)	(21.0, 0.0)	(22.0, 0.0)	(23.0, 0.0)	(24.0, 0.0)	(25.0, 0.0)	(26.0, 0.0)	(27.0, 0.0)	(28.0, 0.0)	(29.0, 0.0)	(30.0, 0.0)	(31.0, 0.0)	(32.0, 0.25)	(33.0, 0.25)	(34.0, 0.0)	(35.0, 0.0)	(36.0, 0.3333333333333333)	(37.0, 0.3333333333333333)	(38.0, 0.25)	(39.0, 0.75)	(40.0, 2.083333333333333)	(41.0, 1.75)	(42.0, 1.8333333333333333)	(43.0, 1.9166666666666665)	(44.0, 3.5833333333333335)	(45.0, 7.749999999999999)	(46.0, 17.583333333333332)	(47.0, 111.74999999999989)	(48.0, 576.9166666666663)	(49.0, 437.6666666666663)	(50.0, 201.2500000000001)	(51.0, 333.66666666666634)	(52.0, 752.5000000000025)	(53.0, 1574.2499999999945)	(54.0, 2017.3333333333273)	(55.0, 2013.3333333333323)	(56.0, 1307.0)	(57.0, 631.0)	(58.0, 211.0)	(59.0, 78.25)	(60.0, 39.41666666666667)	(61.0, 23.166666666666664)	(62.0, 15.25)	(63.0, 12.833333333333332)	(64.0, 14.583333333333332)	(65.0, 15.0)	(66.0, 17.083333333333332)	(67.0, 28.91666666666666)	(68.0, 28.25)	(69.0, 11.0)	(70.0, 4.5)	(71.0, 2.0)	(72.0, 0.5)	(73.0, 1.75)	(74.0, 0.5)	(75.0, 0.25)	(76.0, 0.75)	(77.0, 0.0)	(78.0, 0.75)	(79.0, 0.25)	(80.0, 0.5)	(81.0, 0.0)	(82.0, 0.75)	(83.0, 0.75)	(84.0, 0.75)	(85.0, 0.5)	(86.0, 0.25)	(87.0, 0.0)	(88.0, 0.0)	(89.0, 0.25)	(90.0, 0.5)	(91.0, 0.5)	(92.0, 0.5)	(93.0, 0.0)	(94.0, 0.25)	(95.0, 0.25)	(96.0, 0.0)	(97.0, 0.0)	(98.0, 0.0)	(99.0, 0.0)	(100.0, 0.0)
727A14_S162_L001_R1_001	(0.0, 0.0)	(1.0, 0.0)	(2.0, 0.0)	(3.0, 0.0)	(4.0, 0.0)	(5.0, 0.0)	(6.0, 0.0)	(7.0, 0.0)	(8.0, 0.0)	(9.0, 0.0)	(10.0, 0.0)	(11.0, 0.0)	(12.0, 0.0)	(13.0, 0.0)	(14.0, 0.0)	(15.0, 0.0)	(16.0, 0.0)	(17.0, 0.0)	(18.0, 0.0)	(19.0, 0.0)	(20.0, 0.0)	(21.0, 0.0)	(22.0, 0.0)	(23.0, 0.0)	(24.0, 0.0)	(25.0, 0.0)	(26.0, 0.0)	(27.0, 0.0)	(28.0, 0.0)	(29.0, 0.0)	(30.0, 0.0)	(31.0, 0.0)	(32.0, 0.0)	(33.0, 0.0)	(34.0, 0.0)	(35.0, 0.0)	(36.0, 0.0)	(37.0, 0.0)	(38.0, 0.0)	(39.0, 0.0)	(40.0, 0.0)	(41.0, 0.25)	(42.0, 0.5)	(43.0, 1.0)	(44.0, 0.5)	(45.0, 2.75)	(46.0, 70.25)	(47.0, 390.83333333333337)	(48.0, 230.75)	(49.0, 96.08333333333331)	(50.0, 182.41666666666669)	(51.0, 520.7499999999999)	(52.0, 1037.7500000000002)	(53.0, 1782.1666666666658)	(54.0, 2149.75)	(55.0, 1338.9999999999998)	(56.0, 972.4166666666674)	(57.0, 193.75000000000006)	(58.0, 126.58333333333331)	(59.0, 95.41666666666666)	(60.0, 62.833333333333336)	(61.0, 62.333333333333336)	(62.0, 16.5)	(63.0, 8.25)	(64.0, 5.0)	(65.0, 20.75)	(66.0, 89.5)	(67.0, 10.5)	(68.0, 0.75)	(69.0, 0.25)	(70.0, 0.25)	(71.0, 0.0)	(72.0, 0.0)	(73.0, 0.25)	(74.0, 0.25)	(75.0, 0.0)	(76.0, 0.0)	(77.0, 0.0)	(78.0, 0.0)	(79.0, 0.0)	(80.0, 0.0)	(81.0, 0.0)	(82.0, 0.0)	(83.0, 0.0)	(84.0, 0.0)	(85.0, 0.0)	(86.0, 0.0)	(87.0, 0.0)	(88.0, 0.0)	(89.0, 0.0)	(90.0, 0.0)	(91.0, 0.0)	(92.0, 0.0)	(93.0, 0.0)	(94.0, 0.0)	(95.0, 0.0)	(96.0, 0.0)	(97.0, 0.0)	(98.0, 0.0)	(99.0, 0.0)	(100.0, 0.0)
727A14_S162_L001_R2_001	(0.0, 0.0)	(1.0, 0.0)	(2.0, 0.0)	(3.0, 0.0)	(4.0, 0.0)	(5.0, 0.0)	(6.0, 0.0)	(7.0, 0.0)	(8.0, 0.0)	(9.0, 0.0)	(10.0, 0.0)	(11.0, 0.0)	(12.0, 0.0)	(13.0, 0.0)	(14.0, 0.0)	(15.0, 0.0)	(16.0, 0.0)	(17.0, 0.0)	(18.0, 0.0)	(19.0, 0.0)	(20.0, 0.0)	(21.0, 0.0)	(22.0, 0.0)	(23.0, 0.0)	(24.0, 0.0)	(25.0, 0.0)	(26.0, 0.0)	(27.0, 0.0)	(28.0, 0.0)	(29.0, 0.0)	(30.0, 0.0)	(31.0, 0.3333333333333333)	(32.0, 0.0)	(33.0, 0.25)	(34.0, 0.25)	(35.0, 0.0)	(36.0, 0.5)	(37.0, 0.25)	(38.0, 0.0)	(39.0, 0.5833333333333333)	(40.0, 1.8333333333333333)	(41.0, 1.0)	(42.0, 2.333333333333333)	(43.0, 3.5)	(44.0, 2.1666666666666665)	(45.0, 4.416666666666666)	(46.0, 11.250000000000002)	(47.0, 67.00000000000003)	(48.0, 404.6666666666664)	(49.0, 306.91666666666663)	(50.0, 144.3333333333333)	(51.0, 254.41666666666697)	(52.0, 612.0833333333342)	(53.0, 1424.8333333333298)	(54.0, 2038.4166666666613)	(55.0, 1980.416666666665)	(56.0, 1249.1666666666667)	(57.0, 594.5)	(58.0, 199.25000000000003)	(59.0, 82.91666666666666)	(60.0, 41.25000000000001)	(61.0, 27.666666666666668)	(62.0, 22.416666666666664)	(63.0, 20.333333333333332)	(64.0, 22.75)	(65.0, 23.416666666666668)	(66.0, 41.666666666666664)	(67.0, 85.58333333333333)	(68.0, 66.58333333333334)	(69.0, 23.0)	(70.0, 7.25)	(71.0, 1.75)	(72.0, 0.75)	(73.0, 1.0)	(74.0, 0.0)	(75.0, 0.25)	(76.0, 0.0)	(77.0, 1.0)	(78.0, 0.75)	(79.0, 0.25)	(80.0, 0.25)	(81.0, 0.0)	(82.0, 0.5)	(83.0, 1.0)	(84.0, 0.5)	(85.0, 0.0)	(86.0, 0.25)	(87.0, 0.25)	(88.0, 0.0)	(89.0, 0.0)	(90.0, 0.25)	(91.0, 0.0)	(92.0, 0.0)	(93.0, 0.0)	(94.0, 0.0)	(95.0, 0.0)	(96.0, 0.0)	(97.0, 0.0)	(98.0, 0.25)	(99.0, 0.0)	(100.0, 0.0)
727B0_S163_L001_R1_001	(0.0, 1.0)	(1.0, 0.5)	(2.0, 0.0)	(3.0, 0.0)	(4.0, 0.0)	(5.0, 0.0)	(6.0, 0.0)	(7.0, 0.0)	(8.0, 0.0)	(9.0, 0.0)	(10.0, 0.0)	(11.0, 0.0)	(12.0, 0.0)	(13.0, 0.0)	(14.0, 0.0)	(15.0, 0.0)	(16.0, 0.0)	(17.0, 0.0)	(18.0, 0.0)	(19.0, 0.0)	(20.0, 0.0)	(21.0, 0.0)	(22.0, 0.0)	(23.0, 0.0)	(24.0, 0.0)	(25.0, 0.0)	(26.0, 0.0)	(27.0, 0.0)	(28.0, 0.0)	(29.0, 0.0)	(30.0, 0.0)	(31.0, 0.0)	(32.0, 0.0)	(33.0, 0.0)	(34.0, 0.0)	(35.0, 0.0)	(36.0, 0.0)	(37.0, 0.0)	(38.0, 0.0)	(39.0, 0.0)	(40.0, 0.5)	(41.0, 0.25)	(42.0, 0.25)	(43.0, 0.0)	(44.0, 1.3333333333333333)	(45.0, 6.5)	(46.0, 73.5)	(47.0, 254.83333333333334)	(48.0, 146.41666666666663)	(49.0, 73.66666666666667)	(50.0, 158.0)	(51.0, 403.8333333333333)	(52.0, 1183.9166666666667)	(53.0, 1881.9999999999993)	(54.0, 2256.083333333333)	(55.0, 1582.499999999999)	(56.0, 1361.9999999999986)	(57.0, 448.24999999999886)	(58.0, 416.3333333333328)	(59.0, 430.49999999999994)	(60.0, 130.25)	(61.0, 128.58333333333331)	(62.0, 47.75)	(63.0, 21.75)	(64.0, 13.75)	(65.0, 36.0)	(66.0, 195.5)	(67.0, 28.5)	(68.0, 2.5)	(69.0, 0.0)	(70.0, 0.0)	(71.0, 0.0)	(72.0, 0.25)	(73.0, 0.0)	(74.0, 0.0)	(75.0, 0.0)	(76.0, 0.0)	(77.0, 0.0)	(78.0, 0.0)	(79.0, 0.0)	(80.0, 0.0)	(81.0, 0.0)	(82.0, 0.0)	(83.0, 0.0)	(84.0, 0.0)	(85.0, 0.0)	(86.0, 0.0)	(87.0, 0.0)	(88.0, 0.0)	(89.0, 0.0)	(90.0, 0.0)	(91.0, 0.0)	(92.0, 0.0)	(93.0, 0.0)	(94.0, 0.0)	(95.0, 0.0)	(96.0, 0.0)	(97.0, 0.0)	(98.0, 0.0)	(99.0, 0.0)	(100.0, 0.0)
727B0_S163_L001_R2_001	(0.0, 1.0)	(1.0, 0.5)	(2.0, 0.0)	(3.0, 0.0)	(4.0, 0.0)	(5.0, 0.0)	(6.0, 0.0)	(7.0, 0.0)	(8.0, 0.0)	(9.0, 0.0)	(10.0, 0.0)	(11.0, 0.0)	(12.0, 0.0)	(13.0, 0.0)	(14.0, 0.0)	(15.0, 0.0)	(16.0, 0.0)	(17.0, 0.0)	(18.0, 0.0)	(19.0, 0.0)	(20.0, 0.0)	(21.0, 0.0)	(22.0, 0.0)	(23.0, 0.0)	(24.0, 0.0)	(25.0, 0.0)	(26.0, 0.0)	(27.0, 0.0)	(28.0, 0.0)	(29.0, 0.25)	(30.0, 0.0)	(31.0, 0.0)	(32.0, 0.0)	(33.0, 0.0)	(34.0, 0.0)	(35.0, 0.0)	(36.0, 0.0)	(37.0, 0.8333333333333333)	(38.0, 0.8333333333333333)	(39.0, 0.75)	(40.0, 1.0)	(41.0, 0.5)	(42.0, 1.6666666666666665)	(43.0, 1.9166666666666665)	(44.0, 2.6666666666666665)	(45.0, 3.9166666666666665)	(46.0, 9.583333333333334)	(47.0, 49.500000000000014)	(48.0, 272.91666666666674)	(49.0, 275.08333333333337)	(50.0, 171.08333333333343)	(51.0, 462.99999999999875)	(52.0, 889.0000000000043)	(53.0, 1436.2499999999966)	(54.0, 1923.9166666666622)	(55.0, 1993.9166666666652)	(56.0, 1435.8333333333333)	(57.0, 831.4166666666671)	(58.0, 551.6666666666664)	(59.0, 356.1666666666666)	(60.0, 146.16666666666666)	(61.0, 66.5)	(62.0, 47.41666666666667)	(63.0, 41.833333333333336)	(64.0, 45.41666666666667)	(65.0, 45.58333333333333)	(66.0, 83.99999999999997)	(67.0, 153.75)	(68.0, 141.41666666666669)	(69.0, 57.75)	(70.0, 16.0)	(71.0, 6.0)	(72.0, 2.75)	(73.0, 1.5)	(74.0, 1.5)	(75.0, 1.5)	(76.0, 2.0)	(77.0, 0.5)	(78.0, 0.25)	(79.0, 0.75)	(80.0, 0.5)	(81.0, 0.0)	(82.0, 0.25)	(83.0, 0.0)	(84.0, 0.75)	(85.0, 0.5)	(86.0, 0.0)	(87.0, 0.5)	(88.0, 0.0)	(89.0, 0.0)	(90.0, 0.25)	(91.0, 0.0)	(92.0, 0.25)	(93.0, 0.0)	(94.0, 0.0)	(95.0, 0.0)	(96.0, 0.0)	(97.0, 0.25)	(98.0, 0.25)	(99.0, 0.0)	(100.0, 0.0)
727B14_S164_L001_R1_001	(0.0, 0.0)	(1.0, 0.0)	(2.0, 0.0)	(3.0, 0.0)	(4.0, 0.0)	(5.0, 0.0)	(6.0, 0.0)	(7.0, 0.0)	(8.0, 0.0)	(9.0, 0.0)	(10.0, 0.0)	(11.0, 0.0)	(12.0, 0.0)	(13.0, 0.0)	(14.0, 0.0)	(15.0, 0.0)	(16.0, 0.0)	(17.0, 0.0)	(18.0, 0.0)	(19.0, 0.0)	(20.0, 0.0)	(21.0, 0.0)	(22.0, 0.0)	(23.0, 0.0)	(24.0, 0.0)	(25.0, 0.0)	(26.0, 0.0)	(27.0, 0.0)	(28.0, 0.0)	(29.0, 0.0)	(30.0, 0.0)	(31.0, 0.0)	(32.0, 0.0)	(33.0, 0.0)	(34.0, 0.0)	(35.0, 0.0)	(36.0, 0.0)	(37.0, 0.0)	(38.0, 0.0)	(39.0, 0.25)	(40.0, 0.0)	(41.0, 0.0)	(42.0, 0.25)	(43.0, 0.25)	(44.0, 0.5)	(45.0, 4.833333333333334)	(46.0, 109.41666666666667)	(47.0, 902.1666666666667)	(48.0, 596.75)	(49.0, 286.66666666666663)	(50.0, 372.24999999999994)	(51.0, 592.9166666666666)	(52.0, 1311.5833333333337)	(53.0, 1914.249999999999)	(54.0, 2085.833333333332)	(55.0, 1261.5833333333337)	(56.0, 826.0000000000003)	(57.0, 240.00000000000009)	(58.0, 191.50000000000003)	(59.0, 136.91666666666669)	(60.0, 105.83333333333333)	(61.0, 106.0)	(62.0, 27.75)	(63.0, 11.25)	(64.0, 9.0)	(65.0, 35.5)	(66.0, 174.25)	(67.0, 22.5)	(68.0, 2.75)	(69.0, 0.5)	(70.0, 0.0)	(71.0, 0.0)	(72.0, 0.0)	(73.0, 0.0)	(74.0, 0.0)	(75.0, 0.0)	(76.0, 0.0)	(77.0, 0.0)	(78.0, 0.0)	(79.0, 0.0)	(80.0, 0.0)	(81.0, 0.0)	(82.0, 0.0)	(83.0, 0.0)	(84.0, 0.0)	(85.0, 0.0)	(86.0, 0.0)	(87.0, 0.0)	(88.0, 0.0)	(89.0, 0.0)	(90.0, 0.0)	(91.0, 0.0)	(92.0, 0.0)	(93.0, 0.0)	(94.0, 0.0)	(95.0, 0.0)	(96.0, 0.0)	(97.0, 0.0)	(98.0, 0.0)	(99.0, 0.0)	(100.0, 0.0)
727B14_S164_L001_R2_001	(0.0, 0.0)	(1.0, 0.0)	(2.0, 0.0)	(3.0, 0.0)	(4.0, 0.0)	(5.0, 0.0)	(6.0, 0.0)	(7.0, 0.0)	(8.0, 0.0)	(9.0, 0.0)	(10.0, 0.0)	(11.0, 0.0)	(12.0, 0.0)	(13.0, 0.0)	(14.0, 0.0)	(15.0, 0.0)	(16.0, 0.0)	(17.0, 0.0)	(18.0, 0.0)	(19.0, 0.0)	(20.0, 0.0)	(21.0, 0.0)	(22.0, 0.0)	(23.0, 0.0)	(24.0, 0.0)	(25.0, 0.0)	(26.0, 0.0)	(27.0, 0.0)	(28.0, 0.0)	(29.0, 0.25)	(30.0, 0.0)	(31.0, 0.0)	(32.0, 0.0)	(33.0, 0.25)	(34.0, 0.25)	(35.0, 0.25)	(36.0, 0.25)	(37.0, 0.25)	(38.0, 0.8333333333333333)	(39.0, 1.25)	(40.0, 2.833333333333333)	(41.0, 3.6666666666666665)	(42.0, 3.25)	(43.0, 2.5)	(44.0, 3.75)	(45.0, 10.666666666666666)	(46.0, 30.083333333333325)	(47.0, 159.9166666666667)	(48.0, 861.8333333333343)	(49.0, 757.1666666666672)	(50.0, 330.91666666666646)	(51.0, 561.5833333333327)	(52.0, 1023.750000000006)	(53.0, 1562.4999999999943)	(54.0, 1921.8333333333292)	(55.0, 1830.1666666666656)	(56.0, 1103.6666666666667)	(57.0, 483.49999999999994)	(58.0, 180.83333333333334)	(59.0, 89.91666666666666)	(60.0, 41.666666666666664)	(61.0, 33.5)	(62.0, 30.25)	(63.0, 29.083333333333332)	(64.0, 34.58333333333333)	(65.0, 43.666666666666664)	(66.0, 75.83333333333333)	(67.0, 151.0)	(68.0, 143.08333333333331)	(69.0, 51.5)	(70.0, 14.75)	(71.0, 3.0)	(72.0, 2.25)	(73.0, 2.0)	(74.0, 1.75)	(75.0, 1.75)	(76.0, 1.5)	(77.0, 0.75)	(78.0, 0.75)	(79.0, 2.0)	(80.0, 1.0)	(81.0, 0.25)	(82.0, 0.0)	(83.0, 0.75)	(84.0, 0.25)	(85.0, 0.75)	(86.0, 1.25)	(87.0, 0.0)	(88.0, 0.5)	(89.0, 0.0)	(90.0, 0.25)	(91.0, 0.0)	(92.0, 0.0)	(93.0, 0.5)	(94.0, 0.0)	(95.0, 0.0)	(96.0, 0.0)	(97.0, 0.0)	(98.0, 0.25)	(99.0, 0.25)	(100.0, 0.0)
