Sample	0	1	2	3	4	5	6	7	8	9	10	11	12	13	14	15
504A0_S1_L001_R1_001	(1.0, 4.595334574526339)	(2.0, 1.4105793450881612)	(3.0, 0.906801007556675)	(4.0, 0.7009089913481547)	(5.0, 0.5694885554703756)	(6.0, 0.4074033512211149)	(7.0, 0.4293067572007447)	(8.0, 0.4030226700251889)	(9.0, 0.3154090461066696)	('>10', 7.024422297667288)	('>50', 2.7598291534333588)	('>100', 22.792684262402805)	('>500', 7.639908005694886)	('>1k', 36.8875260102946)	('>5k', 13.157375971963639)	('>10k+', 0.0)
504A0_S1_L001_R2_001	(1.0, 7.5019165480232175)	(2.0, 1.6164713612966817)	(3.0, 1.0119373562588982)	(4.0, 0.6921476289563028)	(5.0, 0.6242470704194503)	(6.0, 0.4074033512211149)	(7.0, 0.32198006790055855)	(8.0, 0.2102726974044464)	(9.0, 0.21684371919833534)	('>10', 1.9515934727850182)	('>50', 1.2660168656226043)	('>100', 8.507282882488227)	('>500', 5.346621399627642)	('>1k', 58.600372357901655)	('>5k', 11.724893220895849)	('>10k+', 0.0)
504A14_S2_L001_R1_001	(1.0, 5.168275502217584)	(2.0, 1.5549178189407775)	(3.0, 1.1270545264805636)	(4.0, 0.7200626141403601)	(5.0, 0.6391860161753196)	(6.0, 0.5948343334202975)	(7.0, 0.49308635533524653)	(8.0, 0.5843986433602921)	(9.0, 0.44612575006522304)	('>10', 6.571875815288286)	('>50', 3.8768588572919387)	('>100', 22.825463083746413)	('>500', 14.294286459692145)	('>1k', 41.10357422384555)	('>5k', 0.0)	('>10k+', 0.0)
504A14_S2_L001_R2_001	(1.0, 7.698930341768849)	(2.0, 1.5444821288807722)	(3.0, 1.001826245760501)	(4.0, 0.5948343334202975)	(5.0, 0.5609183407252805)	(6.0, 0.43829898252021915)	(7.0, 0.20088703365510044)	(8.0, 0.16697104096008347)	(9.0, 0.21132272371510566)	('>10', 2.0845290894860424)	('>50', 1.6540568745108268)	('>100', 10.367858074615183)	('>500', 14.244716931907123)	('>1k', 59.230367858074615)	('>5k', 0.0)	('>10k+', 0.0)
504B0_S3_L001_R1_001	(1.0, 4.423091784950668)	(2.0, 1.5559391019861408)	(3.0, 0.958293619104047)	(4.0, 0.5976454828820938)	(5.0, 0.46369046085679694)	(6.0, 0.4791468095520235)	(7.0, 0.3426157294108555)	(8.0, 0.5152116231742188)	(9.0, 0.3477678456425977)	('>10', 6.87549911125995)	('>50', 2.596666580798063)	('>100', 18.004070171823074)	('>500', 21.92225456606301)	('>1k', 40.91810711249646)	('>5k', 0.0)	('>10k+', 0.0)
504B0_S3_L001_R2_001	(1.0, 7.462840361678559)	(2.0, 1.8135449135732502)	(3.0, 1.0819444086658594)	(4.0, 0.7006878075169376)	(5.0, 0.5409722043329297)	(6.0, 0.27821427651407815)	(7.0, 0.2163888817331719)	(8.0, 0.22669311419665628)	(9.0, 0.1854761843427188)	('>10', 1.6924701821273087)	('>50', 0.3606481362219532)	('>100', 15.160102011901389)	('>500', 5.51018830984827)	('>1k', 64.76982920734692)	('>5k', 0.0)	('>10k+', 0.0)
504B14_S4_L001_R1_001	(1.0, 5.400185966669051)	(2.0, 1.6880051498462199)	(3.0, 0.9763250125169873)	(4.0, 0.6866461626493098)	(5.0, 0.7152564194263643)	(6.0, 0.4935269294041914)	(7.0, 0.4255775695586868)	(8.0, 0.2574923109934912)	(9.0, 0.32186538874186393)	('>10', 7.056004577641084)	('>50', 4.802946856448036)	('>100', 23.049138116014593)	('>500', 16.837136113296616)	('>1k', 37.289893426793505)	('>5k', 0.0)	('>10k+', 0.0)
504B14_S4_L001_R2_001	(1.0, 8.980044345898005)	(2.0, 1.9240397682569201)	(3.0, 0.8690365496030327)	(4.0, 0.47206923682140045)	(5.0, 0.4649166726271368)	(6.0, 0.38623846649023674)	(7.0, 0.2753737214791503)	(8.0, 0.28610256777054577)	(9.0, 0.09655961662255919)	('>10', 1.3589871969100922)	('>50', 0.7689006508833417)	('>100', 16.314998927115372)	('>500', 28.967884986767757)	('>1k', 38.83484729275445)	('>5k', 0.0)	('>10k+', 0.0)
508A0_S9_L001_R1_001	(1.0, 5.709969001536899)	(2.0, 1.8130193545025919)	(3.0, 1.0706191877881683)	(4.0, 0.833572117012686)	(5.0, 0.599129959102868)	(6.0, 0.5939201333715388)	(7.0, 0.5287973117299226)	(8.0, 0.45846466435697725)	(9.0, 0.42199588423767226)	('>10', 9.018208340930995)	('>50', 7.6610487379197165)	('>100', 24.663315012112843)	('>500', 4.316340618406314)	('>1k', 42.3115996769908)	('>5k', 0.0)	('>10k+', 0.0)
508A0_S9_L001_R2_001	(1.0, 7.788689468337284)	(2.0, 1.687983536950689)	(3.0, 0.9065096772512959)	(4.0, 0.6772773450728073)	(5.0, 0.45585975149131264)	(6.0, 0.34384849826773295)	(7.0, 0.45585975149131264)	(8.0, 0.18755372632785433)	(9.0, 0.3516632368647269)	('>10', 2.886243455156425)	('>50', 2.5502096954856857)	('>100', 14.73078225533356)	('>500', 8.981739560811691)	('>1k', 57.995780041157616)	('>5k', 0.0)	('>10k+', 0.0)
508A14_S10_L001_R1_001	(1.0, 4.956229315682716)	(2.0, 1.5426497277676952)	(3.0, 0.9608198996476993)	(4.0, 0.7579801430554073)	(5.0, 0.547133553966051)	(6.0, 0.5764919397886197)	(7.0, 0.3923347923561439)	(8.0, 0.34162485320807084)	(9.0, 0.3603074623678873)	('>10', 8.796839970107825)	('>50', 6.106544251094267)	('>100', 23.953773887050282)	('>500', 4.7400448382619835)	('>1k', 45.967225365645355)	('>5k', 0.0)	('>10k+', 0.0)
508A14_S10_L001_R2_001	(1.0, 7.15810825237536)	(2.0, 1.6227180527383367)	(3.0, 0.8327105796946729)	(4.0, 0.7473043663926551)	(5.0, 0.4670652289954095)	(6.0, 0.3362869648766948)	(7.0, 0.2241913099177965)	(8.0, 0.25621863990605315)	(9.0, 0.14412298494715492)	('>10', 2.6769509981851183)	('>50', 3.4295932529091493)	('>100', 11.057435678445607)	('>500', 5.506031813814455)	('>1k', 65.54126187680154)	('>5k', 0.0)	('>10k+', 0.0)
508B0_S11_L001_R1_001	(1.0, 5.358229388500152)	(2.0, 1.7645269242470336)	(3.0, 0.9697292363857621)	(4.0, 0.5780346820809248)	(5.0, 0.589443261332522)	(6.0, 0.5476118040766657)	(7.0, 0.47916032856708246)	(8.0, 0.39549741405536964)	(9.0, 0.6160632795862488)	('>10', 10.115606936416185)	('>50', 6.6664131426832975)	('>100', 19.36416184971098)	('>500', 5.415272284758138)	('>1k', 47.14024946759964)	('>5k', 0.0)	('>10k+', 0.0)
508B0_S11_L001_R2_001	(1.0, 7.898539701855796)	(2.0, 1.7645269242470336)	(3.0, 1.0153635533921508)	(4.0, 0.7909948281107393)	(5.0, 0.6274718588378461)	(6.0, 0.4335260115606936)	(7.0, 0.21296014602981442)	(8.0, 0.152114390021296)	(9.0, 0.23958016428354123)	('>10', 4.544417401886219)	('>50', 3.6621539397627014)	('>100', 9.735320961362945)	('>500', 11.237450562823243)	('>1k', 57.68557955582598)	('>5k', 0.0)	('>10k+', 0.0)
508B14_S12_L001_R1_001	(1.0, 6.354591545000572)	(2.0, 2.172835741241947)	(3.0, 1.2579575344032325)	(4.0, 0.8386383562688218)	(5.0, 0.952998132123661)	(6.0, 0.5717988792741966)	(7.0, 0.5069950062897877)	(8.0, 0.7623985056989289)	(9.0, 0.5832348568596806)	('>10', 10.563031296458659)	('>50', 5.72942477032745)	('>100', 28.262112606259294)	('>500', 14.550375481264059)	('>1k', 26.893607288529715)	('>5k', 0.0)	('>10k+', 0.0)
508B14_S12_L001_R2_001	(1.0, 9.049670262646286)	(2.0, 1.7992604734494722)	(3.0, 1.0864178706209735)	(4.0, 0.5489269241032287)	(5.0, 0.343079327564518)	(6.0, 0.5260549689322609)	(7.0, 0.18678763389623756)	(8.0, 0.396447222963443)	(9.0, 0.034307932756451796)	('>10', 3.2706895894484047)	('>50', 3.739564670453246)	('>100', 17.439865817862994)	('>500', 21.926581023901193)	('>1k', 39.65234628140129)	('>5k', 0.0)	('>10k+', 0.0)
519A0_S33_L001_R1_001	(1.0, 6.646938310949238)	(2.0, 2.208058274527658)	(3.0, 1.1723195993626223)	(4.0, 1.0926473935806966)	(5.0, 0.89156992184536)	(6.0, 0.6146141588891418)	(7.0, 0.8763942636011837)	(8.0, 0.6980802792321117)	(9.0, 0.6487593899385385)	('>10', 14.587601487214508)	('>50', 5.668108354199863)	('>100', 22.459974201380987)	('>500', 26.24630093330298)	('>1k', 16.18863343197511)	('>5k', 0.0)	('>10k+', 0.0)
519A0_S33_L001_R2_001	(1.0, 7.804082252067683)	(2.0, 1.6769102359814856)	(3.0, 1.1950830867288869)	(4.0, 0.6373776462554063)	(5.0, 0.3604218832991881)	(6.0, 0.4325062599590257)	(7.0, 0.23901661734577737)	(8.0, 0.2124592154184688)	(9.0, 0.2048713862963806)	('>10', 4.234008650125199)	('>50', 2.8074967751726234)	('>100', 12.59200242810532)	('>500', 16.609757948251005)	('>1k', 50.994005614993554)	('>5k', 0.0)	('>10k+', 0.0)
519A14_S34_L001_R1_001	(1.0, 5.650845509271864)	(2.0, 1.7303445563723268)	(3.0, 0.9619747708503493)	(4.0, 0.834921499228605)	(5.0, 0.8167710318540702)	(6.0, 0.5989654233596515)	(7.0, 0.508213086486977)	(8.0, 0.5808149559851167)	(9.0, 0.4628369180506398)	('>10', 10.185437275009832)	('>50', 4.7796230752941895)	('>100', 24.288350425023445)	('>500', 8.439967329158726)	('>1k', 40.16093414405421)	('>5k', 0.0)	('>10k+', 0.0)
519A14_S34_L001_R2_001	(1.0, 7.148259067670992)	(2.0, 1.5004386362948847)	(3.0, 1.0890280424720935)	(4.0, 0.6413165139002329)	(5.0, 0.4083855159270351)	(6.0, 0.2541065432434885)	(7.0, 0.38115981486523276)	(8.0, 0.14520373899627917)	(9.0, 0.3267084127416281)	('>10', 1.66984299845721)	('>50', 1.7363947121638381)	('>100', 10.179387119218319)	('>500', 12.669026227425356)	('>1k', 61.8507426566234)	('>5k', 0.0)	('>10k+', 0.0)
519B0_S35_L001_R1_001	(1.0, 6.9359605911330044)	(2.0, 2.2541871921182266)	(3.0, 1.3241379310344827)	(4.0, 0.961576354679803)	(5.0, 0.8275862068965517)	(6.0, 0.638423645320197)	(7.0, 0.7448275862068966)	(8.0, 0.34679802955665023)	(9.0, 0.780295566502463)	('>10', 11.688669950738916)	('>50', 6.549753694581281)	('>100', 24.11822660098522)	('>500', 26.857142857142858)	('>1k', 15.972413793103449)	('>5k', 0.0)	('>10k+', 0.0)
519B0_S35_L001_R2_001	(1.0, 8.52807881773399)	(2.0, 1.7261083743842367)	(3.0, 1.2650246305418718)	(4.0, 0.6620689655172414)	(5.0, 0.5517241379310345)	(6.0, 0.37832512315270933)	(7.0, 0.27586206896551724)	(8.0, 0.34679802955665023)	(9.0, 0.3192118226600985)	('>10', 2.5891625615763547)	('>50', 3.6216748768472904)	('>100', 12.161576354679802)	('>500', 23.574384236453202)	('>1k', 44.0)	('>5k', 0.0)	('>10k+', 0.0)
519B14_S36_L001_R1_001	(1.0, 6.1718957724009575)	(2.0, 1.8279712842329168)	(3.0, 1.2164318000531773)	(4.0, 0.9173092262696091)	(5.0, 0.7311885136931667)	(6.0, 0.5982451475671364)	(7.0, 0.4420366923690508)	(8.0, 0.5583621377293273)	(9.0, 0.38885934591863863)	('>10', 10.126960914650358)	('>50', 8.225870779048124)	('>100', 21.144642382345122)	('>500', 15.75046530178144)	('>1k', 31.89976070194097)	('>5k', 0.0)	('>10k+', 0.0)
519B14_S36_L001_R2_001	(1.0, 7.650890720553044)	(2.0, 1.6418505716564744)	(3.0, 1.056899760701941)	(4.0, 0.6514224940175485)	(5.0, 0.5816272268013827)	(6.0, 0.5384206328104227)	(7.0, 0.27918106886466365)	(8.0, 0.21270938580164853)	(9.0, 0.08973677213507046)	('>10', 1.8479127891518214)	('>50', 3.346849242222813)	('>100', 9.877692103164053)	('>500', 10.781706992821057)	('>1k', 61.443100239298055)	('>5k', 0.0)	('>10k+', 0.0)
521A0_S25_L001_R1_001	(1.0, 5.081234325591538)	(2.0, 1.7300912296005524)	(3.0, 0.9050267146439864)	(4.0, 0.7705448333515066)	(5.0, 0.5451968160505942)	(6.0, 0.4361574528404754)	(7.0, 0.5851779158943045)	(8.0, 0.5815432704539671)	(9.0, 0.3598298985933922)	('>10', 6.269763384581833)	('>50', 7.436484570930106)	('>100', 22.23676080398357)	('>500', 11.510922109548213)	('>1k', 41.551266673935956)	('>5k', 0.0)	('>10k+', 0.0)
521A0_S25_L001_R2_001	(1.0, 8.079816813869806)	(2.0, 1.722821938719878)	(3.0, 1.035873950496129)	(4.0, 0.5670046886926181)	(5.0, 0.4543306800421619)	(6.0, 0.23988659906226148)	(7.0, 0.20354014465888853)	(8.0, 0.11630865409079344)	(9.0, 0.09813542688910697)	('>10', 1.6610329662341439)	('>50', 2.289826627412496)	('>100', 14.331406971249955)	('>500', 19.43081452404318)	('>1k', 49.76920001453858)	('>5k', 0.0)	('>10k+', 0.0)
521A14_S26_L001_R1_001	(1.0, 5.2101793435882895)	(2.0, 1.6729283334514782)	(3.0, 1.222797192882966)	(4.0, 0.9073509605160559)	(5.0, 0.5316509534273764)	(6.0, 0.6592471822499468)	(7.0, 0.5458283121854398)	(8.0, 0.3969660452257744)	(9.0, 0.41468774367335365)	('>10', 7.021336924930885)	('>50', 5.433472744027788)	('>100', 22.666052314453815)	('>500', 16.201176720776918)	('>1k', 37.11632522860991)	('>5k', 0.0)	('>10k+', 0.0)
521A14_S26_L001_R2_001	(1.0, 7.9074218473098465)	(2.0, 1.8359679591692066)	(3.0, 0.8293754873467073)	(4.0, 0.6379811441128518)	(5.0, 0.37215566739916356)	(6.0, 0.3189905720564259)	(7.0, 0.24810377826610902)	(8.0, 0.11341887006450699)	(9.0, 0.12759622882257035)	('>10', 1.5205217268022966)	('>50', 3.6081378039271286)	('>100', 13.907988941660168)	('>500', 12.305947401999008)	('>1k', 56.266392571064)	('>5k', 0.0)	('>10k+', 0.0)
521B0_S27_L001_R1_001	(1.0, 4.87114603449424)	(2.0, 1.5116201638143436)	(3.0, 1.0987547446227608)	(4.0, 0.7857761203968836)	(5.0, 0.665911966438037)	(6.0, 0.5793434108010921)	(7.0, 0.34960378237996936)	(8.0, 0.5060930944929081)	(9.0, 0.38955850036625156)	('>10', 6.349470599986681)	('>50', 7.751215289338749)	('>100', 18.732103615901977)	('>500', 1.9544516214956384)	('>1k', 54.45495105547047)	('>5k', 0.0)	('>10k+', 0.0)
521B0_S27_L001_R2_001	(1.0, 9.832190184457614)	(2.0, 2.044349736964773)	(3.0, 1.1187321036159021)	(4.0, 0.7458214024106014)	(5.0, 0.5826729706332823)	(6.0, 0.3595924618765399)	(7.0, 0.4661383765066258)	(8.0, 0.29300126523273623)	(9.0, 0.23972830791769328)	('>10', 1.4716654458280616)	('>50', 2.6836252247452888)	('>100', 9.239528534327762)	('>500', 16.850902310714524)	('>1k', 54.072051674768595)	('>5k', 0.0)	('>10k+', 0.0)
521B14_S28_L001_R1_001	(1.0, 4.960423933458546)	(2.0, 1.7708612825328682)	(3.0, 1.0061711832573115)	(4.0, 0.7512744834987926)	(5.0, 0.45277703246579015)	(6.0, 0.44271532063321706)	(7.0, 0.5399785350147571)	(8.0, 0.45613093640998126)	(9.0, 0.24148108398175475)	('>10', 6.281862087469816)	('>50', 7.120338073517575)	('>100', 21.18661121545479)	('>500', 6.966058492084787)	('>1k', 47.82331634022002)	('>5k', 0.0)	('>10k+', 0.0)
521B14_S28_L001_R2_001	(1.0, 8.264019318486719)	(2.0, 1.8379393614166892)	(3.0, 1.0967265897504697)	(4.0, 0.6707807888382077)	(5.0, 0.33539039441910384)	(6.0, 0.34209820230748594)	(7.0, 0.16434129326536087)	(8.0, 0.18781862087469814)	(9.0, 0.12074054199087737)	('>10', 1.676951972095519)	('>50', 1.9419103836866112)	('>100', 13.56654145425275)	('>500', 21.974778642339686)	('>1k', 47.81996243627582)	('>5k', 0.0)	('>10k+', 0.0)
523A0_S17_L001_R1_001	(1.0, 5.286447115949406)	(2.0, 1.542859380506716)	(3.0, 1.01029878215922)	(4.0, 0.7361867094803618)	(5.0, 0.6852801816971453)	(6.0, 0.4934017308219446)	(7.0, 0.5482241453577162)	(8.0, 0.5012335043270548)	(9.0, 0.4934017308219446)	('>10', 7.475427810627716)	('>50', 7.741708109801465)	('>100', 18.27152758742217)	('>500', 11.931706935035438)	('>1k', 43.2822962759917)	('>5k', 0.0)	('>10k+', 0.0)
523A0_S17_L001_R2_001	(1.0, 8.270352821396406)	(2.0, 1.8091396796804635)	(3.0, 1.2217566667971962)	(4.0, 0.7831773505110231)	(5.0, 0.39158867525551155)	(6.0, 0.4229157692759525)	(7.0, 0.1918784508752007)	(8.0, 0.15663547010220463)	(9.0, 0.1409719230919842)	('>10', 3.265849551630967)	('>50', 4.374045502604065)	('>100', 10.47891294983749)	('>500', 20.272545717977835)	('>1k', 48.2202294709637)	('>5k', 0.0)	('>10k+', 0.0)
523A14_S18_L001_R1_001	(1.0, 5.6663837011884555)	(2.0, 1.8505942275042444)	(3.0, 0.9550084889643463)	(4.0, 0.8488964346349746)	(5.0, 0.7427843803056027)	(6.0, 0.7894736842105263)	(7.0, 0.3862478777589134)	(8.0, 0.40747028862478774)	(9.0, 0.6876061120543293)	('>10', 10.161290322580644)	('>50', 3.573853989813243)	('>100', 22.02886247877759)	('>500', 22.572156196943975)	('>1k', 29.32937181663837)	('>5k', 0.0)	('>10k+', 0.0)
523A14_S18_L001_R2_001	(1.0, 8.781833616298812)	(2.0, 2.0797962648556876)	(3.0, 1.133276740237691)	(4.0, 0.6281833616298811)	(5.0, 0.5730050933786078)	(6.0, 0.2801358234295416)	(7.0, 0.17826825127334464)	(8.0, 0.30560271646859083)	(9.0, 0.22920203735144312)	('>10', 4.902376910016978)	('>50', 3.994057724957555)	('>100', 10.509337860780985)	('>500', 25.004244482173178)	('>1k', 41.40067911714771)	('>5k', 0.0)	('>10k+', 0.0)
523B0_S19_L001_R1_001	(1.0, 6.630849060935849)	(2.0, 1.8092482894797264)	(3.0, 1.0194241631078662)	(4.0, 0.9551361528217844)	(5.0, 0.5740000918400147)	(6.0, 0.6888001102080177)	(7.0, 0.6107360977177756)	(8.0, 0.40409606465537035)	(9.0, 0.5372640859622537)	('>10', 9.758001561280249)	('>50', 5.698672911787666)	('>100', 24.438627910180465)	('>500', 28.62194057951049)	('>1k', 18.253202920512468)	('>5k', 0.0)	('>10k+', 0.0)
523B0_S19_L001_R2_001	(1.0, 9.73963355834137)	(2.0, 1.8276162924186066)	(3.0, 0.8954401432704229)	(4.0, 0.5510400881664141)	(5.0, 0.32144005143040827)	(6.0, 0.41328006612481055)	(7.0, 0.19286403085824494)	(8.0, 0.14694402351104377)	(9.0, 0.16531202644992424)	('>10', 6.336961013913762)	('>50', 6.4655370344859255)	('>100', 22.817651650824263)	('>500', 22.785507645681225)	('>1k', 27.34077237452358)	('>5k', 0.0)	('>10k+', 0.0)
523B14_S20_L001_R1_001	(1.0, 6.1098816511113245)	(2.0, 1.9243721735783699)	(3.0, 1.1979216780525355)	(4.0, 0.8852111998460502)	(5.0, 0.8900221302799962)	(6.0, 0.6639083998845376)	(7.0, 0.47147118252670067)	(8.0, 0.7312614259597806)	(9.0, 0.4762821129606466)	('>10', 12.157221206581353)	('>50', 5.53738092947176)	('>100', 19.007986144520352)	('>500', 30.361781968632734)	('>1k', 19.585297796593863)	('>5k', 0.0)	('>10k+', 0.0)
523B14_S20_L001_R2_001	(1.0, 9.809487154815741)	(2.0, 1.8473972866352353)	(3.0, 1.1401905128451844)	(4.0, 0.8082363129029154)	(5.0, 0.5292023477340517)	(6.0, 0.37525257384778216)	(7.0, 0.47147118252670067)	(8.0, 0.2309246608294044)	(9.0, 0.12989512171654)	('>10', 4.724333686134898)	('>50', 2.9394784951409605)	('>100', 14.50976618878091)	('>500', 17.935148657750407)	('>1k', 44.54921581833926)	('>5k', 0.0)	('>10k+', 0.0)
528A0_S53_L001_R1_001	(1.0, 6.594734210964839)	(2.0, 2.207965339110148)	(3.0, 1.1873021163139477)	(4.0, 0.9331778036993834)	(5.0, 0.8956840526578904)	(6.0, 0.5999000166638894)	(7.0, 0.4082652891184802)	(8.0, 1.066488918513581)	(9.0, 0.37493751041493084)	('>10', 10.048325279120146)	('>50', 4.674220963172805)	('>100', 29.49925012497917)	('>500', 20.83402766205632)	('>1k', 20.675720713214467)	('>5k', 0.0)	('>10k+', 0.0)
528A0_S53_L001_R2_001	(1.0, 8.827695384102649)	(2.0, 1.9663389435094152)	(3.0, 0.7998666888851859)	(4.0, 0.5332444592567905)	(5.0, 0.5207465422429596)	(6.0, 0.2999500083319447)	(7.0, 0.14580903182802868)	(8.0, 0.13331111481419763)	(9.0, 0.14997500416597234)	('>10', 3.4619230128311944)	('>50', 1.145642392934511)	('>100', 28.974337610398265)	('>500', 18.98433594400933)	('>1k', 34.05682386268955)	('>5k', 0.0)	('>10k+', 0.0)
528A14_S54_L001_R1_001	(1.0, 6.386274276182532)	(2.0, 2.017554311132293)	(3.0, 1.4178482068390326)	(4.0, 0.7625402120814965)	(5.0, 0.8936018110330037)	(6.0, 0.6910520671988561)	(7.0, 0.5838198498748958)	(8.0, 0.5083601413876643)	(9.0, 0.5004170141784821)	('>10', 9.996425592755868)	('>50', 6.731800309781962)	('>100', 21.06914492235593)	('>500', 12.903610151316574)	('>1k', 35.53755113388141)	('>5k', 0.0)	('>10k+', 0.0)
528A14_S54_L001_R2_001	(1.0, 8.201278843480678)	(2.0, 1.739544858810914)	(3.0, 1.215298463004885)	(4.0, 0.6831089399896739)	(5.0, 0.4170141784820684)	(6.0, 0.3336113427856547)	(7.0, 0.25020850708924103)	(8.0, 0.22240756185710314)	(9.0, 0.1429762897652806)	('>10', 3.161364629254537)	('>50', 2.835696413678065)	('>100', 10.687477659954723)	('>500', 21.982604551411892)	('>1k', 48.12740776043528)	('>5k', 0.0)	('>10k+', 0.0)
528B0_S55_L001_R1_001	(1.0, 6.280889621087314)	(2.0, 1.8204283360790774)	(3.0, 1.112026359143328)	(4.0, 0.8731466227347612)	(5.0, 0.5354200988467875)	(6.0, 0.6919275123558485)	(7.0, 0.6054365733113674)	(8.0, 0.5271828665568369)	(9.0, 0.5189456342668863)	('>10', 10.984349258649093)	('>50', 7.014003294892916)	('>100', 19.349258649093905)	('>500', 16.672158154859968)	('>1k', 33.01482701812191)	('>5k', 0.0)	('>10k+', 0.0)
528B0_S55_L001_R2_001	(1.0, 8.517298187808896)	(2.0, 1.7462932454695224)	(3.0, 1.186161449752883)	(4.0, 0.6260296540362438)	(5.0, 0.4530477759472817)	(6.0, 0.29654036243822074)	(7.0, 0.3747940691927512)	(8.0, 0.42833607907743)	(9.0, 0.25947281713344317)	('>10', 3.867380560131796)	('>50', 6.116144975288304)	('>100', 11.050247116968698)	('>500', 24.658154859967052)	('>1k', 40.420098846787475)	('>5k', 0.0)	('>10k+', 0.0)
528B14_S56_L001_R1_001	(1.0, 6.408166433783574)	(2.0, 1.9950318273560006)	(3.0, 1.304145319049837)	(4.0, 0.9315323707498836)	(5.0, 0.7180562024530353)	(6.0, 0.5589194224499302)	(7.0, 0.4347151063499456)	(8.0, 0.5899705014749262)	(9.0, 0.5239869585468095)	('>10', 9.191119391398852)	('>50', 3.687315634218289)	('>100', 26.311908088806085)	('>500', 23.84722869119702)	('>1k', 23.497904052165815)	('>5k', 0.0)	('>10k+', 0.0)
528B14_S56_L001_R2_001	(1.0, 9.35413755628008)	(2.0, 1.7155721161310356)	(3.0, 0.8849557522123894)	(4.0, 0.7762769756249029)	(5.0, 0.3493246390312063)	(6.0, 0.4424778761061947)	(7.0, 0.2173575531749728)	(8.0, 0.24840863219996895)	(9.0, 0.3143921751280857)	('>10', 2.2589659990684674)	('>50', 2.8605806551777673)	('>100', 21.19236143455985)	('>500', 22.23257258189722)	('>1k', 37.152616053407854)	('>5k', 0.0)	('>10k+', 0.0)
532A0_S45_L001_R1_001	(1.0, 5.0288363067967445)	(2.0, 1.5954293106236188)	(3.0, 1.0510429580121814)	(4.0, 0.6467956664690346)	(5.0, 0.5389963887241955)	(6.0, 0.4527569665283243)	(7.0, 0.5470813345550585)	(8.0, 0.4311971109793564)	(9.0, 0.363822562388832)	('>10', 7.327655904705438)	('>50', 2.905190535223414)	('>100', 26.305718751684363)	('>500', 10.766452864765807)	('>1k', 42.03902333854363)	('>5k', 0.0)	('>10k+', 0.0)
532A0_S45_L001_R2_001	(1.0, 7.826227564275319)	(2.0, 1.8595375410984747)	(3.0, 1.0833827413356332)	(4.0, 0.7222551608904221)	(5.0, 0.4581469304155662)	(6.0, 0.21020859160243627)	(7.0, 0.3207028512908963)	(8.0, 0.34495768878348515)	(9.0, 0.1455290249555328)	('>10', 1.7625181911281194)	('>50', 1.3690508273594568)	('>100', 19.10203201638549)	('>500', 9.639950412332238)	('>1k', 55.15550045814693)	('>5k', 0.0)	('>10k+', 0.0)
532A14_S46_L001_R1_001	(1.0, 5.091375157448125)	(2.0, 1.5026628068857315)	(3.0, 1.2662143946257707)	(4.0, 0.6364218946810156)	(5.0, 0.6850374560802599)	(6.0, 0.5170927894283253)	(7.0, 0.3557775175126511)	(8.0, 0.3712461052305925)	(9.0, 0.536980973637107)	('>10', 7.999469648421099)	('>50', 5.535544604777584)	('>100', 13.40463615671889)	('>500', 21.40410580513999)	('>1k', 40.693434689412854)	('>5k', 0.0)	('>10k+', 0.0)
532A14_S46_L001_R2_001	(1.0, 7.471327867765673)	(2.0, 1.8694893156254833)	(3.0, 1.0142973946478686)	(4.0, 0.7601705964245464)	(5.0, 0.5193025876737454)	(6.0, 0.3845048947031136)	(7.0, 0.309371754358827)	(8.0, 0.33588933330386933)	(9.0, 0.11932910525269043)	('>10', 1.314829956025015)	('>50', 2.3711135173358673)	('>100', 8.733122665900602)	('>500', 12.485360086624091)	('>1k', 62.31189092435861)	('>5k', 0.0)	('>10k+', 0.0)
532B0_S47_L001_R1_001	(1.0, 4.7702292683907)	(2.0, 1.6436594530512185)	(3.0, 1.2056181807221653)	(4.0, 0.7715956356621858)	(5.0, 0.5425281813249744)	(6.0, 0.5063596359033095)	(7.0, 0.4922940904615508)	(8.0, 0.5786967267466393)	(9.0, 0.34360118150581714)	('>10', 8.053529447224065)	('>50', 4.434665541423032)	('>100', 19.619426527618703)	('>500', 10.854582353768562)	('>1k', 35.43512769505897)	('>5k', 10.748086081138103)	('>10k+', 0.0)
532B0_S47_L001_R2_001	(1.0, 7.304036811541785)	(2.0, 1.5793598167460363)	(3.0, 0.868045090119959)	(4.0, 0.6188839994373782)	(5.0, 0.4420599995981273)	(6.0, 0.3737416360238712)	(7.0, 0.3516386360439649)	(8.0, 0.2571985452207286)	(9.0, 0.1627584543974923)	('>10', 2.3469367251391486)	('>50', 1.8727269073884298)	('>100', 13.874655896477586)	('>500', 8.531757992243856)	('>1k', 61.41619948962164)	('>5k', 0.0)	('>10k+', 0.0)
532B14_S48_L001_R1_001	(1.0, 4.342061121139991)	(2.0, 1.5591801524034699)	(3.0, 0.8674537118392256)	(4.0, 0.7476396632426474)	(5.0, 0.48724379762608433)	(6.0, 0.4409156988354075)	(7.0, 0.4249404923558637)	(8.0, 0.34506445995814494)	(9.0, 0.3594421457897343)	('>10', 6.746329696311324)	('>50', 4.533763598894516)	('>100', 16.916146141188875)	('>500', 8.577088358867039)	('>1k', 32.680479895202645)	('>5k', 20.97225106634503)	('>10k+', 0.0)
532B14_S48_L001_R2_001	(1.0, 7.310254485039219)	(2.0, 1.6646165151684587)	(3.0, 1.0735338754253398)	(4.0, 0.7348594980590124)	(5.0, 0.5591322267840312)	(6.0, 0.4696710704985862)	(7.0, 0.35784462514177995)	(8.0, 0.30672396440724)	(9.0, 0.17253222997907247)	('>10', 1.6294710609134622)	('>50', 1.3099669313225875)	('>100', 8.997236289279039)	('>500', 4.525775995654744)	('>1k', 61.570043292809565)	('>5k', 9.318337939517868)	('>10k+', 0.0)
550A0_S65_L001_R1_001	(1.0, 6.460013440860216)	(2.0, 2.1505376344086025)	(3.0, 1.1214717741935485)	(4.0, 1.0416666666666665)	(5.0, 0.8820564516129034)	(6.0, 0.7056451612903225)	(7.0, 0.47043010752688175)	(8.0, 0.4032258064516129)	(9.0, 0.41582661290322576)	('>10', 10.987903225806452)	('>50', 6.195396505376344)	('>100', 20.988743279569892)	('>500', 29.56149193548387)	('>1k', 18.615591397849464)	('>5k', 0.0)	('>10k+', 0.0)
550A0_S65_L001_R2_001	(1.0, 8.513944892473118)	(2.0, 1.8565188172043012)	(3.0, 0.9576612903225806)	(4.0, 0.6888440860215054)	(5.0, 0.35702284946236557)	(6.0, 0.22681451612903228)	(7.0, 0.23521505376344087)	(8.0, 0.03360215053763441)	(9.0, 0.15120967741935484)	('>10', 3.5030241935483866)	('>50', 1.9573252688172043)	('>100', 17.737735215053764)	('>500', 36.21051747311828)	('>1k', 27.570564516129032)	('>5k', 0.0)	('>10k+', 0.0)
550A14_S66_L001_R1_001	(1.0, 6.547132821434406)	(2.0, 2.009475575886293)	(3.0, 1.2988073844143113)	(4.0, 1.0455807874530305)	(5.0, 0.6330664924032021)	(6.0, 0.7106681914719817)	(7.0, 0.8577029897075641)	(8.0, 0.6861623917660513)	(9.0, 0.4043456951478517)	('>10', 10.8805750694331)	('>50', 6.269400424767195)	('>100', 26.952295376572454)	('>500', 24.277078908675055)	('>1k', 17.427707890867506)	('>5k', 0.0)	('>10k+', 0.0)
550A14_S66_L001_R2_001	(1.0, 9.005881391929424)	(2.0, 1.8951151772586179)	(3.0, 1.016990687796112)	(4.0, 0.5718019931383761)	(5.0, 0.42885149485378204)	(6.0, 0.26956379676523445)	(7.0, 0.1143603986276752)	(8.0, 0.09802319882372161)	(9.0, 0.1470347982355824)	('>10', 3.835157653978108)	('>50', 1.6500571801993138)	('>100', 19.906877961117463)	('>500', 32.72341120731907)	('>1k', 28.336873059957522)	('>5k', 0.0)	('>10k+', 0.0)
550B0_S67_L001_R1_001	(1.0, 6.332732826819143)	(2.0, 2.0286676588078643)	(3.0, 1.127907887522519)	(4.0, 0.7989347536617843)	(5.0, 0.7245241638599514)	(6.0, 0.9164251586120467)	(7.0, 0.7127751233649252)	(8.0, 0.501292394454453)	(9.0, 0.4582125793060233)	('>10', 10.926607660374403)	('>50', 9.46972663899115)	('>100', 19.135270619566068)	('>500', 10.319573901464715)	('>1k', 36.54734863319496)	('>5k', 0.0)	('>10k+', 0.0)
550B0_S67_L001_R2_001	(1.0, 8.651210151170988)	(2.0, 1.981671496827759)	(3.0, 0.9164251586120467)	(4.0, 0.5482885564345579)	(5.0, 0.5091250881178037)	(6.0, 0.2114827289104723)	(7.0, 0.16448656693036737)	(8.0, 0.2506461972272265)	(9.0, 0.14098848594031488)	('>10', 3.4933813738544686)	('>50', 1.8915955196992247)	('>100', 13.170674394924415)	('>500', 23.075115532231536)	('>1k', 44.99490874911882)	('>5k', 0.0)	('>10k+', 0.0)
550B14_S68_L001_R1_001	(1.0, 6.866246639110719)	(2.0, 2.078735101729604)	(3.0, 1.6011878486295599)	(4.0, 1.1396926040370803)	(5.0, 0.9029254785505036)	(6.0, 0.7704964083630964)	(7.0, 0.7022753722059473)	(8.0, 0.5778723062723223)	(9.0, 0.6139893254143425)	('>10', 10.000401300212689)	('>50', 7.733055098519202)	('>100', 29.32701954332036)	('>500', 20.699064970504434)	('>1k', 16.98703800313014)	('>5k', 0.0)	('>10k+', 0.0)
550B14_S68_L001_R2_001	(1.0, 9.025241783378144)	(2.0, 1.8459809783699186)	(3.0, 0.85476945302781)	(4.0, 0.6902363658252739)	(5.0, 0.5417552871303022)	(6.0, 0.28893615313616117)	(7.0, 0.11236405955295156)	(8.0, 0.3210401701512902)	(9.0, 0.252819133994141)	('>10', 2.8211404952044625)	('>50', 3.9126770737188488)	('>100', 17.223805128616718)	('>500', 27.749909707452147)	('>1k', 34.359324210441834)	('>5k', 0.0)	('>10k+', 0.0)
551A0_S73_L001_R1_001	(1.0, 5.952746241178276)	(2.0, 1.8956053322423374)	(3.0, 1.22737035900583)	(4.0, 0.968258838771266)	(5.0, 0.9887150114213631)	(6.0, 0.6545975248031094)	(7.0, 0.8830247860625277)	(8.0, 0.6818724216699056)	(9.0, 0.5523166615526235)	('>10', 7.333537895059834)	('>50', 8.826838498516928)	('>100', 25.280420033411747)	('>500', 14.718216221744912)	('>1k', 30.036480174559337)	('>5k', 0.0)	('>10k+', 0.0)
551A0_S73_L001_R2_001	(1.0, 8.209743956905664)	(2.0, 1.7660495721250553)	(3.0, 0.9921243735297127)	(4.0, 0.5727728342027206)	(5.0, 0.46026388462718626)	(6.0, 0.34775493505165184)	(7.0, 0.33411748661825375)	(8.0, 0.21819917493436977)	(9.0, 0.09205277692543726)	('>10', 2.2638164399440863)	('>50', 2.7752207561965156)	('>100', 20.452763287988816)	('>500', 15.444410350823363)	('>1k', 46.07071017012717)	('>5k', 0.0)	('>10k+', 0.0)
551A14_S74_L001_R1_001	(1.0, 5.7984353428439945)	(2.0, 1.89994083229242)	(3.0, 1.2030767207941622)	(4.0, 0.802051147196108)	(5.0, 0.6902899217671422)	(6.0, 0.5719545066070607)	(7.0, 0.5522319374137138)	(8.0, 0.5522319374137138)	(9.0, 0.2958385379002038)	('>10', 8.434685425021366)	('>50', 8.753533626980476)	('>100', 19.324830714614425)	('>500', 15.465781342449544)	('>1k', 35.65511800670567)	('>5k', 0.0)	('>10k+', 0.0)
551A14_S74_L001_R2_001	(1.0, 8.990204457300639)	(2.0, 1.6238248635855632)	(3.0, 1.0354348826507134)	(4.0, 0.6574189731115639)	(5.0, 0.4108868581947275)	(6.0, 0.2958385379002038)	(7.0, 0.32213529682466635)	(8.0, 0.18407731247123793)	(9.0, 0.20708697653014269)	('>10', 2.5869436591940045)	('>50', 4.28308460982184)	('>100', 18.634540792847282)	('>500', 15.534810334626256)	('>1k', 45.23371244494116)	('>5k', 0.0)	('>10k+', 0.0)
551B0_S75_L001_R1_001	(1.0, 4.666867982540424)	(2.0, 1.7185055041590027)	(3.0, 0.9718066269525353)	(4.0, 0.6259093529524803)	(5.0, 0.49413896285722125)	(6.0, 0.5435528591429434)	(7.0, 0.2690312131111538)	(8.0, 0.2855025118730612)	(9.0, 0.32119032585719387)	('>10', 7.346199247810691)	('>50', 5.721031103302495)	('>100', 17.168583742828122)	('>500', 5.473961621873884)	('>1k', 38.58676256622835)	('>5k', 15.806956378510446)	('>10k+', 0.0)
551B0_S75_L001_R2_001	(1.0, 7.241881022318609)	(2.0, 1.6196777115875587)	(3.0, 1.0953413676668406)	(4.0, 0.6808136821588383)	(5.0, 0.4255085513492739)	(6.0, 0.3458972740000549)	(7.0, 0.211381667444478)	(8.0, 0.17569385346034536)	(9.0, 0.19765558514288853)	('>10', 2.671095615889313)	('>50', 2.459713948444835)	('>100', 7.667389573667884)	('>500', 12.037774178493974)	('>1k', 63.170175968375105)	('>5k', 0.0)	('>10k+', 0.0)
551B14_S76_L001_R1_001	(1.0, 3.8676096445160235)	(2.0, 1.3817893238101908)	(3.0, 0.840277291506197)	(4.0, 0.5975305184044067)	(5.0, 0.4668207175034428)	(6.0, 0.2660878089769624)	(7.0, 0.37579067759027146)	(8.0, 0.3361109166024788)	(9.0, 0.3991317134654436)	('>10', 6.535490045048199)	('>50', 3.295754265574306)	('>100', 11.542142240272623)	('>500', 11.255047499008006)	('>1k', 44.00718903904956)	('>5k', 14.833228298671894)	('>10k+', 0.0)
551B14_S76_L001_R2_001	(1.0, 7.077002077352193)	(2.0, 1.7272366547627385)	(3.0, 1.0083327498074364)	(4.0, 0.7562495623555774)	(5.0, 0.5368438251289592)	(6.0, 0.36412015965268535)	(7.0, 0.24508087668930748)	(8.0, 0.1680554583012394)	(9.0, 0.18906239058889435)	('>10', 2.1870550615036297)	('>50', 1.4097985668603974)	('>100', 5.254067175501249)	('>500', 7.912611161683356)	('>1k', 71.16448427981233)	('>5k', 0.0)	('>10k+', 0.0)
554A0_S69_L001_R1_001	(1.0, 7.548641703377386)	(2.0, 2.340308370044053)	(3.0, 1.2940528634361232)	(4.0, 1.1013215859030838)	(5.0, 1.032488986784141)	(6.0, 0.6607929515418502)	(7.0, 0.8351688693098386)	(8.0, 0.7709251101321586)	(9.0, 0.7020925110132159)	('>10', 10.357011747430251)	('>50', 7.915748898678414)	('>100', 36.715308370044056)	('>500', 14.88619676945668)	('>1k', 13.83994126284875)	('>5k', 0.0)	('>10k+', 0.0)
554A0_S69_L001_R2_001	(1.0, 9.742107195301028)	(2.0, 1.9364904552129223)	(3.0, 0.908590308370044)	(4.0, 0.6424375917767988)	(5.0, 0.39005139500734215)	(6.0, 0.3854625550660793)	(7.0, 0.25697503671071953)	(8.0, 0.14684287812041116)	(9.0, 0.08259911894273128)	('>10', 6.516152716593246)	('>50', 6.566629955947137)	('>100', 23.260829662261383)	('>500', 28.037812041116005)	('>1k', 21.127019089574155)	('>5k', 0.0)	('>10k+', 0.0)
554A14_S70_L001_R1_001	(1.0, 6.9989658738366085)	(2.0, 2.0103412616339194)	(3.0, 1.4270941054808686)	(4.0, 0.9431230610134437)	(5.0, 1.0754912099276113)	(6.0, 0.7942088934850051)	(7.0, 0.7238883143743536)	(8.0, 0.5956566701137539)	(9.0, 0.7445708376421923)	('>10', 7.98345398138573)	('>50', 7.143743536711479)	('>100', 38.03516028955533)	('>500', 15.731127197518097)	('>1k', 15.793174767321613)	('>5k', 0.0)	('>10k+', 0.0)
554A14_S70_L001_R2_001	(1.0, 9.170630816959669)	(2.0, 1.9607032057911065)	(3.0, 1.0299896587383661)	(4.0, 0.3640124095139607)	(5.0, 0.3516028955532575)	(6.0, 0.29782833505687695)	(7.0, 0.3185108583247156)	(8.0, 0.13236814891416754)	(9.0, 0.03722854188210962)	('>10', 3.321613236814892)	('>50', 2.72182006204757)	('>100', 33.88210961737332)	('>500', 36.430196483971045)	('>1k', 9.981385729058944)	('>5k', 0.0)	('>10k+', 0.0)
554B0_S71_L001_R1_001	(1.0, 6.76833879505924)	(2.0, 2.1510797411982185)	(3.0, 1.4998739601714142)	(4.0, 1.2435929753802202)	(5.0, 0.9032854381984707)	(6.0, 0.7814469372321654)	(7.0, 0.5293672800604992)	(8.0, 0.4705486933871103)	(9.0, 0.5293672800604992)	('>10', 9.032854381984707)	('>50', 9.200907486765818)	('>100', 31.215864213091336)	('>500', 22.16620452062852)	('>1k', 13.507268296781783)	('>5k', 0.0)	('>10k+', 0.0)
554B0_S71_L001_R2_001	(1.0, 9.175699521048651)	(2.0, 1.848584152592219)	(3.0, 0.9957146458280817)	(4.0, 0.8570708343836652)	(5.0, 0.5041593143433325)	(6.0, 0.20166372573733302)	(7.0, 0.3235022267036384)	(8.0, 0.23527434669355515)	(9.0, 0.11343584572724981)	('>10', 3.6047390975548272)	('>50', 4.7012856062515755)	('>100', 23.63246785984371)	('>500', 24.359297538022016)	('>1k', 29.447105285270148)	('>5k', 0.0)	('>10k+', 0.0)
554B14_S72_L001_R1_001	(1.0, 6.80707331611365)	(2.0, 2.2253129346314324)	(3.0, 1.2040532485595072)	(4.0, 0.9854957281939201)	(5.0, 0.735148023047884)	(6.0, 0.73912179614544)	(7.0, 0.8344923504867872)	(8.0, 0.9219153586330221)	(9.0, 0.5722233260480827)	('>10', 9.84700973574409)	('>50', 6.894496324259884)	('>100', 28.162129942380286)	('>500', 26.032187562090204)	('>1k', 14.039340353665805)	('>5k', 0.0)	('>10k+', 0.0)
554B14_S72_L001_R2_001	(1.0, 9.580766938207828)	(2.0, 1.994834094973177)	(3.0, 1.0252334591694814)	(4.0, 0.5563282336578581)	(5.0, 0.337770713292271)	(6.0, 0.28611166302404134)	(7.0, 0.305980528511822)	(8.0, 0.25432147824359225)	(9.0, 0.3218756209020465)	('>10', 3.4134710908007153)	('>50', 4.367176634214187)	('>100', 23.1432545201669)	('>500', 24.64931452414067)	('>1k', 29.763560500695412)	('>5k', 0.0)	('>10k+', 0.0)
574A0_S97_L001_R1_001	(1.0, 3.2082600482053287)	(2.0, 1.2409615008794217)	(3.0, 0.708422904045339)	(4.0, 0.47553905283043446)	(5.0, 0.5048531040323107)	(6.0, 0.30291186241938634)	(7.0, 0.28499772001823986)	(8.0, 0.20845547521334112)	(9.0, 0.2051983584131327)	('>10', 4.804247280307472)	('>50', 4.01765357305713)	('>100', 9.048270470979089)	('>500', 6.919744642042863)	('>1k', 35.406488176666016)	('>5k', 32.6639958308905)	('>10k+', 0.0)
574A0_S97_L001_R2_001	(1.0, 5.296071917138949)	(2.0, 1.0162204416650382)	(3.0, 0.7572796560484659)	(4.0, 0.5537098560354374)	(5.0, 0.5374242720343951)	(6.0, 0.5569669728356459)	(7.0, 0.3761969904240766)	(8.0, 0.364797081623347)	(9.0, 0.36642564002345124)	('>10', 3.3922871474171066)	('>50', 2.7082926193733305)	('>100', 7.1461142596573515)	('>500', 0.0)	('>1k', 20.537749983714416)	('>5k', 56.390463162008984)	('>10k+', 0.0)
574A14_S98_L001_R1_001	(1.0, 4.711142546795665)	(2.0, 1.5914315305529594)	(3.0, 0.9093894460302624)	(4.0, 0.697198575289868)	(5.0, 0.40417308712456107)	(6.0, 0.5001641953166444)	(7.0, 0.37133402379569047)	(8.0, 0.34354712405587695)	(9.0, 0.2955515699598353)	('>10', 7.247328668502286)	('>50', 4.665673074494152)	('>100', 14.100588577058126)	('>500', 13.352868365877688)	('>1k', 50.80960921514639)	('>5k', 0.0)	('>10k+', 0.0)
574A14_S98_L001_R2_001	(1.0, 6.74969055498017)	(2.0, 1.500492585949933)	(3.0, 0.916967691413848)	(4.0, 0.5860509763306136)	(5.0, 0.5304771768509864)	(6.0, 0.48500770454947334)	(7.0, 0.3006037335488923)	(8.0, 0.40417308712456107)	(9.0, 0.363755778412105)	('>10', 3.9760527445878697)	('>50', 3.3950539318463133)	('>100', 10.763634526485967)	('>500', 8.16934852350519)	('>1k', 61.858690984414075)	('>5k', 0.0)	('>10k+', 0.0)
574B0_S99_L001_R1_001	(1.0, 4.620966202024059)	(2.0, 1.4512125262554898)	(3.0, 0.99020704329087)	(4.0, 0.6328595979159279)	(5.0, 0.5592078343653673)	(6.0, 0.409176464169781)	(7.0, 0.4009929348863853)	(8.0, 0.28369568182438143)	(9.0, 0.2209552906516817)	('>10', 8.66635751111596)	('>50', 6.394064213426444)	('>100', 9.558362203006084)	('>500', 17.466379333860715)	('>1k', 48.34556316320685)	('>5k', 0.0)	('>10k+', 0.0)
574B0_S99_L001_R2_001	(1.0, 7.245151258899588)	(2.0, 1.3966556643661856)	(3.0, 1.0393082189912437)	(4.0, 0.6110368531602063)	(5.0, 0.5182901879483892)	(6.0, 0.3764423470361985)	(7.0, 0.15275921329005157)	(8.0, 0.3273411713358248)	(9.0, 0.171854114951308)	('>10', 6.012166180201315)	('>50', 5.425679914891295)	('>100', 7.916200660138029)	('>500', 11.020486101639433)	('>1k', 57.786628113150925)	('>5k', 0.0)	('>10k+', 0.0)
574B14_S100_L001_R1_001	(1.0, 4.1613600687142736)	(2.0, 1.4690637680300922)	(3.0, 0.8707757012113851)	(4.0, 0.5568225572372123)	(5.0, 0.4294642063797648)	(6.0, 0.4975861149779344)	(7.0, 0.4768533601871872)	(8.0, 0.284334922844534)	(9.0, 0.426502384266801)	('>10', 6.219826437224181)	('>50', 3.7022776412048692)	('>100', 11.468175221396203)	('>500', 12.380416432189083)	('>1k', 57.05654118413648)	('>5k', 0.0)	('>10k+', 0.0)
574B14_S100_L001_R2_001	(1.0, 6.427153985131653)	(2.0, 1.5105292776115866)	(3.0, 0.9152030329058437)	(4.0, 0.7937683262743239)	(5.0, 0.6071735331575986)	(6.0, 0.426502384266801)	(7.0, 0.37318958623345083)	(8.0, 0.3080294997482451)	(9.0, 0.3465331872167758)	('>10', 4.47827503480141)	('>50', 2.4138850220655748)	('>100', 8.692947901549033)	('>500', 0.0)	('>1k', 72.7068092290377)	('>5k', 0.0)	('>10k+', 0.0)
576A0_S93_L001_R1_001	(1.0, 5.704861111111112)	(2.0, 1.6944444444444446)	(3.0, 1.2604166666666665)	(4.0, 0.9722222222222222)	(5.0, 0.607638888888889)	(6.0, 0.5)	(7.0, 0.43750000000000006)	(8.0, 0.3611111111111111)	(9.0, 0.28125)	('>10', 10.277777777777777)	('>50', 5.78125)	('>100', 19.413194444444446)	('>500', 7.336805555555556)	('>1k', 45.37152777777778)	('>5k', 0.0)	('>10k+', 0.0)
576A0_S93_L001_R2_001	(1.0, 7.739583333333333)	(2.0, 1.8194444444444444)	(3.0, 1.1354166666666667)	(4.0, 0.8611111111111112)	(5.0, 0.4861111111111111)	(6.0, 0.3125)	(7.0, 0.3159722222222222)	(8.0, 0.3611111111111111)	(9.0, 0.21875000000000003)	('>10', 2.520833333333333)	('>50', 1.5833333333333335)	('>100', 4.420138888888888)	('>500', 19.95138888888889)	('>1k', 58.27430555555555)	('>5k', 0.0)	('>10k+', 0.0)
576A14_S94_L001_R1_001	(1.0, 6.133789271211797)	(2.0, 2.0883583183219856)	(3.0, 1.3647604799560347)	(4.0, 0.9770097395658413)	(5.0, 0.8243519677586787)	(6.0, 0.5312490458889262)	(7.0, 0.4701859371660611)	(8.0, 0.5373553567612127)	(9.0, 0.6045247763563643)	('>10', 7.654260678411137)	('>50', 5.684975422098739)	('>100', 32.30238451439563)	('>500', 7.382529844594387)	('>1k', 33.44426464751321)	('>5k', 0.0)	('>10k+', 0.0)
576A14_S94_L001_R2_001	(1.0, 7.17796843037279)	(2.0, 1.6303850029004978)	(3.0, 0.8793087656092572)	(4.0, 0.6350563307177968)	(5.0, 0.36637865233719047)	(6.0, 0.4396543828046286)	(7.0, 0.36332549690104726)	(8.0, 0.3908038958263365)	(9.0, 0.30226238817818213)	('>10', 3.3218331145238604)	('>50', 2.027295209599121)	('>100', 11.562299636674503)	('>500', 11.098220010380729)	('>1k', 59.80520868317406)	('>5k', 0.0)	('>10k+', 0.0)
576B0_S95_L001_R1_001	(1.0, 5.512804651738215)	(2.0, 1.860695286403563)	(3.0, 1.1134479772361747)	(4.0, 0.8907583817889397)	(5.0, 0.705183718916244)	(6.0, 0.6532228133118891)	(7.0, 0.5196090560435482)	(8.0, 0.45527650624768035)	(9.0, 0.3117654336261289)	('>10', 8.145490535692193)	('>50', 7.682791042929606)	('>100', 24.025733019918345)	('>500', 7.5739205740442905)	('>1k', 40.54930100210318)	('>5k', 0.0)	('>10k+', 0.0)
576B0_S95_L001_R2_001	(1.0, 7.1285413831498206)	(2.0, 1.6231597179265125)	(3.0, 0.9798342199678338)	(4.0, 0.7027093900779413)	(5.0, 0.4948657676605221)	(6.0, 0.29691946059631324)	(7.0, 0.3117654336261289)	(8.0, 0.29691946059631324)	(9.0, 0.2672275145366819)	('>10', 3.246319435853025)	('>50', 2.8034145737968577)	('>100', 4.228627984659161)	('>500', 5.342075961895336)	('>1k', 72.27761969565756)	('>5k', 0.0)	('>10k+', 0.0)
576B14_S96_L001_R1_001	(1.0, 4.7296158240770225)	(2.0, 1.6183715136643753)	(3.0, 1.0395789237080189)	(4.0, 0.7867083746979602)	(5.0, 0.5244722497986402)	(6.0, 0.44954764268454867)	(7.0, 0.4195777998389121)	(8.0, 0.3596381141476389)	(9.0, 0.3371607320134115)	('>10', 7.222732125798416)	('>50', 4.482364620600521)	('>100', 20.74287747953622)	('>500', 8.213610054882274)	('>1k', 35.94695337816322)	('>5k', 13.126791166388822)	('>10k+', 0.0)
576B14_S96_L001_R2_001	(1.0, 7.3538501882480745)	(2.0, 1.6333564350871934)	(3.0, 1.1013917245771443)	(4.0, 0.7192762282952778)	(5.0, 0.5525689774664244)	(6.0, 0.3596381141476389)	(7.0, 0.3540187686140821)	(8.0, 0.2697285856107292)	(9.0, 0.2697285856107292)	('>10', 2.9763800176072825)	('>50', 1.041452038885871)	('>100', 4.343754097439452)	('>500', 6.91554123663064)	('>1k', 62.44216756888381)	('>5k', 9.66714743289565)	('>10k+', 0.0)
578A0_S101_L001_R1_001	(1.0, 4.718045797080346)	(2.0, 1.4343441697914012)	(3.0, 0.862790782336452)	(4.0, 0.7717790964359824)	(5.0, 0.3640467436018785)	(6.0, 0.524227310786705)	(7.0, 0.3822490807819724)	(8.0, 0.4077323528341039)	(9.0, 0.3604062761658597)	('>10', 9.774655065710437)	('>50', 4.830900287596927)	('>100', 7.262732534857476)	('>500', 13.233099129928283)	('>1k', 55.072991372092176)	('>5k', 0.0)	('>10k+', 0.0)
578A0_S101_L001_R2_001	(1.0, 6.6729768102224325)	(2.0, 1.3542538861989881)	(3.0, 1.0921402308056356)	(4.0, 0.8445884451563581)	(5.0, 0.5824747897630055)	(6.0, 0.28395646000946523)	(7.0, 0.4332156248862354)	(8.0, 0.29123739488150274)	(9.0, 0.19658524154501436)	('>10', 4.04455932141687)	('>50', 3.396556117805526)	('>100', 9.341439440824201)	('>500', 0.0)	('>1k', 71.46601623648476)	('>5k', 0.0)	('>10k+', 0.0)
578A14_S102_L001_R1_001	(1.0, 4.631105957385128)	(2.0, 1.3552688795477605)	(3.0, 0.804464415132628)	(4.0, 0.826206696622699)	(5.0, 0.5616756051601681)	(6.0, 0.4783301927815626)	(7.0, 0.40585592114799246)	(8.0, 0.4348456298014205)	(9.0, 0.423974489056385)	('>10', 8.193216408175099)	('>50', 5.007972169879692)	('>100', 15.132627917089433)	('>500', 2.0691404551384256)	('>1k', 59.67531526308161)	('>5k', 0.0)	('>10k+', 0.0)
578A14_S102_L001_R2_001	(1.0, 7.182200318886796)	(2.0, 1.3335265980576894)	(3.0, 1.0218872300333381)	(4.0, 0.7392375706624149)	(5.0, 0.5979127409769531)	(6.0, 0.5652993187418467)	(7.0, 0.48195390636324104)	(8.0, 0.11595883461371213)	(9.0, 0.1630671111755327)	('>10', 4.02232207566314)	('>50', 3.1345122481519065)	('>100', 12.73735323959994)	('>500', 3.605595013770112)	('>1k', 64.29917379330338)	('>5k', 0.0)	('>10k+', 0.0)
578B0_S103_L001_R1_001	(1.0, 4.982180784045502)	(2.0, 1.6487274559919365)	(3.0, 0.9827567587026171)	(4.0, 0.7055689549659815)	(5.0, 0.5759746571150869)	(6.0, 0.6479714892544728)	(7.0, 0.5291767162244861)	(8.0, 0.4319809928363152)	(9.0, 0.809964361568091)	('>10', 5.730947838295115)	('>50', 4.132618164800748)	('>100', 29.086720184311893)	('>500', 9.050001799920803)	('>1k', 40.68540984196695)	('>5k', 0.0)	('>10k+', 0.0)
578B0_S103_L001_R2_001	(1.0, 6.9944922423413365)	(2.0, 1.619928723136182)	(3.0, 0.8639619856726304)	(4.0, 0.7199683213938587)	(5.0, 0.4859786169408546)	(6.0, 0.5615752906872097)	(7.0, 0.3779833687317758)	(8.0, 0.1727923971345261)	(9.0, 0.19439144677634185)	('>10', 2.577486590590014)	('>50', 2.24270132114187)	('>100', 23.773353972425213)	('>500', 3.520645091615969)	('>1k', 55.89474063141222)	('>5k', 0.0)	('>10k+', 0.0)
578B14_S104_L001_R1_001	(1.0, 4.6142784638809)	(2.0, 1.5225850109964472)	(3.0, 0.9135510065978684)	(4.0, 0.6597868380984605)	(5.0, 0.48638132295719844)	(6.0, 0.32989341904923025)	(7.0, 0.5032989341904923)	(8.0, 0.4398578920656403)	(9.0, 0.30451700219928945)	('>10', 7.388766706141093)	('>50', 6.107257655219083)	('>100', 9.943326002368465)	('>500', 2.5418710878024022)	('>1k', 64.24462865843343)	('>5k', 0.0)	('>10k+', 0.0)
578B14_S104_L001_R2_001	(1.0, 6.9742852309253935)	(2.0, 1.7086787345626797)	(3.0, 1.3322618846218914)	(4.0, 0.6767044493317543)	(5.0, 0.6132634072069024)	(6.0, 0.3806462527491118)	(7.0, 0.41448147521569956)	(8.0, 0.27068177973270174)	(9.0, 0.1903231263745559)	('>10', 3.4469632887836235)	('>50', 3.865674166807647)	('>100', 1.5056673997631533)	('>500', 0.0)	('>1k', 78.62036880392489)	('>5k', 0.0)	('>10k+', 0.0)
583A0_S129_L001_R1_001	(1.0, 5.971717943818078)	(2.0, 1.8090324224472896)	(3.0, 1.1752340913433976)	(4.0, 0.7134212370214663)	(5.0, 0.5414357602395057)	(6.0, 0.5732849226065355)	(7.0, 0.6019491687368622)	(8.0, 0.5350659277660997)	(9.0, 0.40129944582457483)	('>10', 9.188483342888082)	('>50', 5.478055927129116)	('>100', 34.59137524683101)	('>500', 16.30677113191923)	('>1k', 22.112873431428753)	('>5k', 0.0)	('>10k+', 0.0)
583A0_S129_L001_R2_001	(1.0, 8.452767692209695)	(2.0, 1.7007452703993884)	(3.0, 0.9554748710108925)	(4.0, 0.764379896808714)	(5.0, 0.636983247340595)	(6.0, 0.4395184406650105)	(7.0, 0.33441620485381235)	(8.0, 0.4076692782979808)	(9.0, 0.34397095356392127)	('>10', 4.041658704376075)	('>50', 3.3250525511179054)	('>100', 25.785081852347286)	('>500', 21.63832091216001)	('>1k', 31.173960124848715)	('>5k', 0.0)	('>10k+', 0.0)
583A14_S130_L001_R1_001	(1.0, 5.960646066405267)	(2.0, 1.6835137954602686)	(3.0, 1.100759020108637)	(4.0, 0.7913953739343141)	(5.0, 0.6115327889492428)	(6.0, 0.6043382855498399)	(7.0, 0.42807295226446995)	(8.0, 0.4316702039641714)	(9.0, 0.3561279182704414)	('>10', 10.442821684233246)	('>50', 5.579337386236915)	('>100', 29.774452318428718)	('>500', 10.471599697830857)	('>1k', 31.763732508363614)	('>5k', 0.0)	('>10k+', 0.0)
583A14_S130_L001_R2_001	(1.0, 8.798877657469694)	(2.0, 1.5252347206734054)	(3.0, 1.0144249793158029)	(4.0, 0.7050613331414799)	(5.0, 0.3597251699701428)	(6.0, 0.30216914277491996)	(7.0, 0.30216914277491996)	(8.0, 0.14389006798805712)	(9.0, 0.16187632648656428)	('>10', 5.762797222921688)	('>50', 5.072124896579014)	('>100', 18.622972049354296)	('>500', 24.374977517176877)	('>1k', 32.853699773373144)	('>5k', 0.0)	('>10k+', 0.0)
583B0_S131_L001_R1_001	(1.0, 4.25501058676799)	(2.0, 1.33422281521014)	(3.0, 0.8701453142674827)	(4.0, 0.7077181889375526)	(5.0, 0.4350726571337413)	(6.0, 0.556893001131189)	(7.0, 0.38576442265858396)	(8.0, 0.34805812570699307)	(9.0, 0.600400266844563)	('>10', 8.080749485164022)	('>50', 5.087449604083882)	('>100', 10.90582127215245)	('>500', 12.886852104301418)	('>1k', 53.54584215563999)	('>5k', 0.0)	('>10k+', 0.0)
583B0_S131_L001_R2_001	(1.0, 7.129390608231574)	(2.0, 1.5662615656814687)	(3.0, 0.9745627519795805)	(4.0, 0.7657278765553848)	(5.0, 0.4495750790381994)	(6.0, 0.5394900948458393)	(7.0, 0.42637120399106654)	(8.0, 0.44087362589552453)	(9.0, 0.20883487542419582)	('>10', 2.6510427241349306)	('>50', 3.9678626330597213)	('>100', 15.117324593207066)	('>500', 3.0861153812686717)	('>1k', 62.67656698668678)	('>5k', 0.0)	('>10k+', 0.0)
583B14_S132_L001_R1_001	(1.0, 6.282251889336485)	(2.0, 1.9309518260811664)	(3.0, 1.0487065951992542)	(4.0, 0.8922329127409528)	(5.0, 0.8988913673136465)	(6.0, 0.4594333655158637)	(7.0, 0.559310184106269)	(8.0, 0.39950727436162065)	(9.0, 0.4794087292339448)	('>10', 7.324300029963046)	('>50', 7.027998801478177)	('>100', 37.94320338249492)	('>500', 11.41592036488331)	('>1k', 23.33788327729134)	('>5k', 0.0)	('>10k+', 0.0)
583B14_S132_L001_R2_001	(1.0, 9.674734494123914)	(2.0, 1.8910010986450045)	(3.0, 1.1885341412258215)	(4.0, 0.8389652761594033)	(5.0, 0.44944568365682325)	(6.0, 0.37953191064353964)	(7.0, 0.2796550920531345)	(8.0, 0.39950727436162065)	(9.0, 0.26966741019409396)	('>10', 3.655491560408829)	('>50', 4.404567699836868)	('>100', 25.818157605619735)	('>500', 20.870925858108333)	('>1k', 29.87981489496288)	('>5k', 0.0)	('>10k+', 0.0)
586A0_S109_L001_R1_001	(1.0, 5.823482486039596)	(2.0, 1.631735441293785)	(3.0, 1.2074842265574008)	(4.0, 0.8267459569221843)	(5.0, 0.7433461454782798)	(6.0, 0.5656682863151787)	(7.0, 0.5330335774893031)	(8.0, 0.6381898614837914)	(9.0, 0.29371237943288125)	('>10', 9.308144172891435)	('>50', 7.2666618318949885)	('>100', 25.774167814924944)	('>500', 18.50750598302995)	('>1k', 26.880121836246285)	('>5k', 0.0)	('>10k+', 0.0)
586A0_S109_L001_R2_001	(1.0, 8.118790340126187)	(2.0, 1.7622742765972876)	(3.0, 0.9464065559503952)	(4.0, 0.8847632170570744)	(5.0, 0.7796069330625861)	(6.0, 0.435129451011676)	(7.0, 0.3045906157081732)	(8.0, 0.3771121908767858)	(9.0, 0.22844296178112988)	('>10', 5.141779679454637)	('>50', 5.159910073246791)	('>100', 26.553774747987525)	('>500', 5.885125824932918)	('>1k', 43.42229313220683)	('>5k', 0.0)	('>10k+', 0.0)
586A14_S110_L001_R1_001	(1.0, 6.36979447309676)	(2.0, 1.6549919174813335)	(3.0, 0.9929951504887999)	(4.0, 0.8775305981063815)	(5.0, 0.6158109460395659)	(6.0, 0.8082518666769302)	(7.0, 0.3502424755600031)	(8.0, 0.6466014933415442)	(9.0, 0.5195904857208837)	('>10', 9.633592487106458)	('>50', 8.005542298514357)	('>100', 31.52567161881302)	('>500', 11.230852128396581)	('>1k', 26.76853206065738)	('>5k', 0.0)	('>10k+', 0.0)
586A14_S110_L001_R2_001	(1.0, 8.706027249634364)	(2.0, 1.8628281117696865)	(3.0, 1.0276345162035256)	(4.0, 0.6773920406435224)	(5.0, 0.5003463936571473)	(6.0, 0.2540220152413209)	(7.0, 0.45800939111692707)	(8.0, 0.21553383111384805)	(9.0, 0.1731968285736279)	('>10', 7.027942421676546)	('>50', 6.700792856593026)	('>100', 25.675467631437147)	('>500', 15.57616811638827)	('>1k', 31.14463859595104)	('>5k', 0.0)	('>10k+', 0.0)
586B0_S111_L001_R1_001	(1.0, 6.346720363948241)	(2.0, 1.7749934742886977)	(3.0, 1.096319498825372)	(4.0, 0.9546183391132491)	(5.0, 0.950889361226088)	(6.0, 0.604094417720103)	(7.0, 0.8352910467240929)	(8.0, 0.5668046388484916)	(9.0, 0.5034120147667525)	('>10', 8.35663944512809)	('>50', 4.12797852108737)	('>100', 38.29287392325764)	('>500', 21.087369951896186)	('>1k', 14.501995003169633)	('>5k', 0.0)	('>10k+', 0.0)
586B0_S111_L001_R2_001	(1.0, 7.9501808554275275)	(2.0, 1.5736286683819964)	(3.0, 0.9173285602416377)	(4.0, 0.7607114889808703)	(5.0, 0.577991572509975)	(6.0, 0.7159637543349368)	(7.0, 0.39154267815191857)	(8.0, 0.5966364619457807)	(9.0, 0.3020472088600515)	('>10', 3.6730432188537123)	('>50', 4.16153932207182)	('>100', 24.081739195286573)	('>500', 16.44106350449342)	('>1k', 37.856583510459785)	('>5k', 0.0)	('>10k+', 0.0)
586B14_S112_L001_R1_001	(1.0, 6.9287356321839075)	(2.0, 2.022988505747126)	(3.0, 1.3379310344827586)	(4.0, 1.085057471264368)	(5.0, 0.6896551724137931)	(6.0, 0.8275862068965517)	(7.0, 0.3218390804597701)	(8.0, 0.6988505747126437)	(9.0, 0.41379310344827586)	('>10', 7.388505747126437)	('>50', 6.685057471264368)	('>100', 35.291954022988506)	('>500', 12.88735632183908)	('>1k', 23.420689655172414)	('>5k', 0.0)	('>10k+', 0.0)
586B14_S112_L001_R2_001	(1.0, 10.597701149425287)	(2.0, 2.0873563218390805)	(3.0, 1.2275862068965517)	(4.0, 0.7908045977011495)	(5.0, 0.8505747126436782)	(6.0, 0.46896551724137936)	(7.0, 0.5471264367816092)	(8.0, 0.367816091954023)	(9.0, 0.24827586206896554)	('>10', 3.627586206896552)	('>50', 5.540229885057471)	('>100', 25.79770114942529)	('>500', 13.38390804597701)	('>1k', 34.46436781609196)	('>5k', 0.0)	('>10k+', 0.0)
597A0_S121_L001_R1_001	(1.0, 4.588363729771385)	(2.0, 1.45774466992037)	(3.0, 0.8958386848189057)	(4.0, 0.5522733110711534)	(5.0, 0.7706139224248651)	(6.0, 0.42383765733367584)	(7.0, 0.6068584639095813)	(8.0, 0.35961983046493706)	(9.0, 0.23118417672745953)	('>10', 7.988697662471102)	('>50', 5.962625224762394)	('>100', 6.932314410480349)	('>500', 12.5)	('>1k', 56.73002825584382)	('>5k', 0.0)	('>10k+', 0.0)
597A0_S121_L001_R2_001	(1.0, 7.789622399178012)	(2.0, 1.8237862830721807)	(3.0, 0.8380426406370408)	(4.0, 0.565116876444901)	(5.0, 0.3371435910608785)	(6.0, 0.36604161315181094)	(7.0, 0.3146673516568199)	(8.0, 0.2825584382224505)	(9.0, 0.28898022090932446)	('>10', 5.089262779347547)	('>50', 4.565887490367325)	('>100', 12.031209863858207)	('>500', 10.724377087079374)	('>1k', 54.98330336501412)	('>5k', 0.0)	('>10k+', 0.0)
597A14_S122_L001_R1_001	(1.0, 5.510911103967999)	(2.0, 1.7714918389942498)	(3.0, 0.900032144005143)	(4.0, 0.7143112254009072)	(5.0, 0.5178756384156576)	(6.0, 0.7500267866709525)	(7.0, 0.4500160720025715)	(8.0, 0.34286938819243545)	(9.0, 0.22500803600128574)	('>10', 8.646737383477982)	('>50', 5.70020357869924)	('>100', 18.429229615343402)	('>500', 18.089931783277972)	('>1k', 37.951355405550196)	('>5k', 0.0)	('>10k+', 0.0)
597A14_S122_L001_R2_001	(1.0, 7.914568377442051)	(2.0, 1.685774491946141)	(3.0, 1.0178934961962927)	(4.0, 0.6571663273688345)	(5.0, 0.37501339333547623)	(6.0, 0.3857280617164899)	(7.0, 0.2750098217793493)	(8.0, 0.200007143112254)	(9.0, 0.12857602057216327)	('>10', 5.553769777492054)	('>50', 5.403764420157862)	('>100', 18.8185292331869)	('>500', 12.225436622736527)	('>1k', 45.3587628129576)	('>5k', 0.0)	('>10k+', 0.0)
597B0_S123_L001_R1_001	(1.0, 7.434456928838952)	(2.0, 2.359550561797753)	(3.0, 1.9662921348314606)	(4.0, 1.1235955056179776)	(5.0, 1.0299625468164793)	(6.0, 0.6741573033707865)	(7.0, 0.7865168539325843)	(8.0, 0.8988764044943821)	(9.0, 1.1797752808988764)	('>10', 11.142322097378276)	('>50', 11.94756554307116)	('>100', 45.056179775280896)	('>500', 14.400749063670412)	('>1k', 0.0)	('>5k', 0.0)	('>10k+', 0.0)
597B0_S123_L001_R2_001	(1.0, 11.235955056179774)	(2.0, 1.947565543071161)	(3.0, 0.9550561797752809)	(4.0, 0.599250936329588)	(5.0, 0.5617977528089888)	(6.0, 0.33707865168539325)	(7.0, 0.6554307116104869)	(8.0, 0.149812734082397)	(9.0, 0.0)	('>10', 5.730337078651685)	('>50', 6.123595505617978)	('>100', 60.168539325842694)	('>500', 11.535580524344569)	('>1k', 0.0)	('>5k', 0.0)	('>10k+', 0.0)
597B14_S124_L001_R1_001	(1.0, 6.351561396071783)	(2.0, 1.7380245866892752)	(3.0, 1.006782534972446)	(4.0, 0.791295746785361)	(5.0, 0.6358626536668079)	(6.0, 0.6570580754557015)	(7.0, 0.7665677546983185)	(8.0, 0.5369506853186379)	(9.0, 0.31793132683340397)	('>10', 9.2765296029391)	('>50', 7.259431962696057)	('>100', 29.20729122509538)	('>500', 8.149639677829589)	('>1k', 33.305072770948144)	('>5k', 0.0)	('>10k+', 0.0)
597B14_S124_L001_R2_001	(1.0, 9.251801610852056)	(2.0, 1.8298714144411472)	(3.0, 1.049173378550233)	(4.0, 0.5228204041260421)	(5.0, 0.2826056238519147)	(6.0, 0.4027130139889784)	(7.0, 0.2472799208704253)	(8.0, 0.1695633743111488)	(9.0, 0.22255192878338279)	('>10', 5.994771795958739)	('>50', 4.094248975554613)	('>100', 24.222834534407234)	('>500', 24.650275540483253)	('>1k', 27.059488483820825)	('>5k', 0.0)	('>10k+', 0.0)
603A0_S13_L001_R1_001	(1.0, 8.05144824792384)	(2.0, 2.3597326311525215)	(3.0, 1.5039497670650193)	(4.0, 1.0937816487745595)	(5.0, 0.9621227466072514)	(6.0, 0.8811018837350618)	(7.0, 0.6025926676119101)	(8.0, 0.5266356086692323)	(9.0, 0.45574235365606647)	('>10', 16.583957869151305)	('>50', 8.345148875835527)	('>100', 40.631962730403075)	('>500', 11.484707312132874)	('>1k', 6.5171156572817495)	('>5k', 0.0)	('>10k+', 0.0)
603A0_S13_L001_R2_001	(1.0, 9.413611504962528)	(2.0, 1.873607453919384)	(3.0, 0.8962932955235974)	(4.0, 0.6684221186955641)	(5.0, 0.5316994125987442)	(6.0, 0.5468908243872798)	(7.0, 0.3899129025724124)	(8.0, 0.3240834514887584)	(9.0, 0.4101681182904598)	('>10', 4.673891026939437)	('>50', 4.937208831274053)	('>100', 22.275673485922624)	('>500', 16.609276888798867)	('>1k', 36.44926068462629)	('>5k', 0.0)	('>10k+', 0.0)
603A14_S14_L001_R1_001	(1.0, 7.936668011294877)	(2.0, 1.9766034691407826)	(3.0, 1.2706736587333602)	(4.0, 0.9883017345703913)	(5.0, 0.8572004840661557)	(6.0, 0.9076240419524002)	(7.0, 0.7059298104074223)	(8.0, 0.5647438483259379)	(9.0, 0.49919322307382014)	('>10', 12.696651875756354)	('>50', 8.289632916498588)	('>100', 32.80556676079064)	('>500', 15.061516740621217)	('>1k', 15.439693424768052)	('>5k', 0.0)	('>10k+', 0.0)
603A14_S14_L001_R2_001	(1.0, 8.72327551432029)	(2.0, 1.9665187575635334)	(3.0, 0.9681323114158934)	(4.0, 0.7664380798709157)	(5.0, 0.30254134731746674)	(6.0, 0.21177894312222673)	(7.0, 0.17648245260185558)	(8.0, 0.24203307785397335)	(9.0, 0.09076240419524002)	('>10', 4.129689390883421)	('>50', 2.5615167406212183)	('>100', 16.61960467930617)	('>500', 22.272085518354174)	('>1k', 40.96914078257362)	('>5k', 0.0)	('>10k+', 0.0)
603B0_S15_L001_R1_001	(1.0, 7.167446376555741)	(2.0, 2.0831494394915704)	(3.0, 1.3372760173007325)	(4.0, 1.0768823373642864)	(5.0, 0.7502868743931503)	(6.0, 0.741459969988525)	(7.0, 0.5560949774913938)	(8.0, 0.6708447347515226)	(9.0, 0.4766528378497661)	('>10', 13.408067790625827)	('>50', 12.273810574631478)	('>100', 18.532085797510813)	('>500', 22.332068143702003)	('>1k', 18.59387412834319)	('>5k', 0.0)	('>10k+', 0.0)
603B0_S15_L001_R2_001	(1.0, 7.9795215817812695)	(2.0, 1.7565539765204343)	(3.0, 1.2975549474799186)	(4.0, 0.7238061611792744)	(5.0, 0.5075470032659546)	(6.0, 0.3177685585665107)	(7.0, 0.3707299849942625)	(8.0, 0.3530761761850119)	(9.0, 0.19860534910406918)	('>10', 5.026922058434107)	('>50', 2.8952246447170977)	('>100', 9.427133904139819)	('>500', 20.49607202753994)	('>1k', 48.64948362609233)	('>5k', 0.0)	('>10k+', 0.0)
603B14_S16_L001_R1_001	(1.0, 7.562184727778744)	(2.0, 2.17429118107497)	(3.0, 1.1610714906940338)	(4.0, 0.869716472429988)	(5.0, 0.6305444425117412)	(6.0, 0.7044703426682901)	(7.0, 0.6696816837710906)	(8.0, 0.5218298834579926)	(9.0, 0.35223517133414506)	('>10', 14.328578883284049)	('>50', 6.475039137241259)	('>100', 37.73264915637502)	('>500', 14.17202991824665)	('>1k', 12.645677509132023)	('>5k', 0.0)	('>10k+', 0.0)
603B14_S16_L001_R2_001	(1.0, 9.553835449643417)	(2.0, 1.7655244390328753)	(3.0, 1.004522525656636)	(4.0, 0.6609845190467908)	(5.0, 0.6522873543224909)	(6.0, 0.2609149417289963)	(7.0, 0.1217603061401983)	(8.0, 0.27830927117759613)	(9.0, 0.23482344755609671)	('>10', 4.431205427030788)	('>50', 2.84397286484606)	('>100', 12.497825708818926)	('>500', 27.974430335710558)	('>1k', 37.719603409288574)	('>5k', 0.0)	('>10k+', 0.0)
607A0_S5_L001_R1_001	(1.0, 7.907537844884617)	(2.0, 2.731836401136319)	(3.0, 1.6344320348678836)	(4.0, 1.3698097054130833)	(5.0, 1.0117912596801182)	(6.0, 0.747168930225318)	(7.0, 0.8172160174339418)	(8.0, 0.8405650465034828)	(9.0, 0.665447328481924)	('>10', 11.806825699497995)	('>50', 7.674047554189205)	('>100', 48.550414445265986)	('>500', 10.05954002412733)	('>1k', 4.183367708292797)	('>5k', 0.0)	('>10k+', 0.0)
607A0_S5_L001_R2_001	(1.0, 8.697513328404094)	(2.0, 1.9068373740125308)	(3.0, 0.9456356773164183)	(4.0, 0.607074755808071)	(5.0, 0.48643810561544143)	(6.0, 0.2801883488344943)	(7.0, 0.2724053391446472)	(8.0, 0.34245242635327083)	(9.0, 0.2101412616258707)	('>10', 3.451764797447173)	('>50', 3.408958244153014)	('>100', 26.065299451297818)	('>500', 18.23559170331167)	('>1k', 35.08969918667549)	('>5k', 0.0)	('>10k+', 0.0)
607A14_S6_L001_R1_001	(1.0, 8.008734955055608)	(2.0, 2.4681326494337514)	(3.0, 1.675892539738967)	(4.0, 1.157889391092377)	(5.0, 0.7109847138286527)	(6.0, 0.9141232034939821)	(7.0, 0.7109847138286527)	(8.0, 0.609415468995988)	(9.0, 0.7312985627951857)	('>10', 15.900665278553655)	('>50', 9.649078259103144)	('>100', 18.978213396983392)	('>500', 22.375704636636026)	('>1k', 16.108882230460615)	('>5k', 0.0)	('>10k+', 0.0)
607A14_S6_L001_R2_001	(1.0, 9.115839723731654)	(2.0, 1.7977756335381647)	(3.0, 1.2493017114417755)	(4.0, 0.4672185262302575)	(5.0, 0.38088466812249255)	(6.0, 0.36564928139759284)	(7.0, 0.14219694276573053)	(8.0, 0.2437661875983952)	(9.0, 0.22853080087349553)	('>10', 4.286222131938449)	('>50', 2.2751510842516884)	('>100', 23.25935706668021)	('>500', 26.875222182723075)	('>1k', 29.312884058707024)	('>5k', 0.0)	('>10k+', 0.0)
607B0_S7_L001_R1_001	(1.0, 7.165210892615255)	(2.0, 2.33546639263861)	(3.0, 1.2471390536690177)	(4.0, 0.9528702881965528)	(5.0, 0.8874772292026718)	(6.0, 0.616563127656593)	(7.0, 0.7193236489326919)	(8.0, 1.083656406184315)	(9.0, 0.6305759260124247)	('>10', 14.101546078751928)	('>50', 9.010229342799757)	('>100', 22.66336587416507)	('>500', 21.584380400766033)	('>1k', 17.00219533840908)	('>5k', 0.0)	('>10k+', 0.0)
607B0_S7_L001_R2_001	(1.0, 9.103647998505302)	(2.0, 1.9898173665280956)	(3.0, 0.8968190947732262)	(4.0, 0.597879396515484)	(5.0, 0.700639917791583)	(6.0, 0.3082815638282965)	(7.0, 0.29426876547246483)	(8.0, 0.2615722359755243)	(9.0, 0.2522303704049699)	('>10', 4.390676818160586)	('>50', 3.4331355971787567)	('>100', 24.746601896398708)	('>500', 16.292213555046942)	('>1k', 36.73221542342006)	('>5k', 0.0)	('>10k+', 0.0)
607B14_S8_L001_R1_001	(1.0, 7.781305728328476)	(2.0, 2.5227262841981646)	(3.0, 1.330955591318342)	(4.0, 0.974294289069636)	(5.0, 0.8046626940976903)	(6.0, 0.9134008960027837)	(7.0, 0.5784872341350963)	(8.0, 0.8003131660214867)	(9.0, 0.4697490322300031)	('>10', 15.458222782828063)	('>50', 10.277934844069419)	('>100', 21.543212561437084)	('>500', 20.7428993954156)	('>1k', 15.801835500848158)	('>5k', 0.0)	('>10k+', 0.0)
607B14_S8_L001_R2_001	(1.0, 9.56896176764821)	(2.0, 1.9659866904440868)	(3.0, 0.9786438171458398)	(4.0, 0.7307207168022269)	(5.0, 0.5219433691444478)	(6.0, 0.49584620068722546)	(7.0, 0.243573572267409)	(8.0, 0.34796224609629856)	(9.0, 0.2740202688008351)	('>10', 4.536557783480492)	('>50', 4.2277412900700275)	('>100', 20.334043756252445)	('>500', 21.682397459875606)	('>1k', 34.09160106128485)	('>5k', 0.0)	('>10k+', 0.0)
610A0_S21_L001_R1_001	(1.0, 6.651543038137225)	(2.0, 1.9090014124898345)	(3.0, 1.2070367675384155)	(4.0, 1.0272653340752471)	(5.0, 0.791850361683003)	(6.0, 0.719085733852673)	(7.0, 0.44942858365792066)	(8.0, 0.5821170226426401)	(9.0, 0.4237469503060394)	('>10', 10.1870478962462)	('>50', 5.598596070710097)	('>100', 32.38453965672217)	('>500', 14.980952788597355)	('>1k', 23.08778838334118)	('>5k', 0.0)	('>10k+', 0.0)
610A0_S21_L001_R2_001	(1.0, 10.139964901767753)	(2.0, 2.1058939348542567)	(3.0, 1.09146941745495)	(4.0, 0.5992381115438942)	(5.0, 0.3424217780250824)	(6.0, 0.20545306681504943)	(7.0, 0.2996190557719471)	(8.0, 0.1712108890125412)	(9.0, 0.1540898001112871)	('>10', 3.723836836022771)	('>50', 1.7591918846038608)	('>100', 31.62265120061636)	('>500', 21.285793776484184)	('>1k', 26.499165346916065)	('>5k', 0.0)	('>10k+', 0.0)
610A14_S22_L001_R1_001	(1.0, 5.904028824107435)	(2.0, 1.957091385522437)	(3.0, 1.326564035375041)	(4.0, 0.9662626924336719)	(5.0, 0.5322633475270226)	(6.0, 0.6632820176875205)	(7.0, 0.40124467736652475)	(8.0, 0.5895840157222404)	(9.0, 0.4053390108090403)	('>10', 10.98919095971176)	('>50', 6.923517851293809)	('>100', 17.490992466426466)	('>500', 21.650835244022275)	('>1k', 30.199803471994755)	('>5k', 0.0)	('>10k+', 0.0)
610A14_S22_L001_R2_001	(1.0, 9.15492957746479)	(2.0, 2.1536193907631835)	(3.0, 0.982640026203734)	(4.0, 0.6878480183426138)	(5.0, 0.491320013101867)	(6.0, 0.31935800851621354)	(7.0, 0.11464133639043562)	(8.0, 0.13101867016049787)	(9.0, 0.18424500491320012)	('>10', 3.5293154274484118)	('>50', 1.5189977071732723)	('>100', 14.54716672125778)	('>500', 25.56501801506715)	('>1k', 40.619882083196856)	('>5k', 0.0)	('>10k+', 0.0)
610B0_S23_L001_R1_001	(1.0, 5.963142580019399)	(2.0, 1.606207565470417)	(3.0, 1.1988360814742967)	(4.0, 0.7293889427740058)	(5.0, 0.6013579049466538)	(6.0, 0.6052376333656644)	(7.0, 0.5974781765276431)	(8.0, 0.527643064985451)	(9.0, 0.4190106692531522)	('>10', 11.697381183317168)	('>50', 5.594568380213385)	('>100', 26.502424830261884)	('>500', 22.27352085354025)	('>1k', 21.68380213385063)	('>5k', 0.0)	('>10k+', 0.0)
610B0_S23_L001_R2_001	(1.0, 8.75266731328807)	(2.0, 1.939864209505335)	(3.0, 0.9078564500484967)	(4.0, 0.5121241513094084)	(5.0, 0.3491755577109602)	(6.0, 0.48884578079534435)	(7.0, 0.24442289039767218)	(8.0, 0.15518913676042675)	(9.0, 0.2095053346265761)	('>10', 3.332686711930165)	('>50', 3.747817652764306)	('>100', 17.136760426770124)	('>500', 21.354025218234725)	('>1k', 40.86905916585839)	('>5k', 0.0)	('>10k+', 0.0)
610B14_S24_L001_R1_001	(1.0, 7.608590030123409)	(2.0, 1.8851423573996697)	(3.0, 1.2826741813234865)	(4.0, 0.9717228646390049)	(5.0, 0.9717228646390049)	(6.0, 1.0494606938101252)	(7.0, 0.5101545039354777)	(8.0, 0.5441648041978429)	(9.0, 0.5247303469050626)	('>10', 12.243708094451462)	('>50', 5.436789427655233)	('>100', 31.585851715090858)	('>500', 20.221552813137695)	('>1k', 15.163735302691672)	('>5k', 0.0)	('>10k+', 0.0)
610B14_S24_L001_R2_001	(1.0, 10.922164998542417)	(2.0, 1.9531629579243999)	(3.0, 1.0494606938101252)	(4.0, 0.6219026333689631)	(5.0, 0.5344475755514527)	(6.0, 0.46642697502672237)	(7.0, 0.30609270236128655)	(8.0, 0.31095131668448156)	(9.0, 0.2623651734525313)	('>10', 3.6779710426586334)	('>50', 2.8422893790690895)	('>100', 27.106209309105044)	('>500', 26.683509862987076)	('>1k', 23.26304537945778)	('>5k', 0.0)	('>10k+', 0.0)
612A0_S41_L001_R1_001	(1.0, 6.925434116445352)	(2.0, 2.247191011235955)	(3.0, 1.6547497446373853)	(4.0, 0.9397344228804902)	(5.0, 0.9703779366700716)	(6.0, 0.7354443309499489)	(7.0, 0.7865168539325843)	(8.0, 0.9805924412665985)	(9.0, 0.45965270684371806)	('>10', 9.40755873340143)	('>50', 4.8518896833503575)	('>100', 38.54954034729315)	('>500', 18.100102145045966)	('>1k', 13.391215526046988)	('>5k', 0.0)	('>10k+', 0.0)
612A0_S41_L001_R2_001	(1.0, 10.07150153217569)	(2.0, 2.104187946884576)	(3.0, 0.8886618998978549)	(4.0, 0.5720122574055159)	(5.0, 0.40858018386108275)	(6.0, 0.18386108273748722)	(7.0, 0.21450459652706844)	(8.0, 0.08171603677221655)	(9.0, 0.18386108273748722)	('>10', 2.267620020429009)	('>50', 0.0)	('>100', 39.284984678243106)	('>500', 32.77834525025536)	('>1k', 10.960163432073545)	('>5k', 0.0)	('>10k+', 0.0)
612A14_S42_L001_R1_001	(1.0, 5.550016616816218)	(2.0, 1.7402338439227771)	(3.0, 1.0060726910178555)	(4.0, 0.9426266654581709)	(5.0, 0.7099912384059942)	(6.0, 0.489440768603281)	(7.0, 0.5498655548505997)	(8.0, 0.314208888486057)	(9.0, 0.46224961479198773)	('>10', 9.954983534245748)	('>50', 5.169340463458111)	('>100', 25.29079428381522)	('>500', 20.520257409589412)	('>1k', 27.299918426538568)	('>5k', 0.0)	('>10k+', 0.0)
612A14_S42_L001_R2_001	(1.0, 7.2358681531164075)	(2.0, 1.7100214507991178)	(3.0, 1.0513912807033445)	(4.0, 0.6405027342215777)	(5.0, 0.42297350373123055)	(6.0, 0.4169310251064987)	(7.0, 0.27493277742529987)	(8.0, 0.16918940149249223)	(9.0, 0.10876461524517357)	('>10', 3.214598628357352)	('>50', 1.4653010664974773)	('>100', 5.577207770627511)	('>500', 13.985316776941904)	('>1k', 63.72700081573461)	('>5k', 0.0)	('>10k+', 0.0)
612B0_S43_L001_R1_001	(1.0, 6.622109826589595)	(2.0, 1.8424855491329482)	(3.0, 1.3547687861271676)	(4.0, 0.8959537572254336)	(5.0, 0.7767341040462428)	(6.0, 0.41184971098265893)	(7.0, 0.8092485549132947)	(8.0, 0.40462427745664736)	(9.0, 0.5527456647398844)	('>10', 10.23121387283237)	('>50', 8.092485549132949)	('>100', 26.61849710982659)	('>500', 24.432803468208093)	('>1k', 16.954479768786126)	('>5k', 0.0)	('>10k+', 0.0)
612B0_S43_L001_R2_001	(1.0, 8.193641618497109)	(2.0, 1.94364161849711)	(3.0, 1.0296242774566473)	(4.0, 0.6358381502890174)	(5.0, 0.3973988439306358)	(6.0, 0.30346820809248554)	(7.0, 0.15173410404624277)	(8.0, 0.1445086705202312)	(9.0, 0.19508670520231214)	('>10', 3.1539017341040463)	('>50', 1.2969653179190752)	('>100', 13.796965317919074)	('>500', 22.57586705202312)	('>1k', 46.18135838150289)	('>5k', 0.0)	('>10k+', 0.0)
612B14_S44_L001_R1_001	(1.0, 6.264175051908641)	(2.0, 1.7952403769365917)	(3.0, 1.4470531863919502)	(4.0, 0.9199808337326306)	(5.0, 0.5270723526593196)	(6.0, 0.6324868231911835)	(7.0, 0.5142948410796998)	(8.0, 0.2811052547516371)	(9.0, 0.48873981792046)	('>10', 9.966459032103497)	('>50', 6.142788691902252)	('>100', 29.51285737102699)	('>500', 14.16706596390353)	('>1k', 27.340680402491614)	('>5k', 0.0)	('>10k+', 0.0)
612B14_S44_L001_R2_001	(1.0, 8.27663312569877)	(2.0, 1.6610765053505832)	(3.0, 1.1020603737422137)	(4.0, 0.6260980674013735)	(5.0, 0.4472129052866954)	(6.0, 0.34499281264973647)	(7.0, 0.26832774317201724)	(8.0, 0.17888516211467817)	(9.0, 0.20124580737901293)	('>10', 3.1464622264813924)	('>50', 1.7824628653569718)	('>100', 8.931480594154289)	('>500', 21.8016291327264)	('>1k', 51.23143267848587)	('>5k', 0.0)	('>10k+', 0.0)
613A0_S49_L001_R1_001	(1.0, 4.8397986149958525)	(2.0, 1.5508960089504447)	(3.0, 0.9432688412646362)	(4.0, 0.6327038444474451)	(5.0, 0.6269169190409135)	(6.0, 0.37036322601801663)	(7.0, 0.39158195250863215)	(8.0, 0.3549314249339326)	(9.0, 0.31249397195270157)	('>10', 7.332034490075423)	('>50', 5.430065006462067)	('>100', 21.581373816091514)	('>500', 4.434713836538648)	('>1k', 36.17021276595745)	('>5k', 15.028645280762332)	('>10k+', 0.0)
613A0_S49_L001_R2_001	(1.0, 7.085125672730079)	(2.0, 1.4158677494647094)	(3.0, 0.8506780347601319)	(4.0, 0.7175787504099072)	(5.0, 0.5015335352327309)	(6.0, 0.4398063308963947)	(7.0, 0.4590960822514998)	(8.0, 0.27777241951351245)	(9.0, 0.2430508670743234)	('>10', 2.4652302231824232)	('>50', 2.872243976775139)	('>100', 13.902123801624198)	('>500', 8.576223452479697)	('>1k', 46.7950078123493)	('>5k', 13.398661291255957)	('>10k+', 0.0)
613A14_S50_L001_R1_001	(1.0, 5.13285545671762)	(2.0, 1.6236289835046203)	(3.0, 1.1399948182053719)	(4.0, 0.7830267438178311)	(5.0, 0.5901488326568213)	(6.0, 0.5009068140599361)	(7.0, 0.4231798946368426)	(8.0, 0.5527247603419985)	(9.0, 0.28499870455134296)	('>10', 6.721939142700867)	('>50', 5.679822667472723)	('>100', 20.28960474422086)	('>500', 5.728761838961338)	('>1k', 50.54840659815183)	('>5k', 0.0)	('>10k+', 0.0)
613A14_S50_L001_R2_001	(1.0, 7.602844229495926)	(2.0, 1.6696893801997867)	(3.0, 0.8981777355557474)	(4.0, 0.6678757520799148)	(5.0, 0.3310591012465095)	(6.0, 0.3281803264530616)	(7.0, 0.44333131819097793)	(8.0, 0.25333218182341594)	(9.0, 0.3627256239744365)	('>10', 2.421049601289691)	('>50', 3.460287301724386)	('>100', 12.243429196533954)	('>500', 10.372225580792813)	('>1k', 58.94579267063938)	('>5k', 0.0)	('>10k+', 0.0)
613B0_S51_L001_R1_001	(1.0, 4.967570754716981)	(2.0, 1.8278301886792452)	(3.0, 0.9375)	(4.0, 0.6485849056603774)	(5.0, 0.5159198113207547)	(6.0, 0.49528301886792453)	(7.0, 0.41273584905660377)	(8.0, 0.4009433962264151)	(9.0, 0.5306603773584906)	('>10', 9.23054245283019)	('>50', 7.7004716981132075)	('>100', 14.469339622641508)	('>500', 1.8219339622641508)	('>1k', 39.6875)	('>5k', 16.35318396226415)	('>10k+', 0.0)
613B0_S51_L001_R2_001	(1.0, 7.47936320754717)	(2.0, 1.5683962264150944)	(3.0, 0.9905660377358491)	(4.0, 0.5660377358490566)	(5.0, 0.36851415094339623)	(6.0, 0.24764150943396226)	(7.0, 0.43337264150943394)	(8.0, 0.16509433962264153)	(9.0, 0.2653301886792453)	('>10', 3.9799528301886795)	('>50', 3.8354952830188678)	('>100', 9.466391509433961)	('>500', 10.866745283018869)	('>1k', 59.767099056603776)	('>5k', 0.0)	('>10k+', 0.0)
613B14_S52_L001_R1_001	(1.0, 4.850579125871889)	(2.0, 1.5486017789722915)	(3.0, 0.8542906507966981)	(4.0, 0.7679017085813016)	(5.0, 0.44794266333909255)	(6.0, 0.34555576886158573)	(7.0, 0.6271197286747296)	(8.0, 0.48633774876815766)	(9.0, 0.3743520829333845)	('>10', 6.197606706341588)	('>50', 6.341588276700582)	('>100', 16.36270557368657)	('>500', 5.144941447494721)	('>1k', 39.505343316055544)	('>5k', 16.145133422921866)	('>10k+', 0.0)
613B14_S52_L001_R2_001	(1.0, 7.759006847123569)	(2.0, 1.663787035259487)	(3.0, 0.8830869648684968)	(4.0, 0.6655148141037948)	(5.0, 0.3839508542906508)	(6.0, 0.4031483970051834)	(7.0, 0.17917706533563704)	(8.0, 0.3583541306712741)	(9.0, 0.2303705125743905)	('>10', 2.665258846867601)	('>50', 3.1100019197542714)	('>100', 13.982210277084533)	('>500', 4.767389774108914)	('>1k', 62.9487425609522)	('>5k', 0.0)	('>10k+', 0.0)
615A0_S37_L001_R1_001	(1.0, 5.292281498297389)	(2.0, 1.6836927733636018)	(3.0, 0.9860953461975028)	(4.0, 0.8040105940219447)	(5.0, 0.520242149073023)	(6.0, 0.38308740068104424)	(7.0, 0.5297010972379872)	(8.0, 0.4729474082482028)	(9.0, 0.340522133938706)	('>10', 10.16600454029512)	('>50', 4.055524025728339)	('>100', 20.301267499054106)	('>500', 12.504729474082483)	('>1k', 41.95989405978055)	('>5k', 0.0)	('>10k+', 0.0)
615A0_S37_L001_R2_001	(1.0, 8.257661748013621)	(2.0, 1.8066590995081349)	(3.0, 1.1279795686719636)	(4.0, 0.7756337495270527)	(5.0, 0.4138289822171774)	(6.0, 0.3688989784335982)	(7.0, 0.21519107075293228)	(8.0, 0.2648505486189936)	(9.0, 0.06384790011350738)	('>10', 3.1167234203556564)	('>50', 2.007661748013621)	('>100', 11.074063564131668)	('>500', 13.024971623155505)	('>1k', 57.48202799848657)	('>5k', 0.0)	('>10k+', 0.0)
615A14_S38_L001_R1_001	(1.0, 5.371425364128757)	(2.0, 1.8746667415036624)	(3.0, 0.9682036314652148)	(4.0, 0.8980439480257065)	(5.0, 0.5612774675160666)	(6.0, 0.4883113967389779)	(7.0, 0.7072096090702439)	(8.0, 0.33676648050964)	(9.0, 0.3283473184968989)	('>10', 8.887828698116914)	('>50', 5.264782645300705)	('>100', 21.940336205203042)	('>500', 11.610024415569837)	('>1k', 40.762776078354335)	('>5k', 0.0)	('>10k+', 0.0)
615A14_S38_L001_R2_001	(1.0, 7.445345606600623)	(2.0, 1.8073134454017343)	(3.0, 0.9092694973760279)	(4.0, 0.6061796649173519)	(5.0, 0.40692616394914827)	(6.0, 0.26941318440771195)	(7.0, 0.17680240226756097)	(8.0, 0.31431538180899726)	(9.0, 0.10102994415289199)	('>10', 1.2123593298347037)	('>50', 1.3358403726882384)	('>100', 16.403333988157044)	('>500', 20.436112592259985)	('>1k', 48.57575842617798)	('>5k', 0.0)	('>10k+', 0.0)
615B0_S39_L001_R1_001	(1.0, 5.374225420486021)	(2.0, 1.7990233873040349)	(3.0, 1.1222479225563267)	(4.0, 0.7652988377737799)	(5.0, 0.5711185356520746)	(6.0, 0.6168080185042405)	(7.0, 0.2998372312173392)	(8.0, 0.5025843113738256)	(9.0, 0.3341043433564636)	('>10', 7.912847311459494)	('>50', 4.323367314886204)	('>100', 16.61383820211885)	('>500', 32.95639509980297)	('>1k', 26.80830406350838)	('>5k', 0.0)	('>10k+', 0.0)
615B0_S39_L001_R2_001	(1.0, 7.3445843684856795)	(2.0, 1.6562437533910161)	(3.0, 1.0622804763128588)	(4.0, 0.6396527599303236)	(5.0, 0.48545075530426346)	(6.0, 0.2570033410434336)	(7.0, 0.23986978497387135)	(8.0, 0.18275793140866387)	(9.0, 0.20560267283474687)	('>10', 2.0017704674605215)	('>50', 1.9817813187126987)	('>100', 11.159656186641538)	('>500', 20.494588651874697)	('>1k', 52.288757531625684)	('>5k', 0.0)	('>10k+', 0.0)
615B14_S40_L001_R1_001	(1.0, 7.559637137417403)	(2.0, 2.1054989360510694)	(3.0, 1.3775338783738382)	(4.0, 0.8511591443610707)	(5.0, 0.7279650576772315)	(6.0, 0.8735580692126778)	(7.0, 0.5487736588643745)	(8.0, 0.6271698958449995)	(9.0, 0.6047709709933924)	('>10', 6.014111322656513)	('>50', 6.977265091275618)	('>100', 50.431179303393435)	('>500', 21.301377533878373)	('>1k', 0.0)	('>5k', 0.0)	('>10k+', 0.0)
615B14_S40_L001_R2_001	(1.0, 12.319408668383918)	(2.0, 1.7023182887221413)	(3.0, 0.5711725837159817)	(4.0, 0.35838279762571396)	(5.0, 0.16799193638705343)	(6.0, 0.06719677455482137)	(7.0, 0.31358494792249975)	(8.0, 0.08959569940642849)	(9.0, 0.10079516183223207)	('>10', 4.658976369134281)	('>50', 6.2940978833016015)	('>100', 50.431179303393435)	('>500', 22.92529958561989)	('>1k', 0.0)	('>5k', 0.0)	('>10k+', 0.0)
621A0_S57_L001_R1_001	(1.0, 4.85533844326892)	(2.0, 1.6571305192702148)	(3.0, 1.0039943862679477)	(4.0, 0.8204685307135917)	(5.0, 0.5802655727086257)	(6.0, 0.4534168196048796)	(7.0, 0.5856633919896362)	(8.0, 0.43182554248083777)	(9.0, 0.5100939220554896)	('>10', 7.103530173809782)	('>50', 4.320954334448883)	('>100', 12.4743603584152)	('>500', 16.228543668357982)	('>1k', 48.974414336608014)	('>5k', 0.0)	('>10k+', 0.0)
621A0_S57_L001_R2_001	(1.0, 7.084637806326244)	(2.0, 1.71650653136133)	(3.0, 0.8987369102882435)	(4.0, 0.766490337903487)	(5.0, 0.45881463888589014)	(6.0, 0.37244953038972256)	(7.0, 0.4912015545719529)	(8.0, 0.2590953254885026)	(9.0, 0.12145093382273561)	('>10', 2.5234805138723955)	('>50', 1.349454820252618)	('>100', 3.9754939004642122)	('>500', 18.43895066393177)	('>1k', 61.54323653244089)	('>5k', 0.0)	('>10k+', 0.0)
621A14_S58_L001_R1_001	(1.0, 5.863310440807188)	(2.0, 1.863673494085257)	(3.0, 0.9711675188333888)	(4.0, 0.8955314192357727)	(5.0, 0.7866154358152059)	(6.0, 0.3085952863582731)	(7.0, 0.6353432366199739)	(8.0, 0.5082745892959791)	(9.0, 0.49012192539255134)	('>10', 7.1703022418539915)	('>50', 7.624118839439688)	('>100', 26.642059722264243)	('>500', 11.744773545517804)	('>1k', 34.49611230448068)	('>5k', 0.0)	('>10k+', 0.0)
621A14_S58_L001_R2_001	(1.0, 8.09608810092881)	(2.0, 1.9241823737633497)	(3.0, 1.0256255105436722)	(4.0, 0.5808852449096905)	(5.0, 0.39330771790760294)	(6.0, 0.29044262245484526)	(7.0, 0.12706864732399478)	(8.0, 0.2662390705836082)	(9.0, 0.08168698756542522)	('>10', 2.447584182978852)	('>50', 0.3539769461168426)	('>100', 14.482800350951502)	('>500', 21.17508244334856)	('>1k', 48.75502980062324)	('>5k', 0.0)	('>10k+', 0.0)
621B0_S59_L001_R1_001	(1.0, 5.268152320313456)	(2.0, 1.8978817191135053)	(3.0, 0.9826129545732827)	(4.0, 0.722419493081915)	(5.0, 0.6734419003305988)	(6.0, 0.6244643075792824)	(7.0, 0.5785478143749235)	(8.0, 0.5142647238888209)	(9.0, 0.30304885514876945)	('>10', 8.17619688992286)	('>50', 5.855883433329252)	('>100', 17.833965960573035)	('>500', 18.773723521488918)	('>1k', 37.79539610628137)	('>5k', 0.0)	('>10k+', 0.0)
621B0_S59_L001_R2_001	(1.0, 8.182319089016774)	(2.0, 2.026447900085711)	(3.0, 1.1754622260315906)	(4.0, 0.5387535202644791)	(5.0, 0.47447042977837633)	(6.0, 0.29386555650789764)	(7.0, 0.12856618097220524)	(8.0, 0.12244398187829068)	(9.0, 0.08264968776784622)	('>10', 2.421329741643198)	('>50', 0.8601689726949919)	('>100', 11.206685441410555)	('>500', 21.64197379698788)	('>1k', 50.8448634749602)	('>5k', 0.0)	('>10k+', 0.0)
621B14_S60_L001_R1_001	(1.0, 5.112711333750783)	(2.0, 1.7094552285535378)	(3.0, 0.9862241703193488)	(4.0, 0.73888541014402)	(5.0, 0.6731371321227302)	(6.0, 0.638697557921102)	(7.0, 0.5479023168440826)	(8.0, 0.5009392611145899)	(9.0, 0.22542266750156542)	('>10', 7.385723231058234)	('>50', 5.231684408265498)	('>100', 18.033813400125233)	('>500', 22.582968065122103)	('>1k', 35.63243581715717)	('>5k', 0.0)	('>10k+', 0.0)
621B14_S60_L001_R2_001	(1.0, 8.249843456480901)	(2.0, 1.928616155291171)	(3.0, 1.2680025046963057)	(4.0, 0.5886036318096431)	(5.0, 0.4226675015654352)	(6.0, 0.28177833437695676)	(7.0, 0.13149655604257984)	(8.0, 0.07514088916718849)	(9.0, 0.22542266750156542)	('>10', 2.78334376956794)	('>50', 1.1427676894176582)	('>100', 7.06011271133375)	('>500', 21.487163431433938)	('>1k', 54.35504070131496)	('>5k', 0.0)	('>10k+', 0.0)
622A0_S61_L001_R1_001	(1.0, 4.8960750681061445)	(2.0, 1.5386943799818384)	(3.0, 1.044294218545051)	(4.0, 0.8071839370396529)	(5.0, 0.5297144586822723)	(6.0, 0.3935021693068308)	(7.0, 0.33548582383210573)	(8.0, 0.34305317324185247)	(9.0, 0.2724245787508829)	('>10', 8.356876198163658)	('>50', 6.354051054384017)	('>100', 21.23398244374937)	('>500', 5.5115528200988795)	('>1k', 34.37090101906972)	('>5k', 14.012208657047726)	('>10k+', 0.0)
622A0_S61_L001_R2_001	(1.0, 7.577439208959742)	(2.0, 1.6749066693572796)	(3.0, 0.9610533750378368)	(4.0, 0.6154777519927354)	(5.0, 0.44142871556856017)	(6.0, 0.40863686812632427)	(7.0, 0.24720008071839372)	(8.0, 0.2017959842599132)	(9.0, 0.11351024114620119)	('>10', 2.7923519321965493)	('>50', 2.2172333770557966)	('>100', 8.957219251336898)	('>500', 9.179194834022802)	('>1k', 64.61255171022097)	('>5k', 0.0)	('>10k+', 0.0)
622A14_S62_L001_R1_001	(1.0, 7.79774475036857)	(2.0, 2.374785830975814)	(3.0, 1.2312228553213531)	(4.0, 0.9403514364266644)	(5.0, 0.5777582978045185)	(6.0, 0.7650316770928797)	(7.0, 0.5299438179862135)	(8.0, 0.38251583854643983)	(9.0, 0.39446945850101606)	('>10', 12.82224967127545)	('>50', 16.46013467745149)	('>100', 26.56891261903813)	('>500', 15.432123361357931)	('>1k', 13.72275570785353)	('>5k', 0.0)	('>10k+', 0.0)
622A14_S62_L001_R2_001	(1.0, 9.017013985735346)	(2.0, 1.7531975933378492)	(3.0, 1.0399649360481333)	(4.0, 0.5100211180619197)	(5.0, 0.617603697653106)	(6.0, 0.26297963900067733)	(7.0, 0.22313423915208988)	(8.0, 0.25501055903095987)	(9.0, 0.3227477387735586)	('>10', 2.279156871339204)	('>50', 2.147667051838865)	('>100', 24.99103478503407)	('>500', 20.43272104235566)	('>1k', 36.14774674263857)	('>5k', 0.0)	('>10k+', 0.0)
622B0_S63_L001_R1_001	(1.0, 7.204725980920449)	(2.0, 2.07559972857542)	(3.0, 1.2932582924200695)	(4.0, 1.069732167804255)	(5.0, 0.9779267951941882)	(6.0, 0.7424260567596694)	(7.0, 0.6426376082704666)	(8.0, 0.6705783738474435)	(9.0, 0.3233145731050174)	('>10', 13.43152516664671)	('>50', 11.571468486807968)	('>100', 35.15347463377639)	('>500', 9.567716441144773)	('>1k', 15.275615694727179)	('>5k', 0.0)	('>10k+', 0.0)
622B0_S63_L001_R2_001	(1.0, 8.713527322077198)	(2.0, 1.7882089969265158)	(3.0, 0.862172194946713)	(4.0, 0.7025106773639883)	(5.0, 0.45902686305033336)	(6.0, 0.40713686983594777)	(7.0, 0.2514668901927913)	(8.0, 0.19159382109926953)	(9.0, 0.21554304873667826)	('>10', 4.721989382509081)	('>50', 5.632060032730611)	('>100', 17.32726619566519)	('>500', 18.13355685945795)	('>1k', 40.59394084540774)	('>5k', 0.0)	('>10k+', 0.0)
622B14_S64_L001_R1_001	(1.0, 7.387466902030009)	(2.0, 2.144748455428067)	(3.0, 1.2842012356575463)	(4.0, 0.8649602824360105)	(5.0, 0.6840247131509267)	(6.0, 0.6619593998234775)	(7.0, 0.5251544571932921)	(8.0, 0.6001765225066196)	(9.0, 0.4766107678729038)	('>10', 15.114739629302736)	('>50', 9.580759046778464)	('>100', 20.097087378640776)	('>500', 20.052956751985878)	('>1k', 20.525154457193292)	('>5k', 0.0)	('>10k+', 0.0)
622B14_S64_L001_R2_001	(1.0, 9.492497793468667)	(2.0, 1.7563989408649603)	(3.0, 1.1518093556928508)	(4.0, 0.5825242718446602)	(5.0, 0.5075022065313328)	(6.0, 0.4766107678729038)	(7.0, 0.33980582524271846)	(8.0, 0.3177405119152692)	(9.0, 0.2383053839364519)	('>10', 2.5066195939982348)	('>50', 1.3857016769638129)	('>100', 20.953221535745808)	('>500', 21.112091791703442)	('>1k', 39.17917034421889)	('>5k', 0.0)	('>10k+', 0.0)
639A0_S81_L001_R1_001	(1.0, 5.455393223500155)	(2.0, 1.7469692259869445)	(3.0, 1.0817531861983214)	(4.0, 0.9449797948399129)	(5.0, 0.6527820951196768)	(6.0, 0.5781784271059994)	(7.0, 0.3699098539011501)	(8.0, 0.3978862294062791)	(9.0, 0.36369288156667706)	('>10', 9.216661485856388)	('>50', 4.376748523469071)	('>100', 29.959589679825925)	('>500', 19.97513211066211)	('>1k', 24.880323282561392)	('>5k', 0.0)	('>10k+', 0.0)
639A0_S81_L001_R2_001	(1.0, 8.246813801678583)	(2.0, 1.7967050046627293)	(3.0, 1.0164749766863537)	(4.0, 0.6341311781162573)	(5.0, 0.3574759092322039)	(6.0, 0.31706558905812865)	(7.0, 0.28287224121852655)	(8.0, 0.12433944668946223)	(9.0, 0.11190550202051601)	('>10', 3.4410941871308673)	('>50', 1.9396953683556108)	('>100', 18.616723655579733)	('>500', 24.50419645632577)	('>1k', 38.61050668324526)	('>5k', 0.0)	('>10k+', 0.0)
639B14_S84_L001_R1_001	(1.0, 5.920175906183369)	(2.0, 1.8989872068230278)	(3.0, 1.0294509594882728)	(4.0, 0.7995735607675907)	(5.0, 0.816231343283582)	(6.0, 0.4797441364605544)	(7.0, 0.46641791044776115)	(8.0, 0.4797441364605544)	(9.0, 0.5397121535181236)	('>10', 9.305037313432836)	('>50', 7.316098081023455)	('>100', 22.10487739872068)	('>500', 26.805703624733475)	('>1k', 22.038246268656717)	('>5k', 0.0)	('>10k+', 0.0)
639B14_S84_L001_R2_001	(1.0, 8.47547974413646)	(2.0, 1.7923773987206824)	(3.0, 1.0894189765458422)	(4.0, 0.7862473347547975)	(5.0, 0.43310234541577824)	(6.0, 0.19989339019189767)	(7.0, 0.396455223880597)	(8.0, 0.15991471215351813)	(9.0, 0.1199360341151386)	('>10', 3.251599147121535)	('>50', 2.751865671641791)	('>100', 9.45495735607676)	('>500', 20.205890191897655)	('>1k', 50.882862473347544)	('>5k', 0.0)	('>10k+', 0.0)
640A0_S85_L001_R1_001	(1.0, 5.684598744636335)	(2.0, 1.7872974218943936)	(3.0, 1.3723890918117665)	(4.0, 0.9362034114684917)	(5.0, 0.6383205078194262)	(6.0, 0.5957658072981311)	(7.0, 0.6454129579063088)	(8.0, 0.6241356076456612)	(9.0, 0.3191602539097131)	('>10', 11.078407035710486)	('>50', 6.71655023227774)	('>100', 12.819603532040144)	('>500', 5.549842192985567)	('>1k', 51.23231320259583)	('>5k', 0.0)	('>10k+', 0.0)
640A0_S85_L001_R2_001	(1.0, 8.181141175218979)	(2.0, 1.8865917231107487)	(3.0, 1.106422213553672)	(4.0, 0.6241356076456612)	(5.0, 0.39008475477853827)	(6.0, 0.38299230469165574)	(7.0, 0.2234121777367992)	(8.0, 0.1702188020851803)	(9.0, 0.09574807617291393)	('>10', 3.6419731196141703)	('>50', 1.5106918685059754)	('>100', 10.854994857973688)	('>500', 31.678428313060746)	('>1k', 39.25316500585127)	('>5k', 0.0)	('>10k+', 0.0)
640A14_S86_L001_R1_001	(1.0, 5.590412407472682)	(2.0, 1.6566795911173775)	(3.0, 1.2689460697920338)	(4.0, 0.662671836446951)	(5.0, 0.7049700387733522)	(6.0, 0.5710257314064152)	(7.0, 0.5675008812125485)	(8.0, 0.3101868170602749)	(9.0, 0.4758547761720127)	('>10', 10.62037363412055)	('>50', 7.060274938315121)	('>100', 12.678886147338739)	('>500', 8.026083891434615)	('>1k', 49.80613323933733)	('>5k', 0.0)	('>10k+', 0.0)
640A14_S86_L001_R2_001	(1.0, 7.500881212548467)	(2.0, 1.8470215015861828)	(3.0, 0.9940077546704266)	(4.0, 0.676771237222418)	(5.0, 0.40535777229467745)	(6.0, 0.42298202326401124)	(7.0, 0.09869580542826929)	(8.0, 0.14099400775467041)	(9.0, 0.12689460697920338)	('>10', 3.7328163553048994)	('>50', 1.0821290095170955)	('>100', 7.994360239689813)	('>500', 30.010574550581598)	('>1k', 44.96651392315826)	('>5k', 0.0)	('>10k+', 0.0)
640B0_S87_L001_R1_001	(1.0, 6.003269106939422)	(2.0, 1.892119470999059)	(3.0, 1.2927831987716083)	(4.0, 1.1095150824706523)	(5.0, 0.755361830699886)	(6.0, 0.7875575808608648)	(7.0, 0.6587745802169498)	(8.0, 0.35662984793699537)	(9.0, 0.46807667541730646)	('>10', 9.116350487889445)	('>50', 6.042894645599088)	('>100', 23.537569963841694)	('>500', 19.92421615731339)	('>1k', 28.05488137104364)	('>5k', 0.0)	('>10k+', 0.0)
640B0_S87_L001_R2_001	(1.0, 7.263856555550053)	(2.0, 1.8128683936797265)	(3.0, 0.9807320818267373)	(4.0, 0.6538213878844915)	(5.0, 0.3838724057655159)	(6.0, 0.32691069394224576)	(7.0, 0.26004259745405917)	(8.0, 0.2377532319579969)	(9.0, 0.2674723859527466)	('>10', 3.385506959235227)	('>50', 2.0159492793105156)	('>100', 10.230818762692556)	('>500', 19.961365099806823)	('>1k', 52.2190301649413)	('>5k', 0.0)	('>10k+', 0.0)
640B14_S88_L001_R1_001	(1.0, 4.89788661970266)	(2.0, 1.6933709637991956)	(3.0, 0.9933554078979534)	(4.0, 0.7733505189004201)	(5.0, 0.7111269139314207)	(6.0, 0.4133425187226382)	(7.0, 0.5133447409942443)	(8.0, 0.4444543212071379)	(9.0, 0.4400097779950665)	('>10', 8.555745683237404)	('>50', 4.664548101068912)	('>100', 17.120380452898953)	('>500', 8.313518078179515)	('>1k', 37.56972377163937)	('>5k', 12.895842129825109)	('>10k+', 0.0)
640B14_S88_L001_R2_001	(1.0, 7.55794573212738)	(2.0, 1.8000400008889088)	(3.0, 1.0400231116247027)	(4.0, 0.7733505189004201)	(5.0, 0.4666770372674948)	(6.0, 0.4000088890864241)	(7.0, 0.40445343229849556)	(8.0, 0.16000355563456967)	(9.0, 0.08000177781728483)	('>10', 3.142292050934465)	('>50', 2.026711704704549)	('>100', 6.857930176226139)	('>500', 13.495855463454742)	('>1k', 61.79470654903443)	('>5k', 0.0)	('>10k+', 0.0)
644A14_S90_L001_R1_001	(1.0, 5.8087611174668785)	(2.0, 1.8083182640144666)	(3.0, 1.1624903125807284)	(4.0, 0.9595158135586965)	(5.0, 0.5720190426984537)	(6.0, 0.6421375059969738)	(7.0, 0.5424954792043399)	(8.0, 0.6199948333763886)	(9.0, 0.3985681071705355)	('>10', 8.997305974831162)	('>50', 7.118869247518175)	('>100', 11.613831789496992)	('>500', 32.41318227110012)	('>1k', 27.342510240986083)	('>5k', 0.0)	('>10k+', 0.0)
644A14_S90_L001_R2_001	(1.0, 7.753625862641621)	(2.0, 1.682843119164483)	(3.0, 1.051776949477802)	(4.0, 0.457615234158763)	(5.0, 0.36904454367642175)	(6.0, 0.5314241428940474)	(7.0, 0.3616636528028933)	(8.0, 0.17714138096468243)	(9.0, 0.13285603572351184)	('>10', 3.2512824297892755)	('>50', 1.3617743661659962)	('>100', 14.765472192493634)	('>500', 15.94272428682142)	('>1k', 52.16075580322544)	('>5k', 0.0)	('>10k+', 0.0)
644B0_S91_L001_R1_001	(1.0, 6.440040997608473)	(2.0, 1.8927229244960713)	(3.0, 1.5066621113768364)	(4.0, 0.9702767338571916)	(5.0, 0.8370345063204646)	(6.0, 0.6559617355654254)	(7.0, 0.5022207037922788)	(8.0, 0.4646395626921763)	(9.0, 0.49197130167406905)	('>10', 9.34745473180731)	('>50', 8.852066962760507)	('>100', 32.93474547318073)	('>500', 15.715749914588315)	('>1k', 19.38845234028015)	('>5k', 0.0)	('>10k+', 0.0)
644B0_S91_L001_R2_001	(1.0, 8.67782712675094)	(2.0, 1.8722241202596517)	(3.0, 0.9634437991117184)	(4.0, 0.5466347796378545)	(5.0, 0.23915271609156133)	(6.0, 0.36897847625555175)	(7.0, 0.19132217287324907)	(8.0, 0.2733173898189272)	(9.0, 0.030748206354629316)	('>10', 2.941578407926204)	('>50', 1.7970618380594465)	('>100', 17.792962077212163)	('>500', 26.610864366245302)	('>1k', 37.6938845234028)	('>5k', 0.0)	('>10k+', 0.0)
644B14_S92_L001_R1_001	(1.0, 5.632175608347173)	(2.0, 1.913495559246155)	(3.0, 1.0614484800346595)	(4.0, 0.7942811755361397)	(5.0, 0.8123330204346885)	(6.0, 0.6498664163477507)	(7.0, 0.5812694057332659)	(8.0, 0.4910101812405228)	(9.0, 0.2599465665391003)	('>10', 8.722651454978699)	('>50', 6.538378222254313)	('>100', 17.091486749945844)	('>500', 28.969600693190845)	('>1k', 26.482056466170846)	('>5k', 0.0)	('>10k+', 0.0)
644B14_S92_L001_R2_001	(1.0, 8.30745902231208)	(2.0, 1.725756372301249)	(3.0, 1.1156040147303055)	(4.0, 0.5487760849158784)	(5.0, 0.342985053072424)	(6.0, 0.3899198498086504)	(7.0, 0.2779984114376489)	(8.0, 0.2599465665391003)	(9.0, 0.16246660408693767)	('>10', 3.076034370712687)	('>50', 2.830529280092425)	('>100', 17.726911690374756)	('>500', 12.697667701639107)	('>1k', 50.53794497797674)	('>5k', 0.0)	('>10k+', 0.0)
651A0_S105_L001_R1_001	(1.0, 3.6812940553314593)	(2.0, 1.3568023469013568)	(3.0, 0.8373059528175041)	(4.0, 0.741555637045186)	(5.0, 0.5398688016949843)	(6.0, 0.44004400440044)	(7.0, 0.3279957625392169)	(8.0, 0.3585543739559141)	(9.0, 0.23835716905023838)	('>10', 5.818359613739152)	('>50', 3.0436376971030437)	('>100', 8.432139510247321)	('>500', 6.747341400806747)	('>1k', 67.43674367436743)	('>5k', 0.0)	('>10k+', 0.0)
651A0_S105_L001_R2_001	(1.0, 6.341930489345231)	(2.0, 1.4790367925681458)	(3.0, 1.1062217332844395)	(4.0, 0.863790082711975)	(5.0, 0.6111722283339445)	(6.0, 0.42782055983376116)	(7.0, 0.385038503850385)	(8.0, 0.34225644786700893)	(9.0, 0.18335166850018336)	('>10', 2.662673674774885)	('>50', 2.069836613290959)	('>100', 2.8663977508862)	('>500', 10.008963859348897)	('>1k', 70.65150959540398)	('>5k', 0.0)	('>10k+', 0.0)
651A14_S106_L001_R1_001	(1.0, 6.118056374572474)	(2.0, 1.7985611510791366)	(3.0, 1.141054369619059)	(4.0, 0.7783936784998231)	(5.0, 0.6928883123009789)	(6.0, 0.4068876046703621)	(7.0, 0.7430121476589221)	(8.0, 0.4953414317726147)	(9.0, 0.39804222196013683)	('>10', 6.943625427526831)	('>50', 7.418327632975587)	('>100', 28.723906121004834)	('>500', 21.072650076659983)	('>1k', 23.269253449699256)	('>5k', 0.0)	('>10k+', 0.0)
651A14_S106_L001_R2_001	(1.0, 8.005071352753863)	(2.0, 1.7690765420450525)	(3.0, 1.114518221488383)	(4.0, 0.6486613987498526)	(5.0, 0.6634037032668947)	(6.0, 0.4422691355112631)	(7.0, 0.24767071588630735)	(8.0, 0.1415261233636042)	(9.0, 0.2122891850454063)	('>10', 3.712112277391202)	('>50', 4.720485906356882)	('>100', 20.008255690529545)	('>500', 20.494751739591933)	('>1k', 37.819908008019816)	('>5k', 0.0)	('>10k+', 0.0)
651B0_S107_L001_R1_001	(1.0, 4.400325742045997)	(2.0, 1.4826879335036927)	(3.0, 0.7918901463031086)	(4.0, 0.629019123304597)	(5.0, 0.6739490606834967)	(6.0, 0.5054617955126226)	(7.0, 0.5307348852882536)	(8.0, 0.202184718205049)	(9.0, 0.404369436410098)	('>10', 6.590660189267361)	('>50', 8.233411024683384)	('>100', 20.325180421779788)	('>500', 0.0)	('>1k', 55.23012552301255)	('>5k', 0.0)	('>10k+', 0.0)
651B0_S107_L001_R2_001	(1.0, 6.669287579680436)	(2.0, 1.5444665973996798)	(3.0, 0.8845581421470895)	(4.0, 0.7076465137176715)	(5.0, 0.7581926932689337)	(6.0, 0.4549156159613602)	(7.0, 0.3734801044621044)	(8.0, 0.3145095616522985)	(9.0, 0.202184718205049)	('>10', 3.900480188705737)	('>50', 6.130128331133639)	('>100', 11.79130044087501)	('>500', 0.0)	('>1k', 66.268849512791)	('>5k', 0.0)	('>10k+', 0.0)
651B14_S108_L001_R1_001	(1.0, 5.394903982664574)	(2.0, 1.651348725995666)	(3.0, 0.9751176866173503)	(4.0, 0.7322722857356347)	(5.0, 0.5417320481207503)	(6.0, 0.7397444519166106)	(7.0, 0.5230516326683106)	(8.0, 0.3586639766868415)	(9.0, 0.4707464694014795)	('>10', 6.997683628483897)	('>50', 6.971531046850482)	('>100', 26.283344541582604)	('>500', 10.819696630053052)	('>1k', 37.54016289322274)	('>5k', 0.0)	('>10k+', 0.0)
651B14_S108_L001_R2_001	(1.0, 8.036314727639542)	(2.0, 1.830680714339087)	(3.0, 1.154449674960771)	(4.0, 0.7771052828214899)	(5.0, 0.44832997085855186)	(6.0, 0.4931629679444071)	(7.0, 0.3138309796009863)	(8.0, 0.2092206530673242)	(9.0, 0.23537323470073976)	('>10', 4.599118284390645)	('>50', 4.079802734812822)	('>100', 12.938055742359712)	('>500', 18.878427856235522)	('>1k', 46.0061271762684)	('>5k', 0.0)	('>10k+', 0.0)
653A0_S113_L001_R1_001	(1.0, 5.833518642057668)	(2.0, 1.6307167741457267)	(3.0, 0.9673115410273516)	(4.0, 0.9339559706470981)	(5.0, 0.66711140760507)	(6.0, 0.5336891260840559)	(7.0, 0.3632050996960937)	(8.0, 0.4743903342969387)	(9.0, 0.3669112741827885)	('>10', 10.877622118449338)	('>50', 6.652583203617227)	('>100', 16.12556519160922)	('>500', 20.48032021347565)	('>1k', 34.09309910310577)	('>5k', 0.0)	('>10k+', 0.0)
653A0_S113_L001_R2_001	(1.0, 8.942999036394633)	(2.0, 1.9865095248684308)	(3.0, 1.200800533689126)	(4.0, 0.5188644281372767)	(5.0, 0.333555703802535)	(6.0, 0.37802979764287303)	(7.0, 0.23348899266177453)	(8.0, 0.3854421466162627)	(9.0, 0.06671114076050699)	('>10', 7.134385886887555)	('>50', 6.6006967608034985)	('>100', 13.290341709287674)	('>500', 23.704692016900157)	('>1k', 35.2234823215477)	('>5k', 0.0)	('>10k+', 0.0)
653A14_S114_L001_R1_001	(1.0, 5.990711470163525)	(2.0, 1.685985247629083)	(3.0, 1.1005737033134293)	(4.0, 0.8742145728447097)	(5.0, 0.5268703898840885)	(6.0, 0.5385786207704015)	(7.0, 0.7102993404363267)	(8.0, 0.31221949030168206)	(9.0, 0.31612223393045313)	('>10', 11.891659836865315)	('>50', 4.0393396557780115)	('>100', 19.564453811029153)	('>500', 36.98239862623424)	('>1k', 15.466573000819576)	('>5k', 0.0)	('>10k+', 0.0)
653A14_S114_L001_R2_001	(1.0, 8.324552160168599)	(2.0, 1.8186785310072981)	(3.0, 1.0303243179955508)	(4.0, 0.6556609296335324)	(5.0, 0.5073566717402334)	(6.0, 0.3278304648167662)	(7.0, 0.3278304648167662)	(8.0, 0.2809975412715139)	(9.0, 0.21074815595363539)	('>10', 7.227881200483941)	('>50', 4.894040510478867)	('>100', 13.702532880615074)	('>500', 24.65363150294657)	('>1k', 36.03793466807165)	('>5k', 0.0)	('>10k+', 0.0)
653B0_S115_L001_R1_001	(1.0, 5.442414368284262)	(2.0, 1.730090383645603)	(3.0, 0.977539858023973)	(4.0, 0.7447922727801699)	(5.0, 0.6594514915241088)	(6.0, 0.5585942045851274)	(7.0, 0.38015438923154504)	(8.0, 0.6516932386826487)	(9.0, 0.34912137786570463)	('>10', 12.149423949726522)	('>50', 5.073897358314908)	('>100', 15.70270375111525)	('>500', 23.41440707552659)	('>1k', 32.16571628069359)	('>5k', 0.0)	('>10k+', 0.0)
653B0_S115_L001_R2_001	(1.0, 8.809496101477947)	(2.0, 2.110244772877148)	(3.0, 0.9426277202374026)	(4.0, 0.6051437216338881)	(5.0, 0.446099538383956)	(6.0, 0.41894565343884554)	(7.0, 0.10861553978044144)	(8.0, 0.18619806819504248)	(9.0, 0.20947282671942277)	('>10', 7.921176151130766)	('>50', 5.28337018503433)	('>100', 17.18453004383413)	('>500', 28.647348617091435)	('>1k', 27.12673106016525)	('>5k', 0.0)	('>10k+', 0.0)
653B14_S116_L001_R1_001	(1.0, 5.805405812945301)	(2.0, 1.6209899347834282)	(3.0, 0.916047800354356)	(4.0, 0.9952124250763373)	(5.0, 0.6785539261884118)	(6.0, 0.49760621253816867)	(7.0, 0.44859954009122777)	(8.0, 0.42221133185056736)	(9.0, 0.37320465940362646)	('>10', 10.559053040298563)	('>50', 4.991141101519206)	('>100', 13.74071700531534)	('>500', 28.57842952463528)	('>1k', 30.372827685000185)	('>5k', 0.0)	('>10k+', 0.0)
653B14_S116_L001_R2_001	(1.0, 8.591246654352169)	(2.0, 1.8999509933275531)	(3.0, 1.1987786029328609)	(4.0, 0.6182380216383307)	(5.0, 0.5277641648132092)	(6.0, 0.4297508199193275)	(7.0, 0.29027029064726506)	(8.0, 0.21110566592528368)	(9.0, 0.27142157047536475)	('>10', 7.083349040600143)	('>50', 3.2683680778075166)	('>100', 12.5193199381762)	('>500', 19.6479059071889)	('>1k', 43.44253025219588)	('>5k', 0.0)	('>10k+', 0.0)
655A14_S126_L001_R1_001	(1.0, 7.1345029239766085)	(2.0, 2.144249512670565)	(3.0, 1.3333333333333335)	(4.0, 1.2007797270955165)	(5.0, 1.01364522417154)	(6.0, 0.5380116959064328)	(7.0, 0.7641325536062379)	(8.0, 0.5925925925925926)	(9.0, 0.7017543859649122)	('>10', 8.261208576998051)	('>50', 9.481481481481481)	('>100', 45.62962962962963)	('>500', 16.682261208577)	('>1k', 4.522417153996101)	('>5k', 0.0)	('>10k+', 0.0)
655A14_S126_L001_R2_001	(1.0, 8.998050682261209)	(2.0, 1.902534113060429)	(3.0, 0.8888888888888888)	(4.0, 0.8576998050682261)	(5.0, 0.3898635477582846)	(6.0, 0.2807017543859649)	(7.0, 0.27290448343079926)	(8.0, 0.15594541910331383)	(9.0, 0.07017543859649122)	('>10', 7.235867446393762)	('>50', 6.939571150097466)	('>100', 23.62962962962963)	('>500', 21.430799220272906)	('>1k', 26.94736842105263)	('>5k', 0.0)	('>10k+', 0.0)
655B0_S127_L001_R1_001	(1.0, 6.048755873726702)	(2.0, 1.8922072597685198)	(3.0, 1.040713992872686)	(4.0, 0.9461036298842599)	(5.0, 0.6622725409189819)	(6.0, 0.5487401053328708)	(7.0, 0.6622725409189819)	(8.0, 0.5550474628654325)	(9.0, 0.567662177930556)	('>10', 6.897095461856255)	('>50', 5.399098047872844)	('>100', 34.324639692200954)	('>500', 32.20221388249393)	('>1k', 8.253177331357028)	('>5k', 0.0)	('>10k+', 0.0)
655B0_S127_L001_R2_001	(1.0, 8.262638367655871)	(2.0, 1.797596896780094)	(3.0, 0.9082594846888895)	(4.0, 0.5550474628654325)	(5.0, 0.4888202087735344)	(6.0, 0.378441451953704)	(7.0, 0.3752877731874231)	(8.0, 0.2522943013024693)	(9.0, 0.2554479800687502)	('>10', 4.077706644801161)	('>50', 4.017786748241824)	('>100', 38.22574032609039)	('>500', 13.60812387650194)	('>1k', 26.796808477088526)	('>5k', 0.0)	('>10k+', 0.0)
655B14_S128_L001_R1_001	(1.0, 7.768797867388821)	(2.0, 2.1833876359328057)	(3.0, 1.3455761012144036)	(4.0, 1.0663055896416027)	(5.0, 0.7828037066813355)	(6.0, 0.9139762196928025)	(7.0, 0.6812507933821351)	(8.0, 0.7785723352938687)	(9.0, 0.45698810984640126)	('>10', 9.10591122582829)	('>50', 9.139762196928023)	('>100', 45.83844624042652)	('>500', 15.588372191427242)	('>1k', 4.349849786315745)	('>5k', 0.0)	('>10k+', 0.0)
655B14_S128_L001_R2_001	(1.0, 9.474040536537892)	(2.0, 1.7179367833114714)	(3.0, 0.9647526763424026)	(4.0, 0.6600939364448017)	(5.0, 0.4019802818093344)	(6.0, 0.4062116531968011)	(7.0, 0.3258155968349342)	(8.0, 0.16925485549866712)	(9.0, 0.11424702746160031)	('>10', 7.167943130368553)	('>50', 8.923962256167224)	('>100', 30.013117251301146)	('>500', 10.861930351626963)	('>1k', 28.79871366309821)	('>5k', 0.0)	('>10k+', 0.0)
656A0_S117_L001_R1_001	(1.0, 5.95291596086701)	(2.0, 1.9704774086493588)	(3.0, 0.9126421682165452)	(4.0, 0.8573305216579665)	(5.0, 0.6395409133335638)	(6.0, 0.622256023784008)	(7.0, 0.5081757527569399)	(8.0, 0.33186987935147094)	(9.0, 0.43557921664880556)	('>10', 8.611331973588689)	('>50', 7.591523490164898)	('>100', 25.325820168009127)	('>500', 20.703840702457914)	('>1k', 25.536695820513707)	('>5k', 0.0)	('>10k+', 0.0)
656A0_S117_L001_R2_001	(1.0, 8.863691361012203)	(2.0, 1.6593493967573547)	(3.0, 0.9126421682165452)	(4.0, 0.8435026100183219)	(5.0, 0.5876862446848965)	(6.0, 0.5185466864866733)	(7.0, 0.36298268054067134)	(8.0, 0.5254606423064957)	(9.0, 0.155564005946002)	('>10', 3.1320219863795074)	('>50', 5.527707677947938)	('>100', 30.19324506516403)	('>500', 5.4343692743803365)	('>1k', 41.28323020015902)	('>5k', 0.0)	('>10k+', 0.0)
656A14_S118_L001_R1_001	(1.0, 5.521119560355294)	(2.0, 1.9873474343408526)	(3.0, 1.2460860118857435)	(4.0, 0.7668221611604575)	(5.0, 0.5591411591795002)	(6.0, 0.613457728928366)	(7.0, 0.5591411591795002)	(8.0, 0.5112147741069717)	(9.0, 0.4888491277397917)	('>10', 7.530832641063327)	('>50', 5.993993226404243)	('>100', 19.333503738258035)	('>500', 19.180139306025946)	('>1k', 35.70835197137197)	('>5k', 0.0)	('>10k+', 0.0)
656A14_S118_L001_R2_001	(1.0, 7.454150424947281)	(2.0, 1.482522844910218)	(3.0, 0.987283532494089)	(4.0, 0.920186593392549)	(5.0, 0.4632883890344431)	(6.0, 0.479263850725286)	(7.0, 0.5367755128123203)	(8.0, 0.613457728928366)	(9.0, 0.3450699725222059)	('>10', 3.1407757684197075)	('>50', 4.131254393251965)	('>100', 20.413444948559015)	('>500', 0.0)	('>1k', 59.03252604000255)	('>5k', 0.0)	('>10k+', 0.0)
656B0_S119_L001_R1_001	(1.0, 5.944888888888889)	(2.0, 1.8062222222222222)	(3.0, 1.0133333333333332)	(4.0, 0.8106666666666666)	(5.0, 0.48)	(6.0, 0.5973333333333333)	(7.0, 0.3982222222222222)	(8.0, 0.48355555555555557)	(9.0, 0.384)	('>10', 11.60888888888889)	('>50', 6.076444444444444)	('>100', 15.911111111111111)	('>500', 29.560888888888886)	('>1k', 24.924444444444443)	('>5k', 0.0)	('>10k+', 0.0)
656B0_S119_L001_R2_001	(1.0, 8.053333333333333)	(2.0, 1.7777777777777777)	(3.0, 0.8)	(4.0, 0.5262222222222221)	(5.0, 0.5688888888888889)	(6.0, 0.5546666666666666)	(7.0, 0.4728888888888889)	(8.0, 0.3982222222222222)	(9.0, 0.192)	('>10', 5.7457777777777785)	('>50', 4.728888888888889)	('>100', 23.17511111111111)	('>500', 6.535111111111111)	('>1k', 46.471111111111114)	('>5k', 0.0)	('>10k+', 0.0)
656B14_S120_L001_R1_001	(1.0, 6.584646046529455)	(2.0, 1.9010386723391208)	(3.0, 0.9198574220995746)	(4.0, 0.7052240236096738)	(5.0, 0.26829174811237594)	(6.0, 0.5979073243647235)	(7.0, 0.40243762216856394)	(8.0, 0.2759572266298724)	(9.0, 0.4484304932735426)	('>10', 11.958146487294469)	('>50', 5.453987965198728)	('>100', 23.8894637997777)	('>500', 27.384922003756085)	('>1k', 19.209689164846118)	('>5k', 0.0)	('>10k+', 0.0)
656B14_S120_L001_R2_001	(1.0, 9.225403395806984)	(2.0, 1.8320493656816528)	(3.0, 1.011843164309532)	(4.0, 0.7512168947146526)	(5.0, 0.5749108888122342)	(6.0, 0.29895366218236175)	(7.0, 0.26829174811237594)	(8.0, 0.2759572266298724)	(9.0, 0.17247326664367024)	('>10', 6.243532252500862)	('>50', 5.0477176037714155)	('>100', 17.783910160591777)	('>500', 25.039285577402172)	('>1k', 31.474454792840444)	('>5k', 0.0)	('>10k+', 0.0)
676A0_S133_L001_R1_001	(1.0, 5.9294253760123405)	(2.0, 1.748296696233449)	(3.0, 1.0701889703046663)	(4.0, 0.9512790847152589)	(5.0, 0.658825041779149)	(6.0, 0.4242190512919399)	(7.0, 0.6299010155546986)	(8.0, 0.35994343745982776)	(9.0, 0.520632472040108)	('>10', 9.287826198740198)	('>50', 6.379354672837126)	('>100', 16.859493508163006)	('>500', 28.830826584393883)	('>1k', 26.349787890474353)	('>5k', 0.0)	('>10k+', 0.0)
676A0_S133_L001_R2_001	(1.0, 10.06877490680036)	(2.0, 1.9282684149633629)	(3.0, 0.9930582337061319)	(4.0, 0.6041907700218537)	(5.0, 0.5463427175729528)	(6.0, 0.34708831469340534)	(7.0, 0.29245404293611005)	(8.0, 0.38565368299267255)	(9.0, 0.5495564982645584)	('>10', 7.738783905386297)	('>50', 4.8013883532587736)	('>100', 27.580665895359303)	('>500', 22.120452500321377)	('>1k', 22.043321763722844)	('>5k', 0.0)	('>10k+', 0.0)
676A14_S134_L001_R1_001	(1.0, 6.258466540232998)	(2.0, 1.872422408862398)	(3.0, 1.1469339835636232)	(4.0, 0.6502302898943376)	(5.0, 0.7676329811252597)	(6.0, 0.559920527409013)	(7.0, 0.4214455582648484)	(8.0, 0.529817273247238)	(9.0, 0.3522080736927662)	('>10', 9.494566362623798)	('>50', 4.927902706282549)	('>100', 18.937957193172583)	('>500', 28.8178452090671)	('>1k', 25.262650892561485)	('>5k', 0.0)	('>10k+', 0.0)
676A14_S134_L001_R2_001	(1.0, 9.030976248532466)	(2.0, 1.7520093922152986)	(3.0, 0.9934073873385713)	(4.0, 0.8549324181944068)	(5.0, 0.40639393118396094)	(6.0, 0.4154249074324935)	(7.0, 0.3371564466118787)	(8.0, 0.19266082663535927)	(9.0, 0.270929287455974)	('>10', 8.013486257864475)	('>50', 3.6816279839850687)	('>100', 27.002618983112075)	('>500', 16.12330292904663)	('>1k', 30.92507300039134)	('>5k', 0.0)	('>10k+', 0.0)
676B0_S135_L001_R1_001	(1.0, 5.316288877174486)	(2.0, 1.787032156035846)	(3.0, 1.0042171850289932)	(4.0, 0.7274644175013179)	(5.0, 0.4348972061149182)	(6.0, 0.49024775962045336)	(7.0, 0.36900369003690037)	(8.0, 0.632577754348972)	(9.0, 0.3558249868212968)	('>10', 8.147074327886136)	('>50', 7.045334739061676)	('>100', 14.833948339483394)	('>500', 24.38323668950975)	('>1k', 34.47285187137586)	('>5k', 0.0)	('>10k+', 0.0)
676B0_S135_L001_R2_001	(1.0, 8.552978386926727)	(2.0, 1.871375856615709)	(3.0, 1.0595677385345281)	(4.0, 0.6642066420664207)	(5.0, 0.4480759093305219)	(6.0, 0.3637322087506589)	(7.0, 0.46125461254612543)	(8.0, 0.316288877174486)	(9.0, 0.37954665260938325)	('>10', 6.660516605166052)	('>50', 3.1997891407485506)	('>100', 24.42013705851344)	('>500', 19.15919873484449)	('>1k', 32.44333157617291)	('>5k', 0.0)	('>10k+', 0.0)
676B14_S136_L001_R1_001	(1.0, 5.825986968187045)	(2.0, 1.9215535965248498)	(3.0, 1.1115369873514758)	(4.0, 0.9505557684936758)	(5.0, 0.4854989140155871)	(6.0, 0.6439248754311997)	(7.0, 0.518717260764022)	(8.0, 0.40884119074996805)	(9.0, 0.36795707167497127)	('>10', 8.677654273668072)	('>50', 4.464034751501214)	('>100', 29.181039989778974)	('>500', 17.8868020953111)	('>1k', 27.555896256547847)	('>5k', 0.0)	('>10k+', 0.0)
676B14_S136_L001_R2_001	(1.0, 9.699757250542993)	(2.0, 2.0799795579404625)	(3.0, 0.9198926791874281)	(4.0, 0.6848089945061965)	(5.0, 0.4343937651718411)	(6.0, 0.30663089306247604)	(7.0, 0.1967548230484221)	(8.0, 0.2657467739874792)	(9.0, 0.2759678037562284)	('>10', 7.195604957199437)	('>50', 4.803883991312125)	('>100', 22.478599718921682)	('>500', 26.845534687619775)	('>1k', 23.812444103743452)	('>5k', 0.0)	('>10k+', 0.0)
678A0_S141_L001_R1_001	(1.0, 5.830782489821392)	(2.0, 1.7117893548099499)	(3.0, 0.9450503729679932)	(4.0, 0.8677821034800439)	(5.0, 0.7726826948794913)	(6.0, 0.4457784778150911)	(7.0, 0.43686290825878926)	(8.0, 0.737020416654284)	(9.0, 0.45469404737139296)	('>10', 7.768432940057654)	('>50', 3.5781152485957977)	('>100', 33.56117566643883)	('>500', 15.29614550209516)	('>1k', 27.593687776754138)	('>5k', 0.0)	('>10k+', 0.0)
678A0_S141_L001_R2_001	(1.0, 9.596124699099526)	(2.0, 1.97331272846147)	(3.0, 1.0074593598621058)	(4.0, 0.760795268804422)	(5.0, 0.41605991262741837)	(6.0, 0.26746708668905467)	(7.0, 0.20802995631370919)	(8.0, 0.16642396505096732)	(9.0, 0.26746708668905467)	('>10', 6.653986745519927)	('>50', 7.2810484709798216)	('>100', 17.84599839519748)	('>500', 31.379832981663647)	('>1k', 22.175993343041398)	('>5k', 0.0)	('>10k+', 0.0)
678A14_S142_L001_R1_001	(1.0, 6.024130428640049)	(2.0, 1.859229747675963)	(3.0, 1.1782656607612105)	(4.0, 0.6555338927976039)	(5.0, 0.6216269673080727)	(6.0, 0.4238365686191405)	(7.0, 0.4153598372467576)	(8.0, 0.4294877228673956)	(9.0, 0.4068831058743749)	('>10', 9.022067757339435)	('>50', 5.512700969172953)	('>100', 26.088553587070155)	('>500', 17.617473368935606)	('>1k', 29.74485038569128)	('>5k', 0.0)	('>10k+', 0.0)
678A14_S142_L001_R2_001	(1.0, 9.18312565341471)	(2.0, 2.1248339973439574)	(3.0, 1.0341612274307026)	(4.0, 0.7346500522731768)	(5.0, 0.4238365686191405)	(6.0, 0.356022717640078)	(7.0, 0.1977903986889322)	(8.0, 0.13562770195812496)	(9.0, 0.2797321352886327)	('>10', 7.126105507049815)	('>50', 5.69353790511712)	('>100', 22.58766353027606)	('>500', 28.98759571642508)	('>1k', 21.13531688847447)	('>5k', 0.0)	('>10k+', 0.0)
678B0_S143_L001_R1_001	(1.0, 5.363333876259395)	(2.0, 1.7125439188403098)	(3.0, 0.8655792633268957)	(4.0, 0.9214230867673407)	(5.0, 0.5002675849873188)	(6.0, 0.4746724992437816)	(7.0, 0.6677990553086535)	(8.0, 0.4653651953370408)	(9.0, 0.2931800730623357)	('>10', 7.925169276589804)	('>50', 3.3832049701002864)	('>100', 27.551946389929498)	('>500', 15.426856225422899)	('>1k', 34.44865858482444)	('>5k', 0.0)	('>10k+', 0.0)
678B0_S143_L001_R2_001	(1.0, 8.439397817437234)	(2.0, 1.987109384089164)	(3.0, 1.1378179025990647)	(4.0, 0.7631989203527468)	(5.0, 0.4886334551038928)	(6.0, 0.2792191172022244)	(7.0, 0.32575563673592856)	(8.0, 0.16753147032133467)	(9.0, 0.14659003653116784)	('>10', 5.333085138562487)	('>50', 4.2301696256137)	('>100', 17.63734090327384)	('>500', 27.45887335086209)	('>1k', 31.60527724131512)	('>5k', 0.0)	('>10k+', 0.0)
678B14_S144_L001_R1_001	(1.0, 5.354358334632777)	(2.0, 1.8127241540620613)	(3.0, 1.0291595197255576)	(4.0, 0.6861063464837049)	(5.0, 0.6529705286137533)	(6.0, 0.4794947762357711)	(7.0, 0.40932480898175577)	(8.0, 0.4210198035240917)	(9.0, 0.4561047871510993)	('>10', 6.625214408233276)	('>50', 4.323249649150164)	('>100', 27.87112116014346)	('>500', 15.295103695618275)	('>1k', 34.584048027444254)	('>5k', 0.0)	('>10k+', 0.0)
678B14_S144_L001_R2_001	(1.0, 8.99929830032746)	(2.0, 1.859504132231405)	(3.0, 0.9531420552003742)	(4.0, 0.7484796507094963)	(5.0, 0.6432246998284734)	(6.0, 0.3391548417277405)	(7.0, 0.4502572898799314)	(8.0, 0.389833151411196)	(9.0, 0.2806798690160611)	('>10', 4.640963667550289)	('>50', 4.890456884453454)	('>100', 24.35872446592858)	('>500', 11.720333697177608)	('>1k', 39.725947294557926)	('>5k', 0.0)	('>10k+', 0.0)
681A0_S153_L001_R1_001	(1.0, 4.561336415943817)	(2.0, 1.533193109322579)	(3.0, 0.7509517270151408)	(4.0, 0.6883724164305456)	(5.0, 0.6171015349314235)	(6.0, 0.45891494428703045)	(7.0, 0.2677003841674344)	(8.0, 0.25031724233838026)	(9.0, 0.265962069984529)	('>10', 5.65299772280842)	('>50', 4.806438715733482)	('>100', 21.270012342030697)	('>500', 7.933665930780329)	('>1k', 41.77864307194882)	('>5k', 9.164392372277366)	('>10k+', 0.0)
681A0_S153_L001_R2_001	(1.0, 7.394788534079649)	(2.0, 1.5366697376883898)	(3.0, 0.9439046013176421)	(4.0, 0.639699619309194)	(5.0, 0.44327011664088173)	(6.0, 0.49020459957932794)	(7.0, 0.37721417769047577)	(8.0, 0.3337563231178403)	(9.0, 0.265962069984529)	('>10', 3.494011507639891)	('>50', 4.239748292106315)	('>100', 17.360543744676413)	('>500', 11.585864029064613)	('>1k', 50.89436264710484)	('>5k', 0.0)	('>10k+', 0.0)
681A14_S154_L001_R1_001	(1.0, 4.967860219566609)	(2.0, 1.4843939829029622)	(3.0, 0.9343729981665968)	(4.0, 0.6891829206335182)	(5.0, 0.5080515120054782)	(6.0, 0.43736608424819423)	(7.0, 0.43294824501336393)	(8.0, 0.42411256654370344)	(9.0, 0.37772525457798595)	('>10', 7.4153431556625655)	('>50', 7.21874930971262)	('>100', 20.313224801749463)	('>500', 8.108943915530913)	('>1k', 46.68772503368602)	('>5k', 0.0)	('>10k+', 0.0)
681A14_S154_L001_R2_001	(1.0, 8.071392282034857)	(2.0, 1.8024784078107396)	(3.0, 1.0205208632457865)	(4.0, 0.7775397053301231)	(5.0, 0.46387311965717565)	(6.0, 0.3445914603167591)	(7.0, 0.15462437321905856)	(8.0, 0.17671356939320979)	(9.0, 0.3180844249077776)	('>10', 5.824921031123678)	('>50', 4.3118110931943185)	('>100', 9.438713525214817)	('>500', 18.689668882949352)	('>1k', 48.60506726160235)	('>5k', 0.0)	('>10k+', 0.0)
681B0_S155_L001_R1_001	(1.0, 5.139929050059125)	(2.0, 1.3454211010379713)	(3.0, 0.9065825778478518)	(4.0, 0.8093548810931547)	(5.0, 0.5781106293522533)	(6.0, 0.5833661805281829)	(7.0, 0.570227302588359)	(8.0, 0.5886217317041125)	(9.0, 0.49664958612534493)	('>10', 8.206543161214032)	('>50', 3.7156746813822097)	('>100', 21.25607673104717)	('>500', 13.383261069504664)	('>1k', 42.42018131651557)	('>5k', 0.0)	('>10k+', 0.0)
681B0_S155_L001_R2_001	(1.0, 8.674287215871765)	(2.0, 1.8657206674549995)	(3.0, 1.1430823807646828)	(4.0, 0.8198659834450138)	(5.0, 0.7489160425699646)	(6.0, 0.37839968466692947)	(7.0, 0.33109972408356325)	(8.0, 0.25226645644461965)	(9.0, 0.07094994087504927)	('>10', 5.489423203258442)	('>50', 2.958875312048351)	('>100', 12.347917487846537)	('>500', 24.08356326369728)	('>1k', 40.835632636972804)	('>5k', 0.0)	('>10k+', 0.0)
681B14_S156_L001_R1_001	(1.0, 5.393928204046105)	(2.0, 1.4401392662147547)	(3.0, 0.9020652546619892)	(4.0, 0.8123862527365284)	(5.0, 0.6066520718487062)	(6.0, 0.5222483053306254)	(7.0, 0.4431197742199246)	(8.0, 0.569725423997046)	(9.0, 0.3798169493313639)	('>10', 9.363542848099597)	('>50', 5.124891198269723)	('>100', 18.54772769234827)	('>500', 16.189697465249388)	('>1k', 39.704059293645976)	('>5k', 0.0)	('>10k+', 0.0)
681B14_S156_L001_R2_001	(1.0, 9.244850051433545)	(2.0, 2.194497929470103)	(3.0, 1.0840608762166013)	(4.0, 0.8018357819217682)	(5.0, 0.5011473637011051)	(6.0, 0.3798169493313639)	(7.0, 0.3138765067391132)	(8.0, 0.16880753303616175)	(9.0, 0.2611241526653127)	('>10', 7.237622978925434)	('>50', 3.360324954501095)	('>100', 16.126394640360825)	('>500', 25.632368844459684)	('>1k', 32.69327143723789)	('>5k', 0.0)	('>10k+', 0.0)
682A0_S145_L001_R1_001	(1.0, 4.608015112670355)	(2.0, 1.4876534880582917)	(3.0, 0.9614087167723655)	(4.0, 0.6409391445149103)	(5.0, 0.6240723249224127)	(6.0, 0.5464849547969235)	(7.0, 0.306976116583457)	(8.0, 0.24288220213196599)	(9.0, 0.3187828902982054)	('>10', 6.498785588989341)	('>50', 4.972338415868304)	('>100', 17.667993523141277)	('>500', 17.72871407367427)	('>1k', 43.39495344757792)	('>5k', 0.0)	('>10k+', 0.0)
682A0_S145_L001_R2_001	(1.0, 7.57320199703144)	(2.0, 1.6900553231682633)	(3.0, 0.9765888544056132)	(4.0, 0.6206989610039131)	(5.0, 0.5228714073674268)	(6.0, 0.40480367021994335)	(7.0, 0.3187828902982054)	(8.0, 0.2833625691539603)	(9.0, 0.27324247739846175)	('>10', 3.9249089191742006)	('>50', 1.9599244366482256)	('>100', 16.708271488328162)	('>500', 22.803940089056805)	('>1k', 41.93934691674538)	('>5k', 0.0)	('>10k+', 0.0)
682A14_S146_L001_R1_001	(1.0, 5.542666233585448)	(2.0, 1.7632592455106493)	(3.0, 0.9465918054846643)	(4.0, 0.9465918054846643)	(5.0, 0.5684190988817224)	(6.0, 0.4176140318314695)	(7.0, 0.5684190988817224)	(8.0, 0.5568187091086261)	(9.0, 0.48025613660619)	('>10', 6.020602292237019)	('>50', 8.505405781634263)	('>100', 29.775880469583775)	('>500', 5.4081017122175306)	('>1k', 38.49937357895225)	('>5k', 0.0)	('>10k+', 0.0)
682A14_S146_L001_R2_001	(1.0, 7.918426059115586)	(2.0, 1.5219711382302445)	(3.0, 1.0997169504895365)	(4.0, 0.733144633659691)	(5.0, 0.4292144216045659)	(6.0, 0.3758526286483226)	(7.0, 0.40601364205837315)	(8.0, 0.37121247273908403)	(9.0, 0.2714491206904552)	('>10', 4.180780474223933)	('>50', 4.157579694677741)	('>100', 21.110389309080784)	('>500', 13.454132058837176)	('>1k', 43.970117395944506)	('>5k', 0.0)	('>10k+', 0.0)
682B0_S147_L001_R1_001	(1.0, 4.455197060654125)	(2.0, 1.3492079426586625)	(3.0, 0.9637199590419017)	(4.0, 0.6023249744011886)	(5.0, 0.5220149778143635)	(6.0, 0.4939064790089746)	(7.0, 0.3794647338727488)	(8.0, 0.2891159877125705)	(9.0, 0.32525548617664185)	('>10', 6.410745477543317)	('>50', 5.902784749131648)	('>100', 19.47918967213444)	('>500', 7.073302949384624)	('>1k', 41.21709799827333)	('>5k', 10.536671552191459)	('>10k+', 0.0)
682B0_S147_L001_R2_001	(1.0, 7.587286927540306)	(2.0, 1.622261931053868)	(3.0, 1.0420222057140562)	(4.0, 0.5702009757664586)	(5.0, 0.41158873250747885)	(6.0, 0.4095809825928083)	(7.0, 0.32324773626197123)	(8.0, 0.22486799044311043)	(9.0, 0.19876724155239223)	('>10', 3.1561828658622284)	('>50', 2.557873391290381)	('>100', 16.106169815487785)	('>500', 20.075491396791616)	('>1k', 45.714457807135545)	('>5k', 0.0)	('>10k+', 0.0)
682B14_S148_L001_R1_001	(1.0, 5.951523186442632)	(2.0, 1.9598236158745712)	(3.0, 1.0807850822837708)	(4.0, 0.9683834337262588)	(5.0, 0.5043663717324265)	(6.0, 0.6398247687119923)	(7.0, 0.5850649912096146)	(8.0, 0.6917024526616135)	(9.0, 0.44096031357177856)	('>10', 7.455976020981642)	('>50', 6.954491742801972)	('>100', 33.34582240539528)	('>500', 7.36951321439894)	('>1k', 32.051762400207515)	('>5k', 0.0)	('>10k+', 0.0)
682B14_S148_L001_R2_001	(1.0, 9.447502665936536)	(2.0, 1.631264950860305)	(3.0, 1.03755367899242)	(4.0, 0.726287575294694)	(5.0, 0.5620082427875608)	(6.0, 0.674409891345073)	(7.0, 0.3833184425166441)	(8.0, 0.29973772948669913)	(9.0, 0.28532726172291556)	('>10', 4.539297345591838)	('>50', 5.406807504971612)	('>100', 27.72285788396691)	('>500', 11.191169265354354)	('>1k', 36.09245756117244)	('>5k', 0.0)	('>10k+', 0.0)
688A0_S137_L001_R1_001	(1.0, 6.088498245878758)	(2.0, 1.8786072654570145)	(3.0, 1.2448602361462144)	(4.0, 0.7997283941302953)	(5.0, 0.5281225244256668)	(6.0, 0.7016484967369573)	(7.0, 0.5809347768682335)	(8.0, 0.5733901693764383)	(9.0, 0.7129654079746501)	('>10', 8.612169451884267)	('>50', 5.311403674223849)	('>100', 31.98159115772002)	('>500', 20.740125994945114)	('>1k', 20.245954204232525)	('>5k', 0.0)	('>10k+', 0.0)
688A0_S137_L001_R2_001	(1.0, 9.227054962465578)	(2.0, 1.667358255686748)	(3.0, 1.0411558338677431)	(4.0, 0.4677656644913048)	(5.0, 0.5281225244256668)	(6.0, 0.27160586970462863)	(7.0, 0.31687351465540003)	(8.0, 0.24142743973744768)	(9.0, 0.44135953827002145)	('>10', 5.741446301256177)	('>50', 2.5878003696857674)	('>100', 24.033347165113735)	('>500', 24.255913086121694)	('>1k', 29.17876947451809)	('>5k', 0.0)	('>10k+', 0.0)
688A14_S138_L001_R1_001	(1.0, 7.052401746724891)	(2.0, 1.5982532751091703)	(3.0, 0.9039301310043667)	(4.0, 0.7685589519650655)	(5.0, 0.74235807860262)	(6.0, 0.7860262008733625)	(7.0, 0.7030567685589519)	(8.0, 0.5589519650655022)	(9.0, 0.5502183406113537)	('>10', 9.593886462882097)	('>50', 4.441048034934498)	('>100', 38.07423580786026)	('>500', 17.68122270742358)	('>1k', 16.54585152838428)	('>5k', 0.0)	('>10k+', 0.0)
688A14_S138_L001_R2_001	(1.0, 8.864628820960698)	(2.0, 1.7729257641921397)	(3.0, 1.0218340611353711)	(4.0, 0.6462882096069869)	(5.0, 0.41484716157205237)	(6.0, 0.26200873362445415)	(7.0, 0.24454148471615722)	(8.0, 0.2096069868995633)	(9.0, 0.39301310043668125)	('>10', 6.572052401746725)	('>50', 2.6331877729257642)	('>100', 28.860262008733624)	('>500', 19.445414847161572)	('>1k', 28.659388646288207)	('>5k', 0.0)	('>10k+', 0.0)
688B0_S139_L001_R1_001	(1.0, 6.124286069034021)	(2.0, 1.787931462627266)	(3.0, 1.0708964489694561)	(4.0, 0.7698038241867395)	(5.0, 0.6208095356344674)	(6.0, 0.46560715172585054)	(7.0, 0.6301216786689844)	(8.0, 0.32282095852992304)	(9.0, 0.6146014402781227)	('>10', 8.775142786193197)	('>50', 6.204991308666501)	('>100', 35.18438043208344)	('>500', 15.302955053389619)	('>1k', 22.125651850012414)	('>5k', 0.0)	('>10k+', 0.0)
688B0_S139_L001_R2_001	(1.0, 8.824807549043953)	(2.0, 1.6948100322820958)	(3.0, 1.0429600198659053)	(4.0, 0.7946362056121182)	(5.0, 0.46560715172585054)	(6.0, 0.29798857710454435)	(7.0, 0.23901167121926992)	(8.0, 0.19865905140302956)	(9.0, 0.30730072013906135)	('>10', 5.385522721629004)	('>50', 2.685001241619071)	('>100', 27.790538862676932)	('>500', 20.00248323814254)	('>1k', 30.270672957536625)	('>5k', 0.0)	('>10k+', 0.0)
688B14_S140_L001_R1_001	(1.0, 5.836439888164026)	(2.0, 1.6775396085740912)	(3.0, 0.8562441752096925)	(4.0, 1.0251630941286114)	(5.0, 0.5387931034482759)	(6.0, 0.4193849021435228)	(7.0, 0.34657502329916123)	(8.0, 0.32618825722274)	(9.0, 0.2883271202236719)	('>10', 9.203168685927308)	('>50', 5.277260018639329)	('>100', 22.617660764212488)	('>500', 15.726933830382105)	('>1k', 35.860321528424976)	('>5k', 0.0)	('>10k+', 0.0)
688B14_S140_L001_R2_001	(1.0, 8.85950605778192)	(2.0, 1.863932898415657)	(3.0, 0.8737185461323392)	(4.0, 0.6756756756756757)	(5.0, 0.4805452003727866)	(6.0, 0.4193849021435228)	(7.0, 0.34657502329916123)	(8.0, 0.2096924510717614)	(9.0, 0.18348089468779122)	('>10', 3.9404706430568504)	('>50', 2.9706430568499536)	('>100', 26.712488350419385)	('>500', 13.874650512581546)	('>1k', 38.58923578751165)	('>5k', 0.0)	('>10k+', 0.0)
692A0_S157_L001_R1_001	(1.0, 5.514808801298919)	(2.0, 1.7412238956385422)	(3.0, 0.9909859470354403)	(4.0, 0.727842785958233)	(5.0, 0.6298639493869324)	(6.0, 0.6046693914114551)	(7.0, 0.646660321370584)	(8.0, 0.3135322770281619)	(9.0, 0.35272381165668215)	('>10', 11.480320250825821)	('>50', 7.15805386036616)	('>100', 10.35216393259056)	('>500', 23.632495380997703)	('>1k', 35.8546553944348)	('>5k', 0.0)	('>10k+', 0.0)
692A0_S157_L001_R2_001	(1.0, 8.935669895302615)	(2.0, 1.9483791501035777)	(3.0, 1.1421532948883042)	(4.0, 0.8398185991825766)	(5.0, 0.3219304630199877)	(6.0, 0.45350204355859136)	(7.0, 0.2743407423996417)	(8.0, 0.11197581322434354)	(9.0, 0.20155646380381836)	('>10', 6.30703767986115)	('>50', 5.506410615307094)	('>100', 11.634286994009294)	('>500', 20.737920609148425)	('>1k', 41.585017636190585)	('>5k', 0.0)	('>10k+', 0.0)
692A14_S158_L001_R1_001	(1.0, 5.915898617511521)	(2.0, 1.555299539170507)	(3.0, 0.9850230414746544)	(4.0, 0.7949308755760368)	(5.0, 0.7056451612903225)	(6.0, 0.4147465437788019)	(7.0, 0.342741935483871)	(8.0, 0.3686635944700461)	(9.0, 0.4925115207373272)	('>10', 11.601382488479263)	('>50', 6.313364055299539)	('>100', 19.130184331797235)	('>500', 20.164170506912445)	('>1k', 31.215437788018434)	('>5k', 0.0)	('>10k+', 0.0)
692A14_S158_L001_R2_001	(1.0, 8.963133640552995)	(2.0, 1.8951612903225805)	(3.0, 1.0023041474654377)	(4.0, 0.6451612903225806)	(5.0, 0.5040322580645161)	(6.0, 0.29377880184331795)	(7.0, 0.26209677419354843)	(8.0, 0.09216589861751152)	(9.0, 0.1814516129032258)	('>10', 6.489055299539171)	('>50', 6.41705069124424)	('>100', 15.86405529953917)	('>500', 22.963709677419356)	('>1k', 34.42684331797235)	('>5k', 0.0)	('>10k+', 0.0)
692B0_S159_L001_R1_001	(1.0, 5.725723297143204)	(2.0, 1.9227269970279615)	(3.0, 1.1008673500333597)	(4.0, 0.7278461818402377)	(5.0, 0.833990416691939)	(6.0, 0.5458846363801783)	(7.0, 0.6793231030508886)	(8.0, 0.38818463031479344)	(9.0, 0.35482501364711594)	('>10', 8.700794565415174)	('>50', 9.095044580578637)	('>100', 26.787772184145087)	('>500', 11.187602353369321)	('>1k', 31.949414690362104)	('>5k', 0.0)	('>10k+', 0.0)
692B0_S159_L001_R2_001	(1.0, 9.104142657851641)	(2.0, 1.92879238187663)	(3.0, 1.0553769636683448)	(4.0, 0.6308000242615395)	(5.0, 0.48523078789349183)	(6.0, 0.327530781828107)	(7.0, 0.29720385758476375)	(8.0, 0.19409231515739672)	(9.0, 0.21835385455207132)	('>10', 5.828834839570571)	('>50', 5.152544428944016)	('>100', 20.385758476375326)	('>500', 30.79699156911506)	('>1k', 23.59434706132104)	('>5k', 0.0)	('>10k+', 0.0)
692B14_S160_L001_R1_001	(1.0, 5.78883704855711)	(2.0, 1.6035942630032833)	(3.0, 1.088646967340591)	(4.0, 0.9123898392949714)	(5.0, 0.6220839813374806)	(6.0, 0.6842923794712287)	(7.0, 0.4596509417660273)	(8.0, 0.884741662346639)	(9.0, 0.46656298600311047)	('>10', 10.053568342837394)	('>50', 3.5942630032832215)	('>100', 12.849490236737516)	('>500', 36.24330395714532)	('>1k', 24.7485743908761)	('>5k', 0.0)	('>10k+', 0.0)
692B14_S160_L001_R2_001	(1.0, 9.638845688612408)	(2.0, 2.0736132711249353)	(3.0, 1.1404872991187145)	(4.0, 0.8017971315016417)	(5.0, 0.587523760152065)	(6.0, 0.2903058579574909)	(7.0, 0.3386901676170727)	(8.0, 0.35942630032832207)	(9.0, 0.2177293934681182)	('>10', 6.625194401244168)	('>50', 3.6011750475203037)	('>100', 14.912735441506825)	('>500', 22.48487990323138)	('>1k', 36.92759633661655)	('>5k', 0.0)	('>10k+', 0.0)
722A0_S149_L001_R1_001	(1.0, 6.076549491211841)	(2.0, 1.9253006475485661)	(3.0, 1.0493755781683627)	(4.0, 0.6359851988899167)	(5.0, 0.6359851988899167)	(6.0, 0.39893617021276595)	(7.0, 0.5463691026827011)	(8.0, 0.37002775208140615)	(9.0, 0.46831637372802964)	('>10', 10.499537465309897)	('>50', 5.128353376503238)	('>100', 25.049144310823312)	('>500', 26.026248843663275)	('>1k', 21.189870490286772)	('>5k', 0.0)	('>10k+', 0.0)
722A0_S149_L001_R2_001	(1.0, 8.426803885291397)	(2.0, 1.8443570767807584)	(3.0, 1.0667206290471787)	(4.0, 0.6244218316373727)	(5.0, 0.5781683626271971)	(6.0, 0.5376965772432932)	(7.0, 0.30353839037927843)	(8.0, 0.2543940795559667)	(9.0, 0.13008788159111934)	('>10', 3.870837187789084)	('>50', 5.76722941720629)	('>100', 19.527636447733578)	('>500', 19.510291396854765)	('>1k', 37.55781683626272)	('>5k', 0.0)	('>10k+', 0.0)
722A14_S150_L001_R1_001	(1.0, 5.6818950930626055)	(2.0, 1.9830795262267344)	(3.0, 1.2081218274111676)	(4.0, 0.9069373942470389)	(5.0, 0.8967851099830795)	(6.0, 0.40609137055837563)	(7.0, 0.6869712351945855)	(8.0, 0.5414551607445008)	(9.0, 0.5177664974619289)	('>10', 7.2521150592216586)	('>50', 6.642978003384095)	('>100', 13.48223350253807)	('>500', 17.519458544839257)	('>1k', 42.2741116751269)	('>5k', 0.0)	('>10k+', 0.0)
722A14_S150_L001_R2_001	(1.0, 8.138747884940777)	(2.0, 1.7326565143824029)	(3.0, 1.015228426395939)	(4.0, 0.8257191201353637)	(5.0, 0.6598984771573604)	(6.0, 0.2436548223350254)	(7.0, 0.47377326565143824)	(8.0, 0.10829103214890018)	(9.0, 0.18274111675126903)	('>10', 5.644670050761421)	('>50', 3.949238578680203)	('>100', 15.637901861252116)	('>500', 20.131979695431472)	('>1k', 41.25549915397631)	('>5k', 0.0)	('>10k+', 0.0)
722B0_S151_L001_R1_001	(1.0, 5.3964163720261284)	(2.0, 1.8337628093725653)	(3.0, 0.9798046383412238)	(4.0, 0.8030203152154372)	(5.0, 0.5992688919518188)	(6.0, 0.6831665368250734)	(7.0, 0.3775394019296458)	(8.0, 0.6232396476298916)	(9.0, 0.26967100137831845)	('>10', 8.209983819739918)	('>50', 6.298316054413615)	('>100', 15.601965601965603)	('>500', 14.936777131899085)	('>1k', 43.38706777731168)	('>5k', 0.0)	('>10k+', 0.0)
722B0_S151_L001_R2_001	(1.0, 7.919338407143285)	(2.0, 1.8277701204530472)	(3.0, 1.0786840055132738)	(4.0, 0.7191226703421826)	(5.0, 0.5243602804578414)	(6.0, 0.3415832684125367)	(7.0, 0.44046263558458687)	(8.0, 0.1438245340684365)	(9.0, 0.1887697009648229)	('>10', 5.495295739198179)	('>50', 5.159705159705159)	('>100', 5.339485827290705)	('>500', 26.47869599089111)	('>1k', 44.34290165997483)	('>5k', 0.0)	('>10k+', 0.0)
722B14_S152_L001_R1_001	(1.0, 6.447420670733909)	(2.0, 2.0432475361900293)	(3.0, 1.0505035919280892)	(4.0, 0.8808346269087759)	(5.0, 0.5414966968701491)	(6.0, 0.49817696112053717)	(7.0, 0.5306667629327461)	(8.0, 0.606476300494567)	(9.0, 0.2924082163098805)	('>10', 10.299267174470236)	('>50', 7.497924262661998)	('>100', 18.8874047868308)	('>500', 18.69607595393668)	('>1k', 31.728096458611603)	('>5k', 0.0)	('>10k+', 0.0)
722B14_S152_L001_R2_001	(1.0, 9.33540305404137)	(2.0, 1.7616692538175518)	(3.0, 0.9313743186166564)	(4.0, 0.5775964766614924)	(5.0, 0.5053969170788059)	(6.0, 0.563156564744955)	(7.0, 0.37904768780910436)	(8.0, 0.23103859066459695)	(9.0, 0.2924082163098805)	('>10', 4.750731020540775)	('>50', 6.147792498465759)	('>100', 22.746471246525395)	('>500', 22.0425255405942)	('>1k', 29.735388614129455)	('>5k', 0.0)	('>10k+', 0.0)
727A0_S161_L001_R1_001	(1.0, 5.715208266063933)	(2.0, 1.5498869874071681)	(3.0, 1.123668065870197)	(4.0, 0.8395221181788828)	(5.0, 0.5004843396835648)	(6.0, 0.46496609622215046)	(7.0, 0.4068453341943817)	(8.0, 0.33580884727155313)	(9.0, 0.4068453341943817)	('>10', 8.052954472069745)	('>50', 6.7775266386825965)	('>100', 23.816596706490152)	('>500', 19.273490474652892)	('>1k', 30.736196319018404)	('>5k', 0.0)	('>10k+', 0.0)
727A0_S161_L001_R2_001	(1.0, 8.876331934129803)	(2.0, 1.6855020988052953)	(3.0, 0.9589925734581852)	(4.0, 0.7620277688085244)	(5.0, 0.4197610590894414)	(6.0, 0.290603810138844)	(7.0, 0.11301259283177267)	(8.0, 0.20665159832095578)	(9.0, 0.23248304811107523)	('>10', 4.920891185017759)	('>50', 5.944462382951244)	('>100', 16.87116564417178)	('>500', 14.291249596383599)	('>1k', 44.426864707781725)	('>5k', 0.0)	('>10k+', 0.0)
727A14_S162_L001_R1_001	(1.0, 5.716067345666182)	(2.0, 1.6559273886232937)	(3.0, 1.0392849719393058)	(4.0, 0.914570775306589)	(5.0, 0.7101780641585256)	(6.0, 0.5819995842860112)	(7.0, 0.5092496362502599)	(8.0, 0.5819995842860112)	(9.0, 0.3429640407399709)	('>10', 9.152636319545486)	('>50', 4.929675050232107)	('>100', 20.227949837178688)	('>500', 26.657659530243194)	('>1k', 26.979837871544376)	('>5k', 0.0)	('>10k+', 0.0)
727A14_S162_L001_R2_001	(1.0, 8.643386683295226)	(2.0, 1.6489988221436984)	(3.0, 0.7794637289544792)	(4.0, 0.651285249081965)	(5.0, 0.7448208965565024)	(6.0, 0.4572853876532945)	(7.0, 0.3879997228573408)	(8.0, 0.1662855955102889)	(9.0, 0.15589274579089588)	('>10', 5.632924547911037)	('>50', 3.627104552068177)	('>100', 24.322732626619555)	('>500', 6.225316981916442)	('>1k', 46.5565024596411)	('>5k', 0.0)	('>10k+', 0.0)
727B0_S163_L001_R1_001	(1.0, 5.393251822243123)	(2.0, 1.7928521043968964)	(3.0, 0.9963555137549965)	(4.0, 0.9169997648718552)	(5.0, 0.6319068892546438)	(6.0, 0.4408652715730073)	(7.0, 0.5554902421819892)	(8.0, 0.4467434751939807)	(9.0, 0.4496825770044674)	('>10', 8.42052668704444)	('>50', 3.911944509757818)	('>100', 17.599341641194453)	('>500', 25.869974135904066)	('>1k', 32.574065365624264)	('>5k', 0.0)	('>10k+', 0.0)
727B0_S163_L001_R2_001	(1.0, 8.167763931342582)	(2.0, 1.5871149776628264)	(3.0, 1.0051728191864566)	(4.0, 0.6818716200329179)	(5.0, 0.48495179873030797)	(6.0, 0.4584998824359276)	(7.0, 0.18516341406066306)	(8.0, 0.3997178462261932)	(9.0, 0.31742299553256526)	('>10', 4.238184810721844)	('>50', 2.5335057606395486)	('>100', 25.80531389607336)	('>500', 8.735010580766518)	('>1k', 45.400305666588295)	('>5k', 0.0)	('>10k+', 0.0)
727B14_S164_L001_R1_001	(1.0, 5.550354028907485)	(2.0, 1.7379600912867925)	(3.0, 1.0094212651413188)	(4.0, 0.8660541869038563)	(5.0, 0.6436889226988122)	(6.0, 0.7373164023640939)	(7.0, 0.5325062905962901)	(8.0, 0.2340686991632044)	(9.0, 0.6319854877406519)	('>10', 7.545789689273802)	('>50', 6.4485926619462814)	('>100', 23.804786704897886)	('>500', 26.277137339809236)	('>1k', 23.98033822927029)	('>5k', 0.0)	('>10k+', 0.0)
727B14_S164_L001_R2_001	(1.0, 8.906314003159927)	(2.0, 1.7321083738077125)	(3.0, 0.9743109602668384)	(4.0, 0.6553923576569723)	(5.0, 0.585171747908011)	(6.0, 0.3511030487448066)	(7.0, 0.5120252794195096)	(8.0, 0.3276961788284862)	(9.0, 0.23699455790274446)	('>10', 3.288665223243022)	('>50', 6.085786178243315)	('>100', 15.243724033003685)	('>500', 16.226812569489148)	('>1k', 44.87389548832582)	('>5k', 0.0)	('>10k+', 0.0)
