Sample	0	1	2	3	4	5	6	7	8	9	10	11	12	13	14	15	16	17	18	19	20	21	22	23	24	25	26	27	28	29	30	31	32	33	34	35	36	37	38	39	40	41	42	43	44	45	46	47	48	49	50	51	52	53	54	55	56	57	58	59	60	61	62	63	64	65	66	67
504A0_S1_L001_R1_001	(1, 33.8415069543314)	(2, 33.88459095389333)	(3, 33.87620194940313)	(4, 33.84095936918191)	(5, 33.9015003833096)	(6, 37.75341145548133)	(7, 37.67241266016865)	(8, 37.638155733216514)	(9, 37.613864855985106)	(10, 37.601761033840766)	(15, 37.42405432044683)	(20, 37.65695323622823)	(25, 37.530601248494136)	(30, 37.64255831781842)	(35, 37.482639949280596)	(40, 37.495169875796805)	(45, 37.48530382597258)	(50, 37.532386343655574)	(55, 37.4135545649469)	(60, 37.23695671223274)	(65, 37.10450941944719)	(70, 37.01383661576884)	(75, 37.13712182618792)	(80, 37.386316734944245)	(85, 37.11623545906632)	(90, 37.111082875106796)	(95, 37.256954454838215)	(100, 37.091585427300814)	(105, 36.97455692597542)	(110, 36.94458781519049)	(115, 37.12824062917606)	(120, 37.03330279063022)	(125, 36.88690794374096)	(130, 36.80588879638961)	(135, 36.634890242299434)	(140, 36.617513035096174)	(145, 36.43236209087324)	(150, 36.50944222933006)	(155, 36.54431056390483)	(160, 36.41910353590676)	(165, 36.583139815098804)	(170, 36.43538973842177)	(175, 36.444786954325046)	(180, 35.99686712673896)	(185, 36.16783875561398)	(190, 35.935664366305176)	(195, 36.061645306167165)	(200, 35.31834373973053)	(205, 35.853819695475956)	(210, 35.34411655164859)	(215, 35.661605871398834)	(220, 35.16058416621613)	(225, 34.7327009026378)	(230, 34.7676846902112)	(235, 34.69472000701078)	(240, 34.02392428358601)	(245, 34.104026816229954)	(250, 34.24769958811673)	(255, 33.7331697484883)	(260, 33.202151432827975)	(265, 33.59507492770134)	(270, 32.24033388835334)	(275, 31.13978178950136)	(280, 32.05902637805626)	(285, 31.773722723687666)	(290, 29.5127508544387)	(295, 27.851392440335708)	(300, 22.987619875163464)
504A0_S1_L001_R2_001	(1, 33.133347935603986)	(2, 33.17595006023436)	(3, 33.26864527434016)	(4, 33.182367758186395)	(5, 33.491972401708466)	(6, 37.03909757967364)	(7, 37.23671010842186)	(8, 36.64490198225824)	(9, 36.89348373672106)	(10, 37.081397437301504)	(15, 36.815985105683936)	(20, 36.70235023546161)	(25, 36.515671886978424)	(30, 36.74099222429088)	(35, 36.438554514731536)	(40, 36.69512606514644)	(45, 36.69391407637396)	(50, 36.518266265206606)	(55, 36.48274391749886)	(60, 36.54988170347003)	(65, 36.52560485956438)	(70, 36.53625429929678)	(75, 36.03315880561702)	(80, 36.12512103752711)	(85, 35.77079326133152)	(90, 36.3680942887813)	(95, 36.14510044471707)	(100, 36.15555458190023)	(105, 36.053322233662676)	(110, 35.99263916577212)	(115, 35.672302670493124)	(120, 35.54290717638172)	(125, 35.34957279936906)	(130, 36.16113131490164)	(135, 35.66919773912282)	(140, 34.66493449590325)	(145, 35.27274679051833)	(150, 34.26709897910003)	(155, 34.984809183718184)	(160, 33.45007667703632)	(165, 33.53740524909083)	(170, 32.73205538272795)	(175, 32.8744162352592)	(180, 33.999426005038885)	(185, 32.555451856720346)	(190, 31.938604447365538)	(195, 32.209810494030016)	(200, 31.431503998247344)	(205, 30.935603023332238)	(210, 28.415936028042506)	(215, 29.32833826267937)	(220, 27.24893685181288)	(225, 27.867212935170784)	(230, 25.03273667375063)	(235, 24.326639353241458)	(240, 21.77219288828517)	(245, 26.405652564467722)	(250, 25.08675590999715)	(255, 23.34765024209627)	(260, 22.15525710404662)	(265, 20.302977455469623)	(270, 18.95629998028175)	(275, 19.39908419691957)	(280, 19.097013780864536)	(285, 17.163565059264293)	(290, 18.573844839296278)	(295, 14.723001064253012)	(300, 10.958248991261737)
504A14_S2_L001_R1_001	(1, 33.893634229063395)	(2, 33.886616227498045)	(3, 33.87516305765719)	(4, 33.869919123402035)	(5, 33.91927993738586)	(6, 37.76420558309418)	(7, 37.67881554917819)	(8, 37.649673884685626)	(9, 37.58032872423689)	(10, 37.60198799895643)	(15, 37.43247586746673)	(20, 37.6703313331594)	(25, 37.53328985129142)	(30, 37.64990868771198)	(35, 37.42834016012396)	(40, 37.49874403038205)	(45, 37.4706321759384)	(50, 37.52664509732297)	(55, 37.391055680217086)	(60, 37.256697803057975)	(65, 37.058654699159845)	(70, 37.070933569900326)	(75, 37.172535615509055)	(80, 37.390345979230815)	(85, 37.0703464963722)	(90, 37.06466797129811)	(95, 37.214309197651666)	(100, 37.04054866812463)	(105, 36.937151654315834)	(110, 36.90907525310511)	(115, 37.00316250913265)	(120, 36.96363114497443)	(125, 36.775159169189024)	(130, 36.74160839160839)	(135, 36.551075044358626)	(140, 36.533681244129006)	(145, 36.37409456215427)	(150, 36.3618411439307)	(155, 36.44731238910343)	(160, 36.26968479281912)	(165, 36.47519569982257)	(170, 36.340434192673)	(175, 36.36331802525832)	(180, 35.93696378248617)	(185, 36.0572591587517)	(190, 35.85877257071287)	(195, 35.8114393069617)	(200, 35.04360713912953)	(205, 35.470733743868074)	(210, 35.26666610389783)	(215, 35.300754116327006)	(220, 34.68959110716802)	(225, 34.417425566891936)	(230, 34.43505988570833)	(235, 34.4428828640764)	(240, 33.971129608851086)	(245, 33.80789604154163)	(250, 33.856149048874045)	(255, 33.231234506693106)	(260, 33.012328776741896)	(265, 33.15385418297584)	(270, 31.76602995668285)	(275, 30.910062105318094)	(280, 31.65446479828819)	(285, 31.50909660247378)	(290, 29.570533896978237)	(295, 27.481170038147788)	(300, 23.690426623013693)
504A14_S2_L001_R2_001	(1, 33.185311766240545)	(2, 33.22449778241586)	(3, 33.332115836159666)	(4, 33.21656665797026)	(5, 33.509783459431254)	(6, 37.12452387164101)	(7, 37.25679624315158)	(8, 36.74140360031307)	(9, 36.93511609705192)	(10, 37.13471432298461)	(15, 36.87948343334203)	(20, 36.765061309679105)	(25, 36.63172971562744)	(30, 36.832188885990085)	(35, 36.540897110770615)	(40, 36.754624351671154)	(45, 36.73460253122653)	(50, 36.56466106559516)	(55, 36.560162813755674)	(60, 36.62889944163231)	(65, 36.62202160413297)	(70, 36.60992015863904)	(75, 36.06106037676773)	(80, 36.202718780984185)	(85, 35.86127193947321)	(90, 36.4719686888454)	(95, 36.21324461839531)	(100, 36.113276254992876)	(105, 36.074011063563304)	(110, 36.03675503600877)	(115, 35.80236927251853)	(120, 35.70591274397245)	(125, 35.508308109800645)	(130, 36.31510802630206)	(135, 35.86681974741676)	(140, 34.896247782068684)	(145, 35.37227324913893)	(150, 34.34878405176913)	(155, 34.98083707337439)	(160, 33.617372925581876)	(165, 33.71592213756393)	(170, 32.90248930174304)	(175, 33.11961173155203)	(180, 34.122690742093724)	(185, 32.7895418014821)	(190, 32.09706189333055)	(195, 32.22869220331907)	(200, 31.757373969314266)	(205, 31.201508193299237)	(210, 28.54964265558626)	(215, 29.34393967069384)	(220, 27.16843670902591)	(225, 27.79846045455731)	(230, 24.865271507971713)	(235, 24.364105106593954)	(240, 21.79756804008037)	(245, 26.16868199253712)	(250, 25.22653758839339)	(255, 23.66807922135532)	(260, 22.423009680870496)	(265, 20.48375127208204)	(270, 19.20853795370926)	(275, 19.57894214962294)	(280, 19.025071106124262)	(285, 17.397912480755682)	(290, 18.70674729231746)	(295, 14.717210943377552)	(300, 11.060360707310785)
504B0_S3_L001_R1_001	(1, 33.84337566655504)	(2, 33.88971895205956)	(3, 33.87835853576857)	(4, 33.8881990777712)	(5, 33.902805327288185)	(6, 37.766119683660065)	(7, 37.707050671063136)	(8, 37.66403050052809)	(9, 37.60972719544553)	(10, 37.61615703650274)	(15, 37.47260877405394)	(20, 37.67135680980963)	(25, 37.54554213143049)	(30, 37.65713181689379)	(35, 37.519940345162134)	(40, 37.517430058220405)	(45, 37.502071204080586)	(50, 37.54528826832912)	(55, 37.441388015868924)	(60, 37.250729043227366)	(65, 37.1206618121855)	(70, 37.05395058865961)	(75, 37.15884792745446)	(80, 37.38994770332586)	(85, 37.129098075585446)	(90, 37.07782157302213)	(95, 37.25021511193549)	(100, 37.09414947059278)	(105, 36.98229126413685)	(110, 36.99218383697864)	(115, 37.169425767060815)	(120, 37.041641548805934)	(125, 36.9066594533323)	(130, 36.830455728160345)	(135, 36.653811474354015)	(140, 36.67112862920885)	(145, 36.490687070098154)	(150, 36.521601360228765)	(155, 36.606043743720534)	(160, 36.440708967720326)	(165, 36.613818687688386)	(170, 36.47948579230749)	(175, 36.498838137929255)	(180, 36.01710075482392)	(185, 36.1732230723652)	(190, 35.97278898032808)	(195, 36.10699471853665)	(200, 35.35209583923741)	(205, 35.85053201082056)	(210, 35.39742367641376)	(215, 35.69667396625016)	(220, 35.23255957748293)	(225, 34.855452788870274)	(230, 34.71775859847997)	(235, 34.762967924771345)	(240, 34.08524539482159)	(245, 34.11862939585212)	(250, 34.14936493623598)	(255, 33.686502640731675)	(260, 33.17203143114775)	(265, 33.709880200953236)	(270, 32.27197217570527)	(275, 31.189833827128687)	(280, 32.1089887929924)	(285, 31.888208166945766)	(290, 29.478423289965217)	(295, 27.53169137268776)	(300, 23.279210632502906)
504B0_S3_L001_R2_001	(1, 33.17707823488498)	(2, 33.22468378886628)	(3, 33.30005924933666)	(4, 33.16430098663026)	(5, 33.515057059687265)	(6, 37.1119297251346)	(7, 37.28967773512971)	(8, 36.68033694840155)	(9, 36.90084752312012)	(10, 37.1012493881862)	(15, 36.83570416548598)	(20, 36.724439063345265)	(25, 36.57389422705376)	(30, 36.77244133027641)	(35, 36.493560976368684)	(40, 36.728759853676124)	(45, 36.720954196506774)	(50, 36.559477561955795)	(55, 36.48512030501313)	(60, 36.63391725488175)	(65, 36.57337887556664)	(70, 36.54147409640105)	(75, 36.014838859262696)	(80, 36.142937372800574)	(85, 35.71074013962955)	(90, 36.379761444727826)	(95, 36.18336295952804)	(100, 36.14015508668882)	(105, 35.999350799907255)	(110, 36.01669371667053)	(115, 35.67348842002216)	(120, 35.523672617667515)	(125, 35.315923435608106)	(130, 36.19236932271942)	(135, 35.65045727387485)	(140, 34.56068217533555)	(145, 35.177973568281935)	(150, 34.19251874178839)	(155, 34.96470103305253)	(160, 33.40630136280496)	(165, 33.3575392225056)	(170, 32.58660895999175)	(175, 32.531803075971865)	(180, 33.83587603369658)	(185, 32.30641213901126)	(190, 31.633772504998934)	(195, 31.99373438103826)	(200, 31.057967280690455)	(205, 30.746196058224918)	(210, 27.902821074326937)	(215, 28.817245910086307)	(220, 26.702864044913923)	(225, 27.39791312413047)	(230, 24.263842943267893)	(235, 23.925537177307156)	(240, 21.198649971659712)	(245, 25.70508064100583)	(250, 24.361962178595352)	(255, 22.91148554645231)	(260, 21.453491008399034)	(265, 19.883093729066832)	(270, 18.552146132838665)	(275, 18.961235636625965)	(280, 18.645983408048643)	(285, 16.71863760498789)	(290, 18.23066872214434)	(295, 14.39386504932049)	(300, 10.76170484594294)
504B14_S4_L001_R1_001	(1, 33.8377798440741)	(2, 33.89968528717545)	(3, 33.87318503683571)	(4, 33.864101280308994)	(5, 33.9013661397611)	(6, 37.76103283026965)	(7, 37.672698662470495)	(8, 37.64280094413847)	(9, 37.57849939203204)	(10, 37.60170946284243)	(15, 37.44756455189186)	(20, 37.65616908661755)	(25, 37.533938917101786)	(30, 37.64876618267649)	(35, 37.507925041127244)	(40, 37.507530374908534)	(45, 37.42634383605736)	(50, 37.51981688780801)	(55, 37.45587067701441)	(60, 37.24302233602037)	(65, 37.07685658489318)	(70, 36.960147363903005)	(75, 37.09318263108949)	(80, 37.3436154231347)	(85, 37.078946991916446)	(90, 37.070419915587664)	(95, 37.22958008441234)	(100, 37.043694112597464)	(105, 36.899134415909586)	(110, 36.89165176335932)	(115, 37.08172973746334)	(120, 36.87591387080621)	(125, 36.812840689605835)	(130, 36.711774805064735)	(135, 36.514772158237356)	(140, 36.45063309249589)	(145, 36.359904141927174)	(150, 36.41839187352458)	(155, 36.42520208884756)	(160, 36.36577008369697)	(165, 36.48528507046284)	(170, 36.30900636669289)	(175, 36.18733815008227)	(180, 35.771888120787665)	(185, 35.97666341918616)	(190, 35.77503219344685)	(195, 36.02381599656603)	(200, 35.30232508227214)	(205, 35.69038489054228)	(210, 35.265917870940044)	(215, 35.60920017169839)	(220, 35.11080268994133)	(225, 34.532297522803226)	(230, 34.74789483097836)	(235, 34.606582006796636)	(240, 33.80248256125917)	(245, 33.80266857449472)	(250, 33.671579323913434)	(255, 33.51683062064031)	(260, 32.83874083348238)	(265, 33.116344124485785)	(270, 32.02032552316222)	(275, 30.51284564478626)	(280, 31.450130566982647)	(285, 31.47607225898766)	(290, 28.720493650509752)	(295, 27.47439459532822)	(300, 21.7556776411394)
504B14_S4_L001_R2_001	(1, 33.09534368070953)	(2, 33.13521922609255)	(3, 33.25827909305486)	(4, 33.16214863028396)	(5, 33.47918603819469)	(6, 37.043702167226954)	(7, 37.22190830412703)	(8, 36.62291681567842)	(9, 36.85269294041914)	(10, 37.06114727129676)	(15, 36.77617480866891)	(20, 36.645461698018735)	(25, 36.46817824189973)	(30, 36.7340390530005)	(35, 36.39083756526715)	(40, 36.641338125683504)	(45, 36.64694395765531)	(50, 36.45690068309431)	(55, 36.409885197239014)	(60, 36.49237532067624)	(65, 36.484347898813475)	(70, 36.448887617139995)	(75, 35.857743758494884)	(80, 35.97263037413263)	(85, 35.45087631447171)	(90, 36.261270477144286)	(95, 36.05722870019314)	(100, 35.980370555833744)	(105, 35.90508620072967)	(110, 35.804199155876674)	(115, 35.43299949924887)	(120, 35.367000500751125)	(125, 35.232555976822375)	(130, 35.987052006581294)	(135, 35.469368338221614)	(140, 34.30385578367551)	(145, 35.04940982902925)	(150, 33.826081980113024)	(155, 34.80248229487088)	(160, 33.14718506330925)	(165, 33.145668502754134)	(170, 32.198841118821086)	(175, 32.226339509263894)	(180, 33.260503844233845)	(185, 31.4653161184777)	(190, 30.870074402632707)	(195, 31.53784518529117)	(200, 30.66163971955931)	(205, 29.821054514236657)	(210, 27.535548719416227)	(215, 28.556066676205468)	(220, 26.68273000429246)	(225, 26.232709263162576)	(230, 23.8881774280093)	(235, 23.549769272044358)	(240, 20.82075478447505)	(245, 25.613235557145412)	(250, 24.090695761044536)	(255, 22.62789483097836)	(260, 21.050731532820606)	(265, 19.602253621892327)	(270, 18.148195313897336)	(275, 18.629325702021106)	(280, 18.62527633697013)	(285, 16.423101412985154)	(290, 17.953825791450544)	(295, 14.253042054957078)	(300, 10.659384436760726)
508A0_S9_L001_R1_001	(1, 33.85034775586757)	(2, 33.87866315871734)	(3, 33.86720154210842)	(4, 33.8447992914637)	(5, 33.911589257339344)	(6, 37.76884003230092)	(7, 37.66714423402537)	(8, 37.66503425460419)	(9, 37.623407747010866)	(10, 37.613540337075726)	(15, 37.44472114407773)	(20, 37.67329703821407)	(25, 37.48511813279846)	(30, 37.63827658964808)	(35, 37.47279803240055)	(40, 37.52014371466335)	(45, 37.48661716816465)	(50, 37.53245278103426)	(55, 37.418037035426224)	(60, 37.27428809629263)	(65, 37.072350376768085)	(70, 37.08605095470311)	(75, 37.207081628930986)	(80, 37.416132982465285)	(85, 37.08604778405982)	(90, 37.09484744350136)	(95, 37.24004168837937)	(100, 37.10595338345438)	(105, 37.02161077672686)	(110, 36.974600722824434)	(115, 37.107606118247915)	(120, 37.07609766266253)	(125, 36.91386507543581)	(130, 36.891747661359666)	(135, 36.654735909529144)	(140, 36.64166558094692)	(145, 36.49687573286083)	(150, 36.520191781535814)	(155, 36.559517419287594)	(160, 36.41686947911509)	(165, 36.532079109883526)	(170, 36.49250332230242)	(175, 36.48518643979467)	(180, 36.116017406258955)	(185, 36.32981212705526)	(190, 36.07372123928395)	(195, 36.183537014357555)	(200, 35.4901581676525)	(205, 35.980827057873206)	(210, 35.589483284258804)	(215, 35.76031998332335)	(220, 35.20823409854861)	(225, 34.94987622794903)	(230, 34.929233655574954)	(235, 34.92878025900931)	(240, 34.33396914738378)	(245, 34.420148009172394)	(250, 34.49187752442997)	(255, 34.087270358306185)	(260, 33.52525342019544)	(265, 33.89076221498372)	(270, 32.80554006514658)	(275, 31.69894983713355)	(280, 32.557884039087945)	(285, 32.42696026058631)	(290, 30.2148265871521)	(295, 28.765592999868836)	(300, 23.429767436517178)
508A0_S9_L001_R2_001	(1, 33.49060928911928)	(2, 33.2026101226914)	(3, 33.090129985152)	(4, 33.264502852379586)	(5, 33.27851728359686)	(6, 36.696501602021414)	(7, 36.978900205788115)	(8, 36.991638229701216)	(9, 36.9902055276251)	(10, 37.11307405767277)	(15, 36.86898851233426)	(20, 36.753679439422754)	(25, 36.5852666128318)	(30, 36.78678788194535)	(35, 36.41044988533528)	(40, 36.722332115638544)	(45, 36.73016542920412)	(50, 36.54125830402501)	(55, 36.5533665197056)	(60, 36.59309590183154)	(65, 36.56761400385967)	(70, 36.58146237880294)	(75, 36.13453010604205)	(80, 36.17119408040436)	(85, 35.86780959328834)	(90, 36.408395732733126)	(95, 36.225273579989576)	(100, 36.02177739487304)	(105, 36.11957580968759)	(110, 35.9434253843398)	(115, 35.76939833754592)	(120, 35.67994892774318)	(125, 35.473627433097946)	(130, 36.25313599291242)	(135, 35.81058967610809)	(140, 34.82825129634937)	(145, 35.45174974594158)	(150, 34.39118742997108)	(155, 35.05159861375303)	(160, 33.68446204758058)	(165, 33.80760351252052)	(170, 33.059269875185656)	(175, 33.227766631055054)	(180, 34.13328295593715)	(185, 32.82218516298825)	(190, 32.610547984469875)	(195, 32.497021653594594)	(200, 32.04251504807567)	(205, 31.427386194856297)	(210, 29.136654767178253)	(215, 30.074893816608903)	(220, 27.751846157854963)	(225, 28.67870860150611)	(230, 25.818907157933143)	(235, 24.86437188941293)	(240, 22.641150719199498)	(245, 26.852423389618508)	(250, 25.95757654723127)	(255, 23.843163517915308)	(260, 22.714678827361563)	(265, 20.64780195439739)	(270, 19.391077524429967)	(275, 19.47227622149837)	(280, 19.19776416938111)	(285, 17.47562214983713)	(290, 18.90594397394137)	(295, 14.891072807080345)	(300, 10.95931284688315)
508A14_S10_L001_R1_001	(1, 33.897726059570836)	(2, 33.88427458097576)	(3, 33.885048574783816)	(4, 33.86956869862283)	(5, 33.906266680901034)	(6, 37.77004377068432)	(7, 37.68397032134088)	(8, 37.66307248852354)	(9, 37.62858972990285)	(10, 37.628434931141236)	(15, 37.45806021138037)	(20, 37.68226753496317)	(25, 37.52441016333938)	(30, 37.64431514892708)	(35, 37.49546133076378)	(40, 37.526933034403605)	(45, 37.500112988556076)	(50, 37.557033043292584)	(55, 37.44265734265734)	(60, 37.26794958185461)	(65, 37.0927425597224)	(70, 37.057071933804885)	(75, 37.17113038836247)	(80, 37.41754230662263)	(85, 37.11981426485863)	(90, 37.124111790299764)	(95, 37.277094733470356)	(100, 37.11374956623869)	(105, 37.02347382750981)	(110, 37.02472306008595)	(115, 37.169254998264954)	(120, 37.14133945492886)	(125, 36.95850839494968)	(130, 36.91243093185276)	(135, 36.66442089528334)	(140, 36.69909510717242)	(145, 36.578805755011615)	(150, 36.592194965699484)	(155, 36.62246483196755)	(160, 36.46041694471879)	(165, 36.632330566158615)	(170, 36.53312334837039)	(175, 36.532674905907164)	(180, 36.12081787363532)	(185, 36.334618156581165)	(190, 36.11865574033046)	(195, 36.2363985799322)	(200, 35.54559965832955)	(205, 35.990801590903025)	(210, 35.606822731762)	(215, 35.830915836959136)	(220, 35.32494995061794)	(225, 35.02265168299389)	(230, 35.02967728158449)	(235, 35.04665403197822)	(240, 34.4195552945573)	(245, 34.54276486132984)	(250, 34.64618957371273)	(255, 34.135189386861704)	(260, 33.70344072818514)	(265, 33.94563168993407)	(270, 32.787646477858154)	(275, 31.773312334837037)	(280, 32.65299095107173)	(285, 32.44830899821157)	(290, 30.204382991218004)	(295, 28.64447046474168)	(300, 23.529526267921774)
508A14_S10_L001_R2_001	(1, 33.51822888865165)	(2, 33.30516707590477)	(3, 33.14687199743781)	(4, 33.335779865485215)	(5, 33.318912138358066)	(6, 36.76430554072809)	(7, 37.041715597309704)	(8, 37.06194619408562)	(9, 37.05049642361482)	(10, 37.17145831109214)	(15, 36.946573075691255)	(20, 36.83671933383154)	(25, 36.679566563467496)	(30, 36.8893669264439)	(35, 36.528930666345545)	(40, 36.81860887204398)	(45, 36.81211075653029)	(50, 36.6534632323502)	(55, 36.66399039103163)	(60, 36.707233547239284)	(65, 36.68204142643605)	(70, 36.71366645312834)	(75, 36.2716314328422)	(80, 36.32528647312968)	(85, 36.07593099246744)	(90, 36.52701404089477)	(95, 36.34590785329134)	(100, 36.25793604185575)	(105, 36.22737173669318)	(110, 36.180465538412264)	(115, 35.97646148096739)	(120, 35.86088836687844)	(125, 35.57908814265122)	(130, 36.39246703326037)	(135, 35.95922267898137)	(140, 35.07383481928353)	(145, 35.65202605306711)	(150, 34.61129144199456)	(155, 35.25619027280978)	(160, 33.86644065986867)	(165, 34.032571672628265)	(170, 33.250520527467835)	(175, 33.50351823180823)	(180, 34.47549516843735)	(185, 33.20654529923656)	(190, 32.860311782606374)	(195, 32.74829427152848)	(200, 32.356190272809776)	(205, 31.846180129197585)	(210, 29.27339170359297)	(215, 30.42346377662698)	(220, 28.277902941647532)	(225, 29.22901606961721)	(230, 26.19067321552506)	(235, 25.145635577385082)	(240, 22.843761678500883)	(245, 27.297939245101702)	(250, 26.19516843734985)	(255, 24.276226576263944)	(260, 23.073220863808658)	(265, 21.039576103785166)	(270, 19.645315252789494)	(275, 20.061539693556135)	(280, 19.646591212428596)	(285, 17.69845176445465)	(290, 19.13698147456089)	(295, 15.078904583584682)	(300, 11.14054912784885)
508B0_S11_L001_R1_001	(1, 33.83837846060237)	(2, 33.88051414663827)	(3, 33.87937328871311)	(4, 33.895269242470334)	(5, 33.91021448128993)	(6, 37.76437480985701)	(7, 37.687975357468815)	(8, 37.66956951627624)	(9, 37.60815333130514)	(10, 37.615622147855184)	(15, 37.46292972315181)	(20, 37.658526011560696)	(25, 37.503422573775474)	(30, 37.639542135686035)	(35, 37.49309757612251)	(40, 37.50975888035293)	(45, 37.51223092720773)	(50, 37.546729043054924)	(55, 37.42075916628632)	(60, 37.217951494196164)	(65, 37.06682895287361)	(70, 36.995618272412614)	(75, 37.19095507968506)	(80, 37.41725305237534)	(85, 37.105846107032825)	(90, 37.1075501122057)	(95, 37.275706515537635)	(100, 37.126012703967135)	(105, 37.015221939066606)	(110, 36.982115552850786)	(115, 37.171693735498835)	(120, 37.13029553839717)	(125, 36.95017306302536)	(130, 36.88869194781485)	(135, 36.694617930090146)	(140, 36.70668289528736)	(145, 36.546331444220456)	(150, 36.582556768475904)	(155, 36.63321288653912)	(160, 36.46918717431821)	(165, 36.65824806968165)	(170, 36.50900972595988)	(175, 36.527006966382)	(180, 36.11854387766747)	(185, 36.3197230780935)	(190, 36.042565331507475)	(195, 36.16114724789837)	(200, 35.468644680284534)	(205, 35.974909658031876)	(210, 35.52052189128533)	(215, 35.790094716421315)	(220, 35.29515767050858)	(225, 34.88961162463388)	(230, 34.99248354825212)	(235, 34.942675643805394)	(240, 34.34983453155312)	(245, 34.43157214043896)	(250, 34.62937350222526)	(255, 34.06872075773137)	(260, 33.537175244398796)	(265, 33.901228650766484)	(270, 32.66192704172848)	(275, 31.750123625851113)	(280, 32.50672144242839)	(285, 32.31721252234775)	(290, 30.04603446308342)	(295, 28.524624897046884)	(300, 23.458582814465608)
508B0_S11_L001_R2_001	(1, 33.47433069668391)	(2, 33.21257986005476)	(3, 33.06750076057195)	(4, 33.24353513842409)	(5, 33.24536051110435)	(6, 36.65819896562215)	(7, 36.947672649832676)	(8, 36.960222087009434)	(9, 36.965546090660176)	(10, 37.09011256464862)	(15, 36.84494219653179)	(20, 36.71560693641619)	(25, 36.539154243991476)	(30, 36.74021904472163)	(35, 36.375687989308325)	(40, 36.679082680459416)	(45, 36.651890165056656)	(50, 36.50989654647801)	(55, 36.4518028297581)	(60, 36.567422126644054)	(65, 36.54712258947929)	(70, 36.55000570537446)	(75, 36.07833859495645)	(80, 36.138640599444685)	(85, 35.84732417937697)	(90, 36.30494846145068)	(95, 36.139241565554755)	(100, 35.97804571906736)	(105, 35.961066524666236)	(110, 35.985797421170744)	(115, 35.72989996576775)	(120, 35.569586550530595)	(125, 35.234734319729185)	(130, 36.19281883534289)	(135, 35.673713438058655)	(140, 34.6257730782397)	(145, 35.265048876041234)	(150, 34.18648967327222)	(155, 34.91478452702446)	(160, 33.37139705602678)	(165, 33.55000570537446)	(170, 32.669930032736715)	(175, 32.91462338227451)	(180, 34.008087032599185)	(185, 32.63987979763399)	(190, 32.13280839895013)	(195, 31.96549887785766)	(200, 31.45295751074594)	(205, 31.081707177907106)	(210, 28.449009091254897)	(215, 29.52258359009472)	(220, 27.278025029480013)	(225, 28.314237894176273)	(230, 25.159154018791128)	(235, 24.414059112176194)	(240, 22.081068127353646)	(245, 26.34739244550953)	(250, 25.155646848491763)	(255, 23.23286545703526)	(260, 22.152078816234926)	(265, 20.164121876069835)	(270, 18.7939290197421)	(275, 19.413701548176043)	(280, 19.0453725892959)	(285, 16.896603141998554)	(290, 18.346532770360227)	(295, 14.43863499362424)	(300, 10.908280624489509)
508B14_S12_L001_R1_001	(1, 33.83025197270614)	(2, 33.897228681431784)	(3, 33.86719018030725)	(4, 33.87370868753097)	(5, 33.900468875081)	(6, 37.77280524530172)	(7, 37.691076125490795)	(8, 37.66141882361911)	(9, 37.59996950405977)	(10, 37.61440170777265)	(15, 37.46398048259825)	(20, 37.69119810925171)	(25, 37.47380779933671)	(30, 37.6019669881447)	(35, 37.45080243721527)	(40, 37.50956846599573)	(45, 37.47075320780842)	(50, 37.540840989668716)	(55, 37.387388967252484)	(60, 37.25060424688346)	(65, 37.0836567420228)	(70, 37.05491975143914)	(75, 37.15938393503869)	(80, 37.35595288017994)	(85, 37.057935549392376)	(90, 37.025101029355696)	(95, 37.21643156690812)	(100, 37.05758292032024)	(105, 36.96202821197103)	(110, 36.91550895920701)	(115, 37.05932138772398)	(120, 37.030240182996565)	(125, 36.833861990087684)	(130, 36.80814334731224)	(135, 36.584292794510105)	(140, 36.605970263057564)	(145, 36.40744186046511)	(150, 36.45820815859703)	(155, 36.47895539458635)	(160, 36.31277163553183)	(165, 36.506473503621805)	(170, 36.443896301944335)	(175, 36.3974380480366)	(180, 36.05411361036981)	(185, 36.23029355699581)	(190, 35.9821349599695)	(195, 36.07329012581014)	(200, 35.38693099504384)	(205, 35.82689287075867)	(210, 35.4854593976363)	(215, 35.658741898589405)	(220, 35.20234083110942)	(225, 34.8502020587114)	(230, 34.847472359893246)	(235, 34.774243232939384)	(240, 34.28484940907358)	(245, 34.37536408692337)	(250, 34.33918414029737)	(255, 33.99345024780786)	(260, 33.40531452535265)	(265, 33.72234845596645)	(270, 32.48747235989325)	(275, 31.392703011818533)	(280, 32.336843309187955)	(285, 32.09635531833778)	(290, 29.913846472926576)	(295, 28.29132670514728)	(300, 23.28346068283843)
508B14_S12_L001_R2_001	(1, 33.438150421225174)	(2, 33.16239088171387)	(3, 33.00853886326383)	(4, 33.226203636640875)	(5, 33.233141463042735)	(6, 36.636221553005754)	(7, 36.888689818167954)	(8, 36.93412876910761)	(9, 36.90317538977624)	(10, 37.05079861243472)	(15, 36.81748942172074)	(20, 36.66374413906149)	(25, 36.49481950215378)	(30, 36.71886555102352)	(35, 36.290427166023505)	(40, 36.62011283928027)	(45, 36.657196815158876)	(50, 36.363043726888044)	(55, 36.42030422019747)	(60, 36.48471655674583)	(65, 36.45521710952689)	(70, 36.446540353017426)	(75, 35.917014219816245)	(80, 36.072105523998324)	(85, 35.734859394406826)	(90, 36.29451772779261)	(95, 36.11120853983987)	(100, 35.80374380480366)	(105, 35.995257338924894)	(110, 35.802371330537554)	(115, 35.59987800228746)	(120, 35.47688905833015)	(125, 35.24988943957301)	(130, 36.09010293556995)	(135, 35.68012962256958)	(140, 34.43524208921083)	(145, 35.17057567670606)	(150, 33.974464353793365)	(155, 34.76745711017919)	(160, 33.27338162409455)	(165, 33.40340831109417)	(170, 32.504330918795276)	(175, 32.61085017155928)	(180, 33.59685093404498)	(185, 32.17329012581014)	(190, 31.99177277926039)	(195, 31.90625238276782)	(200, 31.39500571864278)	(205, 30.927129241326725)	(210, 28.361624094548226)	(215, 29.25133816240945)	(220, 26.852054898970646)	(225, 27.870819672131148)	(230, 24.887853602744947)	(235, 23.924841784216547)	(240, 21.725093404498665)	(245, 25.514349980937858)	(250, 24.888799085017162)	(255, 22.97666031261914)	(260, 21.58785360274495)	(265, 19.80069386199009)	(270, 18.54756385817766)	(275, 18.85413648494091)	(280, 18.43459397636294)	(285, 16.772199771254286)	(290, 18.274235608082346)	(295, 14.41145043870985)	(300, 10.859880497058718)
519A0_S33_L001_R1_001	(1, 33.870437817740346)	(2, 33.89885423780257)	(3, 33.87601487214508)	(4, 33.86247059716215)	(5, 33.91080506866985)	(6, 37.77547613627741)	(7, 37.6904165718188)	(8, 37.66154488200926)	(9, 37.62038090902193)	(10, 37.63151225434403)	(15, 37.46752409135746)	(20, 37.67046058122771)	(25, 37.53560209424084)	(30, 37.66750891569922)	(35, 37.507800288337506)	(40, 37.53334092116246)	(45, 37.479414219591774)	(50, 37.53061689050763)	(55, 37.4632934455116)	(60, 37.283191683108214)	(65, 37.09150275784028)	(70, 37.02195408840827)	(75, 37.187115268008576)	(80, 37.43057600364271)	(85, 37.14763603248084)	(90, 37.11274948774379)	(95, 37.2846454662322)	(100, 37.125154631351265)	(105, 37.015148180472806)	(110, 37.02378476833756)	(115, 37.152931355063934)	(120, 37.06239896785945)	(125, 36.910310021629414)	(130, 36.85316282776155)	(135, 36.618267369938906)	(140, 36.61698478351611)	(145, 36.54767199180359)	(150, 36.53625773156757)	(155, 36.57166167039806)	(160, 36.43861419952187)	(165, 36.54772511668501)	(170, 36.50313057336926)	(175, 36.38862368610784)	(180, 35.95432778051835)	(185, 36.23749098774333)	(190, 36.01726558646074)	(195, 36.11499260046295)	(200, 35.449079801161155)	(205, 35.97941031381627)	(210, 35.49964709900201)	(215, 35.743634705868956)	(220, 35.33637674559806)	(225, 34.920871281117186)	(230, 35.04340467516697)	(235, 35.002512143290836)	(240, 34.3308211900425)	(245, 34.372184274438375)	(250, 34.45198087431694)	(255, 33.96671979356406)	(260, 33.42474195506982)	(265, 33.8532255616272)	(270, 32.68758348512447)	(275, 31.64055100182149)	(280, 32.38561778992107)	(285, 32.345840922890105)	(290, 29.892911353976928)	(295, 28.633075071533682)	(300, 23.077954172892426)
519A0_S33_L001_R2_001	(1, 33.25514075423021)	(2, 33.48084073146673)	(3, 33.48744214280294)	(4, 33.51938690340693)	(5, 33.43417558236589)	(6, 37.008194855451855)	(7, 37.10482585932165)	(8, 36.967486152211855)	(9, 37.06848015782685)	(10, 37.20954548903559)	(15, 36.99132711131345)	(20, 36.88208513544275)	(25, 36.750610820244326)	(30, 36.937150011381746)	(35, 36.71088853479019)	(40, 36.88022916113366)	(45, 36.88585195583716)	(50, 36.75944910270517)	(55, 36.73147908114548)	(60, 36.75468791500664)	(65, 36.751016681403335)	(70, 36.74441071564089)	(75, 36.340239654789805)	(80, 36.371062118164915)	(85, 36.04088339088529)	(90, 36.58113307782796)	(95, 36.39021743255037)	(100, 36.38057147193868)	(105, 36.30285735969339)	(110, 36.22094638181611)	(115, 35.981231738322016)	(120, 35.91991803589724)	(125, 35.68870337342997)	(130, 36.42776154517512)	(135, 35.97752817516032)	(140, 35.07711456001215)	(145, 35.6146852350776)	(150, 34.64949721094373)	(155, 35.2901225666907)	(160, 33.93860281561872)	(165, 34.013949076006526)	(170, 33.42128030964217)	(175, 33.37501612719615)	(180, 34.437475809205786)	(185, 33.091693545326905)	(190, 32.58393351800554)	(195, 32.82549235381171)	(200, 32.14368762569727)	(205, 31.338951921982318)	(210, 29.086844002580353)	(215, 30.19433840549463)	(220, 28.0313512693052)	(225, 28.69505559139377)	(230, 25.72916935453269)	(235, 25.236686525253294)	(240, 22.710044397222326)	(245, 27.388107615831217)	(250, 25.8817895495769)	(255, 24.199605358023753)	(260, 22.82959814821842)	(265, 21.130565779987098)	(270, 19.7158805449095)	(275, 20.11816491481046)	(280, 19.93266800743748)	(285, 17.428224490570337)	(290, 19.02743520661784)	(295, 15.132114938282806)	(300, 11.00385399141151)
519A14_S34_L001_R1_001	(1, 33.890159421605105)	(2, 33.88241522219197)	(3, 33.876455818737334)	(4, 33.86084641679523)	(5, 33.903923526030795)	(6, 37.76631273255286)	(7, 37.68521039416765)	(8, 37.64890945941858)	(9, 37.61971745772453)	(10, 37.61071482590677)	(15, 37.415633602565265)	(20, 37.66247995885894)	(25, 37.53402910124936)	(30, 37.62985751883111)	(35, 37.499729216726514)	(40, 37.50556170335223)	(45, 37.474554530328234)	(50, 37.5276902132809)	(55, 37.42380952380953)	(60, 37.26888727536758)	(65, 37.11577418769287)	(70, 36.98435892781509)	(75, 37.14705028135778)	(80, 37.414703212924316)	(85, 37.072136503902705)	(90, 37.09793065892177)	(95, 37.246408906637626)	(100, 37.11044351666969)	(105, 36.963713922672)	(110, 36.952096569250315)	(115, 37.094366793731474)	(120, 36.99485085012404)	(125, 36.85777818115811)	(130, 36.77249349549222)	(135, 36.533061051612506)	(140, 36.550952986022864)	(145, 36.41122405760271)	(150, 36.45625340352151)	(155, 36.46007139831791)	(160, 36.345029345918796)	(165, 36.46631572578205)	(170, 36.34935559992739)	(175, 36.26782235130393)	(180, 35.79263629212802)	(185, 36.108924789738005)	(190, 35.849216433714524)	(195, 35.95122526774369)	(200, 35.311817026683606)	(205, 35.863308525443216)	(210, 35.24059417922188)	(215, 35.712892721305884)	(220, 35.20462892929537)	(225, 34.73321634949929)	(230, 34.87330045684204)	(235, 34.7657519741022)	(240, 34.026115632469065)	(245, 34.085281215018306)	(250, 34.21766356772913)	(255, 33.67574730727339)	(260, 33.052559603049744)	(265, 33.49131066198718)	(270, 32.30081689459034)	(275, 31.161115817499695)	(280, 32.015291056517)	(285, 31.91770543386179)	(290, 29.27740530073823)	(295, 28.17881563042561)	(300, 23.103970722669636)
519A14_S34_L001_R2_001	(1, 33.30622863538736)	(2, 33.50431073600145)	(3, 33.518740357564205)	(4, 33.54775085458451)	(5, 33.4538826874792)	(6, 37.082312369543516)	(7, 37.19263696040173)	(8, 37.06972804549717)	(9, 37.14819856611308)	(10, 37.26539008379466)	(15, 37.06523882989986)	(20, 36.95953050791058)	(25, 36.849732280606226)	(30, 37.01393955894364)	(35, 36.77085565353235)	(40, 36.967327618333314)	(45, 36.98196339434276)	(50, 36.838311904401756)	(55, 36.80479820899135)	(60, 36.848133357536156)	(65, 36.82059054879893)	(70, 36.83929932837175)	(75, 36.42951533853694)	(80, 36.485212077206995)	(85, 36.1340654686271)	(90, 36.668433472499544)	(95, 36.51650632298663)	(100, 36.54611242209718)	(105, 36.4141889030072)	(110, 36.321631270042964)	(115, 36.06895383312156)	(120, 36.041368669449994)	(125, 35.78841290010286)	(130, 36.52482604223392)	(135, 36.104931324499304)	(140, 35.1954135656804)	(145, 35.75802020935439)	(150, 34.85034186482726)	(155, 35.547092636292135)	(160, 34.09730138561142)	(165, 34.209118412295034)	(170, 33.37720094390996)	(175, 33.445422641737764)	(180, 34.49043383554184)	(185, 33.14040660736976)	(190, 32.72821443698191)	(195, 32.98981061293641)	(200, 32.25086222544927)	(205, 31.55931506020451)	(210, 29.493568100683728)	(215, 30.43118807643877)	(220, 28.370677396907997)	(225, 28.746473845036757)	(230, 26.18135116328321)	(235, 25.466281426799384)	(240, 22.895967083169456)	(245, 27.657350316158897)	(250, 26.07417274235781)	(255, 24.380745491952077)	(260, 22.878954374924362)	(265, 21.266846181774177)	(270, 19.72187462180806)	(275, 20.57531163015854)	(280, 20.445407237080964)	(285, 17.52372019847513)	(290, 19.12642502722982)	(295, 15.176516758124425)	(300, 11.077152664996103)
519B0_S35_L001_R1_001	(1, 33.83006896551724)	(2, 33.87708374384236)	(3, 33.87739901477833)	(4, 33.87432512315271)	(5, 33.90104433497537)	(6, 37.754285714285714)	(7, 37.689379310344826)	(8, 37.6608472906404)	(9, 37.56859113300493)	(10, 37.590880788177344)	(15, 37.438999014778325)	(20, 37.64187586206897)	(25, 37.51320591133005)	(30, 37.61755270935961)	(35, 37.453340309327146)	(40, 37.48489792701191)	(45, 37.49303699623715)	(50, 37.51484588299811)	(55, 37.404515241524145)	(60, 37.226441366863135)	(65, 37.05979186376537)	(70, 36.94686218858404)	(75, 37.1361643010595)	(80, 37.39923522686955)	(85, 37.06711345896081)	(90, 37.05576756287945)	(95, 37.220937571179505)	(100, 37.09266253992036)	(105, 37.000709695225325)	(110, 36.9444229783543)	(115, 37.08574695422466)	(120, 37.03087962780428)	(125, 36.8512557662737)	(130, 36.83699089224461)	(135, 36.56270675336267)	(140, 36.583297847172936)	(145, 36.42668559261888)	(150, 36.49278448071918)	(155, 36.5440578912672)	(160, 36.42350853672963)	(165, 36.55008871889909)	(170, 36.41344584204093)	(175, 36.32226647214226)	(180, 35.87147194511258)	(185, 36.14008911320532)	(190, 35.88145577855762)	(195, 36.014952091794484)	(200, 35.3249871850479)	(205, 35.83841424499004)	(210, 35.28517350157729)	(215, 35.60889589905362)	(220, 35.22529179810725)	(225, 34.683903785488965)	(230, 34.88573343848581)	(235, 34.75189274447949)	(240, 34.060386435331225)	(245, 34.07942429022082)	(250, 34.22091482649843)	(255, 33.8005047318612)	(260, 32.98538643533123)	(265, 33.55211356466877)	(270, 32.32576498422713)	(275, 31.095820189274445)	(280, 31.918359621451106)	(285, 31.79307570977918)	(290, 29.19119085173502)	(295, 28.166769447109306)	(300, 22.63007040549484)
519B0_S35_L001_R2_001	(1, 33.12303448275862)	(2, 33.407802955665026)	(3, 33.43444334975369)	(4, 33.45312315270936)	(5, 33.308453201970444)	(6, 36.89245320197044)	(7, 37.03062068965517)	(8, 36.84295566502463)	(9, 36.91424630541872)	(10, 37.11389950738916)	(15, 36.84699113300492)	(20, 36.70798029556651)	(25, 36.58650640394089)	(30, 36.763215763546796)	(35, 36.410075684625)	(40, 36.71305273114212)	(45, 36.69141933307988)	(50, 36.51910267560947)	(55, 36.44775590667372)	(60, 36.52457963101021)	(65, 36.48887574897509)	(70, 36.527633238725954)	(75, 36.01246515656626)	(80, 36.06316868372295)	(85, 35.58542143026098)	(90, 36.23612709926674)	(95, 36.00274529844218)	(100, 36.023333201908294)	(105, 35.818010487718325)	(110, 35.81179664551992)	(115, 35.53245012223011)	(120, 35.34390820913177)	(125, 35.0517467076729)	(130, 36.084993297058595)	(135, 35.44846495898959)	(140, 34.114703678877014)	(145, 34.90223571625725)	(150, 33.89242537754821)	(155, 34.66087299396712)	(160, 33.023902842947834)	(165, 33.146074681597725)	(170, 32.05991877291905)	(175, 32.143259335199716)	(180, 33.50472773155633)	(185, 32.090146287606956)	(190, 31.50114743109499)	(195, 31.441465241906865)	(200, 30.462647371949053)	(205, 30.33471341121275)	(210, 27.573225552050474)	(215, 28.875575709779177)	(220, 26.567500000000003)	(225, 27.4113643533123)	(230, 24.359266561514197)	(235, 23.683359621451107)	(240, 21.333840694006312)	(245, 25.796869085173505)	(250, 24.192160883280756)	(255, 22.50955835962145)	(260, 20.982058359621455)	(265, 19.442271293375395)	(270, 18.14448738170347)	(275, 18.756853312302837)	(280, 18.608714511041008)	(285, 15.890985804416403)	(290, 17.543275572246266)	(295, 14.030591880028942)	(300, 10.537730191521211)
519B14_S36_L001_R1_001	(1, 33.82916777452805)	(2, 33.89298059026854)	(3, 33.85499202339803)	(4, 33.86353363467163)	(5, 33.90072454134539)	(6, 37.775425418771604)	(7, 37.685987769210314)	(8, 37.64058760967828)	(9, 37.58601435788354)	(10, 37.617049986705666)	(15, 37.450106354692906)	(20, 37.66419170433395)	(25, 37.52273331560755)	(30, 37.635316405211384)	(35, 37.519194219586204)	(40, 37.53481136779126)	(45, 37.51726109356822)	(50, 37.55074458183752)	(55, 37.467992853066626)	(60, 37.29030697408644)	(65, 37.13799782099856)	(70, 37.028331117021274)	(75, 37.16691489361702)	(80, 37.45216090425532)	(85, 37.12378324468085)	(90, 37.10813164893617)	(95, 37.27470079787234)	(100, 37.16442154255319)	(105, 37.05938829787234)	(110, 37.03428856382979)	(115, 37.18892287234043)	(120, 37.10974734042553)	(125, 36.95582446808511)	(130, 36.93418882978723)	(135, 36.68408244680851)	(140, 36.74500664893617)	(145, 36.585392287234036)	(150, 36.642812500000005)	(155, 36.669414893617024)	(160, 36.54921542553191)	(165, 36.733583776595744)	(170, 36.55737367021277)	(175, 36.53581117021277)	(180, 36.05266622340426)	(185, 36.347672872340425)	(190, 36.12085106382979)	(195, 36.230797872340425)	(200, 35.56608377659575)	(205, 36.099208776595745)	(210, 35.57209441489361)	(215, 35.94273271276596)	(220, 35.474530015330195)	(225, 34.96392167292796)	(230, 35.09259616343628)	(235, 35.05524784733535)	(240, 34.3576382193557)	(245, 34.518507929119984)	(250, 34.66229276337389)	(255, 34.216603497572976)	(260, 33.38158787153401)	(265, 34.00222089234656)	(270, 32.78126870137642)	(275, 31.749810492718932)	(280, 32.604714409202735)	(285, 32.445913957045015)	(290, 29.776860163574703)	(295, 28.82808725807455)	(300, 23.024327896426424)
519B14_S36_L001_R2_001	(1, 33.19825179473544)	(2, 33.453170699282104)	(3, 33.46590002658867)	(4, 33.48756979526721)	(5, 33.38949082690774)	(6, 36.95629486838607)	(7, 37.100039883009835)	(8, 36.95303775591598)	(9, 36.989065408136135)	(10, 37.1753190640787)	(15, 36.949847115128954)	(20, 36.82515953203935)	(25, 36.676814676947615)	(30, 36.85383541611274)	(35, 36.60605291875095)	(40, 36.852265248462686)	(45, 36.84503905600798)	(50, 36.68008509789583)	(55, 36.62197636557695)	(60, 36.661663543450416)	(65, 36.64807432404951)	(70, 36.66333322251404)	(75, 36.19788556800425)	(80, 36.3045048040161)	(85, 35.86403803317929)	(90, 36.459922204860526)	(95, 36.286332657335684)	(100, 36.33927989627315)	(105, 36.183756108913194)	(110, 36.104338575085606)	(115, 35.84815319658233)	(120, 35.72895375511153)	(125, 35.44889125303367)	(130, 36.31100715607643)	(135, 35.83089966088171)	(140, 34.81928319702108)	(145, 35.406037635481084)	(150, 34.42184985703837)	(155, 35.132103198350954)	(160, 33.689713411796)	(165, 33.74475031584547)	(170, 32.93917148746593)	(175, 32.89810492718931)	(180, 34.161613139171486)	(185, 32.7945608085644)	(190, 32.34688476627436)	(195, 32.44454418511869)	(200, 31.715160582485538)	(205, 31.134324090697522)	(210, 28.81754770928918)	(215, 29.77253141831239)	(220, 27.53336559775186)	(225, 28.440097084150683)	(230, 25.54988861921069)	(235, 24.730564883465775)	(240, 22.46043155899857)	(245, 27.085613591781094)	(250, 25.39253249991688)	(255, 23.638820361073247)	(260, 22.31279050437211)	(265, 20.48669747647704)	(270, 19.064068889849388)	(275, 19.674661701632477)	(280, 19.47438241845929)	(285, 17.04288991588257)	(290, 18.597326861056622)	(295, 14.77916181834208)	(300, 10.961808408181405)
521A0_S25_L001_R1_001	(1, 33.8416021517101)	(2, 33.87325991349544)	(3, 33.85606804056264)	(4, 33.84298331697743)	(5, 33.89535855777269)	(6, 37.74771925998619)	(7, 37.67760694944208)	(8, 37.639588558136154)	(9, 37.62973866899284)	(10, 37.617802493366774)	(15, 37.439210555010355)	(20, 37.66385345109585)	(25, 37.52541707556428)	(30, 37.659840802529715)	(35, 37.505361102024494)	(40, 37.51390251880929)	(45, 37.48726056773162)	(50, 37.542041943808385)	(55, 37.47314360484135)	(60, 37.28570493948315)	(65, 37.05913568131429)	(70, 37.03330789081525)	(75, 37.16093483080725)	(80, 37.420346745175)	(85, 37.12370365783467)	(90, 37.11048269845885)	(95, 37.25583018319279)	(100, 37.11951875545217)	(105, 37.053331394714846)	(110, 36.93859910581222)	(115, 37.14222674566537)	(120, 37.15950710624841)	(125, 36.95788593653448)	(130, 36.88129111991567)	(135, 36.631020319145065)	(140, 36.661938860819305)	(145, 36.598698702337245)	(150, 36.62306713678165)	(155, 36.60979971647704)	(160, 36.48009159972374)	(165, 36.61813819926574)	(170, 36.543128203264146)	(175, 36.48569663043874)	(180, 36.06868525317146)	(185, 36.2996037948457)	(190, 36.10169750281705)	(195, 36.26240591988974)	(200, 35.641570338058884)	(205, 36.10757542711741)	(210, 35.53018538713195)	(215, 35.8340538641866)	(220, 35.24327311061835)	(225, 34.992911410811004)	(230, 35.050456214329856)	(235, 35.08939619760805)	(240, 34.305819913482864)	(245, 34.63004834781344)	(250, 34.67865789378021)	(255, 34.250274455632706)	(260, 33.67425206296121)	(265, 34.0156894107383)	(270, 33.07910138500127)	(275, 31.951841215602165)	(280, 32.73759133374532)	(285, 32.59393652986296)	(290, 30.212221454796616)	(295, 28.969850563915923)	(300, 23.07183372788529)
521A0_S25_L001_R2_001	(1, 33.18340420891942)	(2, 33.33060734925308)	(3, 33.1691563987933)	(4, 33.1960527750518)	(5, 33.316650310762185)	(6, 36.70210445970996)	(7, 36.795696579798644)	(8, 36.62265111038418)	(9, 36.97899174935485)	(10, 37.11726820048705)	(15, 36.92210227892269)	(20, 36.808803111256495)	(25, 36.60937738523607)	(30, 36.80760367826118)	(35, 36.55386181078036)	(40, 36.801715552647835)	(45, 36.77236215607168)	(50, 36.62547886453677)	(55, 36.63012394140951)	(60, 36.69513320975538)	(65, 36.66437684003925)	(70, 36.72636935266964)	(75, 36.21847126812779)	(80, 36.25248428015847)	(85, 35.8938210707805)	(90, 36.53583890665891)	(95, 36.275421634195986)	(100, 36.33543181157314)	(105, 36.23919886590818)	(110, 36.11270400930537)	(115, 35.8759623423358)	(120, 35.849711024681035)	(125, 35.608164007124415)	(130, 36.35728981134819)	(135, 35.94199411144633)	(140, 35.00865835483988)	(145, 35.57861219148704)	(150, 34.62487732179856)	(155, 35.255926720221)	(160, 34.04532732361601)	(165, 34.155712260550324)	(170, 33.270430009814255)	(175, 33.56483588382829)	(180, 34.386863436443605)	(185, 33.10861837083348)	(190, 32.87687833957326)	(195, 32.94509628306948)	(200, 32.45214293503945)	(205, 31.668217674215715)	(210, 29.574139372568975)	(215, 30.537781806922276)	(220, 28.634317289515774)	(225, 29.398509524501964)	(230, 26.693318307401483)	(235, 25.610709611749307)	(240, 23.23016576995783)	(245, 28.051148756725315)	(250, 26.687988948669478)	(255, 24.529751345063254)	(260, 23.462687218263778)	(265, 21.319921477388398)	(270, 20.045775774320198)	(275, 19.929845863021665)	(280, 19.625883379380543)	(285, 18.30145412243711)	(290, 19.580034898938493)	(295, 15.342162266900473)	(300, 11.355930436287245)
521A14_S26_L001_R1_001	(1, 33.887431771460975)	(2, 33.88236336570497)	(3, 33.88282412986461)	(4, 33.860494789820656)	(5, 33.91046997944283)	(6, 37.760650740767)	(7, 37.68823988091019)	(8, 37.66112568228539)	(9, 37.59403133196285)	(10, 37.60816615864464)	(15, 37.44657262352024)	(20, 37.670808818317155)	(25, 37.539405968668035)	(30, 37.669539944708305)	(35, 37.505589583997235)	(40, 37.52086977303757)	(45, 37.48910708588848)	(50, 37.53674807699124)	(55, 37.448406649888334)	(60, 37.26829251001382)	(65, 37.07282974726171)	(70, 37.0386515898054)	(75, 37.13316082379214)	(80, 37.399624260040405)	(85, 37.13586189784127)	(90, 37.08880224026089)	(95, 37.26737797313105)	(100, 37.10696840066722)	(105, 37.02365952755869)	(110, 36.97507178560034)	(115, 37.167258676308975)	(120, 37.1443298238151)	(125, 36.92299620688432)	(130, 36.864362437519944)	(135, 36.606338402637455)	(140, 36.637931156723035)	(145, 36.554170654755566)	(150, 36.55939593746676)	(155, 36.58238150944734)	(160, 36.46551809706123)	(165, 36.602885603885284)	(170, 36.51098585557801)	(175, 36.43900882697012)	(180, 36.03298238150945)	(185, 36.21005352901556)	(190, 36.03275550356269)	(195, 36.17239255922092)	(200, 35.53440158820193)	(205, 35.936323028927966)	(210, 35.4088910947249)	(215, 35.73006948383438)	(220, 35.236812251843446)	(225, 34.88040981281906)	(230, 34.88961287577992)	(235, 34.89373936471923)	(240, 34.130778502552474)	(245, 34.36783891094725)	(250, 34.35646625070902)	(255, 33.986705899035734)	(260, 33.435351673284174)	(265, 33.847646057855926)	(270, 32.653530913216116)	(275, 31.610925978445827)	(280, 32.49378190584231)	(285, 32.27250425411231)	(290, 29.97495745887692)	(295, 28.3397596424131)	(300, 22.848897792918176)
521A14_S26_L001_R2_001	(1, 33.24572907067413)	(2, 33.37144679946126)	(3, 33.22524278726873)	(4, 33.244311334798326)	(5, 33.372970865527755)	(6, 36.74466576876728)	(7, 36.82898560998086)	(8, 36.6603104841568)	(9, 37.06528673708088)	(10, 37.17695470333877)	(15, 36.98258311476572)	(20, 36.84757921599206)	(25, 36.71109378322818)	(30, 36.88903381300064)	(35, 36.601945610823506)	(40, 36.85414296479825)	(45, 36.84528020984722)	(50, 36.71113395484031)	(55, 36.688823508560496)	(60, 36.7116089468647)	(65, 36.720180071603274)	(70, 36.75893091347346)	(75, 36.28512282443019)	(80, 36.33681188189004)	(85, 36.05482258693417)	(90, 36.570188933394775)	(95, 36.35822905958669)	(100, 36.434513714076274)	(105, 36.27095697407973)	(110, 36.20906802793435)	(115, 36.00698358679854)	(120, 35.94113226275302)	(125, 35.721932716508924)	(130, 36.43504555283775)	(135, 36.01214506008721)	(140, 35.14618738700415)	(145, 35.66439788719912)	(150, 34.70653337587295)	(155, 35.333148995001594)	(160, 34.16686163990216)	(165, 34.155907689035416)	(170, 33.36461413024212)	(175, 33.533971427558576)	(180, 34.484207167925135)	(185, 33.160714665532275)	(190, 32.695664504236234)	(195, 33.04685935598168)	(200, 32.40650170164492)	(205, 31.637492909812817)	(210, 29.47081678956324)	(215, 30.454083947816223)	(220, 28.383458593306862)	(225, 28.969774532047648)	(230, 26.22595008508224)	(235, 25.427332671582526)	(240, 22.93509642654566)	(245, 27.683905275099267)	(250, 26.05690584231424)	(255, 24.34993618831537)	(260, 23.028275666477594)	(265, 21.192746738513897)	(270, 19.900928814520704)	(275, 19.904587351106066)	(280, 19.59602240499149)	(285, 18.021532898468518)	(290, 19.44765314804311)	(295, 15.284291577427165)	(300, 11.254658901429966)
521B0_S27_L001_R1_001	(1, 33.7829126989412)	(2, 33.84694013451422)	(3, 33.83971498967836)	(4, 33.846607178530995)	(5, 33.87760538056869)	(6, 37.688086834920426)	(7, 37.60384897116601)	(8, 37.56802290737165)	(9, 37.48478391156689)	(10, 37.52011720050609)	(15, 37.337937004727976)	(20, 37.59294133315576)	(25, 37.403143104481586)	(30, 37.581294532862756)	(35, 37.38118798694812)	(40, 37.411453685822735)	(45, 37.39063609617)	(50, 37.439936070322645)	(55, 37.35880531415443)	(60, 37.10272350365761)	(65, 36.947322336932714)	(70, 36.861722886350776)	(75, 36.94138723319237)	(80, 37.29205154673504)	(85, 36.94207985082082)	(90, 36.8993040524791)	(95, 37.09680173400129)	(100, 36.934705294705296)	(105, 36.872927072927084)	(110, 36.69728937728937)	(115, 37.00991674991675)	(120, 36.98510822510823)	(125, 36.66951714951715)	(130, 36.6264269064269)	(135, 36.398275058275054)	(140, 36.38564768564769)	(145, 36.22050616050616)	(150, 36.31224775224775)	(155, 36.31206127206127)	(160, 36.12327672327673)	(165, 36.28408924408924)	(170, 36.223989343989345)	(175, 36.11276057276057)	(180, 35.59024309024309)	(185, 35.85727605727605)	(190, 35.64610056610057)	(195, 35.722883782883784)	(200, 35.04927738927739)	(205, 35.45822843822843)	(210, 34.746346986346985)	(215, 35.13431977748405)	(220, 34.6503779679643)	(225, 34.22313763362083)	(230, 34.274434713110665)	(235, 34.174091711345696)	(240, 33.20590096240301)	(245, 33.5858470145526)	(250, 33.621559159479176)	(255, 33.14322821272769)	(260, 32.453201904825335)	(265, 32.88609011289088)	(270, 31.673242532218858)	(275, 30.406993239868125)	(280, 31.426521029671317)	(285, 31.23168270671684)	(290, 28.591634753072032)	(295, 27.084580424113653)	(300, 21.775669698595298)
521B0_S27_L001_R2_001	(1, 32.66614503562629)	(2, 32.97296397416262)	(3, 32.67580075913964)	(4, 32.72244789238863)	(5, 32.9733968169408)	(6, 36.078011586868215)	(7, 36.1907837783845)	(8, 35.83914896450689)	(9, 36.46034494239861)	(10, 36.74233202370647)	(15, 36.44069388026902)	(20, 36.23978823999467)	(25, 35.987387627355666)	(30, 36.259679030432174)	(35, 35.53991476326829)	(40, 36.105014317107276)	(45, 36.081400956827665)	(50, 35.90868711084473)	(55, 35.87189424965871)	(60, 36.017116706829384)	(65, 35.94020933518759)	(70, 36.00911058572808)	(75, 35.2336252539043)	(80, 35.3349805201292)	(85, 34.65444374146715)	(90, 35.58191868402651)	(95, 35.14326917086333)	(100, 35.35946053946054)	(105, 34.95734931734931)	(110, 35.120572760572756)	(115, 34.73483849483849)	(120, 34.45915417915418)	(125, 34.181585081585084)	(130, 35.38975690975691)	(135, 34.67936729936731)	(140, 32.64729936729937)	(145, 33.65190809190809)	(150, 32.51238761238761)	(155, 33.43232101232101)	(160, 31.782437562437565)	(165, 31.843270063270058)	(170, 30.185834165834166)	(175, 30.74405594405594)	(180, 31.836170496170496)	(185, 30.487865467865465)	(190, 29.960672660672664)	(195, 29.629650349650355)	(200, 28.554598734598734)	(205, 28.715537795537795)	(210, 25.547412587412587)	(215, 26.928031968031966)	(220, 24.85148185148185)	(225, 25.6579020979021)	(230, 22.996117216117216)	(235, 21.63635031635032)	(240, 19.674165834165837)	(245, 24.335750915750914)	(250, 22.67087579087579)	(255, 20.57252081252081)	(260, 19.343056943056943)	(265, 17.753260073260073)	(270, 16.735457875457875)	(275, 16.91009657009657)	(280, 16.62181152181152)	(285, 15.413872793872795)	(290, 16.674871794871795)	(295, 13.318610036320944)	(300, 10.388823947719612)
521B14_S28_L001_R1_001	(1, 33.81563590018782)	(2, 33.888415615776765)	(3, 33.85172390662731)	(4, 33.86420042929971)	(5, 33.89223906627314)	(6, 37.77284008585994)	(7, 37.67406761470352)	(8, 37.63107056613899)	(9, 37.57992353099007)	(10, 37.606761470351486)	(15, 37.44257445666757)	(20, 37.669781325462836)	(25, 37.47994365441373)	(30, 37.665870673463914)	(35, 37.47323337015972)	(40, 37.51868913203165)	(45, 37.48130681246436)	(50, 37.5150638982994)	(55, 37.434219971153524)	(60, 37.25964512125583)	(65, 37.00350853654446)	(70, 37.048247408848496)	(75, 37.14395062556603)	(80, 37.40245530473284)	(85, 37.06068493610171)	(90, 37.047865025324526)	(95, 37.24206196441021)	(100, 37.066062538417086)	(105, 37.02564065071429)	(110, 36.92149523069435)	(115, 37.09372337213593)	(120, 37.10004361098997)	(125, 36.88427656077024)	(130, 36.824502666979775)	(135, 36.575168573249684)	(140, 36.57012311717938)	(145, 36.49099265322553)	(150, 36.53977657754369)	(155, 36.57028414237311)	(160, 36.39584018249522)	(165, 36.47478949310611)	(170, 36.478593713308065)	(175, 36.43172867254856)	(180, 36.00209332751853)	(185, 36.25666744942802)	(190, 36.025415143077595)	(195, 36.170310979905395)	(200, 35.492840367711196)	(205, 35.90956854324633)	(210, 35.398275514996975)	(215, 35.67283097362947)	(220, 35.00497215325773)	(225, 34.827175736428906)	(230, 34.83577803126887)	(235, 34.88123196671811)	(240, 33.98061464134738)	(245, 34.35648527142186)	(250, 34.43867006642957)	(255, 34.08866671140039)	(260, 33.30518369401107)	(265, 33.822466029189734)	(270, 32.867807414863286)	(275, 31.67613487669854)	(280, 32.440228149639324)	(285, 32.37172957557457)	(290, 29.963543029693007)	(295, 28.716405504015817)	(300, 22.82933612175627)
521B14_S28_L001_R2_001	(1, 33.165682854843034)	(2, 33.31070566138986)	(3, 33.133854306412665)	(4, 33.17212235041588)	(5, 33.29594848403542)	(6, 36.628588677220286)	(7, 36.757781057150524)	(8, 36.53370673463912)	(9, 36.911389857794475)	(10, 37.084411054467395)	(15, 36.86138314998658)	(20, 36.725093909310445)	(25, 36.545304534478134)	(30, 36.735886772202846)	(35, 36.422970650196376)	(40, 36.70291689069921)	(45, 36.6849629356321)	(50, 36.551725757220005)	(55, 36.513359943648744)	(60, 36.56348572770268)	(65, 36.57192499916144)	(70, 36.62544527555094)	(75, 36.11511756616242)	(80, 36.13132526079227)	(85, 35.80164357830477)	(90, 36.40449468352732)	(95, 36.13104319487532)	(100, 36.15283644129626)	(105, 36.07547936726863)	(110, 35.992215986677294)	(115, 35.79353886410145)	(120, 35.68537689959409)	(125, 35.446596665436616)	(130, 36.24107484316817)	(135, 35.80666241739072)	(140, 34.831030896709045)	(145, 35.365594283605624)	(150, 34.32937032439867)	(155, 34.99358582978296)	(160, 33.721755174611694)	(165, 33.79493441578047)	(170, 33.02090643765306)	(175, 33.21659901372069)	(180, 34.13308732262068)	(185, 32.945821731691765)	(190, 32.45998188466571)	(195, 32.57587976785534)	(200, 32.0023887807824)	(205, 31.212567939341074)	(210, 29.092249882573974)	(215, 30.00509293430853)	(220, 27.84948668053412)	(225, 28.731785546534258)	(230, 25.945051331946594)	(235, 24.9460913909951)	(240, 22.674595718982754)	(245, 27.427128766020264)	(250, 26.085653895188887)	(255, 23.973025565322416)	(260, 22.771635631605438)	(265, 20.704123469216576)	(270, 19.548330816977018)	(275, 19.2882804898507)	(280, 19.06278812279819)	(285, 17.732024828048985)	(290, 19.09736621372253)	(295, 14.97743967241966)	(300, 11.08010211164536)
523A0_S17_L001_R1_001	(1, 33.84908172455653)	(2, 33.88268003289345)	(3, 33.86760386889611)	(4, 33.856404432783805)	(5, 33.90578376473352)	(6, 37.75615773191839)	(7, 37.66194149665192)	(8, 37.665935701139524)	(9, 37.618318518228456)	(10, 37.621067470728754)	(15, 37.44218976387204)	(20, 37.67526334338411)	(25, 37.528221795825665)	(30, 37.661408936053576)	(35, 37.52779018432197)	(40, 37.51895363408521)	(45, 37.51304824561403)	(50, 37.54794967366281)	(55, 37.46569806148424)	(60, 37.25907152779964)	(65, 37.11773321845383)	(70, 37.024406673455005)	(75, 37.15949714106681)	(80, 37.44514764627555)	(85, 37.14535912900446)	(90, 37.15554831430956)	(95, 37.28675047977127)	(100, 37.1491873262053)	(105, 37.032483452786586)	(110, 37.004464810245565)	(115, 37.159879371793366)	(120, 37.0801237614068)	(125, 36.97086907139779)	(130, 36.91259938119297)	(135, 36.693103043120665)	(140, 36.647178161594795)	(145, 36.55143539732895)	(150, 36.632036971762034)	(155, 36.63694043003172)	(160, 36.50182117260016)	(165, 36.68005326440293)	(170, 36.509450515019786)	(175, 36.543876551913215)	(180, 36.05009987075549)	(185, 36.309685505032704)	(190, 36.09939294246661)	(195, 36.22968707163278)	(200, 35.57562370265931)	(205, 36.13783487388376)	(210, 35.43166222779258)	(215, 35.919363935453546)	(220, 35.45651731160896)	(225, 35.061005796647336)	(230, 35.04813567288109)	(235, 35.001535328215574)	(240, 34.204598151339496)	(245, 34.44032586558045)	(250, 34.61690427698574)	(255, 34.13449005169983)	(260, 33.45264765784114)	(265, 33.907073476421736)	(270, 32.74811217295942)	(275, 31.70596114679618)	(280, 32.60733197556008)	(285, 32.29115619614601)	(290, 29.997297509008302)	(295, 28.66676673683515)	(300, 23.371126019144185)
523A0_S17_L001_R2_001	(1, 33.105141559306105)	(2, 33.06488624348984)	(3, 33.01264831421075)	(4, 32.955202255550766)	(5, 33.27469945569174)	(6, 36.80679014762893)	(7, 36.90492226964796)	(8, 36.55503778830716)	(9, 36.72682774014176)	(10, 37.08889846105651)	(15, 36.79449426322591)	(20, 36.695900066570076)	(25, 36.48376864941066)	(30, 36.76236049653444)	(35, 36.42798596792526)	(40, 36.69850407268171)	(45, 36.68775845864661)	(50, 36.524140716670765)	(55, 36.49687879381241)	(60, 36.540107967861694)	(65, 36.5097673689982)	(70, 36.54405890185635)	(75, 35.989120388501604)	(80, 36.14910315657555)	(85, 35.72232317694055)	(90, 36.31528083068924)	(95, 36.131414248227784)	(100, 36.17939137586653)	(105, 35.98915129440333)	(110, 35.89477147221243)	(115, 35.62598989542944)	(120, 35.478517996318494)	(125, 35.21908902204989)	(130, 36.09686288332746)	(135, 35.60585125132182)	(140, 34.538518779618535)	(145, 35.23014921865821)	(150, 34.18845415736497)	(155, 34.82542591939843)	(160, 33.223686993302785)	(165, 33.30995966004778)	(170, 32.59991383699526)	(175, 32.631175341714645)	(180, 33.84157756628677)	(185, 32.307954411937494)	(190, 31.770132769357303)	(195, 31.912497552187364)	(200, 31.28024125641327)	(205, 30.73888453705154)	(210, 28.28832837223876)	(215, 29.243020523264924)	(220, 26.983111389628704)	(225, 27.785398715337617)	(230, 24.66285445715181)	(235, 23.941900360332134)	(240, 21.592801190662698)	(245, 26.503509321635597)	(250, 24.956297979006738)	(255, 23.049710167632774)	(260, 21.79485351715494)	(265, 19.94823750587498)	(270, 18.545856180479397)	(275, 19.213528121572928)	(280, 18.905874980416733)	(285, 16.865580448065174)	(290, 18.33008022495813)	(295, 14.469862290161696)	(300, 10.74682312046537)
523A14_S18_L001_R1_001	(1, 33.88629032258064)	(2, 33.8883701188455)	(3, 33.89609507640068)	(4, 33.86124787775891)	(5, 33.89651952461799)	(6, 37.775424448217315)	(7, 37.66939728353141)	(8, 37.641893039049236)	(9, 37.61863327674024)	(10, 37.614796264855684)	(15, 37.450110356536506)	(20, 37.68195246179967)	(25, 37.543361629881154)	(30, 37.65347198641766)	(35, 37.529614140605155)	(40, 37.543728483314894)	(45, 37.518553967131176)	(50, 37.52808559419182)	(55, 37.453258608245235)	(60, 37.28106822910032)	(65, 37.113233982932115)	(70, 37.03633507408822)	(75, 37.17514541671973)	(80, 37.49096081178618)	(85, 37.195575935125035)	(90, 37.17957797308198)	(95, 37.32252367002081)	(100, 37.168810767205876)	(105, 37.09901074173141)	(110, 37.04663524816372)	(115, 37.2311467753577)	(120, 37.201129367808775)	(125, 37.01422384871412)	(130, 36.996654211956525)	(135, 36.77025305706522)	(140, 36.7437839673913)	(145, 36.654211956521735)	(150, 36.67545006793478)	(155, 36.680443274456515)	(160, 36.56232167119565)	(165, 36.741041100543484)	(170, 36.60685292119565)	(175, 36.622359035326085)	(180, 36.202318274456516)	(185, 36.44060801630435)	(190, 36.23186990489131)	(195, 36.292883831521735)	(200, 35.65425441576087)	(205, 36.11223675271739)	(210, 35.617510190217395)	(215, 35.94397078804347)	(220, 35.50879755434782)	(225, 35.10849184782609)	(230, 35.07514436141305)	(235, 35.0552394701087)	(240, 34.39115149456522)	(245, 34.66334918478261)	(250, 34.86283967391304)	(255, 34.31119225543479)	(260, 33.62536514945652)	(265, 34.14885360054348)	(270, 32.888977581521736)	(275, 31.95935801630435)	(280, 32.912194293478265)	(285, 32.45920516304348)	(290, 30.36968410326087)	(295, 29.00012889969466)	(300, 23.37783775606004)
523A14_S18_L001_R2_001	(1, 33.128735144312394)	(2, 33.06629881154499)	(3, 33.021179966044144)	(4, 32.94176570458404)	(5, 33.28412563667233)	(6, 36.79617996604414)	(7, 36.87809847198642)	(8, 36.51099320882852)	(9, 36.790789473684214)	(10, 37.059176570458405)	(15, 36.77934634974533)	(20, 36.72894736842105)	(25, 36.53223259762309)	(30, 36.77526315789474)	(35, 36.42656558903379)	(40, 36.725829190577855)	(45, 36.71737614585914)	(50, 36.555946163970624)	(55, 36.51816753704411)	(60, 36.55081730565108)	(65, 36.527711968751326)	(70, 36.57621534411752)	(75, 36.08318260943405)	(80, 36.21004802536001)	(85, 35.8245754076087)	(90, 36.35865319293479)	(95, 36.16118376358696)	(100, 36.27292798913043)	(105, 36.032905910326086)	(110, 35.97142493206522)	(115, 35.7673828125)	(120, 35.636803668478265)	(125, 35.35258133279903)	(130, 36.21414801919239)	(135, 35.73552715383636)	(140, 34.74272005435014)	(145, 35.35581503970108)	(150, 34.358422147679505)	(155, 34.9400959619549)	(160, 33.645246486348775)	(165, 33.666239225510594)	(170, 32.89430597426861)	(175, 33.02492463165046)	(180, 34.198963950575354)	(185, 32.75630758778821)	(190, 32.38792407965691)	(195, 32.47102883104752)	(200, 31.761224576451106)	(205, 31.239140588510043)	(210, 28.812950617808163)	(215, 29.820958770328225)	(220, 27.63920852617723)	(225, 28.590947305846885)	(230, 25.466043904717424)	(235, 24.435735212942127)	(240, 22.220619081992275)	(245, 27.071784637595005)	(250, 25.45746677423464)	(255, 23.539416585283004)	(260, 22.421340919706168)	(265, 20.406878688803022)	(270, 19.041085304233366)	(275, 19.516980170693387)	(280, 19.04373487325379)	(285, 17.32597341938771)	(290, 18.722537071599866)	(295, 14.783942520867518)	(300, 10.936164589425696)
523B0_S19_L001_R1_001	(1, 33.837351333976216)	(2, 33.85897965743675)	(3, 33.873260779721726)	(4, 33.875556780089084)	(5, 33.8900675024108)	(6, 37.74780731964917)	(7, 37.68549386967902)	(8, 37.68558570969371)	(9, 37.614363778298205)	(10, 37.6196537631446)	(15, 37.48188455710152)	(20, 37.64661799145888)	(25, 37.48400606144097)	(30, 37.64886807181889)	(35, 37.46760137480629)	(40, 37.51819601359419)	(45, 37.4503444475062)	(50, 37.45384403416919)	(55, 37.42987967300449)	(60, 37.24898502801507)	(65, 36.9742536970699)	(70, 36.994856250574074)	(75, 37.1783870671443)	(80, 37.452438688343896)	(85, 37.0901533939561)	(90, 37.084072747313314)	(95, 37.27200330669606)	(100, 37.08028841737852)	(105, 37.06032883255259)	(110, 36.992367043262604)	(115, 37.11107743179939)	(120, 37.122549830072565)	(125, 36.92867640304951)	(130, 36.90177275649857)	(135, 36.64297786350694)	(140, 36.60081748874805)	(145, 36.55140993845872)	(150, 36.5273812804262)	(155, 36.59618811426472)	(160, 36.40815651694682)	(165, 36.53440800955268)	(170, 36.51046201892165)	(175, 36.53976302011573)	(180, 36.14706530724718)	(185, 36.33385689354276)	(190, 36.18357674290438)	(195, 36.2510057867181)	(200, 35.49654633967117)	(205, 35.92692201708459)	(210, 35.59507647085841)	(215, 35.711606117668666)	(220, 35.08348872456712)	(225, 34.92706563174574)	(230, 34.87809672530198)	(235, 34.919514995636796)	(240, 34.292242685895374)	(245, 34.503329812152664)	(250, 34.514205667569925)	(255, 34.05087952969274)	(260, 33.36184264915262)	(265, 33.836871354429796)	(270, 32.67746291278189)	(275, 31.753483672438342)	(280, 32.54630046387727)	(285, 32.28220272814954)	(290, 30.216295411748497)	(295, 28.88333354513201)	(300, 23.235186282427513)
523B0_S19_L001_R2_001	(1, 33.05813472930156)	(2, 33.02773568443771)	(3, 32.98888735822198)	(4, 32.9418193506911)	(5, 33.200440832070534)	(6, 36.786426045828165)	(7, 36.843045414887264)	(8, 36.496257519401205)	(9, 36.67989162878266)	(10, 37.00098268815723)	(15, 36.72085227533637)	(20, 36.61895577903292)	(25, 36.42942554070809)	(30, 36.68219681315149)	(35, 36.34861802478853)	(40, 36.62626067787269)	(45, 36.568274088362266)	(50, 36.37237990263617)	(55, 36.36448975842748)	(60, 36.43272710572243)	(65, 36.449003398548726)	(70, 36.48793055938275)	(75, 35.95429411224396)	(80, 36.042435932763844)	(85, 35.60410581427391)	(90, 36.236759437861664)	(95, 35.993597869018096)	(100, 35.98534949940296)	(105, 35.88277762469)	(110, 35.717488748048126)	(115, 35.61919720767888)	(120, 35.452806099017174)	(125, 35.231220721961975)	(130, 36.066960595205295)	(135, 35.56265270506108)	(140, 34.53776981721319)	(145, 35.144153577661434)	(150, 34.09168733351704)	(155, 34.720694406172505)	(160, 33.342426747497015)	(165, 33.37254523743915)	(170, 32.598998805915315)	(175, 32.767116744741436)	(180, 33.820354551299715)	(185, 32.437558556076056)	(190, 32.03213006337835)	(195, 32.144080095526775)	(200, 31.380279232111697)	(205, 30.82729861302471)	(210, 28.268800808340607)	(215, 29.350985165112757)	(220, 26.944885867817938)	(225, 28.00807422036467)	(230, 24.792789234372844)	(235, 23.980921324576308)	(240, 21.787277821154643)	(245, 26.47954806411611)	(250, 25.111716345933036)	(255, 23.179561842649157)	(260, 22.005254213934688)	(265, 19.938777384834424)	(270, 18.722215588113716)	(275, 18.715776420337114)	(280, 18.44592844348505)	(285, 16.989206815781014)	(290, 18.425848527993384)	(295, 14.524169184835747)	(300, 11.095633203608987)
523B14_S20_L001_R1_001	(1, 33.81944578081401)	(2, 33.89151351871452)	(3, 33.87433849706533)	(4, 33.86168575002405)	(5, 33.89719041662658)	(6, 37.76258058308477)	(7, 37.6845954007505)	(8, 37.63018377754258)	(9, 37.56292697007601)	(10, 37.599490041374004)	(15, 37.45738477821611)	(20, 37.678976234003656)	(25, 37.5112671990763)	(30, 37.66143558164149)	(35, 37.49809942508085)	(40, 37.51598344880678)	(45, 37.509593918398764)	(50, 37.557399923017705)	(55, 37.45554272517321)	(60, 37.289217148631096)	(65, 37.11650868498292)	(70, 37.03085223323088)	(75, 37.18113752285632)	(80, 37.47260128957752)	(85, 37.12500240592821)	(90, 37.10225194880185)	(95, 37.256778646977665)	(100, 37.11938790241085)	(105, 37.00818054954044)	(110, 37.00947981329099)	(115, 37.15940522592753)	(120, 37.10614503633126)	(125, 36.92791132688161)	(130, 36.864552454282965)	(135, 36.6259865255053)	(140, 36.702194417709336)	(145, 36.58150144369587)	(150, 36.657603464870064)	(155, 36.64854667949952)	(160, 36.55137632338787)	(165, 36.72625601539943)	(170, 36.50738209817132)	(175, 36.59319538017324)	(180, 36.08855630413859)	(185, 36.29774783445621)	(190, 36.10423484119345)	(195, 36.21646775745909)	(200, 35.58430221366699)	(205, 36.10968238691049)	(210, 35.50944177093359)	(215, 35.91866217516843)	(220, 35.28918190567854)	(225, 34.93845043310876)	(230, 35.035813282001925)	(235, 35.04696823869104)	(240, 34.27641963426371)	(245, 34.51585178055823)	(250, 34.758466940497385)	(255, 34.28645136448959)	(260, 33.52419502334312)	(265, 33.952967223372)	(270, 32.886701641237906)	(275, 31.799768975309235)	(280, 32.69848390046686)	(285, 32.341117581941575)	(290, 29.98868941618135)	(295, 28.880185183611548)	(300, 22.41204387422088)
523B14_S20_L001_R2_001	(1, 32.92167805253536)	(2, 32.9235543154046)	(3, 32.82834600211681)	(4, 32.75012027326085)	(5, 33.13985374771481)	(6, 36.65139998075628)	(7, 36.72255364187434)	(8, 36.283363802559414)	(9, 36.53997883190609)	(10, 36.9133936303281)	(15, 36.592360242470896)	(20, 36.479399595881844)	(25, 36.274800346386996)	(30, 36.56121427884153)	(35, 36.15704324196862)	(40, 36.48115858352579)	(45, 36.50790030792918)	(50, 36.2929272517321)	(55, 36.24371632024635)	(60, 36.252485204253475)	(65, 36.24982599268658)	(70, 36.32427531198675)	(75, 35.80146287474135)	(80, 35.851412347817714)	(85, 35.34623935325538)	(90, 36.07962080746836)	(95, 35.747572014471096)	(100, 35.882800769971126)	(105, 35.675774783445625)	(110, 35.661395572666024)	(115, 35.35940327237729)	(120, 35.12177093358999)	(125, 34.871033674379085)	(130, 35.84433322104048)	(135, 35.24243707589393)	(140, 34.128870494249)	(145, 34.85723085807786)	(150, 33.61062611290245)	(155, 34.35275999807497)	(160, 32.76711102555464)	(165, 32.92275855430963)	(170, 32.10412435632129)	(175, 32.22631502959719)	(180, 33.60255065210068)	(185, 31.884248520140524)	(190, 31.452293180615044)	(195, 31.27106213003513)	(200, 30.71736849704028)	(205, 30.070754126762598)	(210, 28.14369315173974)	(215, 28.808075460801774)	(220, 26.071273882285)	(225, 27.27475816930555)	(230, 24.191087155301027)	(235, 23.361990471148758)	(240, 21.210318109629913)	(245, 25.8226093652245)	(250, 24.119240371660144)	(255, 22.19611108437214)	(260, 21.2814650815806)	(265, 18.94558405929634)	(270, 17.832285700534243)	(275, 18.407970351831352)	(280, 18.274649853203062)	(285, 15.900620878856426)	(290, 17.291678970865213)	(295, 13.7861334294089)	(300, 10.61529715245861)
528A0_S53_L001_R1_001	(1, 33.809865022496254)	(2, 33.845692384602565)	(3, 33.88410264955841)	(4, 33.86685552407932)	(5, 33.88610231628062)	(6, 37.730253291118146)	(7, 37.663306115647394)	(8, 37.59465089151808)	(9, 37.458798533577735)	(10, 37.54926678886852)	(15, 37.415764039326774)	(20, 37.62844525912348)	(25, 37.46873021163139)	(30, 37.60784869188468)	(35, 37.40119005761862)	(40, 37.463414024415655)	(45, 37.42484063164035)	(50, 37.46220833333333)	(55, 37.3346162326208)	(60, 37.18198919377888)	(65, 36.95962638210274)	(70, 36.98390430941068)	(75, 37.10153706267187)	(80, 37.37401742174801)	(85, 36.96813237194182)	(90, 36.93731505022298)	(95, 37.13861215488451)	(100, 36.99338946315439)	(105, 36.962945981994)	(110, 36.893981327109046)	(115, 36.99303934644882)	(120, 36.92475825275092)	(125, 36.782019006335446)	(130, 36.7351783927976)	(135, 36.544473157719246)	(140, 36.38086028676226)	(145, 36.42308269423141)	(150, 36.35101700566856)	(155, 36.43043514504835)	(160, 36.270440146715565)	(165, 36.371748916305435)	(170, 36.30906135378459)	(175, 36.326458819606536)	(180, 35.954651550516836)	(185, 36.1136378792931)	(190, 35.94606535511837)	(195, 35.99302267422475)	(200, 35.20129209736579)	(205, 35.660345115038346)	(210, 35.24730940769455)	(215, 35.39217521493445)	(220, 34.75082117548979)	(225, 34.458290954564404)	(230, 34.46706127553147)	(235, 34.43994997915799)	(240, 33.69337223843269)	(245, 33.84007503126303)	(250, 33.971913297207166)	(255, 33.463909962484365)	(260, 32.822909545644016)	(265, 33.22820341809088)	(270, 31.77707378074198)	(275, 31.00755314714464)	(280, 31.65052938724468)	(285, 31.35979157982493)	(290, 29.182275948311798)	(295, 27.65333232600525)	(300, 23.470713704401685)
528A0_S53_L001_R2_001	(1, 33.22525412431261)	(2, 33.335944009331776)	(3, 33.231711381436426)	(4, 33.35439926678887)	(5, 33.24841693051158)	(6, 36.55669888351942)	(7, 36.84294284285952)	(8, 36.93763539410098)	(9, 37.03336943842693)	(10, 37.11973837693718)	(15, 36.9746375604066)	(20, 36.79611731378104)	(25, 36.657948675220794)	(30, 36.852224629228466)	(35, 36.50292723111208)	(40, 36.813025)	(45, 36.775675)	(50, 36.631067961165044)	(55, 36.65639981297524)	(60, 36.70919412687624)	(65, 36.67330562007329)	(70, 36.73479764931439)	(75, 36.30707853242235)	(80, 36.28565355118373)	(85, 35.98502000666889)	(90, 36.512370790263425)	(95, 36.29893297765922)	(100, 36.30392630876959)	(105, 36.21118706235412)	(110, 36.09367289096365)	(115, 35.98582860953651)	(120, 35.84658219406469)	(125, 35.62726742247416)	(130, 36.363396132044016)	(135, 35.977450816938976)	(140, 34.95125041680561)	(145, 35.540188396132045)	(150, 34.57802600866956)	(155, 35.278367789263086)	(160, 33.98997165721907)	(165, 34.078792930976995)	(170, 33.303326108702905)	(175, 33.51597199066355)	(180, 34.170856952317436)	(185, 33.03653717905969)	(190, 32.63243581193731)	(195, 32.79450650216739)	(200, 32.06888962987662)	(205, 31.53440313437813)	(210, 29.01651383794598)	(215, 30.136194750090304)	(220, 28.243591346755032)	(225, 28.75975157350673)	(230, 26.337351506815054)	(235, 25.053011545996416)	(240, 22.6104789295986)	(245, 27.342261681463885)	(250, 25.92297945062732)	(255, 24.01124588387312)	(260, 23.151298403568003)	(265, 20.668667416948022)	(270, 19.50144637572423)	(275, 19.39204701763161)	(280, 19.046309032553875)	(285, 17.4150556458672)	(290, 18.90577299820766)	(295, 14.872792217292155)	(300, 11.2852940430583)
528A14_S54_L001_R1_001	(1, 33.81949243417133)	(2, 33.8625441836451)	(3, 33.86413280908694)	(4, 33.8634973589102)	(5, 33.88931252234004)	(6, 37.75054608999563)	(7, 37.650224393343656)	(8, 37.6357281861869)	(9, 37.58385956551094)	(10, 37.56023670519083)	(15, 37.367989197347)	(20, 37.62539417768776)	(25, 37.463314666984395)	(30, 37.60439254934668)	(35, 37.43644227322416)	(40, 37.46081278549591)	(45, 37.38884519127636)	(50, 37.44706630119573)	(55, 37.378000238350616)	(60, 37.16165880119431)	(65, 36.98886754052735)	(70, 36.92463445645264)	(75, 36.995931341385884)	(80, 37.32621582962493)	(85, 36.95978226319135)	(90, 36.94479497774952)	(95, 37.13406799512394)	(100, 36.94564094413097)	(105, 36.845601207979016)	(110, 36.75223714535484)	(115, 36.994285941349446)	(120, 36.8961773821823)	(125, 36.76160692998489)	(130, 36.63772550266232)	(135, 36.426941111022806)	(140, 36.410704919335615)	(145, 36.28473337042041)	(150, 36.34346340300405)	(155, 36.3616069299849)	(160, 36.241889851386794)	(165, 36.39186998331081)	(170, 36.20915520940953)	(175, 36.195859492966704)	(180, 35.705253119287924)	(185, 35.92705237224827)	(190, 35.735341333545264)	(195, 35.904076929190175)	(200, 35.16569180640546)	(205, 35.64811253278232)	(210, 34.9900103313995)	(215, 35.454804100770886)	(220, 34.88282196345414)	(225, 34.484617524339356)	(230, 34.52989469501291)	(235, 34.45835883171071)	(240, 33.6612994238029)	(245, 33.9806477250149)	(250, 33.919101927279954)	(255, 33.498716471289484)	(260, 32.938199880786804)	(265, 33.27764752632625)	(270, 32.101045102324655)	(275, 30.93696006358037)	(280, 31.777285912974367)	(285, 31.75362606795152)	(290, 29.20450625869263)	(295, 27.768908716213332)	(300, 22.40481075703308)
528A14_S54_L001_R2_001	(1, 33.2287223479884)	(2, 33.310973430239486)	(3, 33.19357401008777)	(4, 33.31033798006275)	(5, 33.26398983279717)	(6, 36.55264307557886)	(7, 36.79220779220779)	(8, 36.902498113507285)	(9, 37.013225306803285)	(10, 37.10568330751818)	(15, 36.93087890702569)	(20, 36.78410580245443)	(25, 36.664355216648794)	(30, 36.828714404861195)	(35, 36.55368820287581)	(40, 36.81222877636333)	(45, 36.793540698367295)	(50, 36.613546259881616)	(55, 36.600055615143205)	(60, 36.653168300779555)	(65, 36.61904855208982)	(70, 36.666195168467894)	(75, 36.15085028607756)	(80, 36.277836935791484)	(85, 35.91923076923077)	(90, 36.44891926255563)	(95, 36.27530472929929)	(100, 36.32446952237146)	(105, 36.19939601049034)	(110, 36.07160454581578)	(115, 35.84556147182707)	(120, 35.811316856075656)	(125, 35.59733767781928)	(130, 36.28578240483191)	(135, 35.86526265596439)	(140, 34.96460303584201)	(145, 35.50944925693396)	(150, 34.51227847095287)	(155, 35.19403957720734)	(160, 33.86752761662561)	(165, 33.94448064849401)	(170, 33.14498132400858)	(175, 33.33249622506556)	(180, 34.2581975681475)	(185, 32.84453627910673)	(190, 32.59733767781928)	(195, 32.74879599459588)	(200, 32.15970754192165)	(205, 31.425812604307396)	(210, 29.011936740046092)	(215, 30.1467535563856)	(220, 28.324348563093213)	(225, 28.851118617126964)	(230, 26.092143850586133)	(235, 24.99621696801113)	(240, 22.58365984502285)	(245, 27.463063779058217)	(250, 26.239904629445665)	(255, 24.206183190939797)	(260, 22.905670574210212)	(265, 21.11583548579376)	(270, 19.641160341744484)	(275, 19.90083051857739)	(280, 19.584192330617924)	(285, 18.10133121398768)	(290, 19.386449433737333)	(295, 15.251011359541314)	(300, 11.332563256116256)
528B0_S55_L001_R1_001	(1, 33.852759472817134)	(2, 33.89505766062603)	(3, 33.892586490939046)	(4, 33.84962932454695)	(5, 33.91659802306425)	(6, 37.75333607907743)	(7, 37.66396210873147)	(8, 37.655683690280064)	(9, 37.59682866556837)	(10, 37.61252059308073)	(15, 37.43621911037891)	(20, 37.662998352553544)	(25, 37.52602141680395)	(30, 37.630856672158146)	(35, 37.446210326214484)	(40, 37.511014086827586)	(45, 37.49264788969763)	(50, 37.53467067594842)	(55, 37.3677884407169)	(60, 37.21621354424123)	(65, 37.08386060306476)	(70, 37.02700609655627)	(75, 37.17290216271884)	(80, 37.41263851699279)	(85, 37.09877651905252)	(90, 37.04378166838311)	(95, 37.20280947476828)	(100, 37.09253964984551)	(105, 37.00579196704429)	(110, 37.01616477857878)	(115, 37.08870854788877)	(120, 36.90370202257492)	(125, 36.8087253851858)	(130, 36.812144681552276)	(135, 36.63055120705281)	(140, 36.398599324379994)	(145, 36.50059322732142)	(150, 36.410933509104396)	(155, 36.52683529702563)	(160, 36.37039630880778)	(165, 36.497338716321984)	(170, 36.37496910274367)	(175, 36.47290928565543)	(180, 36.10760484468979)	(185, 36.22378676773502)	(190, 36.03681305100107)	(195, 36.11930969417129)	(200, 35.29463101075446)	(205, 35.88146194734023)	(210, 35.44098232312827)	(215, 35.62017456661597)	(220, 35.07710694415825)	(225, 34.62331753554502)	(230, 34.71024933031116)	(235, 34.67232639604369)	(240, 33.90198227900268)	(245, 33.9715062847723)	(250, 34.30688646198227)	(255, 33.701116834947456)	(260, 33.05538841953431)	(265, 33.48182979600248)	(270, 32.006865856171444)	(275, 31.369594065526478)	(280, 31.87450236966825)	(285, 31.525283329899032)	(290, 29.448176385740776)	(295, 27.816168687680374)	(300, 24.923655410693062)
528B0_S55_L001_R2_001	(1, 33.19501647446458)	(2, 33.2500823723229)	(3, 33.18504942339374)	(4, 33.30321252059308)	(5, 33.214497528830314)	(6, 36.505436573311364)	(7, 36.82207578253707)	(8, 36.88488467874794)	(9, 36.966927512355845)	(10, 37.09015650741351)	(15, 36.904110378912684)	(20, 36.74597199341022)	(25, 36.644761120263595)	(30, 36.826639209225704)	(35, 36.46644193297489)	(40, 36.75516928906829)	(45, 36.75107262896412)	(50, 36.54603946121844)	(55, 36.59895829301338)	(60, 36.61664538989401)	(65, 36.602710607621006)	(70, 36.65557157569516)	(75, 36.24068550712697)	(80, 36.18043997693005)	(85, 35.88455961110653)	(90, 36.460196094586806)	(95, 36.27829776715828)	(100, 36.27154156710884)	(105, 36.15081980720112)	(110, 36.10063442366318)	(115, 35.880472934003464)	(120, 35.70021067245366)	(125, 35.473653854076545)	(130, 36.271107815267996)	(135, 35.81797882420797)	(140, 34.88907839986817)	(145, 35.46665018745108)	(150, 34.449009187162694)	(155, 35.15235858773123)	(160, 33.53110039962098)	(165, 33.741012647797966)	(170, 32.97835455032341)	(175, 33.14825526304948)	(180, 33.97278457545421)	(185, 32.67544184896799)	(190, 32.031887282165364)	(195, 32.33668882775482)	(200, 31.508653370693917)	(205, 31.315172243283335)	(210, 28.787341354870613)	(215, 29.558729404441834)	(220, 27.443057902328455)	(225, 27.791749433340204)	(230, 25.609758912013184)	(235, 24.659476612404696)	(240, 22.099219981399738)	(245, 26.613468513023406)	(250, 25.119362017804157)	(255, 23.43944939004286)	(260, 22.704228486646887)	(265, 20.015446752390375)	(270, 18.87055720408836)	(275, 19.5770441806792)	(280, 19.23141279261457)	(285, 16.727134849983518)	(290, 18.067383199891385)	(295, 14.415786397823402)	(300, 11.013396781714636)
528B14_S56_L001_R1_001	(1, 33.8559618071728)	(2, 33.87905604719764)	(3, 33.85832945194846)	(4, 33.832362987113804)	(5, 33.893572426641825)	(6, 37.72841950007763)	(7, 37.61950784039745)	(8, 37.59493867411893)	(9, 37.57929669306009)	(10, 37.56276199347927)	(15, 37.389256326657346)	(20, 37.623552243440464)	(25, 37.46493556901102)	(30, 37.60063654712001)	(35, 37.437850786222555)	(40, 37.45595545547422)	(45, 37.433261894202246)	(50, 37.48529057805039)	(55, 37.37100819131178)	(60, 37.183517115514064)	(65, 37.04503028420562)	(70, 36.961932623736594)	(75, 37.07512327703358)	(80, 37.37011065812463)	(85, 37.00576975344593)	(90, 37.00221316249272)	(95, 37.17383032420889)	(100, 37.02123859444768)	(105, 36.87965831877305)	(110, 36.87360124247719)	(115, 37.02884876722966)	(120, 36.904104057464565)	(125, 36.78178994370025)	(130, 36.719184624344784)	(135, 36.52868957483984)	(140, 36.421789943700254)	(145, 36.35807416035722)	(150, 36.390875558144046)	(155, 36.43082119976704)	(160, 36.29279751504562)	(165, 36.47005241700641)	(170, 36.27631139584547)	(175, 36.28536115139364)	(180, 35.819049468043794)	(185, 36.052302554942926)	(190, 35.83215034557738)	(195, 35.98972455998074)	(200, 35.21351403828978)	(205, 35.75085239408178)	(210, 35.17283212302435)	(215, 35.590361539357694)	(220, 35.03316376063066)	(225, 34.59714962525727)	(230, 34.643974991262475)	(235, 34.620721525377654)	(240, 33.71891577026135)	(245, 33.89569337113122)	(250, 34.11990213972273)	(255, 33.65891033357928)	(260, 32.90548716554697)	(265, 33.316616830414354)	(270, 32.013389771271015)	(275, 31.13310551046562)	(280, 31.811051997980663)	(285, 31.579262941245)	(290, 29.19459438468409)	(295, 27.667864755036)	(300, 23.15992370656791)
528B14_S56_L001_R2_001	(1, 33.11989597888527)	(2, 33.22624592454588)	(3, 33.08931066604565)	(4, 33.233853438907005)	(5, 33.10483620555814)	(6, 36.33702064896755)	(7, 36.63239403819283)	(8, 36.785708740878746)	(9, 36.88809967396367)	(10, 36.98653159447291)	(15, 36.7747166589039)	(20, 36.634272628473845)	(25, 36.480639652227914)	(30, 36.71952336593696)	(35, 36.354628726085785)	(40, 36.63390697938089)	(45, 36.61748701769894)	(50, 36.472991963973755)	(55, 36.42763306028961)	(60, 36.518568939799685)	(65, 36.48591396179531)	(70, 36.51625975339739)	(75, 36.02480295088332)	(80, 36.07799650553291)	(85, 35.70062512133567)	(90, 36.2686546301689)	(95, 36.068336245389254)	(100, 36.165482430596)	(105, 35.93666472529606)	(110, 35.84729955348475)	(115, 35.61027373325568)	(120, 35.46243447874199)	(125, 35.20343234323432)	(130, 36.071302659677734)	(135, 35.59359347699476)	(140, 34.60185595030091)	(145, 35.1849737914968)	(150, 34.14718695398952)	(155, 34.83492913997283)	(160, 33.28375849349641)	(165, 33.407905261114344)	(170, 32.752009318578914)	(175, 32.89495552072235)	(180, 33.713691077114234)	(185, 32.24735575056302)	(190, 31.74036654500272)	(195, 32.09562839239215)	(200, 31.358207448254433)	(205, 30.809413226670806)	(210, 28.573259290901326)	(215, 29.370898217544948)	(220, 27.261061706341497)	(225, 27.77117781833715)	(230, 24.84450312609219)	(235, 24.166743039105278)	(240, 21.71814686808279)	(245, 26.313828589181004)	(250, 25.011316065395516)	(255, 23.212488835385034)	(260, 22.175379596908858)	(265, 20.046374898062208)	(270, 18.83114442157586)	(275, 19.375612597569027)	(280, 18.99881169663314)	(285, 16.85403285309308)	(290, 18.330464836317038)	(295, 14.571953718646217)	(300, 11.080096658288408)
532A0_S45_L001_R1_001	(1, 33.814612192098316)	(2, 33.83606424836954)	(3, 33.882067590147145)	(4, 33.85986093893171)	(5, 33.890368134533496)	(6, 37.72605508543093)	(7, 37.651511884870374)	(8, 37.6059127903843)	(9, 37.499272354875224)	(10, 37.5659030884493)	(15, 37.41191721015469)	(20, 37.634555058481105)	(25, 37.493575163046415)	(30, 37.611723171454756)	(35, 37.43972113891324)	(40, 37.468319633472575)	(45, 37.44843013071015)	(50, 37.49686026142029)	(55, 37.40165216934732)	(60, 37.186539122553256)	(65, 37.0222359980594)	(70, 36.922230607514415)	(75, 37.052617109589775)	(80, 37.35355303146626)	(85, 37.05844047330261)	(90, 36.99968194927361)	(95, 37.17879841513706)	(100, 37.01441470580308)	(105, 36.91566804129269)	(110, 36.84239777903561)	(115, 37.06579337484165)	(120, 36.8959165521145)	(125, 36.76927306541603)	(130, 36.731009945823565)	(135, 36.51077868521064)	(140, 36.4493733322552)	(145, 36.31313195269182)	(150, 36.430814016172505)	(155, 36.426146688589995)	(160, 36.32567454648373)	(165, 36.44210720297548)	(170, 36.32356461264758)	(175, 36.329025823494526)	(180, 35.77885061189282)	(185, 36.000264165184106)	(190, 35.76752924685967)	(195, 35.928729311553184)	(200, 35.23330098657609)	(205, 35.751948892123565)	(210, 35.123796431074446)	(215, 35.552660520782794)	(220, 35.0589519650655)	(225, 34.585319963340346)	(230, 34.671308426330256)	(235, 34.56622459431775)	(240, 33.80435063884846)	(245, 33.79222599601057)	(250, 33.869405358779446)	(255, 33.546617068305565)	(260, 32.70078171329991)	(265, 33.3263302603914)	(270, 32.07653242762413)	(275, 30.80020486279584)	(280, 31.739748773518784)	(285, 31.53768397218179)	(290, 29.04153323629306)	(295, 27.806662120311955)	(300, 22.30118753173116)
532A0_S45_L001_R2_001	(1, 33.51560394545356)	(2, 33.191936614024684)	(3, 32.97803589715949)	(4, 33.199886810758365)	(5, 33.43677572360265)	(6, 36.79604376650676)	(7, 37.146714817010725)	(8, 36.570446828006254)	(9, 36.87999245405056)	(10, 37.05757559424352)	(15, 36.84629439982753)	(20, 36.714606802134426)	(25, 36.53502398533929)	(30, 36.756831779227085)	(35, 36.32397449313076)	(40, 36.65410052553564)	(45, 36.67911602209945)	(50, 36.53224093787899)	(55, 36.475926152337756)	(60, 36.55629241358657)	(65, 36.54945961243026)	(70, 36.54705549416489)	(75, 36.013810204026626)	(80, 36.11582365691669)	(85, 35.63179343431621)	(90, 36.290636623362616)	(95, 36.07956444396528)	(100, 36.09883564228344)	(105, 35.84232655921514)	(110, 35.9149479812409)	(115, 35.62416042261872)	(120, 35.437895531238205)	(125, 35.223993315724215)	(130, 36.131389143442405)	(135, 35.60385963020861)	(140, 34.3757263759366)	(145, 35.07126974791996)	(150, 34.05298509474137)	(155, 34.85099170959785)	(160, 33.2651590296496)	(165, 33.295973045822095)	(170, 32.39856064690027)	(175, 32.39416711590297)	(180, 33.625175202156335)	(185, 32.011153638814015)	(190, 31.463121293800537)	(195, 31.942431266846363)	(200, 30.88098113207547)	(205, 30.5084204851752)	(210, 27.963175202156332)	(215, 28.904851752021564)	(220, 26.79091644204852)	(225, 27.172921832884093)	(230, 24.477293800539083)	(235, 23.842425876010783)	(240, 21.202156334231805)	(245, 26.09734770889488)	(250, 24.332528301886793)	(255, 22.753520215633422)	(260, 21.25732614555256)	(265, 19.72397843665768)	(270, 18.34524528301887)	(275, 18.702285714285715)	(280, 18.564582210242587)	(285, 16.187504043126683)	(290, 18.02078706199461)	(295, 14.263446900715422)	(300, 10.656090635690273)
532A14_S46_L001_R1_001	(1, 33.79835591010541)	(2, 33.839170883698316)	(3, 33.83678430159326)	(4, 33.85158994983758)	(5, 33.87024064702893)	(6, 37.691180695202526)	(7, 37.579011336265)	(8, 37.555874748635446)	(9, 37.46854352197644)	(10, 37.48930678629041)	(15, 37.290124411641216)	(20, 37.56991138709036)	(25, 37.38781517247476)	(30, 37.56105009612622)	(35, 37.35991198864248)	(40, 37.38296663762651)	(45, 37.267614038189535)	(50, 37.37821782178217)	(55, 37.31609371753342)	(60, 37.06448762501883)	(65, 36.89944302006895)	(70, 36.775550349217575)	(75, 36.87926796923349)	(80, 37.177451153744144)	(85, 36.82861815931394)	(90, 36.808496154186194)	(95, 37.024166740341265)	(100, 36.74673872885161)	(105, 36.59819198550052)	(110, 36.57264549212033)	(115, 36.76198306920408)	(120, 36.511646000486266)	(125, 36.481829233251545)	(130, 36.32154808478659)	(135, 36.14665252083195)	(140, 36.04836107243109)	(145, 35.885573458877616)	(150, 36.01590522290741)	(155, 35.95618769754437)	(160, 35.908670954622814)	(165, 36.032018212762196)	(170, 35.9178745883341)	(175, 35.785867114628005)	(180, 35.1917112417665)	(185, 35.352236621182406)	(190, 35.159479233438695)	(195, 35.399916003536696)	(200, 34.50209549071619)	(205, 35.09445181255526)	(210, 34.45188770999116)	(215, 34.87240495137047)	(220, 34.33158709106985)	(225, 33.7335190097259)	(230, 33.86785145888594)	(235, 33.66943854995579)	(240, 32.84768346595933)	(245, 32.747484526967284)	(250, 32.486016799292656)	(255, 32.25276746242264)	(260, 31.732559681697616)	(265, 32.01353227232538)	(270, 30.8595225464191)	(275, 29.240932802829356)	(280, 30.152038019451812)	(285, 30.319686118479222)	(290, 27.40886383731211)	(295, 26.258010201950913)	(300, 21.049718804020156)
532A14_S46_L001_R2_001	(1, 33.545444500917064)	(2, 33.20571011866617)	(3, 32.964775815968004)	(4, 33.24977349567985)	(5, 33.47895167171237)	(6, 36.84118180010165)	(7, 37.201688285859504)	(8, 36.605330033367956)	(9, 36.97069807526573)	(10, 37.12093341877887)	(15, 36.87195987006386)	(20, 36.74909950721499)	(25, 36.62463483083995)	(30, 36.821373168629705)	(35, 36.383338254748246)	(40, 36.6823077539821)	(45, 36.704185820367755)	(50, 36.593670438472415)	(55, 36.54436601234106)	(60, 36.609016893759296)	(65, 36.61779683493943)	(70, 36.57907346830519)	(75, 36.04751569268853)	(80, 36.078680045972945)	(85, 35.604950932720364)	(90, 36.32450711696579)	(95, 36.12380868181416)	(100, 36.07728412976083)	(105, 35.93450478527065)	(110, 35.95884888270009)	(115, 35.58658798046107)	(120, 35.54098092522601)	(125, 35.40636562562164)	(130, 36.06552173816944)	(135, 35.556435249651884)	(140, 34.474773998187565)	(145, 35.15927325774153)	(150, 33.98235307119334)	(155, 34.93519881528634)	(160, 33.454399575624954)	(165, 33.28855734588776)	(170, 32.4642751364852)	(175, 32.564334025905126)	(180, 33.49255116926749)	(185, 31.69195285140763)	(190, 31.0293096969563)	(195, 31.82256852343059)	(200, 30.565119363395223)	(205, 29.923492484526967)	(210, 27.63129531388152)	(215, 28.734964633068085)	(220, 26.603806366047746)	(225, 26.199902740937222)	(230, 23.757541998231655)	(235, 23.65659593280283)	(240, 20.742630415561454)	(245, 25.733368700265252)	(250, 24.090490716180373)	(255, 22.57194518125553)	(260, 20.860176834659594)	(265, 19.633351016799292)	(270, 18.28942086648983)	(275, 18.303306808134394)	(280, 18.372042440318303)	(285, 16.276962864721487)	(290, 17.939765694076037)	(295, 14.260928489724279)	(300, 10.605018477258238)
532B0_S47_L001_R1_001	(1, 33.83239897924327)	(2, 33.88424056101433)	(3, 33.883436815560515)	(4, 33.84684630377559)	(5, 33.91799787007455)	(6, 37.75678662567565)	(7, 37.64972773122752)	(8, 37.627966323065486)	(9, 37.58249442401591)	(10, 37.58147768601684)	(15, 37.40897783671911)	(20, 37.64883557377379)	(25, 37.49360419555127)	(30, 37.64478469668656)	(35, 37.459854923945585)	(40, 37.486354411557855)	(45, 37.43923483432797)	(50, 37.49754656700223)	(55, 37.425912753430985)	(60, 37.21946269616412)	(65, 37.04259047159765)	(70, 36.97101693893544)	(75, 37.0792533204734)	(80, 37.37769606365664)	(85, 37.07989631683646)	(90, 37.02520545743163)	(95, 37.222416460706896)	(100, 37.01698716016637)	(105, 36.910551168444954)	(110, 36.86746639339322)	(115, 37.07408523720538)	(120, 36.94346856350594)	(125, 36.82340908634235)	(130, 36.72890469588282)	(135, 36.534800168786546)	(140, 36.49100006028091)	(145, 36.348126268410795)	(150, 36.42929250306428)	(155, 36.43961661341853)	(160, 36.34442100186871)	(165, 36.460284927763375)	(170, 36.392681897643016)	(175, 36.34150742459863)	(180, 35.823597966524005)	(185, 36.03454096087769)	(190, 35.82639500070328)	(195, 35.97221451966162)	(200, 35.25806765898899)	(205, 35.83315918498574)	(210, 35.15670136237592)	(215, 35.58978820881727)	(220, 35.03305067716915)	(225, 34.647072298356306)	(230, 34.650255194309366)	(235, 34.60466181730499)	(240, 33.87002772977535)	(245, 33.87829843668368)	(250, 33.90460153518466)	(255, 33.50223445725997)	(260, 32.85383595225656)	(265, 33.379138367560174)	(270, 32.12460314270787)	(275, 30.84306956556685)	(280, 31.80407507133384)	(285, 31.63619740385002)	(290, 29.112466342482822)	(295, 27.784505178961222)	(300, 22.39753384802004)
532B0_S47_L001_R2_001	(1, 33.52922619406434)	(2, 33.240942793417325)	(3, 33.006751461812044)	(4, 33.23493479615006)	(5, 33.46902565957361)	(6, 36.85775714831113)	(7, 37.20186067072558)	(8, 36.62973456306388)	(9, 36.9624449936705)	(10, 37.12975666606386)	(15, 36.89513934936805)	(20, 36.77374163602387)	(25, 36.60151506018044)	(30, 36.81136496071694)	(35, 36.451009705226355)	(40, 36.739586472964014)	(45, 36.759008981855445)	(50, 36.61947475234594)	(55, 36.58533164546789)	(60, 36.617011272529986)	(65, 36.648260592548795)	(70, 36.61506651127276)	(75, 36.11397741429892)	(80, 36.198770244745404)	(85, 35.77492665675361)	(90, 36.40284933488728)	(95, 36.20784873206607)	(100, 36.20252783024555)	(105, 36.055069726319175)	(110, 36.024820158341036)	(115, 35.72253345657678)	(120, 35.636060764377284)	(125, 35.470449704617614)	(130, 36.23958124020415)	(135, 35.72633926777318)	(140, 34.67884499457461)	(145, 35.3130772013021)	(150, 34.293553831933444)	(155, 35.036731905316884)	(160, 33.65387212152876)	(165, 33.57805328939437)	(170, 32.789430534903346)	(175, 32.84926656753607)	(180, 33.9452598159386)	(185, 32.359373831593544)	(190, 31.952086807997592)	(195, 32.42643223148799)	(200, 31.42464198992721)	(205, 30.910188087774294)	(210, 28.39805883771401)	(215, 29.428217185113738)	(220, 27.298324089703403)	(225, 27.765018889156817)	(230, 25.042625190901056)	(235, 24.35384213487662)	(240, 21.735109717868337)	(245, 26.640282131661444)	(250, 25.09035849208263)	(255, 23.40569487983281)	(260, 21.973233662888838)	(265, 20.315099268547545)	(270, 18.985877341049754)	(275, 19.02679045092838)	(280, 18.844385499557916)	(285, 17.086669078048388)	(290, 18.586777590225868)	(295, 14.682468278827562)	(300, 10.929256515497888)
532B14_S48_L001_R1_001	(1, 33.87032924900554)	(2, 33.88224675303928)	(3, 33.85194178634759)	(4, 33.81401664616515)	(5, 33.906417240442835)	(6, 37.732335415435244)	(7, 37.62602041631388)	(8, 37.62977458983657)	(9, 37.61049251561577)	(10, 37.55480294582807)	(15, 37.38194801667812)	(20, 37.629860855951556)	(25, 37.46055881272265)	(30, 37.61333290732783)	(35, 37.46596039641473)	(40, 37.46324685283405)	(45, 37.43833927037587)	(50, 37.485668184359774)	(55, 37.41414809489576)	(60, 37.18566978193146)	(65, 37.01417046089943)	(70, 36.91588465532391)	(75, 37.04148893681604)	(80, 37.37209042255772)	(85, 37.03609872993051)	(90, 37.017413531432226)	(95, 37.168655643422)	(100, 36.99479511143063)	(105, 36.909043853342915)	(110, 36.81588944803898)	(115, 37.05485422158319)	(120, 36.98503346545676)	(125, 36.83543470620187)	(130, 36.74541649359363)	(135, 36.56364827299741)	(140, 36.49528069783047)	(145, 36.37203246317538)	(150, 36.49935457072563)	(155, 36.48872415886506)	(160, 36.35620666517557)	(165, 36.53475732498323)	(170, 36.346755280058794)	(175, 36.37279611464358)	(180, 35.816528740773876)	(185, 36.0310477042528)	(190, 35.81271687382177)	(195, 36.016480812857466)	(200, 35.27455027638432)	(205, 35.80663961402051)	(210, 35.15486468351599)	(215, 35.61011279036329)	(220, 35.07680628906393)	(225, 34.61326346396562)	(230, 34.71434824980429)	(235, 34.61274583419871)	(240, 33.81113543047944)	(245, 34.006457591104436)	(250, 34.004147428626204)	(255, 33.64419344016103)	(260, 32.97527199527104)	(265, 33.32045436390651)	(270, 32.1820682823958)	(275, 30.888485932931797)	(280, 31.881258287667954)	(285, 31.689492435256334)	(290, 29.14884411994952)	(295, 27.911012868347786)	(300, 22.014326433427264)
532B14_S48_L001_R2_001	(1, 33.44641116986437)	(2, 33.09211304056105)	(3, 32.84353882773935)	(4, 33.13128424684889)	(5, 33.37465054235826)	(6, 36.68482515136508)	(7, 37.06546639615317)	(8, 36.47515056632107)	(9, 36.789063373644105)	(10, 37.0132019106347)	(15, 36.72508586673483)	(20, 36.63228908733645)	(25, 36.398511110756104)	(30, 36.66573797466332)	(35, 36.301122743258745)	(40, 36.598849766758256)	(45, 36.562016889137126)	(50, 36.41409697260165)	(55, 36.36493969166867)	(60, 36.454988417605236)	(65, 36.470782011342756)	(70, 36.455889448038974)	(75, 35.87081396277658)	(80, 36.03817557312884)	(85, 35.548516654684875)	(90, 36.19016215352664)	(95, 35.97748062944324)	(100, 36.030884255930985)	(105, 35.842236600367436)	(110, 35.77937215432543)	(115, 35.45340362648774)	(120, 35.38473755415939)	(125, 35.12513020417292)	(130, 36.0159759721379)	(135, 35.48777518612007)	(140, 34.36571556379205)	(145, 35.031060485030515)	(150, 33.99094481899223)	(155, 34.74156308911397)	(160, 33.29358724478384)	(165, 33.28244240662044)	(170, 32.418455443013706)	(175, 32.50256254593092)	(180, 33.60362335048088)	(185, 32.039876026456206)	(190, 31.718682301818063)	(195, 31.991619005016457)	(200, 31.240166789149118)	(205, 30.509151036840592)	(210, 28.068441064638783)	(215, 29.193232578202384)	(220, 27.278961490865704)	(225, 27.620769095585768)	(230, 24.883638745546627)	(235, 24.0065630342051)	(240, 21.532759254229706)	(245, 26.397884747495727)	(250, 24.86824724809484)	(255, 23.118521240394294)	(260, 21.71039253590657)	(265, 20.06817056220344)	(270, 18.705008547281643)	(275, 18.94401929928267)	(280, 18.718712955122776)	(285, 17.019126739411753)	(290, 18.530126790309993)	(295, 14.649821628961657)	(300, 10.917784009921036)
550A0_S65_L001_R1_001	(1, 33.83497143817204)	(2, 33.876176075268816)	(3, 33.847194220430104)	(4, 33.839759744623656)	(5, 33.90330981182796)	(6, 37.73021673387097)	(7, 37.62567204301075)	(8, 37.60488071236559)	(9, 37.549605174731184)	(10, 37.549596774193546)	(15, 37.39060819892473)	(20, 37.6294690860215)	(25, 37.41675067204301)	(30, 37.65023521505376)	(35, 37.366574260752685)	(40, 37.44554771505376)	(45, 37.443554602633604)	(50, 37.492784503272205)	(55, 37.38303717706365)	(60, 37.19276297421733)	(65, 36.81366997143338)	(70, 36.97741556041001)	(75, 37.06708956477903)	(80, 37.36942530667115)	(85, 36.90338777479709)	(90, 36.93241744391228)	(95, 37.12463658516091)	(100, 36.89070666330561)	(105, 36.912595580203345)	(110, 36.738769851273005)	(115, 36.79509284934039)	(120, 36.933627426266696)	(125, 36.66366691874633)	(130, 36.68745483572809)	(135, 36.35990252919923)	(140, 36.384841609948744)	(145, 36.274724938369374)	(150, 36.30986933322129)	(155, 36.21380614259905)	(160, 36.12689382799042)	(165, 36.185101466324944)	(170, 36.19656316961472)	(175, 36.09966808117306)	(180, 35.718961388176965)	(185, 35.977093399437)	(190, 35.70810470148313)	(195, 35.78335364060333)	(200, 35.09865972017983)	(205, 35.55522877190034)	(210, 35.171765892189406)	(215, 35.14546447628251)	(220, 34.01279778160581)	(225, 34.14655686735851)	(230, 34.122288979454645)	(235, 34.21562119238688)	(240, 33.469232385193905)	(245, 33.69004663669594)	(250, 33.583513297760604)	(255, 33.29792025545145)	(260, 32.27959329439939)	(265, 32.71467585395571)	(270, 32.06193857400949)	(275, 30.61650350825596)	(280, 31.19862190664258)	(285, 31.346607285408176)	(290, 29.31147430780219)	(295, 27.757553768193766)	(300, 22.059655261969112)
550A0_S65_L001_R2_001	(1, 33.21215557795699)	(2, 33.45770329301075)	(3, 33.29435483870968)	(4, 33.29032258064516)	(5, 33.42380712365591)	(6, 36.90608198924731)	(7, 37.201234879032256)	(8, 36.519741263440864)	(9, 36.83736559139785)	(10, 37.163970094086025)	(15, 36.895287298387096)	(20, 36.85351142473119)	(25, 36.59271673387097)	(30, 36.85825772849462)	(35, 36.58895329301075)	(40, 36.77149697580645)	(45, 36.78149829400557)	(50, 36.453931793020686)	(55, 36.651291745431635)	(60, 36.5988529180988)	(65, 36.64464795832633)	(70, 36.70199966392203)	(75, 36.08767434044698)	(80, 36.36009914300117)	(85, 35.939478081487685)	(90, 36.54001344424838)	(95, 36.2386186034787)	(100, 36.007033022435095)	(105, 36.11990589026132)	(110, 35.87409461389799)	(115, 35.75798672380472)	(120, 35.71612469540375)	(125, 35.66472565330645)	(130, 36.2669103436686)	(135, 35.83840853709773)	(140, 34.85752457776657)	(145, 35.47246672892207)	(150, 34.298836183353636)	(155, 34.77440443678837)	(160, 33.357237090878535)	(165, 33.68899626066131)	(170, 32.79458846266964)	(175, 33.01841099113483)	(180, 33.86590479391622)	(185, 32.61282299063065)	(190, 32.52574261585648)	(195, 32.316524515776656)	(200, 31.96175790933154)	(205, 30.89962606613168)	(210, 28.78386622410823)	(215, 29.93458258056384)	(220, 27.586731649930677)	(225, 27.94438048821478)	(230, 25.849955884206548)	(235, 24.147960169740763)	(240, 22.34843073820428)	(245, 26.943960337800934)	(250, 25.755539683206585)	(255, 24.03925885466997)	(260, 22.475879164740977)	(265, 20.68292088567707)	(270, 19.58895004411579)	(275, 19.716179992437294)	(280, 19.104138481576406)	(285, 17.70827276164867)	(290, 18.87396327885383)	(295, 14.813107752763788)	(300, 10.9390813622297)
550A14_S66_L001_R1_001	(1, 33.89356314327724)	(2, 33.88249469041006)	(3, 33.87669498447966)	(4, 33.86578990361052)	(5, 33.9123917660513)	(6, 37.75057180199314)	(7, 37.68007678483908)	(8, 37.64838261721941)	(9, 37.59532756085607)	(10, 37.591480150302246)	(15, 37.427046234275444)	(20, 37.67255350432936)	(25, 37.49839078581932)	(30, 37.65518706093776)	(35, 37.43777053490656)	(40, 37.50027512721154)	(45, 37.499056411094315)	(50, 37.54761651893305)	(55, 37.42783691127146)	(60, 37.28017973856209)	(65, 36.96118464052288)	(70, 37.045686274509805)	(75, 37.1382679738562)	(80, 37.43616013071895)	(85, 37.043799019607846)	(90, 37.01994281045752)	(95, 37.20962418300654)	(100, 37.01325163398693)	(105, 36.998852904539675)	(110, 36.86322411961762)	(115, 37.00391371844105)	(120, 37.034439088160795)	(125, 36.81256638614266)	(130, 36.820900400359506)	(135, 36.543704551025414)	(140, 36.561671705204674)	(145, 36.4708718032519)	(150, 36.51184737315141)	(155, 36.45639056370322)	(160, 36.34154512399395)	(165, 36.41574539363484)	(170, 36.450161375985616)	(175, 36.345393634840875)	(180, 35.99454181476487)	(185, 36.20281080197737)	(190, 35.98629734036034)	(195, 35.999387179801445)	(200, 35.3732238427912)	(205, 35.80769280769952)	(210, 35.404698480143814)	(215, 35.49143650923353)	(220, 34.664757313286486)	(225, 34.593520183036446)	(230, 34.55102957999674)	(235, 34.578713842131066)	(240, 34.02020755025331)	(245, 34.142752083673805)	(250, 34.115647981696355)	(255, 33.79039058669717)	(260, 32.92065697009315)	(265, 33.339042327177644)	(270, 32.580944598790644)	(275, 31.303628043798007)	(280, 31.966751103121425)	(285, 31.990978918123876)	(290, 29.945375061284523)	(295, 28.5542100117057)	(300, 22.89398527649942)
550A14_S66_L001_R2_001	(1, 33.11926155856886)	(2, 33.39241953929096)	(3, 33.233213527201436)	(4, 33.20633883352394)	(5, 33.37350923051789)	(6, 36.85602842672766)	(7, 37.16590426400915)	(8, 36.37359091651691)	(9, 36.7012334585852)	(10, 37.10182159777814)	(15, 36.835672275771934)	(20, 36.76618199640582)	(25, 36.51511190981866)	(30, 36.799076948211074)	(35, 36.45459977724232)	(40, 36.708152928682296)	(45, 36.70339537917535)	(50, 36.43608512724153)	(55, 36.56249635538351)	(60, 36.53017156862745)	(65, 36.56923202614379)	(70, 36.5868545751634)	(75, 35.97031862745098)	(80, 36.21506535947712)	(85, 35.795792483660136)	(90, 36.400645424836604)	(95, 36.09122549019608)	(100, 35.939272875817)	(105, 35.946005269422606)	(110, 35.82451080517994)	(115, 35.664038563666814)	(120, 35.52424527145716)	(125, 35.44124351484946)	(130, 36.166387515829896)	(135, 35.65358062012338)	(140, 34.62258262183913)	(145, 35.28906409575554)	(150, 34.046717594672984)	(155, 34.696358017582874)	(160, 33.25550290056377)	(165, 33.55627910777024)	(170, 32.62984720973935)	(175, 32.80495955551924)	(180, 33.762194623743774)	(185, 32.49623335239808)	(190, 32.324830460004904)	(195, 32.06164719339815)	(200, 31.73224936677833)	(205, 30.782425440300972)	(210, 28.512244147567106)	(215, 29.724998978633)	(220, 27.234105486783513)	(225, 27.828827062139972)	(230, 25.277836336152305)	(235, 23.938619928912857)	(240, 22.13892225354415)	(245, 26.615998692650244)	(250, 25.386460759079956)	(255, 23.64386975528047)	(260, 22.125178739224577)	(265, 20.381149650692485)	(270, 19.215982350778283)	(275, 19.41569636801896)	(280, 18.764382890060055)	(285, 17.36106549005188)	(290, 18.671098137207533)	(295, 14.689932252495183)	(300, 10.957544348196503)
550B0_S67_L001_R1_001	(1, 33.832067047857755)	(2, 33.85838489856662)	(3, 33.85521265763296)	(4, 33.879024046369544)	(5, 33.89030312524477)	(6, 37.74860969687475)	(7, 37.650505208741286)	(8, 37.63527061956607)	(9, 37.580520090859245)	(10, 37.6040181718493)	(15, 37.44570376752565)	(20, 37.631134957311815)	(25, 37.483567008694294)	(30, 37.63382157123835)	(35, 37.418453826270856)	(40, 37.46084436437691)	(45, 37.49414897783347)	(50, 37.506336649173655)	(55, 37.381757656458056)	(60, 37.207323568575234)	(65, 36.968888540769164)	(70, 36.98488100295266)	(75, 37.10244781263463)	(80, 37.41834488700897)	(85, 37.039290330160966)	(90, 37.01658246191204)	(95, 37.21279912270395)	(100, 37.01376258175694)	(105, 36.97563153565973)	(110, 36.860682254337526)	(115, 37.03976031018682)	(120, 37.03106567970861)	(125, 36.83025888066424)	(130, 36.80934476951396)	(135, 36.56875416128148)	(140, 36.58990326244468)	(145, 36.44333215838327)	(150, 36.50625465084401)	(155, 36.50341910468806)	(160, 36.36309090197)	(165, 36.48869306387812)	(170, 36.383730858105196)	(175, 36.40645439235499)	(180, 36.00967375553206)	(185, 36.18933145341323)	(190, 35.93194689225707)	(195, 36.003689343202915)	(200, 35.38708338228959)	(205, 35.85356205694591)	(210, 35.38411405295316)	(215, 35.5913628578806)	(220, 34.902753515334304)	(225, 34.735004504328074)	(230, 34.757980494301044)	(235, 34.71790372488347)	(240, 34.09609494340213)	(245, 34.36238298539031)	(250, 34.364780977869046)	(255, 33.94000548395942)	(260, 33.200900936190216)	(265, 33.54179168788436)	(270, 32.658576520819466)	(275, 31.55097340279682)	(280, 32.34234008382624)	(285, 32.189596145559946)	(290, 30.091339261232328)	(295, 28.773643931314364)	(300, 23.098098523087543)
550B0_S67_L001_R2_001	(1, 33.16096185478186)	(2, 33.395825174277434)	(3, 33.27175530664996)	(4, 33.191900994752096)	(5, 33.32251116158847)	(6, 36.862418735803246)	(7, 37.18508655126498)	(8, 36.52553458134253)	(9, 36.7017310252996)	(10, 37.11488211796037)	(15, 36.824492833085294)	(20, 36.71429466593561)	(25, 36.526059371817965)	(30, 36.76158063758126)	(35, 36.500454296232476)	(40, 36.7400525058897)	(45, 36.68869306387812)	(50, 36.43354874084518)	(55, 36.498922962440766)	(60, 36.51812164649669)	(65, 36.52893902009165)	(70, 36.56971028832454)	(75, 35.94856650477832)	(80, 36.18387905373649)	(85, 35.806384145386176)	(90, 36.380784897383684)	(95, 36.13712987623374)	(100, 36.06437411875294)	(105, 36.021792260692465)	(110, 35.84353752154159)	(115, 35.655749647501175)	(120, 35.60511514961617)	(125, 35.36990443365188)	(130, 36.16802443991853)	(135, 35.67658624471252)	(140, 34.58083973053423)	(145, 35.26000313332289)	(150, 34.19331035563215)	(155, 34.8258420805264)	(160, 33.381599561334795)	(165, 33.59324768917437)	(170, 32.68058906470311)	(175, 32.89402318658938)	(180, 33.94857433808554)	(185, 32.48628387905374)	(190, 32.402365658781136)	(195, 32.22414225285915)	(200, 31.88262572458092)	(205, 30.948206172646092)	(210, 28.57739307535642)	(215, 29.806404377722487)	(220, 27.746817594297124)	(225, 28.359703889389372)	(230, 25.68605225020563)	(235, 24.23860404997846)	(240, 22.249077591947046)	(245, 26.872688104657083)	(250, 25.56557955970505)	(255, 23.72004387167535)	(260, 22.314277880057976)	(265, 20.433890869207566)	(270, 19.104281405460455)	(275, 19.418285087547495)	(280, 18.98520114379725)	(285, 17.715539190724275)	(290, 18.897136589760663)	(295, 14.757882253910902)	(300, 11.109528671976031)
550B14_S68_L001_R1_001	(1, 33.81451904169509)	(2, 33.890324651872064)	(3, 33.85858180504836)	(4, 33.85858180504836)	(5, 33.90063806733818)	(6, 37.75452465989807)	(7, 37.66098158032024)	(8, 37.63991331915406)	(9, 37.551506882298646)	(10, 37.59260805008226)	(15, 37.44836470163329)	(20, 37.66305228941771)	(25, 37.459761627673664)	(30, 37.666511497251086)	(35, 37.41225918456254)	(40, 37.49451801910266)	(45, 37.44645637691629)	(50, 37.52940228337114)	(55, 37.41919342936159)	(60, 37.25223923787695)	(65, 36.94370233603596)	(70, 37.03557036204544)	(75, 37.14591795777475)	(80, 37.424845468411334)	(85, 37.026121859195634)	(90, 37.03508067753071)	(95, 37.206109015011634)	(100, 37.019145861764464)	(105, 36.965802360118815)	(110, 36.89447700088304)	(115, 36.95551898530947)	(120, 37.01774905675524)	(125, 36.79842658746087)	(130, 36.81885686762463)	(135, 36.50651039576142)	(140, 36.52754274704985)	(145, 36.44912900377298)	(150, 36.42932487757887)	(155, 36.44459340130048)	(160, 36.304443370451054)	(165, 36.382755990848146)	(170, 36.37490466824549)	(175, 36.290458796612214)	(180, 35.94449484205033)	(185, 36.16962228555373)	(190, 35.95477060169389)	(195, 36.040292216914864)	(200, 35.35420864608839)	(205, 35.79263838156786)	(210, 35.43483601621774)	(215, 35.52045064000705)	(220, 34.50670413488559)	(225, 34.5504696908872)	(230, 34.62088317944601)	(235, 34.729016459253316)	(240, 34.1543235648334)	(245, 34.27171417101566)	(250, 34.18218386190285)	(255, 33.87748695303091)	(260, 33.13147944298056)	(265, 33.5671524348629)	(270, 32.68087839736641)	(275, 31.4528162511542)	(280, 32.07930466899514)	(285, 32.184905054398016)	(290, 30.171367778714522)	(295, 28.801014941472726)	(300, 23.021915665607047)
550B14_S68_L001_R2_001	(1, 33.11585537140335)	(2, 33.39122757735062)	(3, 33.200048156025524)	(4, 33.143224045908745)	(5, 33.30266062041013)	(6, 36.77491071070268)	(7, 37.08479473494121)	(8, 36.36570488382359)	(9, 36.65929611942694)	(10, 37.0595288735503)	(15, 36.74549540511257)	(20, 36.645908744331635)	(25, 36.38590633653036)	(30, 36.70981179020025)	(35, 36.41710566104473)	(40, 36.64218637129786)	(45, 36.619319367525485)	(50, 36.335461598306196)	(55, 36.45503840771912)	(60, 36.44685793859984)	(65, 36.45688942404174)	(70, 36.527577764398956)	(75, 35.84960866947622)	(80, 36.07173188842063)	(85, 35.71144290587999)	(90, 36.35694962873771)	(95, 36.031860325105356)	(100, 35.80544250451535)	(105, 35.911948625326104)	(110, 35.72228777844672)	(115, 35.58314268512944)	(120, 35.478547060004004)	(125, 35.34640176600441)	(130, 36.08328316275336)	(135, 35.56921533212924)	(140, 34.5839293598234)	(145, 35.17262693156733)	(150, 33.967593818984554)	(155, 34.585342163355406)	(160, 33.24619378714151)	(165, 33.52028578309384)	(170, 32.64902464477804)	(175, 32.87388616841936)	(180, 33.88476358673838)	(185, 32.44203259211688)	(190, 32.3010997832544)	(195, 32.086136308902624)	(200, 31.637480934414384)	(205, 30.664349361804607)	(210, 28.34541586384072)	(215, 29.601433573012535)	(220, 27.3242985026695)	(225, 27.971225563004293)	(230, 25.446870860262536)	(235, 24.14548592991048)	(240, 22.15946369073903)	(245, 26.56313275259925)	(250, 25.519352896310867)	(255, 23.621002769860706)	(260, 22.157148330271745)	(265, 20.154700923323965)	(270, 19.059357687675632)	(275, 19.2164110798876)	(280, 18.731449217181854)	(285, 17.227362505018068)	(290, 18.49822679676463)	(295, 14.644985113756311)	(300, 10.928049353442677)
551A0_S73_L001_R1_001	(1, 33.84303296853159)	(2, 33.87620606184583)	(3, 33.85506801677406)	(4, 33.83433909515529)	(5, 33.897991885718184)	(6, 37.74003613923835)	(7, 37.64972213698817)	(8, 37.632675326446424)	(9, 37.592649415294396)	(10, 37.567440591865264)	(15, 37.38724216699055)	(20, 37.63137976884525)	(25, 37.490082165626816)	(30, 37.626238450785856)	(35, 37.423449592581235)	(40, 37.46427785206189)	(45, 37.43351517217866)	(50, 37.49686327991817)	(55, 37.38509376065461)	(60, 37.19251162118992)	(65, 37.01480445974973)	(70, 36.981020875080176)	(75, 37.08261047463175)	(80, 37.333653846153844)	(85, 37.004282596835786)	(90, 37.007119476268414)	(95, 37.19255319148936)	(100, 37.00596767182529)	(105, 36.935608824632595)	(110, 36.896539025471405)	(115, 37.0462167968084)	(120, 36.90754594742047)	(125, 36.7837692229004)	(130, 36.75160091383366)	(135, 36.49270637978655)	(140, 36.483561223445975)	(145, 36.28937156886146)	(150, 36.40934974596788)	(155, 36.43627374092134)	(160, 36.33650219933849)	(165, 36.396869778702225)	(170, 36.3000784260238)	(175, 36.28508200634228)	(180, 35.87872608858731)	(185, 36.06808741657263)	(190, 35.841512650889996)	(195, 35.869215031030485)	(200, 35.14342903907795)	(205, 35.684716633703886)	(210, 35.121469003614536)	(215, 35.38054968287527)	(220, 34.857546204733)	(225, 34.38769692423106)	(230, 34.60304848939508)	(235, 34.46388869944759)	(240, 33.799849962490626)	(245, 33.87626679397122)	(250, 33.956189047261816)	(255, 33.49603082588829)	(260, 32.670490349860195)	(265, 33.057518925185846)	(270, 32.03958262292846)	(275, 30.837141103457686)	(280, 31.725110823160332)	(285, 31.54785514560458)	(290, 29.137284321080273)	(295, 27.857399822629667)	(300, 22.809631830390174)
551A0_S73_L001_R2_001	(1, 33.20374347959497)	(2, 33.24670144216017)	(3, 33.08029047765163)	(4, 33.020865296103096)	(5, 33.474583205482254)	(6, 37.16119464048277)	(7, 37.14782994101804)	(8, 36.692782380416624)	(9, 36.91169752139375)	(10, 37.13177866421192)	(15, 36.89748048140193)	(20, 36.8079233575398)	(25, 36.605720909617816)	(30, 36.83664382394054)	(35, 36.45331560465037)	(40, 36.746309474552206)	(45, 36.75774974428912)	(50, 36.64590521650187)	(55, 36.59737470167064)	(60, 36.53575363927142)	(65, 36.59086228647414)	(70, 36.6575046648946)	(75, 36.11873977086743)	(80, 36.17716857610475)	(85, 35.862895526459354)	(90, 36.43443126022913)	(95, 36.225300054555376)	(100, 36.14504399718724)	(105, 36.069383162273674)	(110, 36.01354383332765)	(115, 35.746124731476115)	(120, 35.60662870392471)	(125, 35.4335254202612)	(130, 36.27702117502643)	(135, 35.81022948136529)	(140, 34.70809833941419)	(145, 35.37373069185392)	(150, 34.10266989463634)	(155, 35.02075902751731)	(160, 33.629842806969684)	(165, 33.625989702322094)	(170, 32.65108602993828)	(175, 32.84380263920619)	(180, 33.943444607358416)	(185, 32.52471992181624)	(190, 32.11194162176908)	(195, 31.991556980154126)	(200, 31.436786469344604)	(205, 30.812282616108575)	(210, 28.351872058923824)	(215, 29.394891904794378)	(220, 27.071479233444723)	(225, 27.784818932005727)	(230, 24.870428970879082)	(235, 24.137025165382255)	(240, 22.016715542521993)	(245, 26.222294209916118)	(250, 24.880501943667735)	(255, 23.08770374411785)	(260, 21.825547295914888)	(265, 19.91027756939235)	(270, 18.65760758371411)	(275, 18.964597967673733)	(280, 18.809247766487076)	(285, 16.751080952056196)	(290, 18.178230921366705)	(295, 14.326106301321659)	(300, 10.865072512085943)
551A14_S74_L001_R1_001	(1, 33.88268358424824)	(2, 33.86641246466373)	(3, 33.860955887186904)	(4, 33.84905660377358)	(5, 33.887121162316745)	(6, 37.73469857340083)	(7, 37.64824797843666)	(8, 37.60485832621129)	(9, 37.554171323384395)	(10, 37.55941095260009)	(15, 37.37131681020315)	(20, 37.63658536585366)	(25, 37.45785286963381)	(30, 37.576845703767006)	(35, 37.428245514428355)	(40, 37.465875546497486)	(45, 37.436185529732754)	(50, 37.481003254330886)	(55, 37.3699878373492)	(60, 37.1682784918313)	(65, 36.98896814700371)	(70, 36.93831892442721)	(75, 37.0464350284343)	(80, 37.29801781663982)	(85, 36.9758587817626)	(90, 36.97785740113737)	(95, 37.15355839715986)	(100, 36.95735840373426)	(105, 36.843397652937114)	(110, 36.887314683935436)	(115, 36.93511061437823)	(120, 36.92558430031886)	(125, 36.78184806548108)	(130, 36.77136846257519)	(135, 36.43429210085138)	(140, 36.48211432891752)	(145, 36.2812991025936)	(150, 36.376437329476346)	(155, 36.31199914238799)	(160, 36.21413543721236)	(165, 36.373648915187374)	(170, 36.17165680473373)	(175, 36.14646285338593)	(180, 35.72105193951348)	(185, 36.026495726495725)	(190, 35.73990138067061)	(195, 35.90950690335306)	(200, 35.11872452333991)	(205, 35.65291255752794)	(210, 35.09589086127548)	(215, 35.47354372123603)	(220, 34.87638395792243)	(225, 34.46314924391847)	(230, 34.56260355029586)	(235, 34.45524654832347)	(240, 33.70593688362919)	(245, 33.8439513477975)	(250, 33.906199868507564)	(255, 33.33938856015779)	(260, 32.76865220249836)	(265, 33.0692899408284)	(270, 31.947159763313607)	(275, 30.725450361604203)	(280, 31.58790927021696)	(285, 31.473800131492435)	(290, 28.853405654174885)	(295, 27.339937195135736)	(300, 22.248896328256222)
551A14_S74_L001_R2_001	(1, 33.01781605417133)	(2, 33.083163500098614)	(3, 32.94119387285517)	(4, 32.85845769508908)	(5, 33.39688383406745)	(6, 37.053415291565315)	(7, 37.03287094865558)	(8, 36.46288869896785)	(9, 36.74423114851095)	(10, 37.01968969824469)	(15, 36.75415817500493)	(20, 36.662165538097426)	(25, 36.45762277299323)	(30, 36.693458681217535)	(35, 36.193843275098686)	(40, 36.58383353604418)	(45, 36.587896518852105)	(50, 36.39805397587193)	(55, 36.43002531146247)	(60, 36.47024095197396)	(65, 36.41403635646428)	(70, 36.462496301896714)	(75, 35.90535485355511)	(80, 35.97336708194997)	(85, 35.49039150586766)	(90, 36.20481246507346)	(95, 35.88222609381677)	(100, 35.76555668781434)	(105, 35.71081818480655)	(110, 35.67596068505309)	(115, 35.37672002892739)	(120, 35.172670194931136)	(125, 35.03226060944742)	(130, 36.0052660990763)	(135, 35.4476775911377)	(140, 34.01284638900759)	(145, 34.902409519739656)	(150, 33.69828736727918)	(155, 34.591859017421115)	(160, 32.79180802103879)	(165, 32.93752136752137)	(170, 31.55036160420776)	(175, 31.883694937541087)	(180, 32.959197896120976)	(185, 31.540571992110454)	(190, 31.15310979618672)	(195, 30.938671926364236)	(200, 30.288560157790926)	(205, 30.16629848783695)	(210, 27.19189349112426)	(215, 28.545397764628536)	(220, 26.219033530571995)	(225, 26.98777120315582)	(230, 24.228816568047336)	(235, 23.075351742274822)	(240, 20.87611439842209)	(245, 25.09702169625246)	(250, 23.98518737672584)	(255, 21.946311637080868)	(260, 20.564957264957265)	(265, 19.018231426692967)	(270, 17.740558842866538)	(275, 18.412583826429984)	(280, 18.250368178829717)	(285, 15.684687705456938)	(290, 17.321676528599607)	(295, 13.796303054219985)	(300, 10.508709376952385)
551B0_S75_L001_R1_001	(1, 33.81541164520822)	(2, 33.879567353885854)	(3, 33.88036346665935)	(4, 33.88461855217284)	(5, 33.89112471518379)	(6, 37.754522744118375)	(7, 37.680978395146454)	(8, 37.65984022840201)	(9, 37.60032393554232)	(10, 37.617942734784634)	(15, 37.46527575699344)	(20, 37.64874406346941)	(25, 37.51227386279408)	(30, 37.637982814944955)	(35, 37.51092870672853)	(40, 37.492656551352944)	(45, 37.49916006854424)	(50, 37.52668917991379)	(55, 37.44146281195948)	(60, 37.22869615352936)	(65, 37.05535024641435)	(70, 36.989198835868436)	(75, 37.11496348360881)	(80, 37.39823732908681)	(85, 37.09785843720828)	(90, 37.101015869529405)	(95, 37.26980396463676)	(100, 37.07190894283657)	(105, 36.99175201120233)	(110, 37.00349249059608)	(115, 37.13850251228687)	(120, 37.10437934158864)	(125, 36.98280662255292)	(130, 36.92889267181022)	(135, 36.637006122841214)	(140, 36.664358474506464)	(145, 36.53999066472639)	(150, 36.59792976579446)	(155, 36.603953762938964)	(160, 36.49328684000989)	(165, 36.63312923862607)	(170, 36.4333543834601)	(175, 36.443529831690505)	(180, 36.00252052387359)	(185, 36.29537903956509)	(190, 36.062793443343125)	(195, 36.236253809615334)	(200, 35.55767826254085)	(205, 36.018950605419946)	(210, 35.42333818401472)	(215, 35.882320639191676)	(220, 35.347991543340385)	(225, 34.90661431591665)	(230, 35.012750885478155)	(235, 34.982482633645425)	(240, 34.24656104994371)	(245, 34.54539414074298)	(250, 34.60872573515279)	(255, 34.00144971307762)	(260, 33.566799373987536)	(265, 33.81951621317371)	(270, 32.83388704318937)	(275, 31.760720463468875)	(280, 32.595145657724935)	(285, 32.391257790834956)	(290, 29.8428049751517)	(295, 28.37960909888086)	(300, 23.12637264566368)
551B0_S75_L001_R2_001	(1, 33.15444587805749)	(2, 33.22164877700607)	(3, 33.10747522442144)	(4, 33.054794520547944)	(5, 33.45433332418261)	(6, 37.15480275619733)	(7, 37.15323798281494)	(8, 36.674060449666456)	(9, 36.87693194608395)	(10, 37.102753452109695)	(15, 36.88973014522195)	(20, 36.76822137425536)	(25, 36.601636149010346)	(30, 36.81337469459467)	(35, 36.481703132291976)	(40, 36.74219183868526)	(45, 36.738021798333065)	(50, 36.58376300689125)	(55, 36.546671059495374)	(60, 36.663783872827615)	(65, 36.60133886687794)	(70, 36.6376365932678)	(75, 36.08895722365603)	(80, 36.244687276920544)	(85, 35.85372027895228)	(90, 36.404156828290596)	(95, 36.209779803415515)	(100, 36.164418822227056)	(105, 36.06168419318524)	(110, 36.04484226133275)	(115, 35.771862387084376)	(120, 35.65210180939568)	(125, 35.4046511627907)	(130, 36.25782927431977)	(135, 35.778364130584)	(140, 34.71306114604212)	(145, 35.35466351829988)	(150, 34.36153318140633)	(155, 35.0735290079899)	(160, 33.501842343702805)	(165, 33.63996046237061)	(170, 32.74435078663409)	(175, 32.87499519507976)	(180, 34.002317344389226)	(185, 32.53719008264463)	(190, 32.11793196232942)	(195, 32.11849207874578)	(200, 31.742840668844895)	(205, 31.071052414815625)	(210, 28.35494357650806)	(215, 29.72153427967381)	(220, 27.632816232393402)	(225, 28.183229455533894)	(230, 25.492644353532302)	(235, 24.525960297630483)	(240, 21.993300568353423)	(245, 27.008127179374537)	(250, 25.483182779165865)	(255, 23.52252821174597)	(260, 22.106674720628213)	(265, 20.40682573240713)	(270, 18.955613519672717)	(275, 19.780088410532386)	(280, 19.430899755635483)	(285, 16.99389363279427)	(290, 18.656913902193093)	(295, 14.722845250006353)	(300, 11.118344011450834)
551B14_S76_L001_R1_001	(1, 33.812198025348366)	(2, 33.889223443736434)	(3, 33.869686996708914)	(4, 33.85640594729594)	(5, 33.89958686366501)	(6, 37.75949396634223)	(7, 37.65336227621782)	(8, 37.621128305674205)	(9, 37.56861097495507)	(10, 37.608346754428965)	(15, 37.431519734845836)	(20, 37.66798310109003)	(25, 37.52029969890064)	(30, 37.63614592815629)	(35, 37.511602828933555)	(40, 37.52688187101744)	(45, 37.492855467351305)	(50, 37.54427449539364)	(55, 37.46883125977452)	(60, 37.23140449569338)	(65, 37.06356994467916)	(70, 36.97630307415793)	(75, 37.079059779183495)	(80, 37.39720361336103)	(85, 37.10564179174156)	(90, 37.10777993044046)	(95, 37.25685208095049)	(100, 37.097019210569314)	(105, 36.9805420041549)	(110, 36.987927452673844)	(115, 37.12173385308466)	(120, 37.10925515277421)	(125, 36.966634765761775)	(130, 36.90889101561588)	(135, 36.59652669172055)	(140, 36.67814943628766)	(145, 36.53071590299013)	(150, 36.583861254405825)	(155, 36.55449686048412)	(160, 36.48721551784506)	(165, 36.62785182418711)	(170, 36.41534511332602)	(175, 36.44713241987815)	(180, 35.93432926402278)	(185, 36.226670712635084)	(190, 35.99877220419692)	(195, 36.19826801428538)	(200, 35.53534231227095)	(205, 35.98242804789804)	(210, 35.32433416586914)	(215, 35.876347424196446)	(220, 35.40201675964613)	(225, 34.911524007376116)	(230, 34.95482365024159)	(235, 34.95167246329451)	(240, 34.14179874419365)	(245, 34.494876403445296)	(250, 34.53273733106137)	(255, 33.879353889965216)	(260, 33.556831073037515)	(265, 33.754795639690954)	(270, 32.75859573772787)	(275, 31.707761256740035)	(280, 32.60355733993137)	(285, 32.27703368268715)	(290, 29.666174925888747)	(295, 28.227352166024428)	(300, 23.149496710983055)
551B14_S76_L001_R2_001	(1, 33.122003594519526)	(2, 33.18138318978596)	(3, 33.052610694862636)	(4, 32.99085031393693)	(5, 33.44679410872254)	(6, 37.08365427257662)	(7, 37.08346754428962)	(8, 36.602852274583945)	(9, 36.816702845272275)	(10, 37.062633335667435)	(15, 36.83226664799384)	(20, 36.717452092523864)	(25, 36.50974955068506)	(30, 36.75918586466867)	(35, 36.38562192190089)	(40, 36.6948206241393)	(45, 36.738077224806034)	(50, 36.55038103091408)	(55, 36.516869354123386)	(60, 36.5852851240634)	(65, 36.54723279101795)	(70, 36.59874419364628)	(75, 35.974389019864155)	(80, 36.18887981139562)	(85, 35.74612637426763)	(90, 36.376321747858356)	(95, 36.15115426810765)	(100, 36.2060502789384)	(105, 36.008067038584535)	(110, 35.95441282883219)	(115, 35.657762423846314)	(120, 35.57950094535609)	(125, 35.29493242454658)	(130, 36.171093111738756)	(135, 35.650727107210386)	(140, 34.546649237879606)	(145, 35.26031138395462)	(150, 34.25742162881352)	(155, 34.961041992483835)	(160, 33.275861907985345)	(165, 33.37805840199808)	(170, 32.354590228986254)	(175, 32.720748815387125)	(180, 33.854135057538336)	(185, 32.212623421488765)	(190, 31.847916715296094)	(195, 31.849910132816696)	(200, 31.565593706962954)	(205, 30.827814476786255)	(210, 28.107677225088118)	(215, 29.567591792908665)	(220, 27.451492728927896)	(225, 28.072024462547564)	(230, 25.23618496300273)	(235, 24.00903340258164)	(240, 21.61780070493219)	(245, 26.783450432996425)	(250, 25.154879671342876)	(255, 23.039574239630262)	(260, 21.733890432062744)	(265, 19.94013678485563)	(270, 18.632688312597747)	(275, 19.540953759249316)	(280, 19.18403398613478)	(285, 16.802959781517707)	(290, 18.29882062396008)	(295, 14.451689467367771)	(300, 10.70249495177704)
554A0_S69_L001_R1_001	(1, 33.804515418502206)	(2, 33.83470998531571)	(3, 33.87890051395007)	(4, 33.8688050660793)	(5, 33.876376651982376)	(6, 37.70516703377386)	(7, 37.64881607929515)	(8, 37.60462555066079)	(9, 37.47957966226138)	(10, 37.553450807635826)	(15, 37.41305983847284)	(20, 37.62986417033774)	(25, 37.40625)	(30, 37.60697503671072)	(35, 37.31021334595288)	(40, 37.45482603570753)	(45, 37.36271323714651)	(50, 37.40853641745834)	(55, 37.31879388682363)	(60, 37.17306897976042)	(65, 36.84533480196429)	(70, 37.01278663481791)	(75, 37.15102808885625)	(80, 37.34933908573527)	(85, 36.879888011749586)	(90, 36.9263723150358)	(95, 37.11288308617163)	(100, 36.91659961263965)	(105, 36.835481191375166)	(110, 36.79688762394418)	(115, 36.84761292691884)	(120, 36.826762761659936)	(125, 36.5724293059126)	(130, 36.62949871465296)	(135, 36.35633492471539)	(140, 36.337531865194755)	(145, 36.20520589450489)	(150, 36.17385116834229)	(155, 36.23681770187761)	(160, 36.06615250424643)	(165, 36.150309874672914)	(170, 36.26150667952072)	(175, 36.091144470458616)	(180, 35.830904834044894)	(185, 35.96967714353537)	(190, 35.77590449954086)	(195, 35.65948576675849)	(200, 34.95314967860423)	(205, 35.35384756657484)	(210, 35.28684512603884)	(215, 34.96420404977272)	(220, 34.18560080811791)	(225, 34.16197254235732)	(230, 34.20982597915423)	(235, 34.13818816290923)	(240, 33.703393176913536)	(245, 33.5045043390422)	(250, 33.32717755636163)	(255, 33.00609761697048)	(260, 32.50695624225172)	(265, 32.75045686211489)	(270, 31.880407732219105)	(275, 30.525203177372696)	(280, 31.078359887965473)	(285, 31.358988015978696)	(290, 29.4470177694109)	(295, 27.69867173020961)	(300, 23.566885001937315)
554A0_S69_L001_R2_001	(1, 33.131057268722465)	(2, 33.404873348017624)	(3, 33.27422907488987)	(4, 33.17983663729809)	(5, 33.33204845814978)	(6, 36.84783406754772)	(7, 37.140280837004404)	(8, 36.44553046989721)	(9, 36.714620044052865)	(10, 37.07340308370044)	(15, 36.82963472834067)	(20, 36.70775513950073)	(25, 36.5106644640235)	(30, 36.77954295154185)	(35, 36.48015492771033)	(40, 36.675666940991775)	(45, 36.673813214312894)	(50, 36.41081279544724)	(55, 36.51037679563082)	(60, 36.44852907430354)	(65, 36.53950158336776)	(70, 36.55568619288472)	(75, 35.92839177528915)	(80, 36.12617954837525)	(85, 35.708738755278134)	(90, 36.38518450523223)	(95, 36.10598394140765)	(100, 35.84479208540803)	(105, 35.94113938106229)	(110, 35.83304260007345)	(115, 35.692746970253395)	(120, 35.50470987881014)	(125, 35.4755233198678)	(130, 36.188587954461994)	(135, 35.7787734116783)	(140, 34.790576430113276)	(145, 35.27500344305192)	(150, 33.98901895973925)	(155, 34.83273194693109)	(160, 33.284809254923566)	(165, 33.50514621493825)	(170, 32.68565395032824)	(175, 33.08726988936327)	(180, 33.85242620392049)	(185, 32.48423454537614)	(190, 32.14140640614241)	(195, 32.15533311905965)	(200, 31.68394324808301)	(205, 30.84240782405069)	(210, 28.437999908168422)	(215, 29.521548280453647)	(220, 26.86476881399513)	(225, 27.27767115110887)	(230, 25.047651407318977)	(235, 23.981642866981954)	(240, 22.10541347169292)	(245, 25.763221451857294)	(250, 24.983782542816478)	(255, 23.350034436842826)	(260, 21.973974929978418)	(265, 20.115753707700076)	(270, 19.05877221176363)	(275, 19.209054593874832)	(280, 18.673336700491298)	(285, 16.816355204554846)	(290, 18.274346847880985)	(295, 14.539474667759716)	(300, 11.143754356643498)
554A14_S70_L001_R1_001	(1, 33.819400206825236)	(2, 33.85629782833506)	(3, 33.858821096173735)	(4, 33.87917269906929)	(5, 33.88872802481903)	(6, 37.74308169596691)	(7, 37.636525336091005)	(8, 37.623991726990695)	(9, 37.52918304033092)	(10, 37.55248810754912)	(15, 37.39820475698035)	(20, 37.621327817993794)	(25, 37.4216752843847)	(30, 37.58189038262668)	(35, 37.267109329364985)	(40, 37.472728777097466)	(45, 37.37810488158681)	(50, 37.43608128349474)	(55, 37.268756971000286)	(60, 37.14253796185196)	(65, 36.85397645098102)	(70, 37.00350049652433)	(75, 37.05617345249917)	(80, 37.336229725256544)	(85, 36.88123138033764)	(90, 36.86052631578947)	(95, 37.053268785170474)	(100, 36.833233312454944)	(105, 36.78465676335499)	(110, 36.70526751355153)	(115, 36.84398560019862)	(120, 36.64727934787106)	(125, 36.428476848595196)	(130, 36.48305540613232)	(135, 36.25264203252369)	(140, 36.284975379649936)	(145, 36.030388546364875)	(150, 36.10700542061489)	(155, 36.12460793644226)	(160, 36.05495924194149)	(165, 36.06961559150908)	(170, 36.14176356188191)	(175, 36.01553357884719)	(180, 35.689386353291674)	(185, 35.72657756444739)	(190, 35.51821978950225)	(195, 35.382661833827164)	(200, 34.76725015518311)	(205, 35.2135154148562)	(210, 34.902131181460796)	(215, 34.66899234429961)	(220, 33.96270639354438)	(225, 33.79729360645562)	(230, 33.89810883509208)	(235, 33.750192427063936)	(240, 33.30404303745085)	(245, 33.142371198013656)	(250, 33.07711980136561)	(255, 32.80388992344299)	(260, 32.12640595903166)	(265, 32.03984274777571)	(270, 31.44375750051728)	(275, 30.077450858679907)	(280, 30.836408028139875)	(285, 30.936594247879164)	(290, 28.995265880405544)	(295, 27.552447039431588)	(300, 23.27099643727344)
554A14_S70_L001_R2_001	(1, 33.21741468459152)	(2, 33.47214064115822)	(3, 33.28339193381593)	(4, 33.233257497414684)	(5, 33.412905894519135)	(6, 36.85849017580145)	(7, 37.178035160289554)	(8, 36.5117683557394)	(9, 36.791230610134434)	(10, 37.14499276111686)	(15, 36.87180972078594)	(20, 36.765898655635986)	(25, 36.60367321613237)	(30, 36.853211995863504)	(35, 36.42212775464485)	(40, 36.701104538121044)	(45, 36.7472183305459)	(50, 36.45274566070436)	(55, 36.54793467219075)	(60, 36.31856847331402)	(65, 36.58152410331244)	(70, 36.632504447846415)	(75, 35.89372336464065)	(80, 36.15528155902189)	(85, 35.83436633704332)	(90, 36.438247341635986)	(95, 36.177508378501386)	(100, 35.99129205228673)	(105, 36.051274412446205)	(110, 35.882389937106915)	(115, 35.72872393247269)	(120, 35.57859152598478)	(125, 35.47792121813969)	(130, 36.20396391923204)	(135, 35.71614531612049)	(140, 34.5861304203906)	(145, 35.32235187024164)	(150, 33.603939093015555)	(155, 34.76450678583251)	(160, 33.43334160873883)	(165, 33.56915756372062)	(170, 32.49803045349223)	(175, 32.90024826216485)	(180, 33.930701754385964)	(185, 32.28997020854022)	(190, 32.04834491890102)	(195, 31.671586151597374)	(200, 31.533347126246536)	(205, 30.405677163073612)	(210, 28.628021682459554)	(215, 29.36661563288782)	(220, 26.53938842222866)	(225, 26.879438904290975)	(230, 24.43872222452104)	(235, 23.41392808375057)	(240, 22.040923573467953)	(245, 25.32675963090164)	(250, 24.41583150577234)	(255, 22.724310009517108)	(260, 21.403839947035216)	(265, 19.512194314561178)	(270, 18.43999668970083)	(275, 18.534538833947117)	(280, 18.316638391194605)	(285, 17.024893449745523)	(290, 18.029427346975794)	(295, 14.186087254815686)	(300, 10.842583327926828)
554B0_S71_L001_R1_001	(1, 33.832156961599864)	(2, 33.88816065876817)	(3, 33.8727837996807)	(4, 33.85089488278296)	(5, 33.91273842534241)	(6, 37.75123939164776)	(7, 37.653684564322326)	(8, 37.62528358961432)	(9, 37.575497857322915)	(10, 37.57260734392068)	(15, 37.42199815141585)	(20, 37.64668515250819)	(25, 37.49098395092849)	(30, 37.5867238047223)	(35, 37.34074419247082)	(40, 37.49010545775387)	(45, 37.469016806722685)	(50, 37.49752100840336)	(55, 37.30571428571428)	(60, 37.210881013290226)	(65, 37.079431908903736)	(70, 37.003680826925496)	(75, 37.08244642311581)	(80, 37.37020758046894)	(85, 37.068333473401125)	(90, 36.98790654676863)	(95, 37.18618371291706)	(100, 36.973458839349505)	(105, 36.89389418834307)	(110, 36.83027272345253)	(115, 37.0822120435349)	(120, 36.77885447745514)	(125, 36.632794049670125)	(130, 36.628928016136484)	(135, 36.464545951170315)	(140, 36.46931966214229)	(145, 36.198907425305705)	(150, 36.24732529310417)	(155, 36.34592595705341)	(160, 36.25672983989578)	(165, 36.34307685842754)	(170, 36.276186073874854)	(175, 36.27930411396395)	(180, 35.8831113165525)	(185, 35.898589176565466)	(190, 35.718547471945534)	(195, 35.56790652712983)	(200, 34.966603622914306)	(205, 35.447652670953644)	(210, 35.08824815063887)	(215, 35.08080867518494)	(220, 34.723537323470076)	(225, 34.2481170141224)	(230, 34.491619031607264)	(235, 34.141240753194346)	(240, 33.69282111634163)	(245, 33.5846923335575)	(250, 33.67287323470074)	(255, 33.26528244788164)	(260, 32.49424176193679)	(265, 32.682296570275724)	(270, 31.56509751176866)	(275, 30.457439475453935)	(280, 31.401244115669137)	(285, 31.219384667114998)	(290, 29.153001008742432)	(295, 27.686483186422)	(300, 23.542243743051095)
554B0_S71_L001_R2_001	(1, 33.170615914629025)	(2, 33.440719267288465)	(3, 33.27350642803126)	(4, 33.18721115872616)	(5, 33.342240147886734)	(6, 36.890597428787494)	(7, 37.1654902949332)	(8, 36.5)	(9, 36.724056801949416)	(10, 37.08918578270733)	(15, 36.83340055457525)	(20, 36.755869254684484)	(25, 36.55184438282497)	(30, 36.78161499033695)	(35, 36.34503029119968)	(40, 36.665350195369946)	(45, 36.735470588235295)	(50, 36.55147058823529)	(55, 36.50684033613445)	(60, 36.29206846131872)	(65, 36.5126097735199)	(70, 36.54829194503971)	(75, 35.99091558468843)	(80, 36.071330728181856)	(85, 35.826555737636035)	(90, 36.33610655909912)	(95, 36.15147695281314)	(100, 36.088986932224046)	(105, 36.01614353544267)	(110, 35.8753813185428)	(115, 35.65629648304551)	(120, 35.47242321105929)	(125, 35.33892180343712)	(130, 36.13208958359595)	(135, 35.61288289423925)	(140, 34.4597336022522)	(145, 35.22661456363713)	(150, 33.69873524097651)	(155, 34.844850623975795)	(160, 33.428959199966386)	(165, 33.27879322660616)	(170, 32.40900037816715)	(175, 32.47102819446195)	(180, 33.857708307071725)	(185, 32.099132446964276)	(190, 31.653086782937596)	(195, 31.480773271695732)	(200, 31.1190838411431)	(205, 30.344156335364573)	(210, 28.09006472219888)	(215, 28.781037236278053)	(220, 26.310094981928216)	(225, 26.894628898041525)	(230, 23.87606959737749)	(235, 23.422476254517946)	(240, 21.365150878372695)	(245, 24.96883247877616)	(250, 23.74788602168614)	(255, 22.226090611078423)	(260, 21.049306547869215)	(265, 19.062250987643942)	(270, 17.821534840716147)	(275, 18.32387996974027)	(280, 18.05577876775658)	(285, 16.358342439270405)	(290, 17.575951920652265)	(295, 13.96487190062037)	(300, 10.84020078292)
554B14_S72_L001_R1_001	(1, 33.869898668786014)	(2, 33.8809854957282)	(3, 33.85499701967018)	(4, 33.82888933041923)	(5, 33.896006358036956)	(6, 37.71551758394596)	(7, 37.619630439101925)	(8, 37.62602821378899)	(9, 37.593562487581956)	(10, 37.552584939399964)	(15, 37.38997019670177)	(20, 37.639292668388634)	(25, 37.44021458374727)	(30, 37.575688456189155)	(35, 37.320492747864094)	(40, 37.45254122789589)	(45, 37.41906497327462)	(50, 37.476076935304405)	(55, 37.298942934350656)	(60, 37.14364651611534)	(65, 36.95007749473433)	(70, 36.94484759368915)	(75, 37.03908913881492)	(80, 37.32917378690935)	(85, 36.969733338632125)	(90, 36.898827643762665)	(95, 37.1106704288042)	(100, 36.89978937328617)	(105, 36.84060724079005)	(110, 36.787998251400865)	(115, 36.9825219568414)	(120, 36.79556491674283)	(125, 36.614219290227716)	(130, 36.61535587966459)	(135, 36.40718515280372)	(140, 36.44129078408775)	(145, 36.160362436911335)	(150, 36.228351150498746)	(155, 36.292262448833604)	(160, 36.16007630250765)	(165, 36.29343877915988)	(170, 36.22342328021301)	(175, 36.19652664626634)	(180, 35.78762468704049)	(185, 35.88975877280133)	(190, 35.67742320073123)	(195, 35.573755116639504)	(200, 34.87637404125105)	(205, 35.334790456739505)	(210, 34.99670919279838)	(215, 34.980358491315926)	(220, 34.55005762887008)	(225, 34.12575811772187)	(230, 34.26998926910695)	(235, 34.05116648781845)	(240, 33.57425380549263)	(245, 33.55467588728588)	(250, 33.5669726958388)	(255, 33.12958944398076)	(260, 32.441222526926595)	(265, 32.59201144628592)	(270, 31.494638527880447)	(275, 30.39595405588013)	(280, 31.28387583959302)	(285, 31.101212193474026)	(290, 29.129859703509403)	(295, 27.33305637727376)	(300, 23.222883130889528)
554B14_S72_L001_R2_001	(1, 33.078680707331614)	(2, 33.357719054242004)	(3, 33.180488774090996)	(4, 33.11074905622889)	(5, 33.32092191535863)	(6, 36.7325253328035)	(7, 37.09282733955891)	(8, 36.29696006358037)	(9, 36.61494138684681)	(10, 37.028293264454604)	(15, 36.716201072918736)	(20, 36.66378700576197)	(25, 36.419511225909)	(30, 36.68205046691834)	(35, 36.279308563481024)	(40, 36.56372739916551)	(45, 36.605135774528705)	(50, 36.38749801303449)	(55, 36.35863137815928)	(60, 36.2162552701293)	(65, 36.41091284822954)	(70, 36.41622223105353)	(75, 35.81190637046457)	(80, 35.97598060644597)	(85, 35.67634224853951)	(90, 36.22691253030242)	(95, 36.006843381154866)	(100, 35.89713468187418)	(105, 35.865763223780945)	(110, 35.7165361840798)	(115, 35.446997575805746)	(120, 35.35145252950761)	(125, 35.15617374716847)	(130, 36.02328021301117)	(135, 35.514731947700994)	(140, 34.345451655208045)	(145, 35.05675793824266)	(150, 33.66717799944363)	(155, 34.63351746612089)	(160, 33.240734411636126)	(165, 33.1260183602909)	(170, 32.223335850256326)	(175, 32.41386957040099)	(180, 33.65848269284267)	(185, 31.995167507848826)	(190, 31.66186066844176)	(195, 31.488781146922072)	(200, 31.2035369391567)	(205, 30.24720600430918)	(210, 27.99337069273876)	(215, 28.80338619291761)	(220, 26.330161758276695)	(225, 27.046548229402646)	(230, 24.172210961408528)	(235, 23.263805095186996)	(240, 21.392472477246532)	(245, 24.9820118437264)	(250, 24.063455347561707)	(255, 22.427216724295533)	(260, 21.197074838043)	(265, 19.25759707483804)	(270, 18.053153690234886)	(275, 18.385191367592704)	(280, 18.087166646794643)	(285, 16.566249354159215)	(290, 17.79893485950479)	(295, 14.119365526372352)	(300, 10.90360427899703)
574A0_S97_L001_R1_001	(1, 33.836476451045534)	(2, 33.91194384730636)	(3, 33.91194384730636)	(4, 33.91772522962673)	(5, 33.884290925672595)	(6, 37.83989642368575)	(7, 37.74311119796756)	(8, 37.71172887759755)	(9, 37.65321477428181)	(10, 37.69733893557422)	(15, 37.49812064360627)	(20, 37.64113412806983)	(25, 37.517855514298745)	(30, 37.54035893427138)	(35, 37.570855318871736)	(40, 37.324418604651164)	(45, 37.494097216439215)	(50, 37.43622950018729)	(55, 37.431594547497674)	(60, 37.337436281614906)	(65, 37.10290702408677)	(70, 37.26383075745485)	(75, 37.117277657443445)	(80, 37.4589547741967)	(85, 37.26551797143462)	(90, 37.12260313014022)	(95, 37.07931534289855)	(100, 37.25899711740469)	(105, 37.172770060094784)	(110, 37.00719508818787)	(115, 37.234337084507274)	(120, 37.264814422748074)	(125, 36.95804765239484)	(130, 37.06801296353598)	(135, 36.818731983779294)	(140, 36.81619790563978)	(145, 36.52352165203655)	(150, 36.54142631467518)	(155, 36.78307574548475)	(160, 36.485751510512515)	(165, 36.67565754116248)	(170, 36.77311206292852)	(175, 36.278315391756095)	(180, 36.117798804618666)	(185, 36.329531130400795)	(190, 36.1004478608537)	(195, 36.252883409605396)	(200, 36.02335390778951)	(205, 36.17511847955311)	(210, 36.09053955018484)	(215, 35.36517434001596)	(220, 35.81125352181489)	(225, 35.29426900965751)	(230, 35.42632444668828)	(235, 35.0089148738661)	(240, 34.49453284041497)	(245, 34.38623845740436)	(250, 34.64978023455973)	(255, 34.31653745928339)	(260, 34.01200325732899)	(265, 34.28657654723126)	(270, 33.23934527687296)	(275, 32.246618892508145)	(280, 32.427022801302925)	(285, 33.081889250814335)	(290, 30.652247557003257)	(295, 28.857704005534117)	(300, 25.095452527542804)
574A0_S97_L001_R2_001	(1, 33.54768418995505)	(2, 33.326981955572926)	(3, 33.419125789850824)	(4, 33.38655462184874)	(5, 33.52050355025731)	(6, 37.1906227607322)	(7, 37.18725164484398)	(8, 36.779981760145915)	(9, 37.16971207087486)	(10, 37.001592730115306)	(15, 37.143391310012376)	(20, 36.738808546674484)	(25, 36.79626082991336)	(30, 36.82410917855515)	(35, 36.86099397109235)	(40, 36.82061462794977)	(45, 36.71240817749129)	(50, 36.57371421126347)	(55, 36.34474447086414)	(60, 36.52831829582099)	(65, 36.564056545389406)	(70, 36.505279958307554)	(75, 36.44939904237647)	(80, 36.2814957167519)	(85, 36.58954431451744)	(90, 36.42366046708577)	(95, 36.3132862121755)	(100, 36.24150353408684)	(105, 36.56585127520277)	(110, 35.89018598742712)	(115, 35.99313377414416)	(120, 35.35079313377415)	(125, 36.00536138887984)	(130, 35.845591348816)	(135, 35.21807432982639)	(140, 35.23532132503827)	(145, 35.37648936516726)	(150, 34.612872544868246)	(155, 34.84229829647243)	(160, 33.44873782612944)	(165, 32.95981889840722)	(170, 32.830484349044006)	(175, 33.495882870264815)	(180, 33.87865216116738)	(185, 32.664893651672585)	(190, 32.16081886583498)	(195, 32.33273509006221)	(200, 32.21381713950685)	(205, 29.671316895215135)	(210, 30.366763297612458)	(215, 28.950288264225925)	(220, 27.47760007817335)	(225, 27.023142568645973)	(230, 25.564636331064133)	(235, 23.145829126087097)	(240, 23.60125077359044)	(245, 26.236298491905803)	(250, 25.821027131168773)	(255, 21.60614016514927)	(260, 21.857004185735924)	(265, 19.11996612322676)	(270, 18.426173064707893)	(275, 22.295806120620856)	(280, 16.994465707910553)	(285, 18.428329451619735)	(290, 16.43951769469181)	(295, 15.039742032597308)	(300, 12.601804351037808)
574A14_S98_L001_R1_001	(1, 33.831485083487)	(2, 33.908833708035466)	(3, 33.87129613256877)	(4, 33.90681284259984)	(5, 33.88809457650239)	(6, 37.81923358678354)	(7, 37.75646045418951)	(8, 37.72450551948872)	(9, 37.64788945866067)	(10, 37.69085305782201)	(15, 37.49599616035567)	(20, 37.64063960391037)	(25, 37.50418066536994)	(30, 37.52882006719378)	(35, 37.55873392780458)	(40, 37.26601156945462)	(45, 37.47243792153991)	(50, 37.4236845429055)	(55, 37.4288074367848)	(60, 37.31984237249602)	(65, 37.10627731325941)	(70, 37.236618081693486)	(75, 37.10923788112259)	(80, 37.44458029150984)	(85, 37.22136054765453)	(90, 37.13345795336853)	(95, 36.9343926036325)	(100, 37.19692323237426)	(105, 37.078495465683176)	(110, 36.912395483365756)	(115, 37.18122110793947)	(120, 37.24005355293404)	(125, 36.94491120822492)	(130, 36.96557960946775)	(135, 36.725374491626035)	(140, 36.71950387753556)	(145, 36.45686715335843)	(150, 36.4618182736757)	(155, 36.68367898552555)	(160, 36.38715740015662)	(165, 36.59990906105539)	(170, 36.69092378811226)	(175, 36.20337989744108)	(180, 36.06965923156592)	(185, 36.15721510499661)	(190, 36.024211191107746)	(195, 36.14441834028041)	(200, 35.9451054692434)	(205, 36.06641909814324)	(210, 35.93236326891499)	(215, 35.19809018567639)	(220, 35.704064670961216)	(225, 34.95707464948844)	(230, 35.40228874573702)	(235, 34.79724643172919)	(240, 34.272012125805226)	(245, 34.3578021978022)	(250, 34.541583421463685)	(255, 34.073046598605075)	(260, 33.82670635911061)	(265, 34.07844831943392)	(270, 33.00449330300732)	(275, 31.875769522365424)	(280, 32.24180439727066)	(285, 32.82775334849633)	(290, 30.420439727065958)	(295, 28.655144600395726)	(300, 24.57463394147934)
574A14_S98_L001_R2_001	(1, 33.554525475534895)	(2, 33.358324702553865)	(3, 33.45019829742087)	(4, 33.40525930229621)	(5, 33.522469497562334)	(6, 37.213681258999166)	(7, 37.210094222850934)	(8, 36.84328188546745)	(9, 37.17467855609165)	(10, 37.023901785939834)	(15, 37.15335842574582)	(20, 36.74653295273701)	(25, 36.81638416651931)	(30, 36.85943365246167)	(35, 36.86654709879506)	(40, 36.81658625306288)	(45, 36.703988683153554)	(50, 36.63566827493874)	(55, 36.388935761739965)	(60, 36.53650440801273)	(65, 36.55634930659055)	(70, 36.44145300224822)	(75, 36.45313360446611)	(80, 36.27015939576123)	(85, 36.58259024427211)	(90, 36.45234546694622)	(95, 36.34274383004522)	(100, 36.20471872079218)	(105, 36.58807184176623)	(110, 35.79015333316492)	(115, 36.09438452017076)	(120, 35.47737893753)	(125, 36.06506176269988)	(130, 35.97243034329451)	(135, 35.278313587793974)	(140, 35.24539874201126)	(145, 35.50321064996085)	(150, 34.81311541667719)	(155, 35.00343547124056)	(160, 33.870629246975014)	(165, 32.96332634450704)	(170, 33.23212670826281)	(175, 33.791643721423696)	(180, 33.704771768509865)	(185, 32.89580040761841)	(190, 32.58548945307565)	(195, 32.650726285209046)	(200, 32.515624605279775)	(205, 30.0489124668435)	(210, 30.531297208538586)	(215, 29.57002399898952)	(220, 28.38878363016294)	(225, 27.503160287987875)	(230, 25.92648730579765)	(235, 23.682091701402044)	(240, 23.744352658835417)	(245, 26.343847416950865)	(250, 25.900647872191065)	(255, 22.05630606726809)	(260, 22.348150207217223)	(265, 19.433882543212373)	(270, 18.854872131810374)	(275, 21.637789346002226)	(280, 17.43405438188618)	(285, 18.99273728899222)	(290, 16.8380413521902)	(295, 15.432672337038834)	(300, 12.818653626376742)
574B0_S99_L001_R1_001	(1, 33.87135491966502)	(2, 33.91399110723151)	(3, 33.873482637278705)	(4, 33.89391418205625)	(5, 33.912327122943886)	(6, 37.81379743037181)	(7, 37.738345290378895)	(8, 37.729725306200386)	(9, 37.654518672085985)	(10, 37.70227229329769)	(15, 37.534275348481955)	(20, 37.66465533702501)	(25, 37.53511006846886)	(30, 37.56281404293625)	(35, 37.59169644562045)	(40, 37.319359502441415)	(45, 37.50851943304541)	(50, 37.44240947052231)	(55, 37.450178683471094)	(60, 37.36802793463731)	(65, 37.14020241700085)	(70, 37.268598084949666)	(75, 37.148691927871894)	(80, 37.478020569059105)	(85, 37.2607032763183)	(90, 37.177848705567826)	(95, 36.98593992961781)	(100, 37.24952396540906)	(105, 37.13832010257251)	(110, 36.98358294459449)	(115, 37.22786370952342)	(120, 37.26481708814142)	(125, 37.00322448645552)	(130, 37.03631502850752)	(135, 36.82705622391357)	(140, 36.76864991679625)	(145, 36.559009193332784)	(150, 36.575491720544505)	(155, 36.76419237799056)	(160, 36.488114139182144)	(165, 36.658068036118614)	(170, 36.786283656600375)	(175, 36.3203862836566)	(180, 36.20198052213765)	(185, 36.30492402542488)	(190, 36.18016749870421)	(195, 36.25880459393841)	(200, 36.04770712278692)	(205, 36.13615407698393)	(210, 36.03955042693074)	(215, 35.34818452137382)	(220, 35.75388056851351)	(225, 35.16779332733175)	(230, 35.50614616580735)	(235, 34.92207218266634)	(240, 34.37828518427585)	(245, 34.526660665084435)	(250, 34.68116558892463)	(255, 34.256166102804755)	(260, 34.00952744734257)	(265, 34.26215759030885)	(270, 33.15206809996725)	(275, 32.08566517516097)	(280, 32.41993342791662)	(285, 33.04991269234967)	(290, 30.563892829859213)	(295, 28.895412832567086)	(300, 24.93230508920287)
574B0_S99_L001_R2_001	(1, 33.535039144548406)	(2, 33.329387053656674)	(3, 33.41176791510952)	(4, 33.37747892741209)	(5, 33.497995035325566)	(6, 37.18590250688781)	(7, 37.1895032597725)	(8, 36.75487601953136)	(9, 37.14643061731089)	(10, 36.99926893805068)	(15, 37.12977440737608)	(20, 36.69402875146622)	(25, 36.757958482228105)	(30, 36.8127663056821)	(35, 36.84850105021959)	(40, 36.77267792356584)	(45, 36.66237750559119)	(50, 36.61372605828952)	(55, 36.31657255094525)	(60, 36.48805957934364)	(65, 36.520304443898844)	(70, 36.3829991543225)	(75, 36.36285020596339)	(80, 36.18782224404616)	(85, 36.503963772267234)	(90, 36.420923698065856)	(95, 36.27248820143492)	(100, 36.101006629020375)	(105, 36.509048749215694)	(110, 35.67182257140519)	(115, 36.058902801647704)	(120, 35.39844504460267)	(125, 35.97894535832174)	(130, 35.900395558829146)	(135, 35.183381073192024)	(140, 35.07790053741441)	(145, 35.381204135635755)	(150, 34.68179065389966)	(155, 34.815478626183264)	(160, 33.623488010475484)	(165, 32.65129170417656)	(170, 32.910974711514854)	(175, 33.510963799547156)	(180, 33.41320893690155)	(185, 32.551359903974685)	(190, 32.20959161960881)	(195, 32.35133262405543)	(200, 32.15048694655864)	(205, 29.594227569086392)	(210, 30.257926180538504)	(215, 29.19176692036992)	(220, 27.83814278309736)	(225, 27.092118831328257)	(230, 25.47321930327086)	(235, 23.31151485391603)	(240, 23.392110647352485)	(245, 26.08990915786889)	(250, 25.555978382179347)	(255, 21.63357433225111)	(260, 21.89431697268982)	(265, 19.057490519193518)	(270, 18.317125474040324)	(275, 21.23007666493875)	(280, 17.20815212943006)	(285, 18.565508962431448)	(290, 16.545598017521073)	(295, 15.172997701150418)	(300, 12.567382281044038)
574B14_S100_L001_R1_001	(1, 33.903859254213195)	(2, 33.9048662737316)	(3, 33.893167076385396)	(4, 33.88836892456239)	(5, 33.89218967508811)	(6, 37.80724461688831)	(7, 37.741136747326955)	(8, 37.72952640464414)	(9, 37.653999940763555)	(10, 37.68701833367888)	(15, 37.49661463732488)	(20, 37.63840298551669)	(25, 37.512602553090666)	(30, 37.525225838936116)	(35, 37.56630631164292)	(40, 37.305973995201846)	(45, 37.46745846044487)	(50, 37.411527411663656)	(55, 37.42803068447709)	(60, 37.34194236294168)	(65, 37.114527737464094)	(70, 37.25381038414832)	(75, 37.094505819980455)	(80, 37.44227112519622)	(85, 37.24019192607292)	(90, 37.10874626069958)	(95, 37.00158161300833)	(100, 37.20813908716642)	(105, 37.117388857625215)	(110, 36.97068980837011)	(115, 37.20351272102597)	(120, 37.26251814116044)	(125, 36.989882415662116)	(130, 37.05132837721767)	(135, 36.802440541421085)	(140, 36.80027841127862)	(145, 36.51169031187987)	(150, 36.5178212836537)	(155, 36.75166306311643)	(160, 36.435067973817496)	(165, 36.668157450463525)	(170, 36.728969582086904)	(175, 36.271776797085565)	(180, 36.065906465657676)	(185, 36.24247369884506)	(190, 36.07206326639417)	(195, 36.20229844203543)	(200, 36.034133048989986)	(205, 36.161062733250404)	(210, 35.97529174811919)	(215, 35.288466323085125)	(220, 35.78563473727859)	(225, 35.08958592500444)	(230, 35.44090397488301)	(235, 34.897227652390264)	(240, 34.44233753924531)	(245, 34.43478466915467)	(250, 34.66806078019016)	(255, 34.143248126536534)	(260, 33.87993839045052)	(265, 34.232943336986466)	(270, 33.16347856994757)	(275, 32.10752051183319)	(280, 32.309422114273865)	(285, 32.973016202126715)	(290, 30.65117739403454)	(295, 28.722747298001263)	(300, 24.998027158371386)
574B14_S100_L001_R2_001	(1, 33.46930071379913)	(2, 33.237478897017446)	(3, 33.360483369368836)	(4, 33.31534520036727)	(5, 33.47791961614785)	(6, 37.113615496253296)	(7, 37.087581079880344)	(8, 36.67656902526434)	(9, 37.091698012617364)	(10, 36.903053638598465)	(15, 37.090714687675856)	(20, 36.59437253798537)	(25, 36.68948256967687)	(30, 36.722826763024614)	(35, 36.76244409560762)	(40, 36.696662026478684)	(45, 36.603974765275595)	(50, 36.49703521606492)	(55, 36.222213665847235)	(60, 36.391179693747596)	(65, 36.436939845392885)	(70, 36.32614400379113)	(75, 36.3072179604893)	(80, 36.121630186890975)	(85, 36.456612267867186)	(90, 36.294724994816804)	(95, 36.159849539436664)	(100, 35.96480762965376)	(105, 36.424820069306634)	(110, 35.708307911026864)	(115, 35.92763676213606)	(120, 35.182347540206734)	(125, 35.85571779758908)	(130, 35.72039214524775)	(135, 35.01878387584041)	(140, 34.938014986819894)	(145, 35.18874507597074)	(150, 34.42412107928798)	(155, 34.638243047122586)	(160, 33.341646180730386)	(165, 32.65908835115363)	(170, 32.69183425643456)	(175, 33.305026212125696)	(180, 33.480407546722745)	(185, 32.419387986490534)	(190, 31.933404419169484)	(195, 32.01432379598365)	(200, 31.984378887506665)	(205, 29.414637758426636)	(210, 29.940068716308275)	(215, 28.843060245246136)	(220, 27.450802677566493)	(225, 26.744387180854215)	(230, 25.113997985901307)	(235, 22.940358983472542)	(240, 23.218375688644038)	(245, 25.82786564776968)	(250, 25.181919966825625)	(255, 21.383655697402325)	(260, 21.65187642546133)	(265, 18.75959835312935)	(270, 18.170137140487544)	(275, 21.369550664968454)	(280, 16.823666360593585)	(285, 18.22418174817097)	(290, 16.34425540733609)	(295, 15.019396008410812)	(300, 12.480896976694211)
576A0_S93_L001_R1_001	(1, 33.822361111111114)	(2, 33.843333333333334)	(3, 33.8809375)	(4, 33.874097222222225)	(5, 33.8859375)	(6, 37.745243055555555)	(7, 37.668125)	(8, 37.63128472222222)	(9, 37.51222222222222)	(10, 37.58640277777778)	(15, 37.43146527777778)	(20, 37.65828472222222)	(25, 37.51466666666666)	(30, 37.65346527777778)	(35, 37.489055512770626)	(40, 37.49731925828183)	(45, 37.472613329093974)	(50, 37.506726395110604)	(55, 37.44090009375977)	(60, 37.242705837413624)	(65, 37.01936312810362)	(70, 36.976627510834604)	(75, 37.08943603278233)	(80, 37.42756632865676)	(85, 37.07496874565912)	(90, 37.04285317405195)	(95, 37.23058063619948)	(100, 37.047069037366306)	(105, 36.96921794693707)	(110, 36.88594249201278)	(115, 37.11711348798444)	(120, 37.15343103208779)	(125, 36.887658008056675)	(130, 36.80851507153771)	(135, 36.59204056118905)	(140, 36.607542714265875)	(145, 36.51236282817058)	(150, 36.55740934528611)	(155, 36.565275672953945)	(160, 36.399062304646804)	(165, 36.540946030423)	(170, 36.460325067722444)	(175, 36.44878099604084)	(180, 35.98661526706953)	(185, 36.18925470584149)	(190, 35.981829547822464)	(195, 36.08970618878933)	(200, 35.53361116899354)	(205, 35.928630964784325)	(210, 35.333135025030984)	(215, 35.75383600180599)	(220, 35.17170145521481)	(225, 34.80910638002292)	(230, 34.860125725002604)	(235, 34.81837946723162)	(240, 34.12665578439204)	(245, 34.427048240891885)	(250, 34.501698329455074)	(255, 34.056353974924455)	(260, 33.461341298232206)	(265, 33.807355954572294)	(270, 32.759427638662174)	(275, 31.62498523946793)	(280, 32.56261591359011)	(285, 32.18237766123711)	(290, 29.851436112944118)	(295, 28.54472084841411)	(300, 22.76252849009348)
576A0_S93_L001_R2_001	(1, 33.51982638888889)	(2, 33.32590277777778)	(3, 33.08739583333333)	(4, 33.249340277777776)	(5, 33.30173611111111)	(6, 36.63611111111111)	(7, 36.85118055555556)	(8, 36.53572916666667)	(9, 36.94368055555555)	(10, 37.15565972222222)	(15, 36.954972222222224)	(20, 36.822069444444445)	(25, 36.63759027777778)	(30, 36.872368055555555)	(35, 36.46260215541637)	(40, 36.795534412111955)	(45, 36.78665620343045)	(50, 36.654005625586)	(55, 36.64761607111852)	(60, 36.6920859811786)	(65, 36.67395909296107)	(70, 36.69674618883911)	(75, 36.19657603222558)	(80, 36.333291662325934)	(85, 35.934798763760114)	(90, 36.49594749453068)	(95, 36.27936243358683)	(100, 36.32817307358406)	(105, 36.147334791818594)	(110, 36.07078515123103)	(115, 35.90637219154773)	(120, 35.81024412265167)	(125, 35.565920061117474)	(130, 36.37766434003542)	(135, 35.94939056151683)	(140, 34.88015418272737)	(145, 35.439962496093344)	(150, 34.566823017118026)	(155, 35.20580463498903)	(160, 33.926841465532206)	(165, 34.010876888348676)	(170, 33.07704809862823)	(175, 33.39858308734155)	(180, 34.35240840423684)	(185, 33.0518909532905)	(190, 32.982253863517975)	(195, 32.75338079527696)	(200, 32.375627713144645)	(205, 31.675485327313773)	(210, 29.032774979661347)	(215, 30.327915537959303)	(220, 28.698596929915954)	(225, 29.367923873029106)	(230, 26.468035007293185)	(235, 25.196853511148156)	(240, 22.963131207890534)	(245, 27.748933805653955)	(250, 26.436070014586374)	(255, 24.270632770716123)	(260, 23.13850107661319)	(265, 21.112780440369523)	(270, 19.706244356463152)	(275, 19.559880530666113)	(280, 19.341265541432243)	(285, 17.990650830034035)	(290, 19.49099812460929)	(295, 15.19387610740606)	(300, 11.250419860454043)
576A14_S94_L001_R1_001	(1, 33.83131316215309)	(2, 33.86156993252526)	(3, 33.85534149543553)	(4, 33.8772936830214)	(5, 33.88593411290569)	(6, 37.74451195310353)	(7, 37.64296400329741)	(8, 37.62327115073428)	(9, 37.56605501786096)	(10, 37.571935395230966)	(15, 37.39150001526578)	(20, 37.62620217995298)	(25, 37.44531493298324)	(30, 37.61783653405795)	(35, 37.366244313498)	(40, 37.47227253622848)	(45, 37.40803004396678)	(50, 37.467336345872006)	(55, 37.3521372740596)	(60, 37.1973497801661)	(65, 36.96891736782777)	(70, 36.91343165094196)	(75, 37.054331165460596)	(80, 37.3708589050716)	(85, 37.02068333791335)	(90, 36.997807700528234)	(95, 37.15970810051601)	(100, 37.000378614393455)	(105, 36.93603248755763)	(110, 36.87909987481298)	(115, 36.97200696161949)	(120, 36.96656590638454)	(125, 36.76401331257061)	(130, 36.6964550700742)	(135, 36.43564471313853)	(140, 36.49460474489328)	(145, 36.330225031296756)	(150, 36.33172116881927)	(155, 36.396830631125766)	(160, 36.192671979481545)	(165, 36.351280876919795)	(170, 36.320332203596834)	(175, 36.213104943360506)	(180, 35.774217581142565)	(185, 36.015327776251105)	(190, 35.82126957955482)	(195, 35.92195419847328)	(200, 35.14320610687023)	(205, 35.63676216813566)	(210, 35.214284841822405)	(215, 35.41010748748015)	(220, 34.734163918407226)	(225, 34.46202516184194)	(230, 34.68125687064859)	(235, 34.58886038842067)	(240, 33.95104433858556)	(245, 34.08876267252962)	(250, 33.91989129107122)	(255, 33.53780994259192)	(260, 33.07866129229266)	(265, 33.52419689752046)	(270, 32.1652436790033)	(275, 31.040680346891413)	(280, 31.859203615487967)	(285, 31.93429827775742)	(290, 29.525233172128004)	(295, 28.139984436939727)	(300, 22.871555077684224)
576A14_S94_L001_R2_001	(1, 33.55286538637682)	(2, 33.295911824871006)	(3, 33.07571825481635)	(4, 33.26574664916191)	(5, 33.34509815894727)	(6, 36.65517662504198)	(7, 36.901841052727995)	(8, 36.60522700210668)	(9, 36.96000366378652)	(10, 37.1973559673923)	(15, 36.95936250114494)	(20, 36.83358470979757)	(25, 36.69081305529265)	(30, 36.90356913870485)	(35, 36.499606142948736)	(40, 36.815267436690775)	(45, 36.81893624816805)	(50, 36.68477650219834)	(55, 36.61835002442599)	(60, 36.66736687835857)	(65, 36.67526862584416)	(70, 36.69840310219535)	(75, 36.250819822295504)	(80, 36.31871393239901)	(85, 36.02594119263533)	(90, 36.51316906354005)	(95, 36.300625935085954)	(100, 36.3224023693933)	(105, 36.208543250587766)	(110, 36.15291746816891)	(115, 35.97375957986016)	(120, 35.847583279899844)	(125, 35.612133980641815)	(130, 36.38077615950658)	(135, 35.95953100668682)	(140, 35.09655277701444)	(145, 35.53334554670086)	(150, 34.61052181612776)	(155, 35.2180269304754)	(160, 33.964843821562695)	(165, 33.989630850966385)	(170, 33.13660040914781)	(175, 33.5464627034289)	(180, 34.47097798540502)	(185, 33.154865500290065)	(190, 32.928625080150226)	(195, 32.78537449238191)	(200, 32.280748679429635)	(205, 31.625666057536613)	(210, 28.806833796451805)	(215, 30.261748450334363)	(220, 28.48572475495435)	(225, 29.23792482213197)	(230, 26.724083178112313)	(235, 25.45090842468472)	(240, 22.890176799291584)	(245, 27.281266603560415)	(250, 26.483978136737)	(255, 24.322269382271212)	(260, 23.116101255000153)	(265, 21.091960059849157)	(270, 19.68949280894073)	(275, 19.932034565940945)	(280, 19.393709731594857)	(285, 17.6829155088705)	(290, 19.130324590063818)	(295, 15.091045993906107)	(300, 11.270422844246621)
576B0_S95_L001_R1_001	(1, 33.843300754670295)	(2, 33.88697265866634)	(3, 33.8876159841643)	(4, 33.85747865891377)	(5, 33.907311641717186)	(6, 37.75358159099344)	(7, 37.67435358159099)	(8, 37.64421625634047)	(9, 37.616553259928246)	(10, 37.61572683409625)	(15, 37.43929729060993)	(20, 37.66080910553013)	(25, 37.51925770134851)	(30, 37.64350859829271)	(35, 37.50199695077284)	(40, 37.51834776853163)	(45, 37.48871603129727)	(50, 37.52269847554939)	(55, 37.45581073054841)	(60, 37.27933918905526)	(65, 37.08529426322823)	(70, 37.019789140226706)	(75, 37.16004058803148)	(80, 37.4495470969658)	(85, 37.06658912042766)	(90, 37.0964609216453)	(95, 37.26686630698411)	(100, 37.088882839182304)	(105, 37.02567440479136)	(110, 36.990253922684744)	(115, 37.12681598812028)	(120, 37.1153075114466)	(125, 36.91608464298973)	(130, 36.84522212597451)	(135, 36.59959905952233)	(140, 36.64971166934786)	(145, 36.53184506867962)	(150, 36.55348100482614)	(155, 36.58225467145155)	(160, 36.443360970176954)	(165, 36.600069298354164)	(170, 36.50206162603638)	(175, 36.42212594682091)	(180, 35.98623898623899)	(185, 36.25660825660826)	(190, 36.00761310761311)	(195, 36.13074941641508)	(200, 35.50379427270252)	(205, 36.041516719055515)	(210, 35.46733330033167)	(215, 35.83155289342112)	(220, 35.26974902232563)	(225, 34.895752685510615)	(230, 35.0207121496949)	(235, 34.99728719586149)	(240, 34.251072993242744)	(245, 34.511447736442165)	(250, 34.58564887007748)	(255, 34.05478082225688)	(260, 33.50973985792431)	(265, 33.868463651889805)	(270, 32.84130095789708)	(275, 31.696081780153957)	(280, 32.599401004925625)	(285, 32.4322566273112)	(290, 30.008326526571125)	(295, 28.667954538666415)	(300, 22.825576467892994)
576B0_S95_L001_R2_001	(1, 33.508128170233825)	(2, 33.28479524928863)	(3, 33.03894593591488)	(4, 33.25891376963998)	(5, 33.311666460472594)	(6, 36.63563033527156)	(7, 36.87450204132129)	(8, 36.58055177533094)	(9, 36.92908573549425)	(10, 37.15863911913893)	(15, 36.940512186069526)	(20, 36.81874056662131)	(25, 36.626133861190155)	(30, 36.877228751701104)	(35, 36.464853729500575)	(40, 36.80123966071427)	(45, 36.806328601399926)	(50, 36.66483864581271)	(55, 36.64440704810929)	(60, 36.70528086039535)	(65, 36.65933277236054)	(70, 36.69414938375488)	(75, 36.22791169628273)	(80, 36.30249962876801)	(85, 35.86457456813345)	(90, 36.491936841063215)	(95, 36.30256892540712)	(100, 36.34836905410087)	(105, 36.21469088749196)	(110, 36.11868039400089)	(115, 35.90590273481005)	(120, 35.794644227199605)	(125, 35.5591288206905)	(130, 36.34404652889494)	(135, 35.8925430021037)	(140, 34.934839747556)	(145, 35.5054671451553)	(150, 34.57040960277193)	(155, 35.22848162356144)	(160, 33.861135998020046)	(165, 33.98093800272243)	(170, 33.1421259745081)	(175, 33.427567673906005)	(180, 34.404727254727256)	(185, 33.0415354915355)	(190, 32.7488911988912)	(195, 32.62736179869314)	(200, 32.32885181793431)	(205, 31.60959829715615)	(210, 29.16828869857928)	(215, 30.350457898123853)	(220, 28.39786644225533)	(225, 29.136438790158905)	(230, 26.364402752338993)	(235, 25.313761694965592)	(240, 22.841621701895946)	(245, 27.623929508440177)	(250, 26.384753230038122)	(255, 24.21860303945349)	(260, 23.017870402455326)	(265, 21.078921835552695)	(270, 19.65439334686402)	(275, 19.9129201524677)	(280, 19.768674818078317)	(285, 17.77786743230533)	(290, 19.237186277907036)	(295, 15.137249855712417)	(300, 11.08279091356114)
576B14_S96_L001_R1_001	(1, 33.88167531421507)	(2, 33.88630190870437)	(3, 33.86264446400809)	(4, 33.82583775076329)	(5, 33.89817745893195)	(6, 37.74754153632907)	(7, 37.643340138985145)	(8, 37.63305673665874)	(9, 37.60653342574035)	(10, 37.56496150748309)	(15, 37.38976904489858)	(20, 37.63530822110252)	(25, 37.45388577743646)	(30, 37.63014591567235)	(35, 37.458317567947255)	(40, 37.47006788456491)	(45, 37.44183946801536)	(50, 37.48381207731835)	(55, 37.42044058144762)	(60, 37.20590548725727)	(65, 36.961815493290494)	(70, 36.93140630561436)	(75, 37.06678406174482)	(80, 37.3807009984826)	(85, 37.02091006163242)	(90, 37.01348045184617)	(95, 37.177557557932595)	(100, 36.99460107528896)	(105, 36.949851070605646)	(110, 36.85162885670932)	(115, 37.029621026207835)	(120, 37.09511249320919)	(125, 36.89325790075121)	(130, 36.797373597347374)	(135, 36.555294955133846)	(140, 36.55245124669827)	(145, 36.471010284558176)	(150, 36.52226822277589)	(155, 36.52753226803544)	(160, 36.377048013338076)	(165, 36.527247522526736)	(170, 36.428493284127306)	(175, 36.40498679305371)	(180, 35.909242714361504)	(185, 36.16878231547396)	(190, 35.93704758336456)	(195, 36.11404645934807)	(200, 35.43906331959535)	(205, 35.893551892094415)	(210, 35.300974147620835)	(215, 35.70759748591813)	(220, 34.958110867569644)	(225, 34.7493096536091)	(230, 34.75443901159632)	(235, 34.77815245695873)	(240, 34.006193446861126)	(245, 34.339684145450455)	(250, 34.37864328668577)	(255, 33.942082092208544)	(260, 33.342142040877505)	(265, 33.70053391783286)	(270, 32.62833698645535)	(275, 31.527143633264018)	(280, 32.33636448790723)	(285, 32.01541804829615)	(290, 29.633271511268482)	(295, 28.40305491678068)	(300, 22.53694642543099)
576B14_S96_L001_R2_001	(1, 33.45252589581733)	(2, 33.17427463614737)	(3, 32.9140052821848)	(4, 33.13947215614288)	(5, 33.22773334332328)	(6, 36.45378088298649)	(7, 36.74186599734018)	(8, 36.390994062224884)	(9, 36.806788169404534)	(10, 37.07168786408677)	(15, 36.79822054058104)	(20, 36.68448498698185)	(25, 36.45899188941128)	(30, 36.737868769550644)	(35, 36.3387603723753)	(40, 36.67228074743538)	(45, 36.64999531703662)	(50, 36.49556111929688)	(55, 36.46681402667466)	(60, 36.552939236110205)	(65, 36.529901431521)	(70, 36.57024034768926)	(75, 36.022195163073)	(80, 36.11566662295573)	(85, 35.70025664562298)	(90, 36.34669264344991)	(95, 36.11839793184841)	(100, 36.12094940147243)	(105, 36.006650306288755)	(110, 35.86294374402878)	(115, 35.654959629830834)	(120, 35.57809707573856)	(125, 35.34279612596242)	(130, 36.16154436971956)	(135, 35.718708903917125)	(140, 34.72579382177179)	(145, 35.29752159007886)	(150, 34.38780839624586)	(155, 34.97242464547311)	(160, 33.65729004702048)	(165, 33.76294936400592)	(170, 32.90157921357786)	(175, 33.14720218804443)	(180, 34.07387458610047)	(185, 32.76838141626077)	(190, 32.655736230798055)	(195, 32.564173847883104)	(200, 32.08373173473211)	(205, 31.269025852379173)	(210, 28.761191457474713)	(215, 30.058644682081457)	(220, 28.31594447254538)	(225, 29.034245677138948)	(230, 26.249888532943668)	(235, 25.03269450532981)	(240, 22.742269431799023)	(245, 27.48248936847824)	(250, 26.239974521815697)	(255, 24.076599411753683)	(260, 22.936180895108564)	(265, 20.970452799790177)	(270, 19.610191273721874)	(275, 19.462290413833156)	(280, 19.246250398096628)	(285, 17.871934655950845)	(290, 19.308930478277976)	(295, 15.157816531914179)	(300, 11.290538255853388)
578A0_S101_L001_R1_001	(1, 33.89908624267356)	(2, 33.895118133168296)	(3, 33.86879755360588)	(4, 33.88503403837053)	(5, 33.901488951181335)	(6, 37.8102588372347)	(7, 37.73475554261167)	(8, 37.74389311587608)	(9, 37.63344133386727)	(10, 37.670122683752595)	(15, 37.48466999162692)	(20, 37.634577159707305)	(25, 37.49274454840001)	(30, 37.55285594670356)	(35, 37.55340201681896)	(40, 37.29031309732301)	(45, 37.479969418960245)	(50, 37.42465414300276)	(55, 37.43052279015582)	(60, 37.32321974661424)	(65, 37.11805737585554)	(70, 37.24764817241881)	(75, 37.102883355176935)	(80, 37.456968108344256)	(85, 37.24022134847823)	(90, 37.146162807630695)	(95, 36.95260666957914)	(100, 37.19748070482016)	(105, 37.08076306975389)	(110, 36.94339595165283)	(115, 37.224282801805735)	(120, 37.30719382554245)	(125, 36.93274355613805)	(130, 36.979335954565315)	(135, 36.72904470656765)	(140, 36.741204310470366)	(145, 36.52011067423912)	(150, 36.45450706276394)	(155, 36.676095820591236)	(160, 36.39636668122907)	(165, 36.613674093490616)	(170, 36.70720838794234)	(175, 36.261380515508954)	(180, 36.13680646570555)	(185, 36.143162953254695)	(190, 36.06837774865298)	(195, 36.123474588612204)	(200, 35.839333042085336)	(205, 35.99464103684287)	(210, 35.88710499490316)	(215, 35.153895441968835)	(220, 35.663856123489154)	(225, 34.991976117664194)	(230, 35.32976554536187)	(235, 34.63947866608417)	(240, 34.16965195864279)	(245, 34.23952963448376)	(250, 34.52276103101791)	(255, 33.97339449541285)	(260, 33.76697247706422)	(265, 34.01821028105432)	(270, 32.967067132663466)	(275, 31.78157676366279)	(280, 32.05046783412823)	(285, 32.86004296064368)	(290, 30.52778971128991)	(295, 28.72599905389415)	(300, 24.24005482916843)
578A0_S101_L001_R2_001	(1, 33.57366485856784)	(2, 33.343987768029415)	(3, 33.41821689904984)	(4, 33.40431031344425)	(5, 33.50806363537078)	(6, 37.18337034475227)	(7, 37.21624376569952)	(8, 36.78732389238778)	(9, 37.13098401834796)	(10, 37.01842076522625)	(15, 37.17331537369398)	(20, 36.7405802905093)	(25, 36.79242054679821)	(30, 36.856325312170085)	(35, 36.87968983217445)	(40, 36.824009201884486)	(45, 36.73660259210718)	(50, 36.65831513033348)	(55, 36.4098369011213)	(60, 36.565450706276394)	(65, 36.56968108344255)	(70, 36.47278287461774)	(75, 36.50377166156983)	(80, 36.314598805883215)	(85, 36.60739769914081)	(90, 36.46317169069462)	(95, 36.34063637687491)	(100, 36.20377166156983)	(105, 36.602388233580896)	(110, 35.87469054900248)	(115, 36.1996505024028)	(120, 35.4352992573176)	(125, 36.0476627348187)	(130, 36.00541721275666)	(135, 35.315414300276686)	(140, 35.19984709480123)	(145, 35.393024610455804)	(150, 34.67706422018349)	(155, 34.913171690694625)	(160, 33.73109072375127)	(165, 33.10399009756808)	(170, 33.13478957332168)	(175, 33.694954128440365)	(180, 33.9974879860201)	(185, 33.02311052861511)	(190, 32.184818698121454)	(195, 32.55257026357944)	(200, 32.50758701033931)	(205, 29.851281491189752)	(210, 30.4660623270715)	(215, 29.190010193679917)	(220, 28.051645551186834)	(225, 27.368166593854664)	(230, 25.748267074413867)	(235, 23.434898791320812)	(240, 23.614081840687344)	(245, 26.290279598077767)	(250, 25.694575506043396)	(255, 22.046140964030876)	(260, 22.162494539100045)	(265, 19.36264744429882)	(270, 18.73370467453036)	(275, 20.911210579931577)	(280, 16.96186696763389)	(285, 18.802868897222123)	(290, 16.696202715986455)	(295, 15.342483859307881)	(300, 12.78976548822401)
578A14_S102_L001_R1_001	(1, 33.83468618640383)	(2, 33.924264386142916)	(3, 33.874945644296275)	(4, 33.89842730830555)	(5, 33.89186838672271)	(6, 37.81816205247137)	(7, 37.772575735613856)	(8, 37.71365415277577)	(9, 37.66915494999275)	(10, 37.67662704739817)	(15, 37.48098275112335)	(20, 37.62473546890853)	(25, 37.49460791419046)	(30, 37.522111900275405)	(35, 37.553899115813884)	(40, 37.27424989128859)	(45, 37.45354399188288)	(50, 37.39655022467024)	(55, 37.42181475576171)	(60, 37.28819394115089)	(65, 37.05346427018408)	(70, 37.201355268879546)	(75, 37.06565444267285)	(80, 37.42757646035657)	(85, 37.18357008262067)	(90, 37.11474126685026)	(95, 36.86333526598058)	(100, 37.15805913900566)	(105, 37.0467748949123)	(110, 36.861016089288306)	(115, 37.13107696767648)	(120, 37.23604870271054)	(125, 36.84833309175242)	(130, 36.88616466154515)	(135, 36.58681692998986)	(140, 36.5752572836643)	(145, 36.382048122916366)	(150, 36.33130163791854)	(155, 36.54518770836353)	(160, 36.277257573561386)	(165, 36.467843165676186)	(170, 36.61840121756776)	(175, 36.11935787795333)	(180, 36.05556602406146)	(185, 35.99636903899116)	(190, 35.94207131468328)	(195, 35.99924626757501)	(200, 35.709146253080156)	(205, 35.849985505145675)	(210, 35.791679953616466)	(215, 34.98666473401942)	(220, 35.459327438759246)	(225, 34.81352369908682)	(230, 35.161334976083495)	(235, 34.51950282649659)	(240, 34.001036382084365)	(245, 34.091571242209014)	(250, 34.27949704251114)	(255, 33.78961293128443)	(260, 33.586322122354304)	(265, 33.720578428530004)	(270, 32.674528848941726)	(275, 31.481095969846336)	(280, 31.775326181501885)	(285, 32.599499855030444)	(290, 30.250630617570312)	(295, 28.642475214438583)	(300, 23.85574317137346)
578A14_S102_L001_R2_001	(1, 33.521198724452816)	(2, 33.289752137991016)	(3, 33.38853457022757)	(4, 33.349652123496156)	(5, 33.483838237425715)	(6, 37.16679953616466)	(7, 37.12480069575301)	(8, 36.738983910711696)	(9, 37.120995796492245)	(10, 36.951463980286995)	(15, 37.113719379620235)	(20, 36.660400057979416)	(25, 36.7308740397159)	(30, 36.81916944484708)	(35, 36.831613277286564)	(40, 36.74028120017394)	(45, 36.64933323670097)	(50, 36.60240614581823)	(55, 36.32638788230178)	(60, 36.51222640962458)	(65, 36.514386142919264)	(70, 36.39218002609074)	(75, 36.408030149297)	(80, 36.20959559356429)	(85, 36.52173503406291)	(90, 36.409573851282794)	(95, 36.254116538628786)	(100, 36.13347586606754)	(105, 36.50810262356863)	(110, 35.798891143644006)	(115, 36.106109581098714)	(120, 35.44249891288593)	(125, 36.01129149152051)	(130, 35.85088418611393)	(135, 35.231156689375275)	(140, 35.125018118567915)	(145, 35.36947383678795)	(150, 34.639165096390784)	(155, 34.81485722568488)	(160, 33.757385128279466)	(165, 33.082562690244956)	(170, 33.0869473836788)	(175, 33.69157124220902)	(180, 33.90169589795623)	(185, 33.021640817509784)	(190, 32.16713291781418)	(195, 32.60685606609654)	(200, 32.46095086244383)	(205, 29.86737933033773)	(210, 30.470089868096824)	(215, 29.194941295839975)	(220, 28.13396144368749)	(225, 27.423894767357588)	(230, 25.901210320336283)	(235, 23.541034932598926)	(240, 23.705232642411943)	(245, 26.4302217712712)	(250, 25.961287213251474)	(255, 22.096857898742435)	(260, 22.277650128655814)	(265, 19.5066647338093)	(270, 18.89233501250317)	(275, 20.99795600333418)	(280, 17.455318377849455)	(285, 19.124901243068894)	(290, 16.883796615083533)	(295, 15.478109788242989)	(300, 12.930412323455231)
578B0_S103_L001_R1_001	(1, 33.837503149861405)	(2, 33.89200475179092)	(3, 33.90352424493322)	(4, 33.92566327081608)	(5, 33.903272256020735)	(6, 37.826775621872635)	(7, 37.74952302098708)	(8, 37.71831239425465)	(9, 37.660786925375284)	(10, 37.70802404694194)	(15, 37.528132762158464)	(20, 37.66401238345513)	(25, 37.53193419489543)	(30, 37.56487274559919)	(35, 37.587825335685224)	(40, 37.28627749580544)	(45, 37.50421196630427)	(50, 37.416027071783425)	(55, 37.459082727338185)	(60, 37.35531352729414)	(65, 37.100457212801956)	(70, 37.24701011628325)	(75, 37.17701695647479)	(80, 37.49213377974583)	(85, 37.2241062749757)	(90, 37.17633293732225)	(95, 36.93311732728516)	(100, 37.217136479821434)	(105, 37.11053749504986)	(110, 36.97128559599668)	(115, 37.1956654786334)	(120, 37.33318932930122)	(125, 36.978658602440866)	(130, 37.024725492313785)	(135, 36.73676062929762)	(140, 36.64644130035641)	(145, 36.50764301400439)	(150, 36.53104366922274)	(155, 36.680865464232994)	(160, 36.412686755229146)	(165, 36.59966159052453)	(170, 36.744169636749824)	(175, 36.35630917665695)	(180, 36.22809463322231)	(185, 36.245802131336404)	(190, 36.19193548387097)	(195, 36.2616215437788)	(200, 35.93279089861751)	(205, 35.985793490783415)	(210, 35.91270161290323)	(215, 35.314811347926266)	(220, 35.59727822580645)	(225, 34.92309187788018)	(230, 35.3823732718894)	(235, 34.75502592165899)	(240, 34.467108294930874)	(245, 34.429147465437794)	(250, 34.58121323293044)	(255, 33.834750675067504)	(260, 33.777454545454546)	(265, 34.05296129612962)	(270, 33.00402520252025)	(275, 31.917076507650762)	(280, 32.0955103510351)	(285, 33.01051305130513)	(290, 30.4499801980198)	(295, 29.031646004756716)	(300, 24.729285516543577)
578B0_S103_L001_R2_001	(1, 33.559595377803376)	(2, 33.34468483386731)	(3, 33.45070016919256)	(4, 33.41599769610137)	(5, 33.52719680334065)	(6, 37.214982540768204)	(7, 37.21127470391303)	(8, 36.87645343604881)	(9, 37.18546383959106)	(10, 37.049785809424385)	(15, 37.15135174052342)	(20, 36.742942510529545)	(25, 36.81840239029482)	(30, 36.878426149249435)	(35, 36.9319701933115)	(40, 36.8361212401564)	(45, 36.7437900496796)	(50, 36.682396140830875)	(55, 36.43341493268054)	(60, 36.588741429565275)	(65, 36.603247290924145)	(70, 36.47889980919466)	(75, 36.43806746588904)	(80, 36.30159484465565)	(85, 36.584771573604066)	(90, 36.514490405731365)	(95, 36.35327789178097)	(100, 36.234733772545624)	(105, 36.6116067249883)	(110, 35.86201533642942)	(115, 36.17677214962019)	(120, 35.65117903301292)	(125, 36.109839075494115)	(130, 36.016207653814305)	(135, 35.43516578464197)	(140, 35.31219354141916)	(145, 35.54619289340101)	(150, 34.95622277423768)	(155, 35.0505094142636)	(160, 34.13959030852864)	(165, 33.27349965799042)	(170, 33.42738956690788)	(175, 33.93855347949743)	(180, 34.00878052635589)	(185, 33.316640264976954)	(190, 32.62132056451613)	(195, 32.949920794930875)	(200, 32.76563220046083)	(205, 30.20684043778802)	(210, 30.719959677419354)	(215, 29.892000288018437)	(220, 28.725208813364056)	(225, 27.977433755760366)	(230, 26.49627736175115)	(235, 24.3091301843318)	(240, 24.14575892857143)	(245, 26.979356278801838)	(250, 26.48613955465247)	(255, 22.82015481548155)	(260, 22.810995499549957)	(265, 20.054855085508553)	(270, 19.07519711971197)	(275, 20.84285868586859)	(280, 18.047683168316834)	(285, 19.549976597659768)	(290, 17.18769396939694)	(295, 15.862451582421437)	(300, 13.163886236419938)
578B14_S104_L001_R1_001	(1, 33.809972931822024)	(2, 33.899678565386566)	(3, 33.87489426492979)	(4, 33.90720690238538)	(5, 33.87024192184064)	(6, 37.79407037726273)	(7, 37.73062933513788)	(8, 37.676577567247506)	(9, 37.56999661647775)	(10, 37.658035865335805)	(15, 37.44718321772966)	(20, 37.60320588732871)	(25, 37.43296396548807)	(30, 37.47739807139232)	(35, 37.499492471663004)	(40, 37.2391283817995)	(45, 37.41591235936046)	(50, 37.37946028254801)	(55, 37.36373403265375)	(60, 37.254927671093824)	(65, 37.033203620675074)	(70, 37.14974198460367)	(75, 37.0133914220455)	(80, 37.39681076051095)	(85, 37.20715675492767)	(90, 37.032789104136704)	(95, 36.961906776076475)	(100, 37.12740884865916)	(105, 37.05936891971915)	(110, 36.92760341764656)	(115, 37.11328990779121)	(120, 37.19108366466459)	(125, 36.881008374925976)	(130, 36.949928094069875)	(135, 36.68871499873107)	(140, 36.67812367819982)	(145, 36.363023432873696)	(150, 36.41688520429744)	(155, 36.68177819135437)	(160, 36.3324168852043)	(165, 36.56951188562727)	(170, 36.62515861602233)	(175, 36.07973098722612)	(180, 35.92478639708993)	(185, 36.19226799763133)	(190, 35.87792910921242)	(195, 36.02570002537856)	(200, 35.81471956687251)	(205, 36.00465273665511)	(210, 35.81366212672363)	(215, 35.057287877506134)	(220, 35.458827510362916)	(225, 34.860570171728284)	(230, 35.212545469926404)	(235, 34.74867608493359)	(240, 34.22485407325945)	(245, 34.15793926063784)	(250, 34.44756681783512)	(255, 33.99041455160745)	(260, 33.66016074450085)	(265, 33.95327411167513)	(270, 32.64282571912013)	(275, 31.651032148900175)	(280, 31.901285956006767)	(285, 32.58626903553299)	(290, 30.15822335025381)	(295, 28.60099846954309)	(300, 24.194681127150993)
578B14_S104_L001_R2_001	(1, 33.479318220267295)	(2, 33.238707494501774)	(3, 33.34769920487227)	(4, 33.30857722889528)	(5, 33.459440027068176)	(6, 37.10082896295043)	(7, 37.105735070208084)	(8, 36.62506344104212)	(9, 37.03941803417357)	(10, 36.86241752664524)	(15, 37.039324987311794)	(20, 36.57694975469464)	(25, 36.63264253087464)	(30, 36.68438504483167)	(35, 36.75145491456606)	(40, 36.65059889431439)	(45, 36.59950088824973)	(50, 36.43173166398782)	(55, 36.150215717790374)	(60, 36.34561373826242)	(65, 36.39077066238051)	(70, 36.341510870484726)	(75, 36.28138059385839)	(80, 36.05480077827595)	(85, 36.418898570340914)	(90, 36.24048726842061)	(95, 36.1021825564673)	(100, 35.96109466204213)	(105, 36.37360629388376)	(110, 35.67739615937738)	(115, 35.80991455883597)	(120, 35.00539717451993)	(125, 35.76514677269267)	(130, 35.64681499027155)	(135, 34.972015903899845)	(140, 34.930691142881315)	(145, 35.14230606547669)	(150, 34.305481769731834)	(155, 34.655511378056005)	(160, 33.30076981642839)	(165, 32.79861263852466)	(170, 32.697589036460535)	(175, 33.36523136790458)	(180, 33.67372472718044)	(185, 32.51142035360799)	(190, 31.66065476694019)	(195, 32.15881905084173)	(200, 31.933897301412742)	(205, 29.49642162253616)	(210, 30.099543185855687)	(215, 28.805363336435157)	(220, 27.60458506048558)	(225, 26.90667456221978)	(230, 25.318230268166822)	(235, 23.221580238558495)	(240, 23.215506302343286)	(245, 25.824439556721092)	(250, 25.342714171801337)	(255, 21.54842011759232)	(260, 21.662501586227318)	(265, 18.836301340890827)	(270, 18.09728014889387)	(275, 21.855556025548836)	(280, 16.84938031386151)	(285, 18.200380694556067)	(290, 16.321670570260174)	(295, 14.951804456056072)	(300, 12.511586718203247)
583A0_S129_L001_R1_001	(1, 33.836231607108736)	(2, 33.91305178673801)	(3, 33.91473979234346)	(4, 33.92439008854067)	(5, 33.890152238996116)	(6, 37.83330148417097)	(7, 37.75976176826549)	(8, 37.71883559462386)	(9, 37.65972354927065)	(10, 37.701904579909545)	(15, 37.51539588508822)	(20, 37.64891394356328)	(25, 37.50903242244729)	(30, 37.513886234792025)	(35, 37.54270972673418)	(40, 37.18188419644563)	(45, 37.4647296411267)	(50, 37.43005382679874)	(55, 37.386081472752174)	(60, 37.304283848775356)	(65, 37.16290728413543)	(70, 37.274121731375615)	(75, 37.13292989776093)	(80, 37.44780711532949)	(85, 37.1549319998726)	(90, 37.14775297002898)	(95, 36.87212154027455)	(100, 37.195942287479696)	(105, 37.070643692072494)	(110, 36.8797910628404)	(115, 37.107921138962325)	(120, 37.140937032200526)	(125, 36.844233525496065)	(130, 36.861961333885404)	(135, 36.63600343981909)	(140, 36.6416982514253)	(145, 36.43327706468771)	(150, 36.36539796795873)	(155, 36.5886231168583)	(160, 36.33143930948817)	(165, 36.51025257190177)	(170, 36.663636653183424)	(175, 36.126700003185015)	(180, 36.015154314106454)	(185, 36.12465522183648)	(190, 35.944931044367294)	(195, 35.98245692263592)	(200, 35.82985635570277)	(205, 35.900525527916685)	(210, 35.944765423448096)	(215, 35.263025129789476)	(220, 35.66422906647132)	(225, 34.87368856897156)	(230, 35.4006879638182)	(235, 34.690250660891174)	(240, 34.507437016275446)	(245, 34.47729400898175)	(250, 34.354524317609965)	(255, 34.035194445329175)	(260, 33.7198522151798)	(265, 33.79306940153517)	(270, 32.950511195337135)	(275, 31.54984234162499)	(280, 31.954938369907957)	(285, 32.467573335032014)	(290, 29.920705799917194)	(295, 28.444291545429024)	(300, 24.213827860427912)
583A0_S129_L001_R2_001	(1, 33.11886107395375)	(2, 33.47675011147207)	(3, 33.44375437925982)	(4, 33.45843684311102)	(5, 33.46082553028855)	(6, 36.94789477036754)	(7, 36.922733932097586)	(8, 36.38441938977005)	(9, 36.99232435186955)	(10, 36.919294222561945)	(15, 37.056500414039114)	(20, 36.633811070768836)	(25, 36.68647047582648)	(30, 36.721937703038414)	(35, 36.729912733295116)	(40, 36.68059749028601)	(45, 36.50769986331325)	(50, 36.517272350861546)	(55, 36.26154728158741)	(60, 36.43137879415231)	(65, 36.39180176449979)	(70, 36.24643118769309)	(75, 36.1909481797624)	(80, 35.899557282542915)	(85, 36.39987259929293)	(90, 36.27337643723922)	(95, 36.129139726725484)	(100, 36.0240468834602)	(105, 36.42054336401567)	(110, 35.39161066343918)	(115, 35.789374781030034)	(120, 35.244322705991024)	(125, 35.85538108736503)	(130, 35.76892696754467)	(135, 34.96805427270122)	(140, 34.83915660731917)	(145, 35.206586616555725)	(150, 34.583399687868265)	(155, 34.840749116157596)	(160, 33.58452718412587)	(165, 32.58936841099468)	(170, 32.41923750676816)	(175, 33.1913877122018)	(180, 33.33342676051852)	(185, 32.23404146893015)	(190, 31.922559480205116)	(195, 32.180393031181325)	(200, 32.02477306749053)	(205, 29.781106475140938)	(210, 29.541319234321747)	(215, 28.89976112367424)	(220, 27.92094786126063)	(225, 27.142822562665224)	(230, 25.952383985731124)	(235, 23.610287607096218)	(240, 23.098824728477243)	(245, 25.804369844252637)	(250, 25.435971589642325)	(255, 21.842895818071792)	(260, 22.027830684460298)	(265, 19.192088416090705)	(270, 18.24043061438991)	(275, 21.56439150237284)	(280, 17.333426760518524)	(285, 18.61837118196006)	(290, 16.591599699698566)	(295, 15.276622890559201)	(300, 12.708357950439796)
583A14_S130_L001_R1_001	(1, 33.8518292024893)	(2, 33.90568006043383)	(3, 33.88460016547358)	(4, 33.9144933270981)	(5, 33.896830821252564)	(6, 37.83470628439872)	(7, 37.753444368502464)	(8, 37.731285298032304)	(9, 37.656678297780495)	(10, 37.696895571783166)	(15, 37.4890535630778)	(20, 37.6530882405842)	(25, 37.52681751142127)	(30, 37.5530846433325)	(35, 37.571286736932976)	(40, 37.23646174322817)	(45, 37.48982337494154)	(50, 37.427770783121694)	(55, 37.41673441490701)	(60, 37.32814130004677)	(65, 37.10516925069247)	(70, 37.235972516997016)	(75, 37.18763984315983)	(80, 37.48138422245405)	(85, 37.20797150976654)	(90, 37.143947624015254)	(95, 36.82438936652398)	(100, 37.197474729306805)	(105, 37.059757545235435)	(110, 36.90435627180834)	(115, 37.117004208784486)	(120, 37.25861031052052)	(125, 36.9242031800849)	(130, 36.963177206993315)	(135, 36.70259730915893)	(140, 36.65011871357652)	(145, 36.49935247140082)	(150, 36.51955536369523)	(155, 36.63384416145046)	(160, 36.405259371177785)	(165, 36.5489027987625)	(170, 36.703762860637454)	(175, 36.3189941722426)	(180, 36.207424994603926)	(185, 36.21692208072524)	(190, 36.16205537928341)	(195, 36.224383926322986)	(200, 35.96531280353995)	(205, 35.99657516998237)	(210, 35.93667661977911)	(215, 35.34402273626651)	(220, 35.65300940659698)	(225, 34.92481652036264)	(230, 35.44288386818248)	(235, 34.64152396028205)	(240, 34.464268240034535)	(245, 34.4816736221039)	(250, 34.5611401219343)	(255, 34.01093721892427)	(260, 33.79190501888829)	(265, 34.07293398093183)	(270, 33.13184385680877)	(275, 32.02516279906458)	(280, 32.223162439287634)	(285, 33.102428494333516)	(290, 30.43836661270013)	(295, 29.45993649845685)	(300, 24.356106884507575)
583A14_S130_L001_R2_001	(1, 33.19313644375697)	(2, 33.48505341918774)	(3, 33.45591568042016)	(4, 33.442318068995284)	(5, 33.48138422245405)	(6, 36.977265369257886)	(7, 36.964854850893914)	(8, 36.45217453865247)	(9, 37.06676499154646)	(10, 36.95441562646138)	(15, 37.067333357315015)	(20, 36.669520486348425)	(25, 36.70544264182165)	(30, 36.75629339184863)	(35, 36.78997805676464)	(40, 36.709205367099536)	(45, 36.56253822079931)	(50, 36.595560991402564)	(55, 36.311780999316525)	(60, 36.4747077232994)	(65, 36.50198928018993)	(70, 36.32837152415554)	(75, 36.264419583438254)	(80, 36.11968775855246)	(85, 36.48046332601892)	(90, 36.396575416381886)	(95, 36.178179071189604)	(100, 36.09013273858772)	(105, 36.44518148134825)	(110, 35.59833087521133)	(115, 36.0722543976402)	(120, 35.53574788611123)	(125, 35.997179653212456)	(130, 35.98340887833657)	(135, 35.26751564860782)	(140, 35.160011511619544)	(145, 35.39689186272394)	(150, 34.74530541765595)	(155, 34.91446147204835)	(160, 34.043218936614146)	(165, 33.18794157853083)	(170, 33.1491761997266)	(175, 33.84855745017627)	(180, 33.81258363911073)	(185, 33.191718828692714)	(190, 32.60644807805517)	(195, 32.93648235421089)	(200, 32.74016620498615)	(205, 30.22844191819261)	(210, 30.716796776630577)	(215, 29.878994136057848)	(220, 28.919626687953468)	(225, 28.083501223197583)	(230, 26.698064469707873)	(235, 24.498899122175857)	(240, 24.357778097567994)	(245, 27.001985897251405)	(250, 26.719270835849223)	(255, 23.071264615938116)	(260, 22.9261737722612)	(265, 20.277747796366253)	(270, 19.233984529591652)	(275, 20.84836841158482)	(280, 18.513646339269652)	(285, 19.93829825508185)	(290, 17.459629429753555)	(295, 16.210089986377305)	(300, 13.422425966992273)
583B0_S131_L001_R1_001	(1, 33.86947820285988)	(2, 33.903500884647734)	(3, 33.877019462250196)	(4, 33.88601096383096)	(5, 33.90877976622096)	(6, 37.81657336775241)	(7, 37.748092931519565)	(8, 37.7387823766569)	(9, 37.66104939524901)	(10, 37.70352988949154)	(15, 37.54441511732459)	(20, 37.68179365954114)	(25, 37.542088928851115)	(30, 37.55355164312441)	(35, 37.59626997708617)	(40, 37.3200974562752)	(45, 37.50645937871625)	(50, 37.46814978101342)	(55, 37.4341677060069)	(60, 37.347675261768714)	(65, 37.12788815732227)	(70, 37.27727470487572)	(75, 37.15556457928474)	(80, 37.491226034747804)	(85, 37.258949444557246)	(90, 37.18505090350088)	(95, 36.95665516141196)	(100, 37.26199495315718)	(105, 37.15995591263741)	(110, 36.952826522029184)	(115, 37.22428285523683)	(120, 37.31321170635496)	(125, 37.03825738898396)	(130, 37.06333497694115)	(135, 36.79006294051106)	(140, 36.78042753139774)	(145, 36.55637091394263)	(150, 36.56076804826405)	(155, 36.7661049395249)	(160, 36.49667314441511)	(165, 36.7016387736752)	(170, 36.80845781245468)	(175, 36.354247759375816)	(180, 36.164231226614845)	(185, 36.32138527134032)	(190, 36.18514951996983)	(195, 36.26713461148012)	(200, 36.08736839052122)	(205, 36.25257417988804)	(210, 36.08555268729878)	(215, 35.36763639527801)	(220, 35.88684050236389)	(225, 35.2147228587174)	(230, 35.63787452504568)	(235, 34.86265046262726)	(240, 34.529158569481105)	(245, 34.508779766220954)	(250, 34.796101748992086)	(255, 34.307149693998895)	(260, 34.108095251907066)	(265, 34.406537691794526)	(270, 33.35327319662384)	(275, 32.36211387301679)	(280, 32.47289497346057)	(285, 33.21909098819502)	(290, 30.819613075383593)	(295, 29.232103272297923)	(300, 24.96438011961304)
583B0_S131_L001_R2_001	(1, 33.179249934739104)	(2, 33.50143573976854)	(3, 33.46561475766453)	(4, 33.469675435797775)	(5, 33.47521536096528)	(6, 36.95747889897613)	(7, 36.98251007918322)	(8, 36.40960640426951)	(9, 37.02360994286046)	(10, 36.95325579371755)	(15, 37.057945876961455)	(20, 36.667616091887346)	(25, 36.702688749021085)	(30, 36.738074658467966)	(35, 36.76436464889636)	(40, 36.70988775125446)	(45, 36.58712184934884)	(50, 36.51335092960524)	(55, 36.278133248252466)	(60, 36.46785973257535)	(65, 36.45061345244656)	(70, 36.3425472053833)	(75, 36.28265220291789)	(80, 36.11804391333353)	(85, 36.4835455521072)	(90, 36.326617745163446)	(95, 36.176946950140675)	(100, 36.051384981291875)	(105, 36.44862952113003)	(110, 35.624607709487485)	(115, 35.98364706906053)	(120, 35.265318908257676)	(125, 35.87950227688024)	(130, 35.806810337326326)	(135, 35.07885836934768)	(140, 34.9984511413406)	(145, 35.23431853119472)	(150, 34.44882675406792)	(155, 34.692537053687964)	(160, 33.53092206398468)	(165, 32.797244539838154)	(170, 32.75764132610146)	(175, 33.47056878498709)	(180, 33.69131304927923)	(185, 32.68455492067175)	(190, 32.06386866606723)	(195, 32.32764451663428)	(200, 32.20502363894771)	(205, 29.58890854772747)	(210, 30.249232821881254)	(215, 29.216602372596224)	(220, 27.897804333323666)	(225, 27.14591176726513)	(230, 25.679728514661953)	(235, 23.402419003973662)	(240, 23.627943266525513)	(245, 26.269043130202743)	(250, 25.739362473533085)	(255, 21.78880413028976)	(260, 21.941619050381416)	(265, 19.209710821707226)	(270, 18.541352205818374)	(275, 21.213098587464106)	(280, 17.229480523247382)	(285, 18.60773269135946)	(290, 16.629002111001558)	(295, 15.333455679014179)	(300, 12.680911860909983)
583B14_S132_L001_R1_001	(1, 33.90311948596731)	(2, 33.89336485001831)	(3, 33.877451143589575)	(4, 33.89359789592835)	(5, 33.886007257715484)	(6, 37.80600592602457)	(7, 37.74940906215667)	(8, 37.73026600526018)	(9, 37.616373139794256)	(10, 37.66679095781869)	(15, 37.4673502680028)	(20, 37.632439990678165)	(25, 37.48459566534607)	(30, 37.50750740753071)	(35, 37.54055331757498)	(40, 37.172047807703834)	(45, 37.44200818989913)	(50, 37.35118686952758)	(55, 37.37110230715451)	(60, 37.26258947298332)	(65, 37.03897840574686)	(70, 37.18438540418165)	(75, 37.084165667865236)	(80, 37.44938740178452)	(85, 37.10815687841257)	(90, 37.05721800506059)	(95, 36.6956052736716)	(100, 37.12446397656146)	(105, 36.98942209828756)	(110, 36.781281837855836)	(115, 37.016327617779254)	(120, 37.13098052272349)	(125, 36.75850840685867)	(130, 36.80245047444648)	(135, 36.525413684035286)	(140, 36.48922923256201)	(145, 36.33628766439155)	(150, 36.302007657732645)	(155, 36.462413850507744)	(160, 36.22919260862327)	(165, 36.3864890960546)	(170, 36.51848177126685)	(175, 36.07990677542867)	(180, 35.97488929582154)	(185, 35.98887298152155)	(190, 35.93715332112536)	(195, 35.961571499916765)	(200, 35.734036956883635)	(205, 35.723296154486434)	(210, 35.726598967870814)	(215, 35.07716330947228)	(220, 35.38704178458465)	(225, 34.61060762443815)	(230, 35.20022640253038)	(235, 34.319653737306474)	(240, 34.15166971866156)	(245, 34.164381554852675)	(250, 34.133364408190445)	(255, 33.5804894289995)	(260, 33.415208922923256)	(265, 33.5354686199434)	(270, 32.68245713334443)	(275, 31.39322124188447)	(280, 31.762370567671052)	(285, 32.48815049109372)	(290, 29.792302313967035)	(295, 28.716919798010075)	(300, 23.975461908438312)
583B14_S132_L001_R2_001	(1, 32.974331657622265)	(2, 33.379764956553586)	(3, 33.36055531511136)	(4, 33.34294370276659)	(5, 33.41285747577987)	(6, 36.778906015913705)	(7, 36.70619569197989)	(8, 36.234344308685955)	(9, 36.897493091853384)	(10, 36.701261777141525)	(15, 36.89009554882312)	(20, 36.37339947398209)	(25, 36.44664247428172)	(30, 36.51122948363685)	(35, 36.53059892798881)	(40, 36.36492326131105)	(45, 36.25232879448679)	(50, 36.307873622532206)	(55, 35.97062955687984)	(60, 36.18065053101175)	(65, 36.16084552982604)	(70, 35.92868557730723)	(75, 35.856838460514055)	(80, 35.67866560127847)	(85, 36.117485683846056)	(90, 36.10429484618458)	(95, 35.780616593421236)	(100, 35.62965108536423)	(105, 36.09473825150455)	(110, 35.06732145829865)	(115, 35.60060595971366)	(120, 34.972305643416014)	(125, 35.525779923422675)	(130, 35.460203096387545)	(135, 34.683462626935246)	(140, 34.398175461961046)	(145, 34.78905277176627)	(150, 34.079580489429006)	(155, 34.25962377226569)	(160, 33.16757116697187)	(165, 32.096733810554355)	(170, 32.09883136340936)	(175, 32.84844348260363)	(180, 32.69726652239054)	(185, 31.954712835025806)	(190, 31.462327284834355)	(195, 31.774742800066587)	(200, 31.537539537206595)	(205, 28.977859164308306)	(210, 29.263912102547028)	(215, 28.517509572165807)	(220, 27.534396537373066)	(225, 26.515851506575665)	(230, 25.157209921757946)	(235, 22.962377226569004)	(240, 22.64989512235725)	(245, 25.56861661395039)	(250, 25.18235392042617)	(255, 21.60847677709339)	(260, 21.33499583818878)	(265, 18.75988013983686)	(270, 17.78614949225903)	(275, 19.615428666555683)	(280, 17.32924255035791)	(285, 18.602030963875478)	(290, 16.376729329162366)	(295, 15.176386116790491)	(300, 12.82510040373819)
586A0_S109_L001_R1_001	(1, 33.90147944013344)	(2, 33.91097976648053)	(3, 33.879287838131845)	(4, 33.89350206686489)	(5, 33.9110522880557)	(6, 37.80078323301182)	(7, 37.75201247371093)	(8, 37.74911161070418)	(9, 37.646783668141275)	(10, 37.69230546087461)	(15, 37.54627601711509)	(20, 37.674421640438034)	(25, 37.53763869751251)	(30, 37.557828704039444)	(35, 37.574806004786424)	(40, 37.28285922760982)	(45, 37.520579303589834)	(50, 37.46347778785132)	(55, 37.442690843155034)	(60, 37.36492118996564)	(65, 37.15716254442591)	(70, 37.28537027634728)	(75, 37.206585914267066)	(80, 37.488663233480814)	(85, 37.267810256038295)	(90, 37.20801479654747)	(95, 36.95718430405454)	(100, 37.24579676506854)	(105, 37.128613911655904)	(110, 36.99007760934213)	(115, 37.1974178574019)	(120, 37.29345035178066)	(125, 37.0006092696018)	(130, 37.02700369913687)	(135, 36.83747733372017)	(140, 36.7470733299485)	(145, 36.571371581925)	(150, 36.50442445782259)	(155, 36.75400531093403)	(160, 36.48973270953469)	(165, 36.63241576904943)	(170, 36.78436151307439)	(175, 36.348667174409755)	(180, 36.275392594204476)	(185, 36.26668117361187)	(190, 36.194719471947195)	(195, 36.22919522721502)	(200, 35.928488013636525)	(205, 36.04833714140644)	(210, 36.00578101766221)	(215, 35.364769883581765)	(220, 35.726326478801724)	(225, 35.046676096181045)	(230, 35.441845283429444)	(235, 34.875283792115475)	(240, 34.43221992528923)	(245, 34.57860225582998)	(250, 34.36982555398397)	(255, 34.1068799187611)	(260, 33.8001870563039)	(265, 33.88531843899608)	(270, 33.02368344697519)	(275, 31.638502828956916)	(280, 31.974902074568398)	(285, 32.600739881038734)	(290, 30.21392073171537)	(295, 28.725449157699995)	(300, 24.34951388138522)
586A0_S109_L001_R2_001	(1, 33.20030459061571)	(2, 33.376532018275434)	(3, 33.44611646964972)	(4, 33.47280440931177)	(5, 33.54253390383639)	(6, 37.00768728696787)	(7, 36.970665022844294)	(8, 37.05558778736674)	(9, 37.11371382986439)	(10, 36.98088331278556)	(15, 37.158981797084635)	(20, 36.73304082964682)	(25, 36.77745304228008)	(30, 36.81980564217855)	(35, 36.82799332801508)	(40, 36.80803954879043)	(45, 36.594539614117785)	(50, 36.59944877606527)	(55, 36.34384043517679)	(60, 36.52520870508773)	(65, 36.46186262421122)	(70, 36.37430913179081)	(75, 36.34918401392616)	(80, 36.09173134111845)	(85, 36.49029520562849)	(90, 36.35493580909552)	(95, 36.262471893813014)	(100, 36.040349604700076)	(105, 36.53237832740988)	(110, 35.60517153840574)	(115, 35.982483498948284)	(120, 35.28433306738232)	(125, 35.953231304852395)	(130, 35.896293609922395)	(135, 35.16490171901066)	(140, 34.89471966345108)	(145, 35.35295568288968)	(150, 34.594668890984266)	(155, 34.8117190811346)	(160, 33.5933848329888)	(165, 32.63274217531643)	(170, 32.59207920792079)	(175, 33.21345519167302)	(180, 33.47458020527328)	(185, 32.42808544590723)	(190, 31.9043992311319)	(195, 32.132288833278935)	(200, 32.07930946940848)	(205, 29.61636383418562)	(210, 29.529953215101727)	(215, 28.805715736408807)	(220, 27.6013201320132)	(225, 26.788662822326195)	(230, 25.446922714249446)	(235, 23.07536358031407)	(240, 22.892909730533493)	(245, 25.36075145976136)	(250, 25.133942625031732)	(255, 21.46301816994886)	(260, 21.57218656589212)	(265, 18.89210793558683)	(270, 18.16298418685623)	(275, 20.572203684897723)	(280, 16.668598578267808)	(285, 18.266016248367908)	(290, 16.316139561874365)	(295, 14.995266924786716)	(300, 12.484699678579984)
586A14_S110_L001_R1_001	(1, 33.82811176968671)	(2, 33.90966823185282)	(3, 33.876760834423834)	(4, 33.877184204449236)	(5, 33.88395812485567)	(6, 37.79889923793395)	(7, 37.76510661227003)	(8, 37.6899776768532)	(9, 37.65229774459241)	(10, 37.669240243245326)	(15, 37.48995458394273)	(20, 37.63439304133631)	(25, 37.50060811330921)	(30, 37.53691786621507)	(35, 37.56312831960588)	(40, 37.20838272650296)	(45, 37.48027865445308)	(50, 37.39864521591871)	(55, 37.40963744130551)	(60, 37.30690478023247)	(65, 37.08065583865753)	(70, 37.207197290431836)	(75, 37.1337849280271)	(80, 37.473928104072044)	(85, 37.1696867061812)	(90, 37.098306519898394)	(95, 36.831852821183894)	(100, 37.15994919559695)	(105, 37.02540989916096)	(110, 36.84704795627742)	(115, 37.10668924640136)	(120, 37.18922386189435)	(125, 36.877071706246866)	(130, 36.87636349640121)	(135, 36.65047534736924)	(140, 36.58545860436473)	(145, 36.44605673376698)	(150, 36.35850814056426)	(155, 36.55030214387437)	(160, 36.29847196027867)	(165, 36.46814210384512)	(170, 36.622377891536125)	(175, 36.20428005080636)	(180, 36.05887379238675)	(185, 36.09768677110196)	(190, 36.03846657172549)	(195, 36.02247026673338)	(200, 35.732727762595744)	(205, 35.806956135510994)	(210, 35.83570493570493)	(215, 35.12839762839763)	(220, 35.45422345422345)	(225, 34.72085932085932)	(230, 35.18023408023408)	(235, 34.47519827519828)	(240, 34.273381073381074)	(245, 34.25334565334565)	(250, 34.1026488026488)	(255, 33.61956571956572)	(260, 33.43366713680501)	(265, 33.54193970661841)	(270, 32.71702152235013)	(275, 31.410587918222774)	(280, 31.520417356485588)	(285, 32.39561852693181)	(290, 29.97652660442339)	(295, 28.6458129956739)	(300, 24.17036233320392)
586A14_S110_L001_R2_001	(1, 33.202640289431145)	(2, 33.38199522746517)	(3, 33.460164729428065)	(4, 33.47848510507274)	(5, 33.56365945654684)	(6, 37.07713032099146)	(7, 37.03221461011469)	(8, 37.07320452621045)	(9, 37.20194750211685)	(10, 37.02483257639905)	(15, 37.136017242706494)	(20, 36.70620429528135)	(25, 36.79550458009391)	(30, 36.85322915864829)	(35, 36.842398583634825)	(40, 36.746509121699646)	(45, 36.55914094373028)	(50, 36.64114386883227)	(55, 36.30614271418675)	(60, 36.5611423293049)	(65, 36.52788084058194)	(70, 36.3251789700562)	(75, 36.32938187976291)	(80, 36.12834269879147)	(85, 36.51431760449542)	(90, 36.41992918174121)	(95, 36.215433761835115)	(100, 35.994965745516126)	(105, 36.520098529751365)	(110, 35.61779693634055)	(115, 36.01989069355708)	(120, 35.4698911470128)	(125, 36.00665101420269)	(130, 35.93555290404527)	(135, 35.26384665717255)	(140, 35.05992840922212)	(145, 35.371663908240635)	(150, 34.667610946460876)	(155, 34.732165813479085)	(160, 33.814941688156736)	(165, 32.81510334475193)	(170, 32.82399445748816)	(175, 33.5747122897502)	(180, 33.47239906085217)	(185, 32.79008506216081)	(190, 32.126823447904236)	(195, 32.53220430314461)	(200, 32.30883337823794)	(205, 29.82369099494384)	(210, 30.022093023255813)	(215, 29.384352379485602)	(220, 28.00866317572771)	(225, 27.454512551979054)	(230, 25.913753272755276)	(235, 23.751509317726782)	(240, 23.392823040197136)	(245, 26.080232558139535)	(250, 25.935353457569693)	(255, 22.087078392114584)	(260, 22.160179682875913)	(265, 19.494374494628623)	(270, 18.715205421431598)	(275, 20.713072272919796)	(280, 17.78641561741943)	(285, 18.888052058064762)	(290, 16.7738880414255)	(295, 15.36755074780173)	(300, 12.776065023046911)
586B0_S111_L001_R1_001	(1, 33.79669612559198)	(2, 33.85539023753589)	(3, 33.85882089719208)	(4, 33.88410336726703)	(5, 33.860424357683556)	(6, 37.79792668829474)	(7, 37.69127792072193)	(8, 37.67889771413655)	(9, 37.61654920386322)	(10, 37.641443860237914)	(15, 37.45694895029273)	(20, 37.59295223179326)	(25, 37.42891449453705)	(30, 37.447119364582164)	(35, 37.46284819331021)	(40, 37.087399783719285)	(45, 37.389730394898756)	(50, 37.33645821680277)	(55, 37.322929485028155)	(60, 37.20857664914047)	(65, 37.05618078084797)	(70, 37.154126114032145)	(75, 37.002446209493975)	(80, 37.298937241302156)	(85, 37.03809523809524)	(90, 37.04147369206102)	(95, 36.73113323637991)	(100, 37.07984487451989)	(105, 36.945131819368314)	(110, 36.778662788529665)	(115, 36.968452847074616)	(120, 36.97313644330089)	(125, 36.67350561211172)	(130, 36.70060782339561)	(135, 36.4550397136145)	(140, 36.39338479322818)	(145, 36.16589476824402)	(150, 36.10162956333669)	(155, 36.358615803408284)	(160, 36.090770779729276)	(165, 36.23690942312712)	(170, 36.37641048588581)	(175, 35.74162658015438)	(180, 35.64796211358466)	(185, 35.68717604504606)	(190, 35.521855539396654)	(195, 35.519081179848605)	(200, 35.34802550620875)	(205, 35.31263750605958)	(210, 35.515941380467616)	(215, 34.61948018048253)	(220, 35.16693142409665)	(225, 34.226252004325616)	(230, 34.79338479322818)	(235, 33.985061714584035)	(240, 33.640817391952865)	(245, 33.64968490136854)	(250, 33.092814259611444)	(255, 32.88176902710967)	(260, 32.75043442592385)	(265, 32.32308610209942)	(270, 31.82751239885148)	(275, 29.906350449341836)	(280, 30.545877614945745)	(285, 30.671581459521946)	(290, 28.46207057257875)	(295, 26.58879172825187)	(300, 23.44434338407988)
586B0_S111_L001_R2_001	(1, 33.22660998620278)	(2, 33.417869262035275)	(3, 33.48506544356192)	(4, 33.531081030689485)	(5, 33.56986240071596)	(6, 37.09501435656487)	(7, 37.008166461572884)	(8, 37.094231271208564)	(9, 37.223701383450795)	(10, 37.042592385427156)	(15, 37.160666741246224)	(20, 36.79680053697281)	(25, 36.841510981839875)	(30, 36.886340753999335)	(35, 36.826580154379684)	(40, 36.8201886862811)	(45, 36.61772010291979)	(50, 36.7004362904128)	(55, 36.448558750046615)	(60, 36.547555654994966)	(65, 36.45330946787486)	(70, 36.3290748405862)	(75, 36.347466159525666)	(80, 35.95157549315733)	(85, 36.570324793973974)	(90, 36.30648469254577)	(95, 36.25084088451356)	(100, 35.88972666592087)	(105, 36.52988775776559)	(110, 35.427594436365)	(115, 35.75033747249879)	(120, 35.16461945780661)	(125, 35.88773539172913)	(130, 35.70362083752843)	(135, 34.89667002274676)	(140, 34.48918969310512)	(145, 35.21785434612373)	(150, 34.51117574672782)	(155, 34.72852295185889)	(160, 33.003669314240966)	(165, 32.115598314502)	(170, 31.741097065294404)	(175, 32.01528135138159)	(180, 32.868978632956704)	(185, 31.393809896707307)	(190, 31.245232501771262)	(195, 31.31072826938136)	(200, 31.20777864787262)	(205, 29.24526233359436)	(210, 27.945303352351125)	(215, 28.16368721333482)	(220, 26.73391505388373)	(225, 26.262967520602604)	(230, 24.702338069135248)	(235, 22.28736249394041)	(240, 21.724547861431184)	(245, 24.008255957042174)	(250, 24.045262333594362)	(255, 20.091016892269828)	(260, 20.809180743558194)	(265, 17.788462542417125)	(270, 17.16912406309431)	(275, 20.780355744490436)	(280, 16.121154491553867)	(285, 17.326568967446025)	(290, 15.750453004065474)	(295, 14.483817411300095)	(300, 12.116978553563632)
586B14_S112_L001_R1_001	(1, 33.741103448275865)	(2, 33.85977011494253)	(3, 33.823770114942526)	(4, 33.8776091954023)	(5, 33.81158620689655)	(6, 37.725287356321836)	(7, 37.633425287356324)	(8, 37.55783908045977)	(9, 37.470436781609195)	(10, 37.5191908045977)	(15, 37.28278620689655)	(20, 37.472983908045975)	(25, 37.25451034482759)	(30, 37.26760459770115)	(35, 37.306390804597704)	(40, 36.91372400453872)	(45, 37.21192698514874)	(50, 37.132704951951816)	(55, 37.1157202630006)	(60, 37.01846521679158)	(65, 36.8304289852407)	(70, 36.913982252057565)	(75, 36.740135178628904)	(80, 37.161552255276106)	(85, 36.838466136374095)	(90, 36.71012920134259)	(95, 36.4368292795071)	(100, 36.817122626327645)	(105, 36.67172743574417)	(110, 36.53017610005058)	(115, 36.7007034806198)	(120, 36.78954434686652)	(125, 36.42789093751436)	(130, 36.4988827072509)	(135, 36.21349947124006)	(140, 36.114819072141245)	(145, 35.78715343234172)	(150, 35.74603889834015)	(155, 36.11121430870385)	(160, 35.69360430364615)	(165, 35.945459561359144)	(170, 36.05642558278542)	(175, 35.271157294588264)	(180, 35.17337808634879)	(185, 35.18154397903352)	(190, 35.021591797324014)	(195, 34.97756218676721)	(200, 34.75005747390685)	(205, 34.8252241482367)	(210, 34.85157938296014)	(215, 33.83233252103545)	(220, 34.482569313531656)	(225, 33.46344199733321)	(230, 33.96866982389995)	(235, 33.11489263874201)	(240, 32.53335785553359)	(245, 32.663506368108884)	(250, 32.339353533495796)	(255, 31.980348521771116)	(260, 31.6838843165203)	(265, 31.497779208239457)	(270, 30.55900501172468)	(275, 28.80056094533082)	(280, 29.239275368982483)	(285, 29.700326451790886)	(290, 27.189691480068046)	(295, 25.42634909913148)	(300, 22.09141357568258)
586B14_S112_L001_R2_001	(1, 32.7263908045977)	(2, 33.089333333333336)	(3, 33.261563218390805)	(4, 33.26331034482759)	(5, 33.382666666666665)	(6, 36.61232183908046)	(7, 36.525471264367816)	(8, 36.632137931034485)	(9, 36.7751724137931)	(10, 36.574022988505746)	(15, 36.74362298850575)	(20, 36.223337931034486)	(25, 36.259236781609204)	(30, 36.29076781609195)	(35, 36.26445977011494)	(40, 36.248905138933594)	(45, 36.0014069612396)	(50, 36.124787346544665)	(55, 35.698533265897275)	(60, 35.89023863166123)	(65, 35.76050393121523)	(70, 35.71077290909927)	(75, 35.509742976688585)	(80, 35.19657915306451)	(85, 35.930599108004955)	(90, 35.50857510690146)	(95, 35.45061382132512)	(100, 34.929072601039124)	(105, 35.83211182123317)	(110, 34.46118902018484)	(115, 34.81024414915628)	(120, 33.91998712584486)	(125, 34.953864545496344)	(130, 34.691057060094714)	(135, 33.67604947353901)	(140, 32.911241896179135)	(145, 34.09246402133432)	(150, 33.08150259782059)	(155, 33.35311968366362)	(160, 31.507995769920456)	(165, 30.08247735528071)	(170, 30.08735114258127)	(175, 30.41509034898156)	(180, 31.263892592762886)	(185, 29.783815347832082)	(190, 29.37379189847809)	(195, 29.022051588578783)	(200, 29.143031863533956)	(205, 26.82134351004644)	(210, 26.352917375511517)	(215, 26.168550278173704)	(220, 24.643772127454138)	(225, 23.983842935307372)	(230, 22.727647248149342)	(235, 20.21933882017564)	(240, 20.088289116741)	(245, 22.17164007540577)	(250, 22.213747758517634)	(255, 18.356669272150445)	(260, 18.836847671157294)	(265, 16.213968458319922)	(270, 15.783622235505081)	(275, 19.1839808726838)	(280, 14.8540530599108)	(285, 15.707885420019313)	(290, 14.448839027081704)	(295, 13.61616442001397)	(300, 11.42295764439256)
597A0_S121_L001_R1_001	(1, 33.84234523503724)	(2, 33.92065887490367)	(3, 33.910833547392755)	(4, 33.91687002311842)	(5, 33.88781145646031)	(6, 37.845845106601594)	(7, 37.75805933727203)	(8, 37.69955689699461)	(9, 37.66670947855125)	(10, 37.694342409452865)	(15, 37.50115592088363)	(20, 37.64441947084511)	(25, 37.538678397123036)	(30, 37.508881325455945)	(35, 37.57379912663755)	(40, 37.32861546365271)	(45, 37.48874261494991)	(50, 37.44791292062676)	(55, 37.428390701258664)	(60, 37.339481119958904)	(65, 37.09279575042495)	(70, 37.23079343672735)	(75, 37.1109077481296)	(80, 37.457451112609576)	(85, 37.235847541983745)	(90, 37.15650386924831)	(95, 36.934585621166875)	(100, 37.2388915647176)	(105, 37.05575570754262)	(110, 36.90787014738464)	(115, 37.18590373438654)	(120, 37.24499245416306)	(125, 36.98143403011913)	(130, 37.00608804546768)	(135, 36.771158847895194)	(140, 36.72075907908679)	(145, 36.5306039880551)	(150, 36.50995729377388)	(155, 36.69331792056)	(160, 36.43617506341714)	(165, 36.59720643483287)	(170, 36.739222297145425)	(175, 36.253764890986744)	(180, 36.10806280705134)	(185, 36.158822207237584)	(190, 36.086420704492184)	(195, 36.17157627717304)	(200, 35.991291783065215)	(205, 36.143769065279514)	(210, 36.018546703914204)	(215, 35.23880807886202)	(220, 35.82055678643676)	(225, 35.14434062229073)	(230, 35.53696175705616)	(235, 34.880197797257814)	(240, 34.21464213466911)	(245, 34.465298783033106)	(250, 34.718802952241624)	(255, 34.12538693725516)	(260, 34.005240511206736)	(265, 34.21917667458738)	(270, 33.06657889666688)	(275, 31.977734249566502)	(280, 32.43204033138527)	(285, 33.093359450260095)	(290, 30.62418598677028)	(295, 29.04601548332497)	(300, 24.56826993447632)
597A0_S121_L001_R2_001	(1, 33.19172232211662)	(2, 33.322020292833294)	(3, 33.38212817878243)	(4, 33.37625224762394)	(5, 33.56453891600308)	(6, 36.992004880554845)	(7, 36.89670562548164)	(8, 36.888196763421526)	(9, 37.07407526329309)	(10, 36.97297071667094)	(15, 37.08429874133059)	(20, 36.67033778576933)	(25, 36.687047264320576)	(30, 36.76004366812227)	(35, 36.79015540714102)	(40, 36.75578602620087)	(45, 36.61860390444387)	(50, 36.57034420755202)	(55, 36.29992936039044)	(60, 36.47999614693039)	(65, 36.46713683630145)	(70, 36.31921137976432)	(75, 36.328343447965835)	(80, 36.14971582699162)	(85, 36.506155476351026)	(90, 36.39307067398774)	(95, 36.2355007545837)	(100, 36.15783964293742)	(105, 36.483871174902866)	(110, 35.56555887358315)	(115, 35.972533153517645)	(120, 35.35996532125999)	(125, 35.90129403076133)	(130, 35.830671418938444)	(135, 35.16799280737244)	(140, 34.99323764569887)	(145, 35.31643708056385)	(150, 34.735921394855986)	(155, 34.776810198118355)	(160, 33.74064797867901)	(165, 32.574947821340274)	(170, 32.977593680762936)	(175, 33.59155508460971)	(180, 33.364833188838574)	(185, 32.659499727065466)	(190, 32.23985486305109)	(195, 32.57481295957358)	(200, 32.3429470507016)	(205, 29.712513245352085)	(210, 30.276049192434897)	(215, 29.446809877018914)	(220, 28.15316443502553)	(225, 27.43974568923996)	(230, 25.715660019908164)	(235, 23.419098994958738)	(240, 23.508249044729155)	(245, 26.41559901101371)	(250, 25.686106084570934)	(255, 21.832669706505687)	(260, 22.13878363624687)	(265, 19.132933016505042)	(270, 18.771376276411278)	(275, 21.081927942970907)	(280, 17.355378588401514)	(285, 18.92220795067754)	(290, 16.832039567923392)	(295, 15.478862320965593)	(300, 12.702036189419637)
597A14_S122_L001_R1_001	(1, 33.84074431229687)	(2, 33.911818279224256)	(3, 33.88274581235044)	(4, 33.9118897103468)	(5, 33.88960320011429)	(6, 37.82492231865424)	(7, 37.76913461195043)	(8, 37.713168327440265)	(9, 37.644130147505265)	(10, 37.68521732919032)	(15, 37.501767920282866)	(20, 37.640508589592486)	(25, 37.52094003357262)	(30, 37.54347655273402)	(35, 37.573606200221434)	(40, 37.28814600521447)	(45, 37.480002857244905)	(50, 37.421393621200764)	(55, 37.4441872924033)	(60, 37.34242651523269)	(65, 37.1303502859226)	(70, 37.2477605543253)	(75, 37.136916922637326)	(80, 37.45971140795771)	(85, 37.21141510107865)	(90, 37.1645331809415)	(95, 36.837916994071)	(100, 37.17944138867062)	(105, 37.03635973998143)	(110, 36.91482248732053)	(115, 37.17481962997357)	(120, 37.250560754339595)	(125, 36.929230659332816)	(130, 36.89536395456818)	(135, 36.6282877348382)	(140, 36.59031359382813)	(145, 36.475791127937704)	(150, 36.453596685477535)	(155, 36.64666047574827)	(160, 36.39432816629759)	(165, 36.52663761697264)	(170, 36.669169226373306)	(175, 36.235209657832705)	(180, 36.06889063504536)	(185, 36.08859918565612)	(190, 36.03278091292235)	(195, 36.1047289092078)	(200, 35.83793842417315)	(205, 35.964004571755126)	(210, 35.83774555325381)	(215, 35.13005928994928)	(220, 35.583870276448316)	(225, 34.801992999499966)	(230, 35.3953996714051)	(235, 34.63758839917137)	(240, 34.13068076291164)	(245, 34.22995928280592)	(250, 34.3533109507822)	(255, 33.82504464604615)	(260, 33.66641705248123)	(265, 33.78914130590084)	(270, 32.71201600228604)	(275, 31.477946849549937)	(280, 31.893163309044148)	(285, 32.51467352478925)	(290, 29.86863123303329)	(295, 28.434779381213804)	(300, 23.620866123571524)
597A14_S122_L001_R2_001	(1, 33.29979642130076)	(2, 33.386942390799675)	(3, 33.44715882710097)	(4, 33.428551019679276)	(5, 33.60423586556663)	(6, 37.08371727561698)	(7, 36.99317832779742)	(8, 36.97882067216686)	(9, 37.15150541090753)	(10, 37.058037787063824)	(15, 37.14114075502697)	(20, 36.77127754562663)	(25, 36.803135826279515)	(30, 36.88218150648238)	(35, 36.88566020215007)	(40, 36.83958712811172)	(45, 36.700717882781525)	(50, 36.68284581592199)	(55, 36.41535054823387)	(60, 36.55983427979571)	(65, 36.589380179025866)	(70, 36.416572612329446)	(75, 36.40772198014144)	(80, 36.16456889777841)	(85, 36.57681977284091)	(90, 36.48279877134081)	(95, 36.28898492749482)	(100, 36.16592613758125)	(105, 36.55135366811915)	(110, 35.67829844988928)	(115, 36.12524466033288)	(120, 35.53970997928424)	(125, 36.05291092220873)	(130, 35.98919208514894)	(135, 35.267547681977284)	(140, 35.18964211729409)	(145, 35.478198442745914)	(150, 34.89311379384242)	(155, 34.994885348953495)	(160, 34.044781770126434)	(165, 32.950160725766125)	(170, 33.25701121508679)	(175, 33.782048717765555)	(180, 33.51204371740839)	(185, 32.848117722694475)	(190, 32.55628259161368)	(195, 32.688670619329955)	(200, 32.37790556468319)	(205, 30.00627901992999)	(210, 30.44844631759411)	(215, 29.39454246731909)	(220, 28.42165154653904)	(225, 27.738588470605045)	(230, 26.078377026930497)	(235, 23.816594042431603)	(240, 23.71622973069505)	(245, 26.237874133866704)	(250, 25.78238445603257)	(255, 22.22235159654261)	(260, 22.331380135369862)	(265, 19.45616516645235)	(270, 18.457929704243462)	(275, 20.822567509644237)	(280, 17.58675525075011)	(285, 19.146442348906987)	(290, 16.73569924230491)	(295, 15.397521575000729)	(300, 12.883219308308993)
597B0_S123_L001_R1_001	(1, 33.869662921348315)	(2, 33.892883895131085)	(3, 33.87041198501873)	(4, 33.8814606741573)	(5, 33.904868913857676)	(6, 37.770411985018725)	(7, 37.713857677902624)	(8, 37.679962546816476)	(9, 37.61797752808989)	(10, 37.6450936329588)	(15, 37.48786516853933)	(20, 37.67142322097378)	(25, 37.53056179775281)	(30, 37.61711610486891)	(35, 37.54468164794007)	(40, 37.516441947565546)	(45, 37.522771535580524)	(50, 37.539775280898866)	(55, 37.482771535580525)	(60, 37.26329588014981)	(65, 37.13996254681648)	(70, 37.03078651685393)	(75, 37.08003745318352)	(80, 37.463146067415735)	(85, 37.07670411985019)	(90, 37.10943820224719)	(95, 37.2391011235955)	(100, 37.16059925093633)	(105, 36.98936329588015)	(110, 36.96456928838951)	(115, 37.118352059925094)	(120, 37.174681647940076)	(125, 36.996629213483146)	(130, 36.93119850187266)	(135, 36.59385767790262)	(140, 36.678576779026216)	(145, 36.57041198501873)	(150, 36.64082397003746)	(155, 36.59550561797754)	(160, 36.490337078651685)	(165, 36.664307116104865)	(170, 36.43029962546816)	(175, 36.487153558052434)	(180, 35.98591760299625)	(185, 36.28161048689138)	(190, 36.080299625468164)	(195, 36.27857677902622)	(200, 35.69322097378277)	(205, 36.09883895131086)	(210, 35.462659176029966)	(215, 35.90651685393259)	(220, 35.41737827715356)	(225, 35.034681647940076)	(230, 35.08644194756555)	(235, 34.97677902621722)	(240, 34.28029962546817)	(245, 34.595805243445696)	(250, 34.73621722846442)	(255, 34.240411985018724)	(260, 33.65700374531835)	(265, 33.88228464419476)	(270, 32.919850187265915)	(275, 31.867228464419476)	(280, 32.68760299625468)	(285, 32.64183520599251)	(290, 29.941123595505616)	(295, 28.564467999414592)	(300, 23.277442954979623)
597B0_S123_L001_R2_001	(1, 33.185580524344566)	(2, 33.461985018726594)	(3, 33.416666666666664)	(4, 33.337078651685395)	(5, 33.39756554307116)	(6, 36.93464419475655)	(7, 37.00955056179775)	(8, 37.05898876404494)	(9, 36.973408239700376)	(10, 37.09340823970037)	(15, 36.875280898876404)	(20, 36.75790262172285)	(25, 36.59591760299625)	(30, 36.786292134831456)	(35, 36.57737827715356)	(40, 36.798426966292126)	(45, 36.71797752808989)	(50, 36.56464419475655)	(55, 36.51602996254682)	(60, 36.62805243445693)	(65, 36.55925093632959)	(70, 36.611198501872664)	(75, 36.09681647940075)	(80, 36.25052434456929)	(85, 35.90112359550562)	(90, 36.47149812734083)	(95, 36.23247191011236)	(100, 36.290449438202245)	(105, 36.12868913857678)	(110, 36.02584269662922)	(115, 35.76913857677903)	(120, 35.6241947565543)	(125, 35.41370786516854)	(130, 36.24543071161049)	(135, 35.71797752808989)	(140, 34.690224719101124)	(145, 35.32176029962547)	(150, 34.38086142322098)	(155, 35.04209737827715)	(160, 33.53730337078652)	(165, 33.628389513108615)	(170, 32.60644194756554)	(175, 32.910000000000004)	(180, 34.042397003745315)	(185, 32.323108614232204)	(190, 32.0976404494382)	(195, 32.09647940074906)	(200, 31.831573033707862)	(205, 31.055131086142325)	(210, 28.72419475655431)	(215, 29.876441947565546)	(220, 27.76988764044944)	(225, 28.326554307116105)	(230, 25.417677902621723)	(235, 24.547003745318353)	(240, 22.10247191011236)	(245, 27.03258426966292)	(250, 25.657078651685396)	(255, 23.32423220973783)	(260, 22.16674157303371)	(265, 20.128314606741572)	(270, 18.65921348314607)	(275, 19.71475655430712)	(280, 19.5187265917603)	(285, 16.948988764044945)	(290, 18.414831460674158)	(295, 14.545345622126197)	(300, 10.915658489394058)
597B14_S124_L001_R1_001	(1, 33.89419951957044)	(2, 33.89342235410485)	(3, 33.8885474070934)	(4, 33.90440864773209)	(5, 33.889925109509676)	(6, 37.79751307051011)	(7, 37.75127172530733)	(8, 37.72590787056662)	(9, 37.61855305920588)	(10, 37.67948989684895)	(15, 37.50630917055249)	(20, 37.653560830860535)	(25, 37.52425462766709)	(30, 37.54593047901653)	(35, 37.56563515613961)	(40, 37.24500494559841)	(45, 37.4872262258019)	(50, 37.42488342518017)	(55, 37.434124629080124)	(60, 37.3217394376148)	(65, 37.087106118411754)	(70, 37.22667090575102)	(75, 37.15917055249399)	(80, 37.473428006217326)	(85, 37.16670199236965)	(90, 37.143372898120674)	(95, 36.854785600502126)	(100, 37.17261967850203)	(105, 37.033209680268506)	(110, 36.856166754990284)	(115, 37.108129305776366)	(120, 37.2293446387564)	(125, 36.90056173820879)	(130, 36.92419007242536)	(135, 36.63631867161279)	(140, 36.55959017841371)	(145, 36.45040098922452)	(150, 36.4655149266914)	(155, 36.5898321851263)	(160, 36.342801625154564)	(165, 36.470432785726906)	(170, 36.654562798092215)	(175, 36.26829182123301)	(180, 36.07237590531708)	(185, 36.13425189895778)	(190, 36.095184596361065)	(195, 36.11359123829712)	(200, 35.85033739621976)	(205, 35.85897897897898)	(210, 35.77645645645645)	(215, 35.26340222575517)	(220, 35.46643349231584)	(225, 34.73965730436319)	(230, 35.276311605723365)	(235, 34.562748630983926)	(240, 34.258774068185836)	(245, 34.30545133368663)	(250, 34.25854089383502)	(255, 33.66983218512631)	(260, 33.6462818869979)	(265, 33.784412097230074)	(270, 32.69376766534765)	(275, 31.58901215375919)	(280, 31.94559779536462)	(285, 32.78646283369138)	(290, 30.00398544323923)	(295, 28.811899174646886)	(300, 24.184549022760105)
597B14_S124_L001_R2_001	(1, 33.12134378974142)	(2, 33.25088314257454)	(3, 33.29991521831285)	(4, 33.30669775328529)	(5, 33.5028613819415)	(6, 36.91800904337996)	(7, 36.821817154161366)	(8, 36.7660378691536)	(9, 37.00685318637841)	(10, 36.88629362724318)	(15, 36.97227638830013)	(20, 36.48175780698036)	(25, 36.56379821958457)	(30, 36.660541189769674)	(35, 36.705906457538504)	(40, 36.56552917903066)	(45, 36.449328811643355)	(50, 36.46302811925957)	(55, 36.14971032923555)	(60, 36.325052988554475)	(65, 36.303497244595164)	(70, 36.1135509396637)	(75, 36.04087183834958)	(80, 35.84260986293627)	(85, 36.263409636851776)	(90, 36.225766567754704)	(95, 35.92849557434651)	(100, 35.81972089736796)	(105, 36.23145027380322)	(110, 35.165094506270975)	(115, 35.78885709238651)	(120, 35.18546546546547)	(125, 35.73082494258965)	(130, 35.559215686274506)	(135, 34.91838191132309)	(140, 34.60399222752164)	(145, 35.043815580286164)	(150, 34.4328351881293)	(155, 34.53291644585762)	(160, 33.46483660130719)	(165, 32.23829712065007)	(170, 32.55506094329623)	(175, 33.10058293587706)	(180, 32.86730966260378)	(185, 32.083575340045925)	(190, 31.642063239710303)	(195, 32.080982158629226)	(200, 31.710468115174002)	(205, 28.920127186009534)	(210, 29.683949832185125)	(215, 28.721540363893304)	(220, 27.54942236354001)	(225, 26.639321674615793)	(230, 25.35812753930401)	(235, 23.106263910969794)	(240, 22.87328740505211)	(245, 25.671542130365662)	(250, 25.313110757816638)	(255, 21.60462815756933)	(260, 21.579668497097504)	(265, 18.842566421707183)	(270, 17.848381854154887)	(275, 19.817170717919726)	(280, 17.364386659129455)	(285, 18.6525579423403)	(290, 16.432638496325605)	(295, 15.089858070730049)	(300, 12.642881153511613)
603A0_S13_L001_R1_001	(1, 33.82479238403889)	(2, 33.84074336641685)	(3, 33.89097630139761)	(4, 33.868999392343525)	(5, 33.89467287826616)	(6, 37.74002430625886)	(7, 37.69222199716427)	(8, 37.62127810411181)	(9, 37.513216528256024)	(10, 37.59870366619405)	(15, 37.46595098237796)	(20, 37.6529167510634)	(25, 37.499068260076974)	(30, 37.64718452501519)	(35, 37.4567809388932)	(40, 37.50890768217957)	(45, 37.44124170760115)	(50, 37.49524484731858)	(55, 37.42623183268345)	(60, 37.27151522469546)	(65, 37.096561154722714)	(70, 37.09404195274597)	(75, 37.20813411669368)	(80, 37.43292139384117)	(85, 37.099534035656404)	(90, 37.08099675850892)	(95, 37.2408833063209)	(100, 37.09322325769854)	(105, 37.02091774716369)	(110, 36.975455834683956)	(115, 37.083559562398705)	(120, 36.98754051863857)	(125, 36.88486628849271)	(130, 36.83070606811302)	(135, 36.60347464924276)	(140, 36.556592209897175)	(145, 36.43998379172365)	(150, 36.45827888365497)	(155, 36.52517854429418)	(160, 36.35931722635871)	(165, 36.48536696550676)	(170, 36.46954363571898)	(175, 36.39363825153219)	(180, 36.01073798308261)	(185, 36.19601884212126)	(190, 36.012024515017984)	(195, 36.05780767411947)	(200, 35.32318524897422)	(205, 35.71527342817963)	(210, 35.536592532549776)	(215, 35.57593596433457)	(220, 35.057014033132376)	(225, 34.71322762044683)	(230, 34.76578347434014)	(235, 34.73513349207153)	(240, 34.24290997517605)	(245, 34.24833071584173)	(250, 34.21145954708952)	(255, 33.73226725650888)	(260, 33.08511500658628)	(265, 33.63473502887831)	(270, 32.452730773127975)	(275, 31.347694801904957)	(280, 32.21292937481001)	(285, 32.108278447664404)	(290, 29.797081771202755)	(295, 28.18455854418056)	(300, 23.302608623099296)
603A0_S13_L001_R2_001	(1, 33.46379380190399)	(2, 33.16877658497063)	(3, 33.07428600364594)	(4, 33.22827628114239)	(5, 33.22321247721288)	(6, 36.60836540409155)	(7, 36.889862264533114)	(8, 36.93639862264533)	(9, 36.92490378772534)	(10, 37.05156977921815)	(15, 36.85124569576666)	(20, 36.67636216325704)	(25, 36.528418067652424)	(30, 36.760076969819735)	(35, 36.35439691272232)	(40, 36.64805793285056)	(45, 36.68474198612448)	(50, 36.498658024003646)	(55, 36.48401276143211)	(60, 36.57181068190503)	(65, 36.53086857432261)	(70, 36.54419197893072)	(75, 36.09522893030794)	(80, 36.11540721231766)	(85, 35.73678079416531)	(90, 36.261233792544566)	(95, 36.11291531604538)	(100, 36.12673859089297)	(105, 35.95507268398926)	(110, 35.96979182495061)	(115, 35.76179911867497)	(120, 35.56143443245708)	(125, 35.39034594539837)	(130, 36.211740870181835)	(135, 35.7222711847237)	(140, 34.67476067466951)	(145, 35.29827280555134)	(150, 34.19552246365801)	(155, 34.92006280707086)	(160, 33.63564807779973)	(165, 33.56074558071215)	(170, 32.93295851694272)	(175, 32.949288355366456)	(180, 33.964129058400445)	(185, 32.55232740718229)	(190, 31.95245909942765)	(195, 32.19665474829422)	(200, 31.38864292589028)	(205, 30.899132082658884)	(210, 28.175925832109023)	(215, 29.418369724910075)	(220, 27.295496225745985)	(225, 28.035989665129943)	(230, 24.867267845382237)	(235, 24.27555600587669)	(240, 21.773524494655256)	(245, 26.35547900096256)	(250, 24.99750747251634)	(255, 23.254632960129694)	(260, 21.961558336288565)	(265, 20.06792644004256)	(270, 18.914088859618015)	(275, 18.89661077055575)	(280, 18.580424540250267)	(285, 16.450417954303663)	(290, 18.23194503756852)	(295, 14.495532206883633)	(300, 11.003894160987624)
603A14_S14_L001_R1_001	(1, 33.8192819685357)	(2, 33.86431020572812)	(3, 33.85462888261396)	(4, 33.868797902379995)	(5, 33.885891488503425)	(6, 37.73946147640177)	(7, 37.65071601452198)	(8, 37.63730334812424)	(9, 37.5315147236789)	(10, 37.558773699072205)	(15, 37.384056070996365)	(20, 37.617819685357)	(25, 37.45973174667205)	(30, 37.611436062928604)	(35, 37.444226503893354)	(40, 37.47806968887095)	(45, 37.410458373254)	(50, 37.438803014570446)	(55, 37.386061522945035)	(60, 37.19483603857044)	(65, 37.04831551341537)	(70, 36.94720597135364)	(75, 37.029453298365944)	(80, 37.374480532580186)	(85, 36.96770223925762)	(90, 36.98883954080546)	(95, 37.17326742661152)	(100, 36.95634015938666)	(105, 36.84132956723494)	(110, 36.796670985111454)	(115, 37.00747540983607)	(120, 36.87159646910466)	(125, 36.71772005044136)	(130, 36.63452206809584)	(135, 36.45687767969735)	(140, 36.3967919293821)	(145, 36.28094829760404)	(150, 36.33692812105927)	(155, 36.37397225725095)	(160, 36.229861286254724)	(165, 36.39180832282472)	(170, 36.314501891551075)	(175, 36.14558385876419)	(180, 35.66840857503153)	(185, 35.89274148802018)	(190, 35.74155863808323)	(195, 35.80111979823455)	(200, 35.07628751576293)	(205, 35.59974779319042)	(210, 35.115732660781845)	(215, 35.37653467843632)	(220, 34.9118789407314)	(225, 34.38326355611601)	(230, 34.52209836065574)	(235, 34.42885245901639)	(240, 33.758547288776796)	(245, 33.78190163934427)	(250, 33.791929382093315)	(255, 33.304605296343)	(260, 32.79607566204287)	(265, 33.107399747793195)	(270, 31.858118537200504)	(275, 30.652781841109707)	(280, 31.652348045397225)	(285, 31.522663303909205)	(290, 28.9542395964691)	(295, 27.622017394282516)	(300, 22.2030454985953)
603A14_S14_L001_R2_001	(1, 33.49132714804357)	(2, 33.22584711577249)	(3, 33.101149657119805)	(4, 33.26316054860831)	(5, 33.27480839048003)	(6, 36.687827753126264)	(7, 36.96419927390077)	(8, 36.97584711577249)	(9, 37.010235982250904)	(10, 37.108743444937474)	(15, 36.91861637757161)	(20, 36.75534489713594)	(25, 36.65113957240823)	(30, 36.83422751109318)	(35, 36.46244042209107)	(40, 36.7466794412788)	(45, 36.751248045988596)	(50, 36.624726754998036)	(55, 36.58773513540774)	(60, 36.64128950841334)	(65, 36.639320119029605)	(70, 36.6362535935845)	(75, 36.163655621122714)	(80, 36.24361728955465)	(85, 35.84416200131134)	(90, 36.37287044892319)	(95, 36.26112484237074)	(100, 36.257735182849935)	(105, 36.105503152585115)	(110, 36.071495586380834)	(115, 35.827268600252204)	(120, 35.77022950819672)	(125, 35.523682219419925)	(130, 36.22487767969735)	(135, 35.744998738965954)	(140, 34.81894577553594)	(145, 35.364015132408575)	(150, 34.37416393442623)	(155, 35.114209331651956)	(160, 33.80863556116016)	(165, 33.81405296343001)	(170, 33.05656494325346)	(175, 33.152918032786886)	(180, 34.115843631778056)	(185, 32.5986078184111)	(190, 32.257513240857506)	(195, 32.53249936948298)	(200, 31.754643127364442)	(205, 30.943374527112233)	(210, 28.545049180327872)	(215, 29.784877679697352)	(220, 27.849916771752838)	(225, 28.189366960907943)	(230, 25.46532156368222)	(235, 24.762955863808322)	(240, 22.195803278688523)	(245, 27.04912988650694)	(250, 25.60690037831022)	(255, 23.786683480453974)	(260, 22.31708448928121)	(265, 20.649704918032786)	(270, 19.270627994955866)	(275, 19.4558789407314)	(280, 19.207394703657)	(285, 17.30619924337957)	(290, 18.78282976040353)	(295, 14.869836048583105)	(300, 10.87065354727098)
603B0_S15_L001_R1_001	(1, 33.844514078912525)	(2, 33.88260217141848)	(3, 33.889663694942186)	(4, 33.853649924971315)	(5, 33.91773325094889)	(6, 37.76454232500662)	(7, 37.67402242033719)	(8, 37.649836702268516)	(9, 37.614264277517876)	(10, 37.585691587960106)	(15, 37.443269485391475)	(20, 37.65821343454851)	(25, 37.502294995145206)	(30, 37.643454850383975)	(35, 37.45871751795802)	(40, 37.50305437853107)	(45, 37.474823446327676)	(50, 37.516843220338984)	(55, 37.42048905367231)	(60, 37.2756623237035)	(65, 37.100269256234824)	(70, 37.049242992716835)	(75, 37.202666078128445)	(80, 37.45303023615096)	(85, 37.09191789891857)	(90, 37.08692120944604)	(95, 37.264956963142794)	(100, 37.148488192452)	(105, 37.057708604879366)	(110, 36.98612165621965)	(115, 37.15479826962126)	(120, 37.13188840822813)	(125, 36.99225743798005)	(130, 36.900838703981634)	(135, 36.64449026413995)	(140, 36.66347945084536)	(145, 36.53365117203019)	(150, 36.58393148810312)	(155, 36.6642917052929)	(160, 36.49014258597096)	(165, 36.67350902750187)	(170, 36.54102326402683)	(175, 36.44603363792876)	(180, 36.07061316381937)	(185, 36.31796230079901)	(190, 36.056442855250964)	(195, 36.15517432544693)	(200, 35.49028298971348)	(205, 36.01310317425279)	(210, 35.50834915448806)	(215, 35.754744138814075)	(220, 35.2831559892269)	(225, 34.882846924809044)	(230, 35.06286370259173)	(235, 35.03306989271049)	(240, 34.395328712084414)	(245, 34.48054218729304)	(250, 34.53981191222571)	(255, 34.00986357013555)	(260, 33.47187072276921)	(265, 33.89144774603736)	(270, 32.76621484392247)	(275, 31.683800609298423)	(280, 32.425590533798406)	(285, 32.36483729966003)	(290, 29.909249856505806)	(295, 28.625114507214242)	(300, 23.029724469652734)
603B0_S15_L001_R2_001	(1, 33.495012799011384)	(2, 33.22226145290846)	(3, 33.122605702180245)	(4, 33.267322799894075)	(5, 33.2603054108924)	(6, 36.68068673316268)	(7, 36.97921264012711)	(8, 37.00719392708977)	(9, 36.99470385735722)	(10, 37.13580192426516)	(15, 36.91866890281578)	(20, 36.77796804660606)	(25, 36.630135051637396)	(30, 36.82144055079883)	(35, 36.46900202962698)	(40, 36.76007238700565)	(45, 36.783359816384184)	(50, 36.61772598870057)	(55, 36.60343396892655)	(60, 36.62919681911926)	(65, 36.60749503420878)	(70, 36.669485764731846)	(75, 36.21827411167513)	(80, 36.248228760731834)	(85, 35.96210823695595)	(90, 36.434024896265555)	(95, 36.2629910832524)	(100, 36.179694535181426)	(105, 36.148946862735166)	(110, 36.090698803690465)	(115, 35.833187657263935)	(120, 35.73294486381495)	(125, 35.49950999867567)	(130, 36.31314174722995)	(135, 35.818552347383104)	(140, 34.92424509977044)	(145, 35.46802048384249)	(150, 34.45868797457179)	(155, 35.13175878509624)	(160, 33.8539819883454)	(165, 33.91088645594208)	(170, 33.16923009005827)	(175, 33.37061628112308)	(180, 34.33864559420802)	(185, 33.042777679675076)	(190, 32.65231326152217)	(195, 32.57353876037436)	(200, 32.09845039954086)	(205, 31.463193677983316)	(210, 28.8662104287165)	(215, 30.14949887412248)	(220, 28.193924676586164)	(225, 29.09986312861495)	(230, 26.145737118636582)	(235, 25.223859773058415)	(240, 22.89200406198949)	(245, 27.317064771071575)	(250, 26.06794118945649)	(255, 24.167936774250517)	(260, 22.977667888206987)	(265, 20.98301028742991)	(270, 19.6143229281646)	(275, 19.88234359132854)	(280, 19.68554020045035)	(285, 17.476153472559496)	(290, 18.96436045741534)	(295, 14.948074411242967)	(300, 11.093912140287896)
603B14_S16_L001_R1_001	(1, 33.87667420420943)	(2, 33.887850060880155)	(3, 33.85980170464428)	(4, 33.821751608975475)	(5, 33.88684988693686)	(6, 37.73391024526005)	(7, 37.629326839450336)	(8, 37.6043659766916)	(9, 37.59501652461297)	(10, 37.558462341276744)	(15, 37.3826404592103)	(20, 37.61837710906245)	(25, 37.45309619064185)	(30, 37.58425813184901)	(35, 37.425738597305994)	(40, 37.46174090850212)	(45, 37.41001130729755)	(50, 37.45294467984045)	(55, 37.389196712042796)	(60, 37.195743213789356)	(65, 37.03224956141912)	(70, 36.98004262908348)	(75, 37.0865283396407)	(80, 37.365844534342514)	(85, 36.996563573883165)	(90, 37.00752533820522)	(95, 37.16025055461307)	(100, 37.01050937404845)	(105, 36.891983122362866)	(110, 36.86810213580408)	(115, 37.02759580669016)	(120, 36.91059202227152)	(125, 36.77265648788551)	(130, 36.68845969811649)	(135, 36.519204837096005)	(140, 36.510966114228545)	(145, 36.317534473008834)	(150, 36.34371221018748)	(155, 36.43516464396016)	(160, 36.26399582408978)	(165, 36.493244595241194)	(170, 36.374144155900645)	(175, 36.17178650659011)	(180, 35.77071642959677)	(185, 35.97866805863674)	(190, 35.750870749170836)	(195, 35.90850008700191)	(200, 35.152618757612665)	(205, 35.659082999826)	(210, 35.26587784931269)	(215, 35.455646424221335)	(220, 35.07372542195928)	(225, 34.57816251957543)	(230, 34.79149084265019)	(235, 34.57185365641449)	(240, 33.98177230608605)	(245, 33.90143994431635)	(250, 33.962239526689)	(255, 33.50590333666856)	(260, 32.968982468351676)	(265, 33.40231435159003)	(270, 32.18161569582808)	(275, 30.91876277896202)	(280, 31.783538521773174)	(285, 31.865863314047072)	(290, 29.191969373994)	(295, 27.75317019261114)	(300, 22.77435164720677)
603B14_S16_L001_R2_001	(1, 33.431640285267)	(2, 33.13206644633849)	(3, 33.01891633327535)	(4, 33.21029744303357)	(5, 33.185467037745696)	(6, 36.56379370325274)	(7, 36.85649678204905)	(8, 36.888719777352584)	(9, 36.92681335884502)	(10, 37.002765698382326)	(15, 36.75238302313446)	(20, 36.616255000869714)	(25, 36.43030092189946)	(30, 36.690989737345625)	(35, 36.3182118670931)	(40, 36.58109420718638)	(45, 36.57244498564843)	(50, 36.45002216394346)	(55, 36.37800200060889)	(60, 36.444781040930685)	(65, 36.44375852302941)	(70, 36.45941360709936)	(75, 35.965260135722986)	(80, 36.007360361927965)	(85, 35.588837654428396)	(90, 36.200817817992)	(95, 36.05601183226031)	(100, 36.07808421785279)	(105, 35.869975639464066)	(110, 35.76650426309378)	(115, 35.52444753784583)	(120, 35.407917174177825)	(125, 35.186001392030626)	(130, 36.039063859404905)	(135, 35.51400730816078)	(140, 34.49785105272316)	(145, 35.168409605011306)	(150, 34.01517313380894)	(155, 34.76964503219071)	(160, 33.38549678092918)	(165, 33.34002088045937)	(170, 32.69785105272316)	(175, 32.74523229511049)	(180, 33.800113102488254)	(185, 32.31861840960501)	(190, 31.698400143160484)	(195, 31.98151128898943)	(200, 31.273223996171748)	(205, 30.523069561056253)	(210, 28.02372645408274)	(215, 29.268621394701352)	(220, 27.130656457997997)	(225, 27.778875016313567)	(230, 24.65913164534934)	(235, 24.153258505177067)	(240, 21.577812581571393)	(245, 26.18270251457409)	(250, 24.812973114069433)	(255, 23.167284434003307)	(260, 21.830018271991648)	(265, 20.073053162794743)	(270, 18.772748629600624)	(275, 19.102662490211433)	(280, 18.901322544157313)	(285, 16.55956669276951)	(290, 18.27930914469677)	(295, 14.579381053088605)	(300, 11.090347663555868)
607A0_S5_L001_R1_001	(1, 33.81558158539907)	(2, 33.84939876250146)	(3, 33.87842938864459)	(4, 33.87691170175507)	(5, 33.89403432307273)	(6, 37.72798381133985)	(7, 37.67210180176674)	(8, 37.62018912713546)	(9, 37.47667042845468)	(10, 37.569988714635954)	(15, 37.43923415184652)	(20, 37.64046386737751)	(25, 37.420049032961046)	(30, 37.551721990893874)	(35, 37.35527924945666)	(40, 37.46818741962242)	(45, 37.440825063241874)	(50, 37.47990659661413)	(55, 37.33544407572693)	(60, 37.19744202438763)	(65, 37.07640213287665)	(70, 36.94110458101428)	(75, 37.15088934729304)	(80, 37.30043980850815)	(85, 36.9474211221775)	(90, 36.955776117079246)	(95, 37.158101581852556)	(100, 36.9817359277162)	(105, 36.87135850525497)	(110, 36.9033086804204)	(115, 36.90987933047879)	(120, 36.78654729466719)	(125, 36.59093032308291)	(130, 36.58539509536784)	(135, 36.32757493188011)	(140, 36.41153415602848)	(145, 36.21048697886255)	(150, 36.12163182685195)	(155, 36.24197905718402)	(160, 36.0075674413173)	(165, 36.19402078710733)	(170, 36.256568959476816)	(175, 35.83284674374246)	(180, 35.67452995445522)	(185, 35.985690373311535)	(190, 35.609630581182614)	(195, 35.62278796371988)	(200, 34.9187979290747)	(205, 35.4595507804897)	(210, 35.35545174977617)	(215, 35.3352174082292)	(220, 34.98113248482535)	(225, 34.509938879588894)	(230, 34.83999688558414)	(235, 34.51503094950753)	(240, 34.12246836334855)	(245, 33.833286615276805)	(250, 33.85007397025616)	(255, 33.62103869812349)	(260, 32.63511640582418)	(265, 33.173159814146956)	(270, 32.19287521899942)	(275, 30.46431769515281)	(280, 31.382713646096942)	(285, 31.322094607747715)	(290, 28.897854779053922)	(295, 27.238530940913773)	(300, 22.17422124712958)
607A0_S5_L001_R2_001	(1, 33.182978557808305)	(2, 33.23286764992022)	(3, 33.368136358329764)	(4, 33.20305872280811)	(5, 33.517842549713976)	(6, 37.14811067439779)	(7, 37.28450791921236)	(8, 36.72471494727011)	(9, 36.913919912830295)	(10, 37.114309063314785)	(15, 36.8922130988053)	(20, 36.77423045491692)	(25, 36.60251391212982)	(30, 36.80682569949799)	(35, 36.46768586182124)	(40, 36.729303177093975)	(45, 36.71961860284102)	(50, 36.42795874683791)	(55, 36.546217540480804)	(60, 36.55661712426123)	(65, 36.57751916864515)	(70, 36.50068890359241)	(75, 36.02300237418752)	(80, 36.069318491417896)	(85, 35.596484686586535)	(90, 36.365335513000154)	(95, 36.17802156187501)	(100, 35.761136870250006)	(105, 35.99822499026858)	(110, 35.87386531724407)	(115, 35.611630984819)	(120, 35.3441494745037)	(125, 35.27638769949397)	(130, 36.16194628260023)	(135, 35.70052938886727)	(140, 34.329183339396664)	(145, 35.16333060843162)	(150, 33.85242710887929)	(155, 34.830433259371716)	(160, 33.34294055821558)	(165, 33.29990268208182)	(170, 32.136603215384014)	(175, 32.019673790338274)	(180, 33.28436295690763)	(185, 31.809365876445174)	(190, 31.493347347113552)	(195, 31.263365642882167)	(200, 30.731698392307994)	(205, 30.16589446338209)	(210, 27.50489722827779)	(215, 28.43608688881968)	(220, 26.463060904167254)	(225, 27.401526123179945)	(230, 24.671587635287707)	(235, 23.559183991279294)	(240, 21.22756570808557)	(245, 24.242445006813316)	(250, 24.150889624294336)	(255, 22.600116799688536)	(260, 21.06021413276231)	(265, 19.477586139770292)	(270, 18.05986373369671)	(275, 18.232485886704303)	(280, 18.063266497956008)	(285, 15.699949386801634)	(290, 17.649437414833564)	(295, 14.080775233241098)	(300, 10.690693177133475)
607A14_S6_L001_R1_001	(1, 33.79513483317252)	(2, 33.844852978518105)	(3, 33.83759077751257)	(4, 33.846935148037176)	(5, 33.87735513686456)	(6, 37.68985831090346)	(7, 37.56416637042304)	(8, 37.56284597024021)	(9, 37.448529785181044)	(10, 37.48199685135341)	(15, 37.286445584277075)	(20, 37.56305926565436)	(25, 37.36126149002082)	(30, 37.51219338784215)	(35, 37.17664923061297)	(40, 37.3557564369509)	(45, 37.33339209363142)	(50, 37.37977550916755)	(55, 37.179521560262074)	(60, 37.03571537406673)	(65, 36.916389028590025)	(70, 36.75466273872409)	(75, 36.87472572125152)	(80, 37.230383990247866)	(85, 36.811479073547346)	(90, 36.74570296627387)	(95, 36.97299878098334)	(100, 36.74334620073141)	(105, 36.706928078017064)	(110, 36.573717766755536)	(115, 36.84324900944834)	(120, 36.56358833688916)	(125, 36.39575332723763)	(130, 36.40079244132886)	(135, 36.168485217921365)	(140, 36.167723255105145)	(145, 35.834054658132686)	(150, 35.98269836431982)	(155, 36.065579599715534)	(160, 35.8860103626943)	(165, 36.01515798029057)	(170, 35.921334958854004)	(175, 35.765335771614346)	(180, 35.38965762470791)	(185, 35.55152900538454)	(190, 35.25573337397755)	(195, 35.05537773713357)	(200, 34.51935778884259)	(205, 35.019743928462546)	(210, 34.46626359109847)	(215, 34.58133319784575)	(220, 34.30245843518932)	(225, 33.54542960215436)	(230, 33.98527513845841)	(235, 33.49172298155581)	(240, 32.860068085971236)	(245, 32.916985925511916)	(250, 33.073431228088005)	(255, 32.65716172958691)	(260, 31.598485849296274)	(265, 31.83599410599055)	(270, 30.853604999745947)	(275, 29.505116609928358)	(280, 30.497515370153955)	(285, 30.425557644428636)	(290, 27.96517453381434)	(295, 26.65900274098349)	(300, 21.63617171822376)
607A14_S6_L001_R2_001	(1, 33.13859123457417)	(2, 33.15687369864405)	(3, 33.31476308973643)	(4, 33.15474074450256)	(5, 33.50581483926667)	(6, 37.07688791833833)	(7, 37.23746889441877)	(8, 36.63521405718348)	(9, 36.85272459499264)	(10, 37.09247879742014)	(15, 36.83192321365091)	(20, 36.69519069625717)	(25, 36.571550454522374)	(30, 36.757442486415115)	(35, 36.23360926311513)	(40, 36.60734345640141)	(45, 36.68798961745149)	(50, 36.53425770734928)	(55, 36.455056122708115)	(60, 36.252750266646345)	(65, 36.49726830949423)	(70, 36.5296322633076)	(75, 35.974725721251524)	(80, 36.05313896789922)	(85, 35.72778342137342)	(90, 36.27246038195856)	(95, 36.0892218610321)	(100, 36.05122917513206)	(105, 35.90218407151564)	(110, 35.86779276601198)	(115, 35.582525652748146)	(120, 35.410535405872196)	(125, 35.11187646042873)	(130, 36.11590978360256)	(135, 35.52252362084731)	(140, 34.1674387889871)	(145, 35.11004774966981)	(150, 33.441024078024995)	(155, 34.68327745606014)	(160, 33.36098750380982)	(165, 33.206380168647776)	(170, 32.065853906329366)	(175, 32.228944427511934)	(180, 33.60620745707609)	(185, 32.00893020420604)	(190, 31.7186242633611)	(195, 31.13912822597033)	(200, 30.782888787278363)	(205, 30.246557943402934)	(210, 27.78285830412031)	(215, 28.763227150332774)	(220, 26.232114411243636)	(225, 27.353561629915664)	(230, 24.28777563255767)	(235, 23.312315821562848)	(240, 21.51796565389696)	(245, 24.82282288385327)	(250, 23.70287572401179)	(255, 21.94978152626766)	(260, 20.544446702570877)	(265, 18.85394776953562)	(270, 17.662077024692614)	(275, 18.07539884158114)	(280, 17.972858449344578)	(285, 15.951905294177422)	(290, 17.296230057920944)	(295, 13.814590882988536)	(300, 10.655080278963089)
607B0_S7_L001_R1_001	(1, 33.82656826568266)	(2, 33.87822878228782)	(3, 33.87832220094353)	(4, 33.85071698818254)	(5, 33.9047596805082)	(6, 37.728805642486805)	(7, 37.65934887196973)	(8, 37.61362044000187)	(9, 37.57961604932505)	(10, 37.579597365593905)	(15, 37.413667149329726)	(20, 37.64829744499976)	(25, 37.46562660563315)	(30, 37.60297071325143)	(35, 37.393434784474856)	(40, 37.484379671150975)	(45, 37.44724402092676)	(50, 37.48911621823617)	(55, 37.363312780269055)	(60, 37.216703413112505)	(65, 37.071238379969174)	(70, 36.9901153828187)	(75, 37.101312654739104)	(80, 37.3282290839445)	(85, 37.01029569766898)	(90, 36.98399588919512)	(95, 37.1564161255664)	(100, 37.02705657028075)	(105, 36.93373195683655)	(110, 36.92206287662914)	(115, 37.03098986312888)	(120, 36.855028728920445)	(125, 36.645489793058346)	(130, 36.70901107114496)	(135, 36.478955481851735)	(140, 36.490157425141305)	(145, 36.319773905731765)	(150, 36.28712103517542)	(155, 36.37616667445228)	(160, 36.22226374550381)	(165, 36.38002522539356)	(170, 36.28944737702621)	(175, 36.10923529686552)	(180, 35.79290886158733)	(185, 36.121165973746905)	(190, 35.71901336073998)	(195, 35.82376903671867)	(200, 35.10539930209283)	(205, 35.70303681554849)	(210, 35.29673892730331)	(215, 35.51595028966548)	(220, 35.06663240515792)	(225, 34.61438983367594)	(230, 34.76666978134928)	(235, 34.5325826948234)	(240, 33.93668473182582)	(245, 33.870500840964304)	(250, 33.87467763034947)	(255, 33.717473369463654)	(260, 32.483797421042794)	(265, 33.33626424967296)	(270, 32.06927677069707)	(275, 30.643954401046535)	(280, 31.46717435993272)	(285, 31.445028966548307)	(290, 28.817678938516167)	(295, 27.31599167462202)	(300, 22.330174942142655)
607B0_S7_L001_R2_001	(1, 33.15820449343734)	(2, 33.208557148862624)	(3, 33.334905880704376)	(4, 33.18230650660937)	(5, 33.489653883880614)	(6, 37.07763090289131)	(7, 37.216964827876126)	(8, 36.680508197487036)	(9, 36.86061936568733)	(10, 37.08184408426363)	(15, 36.83320099023775)	(20, 36.72527441730114)	(25, 36.56351067308141)	(30, 36.76509879022841)	(35, 36.44256629992862)	(40, 36.68654708520179)	(45, 36.70507286995515)	(50, 36.475009342301945)	(55, 36.52144058295964)	(60, 36.52236742118357)	(65, 36.52990143411034)	(70, 36.48756014387817)	(75, 35.96718830289158)	(80, 36.09152146494137)	(85, 35.652291306581965)	(90, 36.349614612042785)	(95, 36.15956462839258)	(100, 35.96936516092866)	(105, 35.985546783762324)	(110, 35.89152146494138)	(115, 35.59592656607652)	(120, 35.29765030130331)	(125, 35.29582846732377)	(130, 36.17164478908768)	(135, 35.63085906479189)	(140, 34.37940860466203)	(145, 35.11378521044518)	(150, 33.98933993553511)	(155, 34.894100060727794)	(160, 33.21718129583782)	(165, 33.244564861961045)	(170, 32.21034241136077)	(175, 31.839856121829307)	(180, 33.428065586023266)	(185, 31.93534825057224)	(190, 31.574259553396246)	(195, 31.67762309632813)	(200, 30.883064635972183)	(205, 30.806942627546256)	(210, 27.938469444963555)	(215, 28.56820220519529)	(220, 26.751859465520464)	(225, 27.50907307045412)	(230, 24.711184825266304)	(235, 23.84529994393571)	(240, 21.49793496542702)	(245, 25.044524387964866)	(250, 24.182012707905063)	(255, 22.809736497850867)	(260, 21.100523266679126)	(265, 19.69130069145954)	(270, 18.27533171369837)	(275, 18.69735563446085)	(280, 18.69875724163708)	(285, 16.239777611661374)	(290, 17.89565501775369)	(295, 14.314294962746832)	(300, 10.59731323982552)
607B14_S8_L001_R1_001	(1, 33.87590796398591)	(2, 33.88047496846592)	(3, 33.87373319994781)	(4, 33.830107433343485)	(5, 33.90244008525075)	(6, 37.73520073072072)	(7, 37.641859858205386)	(8, 37.62576660432343)	(9, 37.60354051585403)	(10, 37.55490409290592)	(15, 37.38896089774259)	(20, 37.62245226392936)	(25, 37.45573485276847)	(30, 37.59246661737201)	(35, 37.367400666209974)	(40, 37.45306335115622)	(45, 37.4346078559311)	(50, 37.48616294749663)	(55, 37.340232285005875)	(60, 37.194431345732525)	(65, 37.028739206458745)	(70, 36.939241277299224)	(75, 37.06070651701036)	(80, 37.378160619507526)	(85, 37.01533107108675)	(90, 36.9847820412425)	(95, 37.1778386844166)	(100, 37.01341686243801)	(105, 36.94992604193857)	(110, 36.804237361872445)	(115, 37.02031671452188)	(120, 36.9165056991212)	(125, 36.70961454798573)	(130, 36.671521795875755)	(135, 36.4517967458453)	(140, 36.47384494909945)	(145, 36.29558861915949)	(150, 36.311624467066906)	(155, 36.440468111024096)	(160, 36.215644305229276)	(165, 36.38665274514922)	(170, 36.36811102410162)	(175, 36.11236429335949)	(180, 35.81976941483576)	(185, 36.02187513595823)	(190, 35.75780726560801)	(195, 35.72760495975636)	(200, 35.21425277354796)	(205, 35.635158133669854)	(210, 35.242854656222804)	(215, 35.249895561357704)	(220, 34.99328111401219)	(225, 34.49691035683203)	(230, 34.782471714534374)	(235, 34.47367275892079)	(240, 33.94793733681462)	(245, 34.056370757180154)	(250, 34.111810269799825)	(255, 33.74082680591819)	(260, 32.8541862489121)	(265, 33.20008703220192)	(270, 32.19976501305483)	(275, 30.924334203655356)	(280, 31.78947780678851)	(285, 31.636988685813748)	(290, 29.295108790252392)	(295, 27.909292058785883)	(300, 22.45780103011642)
607B14_S8_L001_R2_001	(1, 33.07067983123831)	(2, 33.13092079509373)	(3, 33.213344352137796)	(4, 33.09134008960028)	(5, 33.458875212039494)	(6, 37.013744508720805)	(7, 37.16576051498412)	(8, 36.56687399417163)	(9, 36.794484798399374)	(10, 37.002026880083505)	(15, 36.737253707972684)	(20, 36.63640554999783)	(25, 36.42260884694011)	(30, 36.679752946805266)	(35, 36.26687200235643)	(40, 36.559079872362126)	(45, 36.575022837009)	(50, 36.403262429857755)	(55, 36.35931097481404)	(60, 36.30721979367689)	(65, 36.42238197151378)	(70, 36.44695901853302)	(75, 35.83784042460628)	(80, 35.9894457495867)	(85, 35.62857391455668)	(90, 36.22863482119551)	(95, 36.002227442791266)	(100, 35.932184808144086)	(105, 35.85074393108849)	(110, 35.688706168972416)	(115, 35.45598190202732)	(120, 35.35008265900983)	(125, 35.103132341425216)	(130, 36.03671800226225)	(135, 35.51530496824153)	(140, 34.312181327764726)	(145, 35.120012181327766)	(150, 33.77169581484382)	(155, 34.68901940311493)	(160, 33.3894370486383)	(165, 33.325650395893156)	(170, 32.378125815713915)	(175, 32.50830820610349)	(180, 33.73976071350881)	(185, 32.19611920817924)	(190, 32.11307374374592)	(195, 31.820787470089194)	(200, 31.444411572764846)	(205, 30.73632186914073)	(210, 28.142900657064537)	(215, 29.256568469605327)	(220, 27.169426917888693)	(225, 28.10451242330621)	(230, 25.125973630390323)	(235, 23.973169139724117)	(240, 21.997310821983376)	(245, 25.887367825595057)	(250, 24.833993298812064)	(255, 22.95155128149341)	(260, 21.79530046560202)	(265, 19.90659240241939)	(270, 18.498872982028633)	(275, 18.68647143292285)	(280, 18.456690309386012)	(285, 16.8244375788695)	(290, 18.217374714397774)	(295, 14.492978255336974)	(300, 11.089688699824258)
610A0_S21_L001_R1_001	(1, 33.81440739631041)	(2, 33.84017463510679)	(3, 33.8757865000214)	(4, 33.86910927534991)	(5, 33.89697384753671)	(6, 37.74412532637076)	(7, 37.66562513375851)	(8, 37.63253862945683)	(9, 37.53379274921885)	(10, 37.59265505286136)	(15, 37.446971707400586)	(20, 37.664238325557506)	(25, 37.36001369687112)	(30, 37.48418439412747)	(35, 37.41450156229937)	(40, 37.49161494671061)	(45, 37.51307623164833)	(50, 37.518794675341354)	(55, 37.317312418645386)	(60, 37.15751999320463)	(65, 37.05348229955909)	(70, 37.012934691467336)	(75, 37.16639410933688)	(80, 37.2626668753982)	(85, 37.0130319376659)	(90, 36.921363130405005)	(95, 37.13865056939807)	(100, 36.96603987369006)	(105, 36.8375492378832)	(110, 36.86472864143829)	(115, 36.91016912866624)	(120, 36.913286234211085)	(125, 36.76638835367159)	(130, 36.714271034039825)	(135, 36.50838792549775)	(140, 36.571449368443595)	(145, 36.234193962748876)	(150, 36.3854249625348)	(155, 36.336698779704555)	(160, 36.230674373795765)	(165, 36.469543994861915)	(170, 36.504174694926135)	(175, 36.27193320488118)	(180, 36.028747591522155)	(185, 36.19022445831857)	(190, 35.94596214781193)	(195, 36.015611886614714)	(200, 35.37857326368074)	(205, 35.87587565299307)	(210, 35.518528668693534)	(215, 35.6562069113176)	(220, 35.40414507772021)	(225, 34.99140116478246)	(230, 34.97952209660842)	(235, 34.98001027749229)	(240, 34.557673860911265)	(245, 34.086519355943814)	(250, 34.215750256937305)	(255, 33.938651935594386)	(260, 33.53735868448099)	(265, 33.577329564919495)	(270, 32.87852860568688)	(275, 31.06274409044193)	(280, 32.046779719081876)	(285, 31.864225762247344)	(290, 29.909532374100724)	(295, 28.036809853282953)	(300, 22.354929123321455)
610A0_S21_L001_R2_001	(1, 33.03663913024868)	(2, 33.04661216453366)	(3, 33.000171210889015)	(4, 32.905962419209864)	(5, 33.21730942087917)	(6, 36.856824894063266)	(7, 36.849206009502204)	(8, 36.42301930402773)	(9, 36.66404143303514)	(10, 37.01128279758593)	(15, 36.75777939476951)	(20, 36.640166074562345)	(25, 36.44157000385225)	(30, 36.733287677096264)	(35, 36.2239096006506)	(40, 36.574078671403505)	(45, 36.59418739031803)	(50, 36.18845436013443)	(55, 36.39738892218132)	(60, 36.40032548098707)	(65, 36.44673601301314)	(70, 36.34223355538063)	(75, 35.91657177105184)	(80, 35.98049222146417)	(85, 35.54627108485315)	(90, 36.08652281873448)	(95, 35.966709478551245)	(100, 35.06319672392176)	(105, 35.67601147407629)	(110, 35.443147664511706)	(115, 35.268870145994775)	(120, 35.261471935608164)	(125, 34.93911033095004)	(130, 35.833968403476476)	(135, 35.34033480327097)	(140, 33.902264845656546)	(145, 34.8493556535514)	(150, 33.526891295971225)	(155, 34.36661386308173)	(160, 33.080446975210855)	(165, 33.10684591343066)	(170, 32.185554651710405)	(175, 31.94697949222931)	(180, 32.764199169413885)	(185, 31.101389688983016)	(190, 31.112681966090086)	(195, 30.865233772906315)	(200, 30.275398184620656)	(205, 29.328129816749442)	(210, 26.8347591522158)	(215, 28.274288160993358)	(220, 24.637079854420897)	(225, 25.645746092913726)	(230, 22.53245129522586)	(235, 22.316317704988222)	(240, 20.37255405694712)	(245, 23.315187326054378)	(250, 23.100295439948617)	(255, 21.6026204238921)	(260, 19.575850995504176)	(265, 18.680933418968102)	(270, 17.355358595589813)	(275, 17.371603511025477)	(280, 16.92977949047313)	(285, 15.230785698993794)	(290, 17.151076857204025)	(295, 13.63806600375997)	(300, 10.454606759515906)
610A14_S22_L001_R1_001	(1, 33.82251064526695)	(2, 33.87168358991156)	(3, 33.863740583033085)	(4, 33.869882083196856)	(5, 33.89813298395021)	(6, 37.74881264330167)	(7, 37.636586963642316)	(8, 37.60911398624304)	(9, 37.56989027186374)	(10, 37.57033245987553)	(15, 37.390058958401575)	(20, 37.64309695381592)	(25, 37.46952178185391)	(30, 37.588789715034395)	(35, 37.41723186439453)	(40, 37.48417274143124)	(45, 37.473138366427065)	(50, 37.50293599770689)	(55, 37.346341263666524)	(60, 37.17014864256173)	(65, 36.998805261552896)	(70, 36.916879606879604)	(75, 37.05747747747748)	(80, 37.398198198198195)	(85, 37.04022113022113)	(90, 36.983849303849304)	(95, 37.190884520884524)	(100, 37.05292383292383)	(105, 36.9674110001949)	(110, 36.83008313198739)	(115, 37.09459027806217)	(120, 37.00882100004095)	(125, 36.82238420901757)	(130, 36.805847905319624)	(135, 36.5618903312994)	(140, 36.502174536221794)	(145, 36.36928621155657)	(150, 36.55687784102543)	(155, 36.54263483353127)	(160, 36.436266841394)	(165, 36.54514107866825)	(170, 36.423719235021906)	(175, 36.42626643187682)	(180, 35.98823047626848)	(185, 36.13790081493919)	(190, 35.95003071378844)	(195, 35.991555755763954)	(200, 35.384094352758105)	(205, 35.93227404889635)	(210, 35.295024366272166)	(215, 35.6095007985585)	(220, 35.26082968180515)	(225, 34.70177320938613)	(230, 34.92449322249068)	(235, 34.7786150128998)	(240, 34.15291371473033)	(245, 34.20557762398133)	(250, 34.34916032190365)	(255, 33.986968629699405)	(260, 33.22044393480219)	(265, 33.768113686624616)	(270, 32.6507822098452)	(275, 31.464296830207225)	(280, 32.43581783929888)	(285, 32.13653861905152)	(290, 29.72402261813557)	(295, 28.532522055729622)	(300, 22.58744642538874)
610A14_S22_L001_R2_001	(1, 33.014985260399605)	(2, 32.96904683917458)	(3, 32.94214706845725)	(4, 32.88511300360301)	(5, 33.235137569603665)	(6, 36.76039960694399)	(7, 36.84990173599738)	(8, 36.42798067474615)	(9, 36.646863740583036)	(10, 37.010997379626595)	(15, 36.71042417294465)	(20, 36.61184900098264)	(25, 36.415648542417294)	(30, 36.67540124467736)	(35, 36.238048992562966)	(40, 36.58574591004324)	(45, 36.60210465973303)	(50, 36.41365162558348)	(55, 36.35386127262304)	(60, 36.42718041110474)	(65, 36.449832118581604)	(70, 36.42455982311031)	(75, 35.875251822127595)	(80, 36.01822946523627)	(85, 35.615461469167144)	(90, 35.9871017934649)	(95, 35.817279502088276)	(100, 35.735353369912374)	(105, 35.597591775097705)	(110, 35.696417018140124)	(115, 35.36109905409279)	(120, 35.236296629949635)	(125, 34.87165963719749)	(130, 35.83937594693092)	(135, 35.062970394332744)	(140, 34.22581384873674)	(145, 34.87174972359854)	(150, 33.85970271487654)	(155, 34.476286802342244)	(160, 32.97154907661439)	(165, 33.075213955202486)	(170, 32.28946398591376)	(175, 32.253290201056465)	(180, 33.678506203677166)	(185, 32.1352688260104)	(190, 31.974546496867454)	(195, 31.72381966340445)	(200, 31.05140657630728)	(205, 30.526030875066546)	(210, 28.059850128987346)	(215, 29.206183202981045)	(220, 26.866303591171533)	(225, 27.755939560214568)	(230, 25.08424716432578)	(235, 23.989451701404526)	(240, 21.610359936120553)	(245, 26.32367224929364)	(250, 24.885205356046026)	(255, 22.865599279308793)	(260, 21.4190491789853)	(265, 19.807108636009993)	(270, 18.415453912616194)	(275, 18.814233651365626)	(280, 18.592743949879203)	(285, 16.563605093976495)	(290, 18.07489455796241)	(295, 14.30976106431235)	(300, 10.612713902418765)
610B0_S23_L001_R1_001	(1, 33.83099903006789)	(2, 33.889388942774005)	(3, 33.89156159068865)	(4, 33.84713870029098)	(5, 33.910805043646945)	(6, 37.74642095053346)	(7, 37.65835111542192)	(8, 37.63681862269641)	(9, 37.61132880698351)	(10, 37.61018816682832)	(15, 37.43746265761397)	(20, 37.67598836081474)	(25, 37.50685548011639)	(30, 37.63849466537342)	(35, 37.48549920242458)	(40, 37.53041791160607)	(45, 37.5075602060698)	(50, 37.53709399740957)	(55, 37.424401412549955)	(60, 37.243438760657035)	(65, 37.04848837660573)	(70, 37.00583692319634)	(75, 37.16743897232895)	(80, 37.42146932122482)	(85, 37.14955563317422)	(90, 37.06923584429697)	(95, 37.262201340736276)	(100, 37.07967088411084)	(105, 37.01395637662036)	(110, 36.96377396569122)	(115, 37.12210665217729)	(120, 37.111092136924626)	(125, 36.92195917100054)	(130, 36.8986571450749)	(135, 36.638717689979046)	(140, 36.642094232709766)	(145, 36.48285337266165)	(150, 36.61762788170457)	(155, 36.63024916556703)	(160, 36.4992237832803)	(165, 36.61951408833346)	(170, 36.563323759993786)	(175, 36.510126140112554)	(180, 36.12517756646614)	(185, 36.342472346206094)	(190, 36.13257519891325)	(195, 36.21466330293033)	(200, 35.58621385600621)	(205, 36.078641568018625)	(210, 35.53255191150786)	(215, 35.810820881040165)	(220, 35.380671453522226)	(225, 34.97186881428294)	(230, 35.095664661362306)	(235, 35.02746361342907)	(240, 34.4213623132156)	(245, 34.4590801474869)	(250, 34.56382689695323)	(255, 34.13412769260624)	(260, 33.55930914030662)	(265, 34.03800504560451)	(270, 32.93001358431981)	(275, 31.759068503784203)	(280, 32.66876770813119)	(285, 32.37929749660392)	(290, 30.070785949932077)	(295, 28.806304618140302)	(300, 22.947643633699368)
610B0_S23_L001_R2_001	(1, 33.12108632395732)	(2, 33.11084384093113)	(3, 33.0788360814743)	(4, 32.986498545101846)	(5, 33.307701260911735)	(6, 36.86995150339476)	(7, 36.9635305528613)	(8, 36.61846750727449)	(9, 36.76159068865179)	(10, 37.11126285160039)	(15, 36.85369544131911)	(20, 36.74808923375363)	(25, 36.543456838021335)	(30, 36.78632783705141)	(35, 36.39874433645801)	(40, 36.74673858212719)	(45, 36.72789932166791)	(50, 36.558787240982696)	(55, 36.56279250261942)	(60, 36.59700574573575)	(65, 36.59107350772335)	(70, 36.5835053947062)	(75, 36.088838003570594)	(80, 36.18709151595125)	(85, 35.79886672358923)	(90, 36.268990142047656)	(95, 36.0873514134337)	(100, 35.92659809819522)	(105, 35.89543178730837)	(110, 35.89006792159906)	(115, 35.6359014166505)	(120, 35.53573452357849)	(125, 35.257962352027945)	(130, 36.08091597127887)	(135, 35.51351833883175)	(140, 34.590110615175625)	(145, 35.178265088298076)	(150, 34.180989714729286)	(155, 34.831732971084804)	(160, 33.37631670871337)	(165, 33.4535843198137)	(170, 32.69824180089269)	(175, 32.68069399161621)	(180, 33.88645396677534)	(185, 32.39883558453656)	(190, 32.16073591057289)	(195, 32.12485638875951)	(200, 31.508484707343587)	(205, 30.785941623971432)	(210, 28.20947834187238)	(215, 29.44599441080577)	(220, 27.078924080111783)	(225, 27.990420742120783)	(230, 25.41796304921596)	(235, 24.24774103400093)	(240, 21.806916627852818)	(245, 26.42692904828443)	(250, 25.089054494643687)	(255, 23.19756249029654)	(260, 21.753819282720077)	(265, 20.133636081353828)	(270, 18.784295916783112)	(275, 19.105162241887903)	(280, 18.787649433317807)	(285, 16.901412824095637)	(290, 18.45972675050458)	(295, 14.582887123605918)	(300, 10.705842036300483)
610B14_S24_L001_R1_001	(1, 33.881984258089595)	(2, 33.897434651637354)	(3, 33.859780390632594)	(4, 33.82489553979205)	(5, 33.90933825672918)	(6, 37.74293071615975)	(7, 37.63574968419007)	(8, 37.64697308327665)	(9, 37.631619862015356)	(10, 37.58216888543387)	(15, 37.41705373627441)	(20, 37.64894568069187)	(25, 37.438723156155866)	(30, 37.563735302691676)	(35, 37.38495773005539)	(40, 37.46781653872315)	(45, 37.44637061510058)	(50, 37.47358857253911)	(55, 37.336633951996895)	(60, 37.17191720921194)	(65, 36.9901754044993)	(70, 36.92673825372917)	(75, 37.10295903989116)	(80, 37.35527914095525)	(85, 37.06017200330402)	(90, 36.943258345075556)	(95, 37.16058500558767)	(100, 37.004703367183325)	(105, 36.93515378261503)	(110, 36.83055393586005)	(115, 36.9932944606414)	(120, 36.96466472303207)	(125, 36.7635860058309)	(130, 36.764139941690964)	(135, 36.498668610301266)	(140, 36.46569484936832)	(145, 36.345247813411085)	(150, 36.49800777453839)	(155, 36.483255587949465)	(160, 36.35934888241011)	(165, 36.47573372206025)	(170, 36.40732750242954)	(175, 36.34261418853256)	(180, 35.95625850340136)	(185, 36.118056365403305)	(190, 35.91975704567541)	(195, 35.9444120505345)	(200, 35.287725947521864)	(205, 35.78508260447036)	(210, 35.29464016716069)	(215, 35.49064580397493)	(220, 35.105534768453275)	(225, 34.63815540113708)	(230, 34.86867194713057)	(235, 34.70364935128043)	(240, 34.14842314981291)	(245, 33.95227173332038)	(250, 34.07606117128208)	(255, 33.78821071046749)	(260, 33.09377004567985)	(265, 33.56974438720964)	(270, 32.5199300189532)	(275, 31.172376925693737)	(280, 32.192078534285855)	(285, 31.829090732371093)	(290, 29.49551440929193)	(295, 28.185875327066817)	(300, 22.164537715740998)
610B14_S24_L001_R2_001	(1, 32.94922748032261)	(2, 32.868671654844036)	(3, 32.802497327762126)	(4, 32.7589641434263)	(5, 33.13278592945292)	(6, 36.645029637547374)	(7, 36.73486541638325)	(8, 36.28554076377417)	(9, 36.5246331746186)	(10, 36.90340103002624)	(15, 36.597978816441554)	(20, 36.50588864055971)	(25, 36.25321154406763)	(30, 36.56453211544068)	(35, 36.10983383539015)	(40, 36.437304440773495)	(45, 36.45878923331066)	(50, 36.25849771645127)	(55, 36.246428918472446)	(60, 36.311544067631914)	(65, 36.3482921140858)	(70, 36.26757689130751)	(75, 35.73102375977844)	(80, 35.87393226762548)	(85, 35.40757980661776)	(90, 35.832087848015156)	(95, 35.68207570088917)	(100, 35.40019435401584)	(105, 35.43843350663233)	(110, 35.52794946550049)	(115, 35.140126336248784)	(120, 35.09040816326531)	(125, 34.676355685131206)	(130, 35.62413994169096)	(135, 34.88748299319728)	(140, 34.086005830903794)	(145, 34.66951409135082)	(150, 33.69433430515063)	(155, 34.24475218658892)	(160, 32.904723032069974)	(165, 32.865966958211864)	(170, 32.101457725947526)	(175, 32.12829931972789)	(180, 33.367356656948495)	(185, 31.66611273080661)	(190, 31.5190573372206)	(195, 31.420155490767733)	(200, 30.92157434402332)	(205, 30.074655004859085)	(210, 27.801759074784975)	(215, 28.818669517469267)	(220, 26.183254774284467)	(225, 27.109208416346764)	(230, 24.434860780407213)	(235, 23.559648185043006)	(240, 21.238563584236356)	(245, 25.47419213761602)	(250, 24.36472075205293)	(255, 22.475468947419575)	(260, 21.116366993876955)	(265, 19.4101176013218)	(270, 18.090980658956163)	(275, 18.38266109437263)	(280, 18.115550588006606)	(285, 16.191349985421322)	(290, 17.79418796773253)	(295, 14.111143289532823)	(300, 10.701379611907722)
612A0_S41_L001_R1_001	(1, 33.815730337078655)	(2, 33.867109295199185)	(3, 33.840347293156285)	(4, 33.831460674157306)	(5, 33.88079673135853)	(6, 37.74514811031665)	(7, 37.65199182839632)	(8, 37.63186925434116)	(9, 37.60143003064351)	(10, 37.58100102145046)	(15, 37.37538304392237)	(20, 37.62790602655771)	(25, 37.51127681307456)	(30, 37.604657814096015)	(35, 37.47982337714814)	(40, 37.511626481405806)	(45, 37.48401400601408)	(50, 37.518249074914465)	(55, 37.44344218773959)	(60, 37.25259607522486)	(65, 37.04863041700736)	(70, 36.952514309076044)	(75, 37.037919051512674)	(80, 37.41586263286999)	(85, 37.07487735077678)	(90, 37.02289452166803)	(95, 37.23695829926411)	(100, 37.035241210139)	(105, 36.8950067779064)	(110, 36.86433609322294)	(115, 37.104548706940605)	(120, 37.12225288766227)	(125, 36.949790452826335)	(130, 36.842502299908)	(135, 36.58403352754779)	(140, 36.64546662577941)	(145, 36.50215680261679)	(150, 36.541572114893185)	(155, 36.60288255136461)	(160, 36.455627108249004)	(165, 36.6524379024839)	(170, 36.50604109168966)	(175, 36.40750281099867)	(180, 35.9046918123275)	(185, 36.21817438413575)	(190, 36.04139834406624)	(195, 36.17888173361954)	(200, 35.60139016661556)	(205, 36.053071654911584)	(210, 35.40447715424716)	(215, 35.825718082387816)	(220, 35.398528058877645)	(225, 35.07008075232547)	(230, 34.89500153327201)	(235, 34.89166922212)	(240, 34.201042624961666)	(245, 34.636021670244304)	(250, 34.56870080752326)	(255, 34.09453132985792)	(260, 33.56125453103142)	(265, 33.944837456552854)	(270, 32.737967695767736)	(275, 31.712851584645467)	(280, 32.82063183723545)	(285, 32.53859523566098)	(290, 30.288130048052345)	(295, 28.962741473363174)	(300, 22.885897323258945)
612A0_S41_L001_R2_001	(1, 33.38978549540347)	(2, 33.12522982635342)	(3, 32.86843718079673)	(4, 33.1053115423902)	(5, 33.336772216547494)	(6, 36.70020429009193)	(7, 37.03401430030644)	(8, 36.50214504596527)	(9, 36.76894790602656)	(10, 36.98539325842696)	(15, 36.71430030643514)	(20, 36.622553626149134)	(25, 36.445760980592446)	(30, 36.66892747701736)	(35, 36.326191066754106)	(40, 36.612689006947285)	(45, 36.607995697301696)	(50, 36.43430626234322)	(55, 36.42544765608581)	(60, 36.54131234668847)	(65, 36.45517170891251)	(70, 36.467886345053145)	(75, 35.85762469337694)	(80, 36.160813573180704)	(85, 35.66809076042519)	(90, 36.34468520032707)	(95, 36.08381030253475)	(100, 36.213777596075225)	(105, 35.989638750418)	(110, 35.92499233363999)	(115, 35.69900848410508)	(120, 35.57236021670244)	(125, 35.346683021568026)	(130, 36.14073392619851)	(135, 35.73165695594398)	(140, 34.663191250127774)	(145, 35.30638863334355)	(150, 34.330614330982314)	(155, 34.88827558008791)	(160, 33.631973832157826)	(165, 33.7246243483594)	(170, 32.92648471838904)	(175, 33.109087192067875)	(180, 34.1082081161198)	(185, 32.83046100378207)	(190, 32.720903608300105)	(195, 32.45102729224165)	(200, 32.190861698865376)	(205, 31.534907492589184)	(210, 28.959685168148827)	(215, 30.10873965041398)	(220, 28.26458141674333)	(225, 29.292752734335075)	(230, 26.196626801594608)	(235, 24.819033016457116)	(240, 22.568782582030053)	(245, 27.708432996013492)	(250, 26.31184708167229)	(255, 24.063007257487477)	(260, 22.78396416718356)	(265, 21.05285217746882)	(270, 19.58628092414639)	(275, 19.860433717175304)	(280, 19.33252223699008)	(285, 18.110418157652592)	(290, 19.365995297004396)	(295, 15.261066128986466)	(300, 11.156316489947734)
612A14_S42_L001_R1_001	(1, 33.8868545877519)	(2, 33.86911991298831)	(3, 33.87788150699417)	(4, 33.85981449590622)	(5, 33.89869784585637)	(6, 37.7628629263724)	(7, 37.67086618931086)	(8, 37.63334239705127)	(9, 37.576875434303155)	(10, 37.59697271820901)	(15, 37.43800719054956)	(20, 37.66573612495846)	(25, 37.5104323393456)	(30, 37.656503217619864)	(35, 37.45738873941188)	(40, 37.507328734368585)	(45, 37.464561742756146)	(50, 37.52051243315104)	(55, 37.43561652113485)	(60, 37.2704958153307)	(65, 37.02760975314983)	(70, 37.02351874792278)	(75, 37.112753421760274)	(80, 37.458549113212676)	(85, 37.059938967278)	(90, 37.07551741849714)	(95, 37.25934072574554)	(100, 37.11049339819319)	(105, 37.023349548297425)	(110, 36.92211982959181)	(115, 37.12175725896607)	(120, 37.12861588663625)	(125, 36.91075928331873)	(130, 36.85060881650905)	(135, 36.60838142429827)	(140, 36.64232407771097)	(145, 36.505030667432095)	(150, 36.534767501586245)	(155, 36.605154545729214)	(160, 36.36343475239448)	(165, 36.52660966250717)	(170, 36.48449104148412)	(175, 36.355736169441336)	(180, 35.98854276822673)	(185, 36.24456560082048)	(190, 36.02912134396906)	(195, 36.12718647338623)	(200, 35.56365614141109)	(205, 35.94627587248829)	(210, 35.470439643450675)	(215, 35.78049252152893)	(220, 35.25657652213325)	(225, 34.96713702976281)	(230, 35.05045475147303)	(235, 34.939628342649954)	(240, 34.29154252908294)	(245, 34.58340534823992)	(250, 34.56372261670947)	(255, 34.146584076144435)	(260, 33.581967064511254)	(265, 33.969608702220874)	(270, 32.83744976582566)	(275, 31.646339326182204)	(280, 32.69846804653271)	(285, 32.526774437226166)	(290, 30.266022057712643)	(295, 29.113929821832507)	(300, 22.937041449969275)
612A14_S42_L001_R2_001	(1, 33.525061180096074)	(2, 33.2630593069277)	(3, 33.03389830508475)	(4, 33.270219644098006)	(5, 33.46484788060062)	(6, 36.901688872775615)	(7, 37.23429710867398)	(8, 36.69917520166772)	(9, 36.98434998036195)	(10, 37.158149793045105)	(15, 36.922481041723316)	(20, 36.81374059639264)	(25, 36.629384573552066)	(30, 36.85335508625638)	(35, 36.54555122511255)	(40, 36.80117828333182)	(45, 36.779425360282794)	(50, 36.63264751200943)	(55, 36.62452037825916)	(60, 36.689362216381156)	(65, 36.65517387232243)	(70, 36.71426327079368)	(75, 36.18239825976616)	(80, 36.29535031269827)	(85, 35.91436599293031)	(90, 36.53394362367443)	(95, 36.303169280038674)	(100, 36.29443185594731)	(105, 36.19745611649899)	(110, 36.14103749357987)	(115, 35.932892232393726)	(120, 35.815402278014446)	(125, 35.5780597601136)	(130, 36.367527719870694)	(135, 35.94495301972869)	(140, 35.01069518716578)	(145, 35.59883984410405)	(150, 34.53844527024985)	(155, 35.225982658086345)	(160, 34.03998912353847)	(165, 34.06819541375872)	(170, 33.23455089277621)	(175, 33.59372790718753)	(180, 34.478987280582494)	(185, 33.299418023576735)	(190, 33.23477551513686)	(195, 32.932993193723675)	(200, 32.63078828896879)	(205, 31.920657461401333)	(210, 29.414116083028677)	(215, 30.782022539807237)	(220, 29.022944677765356)	(225, 29.84774450856573)	(230, 26.86761337885609)	(235, 25.48530078254827)	(240, 23.3674351149651)	(245, 28.12286309937457)	(250, 26.99075444904372)	(255, 24.67707647218781)	(260, 23.591098891138166)	(265, 21.56113847176481)	(270, 20.07484666283953)	(275, 19.980868356648642)	(280, 19.78017947245974)	(285, 18.302456415989365)	(290, 19.72825440315636)	(295, 15.453387985664474)	(300, 11.247942872353097)
612B0_S43_L001_R1_001	(1, 33.833562138728325)	(2, 33.88497109826589)	(3, 33.8787210982659)	(4, 33.878070809248555)	(5, 33.89486994219653)	(6, 37.750650289017344)	(7, 37.6739161849711)	(8, 37.66510115606936)	(9, 37.624747109826586)	(10, 37.616900289017345)	(15, 37.466387283237)	(20, 37.65243497109826)	(25, 37.4646387283237)	(30, 37.64843208092485)	(35, 37.456470678141876)	(40, 37.50731601575201)	(45, 37.46464106362224)	(50, 37.520546262509484)	(55, 37.439946112107584)	(60, 37.27520774622444)	(65, 36.976060408989085)	(70, 37.02295827928271)	(75, 37.17113744760804)	(80, 37.448785951727125)	(85, 37.02708483884955)	(90, 37.05922821216939)	(95, 37.237621043503395)	(100, 37.07815435756612)	(105, 37.00638097991039)	(110, 36.94189354373286)	(115, 37.06640650406504)	(120, 37.09978629179754)	(125, 36.891978029919784)	(130, 36.85048782250488)	(135, 36.601720026017205)	(140, 36.574676591746766)	(145, 36.51221363012213)	(150, 36.52001879020018)	(155, 36.58979547589796)	(160, 36.387099804871)	(165, 36.50298475102985)	(170, 36.47831899978319)	(175, 36.421984534219845)	(180, 36.00792801907928)	(185, 36.29670448796704)	(190, 36.03590373635903)	(195, 36.211888415118885)	(200, 35.4806099588061)	(205, 35.911274120112736)	(210, 35.502547609583345)	(215, 35.75707059378366)	(220, 34.99992049725354)	(225, 34.85775513154091)	(230, 34.89603209019948)	(235, 34.91132552760913)	(240, 34.1210610002891)	(245, 34.443422954611165)	(250, 34.33366579936397)	(255, 34.07752240531946)	(260, 33.37326539462272)	(265, 33.853960682278114)	(270, 32.75532668401272)	(275, 31.578693263949116)	(280, 32.41175917895345)	(285, 32.53344897369182)	(290, 29.992982075744436)	(295, 28.975049858066722)	(300, 22.797124001802946)
612B0_S43_L001_R2_001	(1, 33.49906069364162)	(2, 33.198013005780346)	(3, 32.94490606936416)	(4, 33.208345375722544)	(5, 33.44450867052023)	(6, 36.86567919075144)	(7, 37.18587427745665)	(8, 36.63442919075145)	(9, 36.934826589595374)	(10, 37.09228323699422)	(15, 36.83277456647399)	(20, 36.71830924855492)	(25, 36.51735549132948)	(30, 36.738179190751445)	(35, 36.42964212920335)	(40, 36.705697460168366)	(45, 36.6643881643123)	(50, 36.51939737707288)	(55, 36.47186102995345)	(60, 36.59335212081798)	(65, 36.561984247416724)	(70, 36.59650512420385)	(75, 36.08679722503253)	(80, 36.092202630437924)	(85, 35.7191068073421)	(90, 36.41083249024425)	(95, 36.20683624801272)	(100, 36.09489810666281)	(105, 36.03678999855471)	(110, 35.91963469351705)	(115, 35.761134598012646)	(120, 35.648263885910275)	(125, 35.404697550046976)	(130, 36.26770253667702)	(135, 35.8184505311845)	(140, 34.78759846787598)	(145, 35.34065187540652)	(150, 34.32227361422274)	(155, 34.968707089687065)	(160, 33.7105803281058)	(165, 33.771222085712225)	(170, 32.96773867167739)	(175, 33.23618558936185)	(180, 34.12711570427116)	(185, 32.95561176555612)	(190, 32.617554383175545)	(195, 32.564161306641616)	(200, 32.02682662426827)	(205, 31.42671099226711)	(210, 28.808737758826293)	(215, 30.220479899182315)	(220, 28.089491182422666)	(225, 29.12302688638335)	(230, 26.06614628505348)	(235, 25.16882046834345)	(240, 22.825130095403296)	(245, 27.3891298063024)	(250, 26.26814830875976)	(255, 24.072708875397517)	(260, 22.78048568950564)	(265, 20.897766695576756)	(270, 19.610277536860362)	(275, 19.271169413125183)	(280, 19.1777175484244)	(285, 17.525021682567218)	(290, 19.167721884937844)	(295, 15.060028141991841)	(300, 11.049636758415776)
612B14_S44_L001_R1_001	(1, 33.82804663791727)	(2, 33.890816163552145)	(3, 33.85417664909759)	(4, 33.87452483628813)	(5, 33.899313208752595)	(6, 37.76412713624022)	(7, 37.68043443539371)	(8, 37.64529627854975)	(9, 37.56613959431401)	(10, 37.60467656923814)	(15, 37.43596869509663)	(20, 37.66402811052548)	(25, 37.471758505031154)	(30, 37.66249480913592)	(35, 37.42912633764574)	(40, 37.517872544321996)	(45, 37.455134566128095)	(50, 37.51328264758497)	(55, 37.41936648610325)	(60, 37.25213484427121)	(65, 36.980046003450255)	(70, 36.99569342832498)	(75, 37.13135682566052)	(80, 37.44962780741829)	(85, 37.007808057250564)	(90, 37.05588319861985)	(95, 37.22547522443373)	(100, 37.07878342544967)	(105, 36.99673492859653)	(110, 36.87499440912431)	(115, 37.06519280534168)	(120, 37.09112807897511)	(125, 36.89039327817003)	(130, 36.81924539152103)	(135, 36.579962301523906)	(140, 36.58621769272547)	(145, 36.48664259927798)	(150, 36.54068560109901)	(155, 36.53942685537203)	(160, 36.37106162742404)	(165, 36.49323024823488)	(170, 36.44404971087185)	(175, 36.362978818568095)	(180, 35.977285070764516)	(185, 36.234688987572284)	(190, 36.027015111338294)	(195, 36.12639212804703)	(200, 35.51618159164244)	(205, 35.88110922973707)	(210, 35.41218491421999)	(215, 35.72638573847481)	(220, 35.04388358199419)	(225, 34.822510462924505)	(230, 34.88370978562985)	(235, 34.87227245135938)	(240, 34.09303856106834)	(245, 34.411271205392794)	(250, 34.36277435225711)	(255, 34.02252963164116)	(260, 33.36904252260312)	(265, 33.80107344813265)	(270, 32.78415386089901)	(275, 31.552410466119294)	(280, 32.44430529376058)	(285, 32.40999968052139)	(290, 30.039212804702725)	(295, 29.06859746301359)	(300, 22.798096700355224)
612B14_S44_L001_R2_001	(1, 33.45743491455039)	(2, 33.133652771122826)	(3, 32.91346430282702)	(4, 33.1796837565884)	(5, 33.41590800191663)	(6, 36.76936591598786)	(7, 37.123462705638076)	(8, 36.532981951764896)	(9, 36.863057019645424)	(10, 37.05036256189108)	(15, 36.77923654368312)	(20, 36.65349944098387)	(25, 36.45381249001757)	(30, 36.666168343715064)	(35, 36.322670499920136)	(40, 36.61887298747764)	(45, 36.597815624761736)	(50, 36.44702424687729)	(55, 36.432213647348554)	(60, 36.49393123974801)	(65, 36.44176224401777)	(70, 36.50495846645367)	(75, 35.92787220447284)	(80, 36.04389776357827)	(85, 35.65738658146965)	(90, 36.34049840255591)	(95, 36.02976357827477)	(100, 36.00555271565495)	(105, 35.96410862619808)	(110, 35.81455591054313)	(115, 35.61620447284345)	(120, 35.504645367412145)	(125, 35.31515015974441)	(130, 36.09507348242811)	(135, 35.67359744408945)	(140, 34.51202555910543)	(145, 35.1898785942492)	(150, 34.057853035143765)	(155, 34.80229392971246)	(160, 33.47063897763579)	(165, 33.56504792332269)	(170, 32.66499041533546)	(175, 33.02033226837061)	(180, 33.92766134185304)	(185, 32.7335910543131)	(190, 32.56166773162939)	(195, 32.29460702875399)	(200, 31.940856230031947)	(205, 31.113706070287538)	(210, 28.63727156549521)	(215, 30.033507987220446)	(220, 28.12447284345048)	(225, 29.029329073482426)	(230, 25.997150159744404)	(235, 24.621399361022366)	(240, 22.61138658146965)	(245, 27.300536741214056)	(250, 26.21177635782748)	(255, 23.870862619808307)	(260, 22.710185303514375)	(265, 20.65511821086262)	(270, 19.330805111821086)	(275, 19.080664536741214)	(280, 18.922894568690094)	(285, 17.60515015974441)	(290, 19.02504153354633)	(295, 14.912675866534958)	(300, 11.061874862200042)
613A0_S49_L001_R1_001	(1, 33.83574776721128)	(2, 33.87421153141336)	(3, 33.8604000694431)	(4, 33.827838969155685)	(5, 33.89525665014178)	(6, 37.75114291776779)	(7, 37.66543855249706)	(8, 37.647730560753075)	(9, 37.605833220809785)	(10, 37.60499604560097)	(15, 37.42776181015027)	(20, 37.65512625142262)	(25, 37.487398005439715)	(30, 37.65059315985417)	(35, 37.46555568676496)	(40, 37.51948608137045)	(45, 37.46301290583946)	(50, 37.51046163936956)	(55, 37.4254657000051)	(60, 37.253325519205944)	(65, 37.05123376999209)	(70, 37.028445199004494)	(75, 37.191765863446065)	(80, 37.407412266316825)	(85, 37.05946404800031)	(90, 37.09985144599001)	(95, 37.25901662739598)	(100, 37.12008411791943)	(105, 37.01654962185522)	(110, 36.999637289705205)	(115, 37.11406081185369)	(120, 37.052311313474306)	(125, 36.931957092143854)	(130, 36.875378144775425)	(135, 36.627562123784536)	(140, 36.600960796419194)	(145, 36.524494520759376)	(150, 36.56335854298503)	(155, 36.558859391881455)	(160, 36.455768637135364)	(165, 36.55072156196944)	(170, 36.3774926686217)	(175, 36.47146936255594)	(180, 36.035221484797034)	(185, 36.329097854607184)	(190, 36.10353012302092)	(195, 36.26987710057687)	(200, 35.46208253747757)	(205, 36.00278211880921)	(210, 35.46815612278366)	(215, 35.75392561109079)	(220, 35.080266255064636)	(225, 34.76941539648852)	(230, 34.91792398224966)	(235, 35.015454370055956)	(240, 34.11494501254101)	(245, 34.3027474435655)	(250, 34.486586918772915)	(255, 33.86013505691684)	(260, 33.26942697279568)	(265, 33.75484082577658)	(270, 32.793424657534246)	(275, 31.753621454755933)	(280, 32.404564923789316)	(285, 32.370214161682426)	(290, 29.82712328767123)	(295, 28.84452447840343)	(300, 22.794217514518074)
613A0_S49_L001_R2_001	(1, 33.18147798074883)	(2, 33.25097895488127)	(3, 33.12814181825196)	(4, 33.27123319380413)	(5, 33.192974672556474)	(6, 36.49416485021508)	(7, 36.79545147663047)	(8, 36.8915530178816)	(9, 36.97534769776818)	(10, 37.10086610983585)	(15, 36.87151096622365)	(20, 36.71716980768118)	(25, 36.58066395324164)	(30, 36.8027430026427)	(35, 36.50204658226039)	(40, 36.745444373709894)	(45, 36.724590543434225)	(50, 36.60833381561433)	(55, 36.559945352036564)	(60, 36.619134784518096)	(65, 36.59364111666313)	(70, 36.632168695618624)	(75, 36.16321262516158)	(80, 36.194806397468795)	(85, 35.88373044199641)	(90, 36.36497598055293)	(95, 36.21419706231983)	(100, 36.114164994597935)	(105, 36.07522379996913)	(110, 35.995894428152496)	(115, 35.78550316406853)	(120, 35.646550393579254)	(125, 35.429460564901994)	(130, 36.22322503472758)	(135, 35.77735375829603)	(140, 34.95882466430004)	(145, 35.47410480012347)	(150, 34.414527704892734)	(155, 35.024668158666465)	(160, 33.496550393579255)	(165, 33.753480475382005)	(170, 33.091572773576175)	(175, 33.16741395277049)	(180, 34.243309152647015)	(185, 32.99097854607193)	(190, 32.261590964635204)	(195, 32.38674152534198)	(200, 31.956408327062956)	(205, 31.208662769385114)	(210, 29.171800659836777)	(215, 30.080987192331502)	(220, 27.569998070615476)	(225, 28.579675863399576)	(230, 25.720875940574956)	(235, 25.086050549874592)	(240, 22.647181169207023)	(245, 27.191475979162647)	(250, 26.042033571290755)	(255, 24.097117499517655)	(260, 22.847486011962186)	(265, 20.699915107080844)	(270, 19.48818444916072)	(275, 19.878190237314296)	(280, 19.64309087401119)	(285, 17.218853945591356)	(290, 18.73253455255416)	(295, 14.892423246916977)	(300, 11.113784088078168)
613A14_S50_L001_R1_001	(1, 33.881538417249615)	(2, 33.87825661398509)	(3, 33.866424849584014)	(4, 33.850044621009296)	(5, 33.901114085845066)	(6, 37.74131329706077)	(7, 37.66971816794772)	(8, 37.638656187926415)	(9, 37.60932147278118)	(10, 37.58698218038403)	(15, 37.4117741889052)	(20, 37.64450585830671)	(25, 37.51649825834125)	(30, 37.631804703918014)	(35, 37.50922071566341)	(40, 37.516514758090025)	(45, 37.46139362418154)	(50, 37.51223584959981)	(55, 37.44424956962695)	(60, 37.23642352461551)	(65, 37.07060754391016)	(70, 37.00639235221285)	(75, 37.12875694664401)	(80, 37.37830631460739)	(85, 37.081309568372255)	(90, 37.08627371936998)	(95, 37.24771804543753)	(100, 37.07431829306919)	(105, 36.9492355092286)	(110, 36.976526821964356)	(115, 37.11821244493075)	(120, 37.01608454029774)	(125, 36.91484350254831)	(130, 36.827423766880706)	(135, 36.602188372829616)	(140, 36.577980809272496)	(145, 36.47863395530983)	(150, 36.522533840269624)	(155, 36.54280530998934)	(160, 36.44159299680364)	(165, 36.61216344630979)	(170, 36.37823595473263)	(175, 36.45095170904484)	(180, 35.933676966049475)	(185, 36.19121144930457)	(190, 36.01232394288237)	(195, 36.17633981281498)	(200, 35.46573362131029)	(205, 35.917099120419635)	(210, 35.410033695245225)	(215, 35.75670880972267)	(220, 35.30422486536302)	(225, 34.87927886415345)	(230, 34.96473806986724)	(235, 34.87447513175705)	(240, 34.06532845664257)	(245, 34.224767445209224)	(250, 34.39497739250641)	(255, 33.9270109149555)	(260, 33.37683955879388)	(265, 33.709207153759756)	(270, 32.62856320018432)	(275, 31.62845376263572)	(280, 32.3434380669873)	(285, 32.30607378394724)	(290, 29.630936267027618)	(295, 28.276545632273958)	(300, 22.859392408992907)
613A14_S50_L001_R2_001	(1, 33.24553070213317)	(2, 33.2998243947376)	(3, 33.19800213029335)	(4, 33.32682730230014)	(5, 33.25698822581109)	(6, 36.54690963525923)	(7, 36.86740363301379)	(8, 36.94164723493681)	(9, 37.05458157008377)	(10, 37.132429398048195)	(15, 36.9330396983044)	(20, 36.80662118202493)	(25, 36.68916141290267)	(30, 36.88179174943144)	(35, 36.543029046837674)	(40, 36.81455667043877)	(45, 36.800840692095015)	(50, 36.6928542638337)	(55, 36.640290848410444)	(60, 36.67327228063907)	(65, 36.66992801612439)	(70, 36.666543810648164)	(75, 36.21733997523683)	(80, 36.33320279881367)	(85, 36.0057646347433)	(90, 36.4828587059806)	(95, 36.31344409571252)	(100, 36.35076161133347)	(105, 36.162359987330476)	(110, 36.165809553975066)	(115, 35.946609461833056)	(120, 35.79382648507011)	(125, 35.58384635319185)	(130, 36.339249618474476)	(135, 35.87697313484408)	(140, 35.02114538910284)	(145, 35.5785475696844)	(150, 34.59287306857178)	(155, 35.21438074121001)	(160, 33.712367898177206)	(165, 33.829729029285566)	(170, 33.192415123678984)	(175, 33.1814726293662)	(180, 34.30534742419443)	(185, 32.883335733003136)	(190, 32.275463663348454)	(195, 32.56261483081353)	(200, 31.99313462922966)	(205, 31.416473754777883)	(210, 29.128404803732394)	(215, 30.1801918037036)	(220, 27.895746335282087)	(225, 28.509771621115686)	(230, 25.362652996572876)	(235, 25.041027560982634)	(240, 22.481807447513177)	(245, 27.28498689629352)	(250, 25.69597673012124)	(255, 24.056049304495577)	(260, 22.69973792587046)	(265, 20.915998041643867)	(270, 19.577167871439677)	(275, 20.241131238660255)	(280, 19.79421132966622)	(285, 17.376874118019757)	(290, 18.99561478471923)	(295, 15.0421781816195)	(300, 11.051825898601859)
613B0_S51_L001_R1_001	(1, 33.83248820754717)	(2, 33.8830483490566)	(3, 33.87508844339623)	(4, 33.87184551886792)	(5, 33.88903301886793)	(6, 37.74121462264151)	(7, 37.67974646226415)	(8, 37.64805424528302)	(9, 37.5778891509434)	(10, 37.60853183962264)	(15, 37.44214033018868)	(20, 37.64560141509433)	(25, 37.49447523584906)	(30, 37.64001179245283)	(35, 37.483288413577824)	(40, 37.50190352948896)	(45, 37.479634380067814)	(50, 37.5133303847855)	(55, 37.42405992718886)	(60, 37.22653849294252)	(65, 37.04869503671592)	(70, 36.9995871302604)	(75, 37.12927483836971)	(80, 37.38340804529905)	(85, 37.053151849973275)	(90, 37.068605302739854)	(95, 37.23657061963607)	(100, 37.09376824844428)	(105, 36.96309316660277)	(110, 36.97753266287198)	(115, 37.11306219954581)	(120, 37.083245347568344)	(125, 36.94046657032471)	(130, 36.8541599079836)	(135, 36.610593682720385)	(140, 36.612917686613386)	(145, 36.48449582682043)	(150, 36.532403338543666)	(155, 36.5534786327307)	(160, 36.42403043619312)	(165, 36.54151060253045)	(170, 36.379643399038486)	(175, 36.4265475464219)	(180, 35.93766701076537)	(185, 36.2207108096151)	(190, 36.02164872437693)	(195, 36.18988206690417)	(200, 35.42911246792319)	(205, 35.890228003421534)	(210, 35.40952184301348)	(215, 35.76837261437716)	(220, 35.23398719801776)	(225, 34.885646017699116)	(230, 34.91469616519174)	(235, 34.92541002949853)	(240, 34.016353982300885)	(245, 34.33517994100295)	(250, 34.49329793510325)	(255, 33.949805309734515)	(260, 33.38153982300885)	(265, 33.76077876106195)	(270, 32.71333923303835)	(275, 31.70561061946903)	(280, 32.444743362831865)	(285, 32.4094808259587)	(290, 29.694802359882004)	(295, 28.468486174191394)	(300, 22.932873254799034)
613B0_S51_L001_R2_001	(1, 33.20890330188679)	(2, 33.31415094339623)	(3, 33.21494693396227)	(4, 33.32393867924528)	(5, 33.24899764150943)	(6, 36.67921580188679)	(7, 36.88511202830189)	(8, 36.95212264150943)	(9, 37.042747641509436)	(10, 37.124887971698115)	(15, 36.93227004716981)	(20, 36.77249410377358)	(25, 36.65140919811321)	(30, 36.83686320754717)	(35, 36.51602828749261)	(40, 36.808020939596055)	(45, 36.77159452765657)	(50, 36.632562802217244)	(55, 36.5875814510477)	(60, 36.681552919698)	(65, 36.63728103804188)	(70, 36.68363904452964)	(75, 36.25823663729051)	(80, 36.28928013211832)	(85, 35.990468438949286)	(90, 36.45471865046597)	(95, 36.28458180960246)	(100, 36.29465612834729)	(105, 36.13096024536982)	(110, 36.09390704258582)	(115, 35.92952695529079)	(120, 35.751639731036924)	(125, 35.5133832723841)	(130, 36.324961660964966)	(135, 35.8559513979002)	(140, 34.982151704612484)	(145, 35.51350713695883)	(150, 34.52731508788486)	(155, 35.13999646101215)	(160, 33.55106759466792)	(165, 33.7862156423263)	(170, 33.07285582089883)	(175, 33.19190267612596)	(180, 34.2337226449596)	(185, 32.9911991977821)	(190, 32.40460685424409)	(195, 32.533236985695325)	(200, 32.02658015042029)	(205, 31.445462321191563)	(210, 29.006607084918738)	(215, 30.127327965076837)	(220, 27.73500280211191)	(225, 28.719296796649168)	(230, 25.57106955341868)	(235, 24.994932452362697)	(240, 22.576013214559616)	(245, 27.325402631113207)	(250, 25.92027019054923)	(255, 23.955164887027316)	(260, 22.659736888679134)	(265, 20.7718541678957)	(270, 19.43848740487287)	(275, 19.932505456905197)	(280, 19.560993451713763)	(285, 17.355884608577664)	(290, 18.961080145514778)	(295, 14.988505369165253)	(300, 10.92672679920205)
613B14_S52_L001_R1_001	(1, 33.82059896333269)	(2, 33.90388430280924)	(3, 33.864529340244445)	(4, 33.86168170474179)	(5, 33.899980802457286)	(6, 37.75123184232418)	(7, 37.6857362257631)	(8, 37.65150060792219)	(9, 37.56200806296794)	(10, 37.608606898317014)	(15, 37.441729058680494)	(20, 37.6622256351187)	(25, 37.509106034427596)	(30, 37.65835413067127)	(35, 37.50855123202198)	(40, 37.507481121208244)	(45, 37.47347731308027)	(50, 37.525723976832744)	(55, 37.446247363332375)	(60, 37.23838091851197)	(65, 37.065068339750574)	(70, 36.967856114186965)	(75, 37.12311581911864)	(80, 37.38675497391051)	(85, 37.09030915957243)	(90, 37.10055047046022)	(95, 37.26197273250976)	(100, 37.07724048828674)	(105, 36.963424547927666)	(110, 36.99802208353337)	(115, 37.14113618178909)	(120, 37.00928788606176)	(125, 36.928831916140766)	(130, 36.846287287159136)	(135, 36.56196389706823)	(140, 36.565862245551145)	(145, 36.486563820253494)	(150, 36.53071309691461)	(155, 36.552189220330305)	(160, 36.43196773780566)	(165, 36.59890538983485)	(170, 36.38670545023747)	(175, 36.376730787696445)	(180, 35.87221457606504)	(185, 36.189994558781166)	(190, 35.97329321768076)	(195, 36.18377876644369)	(200, 35.44570623819736)	(205, 35.97501520340556)	(210, 35.352309317287066)	(215, 35.813967928816055)	(220, 35.331716653880704)	(225, 34.85073298764483)	(230, 34.99688880353371)	(235, 34.97311311695795)	(240, 33.95746111004417)	(245, 34.20896229434735)	(250, 34.372197682606746)	(255, 33.91439728570514)	(260, 33.314896613533065)	(265, 33.80136995070738)	(270, 32.71903207221048)	(275, 31.595864541322577)	(280, 32.328135202611875)	(285, 32.30415466359388)	(290, 29.44481787337558)	(295, 28.291704901392915)	(300, 22.390350436991504)
613B14_S52_L001_R2_001	(1, 33.183912459205224)	(2, 33.26252639662123)	(3, 33.14458949254495)	(4, 33.26361425737505)	(5, 33.200710309080435)	(6, 36.453317975299164)	(7, 36.76495808536507)	(8, 36.84942727330902)	(9, 36.93456837524797)	(10, 37.05307480642478)	(15, 36.8405580085749)	(20, 36.67227874832022)	(25, 36.543514430152946)	(30, 36.76093939975683)	(35, 36.39452034938373)	(40, 36.672123384103415)	(45, 36.6791517666955)	(50, 36.54741928258296)	(55, 36.470404379983165)	(60, 36.527410518713666)	(65, 36.49849590373784)	(70, 36.54864951356886)	(75, 36.069790066564266)	(80, 36.133372979740514)	(85, 35.777482638333275)	(90, 36.33985342592889)	(95, 36.128620347553365)	(100, 36.149232882792774)	(105, 35.99132688984189)	(110, 35.95698649427126)	(115, 35.72569288868975)	(120, 35.50978685271715)	(125, 35.28902696842683)	(130, 36.12974875980157)	(135, 35.599571131381026)	(140, 34.66205792926868)	(145, 35.278406144983194)	(150, 34.19867498799808)	(155, 34.846458633381346)	(160, 33.103018082893264)	(165, 33.30043847015522)	(170, 32.60601889342878)	(175, 32.58095634361798)	(180, 33.840110101139416)	(185, 32.36823070029446)	(190, 31.57598258865702)	(195, 31.93791447958008)	(200, 31.340270131865317)	(205, 30.713538599411088)	(210, 28.39622967609781)	(215, 29.348905389834847)	(220, 26.88440355696647)	(225, 27.5656050955414)	(230, 24.63863265371443)	(235, 24.280536440162596)	(240, 21.71923310821624)	(245, 26.511621803283937)	(250, 24.899670326153057)	(255, 23.216029190538684)	(260, 21.815126588355792)	(265, 20.00983900393688)	(270, 18.70453541593317)	(275, 19.60080017924015)	(280, 19.191825368882625)	(285, 16.470210927247702)	(290, 18.117135163339004)	(295, 14.422776976156905)	(300, 10.712697401891736)
615A0_S37_L001_R1_001	(1, 33.83548524404086)	(2, 33.856034808929245)	(3, 33.89628263337117)	(4, 33.87819239500568)	(5, 33.898694665153236)	(6, 37.767830117290956)	(7, 37.69717177449868)	(8, 37.652407302307985)	(9, 37.53031592886871)	(10, 37.59815550510783)	(15, 37.45811577752554)	(20, 37.668558456299664)	(25, 37.531900302686346)	(30, 37.64955542943625)	(35, 37.517519448871624)	(40, 37.521994134897355)	(45, 37.5030886387286)	(50, 37.55605902942011)	(55, 37.46637486669151)	(60, 37.2719532133498)	(65, 37.09092400497637)	(70, 37.02266739197275)	(75, 37.1498545445945)	(80, 37.436091861592686)	(85, 37.10808987844247)	(90, 37.09309366130558)	(95, 37.25977502927293)	(100, 37.096796557818465)	(105, 36.98630020341549)	(110, 36.98337356246843)	(115, 37.1200274380869)	(120, 36.97369728221018)	(125, 36.88090451072687)	(130, 36.823388603732525)	(135, 36.5955342148213)	(140, 36.60276273150886)	(145, 36.42461385623388)	(150, 36.51407621165173)	(155, 36.51096813870426)	(160, 36.41412115334579)	(165, 36.48789176147787)	(170, 36.440390756203136)	(175, 36.421524706104975)	(180, 35.88748492087897)	(185, 36.14220498143199)	(190, 35.931535610477084)	(195, 36.10353016152935)	(200, 35.46400624497327)	(205, 35.92251975209348)	(210, 35.237361025689545)	(215, 35.707588588730665)	(220, 35.16622983394048)	(225, 34.79748781757108)	(230, 34.80822254813834)	(235, 34.77451388560345)	(240, 34.1338458627052)	(245, 34.16896910630647)	(250, 34.187320811846526)	(255, 33.68426455977669)	(260, 33.037611770828406)	(265, 33.39915314377632)	(270, 32.28891044140607)	(275, 31.212357477409277)	(280, 32.01222027723897)	(285, 31.848895302076926)	(290, 29.56540663291858)	(295, 28.227798930834943)	(300, 23.39254514715784)
615A0_S37_L001_R2_001	(1, 33.00125331063186)	(2, 33.340711312902)	(3, 33.38668180098373)	(4, 33.38559402194476)	(5, 33.23633181990163)	(6, 36.73566969353008)	(7, 36.91761256148316)	(8, 36.73200435111615)	(9, 36.767830117290956)	(10, 36.99253688989784)	(15, 36.76156356413166)	(20, 36.608385357548244)	(25, 36.42321225879682)	(30, 36.65084657586076)	(35, 36.30239215779018)	(40, 36.60661243023365)	(45, 36.598240469208214)	(50, 36.41125721313026)	(55, 36.397022587864605)	(60, 36.42155526100744)	(65, 36.41338745833964)	(70, 36.424809485763106)	(75, 35.77632450331126)	(80, 35.892157048249764)	(85, 35.34746268553515)	(90, 36.16504647697438)	(95, 35.88019379186072)	(100, 35.89254719411337)	(105, 35.66977316271259)	(110, 35.648857694288)	(115, 35.34944176364841)	(120, 35.15151859210901)	(125, 34.995387453874535)	(130, 35.94989592203614)	(135, 35.35331630239379)	(140, 33.80674614438452)	(145, 34.685656164253956)	(150, 33.55909736020437)	(155, 34.525920143816826)	(160, 32.8710568644148)	(165, 32.82472797804901)	(170, 31.703907654461158)	(175, 31.89361812848898)	(180, 33.03657394266251)	(185, 31.3511543192355)	(190, 30.86955741233344)	(195, 31.014744632682277)	(200, 30.08103799025406)	(205, 29.73608364479349)	(210, 27.228405166296067)	(215, 28.331839931923696)	(220, 26.221592978970023)	(225, 26.587864594421973)	(230, 23.633435053107185)	(235, 22.944607669197833)	(240, 20.572800605587492)	(245, 25.195117450855157)	(250, 23.79421380077118)	(255, 22.008648546353466)	(260, 20.54566744730679)	(265, 18.995477018427838)	(270, 17.647529155725877)	(275, 18.030198944953042)	(280, 17.952650628060464)	(285, 15.823721997492488)	(290, 17.44456745440352)	(295, 13.908002808685472)	(300, 10.545837250417055)
615A14_S38_L001_R1_001	(1, 33.83046614093677)	(2, 33.872112929026464)	(3, 33.863216681166335)	(4, 33.87340386720175)	(5, 33.9004855050094)	(6, 37.76662082900682)	(7, 37.66429994667864)	(8, 37.64490781017596)	(9, 37.59363511351837)	(10, 37.58570987567704)	(15, 37.4068475851037)	(20, 37.644077119524034)	(25, 37.515741026576485)	(30, 37.626840288496616)	(35, 37.474157422095104)	(40, 37.48029927960964)	(45, 37.45563220262718)	(50, 37.50882146565999)	(55, 37.41583167569464)	(60, 37.21973609909987)	(65, 37.06244315949026)	(70, 36.967276708022226)	(75, 37.104260933026445)	(80, 37.349720321822915)	(85, 37.05391719298245)	(90, 37.052457543859646)	(95, 37.19599157894737)	(100, 37.04386807017544)	(105, 36.906296140350875)	(110, 36.908631578947364)	(115, 37.06407859649123)	(120, 36.802857543859645)	(125, 36.73804912280702)	(130, 36.69462456140351)	(135, 36.503803508771924)	(140, 36.46152421052632)	(145, 36.259374035087724)	(150, 36.35528982456141)	(155, 36.34899649122807)	(160, 36.25185122807017)	(165, 36.36898245614036)	(170, 36.28559719298246)	(175, 36.23870315789473)	(180, 35.68405894736842)	(185, 35.98535298245614)	(190, 35.709922937818384)	(195, 35.903380934820085)	(200, 35.21492294304242)	(205, 35.838851303932856)	(210, 35.08555146955619)	(215, 35.62639676605228)	(220, 35.08297681208242)	(225, 34.63607820967089)	(230, 34.70779034838999)	(235, 34.55213497655877)	(240, 33.842396339238086)	(245, 33.696987731955865)	(250, 33.76382471014289)	(255, 33.32736868701047)	(260, 32.55333651497712)	(265, 33.11197327419219)	(270, 31.872103534431936)	(275, 30.640599646276076)	(280, 31.267286151427527)	(285, 31.31262457539092)	(290, 28.7231183852222)	(295, 27.460191421665563)	(300, 23.04449860302855)
615A14_S38_L001_R2_001	(1, 33.28759857435523)	(2, 33.49254904161872)	(3, 33.52137063957567)	(4, 33.53310133864676)	(5, 33.45853562708725)	(6, 37.032610220862686)	(7, 37.13843908736284)	(8, 37.02480846406421)	(9, 37.08624028288384)	(10, 37.22138467151236)	(15, 37.009558555271795)	(20, 36.90265764880869)	(25, 36.789027025510066)	(30, 36.92711812084304)	(35, 36.71639392486003)	(40, 36.89866446273732)	(45, 36.87344851284829)	(50, 36.74401751382301)	(55, 36.69491064421578)	(60, 36.718924371300716)	(65, 36.74693762982092)	(70, 36.72106326839948)	(75, 36.23527760624263)	(80, 36.32538795789789)	(85, 35.93189052631578)	(90, 36.50601543859649)	(95, 36.361701052631574)	(100, 36.333821754385966)	(105, 36.200011228070174)	(110, 36.14974877192983)	(115, 35.81898666666667)	(120, 35.670242807017544)	(125, 35.5582596491228)	(130, 36.29142456140351)	(135, 35.80811789473684)	(140, 34.78068771929825)	(145, 35.38999578947368)	(150, 34.412328421052635)	(155, 35.23097824561404)	(160, 33.59724350877193)	(165, 33.572614736842105)	(170, 32.67650807017544)	(175, 32.56538385964912)	(180, 33.79576701754386)	(185, 32.13761684210526)	(190, 31.5854407271266)	(195, 32.23509912193415)	(200, 31.222827948235693)	(205, 30.792993290851417)	(210, 28.580158886112905)	(215, 29.102804367964517)	(220, 27.223529742020606)	(225, 27.27605435128593)	(230, 24.442316545954746)	(235, 24.25661108303857)	(240, 21.540048284767842)	(245, 25.831755656616696)	(250, 24.54421986412891)	(255, 23.148430745045196)	(260, 21.29773173881309)	(265, 20.088383583178935)	(270, 18.550210544045814)	(275, 19.129919712537195)	(280, 19.275425298972543)	(285, 16.583835831789344)	(290, 18.21988713842915)	(295, 14.493391577972844)	(300, 10.649569067143656)
615B0_S39_L001_R1_001	(1, 33.818070190468035)	(2, 33.873954139181585)	(3, 33.8688426282875)	(4, 33.824209714726294)	(5, 33.89474285387932)	(6, 37.69947742653988)	(7, 37.59436306005311)	(8, 37.58048487963677)	(9, 37.51666238327765)	(10, 37.51602844170307)	(15, 37.34080356377966)	(20, 37.60776150089951)	(25, 37.43709986007596)	(30, 37.591233330477735)	(35, 37.41927525057826)	(40, 37.43930745942604)	(45, 37.340396367582386)	(50, 37.43143526186533)	(55, 37.3814780969787)	(60, 37.155681405710425)	(65, 36.99079225452676)	(70, 36.88930142228823)	(75, 37.03571714171474)	(80, 37.275135660021704)	(85, 36.96119266579082)	(90, 36.932700328194606)	(95, 37.0913375032131)	(100, 36.81653671493446)	(105, 36.66996258532545)	(110, 36.74466055465113)	(115, 36.83540970496672)	(120, 36.44571444891898)	(125, 36.47219032930626)	(130, 36.31769914031931)	(135, 36.17857938479993)	(140, 36.19792648444863)	(145, 35.862753834290125)	(150, 35.95704401207393)	(155, 35.90620929966868)	(160, 35.786256140751746)	(165, 35.85098252027876)	(170, 36.021592596823936)	(175, 35.851867930995084)	(180, 35.048977493430826)	(185, 35.32584828058951)	(190, 35.13817371683185)	(195, 35.458261689183395)	(200, 34.70775470566393)	(205, 35.32296135500271)	(210, 34.16192625174945)	(215, 34.97861814858187)	(220, 34.32779205941159)	(225, 34.00331905169951)	(230, 33.89123107683519)	(235, 33.802227934875745)	(240, 33.04187375035704)	(245, 32.59743501856612)	(250, 32.61649861464195)	(255, 31.85616270101974)	(260, 31.64178354137507)	(265, 31.882110314490564)	(270, 30.67941957782284)	(275, 29.462498214744777)	(280, 29.942494787054756)	(285, 30.05594561398497)	(290, 27.7507041046588)	(295, 26.300120632050568)	(300, 23.743516914178024)
615B0_S39_L001_R2_001	(1, 33.28989976869699)	(2, 33.52885576401382)	(3, 33.55949627345156)	(4, 33.56709214997573)	(5, 33.462663125731744)	(6, 37.060395785145204)	(7, 37.177103857905706)	(8, 37.035580684771126)	(9, 37.10120220451755)	(10, 37.25314257974242)	(15, 37.05303406722065)	(20, 36.952791341842996)	(25, 36.817401981781316)	(30, 36.948073902738514)	(35, 36.672183671721065)	(40, 36.909281202668055)	(45, 36.92508424238963)	(50, 36.82156605174482)	(55, 36.7642526700554)	(60, 36.72379447351689)	(65, 36.77950021419392)	(70, 36.7742510352706)	(75, 36.3162587462516)	(80, 36.29369127516779)	(85, 35.89351992003427)	(90, 36.51173036768443)	(95, 36.34772947963672)	(100, 36.37131433141029)	(105, 36.23295824527332)	(110, 36.1861712457874)	(115, 35.871308619409376)	(120, 35.79508196721312)	(125, 35.70654595304735)	(130, 36.33184440509511)	(135, 35.82086593933855)	(140, 34.78537727766036)	(145, 35.4189181470269)	(150, 34.23237893291056)	(155, 35.19520749435924)	(160, 33.718253220232484)	(165, 33.474366663810585)	(170, 32.73750321309228)	(175, 32.8875160654614)	(180, 33.795258903835716)	(185, 31.83530688601376)	(190, 30.863549712139683)	(195, 31.930185661239648)	(200, 30.74057697800628)	(205, 29.86742644958583)	(210, 27.993487574978577)	(215, 28.842558117405463)	(220, 26.550548446069467)	(225, 25.739830895795244)	(230, 23.019418418647167)	(235, 23.615967778793422)	(240, 20.72369744058501)	(245, 25.5931615630713)	(250, 23.79479532664896)	(255, 22.605084697346246)	(260, 20.69367269403262)	(265, 19.551164052903705)	(270, 18.160419344702486)	(275, 18.374702202416664)	(280, 18.536578398605993)	(285, 16.08031536549833)	(290, 17.692124432256406)	(295, 14.114999760330537)	(300, 10.508936049149323)
615B14_S40_L001_R1_001	(1, 33.83783178407437)	(2, 33.872438122970095)	(3, 33.85384701534326)	(4, 33.79269795049838)	(5, 33.86885429499384)	(6, 37.67835143913092)	(7, 37.56557285250308)	(8, 37.542949938402955)	(9, 37.52066300817561)	(10, 37.472012543397916)	(15, 37.29992160376302)	(20, 37.56301937507)	(25, 37.388106170903804)	(30, 37.52503079852167)	(35, 37.33289041211839)	(40, 37.361550526551646)	(45, 37.360542236164015)	(50, 37.406811561729775)	(55, 37.2568389528341)	(60, 37.06742857142857)	(65, 36.96405602240896)	(70, 36.917310924369744)	(75, 36.98498599439776)	(80, 37.27332212885155)	(85, 36.83401680672269)	(90, 36.83045378151261)	(95, 36.97084593837535)	(100, 36.78870588235294)	(105, 36.69727731092437)	(110, 36.72985994397759)	(115, 36.79601120448179)	(120, 36.59002801120448)	(125, 36.54756302521008)	(130, 36.40528851540616)	(135, 36.22935574229692)	(140, 35.871708683473386)	(145, 36.11511484593838)	(150, 35.999081232493)	(155, 36.134050420168066)	(160, 35.98191596638655)	(165, 36.10675630252101)	(170, 36.054095238095236)	(175, 36.10019047619048)	(180, 35.57947338935575)	(185, 35.51706442577031)	(190, 35.448904971580745)	(195, 35.62814881219184)	(200, 34.835118780815776)	(205, 35.35800089645899)	(210, 34.60766472433886)	(215, 34.94043030031376)	(220, 34.12844016136262)	(225, 33.77931420887494)	(230, 33.86745853877186)	(235, 33.866606902734205)	(240, 32.96943074854325)	(245, 32.99242492155984)	(250, 33.229314208874946)	(255, 32.71698789780367)	(260, 31.989399372478708)	(265, 31.939354549529362)	(270, 30.607104437471985)	(275, 30.145540116539667)	(280, 30.392402510085162)	(285, 29.773352756611388)	(290, 27.946481398476017)	(295, 26.14048431714276)	(300, 24.71618225483435)
615B14_S40_L001_R2_001	(1, 32.91018031134506)	(2, 33.21278978609027)	(3, 33.255235748684065)	(4, 33.3045133833576)	(5, 33.2020383021615)	(6, 36.6215701646321)	(7, 36.814536902228696)	(8, 36.618658304401386)	(9, 36.72863702542278)	(10, 36.91524246836152)	(15, 36.63814536902229)	(20, 36.5309441146825)	(25, 36.32471721357375)	(30, 36.59381789674096)	(35, 36.16285789001374)	(40, 36.511382478153706)	(45, 36.42646202106207)	(50, 36.28610799910375)	(55, 36.279063744162244)	(60, 36.33398319327731)	(65, 36.35957422969188)	(70, 36.40340616246499)	(75, 35.915518207282915)	(80, 35.753142857142855)	(85, 35.31495798319328)	(90, 36.06559103641457)	(95, 35.73608963585434)	(100, 35.958005602240895)	(105, 35.67426330532213)	(110, 35.67793837535014)	(115, 35.43475630252101)	(120, 35.20280112044818)	(125, 34.81142857142857)	(130, 35.830162464985996)	(135, 35.308190476190475)	(140, 34.1909243697479)	(145, 34.89328851540616)	(150, 33.58332773109244)	(155, 34.57487955182073)	(160, 32.85071148459384)	(165, 33.05111484593838)	(170, 32.09440896358544)	(175, 32.69958543417367)	(180, 33.2086050420168)	(185, 31.36813445378151)	(190, 30.795165507171042)	(195, 31.206185567010312)	(200, 29.97232182877633)	(205, 29.683774092335277)	(210, 28.192626624831917)	(215, 28.402151501568802)	(220, 25.87608695652174)	(225, 25.641416405199465)	(230, 23.718758404303003)	(235, 23.185544598834603)	(240, 20.417705064993278)	(245, 25.08478260869565)	(250, 23.4512550425818)	(255, 21.579000448229493)	(260, 21.38877185118781)	(265, 18.38904078888391)	(270, 17.39876736889287)	(275, 17.935701479157327)	(280, 17.885230838189152)	(285, 15.501613626176601)	(290, 16.507194083370685)	(295, 13.272372028975388)	(300, 10.974146734662419)
621A0_S57_L001_R1_001	(1, 33.83215480945698)	(2, 33.87547230918709)	(3, 33.85765950555975)	(4, 33.8413311022347)	(5, 33.89574112058728)	(6, 37.723685631005075)	(7, 37.600291482241175)	(8, 37.600507395012414)	(9, 37.557243873475116)	(10, 37.544208139911476)	(15, 37.34288027636835)	(20, 37.59532009068336)	(25, 37.45934902299471)	(30, 37.60245060995358)	(35, 37.47622774843874)	(40, 37.42356191262772)	(45, 37.29470674371552)	(50, 37.441621679982724)	(55, 37.411692938890084)	(60, 37.17073987097471)	(65, 37.01767069931775)	(70, 36.90559589688217)	(75, 37.05934404103118)	(80, 37.24646241058172)	(85, 36.951075718720475)	(90, 36.95647995680928)	(95, 37.0978431637198)	(100, 36.81492239168578)	(105, 36.583058442434876)	(110, 36.59890403563234)	(115, 36.760026994196245)	(120, 36.338982318801456)	(125, 36.589137535429884)	(130, 36.225801052773654)	(135, 36.23958968821703)	(140, 36.01211499527601)	(145, 35.93223376973951)	(150, 36.0787474692941)	(155, 35.94719123799462)	(160, 36.06457725947522)	(165, 36.127048914804014)	(170, 35.850291545189506)	(175, 35.78712881978188)	(180, 35.072940287226004)	(185, 35.248596263902385)	(190, 35.12758685851578)	(195, 35.571755412736785)	(200, 34.66259381242914)	(205, 35.0187678851034)	(210, 34.85470546946709)	(215, 34.947508324273315)	(220, 34.29308315334773)	(225, 33.80003239740821)	(230, 34.14227861771059)	(235, 33.770572354211666)	(240, 33.08226781857452)	(245, 32.61677105831534)	(250, 32.18019978401728)	(255, 32.180313174946)	(260, 32.12981641468683)	(265, 31.927953563714908)	(270, 31.102537796976243)	(275, 28.71038336933045)	(280, 29.93885529157667)	(285, 30.71769978401728)	(290, 27.476447084233264)	(295, 26.587012020434166)	(300, 19.77270733520607)
621A0_S57_L001_R2_001	(1, 33.593463240850696)	(2, 33.262954766274426)	(3, 33.43071898952823)	(4, 33.30208895606175)	(5, 33.56021267407967)	(6, 37.15416171866566)	(7, 36.95627766382381)	(8, 37.05459894202742)	(9, 37.00580265572709)	(10, 37.17678397927237)	(15, 36.98039512037137)	(20, 36.843922055489585)	(25, 36.70612112706467)	(30, 36.940175968908555)	(35, 36.53503287212619)	(40, 36.77066635981841)	(45, 36.80287651324209)	(50, 36.7622705679119)	(55, 36.66086698337292)	(60, 36.65647420843793)	(65, 36.72894680143567)	(70, 36.68202996355784)	(75, 36.17598596301795)	(80, 36.09680658658389)	(85, 35.60721824807666)	(90, 36.40723984343366)	(95, 36.23491969226616)	(100, 36.12698609798893)	(105, 36.109034957484134)	(110, 36.037722708130865)	(115, 35.65925925925926)	(120, 35.690001079797)	(125, 35.686875067487314)	(130, 36.17369614512471)	(135, 35.68875391426412)	(140, 34.742943526617)	(145, 35.377183889428785)	(150, 34.10273188640535)	(155, 35.188927615307)	(160, 33.70161703965662)	(165, 33.429997570391166)	(170, 32.78089787544205)	(175, 32.946132872607514)	(180, 33.57168155926896)	(185, 31.429236292956837)	(190, 30.412645105555857)	(195, 31.69499209882259)	(200, 30.68915526038714)	(205, 29.403126265489597)	(210, 27.697967117518424)	(215, 29.00008309891619)	(220, 26.531533477321812)	(225, 24.79383369330454)	(230, 22.866641468682502)	(235, 23.853736501079915)	(240, 20.36741900647948)	(245, 25.529816414686824)	(250, 23.851263498920087)	(255, 22.69838552915767)	(260, 20.824038876889848)	(265, 19.828390928725703)	(270, 18.27083153347732)	(275, 18.41492980561555)	(280, 18.75836933045356)	(285, 15.827769978401728)	(290, 17.751771058315335)	(295, 14.224735559162045)	(300, 10.52665831255407)
621A14_S58_L001_R1_001	(1, 33.877136719813635)	(2, 33.87689468429492)	(3, 33.88639457840438)	(4, 33.87438356578828)	(5, 33.90754243185187)	(6, 37.74785949838139)	(7, 37.654766586996644)	(8, 37.63858046168275)	(9, 37.58572595528394)	(10, 37.57761776540707)	(15, 37.4164100081687)	(20, 37.64018394699422)	(25, 37.507433515868456)	(30, 37.64737845278795)	(35, 37.4685057295183)	(40, 37.49604734468124)	(45, 37.45094228142625)	(50, 37.507854765506806)	(55, 37.4286375161367)	(60, 37.24065896471604)	(65, 37.00436348231307)	(70, 37.01777468454021)	(75, 37.14098451690459)	(80, 37.39477092537675)	(85, 37.0148065981049)	(90, 37.017055530337416)	(95, 37.20332274171584)	(100, 37.0579815403238)	(105, 36.96551328697846)	(110, 36.894258648345996)	(115, 37.00930964559184)	(120, 36.99077995784531)	(125, 36.84181598062954)	(130, 36.772518159806296)	(135, 36.54424334140435)	(140, 36.49322033898305)	(145, 36.40078692493946)	(150, 36.51847457627118)	(155, 36.474394673123484)	(160, 36.38501210653753)	(165, 36.46393462469733)	(170, 36.35446731234866)	(175, 36.339721549636806)	(180, 35.916319612590804)	(185, 36.11628934624697)	(190, 35.928193952601475)	(195, 36.104511535630735)	(200, 35.373660633210235)	(205, 35.74071675040862)	(210, 35.37941764029299)	(215, 35.649318966039104)	(220, 34.91279943911128)	(225, 34.735841632109455)	(230, 34.795816811453825)	(235, 34.74255531676606)	(240, 34.019656748494114)	(245, 34.27472228107879)	(250, 34.14747157460481)	(255, 33.794036808330304)	(260, 33.20288170480688)	(265, 33.392105581789565)	(270, 32.43379343746217)	(275, 31.11142390119869)	(280, 32.08208015498244)	(285, 32.17532388909069)	(290, 29.565546601033112)	(295, 28.523179866722682)	(300, 22.474799406045612)
621A14_S58_L001_R2_001	(1, 33.54675823677125)	(2, 33.26333464435906)	(3, 33.4093425710223)	(4, 33.30560009681421)	(5, 33.53154025353221)	(6, 37.11372643935498)	(7, 36.977581460079264)	(8, 37.07475872084228)	(9, 36.974132453937614)	(10, 37.13972105406468)	(15, 36.941360844703965)	(20, 36.82822739236983)	(25, 36.6280821710586)	(30, 36.85295737149427)	(35, 36.51050018743071)	(40, 36.78584741576352)	(45, 36.77276734589476)	(50, 36.652133131618754)	(55, 36.63656665138807)	(60, 36.68940892061447)	(65, 36.673646624504485)	(70, 36.71023693527401)	(75, 36.19472490328428)	(80, 36.22285904496762)	(85, 35.834464728263576)	(90, 36.50458465728552)	(95, 36.27667120593131)	(100, 36.23819639885005)	(105, 36.19263785073004)	(110, 36.0412263180195)	(115, 35.79809938865686)	(120, 35.79077955873849)	(125, 35.637747041554434)	(130, 36.32789564480494)	(135, 35.94669047546987)	(140, 34.95481371629187)	(145, 35.538282739626524)	(150, 34.46326079719137)	(155, 35.2337035804001)	(160, 33.947798190127415)	(165, 33.97860839562967)	(170, 33.00644653612179)	(175, 33.403892134015315)	(180, 34.204539814170275)	(185, 32.93787112980842)	(190, 32.57398305084746)	(195, 32.73411622276029)	(200, 32.19140435835351)	(205, 31.37894673123487)	(210, 29.11796610169491)	(215, 30.361755447941892)	(220, 28.444939857562133)	(225, 28.708423378431547)	(230, 26.117412754623324)	(235, 25.103495868519026)	(240, 22.712352068767213)	(245, 27.593171706165442)	(250, 26.403592252857457)	(255, 24.36724983352503)	(260, 23.04795689811732)	(265, 21.191264604394938)	(270, 19.805302984442157)	(275, 19.676990132574613)	(280, 19.59228766874508)	(285, 17.729245111689572)	(290, 19.34142502572795)	(295, 15.259898364108233)	(300, 11.14935117447709)
621B0_S59_L001_R1_001	(1, 33.837455614056566)	(2, 33.889157585404675)	(3, 33.873301089751436)	(4, 33.89169829802865)	(5, 33.90666707481327)	(6, 37.76108118035999)	(7, 37.7005020203257)	(8, 37.69309415942207)	(9, 37.62467858454757)	(10, 37.63045794049222)	(15, 37.47277458062936)	(20, 37.65900575486715)	(25, 37.522315415697314)	(30, 37.644490020815475)	(35, 37.522261659607025)	(40, 37.535168064654385)	(45, 37.49077328108737)	(50, 37.54157606823897)	(55, 37.46367964292676)	(60, 37.27093612069675)	(65, 37.07342681101377)	(70, 37.04565689966627)	(75, 37.141563332414805)	(80, 37.450812896114634)	(85, 37.084106426625034)	(90, 37.06412540950981)	(95, 37.25474419031873)	(100, 37.06483074913098)	(105, 36.97488058787507)	(110, 36.906938150642986)	(115, 37.068487446417635)	(120, 36.986840171463555)	(125, 36.88059399877526)	(130, 36.79492957746479)	(135, 36.57593386405389)	(140, 36.57121861604409)	(145, 36.45501530924679)	(150, 36.54591549295775)	(155, 36.523361910594005)	(160, 36.46192896509492)	(165, 36.55330067360686)	(170, 36.39507042253521)	(175, 36.42856705450092)	(180, 35.90400489895897)	(185, 36.10048377219841)	(190, 35.933140718651245)	(195, 36.11535790023974)	(200, 35.44099580488104)	(205, 35.84516030253851)	(210, 35.45893376611447)	(215, 35.72660685304835)	(220, 35.077306549897415)	(225, 34.8525706586643)	(230, 34.82771840646721)	(235, 34.79236917046881)	(240, 34.11320084514806)	(245, 34.36657378203754)	(250, 34.26025660654683)	(255, 33.89534862357228)	(260, 33.47442138314925)	(265, 33.46058304752572)	(270, 32.47719867711906)	(275, 31.200220480156787)	(280, 32.25807202351788)	(285, 32.195418912297896)	(290, 29.83149804017638)	(295, 28.54513995873686)	(300, 22.684867313509187)
621B0_S59_L001_R2_001	(1, 33.533427207052775)	(2, 33.246571568507406)	(3, 33.38358638422922)	(4, 33.25863230072242)	(5, 33.50505081425248)	(6, 37.092108485367945)	(7, 36.953165176931556)	(8, 37.03633525162238)	(9, 36.89258601689727)	(10, 37.08172523570467)	(15, 36.87934370025713)	(20, 36.734780213052524)	(25, 36.57774580629362)	(30, 36.802632545610386)	(35, 36.46146545481722)	(40, 36.746507071572886)	(45, 36.70723688238536)	(50, 36.550413273740276)	(55, 36.52735808903945)	(60, 36.63377689104527)	(65, 36.58681741814917)	(70, 36.61322025595493)	(75, 35.994948257914395)	(80, 36.170295756536646)	(85, 35.66935276468067)	(90, 36.4137346151491)	(95, 36.19891004837425)	(100, 36.18825902102252)	(105, 36.0806833838523)	(110, 35.92360685854256)	(115, 35.64626454378444)	(120, 35.67556031843234)	(125, 35.49211267605634)	(130, 36.18587875076546)	(135, 35.762143294549915)	(140, 34.566723821188)	(145, 35.28622780159216)	(150, 34.279503980404165)	(155, 35.11112063686466)	(160, 33.7362461726883)	(165, 33.74162890385793)	(170, 32.686362522963876)	(175, 33.13728107777098)	(180, 33.87963870177587)	(185, 32.35145598788663)	(190, 32.155084715707595)	(195, 32.351670911113175)	(200, 31.821178992497323)	(205, 30.899359975501454)	(210, 28.469416628387687)	(215, 29.910237329658553)	(220, 28.17652426887154)	(225, 28.15807686418619)	(230, 25.723797274536828)	(235, 24.521237176542645)	(240, 22.095501454601134)	(245, 27.133039350788543)	(250, 25.787162762210993)	(255, 23.726835094166283)	(260, 22.335887306691166)	(265, 20.680324605726533)	(270, 19.1265043638034)	(275, 19.30417393967233)	(280, 19.205628540805392)	(285, 17.54569897412341)	(290, 19.012804672782057)	(295, 15.002520186960044)	(300, 10.990965241897728)
621B14_S60_L001_R1_001	(1, 33.82154038822793)	(2, 33.88822792736381)	(3, 33.86493425172198)	(4, 33.86484032561052)	(5, 33.908046336881654)	(6, 37.74762053850971)	(7, 37.66252348152786)	(8, 37.64126487163431)	(9, 37.5797745773325)	(10, 37.59174702567314)	(15, 37.41417031934878)	(20, 37.64529117094553)	(25, 37.50438321853475)	(30, 37.634445835942394)	(35, 37.50574827802129)	(40, 37.488122409807374)	(45, 37.36514702118099)	(50, 37.505460579873514)	(55, 37.46079278602292)	(60, 37.2180662533659)	(65, 37.04692842382115)	(70, 36.974373496761885)	(75, 37.09820584275292)	(80, 37.33532892882863)	(85, 37.00206656855685)	(90, 37.017509471772556)	(95, 37.18282243166234)	(100, 36.93800920562357)	(105, 36.749112314869905)	(110, 36.76559476469299)	(115, 36.91793217897737)	(120, 36.5701163934847)	(125, 36.733443978205045)	(130, 36.44376526586084)	(135, 36.358908999812115)	(140, 36.245437464771086)	(145, 36.17230537984594)	(150, 36.269424437903176)	(155, 36.157888144297615)	(160, 36.23902423748983)	(165, 36.31704139788313)	(170, 36.073896160831715)	(175, 35.979432579695626)	(180, 35.39909187699631)	(185, 35.58887705893405)	(190, 35.47582682541323)	(195, 35.86248473270489)	(200, 35.05607090288434)	(205, 35.36097209608218)	(210, 35.16712453976019)	(215, 35.34679445018635)	(220, 34.70415609633875)	(225, 34.3490494534749)	(230, 34.578032509630745)	(235, 34.286504431707854)	(240, 33.61187635065301)	(245, 33.46667293056469)	(250, 33.070346128196505)	(255, 32.96504009020296)	(260, 32.745320721623656)	(265, 32.57843898772238)	(270, 31.7566963167126)	(275, 29.789683036832876)	(280, 30.888029315960914)	(285, 31.49783888749687)	(290, 28.490478576797795)	(295, 27.546313902944142)	(300, 20.918962155376924)
621B14_S60_L001_R2_001	(1, 33.50344395742016)	(2, 33.13566061365059)	(3, 33.31515341264872)	(4, 33.20425798371947)	(5, 33.48140262993112)	(6, 37.027582968065126)	(7, 36.8409204758923)	(8, 36.98857232310582)	(9, 36.872260488415776)	(10, 37.04683155917345)	(15, 36.82463368816531)	(20, 36.663199749530364)	(25, 36.5050532247965)	(30, 36.77314339386349)	(35, 36.35553603169223)	(40, 36.59698032576428)	(45, 36.623779379919355)	(50, 36.537263988477314)	(55, 36.45257225162038)	(60, 36.46437674171024)	(65, 36.512051852083786)	(70, 36.501078373792076)	(75, 35.883761272545094)	(80, 35.929959919839675)	(85, 35.34839679358717)	(90, 36.2407001503006)	(95, 36.063502004008015)	(100, 35.94599824649298)	(105, 35.89834043086172)	(110, 35.787537575150296)	(115, 35.410201653306615)	(120, 35.43685776830002)	(125, 35.36858619069986)	(130, 35.94309065288868)	(135, 35.46706748082041)	(140, 34.365949585094725)	(145, 35.11056834194457)	(150, 33.74116173477376)	(155, 34.786766870205106)	(160, 33.31778925943323)	(165, 33.11431971191483)	(170, 32.33866290903397)	(175, 32.57590104900579)	(180, 33.257479254736175)	(185, 31.238008454673558)	(190, 30.407478157392042)	(195, 31.270466288792157)	(200, 30.406789214918735)	(205, 29.309566905708827)	(210, 27.357992768746204)	(215, 28.777351163446177)	(220, 26.56393473427077)	(225, 25.382098900754748)	(230, 23.139532116125398)	(235, 23.442128339231466)	(240, 20.423275187122233)	(245, 25.456860104600548)	(250, 23.899219542867463)	(255, 22.4048105230191)	(260, 20.787673034763543)	(265, 19.521948011274667)	(270, 18.067735671782025)	(275, 18.376110241152524)	(280, 18.460263075477606)	(285, 15.99373003445036)	(290, 17.80297205580535)	(295, 14.169617016871205)	(300, 10.496327707319413)
622A0_S61_L001_R1_001	(1, 33.81586116436283)	(2, 33.851604278074866)	(3, 33.880158409847645)	(4, 33.87536575522147)	(5, 33.88883563717082)	(6, 37.7520936333367)	(7, 37.682146100292606)	(8, 37.62816567450308)	(9, 37.54144385026738)	(10, 37.601977600645746)	(15, 37.44375945918676)	(20, 37.6516295025729)	(25, 37.52150136212289)	(30, 37.629018262536576)	(35, 37.459658781560144)	(40, 37.50522935277141)	(45, 37.48936203409454)	(50, 37.54799566083907)	(55, 37.426124879413216)	(60, 37.250259851657496)	(65, 37.09828447449417)	(70, 37.005136485190974)	(75, 37.13804430092336)	(80, 37.44606690549473)	(85, 37.09249205308038)	(90, 37.11170089308239)	(95, 37.25001261415814)	(100, 37.142217064433126)	(105, 37.047171905747014)	(110, 36.9641455169282)	(115, 37.15165245471517)	(120, 37.01972801605367)	(125, 36.86301183237884)	(130, 36.830496758079576)	(135, 36.61871483714711)	(140, 36.612034210459925)	(145, 36.453293639781016)	(150, 36.53533819411156)	(155, 36.59711380780584)	(160, 36.41069707596437)	(165, 36.624668869995205)	(170, 36.45475691904029)	(175, 36.44596210611298)	(180, 36.06799202765093)	(185, 36.22585463077428)	(190, 36.027832580669575)	(195, 35.9894240230088)	(200, 35.424875747407725)	(205, 35.870772258243555)	(210, 35.416403865075566)	(215, 35.561787652896015)	(220, 35.36188217484546)	(225, 34.79846600227072)	(230, 35.02687523653337)	(235, 34.7722366595181)	(240, 34.287301627349564)	(245, 34.439515579664445)	(250, 34.631663933392204)	(255, 33.92859846095622)	(260, 33.39743660905766)	(265, 33.56448088810395)	(270, 32.647125015768886)	(275, 31.692599974769774)	(280, 32.3849930616879)	(285, 32.209390690046675)	(290, 30.03040242210168)	(295, 28.82989834148126)	(300, 23.881774274740522)
622A0_S61_L001_R2_001	(1, 33.51218343254969)	(2, 33.23478962768641)	(3, 33.36512460902028)	(4, 33.237488648975884)	(5, 33.50897992129956)	(6, 37.067702552719204)	(7, 36.84983856321259)	(8, 36.99160024215518)	(9, 36.84792150136212)	(10, 37.031712238926445)	(15, 36.8744576732923)	(20, 36.72614771466048)	(25, 36.56850469175663)	(30, 36.79298254464736)	(35, 36.33230257464377)	(40, 36.68079092433713)	(45, 36.73240559742662)	(50, 36.56600317868766)	(55, 36.51328268337219)	(60, 36.46926181946617)	(65, 36.54120793178263)	(70, 36.6160805287855)	(75, 36.088985317119935)	(80, 36.173333669710885)	(85, 35.80179121045461)	(90, 36.35641556082547)	(95, 36.18295574953328)	(100, 36.2020687219335)	(105, 35.90025732882587)	(110, 35.94927594732327)	(115, 35.69540844644028)	(120, 35.611481905798016)	(125, 35.269712642228214)	(130, 36.25238539748214)	(135, 35.734793248732245)	(140, 34.515982541564696)	(145, 35.23345359134142)	(150, 34.1235764563413)	(155, 34.93486388979993)	(160, 33.32901581855337)	(165, 33.5321442086939)	(170, 32.605282942705045)	(175, 32.90331760728613)	(180, 33.85404546257285)	(185, 32.486590811615415)	(190, 32.27259378863184)	(195, 31.901117642606657)	(200, 31.52630622902843)	(205, 31.00681181724147)	(210, 28.396018871256654)	(215, 29.630481478396018)	(220, 27.543504478365083)	(225, 28.33441655102813)	(230, 25.00408225053614)	(235, 24.058125394222277)	(240, 21.947061940204367)	(245, 26.15019553425003)	(250, 24.97275135612464)	(255, 23.004258862116814)	(260, 21.901339724990542)	(265, 19.922316134729407)	(270, 18.69920020184181)	(275, 19.188358773811025)	(280, 18.828873470417562)	(285, 16.48980951179513)	(290, 18.108257852907784)	(295, 14.42063854116235)	(300, 10.91599259258335)
622A14_S62_L001_R1_001	(1, 33.83472128142806)	(2, 33.87508467147468)	(3, 33.85281109295932)	(4, 33.89265649280791)	(5, 33.89775670398853)	(6, 37.764951986293184)	(7, 37.66099533808822)	(8, 37.63079252500299)	(9, 37.574411284217234)	(10, 37.5680280511615)	(15, 37.37459457305654)	(20, 37.60535522173965)	(25, 37.47458261943659)	(30, 37.55852093875762)	(35, 37.289604335179504)	(40, 37.433031836474484)	(45, 37.395839974497925)	(50, 37.45586547656997)	(55, 37.26451227287218)	(60, 37.158972607311846)	(65, 37.014943215780036)	(70, 36.8869495915521)	(75, 37.02552699740984)	(80, 37.3317393903168)	(85, 36.917978463062965)	(90, 36.900151430620866)	(95, 37.123986674125696)	(100, 36.93472022955524)	(105, 36.870965609936725)	(110, 36.81270575106612)	(115, 37.00221705927848)	(120, 36.687891590275015)	(125, 36.466361100039855)	(130, 36.53554404145078)	(135, 36.329143084894376)	(140, 36.31145476285373)	(145, 36.10402550817059)	(150, 36.19244320446393)	(155, 36.26540454364289)	(160, 36.132499003587085)	(165, 36.26700677560781)	(170, 36.12321243523316)	(175, 36.030139497807895)	(180, 35.667740135512155)	(185, 35.786115863873746)	(190, 35.55985331632653)	(195, 35.44697863520408)	(200, 34.785666454081635)	(205, 35.33624043367347)	(210, 35.00338010204082)	(215, 34.95335618622449)	(220, 34.65919961734694)	(225, 33.92209024234694)	(230, 34.44144610969388)	(235, 34.097727997448985)	(240, 33.6434231505102)	(245, 33.41383131377551)	(250, 33.55902423469387)	(255, 33.027933673469384)	(260, 32.2645169005102)	(265, 32.622042410714286)	(270, 31.58361766581633)	(275, 30.25695950255102)	(280, 30.911567283163265)	(285, 30.948014987244896)	(290, 28.547775829081633)	(295, 27.245076881057162)	(300, 22.34049544552438)
622A14_S62_L001_R2_001	(1, 33.53807227955532)	(2, 33.245885962465636)	(3, 33.374387376977324)	(4, 33.255488703829144)	(5, 33.51567916484042)	(6, 37.08570745507431)	(7, 36.86528270311192)	(8, 37.001673506793644)	(9, 36.8915009762123)	(10, 37.080615212973655)	(15, 36.84089731840459)	(20, 36.69319042116587)	(25, 36.615746902020156)	(30, 36.79601546001514)	(35, 36.25453241423277)	(40, 36.60883044431162)	(45, 36.70267793097952)	(50, 36.55309635769507)	(55, 36.4525556792921)	(60, 36.39362352631663)	(65, 36.51619639725809)	(70, 36.505547584887616)	(75, 35.97532281205165)	(80, 36.017718794835005)	(85, 35.70025078044786)	(90, 36.30459527320553)	(95, 36.109888007652145)	(100, 36.04423897014866)	(105, 35.89995846668545)	(110, 35.86781984854524)	(115, 35.59258668792348)	(120, 35.43603029095257)	(125, 35.17787166201674)	(130, 36.14198485452372)	(135, 35.56640892785971)	(140, 34.27662016739737)	(145, 35.104894380231165)	(150, 33.7583339976086)	(155, 34.72897568752491)	(160, 33.26245516141889)	(165, 33.195009964129135)	(170, 32.12936628138701)	(175, 32.36982861697888)	(180, 33.54909525707453)	(185, 31.94304503786369)	(190, 31.591733428992786)	(195, 31.562724700067758)	(200, 30.71483120092471)	(205, 30.356937303200606)	(210, 27.589046992705967)	(215, 28.467846466578976)	(220, 26.373438558730918)	(225, 27.106923352863806)	(230, 24.12927697168488)	(235, 23.24304049744898)	(240, 21.018207908163266)	(245, 24.534135841836736)	(250, 23.631823979591836)	(255, 22.06037149234694)	(260, 20.71284279336735)	(265, 18.877861926020408)	(270, 17.751450892857143)	(275, 18.362356505102042)	(280, 18.18984375)	(285, 15.687683354591837)	(290, 17.21811224489796)	(295, 13.78955224472816)	(300, 10.712603253500326)
622B0_S63_L001_R1_001	(1, 33.83590787530436)	(2, 33.89713806729733)	(3, 33.8816908154712)	(4, 33.86911747096156)	(5, 33.9149802418872)	(6, 37.75260447850557)	(7, 37.66343352093562)	(8, 37.636809962878694)	(9, 37.60783139743743)	(10, 37.601245359837144)	(15, 37.4405939408454)	(20, 37.66575659601644)	(25, 37.50738035365026)	(30, 37.656935297169994)	(35, 37.44733970656593)	(40, 37.46635723929571)	(45, 37.4093482444668)	(50, 37.47386322807298)	(55, 37.41897298127353)	(60, 37.26806403960554)	(65, 37.00011977482333)	(70, 36.986734622389434)	(75, 37.175875424236374)	(80, 37.44012777001397)	(85, 37.08749850269515)	(90, 37.06521860650828)	(95, 37.20233978838091)	(100, 37.083441804751445)	(105, 37.02185545844982)	(110, 36.897532343076186)	(115, 36.976960549433)	(120, 36.90200447212905)	(125, 36.73773358888356)	(130, 36.71019006548475)	(135, 36.5177447692062)	(140, 36.44723686312091)	(145, 36.38474684555183)	(150, 36.307690464781984)	(155, 36.42920459990417)	(160, 36.18086567640952)	(165, 36.4497444497684)	(170, 36.46420699568759)	(175, 36.2652371825587)	(180, 36.0636958952244)	(185, 36.13691902252036)	(190, 35.96175378349239)	(195, 35.724473904883595)	(200, 35.243317493910475)	(205, 35.66411372439404)	(210, 35.5102503693647)	(215, 35.16268508063105)	(220, 34.91993065626825)	(225, 34.57753284613234)	(230, 34.867010103430374)	(235, 34.68700131783875)	(240, 34.34586478175792)	(245, 34.10327862305818)	(250, 34.14311728764825)	(255, 33.36867537238928)	(260, 33.000918493670376)	(265, 33.44939099876203)	(270, 32.526065252985106)	(275, 31.2446387923805)	(280, 31.6802603729883)	(285, 31.88596302064614)	(290, 29.990016373148034)	(295, 28.558462943073085)	(300, 23.636739972409153)
622B0_S63_L001_R2_001	(1, 33.52041671656089)	(2, 33.265876342154634)	(3, 33.36797988264878)	(4, 33.2227677324073)	(5, 33.51007863329741)	(6, 37.02997644992616)	(7, 36.873907316489046)	(8, 36.99832355406538)	(9, 36.85418911906758)	(10, 37.070219135432886)	(15, 36.88787769927753)	(20, 36.74753522532232)	(25, 36.580888516345354)	(30, 36.79871472478346)	(35, 36.42731726762496)	(40, 36.71325376200615)	(45, 36.75021551834253)	(50, 36.56444568645455)	(55, 36.58264566795615)	(60, 36.37685151914401)	(65, 36.54995009382361)	(70, 36.62927936262679)	(75, 36.09136354561789)	(80, 36.159169494909165)	(85, 35.5781513276103)	(90, 36.440598921940506)	(95, 36.17435815532042)	(100, 36.088352964663606)	(105, 35.90501149201204)	(110, 35.916331256987704)	(115, 35.721458233509026)	(120, 35.63633604855455)	(125, 35.42945216419103)	(130, 36.25598147260821)	(135, 35.78785337805462)	(140, 34.93037853378054)	(145, 35.337941223446734)	(150, 34.335090241175536)	(155, 34.976752914869834)	(160, 33.43254272480434)	(165, 33.58601661076506)	(170, 32.979340360964706)	(175, 33.17548314965661)	(180, 33.833421178725445)	(185, 32.664550391311295)	(190, 32.50755101225891)	(195, 32.48586032024917)	(200, 31.723204088966973)	(205, 31.1607315417482)	(210, 28.01229884598491)	(215, 29.694450049070305)	(220, 27.58165667613476)	(225, 28.258551974761396)	(230, 25.34541751527495)	(235, 24.341360169322314)	(240, 22.141128549179346)	(245, 25.5539315522543)	(250, 24.972876482568587)	(255, 23.32649654566511)	(260, 22.152861307455773)	(265, 20.25504572501098)	(270, 19.348660197276466)	(275, 19.443073359690107)	(280, 18.92594544946288)	(285, 17.091481969569905)	(290, 18.456076035302104)	(295, 14.66557177039021)	(300, 10.99717175798329)
622B14_S64_L001_R1_001	(1, 33.85944395410415)	(2, 33.87714033539276)	(3, 33.85079435127979)	(4, 33.82828773168579)	(5, 33.889452780229476)	(6, 37.7148720211827)	(7, 37.5815092674316)	(8, 37.613106796116504)	(9, 37.56915269196823)	(10, 37.532586054721975)	(15, 37.347943512797876)	(20, 37.610017652250654)	(25, 37.45365401588703)	(30, 37.55484554280671)	(35, 37.38670344024119)	(40, 37.404766528378495)	(45, 37.34944393989067)	(50, 37.43449706492474)	(55, 37.3380941872269)	(60, 37.14374365538244)	(65, 37.00075031998941)	(70, 36.87956922805314)	(75, 36.98487001809595)	(80, 37.32725427020347)	(85, 36.9870768415942)	(90, 36.92853422783246)	(95, 37.11411042944785)	(100, 36.99003398508187)	(105, 36.938500242750585)	(110, 36.82732047490842)	(115, 36.91811802092069)	(120, 36.709175972105754)	(125, 36.562589928057555)	(130, 36.5584852363508)	(135, 36.39197598976033)	(140, 36.253846493357464)	(145, 36.125232819879066)	(150, 36.153038795957094)	(155, 36.286366244427775)	(160, 35.975822041753105)	(165, 36.33946241779582)	(170, 36.25908990598931)	(175, 36.14146621353224)	(180, 35.7970869929823)	(185, 35.865410248488324)	(190, 35.69348104338614)	(195, 35.46757202613701)	(200, 34.92336687853108)	(205, 35.3292990819209)	(210, 35.02653718825866)	(215, 34.879037740013246)	(220, 34.777822901032934)	(225, 34.17179306082811)	(230, 34.493069656572786)	(235, 34.25501898119537)	(240, 33.8398251964333)	(245, 33.54703805067537)	(250, 33.59272023253266)	(255, 32.717962300799016)	(260, 32.34430759722774)	(265, 32.7957886372666)	(270, 31.708462455303938)	(275, 30.50531938374608)	(280, 30.91817419326359)	(285, 30.80295766565135)	(290, 28.87267028649627)	(295, 27.45567075471726)	(300, 22.412614181922528)
622B14_S64_L001_R2_001	(1, 33.48345101500441)	(2, 33.124889673433366)	(3, 33.304898499558696)	(4, 33.13724624889674)	(5, 33.44060017652251)	(6, 36.99488084730803)	(7, 36.769593998234775)	(8, 36.90895851721094)	(9, 36.77453662842012)	(10, 36.97774051191527)	(15, 36.76277140335393)	(20, 36.65588702559576)	(25, 36.475092674315974)	(30, 36.696769638128856)	(35, 36.25906052366058)	(40, 36.563085885779856)	(45, 36.639817772284985)	(50, 36.422995100851836)	(55, 36.37305027143929)	(60, 36.25005958423445)	(65, 36.38539965573553)	(70, 36.46030807256036)	(75, 35.88398287504966)	(80, 35.96850421503288)	(85, 35.415412455311824)	(90, 36.220514631239794)	(95, 36.045645937237936)	(100, 35.90133733503994)	(105, 35.584870018095955)	(110, 35.63822218298981)	(115, 35.229456680054724)	(120, 35.27567639140222)	(125, 35.030383545923996)	(130, 36.038531138279566)	(135, 35.49887452001589)	(140, 34.33214459107561)	(145, 34.86874696561769)	(150, 33.92314957849671)	(155, 34.75461005428786)	(160, 32.97132012181666)	(165, 32.90090479763428)	(170, 32.16011828573951)	(175, 32.22875932382927)	(180, 33.02850333230349)	(185, 31.64573421017787)	(190, 31.734669197157608)	(195, 31.718752350594308)	(200, 30.795118290960453)	(205, 30.373225635593222)	(210, 27.038605164422865)	(215, 28.49583756345178)	(220, 26.796945351814248)	(225, 27.36551602366028)	(230, 24.52574379800477)	(235, 23.35716429769577)	(240, 21.09625673170301)	(245, 23.989467643683234)	(250, 23.682184161737442)	(255, 22.210629469409376)	(260, 20.9688531826609)	(265, 19.22946940937583)	(270, 18.297704599629203)	(275, 18.437485653747682)	(280, 18.219060651540566)	(285, 16.411803654983668)	(290, 17.804259781121853)	(295, 14.21264226797241)	(300, 10.878964032827662)
639A0_S81_L001_R1_001	(1, 33.86347528753497)	(2, 33.88277898663351)	(3, 33.87528753497047)	(4, 33.83873173764377)	(5, 33.908237488343175)	(6, 37.765091700341934)	(7, 37.67152626670811)	(8, 37.65492695057507)	(9, 37.605502020516006)	(10, 37.61541187441716)	(15, 37.43126515387006)	(20, 37.655393223500155)	(25, 37.522387317376435)	(30, 37.65543052533416)	(35, 37.49283617866256)	(40, 37.51705600854459)	(45, 37.43676112103925)	(50, 37.514201330597515)	(55, 37.45534415221041)	(60, 37.244910775352864)	(65, 37.023148666293594)	(70, 37.03463905987689)	(75, 37.139190449542994)	(80, 37.422458496549154)	(85, 37.08683703289187)	(90, 37.03532301187589)	(95, 37.23656034321955)	(100, 37.026350805198035)	(105, 36.89950578096163)	(110, 36.90035753147831)	(115, 37.03096533499145)	(120, 36.91929737292088)	(125, 36.7813710554951)	(130, 36.73271568475051)	(135, 36.525540183429186)	(140, 36.51216539717084)	(145, 36.38800559614488)	(150, 36.36506762008394)	(155, 36.36113302601797)	(160, 36.24468349707748)	(165, 36.341518467852254)	(170, 36.39790448949135)	(175, 36.300466359905485)	(180, 35.79192886456908)	(185, 36.0029598308668)	(190, 35.857872155204575)	(195, 36.05335779131949)	(200, 35.401243626414626)	(205, 35.86073249595822)	(210, 35.146834970774776)	(215, 35.612740952617834)	(220, 34.92520208929238)	(225, 34.7297288894416)	(230, 34.58296853625171)	(235, 34.590349459022505)	(240, 33.963275711976124)	(245, 33.96113045641089)	(250, 33.96579405546574)	(255, 33.35856858599677)	(260, 33.002487252829255)	(265, 33.2852630269867)	(270, 32.15047257803756)	(275, 31.110197736599922)	(280, 31.76588732744683)	(285, 31.627353562989676)	(290, 29.54021887824897)	(295, 28.02115714579954)	(300, 23.7478894954431)
639A0_S81_L001_R2_001	(1, 33.17653092943736)	(2, 33.25592166614859)	(3, 33.14460677649984)	(4, 33.13953994404725)	(5, 33.37124650295306)	(6, 36.74569474665838)	(7, 36.88262356232515)	(8, 36.87118433322972)	(9, 37.01837115324837)	(10, 37.16419645632577)	(15, 36.92154180913895)	(20, 36.8149145166304)	(25, 36.6268884053466)	(30, 36.845041964563265)	(35, 36.54114352788665)	(40, 36.779496191228446)	(45, 36.75878920919787)	(50, 36.644363613753654)	(55, 36.62844618541317)	(60, 36.67202636324068)	(65, 36.6626251321271)	(70, 36.665491512777464)	(75, 36.099595846546045)	(80, 36.17060249953367)	(85, 35.762494559472735)	(90, 36.41918174469937)	(95, 36.28014673879251)	(100, 36.23402972082322)	(105, 36.13856649777268)	(110, 36.0125975439142)	(115, 35.784952588217)	(120, 35.735694077413335)	(125, 35.59711487641847)	(130, 36.26472874242189)	(135, 35.840671537385354)	(140, 34.83308565210633)	(145, 35.45240478781284)	(150, 34.414767604539094)	(155, 35.15625984333787)	(160, 33.802051983584136)	(165, 33.68475935828877)	(170, 32.893458525059074)	(175, 33.16525929610745)	(180, 33.996841188906856)	(185, 32.40375575177217)	(190, 31.900540977490362)	(195, 32.478251130044924)	(200, 31.671243354164723)	(205, 30.747647918415574)	(210, 28.55440101980537)	(215, 29.568286540434663)	(220, 27.61356838603364)	(225, 27.63250940521717)	(230, 24.820576438765038)	(235, 24.326275533998693)	(240, 21.737990859061654)	(245, 26.684022012871928)	(250, 25.31133289805056)	(255, 23.581668376706155)	(260, 22.247756739110162)	(265, 20.463824891956598)	(270, 19.098728352454685)	(275, 18.864850915648415)	(280, 18.81550228523459)	(285, 17.439480147996147)	(290, 18.837552467120606)	(295, 14.807370692802678)	(300, 10.94639790617699)
639B14_S84_L001_R1_001	(1, 33.83448827292111)	(2, 33.897421375266525)	(3, 33.87080223880597)	(4, 33.8619736140725)	(5, 33.89375666311301)	(6, 37.75143256929638)	(7, 37.663546108742004)	(8, 37.63792643923241)	(9, 37.534548240938165)	(10, 37.59601545842217)	(15, 37.42148853944563)	(20, 37.66077425373133)	(25, 37.500966151385924)	(30, 37.62432036247334)	(35, 37.48068813363396)	(40, 37.51192190981651)	(45, 37.430824542123126)	(50, 37.4982374304468)	(55, 37.437923566454536)	(60, 37.24070236230967)	(65, 37.071795555259385)	(70, 36.99428914137208)	(75, 37.07414631477455)	(80, 37.416581227071774)	(85, 37.04251774349405)	(90, 37.03970544133817)	(95, 37.23572661988838)	(100, 37.03734088637121)	(105, 36.93226722797334)	(110, 36.91345263087741)	(115, 37.01745476357093)	(120, 36.99349528474791)	(125, 36.81806791295945)	(130, 36.79400846412743)	(135, 36.52910126961912)	(140, 36.549661768136225)	(145, 36.40081975407378)	(150, 36.39916691659168)	(155, 36.46024859208904)	(160, 36.2973641240961)	(165, 36.44127428438135)	(170, 36.33511279949349)	(175, 36.330820753773864)	(180, 35.753080742443935)	(185, 36.05974874204405)	(190, 35.892263574593315)	(195, 35.95971740869102)	(200, 35.310963743001864)	(205, 35.78246467608638)	(210, 35.22356038389763)	(215, 35.62216075713143)	(220, 34.96831511596908)	(225, 34.687003465742464)	(230, 34.589382831245004)	(235, 34.57198080511863)	(240, 33.874466808850975)	(245, 34.151346307651295)	(250, 34.191715542522)	(255, 33.58752332711277)	(260, 33.07657291388963)	(265, 33.39768728339109)	(270, 32.06606238336444)	(275, 31.16501599573447)	(280, 32.01079748058786)	(285, 31.73177591895224)	(290, 29.438117772519746)	(295, 28.053020824410584)	(300, 23.028307057668357)
639B14_S84_L001_R2_001	(1, 33.157316098081026)	(2, 33.22624600213219)	(3, 33.10144589552239)	(4, 33.11837020255864)	(5, 33.35107942430704)	(6, 36.72178171641791)	(7, 36.88686034115138)	(8, 36.8264592217484)	(9, 36.95695628997868)	(10, 37.12158848614072)	(15, 36.88898587420043)	(20, 36.75238539445629)	(25, 36.554024520255865)	(30, 36.79172441364606)	(35, 36.44966699685871)	(40, 36.7469307069217)	(45, 36.7319195150927)	(50, 36.58987105587578)	(55, 36.57003298570619)	(60, 36.56599473561457)	(65, 36.56111684936527)	(70, 36.59309632492587)	(75, 36.07928794696761)	(80, 36.1955288252231)	(85, 35.66992769317916)	(90, 36.377461597414275)	(95, 36.21027623204825)	(100, 36.1905101462797)	(105, 36.11736806267781)	(110, 36.01277574141953)	(115, 35.724718427190936)	(120, 35.6689836721093)	(125, 35.42102632455848)	(130, 36.22434521826058)	(135, 35.761559480173275)	(140, 34.692295901366215)	(145, 35.32466511162946)	(150, 34.36428523825391)	(155, 35.03656114628457)	(160, 33.6982739086971)	(165, 33.734488503832054)	(170, 32.7740286571143)	(175, 33.02904365211596)	(180, 34.02626457847384)	(185, 32.59720759746751)	(190, 32.20865838549001)	(195, 32.32290312906128)	(200, 31.762204671931755)	(205, 31.08584091439235)	(210, 28.606164817221504)	(215, 29.65212436269119)	(220, 27.806471391915757)	(225, 28.347562397947286)	(230, 25.539058282515246)	(235, 24.431044020127292)	(240, 22.030377553400648)	(245, 26.925888899996664)	(250, 25.532113699223565)	(255, 23.46522043386984)	(260, 22.214628944649935)	(265, 20.28623412976107)	(270, 18.93661901429571)	(275, 19.22519244226732)	(280, 18.99276193015196)	(285, 17.30075979738736)	(290, 18.73650847010017)	(295, 14.78428140994929)	(300, 11.08099243068212)
640A0_S85_L001_R1_001	(1, 33.81974538104188)	(2, 33.84839887939289)	(3, 33.89134366466896)	(4, 33.88141423454732)	(5, 33.89457072945849)	(6, 37.73591262101493)	(7, 37.68438597113373)	(8, 37.648675484946274)	(9, 37.52211071314586)	(10, 37.59375155147346)	(15, 37.44705840632646)	(20, 37.6558530444342)	(25, 37.46895989219475)	(30, 37.67680414199085)	(35, 37.45760157509437)	(40, 37.50992978225406)	(45, 37.46639477977162)	(50, 37.49382934959927)	(55, 37.44055606780622)	(60, 37.26038016880629)	(65, 36.961663083502835)	(70, 37.02098095542079)	(75, 37.17474199382913)	(80, 37.449317303259214)	(85, 37.04948753413483)	(90, 37.033358158669365)	(95, 37.25615491009681)	(100, 37.12913430506792)	(105, 37.087495117442764)	(110, 36.97346055618615)	(115, 37.10693813847901)	(120, 37.06675652667424)	(125, 36.934463677639044)	(130, 36.896573496027244)	(135, 36.5796963677639)	(140, 36.575)	(145, 36.57351730987514)	(150, 36.628823779795695)	(155, 36.62612797956867)	(160, 36.521559307604996)	(165, 36.54250851305335)	(170, 36.48049801362088)	(175, 36.488281793842965)	(180, 36.09811642013409)	(185, 36.41025859316803)	(190, 36.17958094827951)	(195, 36.308343384178784)	(200, 35.53594891805604)	(205, 35.96505143667967)	(210, 35.49935438098616)	(215, 35.81638169563675)	(220, 34.93743171337354)	(225, 34.880780418588145)	(230, 34.82185172046825)	(235, 34.97066335579993)	(240, 34.17477829017382)	(245, 34.573792124866976)	(250, 34.3896984746364)	(255, 33.9679318907414)	(260, 33.299858105711245)	(265, 33.63001064207165)	(270, 32.75409010287336)	(275, 31.698815182688897)	(280, 32.36102163887904)	(285, 32.49941113870166)	(290, 29.87414686058886)	(295, 28.95961805832629)	(300, 22.684904966837017)
640A0_S85_L001_R2_001	(1, 33.11401113514663)	(2, 33.23795170041491)	(3, 33.117628284690944)	(4, 33.06631440831235)	(5, 33.320578743927086)	(6, 36.723713606865495)	(7, 36.87985389552821)	(8, 36.83510053547998)	(9, 36.94467888932232)	(10, 37.08996063690201)	(15, 36.88925139189333)	(20, 36.73403312174191)	(25, 36.529933685591686)	(30, 36.74709032235186)	(35, 36.47857551573296)	(40, 36.75157103340662)	(45, 36.717518972976805)	(50, 36.5644797503369)	(55, 36.56681324916661)	(60, 36.57970778069367)	(65, 36.559016606794756)	(70, 36.6237472071497)	(75, 36.119970209596765)	(80, 36.10712487144022)	(85, 35.80713551086995)	(90, 36.417292619782245)	(95, 36.13308507997304)	(100, 36.0037238004043)	(105, 36.010155615022185)	(110, 35.909811293984106)	(115, 35.783463393870605)	(120, 35.632023269012485)	(125, 35.485534903518726)	(130, 36.25952752553916)	(135, 35.79255817253121)	(140, 34.83668416572077)	(145, 35.36507519863791)	(150, 34.14619750283769)	(155, 34.9238649262202)	(160, 33.52865351872872)	(165, 33.64149404086265)	(170, 32.85451901248581)	(175, 33.071898337969095)	(180, 33.97992267035579)	(185, 32.9435067929481)	(190, 32.49560004438884)	(195, 32.3919545938276)	(200, 31.888442710180914)	(205, 31.431117417523943)	(210, 28.96026959914864)	(215, 30.121660163178433)	(220, 27.88009932600213)	(225, 28.931997162114225)	(230, 25.936807378503016)	(235, 24.68562610854913)	(240, 22.60379567222419)	(245, 27.39984391628237)	(250, 26.348279531748847)	(255, 24.187037956722243)	(260, 22.833118126995387)	(265, 20.78272437034409)	(270, 19.617899964526426)	(275, 19.376942178077332)	(280, 19.269407591344446)	(285, 17.168279531748844)	(290, 18.83386307201135)	(295, 14.883257290850946)	(300, 10.943302571202004)
640A14_S86_L001_R1_001	(1, 33.81328868523088)	(2, 33.857102573140644)	(3, 33.85248501938668)	(4, 33.86489249206909)	(5, 33.88452590764893)	(6, 37.746069792033836)	(7, 37.626788861473386)	(8, 37.62886852308777)	(9, 37.558864998237574)	(10, 37.548057807543174)	(15, 37.368812125484666)	(20, 37.61392315826576)	(25, 37.369918928445536)	(30, 37.63056750088121)	(35, 37.353620021149105)	(40, 37.47723651744801)	(45, 37.35232287627775)	(50, 37.3873034896017)	(55, 37.3703419104688)	(60, 37.16561274887526)	(65, 36.79881556683587)	(70, 36.959122955442744)	(75, 37.06410039481106)	(80, 37.39787084038353)	(85, 36.91758319232939)	(90, 36.858213479977444)	(95, 37.127150310208684)	(100, 36.95406091370559)	(105, 36.929162209279646)	(110, 36.81028696326588)	(115, 36.93267291828245)	(120, 36.872008742861176)	(125, 36.674469435239374)	(130, 36.67124726785589)	(135, 36.3408517238948)	(140, 36.30690262990905)	(145, 36.34333356835648)	(150, 36.36705210463231)	(155, 36.36319537474441)	(160, 36.26936473242615)	(165, 36.250116336459136)	(170, 36.25513643093844)	(175, 36.22416978072341)	(180, 35.838059648875415)	(185, 36.125939505041245)	(190, 35.94983231340619)	(195, 36.05050590516482)	(200, 35.19273752864446)	(205, 35.61978494623656)	(210, 35.19319583994359)	(215, 35.402157588577474)	(220, 34.38011634056055)	(225, 34.41326932042299)	(230, 34.31103197828156)	(235, 34.43625145435955)	(240, 33.6551070056059)	(245, 34.04694143778867)	(250, 33.769072383034235)	(255, 33.41421570355745)	(260, 32.5690300743927)	(265, 32.972146810986146)	(270, 31.97603215456757)	(275, 30.97971300638155)	(280, 31.557620844057396)	(285, 31.77767834588994)	(290, 29.19414004654115)	(295, 28.328568323922404)	(300, 22.097255044823534)
640A14_S86_L001_R2_001	(1, 33.21730701445188)	(2, 33.3152273528375)	(3, 33.18353894959464)	(4, 33.19605216778287)	(5, 33.42654212195982)	(6, 36.80662671836447)	(7, 36.93517800493479)	(8, 36.90979908353895)	(9, 37.03242862178357)	(10, 37.20248854423687)	(15, 36.97825167430384)	(20, 36.86245329573493)	(25, 36.67905534014804)	(30, 36.84841029256257)	(35, 36.585810492577835)	(40, 36.82012760407487)	(45, 36.79576298071838)	(50, 36.65901512214036)	(55, 36.662984243364235)	(60, 36.65224534583274)	(65, 36.65693940141714)	(70, 36.76337293333803)	(75, 36.223181866253036)	(80, 36.189212817710725)	(85, 35.93934501357211)	(90, 36.57090280960271)	(95, 36.271970952162725)	(100, 36.12344625797582)	(105, 36.20351932686155)	(110, 36.02555351854463)	(115, 35.908405020448456)	(120, 35.82631504724298)	(125, 35.71972218304894)	(130, 36.38237907206318)	(135, 36.00446340431533)	(140, 35.10224227894514)	(145, 35.54511352418559)	(150, 34.348096178254124)	(155, 35.15472429840643)	(160, 33.950296150049354)	(165, 34.033732900860244)	(170, 33.250359610774225)	(175, 33.422077281060496)	(180, 34.17753490339867)	(185, 33.315315188266815)	(190, 32.9454449301932)	(195, 32.97198561556903)	(200, 32.33491044986603)	(205, 31.762819066422225)	(210, 29.60934988012974)	(215, 30.595346213510084)	(220, 28.543837258496684)	(225, 29.505021283567345)	(230, 26.518764544108315)	(235, 25.139094563147875)	(240, 23.104082927861224)	(245, 27.938015654749314)	(250, 26.98651717086242)	(255, 24.691827092588674)	(260, 23.327022071786196)	(265, 21.291171285522882)	(270, 20.147168746914883)	(275, 19.23422889782103)	(280, 19.444171779141108)	(285, 18.171123334038505)	(290, 19.612418024116778)	(295, 15.31961178186628)	(300, 11.269246375386665)
640B0_S87_L001_R1_001	(1, 33.8275298429838)	(2, 33.87636831938184)	(3, 33.87493189360543)	(4, 33.82896626876022)	(5, 33.90534449452672)	(6, 37.7420872752489)	(7, 37.6364109168359)	(8, 37.61134776363366)	(9, 37.54361285848729)	(10, 37.57435237010253)	(15, 37.417073653969986)	(20, 37.63201743523701)	(25, 37.387721036207836)	(30, 37.65639209470503)	(35, 37.36091961660479)	(40, 37.48822656633117)	(45, 37.37510897562909)	(50, 37.40537943332673)	(55, 37.40547850208045)	(60, 37.22501650258468)	(65, 36.85068482972137)	(70, 37.04152569659443)	(75, 37.15061300309598)	(80, 37.38906749226006)	(85, 36.96903034055727)	(90, 36.870226625387)	(95, 37.13211640866873)	(100, 37.00506749226007)	(105, 36.99775472802976)	(110, 36.893411601525735)	(115, 36.90197651954228)	(120, 36.94678258285035)	(125, 36.74528161688215)	(130, 36.71924505870115)	(135, 36.376138108683804)	(140, 36.39975726952989)	(145, 36.34663397235845)	(150, 36.35923839775016)	(155, 36.33348029623759)	(160, 36.29140762390707)	(165, 36.24539667599633)	(170, 36.27503034206028)	(175, 36.18430138954252)	(180, 35.8418506703696)	(185, 36.19666600614288)	(190, 36.009486773011)	(195, 36.063009016149806)	(200, 35.21025958585158)	(205, 35.5921827008818)	(210, 35.250193203210145)	(215, 35.3289589657826)	(220, 34.24239676995863)	(225, 34.38931411161477)	(230, 34.21567461791879)	(235, 34.45759084491343)	(240, 33.70559064675138)	(245, 33.9519902900597)	(250, 33.60885205669852)	(255, 33.277508050532575)	(260, 32.61007655799574)	(265, 33.069102529168426)	(270, 32.153489063390225)	(275, 30.906482697119078)	(280, 31.43973345884218)	(285, 31.872798434442267)	(290, 29.14879919830821)	(295, 28.244672368914706)	(300, 22.170009341198877)
640B0_S87_L001_R2_001	(1, 33.284635197384716)	(2, 33.35113180444797)	(3, 33.23740650849472)	(4, 33.25786319282778)	(5, 33.463445440586455)	(6, 36.89927683391946)	(7, 37.051736093912524)	(8, 37.02560800435881)	(9, 37.10498291148645)	(10, 37.244197335182534)	(15, 37.04953687651691)	(20, 36.94747634850661)	(25, 36.76086482738125)	(30, 36.93991777700728)	(35, 36.67645545285194)	(40, 36.90763927840712)	(45, 36.883029522488606)	(50, 36.7488210818308)	(55, 36.789216366158115)	(60, 36.79544390224153)	(65, 36.780156037151706)	(70, 36.84492879256966)	(75, 36.38630430048704)	(80, 36.34801604993312)	(85, 36.09282706692426)	(90, 36.68505473819785)	(95, 36.38671422202408)	(100, 36.16092039431317)	(105, 36.31039939349142)	(110, 36.11290218710524)	(115, 36.06632155153196)	(120, 35.9494166893716)	(125, 35.91576053302949)	(130, 36.512763480543924)	(135, 36.13349020384911)	(140, 35.35749139276248)	(145, 35.733059222747876)	(150, 34.695738735719715)	(155, 35.309873179431285)	(160, 34.22194590310116)	(165, 34.20940751015556)	(170, 33.66940949172694)	(175, 33.79531358367185)	(180, 34.456811357503696)	(185, 33.55531445839836)	(190, 33.01151816898268)	(195, 33.22384880235813)	(200, 32.44171806494761)	(205, 31.747927968095905)	(210, 29.44754402912982)	(215, 30.409831430646967)	(220, 28.134966559326234)	(225, 29.415481793410954)	(230, 26.454773346544464)	(235, 25.388253653703245)	(240, 23.105082982412682)	(245, 27.746227396581624)	(250, 26.93047312360664)	(255, 24.805385187020068)	(260, 23.425688426053163)	(265, 21.25566152245535)	(270, 20.253848249894723)	(275, 19.183229705962496)	(280, 19.335395972156853)	(285, 18.044469766404916)	(290, 19.44270603681042)	(295, 15.21676017713762)	(300, 11.205202211859874)
640B14_S88_L001_R1_001	(1, 33.87944176537256)	(2, 33.87717504833441)	(3, 33.86048578857308)	(4, 33.82906286806374)	(5, 33.89530878463966)	(6, 37.74277206160137)	(7, 37.62836951932265)	(8, 37.61761372474944)	(9, 37.5989688659748)	(10, 37.55123002733394)	(15, 37.38254183426298)	(20, 37.61168025956133)	(25, 37.36601702260051)	(30, 37.63058734638547)	(35, 37.392904379757844)	(40, 37.47223592683957)	(45, 37.38623908260551)	(50, 37.40332466608886)	(55, 37.39057714958775)	(60, 37.17493239447164)	(65, 36.82699795537381)	(70, 36.958920792959375)	(75, 37.0917325984532)	(80, 37.367681571695265)	(85, 36.92956262778914)	(90, 36.87268201617921)	(95, 37.141825940083564)	(100, 36.96787675749592)	(105, 36.96237269511991)	(110, 36.91452322738387)	(115, 36.96008001778173)	(120, 36.93629695487886)	(125, 36.77468033140659)	(130, 36.738767254217706)	(135, 36.38687234657361)	(140, 36.414163462179644)	(145, 36.36211518371157)	(150, 36.42523283469292)	(155, 36.41110049123119)	(160, 36.31716197292671)	(165, 36.358416501811554)	(170, 36.27691828932159)	(175, 36.23178625411221)	(180, 35.83061396925414)	(185, 36.21010069575655)	(190, 35.95821014959877)	(195, 36.08285060128482)	(200, 35.26007957854491)	(205, 35.71450863582813)	(210, 35.20846486699891)	(215, 35.5258213666474)	(220, 34.499413150758016)	(225, 34.48093184546303)	(230, 34.418272351398215)	(235, 34.6175965856044)	(240, 33.77471657849109)	(245, 34.117036411327966)	(250, 33.970533054728136)	(255, 33.5095763126306)	(260, 32.77319995554073)	(265, 33.24296098699567)	(270, 32.255974213626764)	(275, 31.151197065688564)	(280, 31.694689340891408)	(285, 31.942967655885298)	(290, 29.205246193175505)	(295, 28.252572700626473)	(300, 22.380257260592085)
640B14_S88_L001_R2_001	(1, 33.07851285584124)	(2, 33.183337407497945)	(3, 33.03528967310385)	(4, 33.04895664348096)	(5, 33.30118447076602)	(6, 36.65061445809907)	(7, 36.81621813818085)	(8, 36.790417564834776)	(9, 36.90202004488989)	(10, 37.070383786306365)	(15, 36.792968732638506)	(20, 36.69920220449344)	(25, 36.48298406631258)	(30, 36.71156692370941)	(35, 36.45412248982014)	(40, 36.68034757872748)	(45, 36.63741582772185)	(50, 36.49429961997466)	(55, 36.485281240971624)	(60, 36.52976577138804)	(65, 36.52451329007023)	(70, 36.607249533291856)	(75, 36.06317894923993)	(80, 36.04511512134412)	(85, 35.781789492399334)	(90, 36.39925326695707)	(95, 36.09465730287137)	(100, 35.837382794115534)	(105, 35.98553932826813)	(110, 35.850136700082246)	(115, 35.69753050745738)	(120, 35.57368245571139)	(125, 35.42632967167144)	(130, 36.176936071841375)	(135, 35.74938205743754)	(140, 34.89057526451498)	(145, 35.35664177113897)	(150, 34.15107584244687)	(155, 34.85528140837557)	(160, 33.563021250111134)	(165, 33.64692362407753)	(170, 33.02671438415542)	(175, 33.05618512014582)	(180, 33.9383212468842)	(185, 32.99802160672209)	(190, 32.49098386164584)	(195, 32.51106566487352)	(200, 31.793838082959144)	(205, 31.27530787356066)	(210, 28.97264622264931)	(215, 29.899153051017002)	(220, 27.68390352339669)	(225, 28.7816072024008)	(230, 25.57904634878293)	(235, 24.594940535734132)	(240, 22.482818717350227)	(245, 27.217868178281652)	(250, 26.214182505279542)	(255, 24.069120818050457)	(260, 22.813875736356565)	(265, 20.69851283761254)	(270, 19.683467822607536)	(275, 19.154389240858062)	(280, 19.190361231521617)	(285, 17.40760253417806)	(290, 18.938748471712792)	(295, 14.95344155531457)	(300, 11.05495799522909)
644A14_S90_L001_R1_001	(1, 33.89891869948703)	(2, 33.887589031996164)	(3, 33.89161161752224)	(4, 33.87042846071521)	(5, 33.915082850500056)	(6, 37.764807912315014)	(7, 37.68184669889656)	(8, 37.66169686681182)	(9, 37.63268996567886)	(10, 37.62401003801159)	(15, 37.45263313281913)	(20, 37.658198324537764)	(25, 37.50903790087464)	(30, 37.68302026054545)	(35, 37.52051396257204)	(40, 37.53968093706094)	(45, 37.474933661138024)	(50, 37.51418026131246)	(55, 37.48813759503949)	(60, 37.278681626928474)	(65, 37.00814202406436)	(70, 37.089665608621836)	(75, 37.201846353661914)	(80, 37.423482080242124)	(85, 37.12120473923154)	(90, 37.095904397771065)	(95, 37.28795216300015)	(100, 37.1504872287022)	(105, 37.06360528802251)	(110, 37.06829574397401)	(115, 37.14813775792699)	(120, 37.178494703037906)	(125, 37.03477907792255)	(130, 36.94424716695581)	(135, 36.663851463585694)	(140, 36.66675279613156)	(145, 36.60772950426341)	(150, 36.62553615591894)	(155, 36.62500461407848)	(160, 36.55667934000222)	(165, 36.621077110479504)	(170, 36.597659739396846)	(175, 36.55917463364217)	(180, 36.12765124949245)	(185, 36.386172529622385)	(190, 36.207493263445414)	(195, 36.40682145361928)	(200, 35.62330663319922)	(205, 36.087593665793065)	(210, 35.544852534051905)	(215, 35.92248171758695)	(220, 35.10576596530085)	(225, 34.970173495754885)	(230, 34.84722775932077)	(235, 35.05904761904762)	(240, 34.19993355481728)	(245, 34.48368401624216)	(250, 34.430781091397435)	(255, 33.987146074052205)	(260, 33.40654878363911)	(265, 34.07627450256562)	(270, 33.03558640038392)	(275, 31.87337295581232)	(280, 32.56250876739636)	(285, 32.56714533574514)	(290, 29.962412787478314)	(295, 28.65102737272229)	(300, 22.7357389081878)
644A14_S90_L001_R2_001	(1, 33.52780750636602)	(2, 33.28837140642876)	(3, 33.06963870539174)	(4, 33.247887219987454)	(5, 33.32697346569731)	(6, 36.66590397460973)	(7, 36.90094844447725)	(8, 36.58050706720301)	(9, 36.97697162047459)	(10, 37.18773295936819)	(15, 36.96502195815035)	(20, 36.844897959183676)	(25, 36.67207439938001)	(30, 36.889522825405024)	(35, 36.51601927106587)	(40, 36.80904343066116)	(45, 36.80698069216775)	(50, 36.695327378755444)	(55, 36.66416918875027)	(60, 36.73292979995571)	(65, 36.699099431608474)	(70, 36.74114564110135)	(75, 36.28137091891063)	(80, 36.30988078101355)	(85, 36.06034030930499)	(90, 36.56482988046996)	(95, 36.33712535065702)	(100, 36.23724346670603)	(105, 36.214158329983555)	(110, 36.161928315676796)	(115, 35.99607987892658)	(120, 35.85022332139825)	(125, 35.67960577313499)	(130, 36.408467756819604)	(135, 35.98007456350818)	(140, 35.198287254069626)	(145, 35.67158835037466)	(150, 34.68484736628401)	(155, 35.25714074784984)	(160, 34.00586910782179)	(165, 34.070591709423795)	(170, 33.54308811044258)	(175, 33.43338378059134)	(180, 34.427625410652986)	(185, 33.429448894466795)	(190, 32.88521649256211)	(195, 32.91820161677309)	(200, 32.30477280277583)	(205, 31.691203720792885)	(210, 29.40595769812853)	(215, 30.56794196430147)	(220, 28.114101144333706)	(225, 29.19063122923588)	(230, 26.070203026947212)	(235, 25.374477667035805)	(240, 23.03520856404577)	(245, 27.836131413805834)	(250, 26.516043185158047)	(255, 24.64621802207538)	(260, 23.32549005131234)	(265, 21.34910111115213)	(270, 20.2251245893167)	(275, 19.82548635977703)	(280, 19.54146701613201)	(285, 17.674546864040753)	(290, 19.38061205655432)	(295, 15.335617710963401)	(300, 11.163443335342883)
644B0_S91_L001_R1_001	(1, 33.83149982917663)	(2, 33.87225828493338)	(3, 33.889203963102155)	(4, 33.884557567475234)	(5, 33.901879057055005)	(6, 37.749607106252135)	(7, 37.69210796036898)	(8, 37.66990092244619)	(9, 37.5902630679877)	(10, 37.622336863682946)	(15, 37.481715066621106)	(20, 37.64627946703109)	(25, 37.43345404851384)	(30, 37.65399385035873)	(35, 37.42885142018133)	(40, 37.52331818647716)	(45, 37.4069698315624)	(50, 37.45424668819558)	(55, 37.44934399343994)	(60, 37.263858138581384)	(65, 36.90610585300851)	(70, 37.10006491953395)	(75, 37.23401783578775)	(80, 37.367123381282674)	(85, 37.0106126353914)	(90, 37.0280315713944)	(95, 37.199535312809644)	(100, 37.05855741961937)	(105, 36.97835104383777)	(110, 36.97008234530359)	(115, 36.95783647111081)	(120, 36.96228516759491)	(125, 36.83822735504152)	(130, 36.729839067892165)	(135, 36.45175795264291)	(140, 36.48742269450234)	(145, 36.39244199952164)	(150, 36.39324153483446)	(155, 36.373765674650635)	(160, 36.26783066252092)	(165, 36.26583524105648)	(170, 36.41577886356647)	(175, 36.290518331226295)	(180, 35.96003690162982)	(185, 36.19305019305019)	(190, 35.963465251344694)	(195, 36.203362263377294)	(200, 35.35489646688991)	(205, 35.751472698694734)	(210, 35.35506047973758)	(215, 35.557288320918474)	(220, 34.584480284288944)	(225, 34.68066015171189)	(230, 34.51068133670471)	(235, 34.66716326112212)	(240, 33.85281213695073)	(245, 33.963377297888336)	(250, 33.767190596596734)	(255, 33.40287022483428)	(260, 32.906751862229214)	(265, 33.40585662543565)	(270, 32.59131415294198)	(275, 31.218014077769425)	(280, 31.753317843231052)	(285, 31.974523337661452)	(290, 29.58045513565229)	(295, 28.45306461256568)	(300, 22.68672869448621)
644B0_S91_L001_R2_001	(1, 33.52579432866416)	(2, 33.29002391527161)	(3, 33.05298940895114)	(4, 33.21540826785104)	(5, 33.32152374444824)	(6, 36.7215920737957)	(7, 36.90618380594465)	(8, 36.56720191322173)	(9, 36.94567816877349)	(10, 37.15011957635805)	(15, 36.898414759139044)	(20, 36.77753331055688)	(25, 36.586798770071745)	(30, 36.80957977451315)	(35, 36.44868192492659)	(40, 36.71962144248181)	(45, 36.7025863541631)	(50, 36.555222500475146)	(55, 36.556703567035676)	(60, 36.696378297116304)	(65, 36.65414972494618)	(70, 36.662377421669454)	(75, 36.166959374039024)	(80, 36.15577271329484)	(85, 35.855666791949986)	(90, 36.45268732702361)	(95, 36.240058769262305)	(100, 35.97443537089555)	(105, 36.085926128404004)	(110, 35.941736426692174)	(115, 35.81555335360645)	(120, 35.685106092185734)	(125, 35.60343048484641)	(130, 36.26781699525063)	(135, 35.88054805753921)	(140, 34.97416885912461)	(145, 35.44642088358903)	(150, 34.331670482112955)	(155, 35.07731574811221)	(160, 33.75496634434687)	(165, 33.81729593057027)	(170, 33.22733454060888)	(175, 33.13143813851779)	(180, 33.89471418320976)	(185, 32.873536747873025)	(190, 32.26832511966549)	(195, 32.5138112485478)	(200, 31.86111528736418)	(205, 30.82706895373471)	(210, 28.79622770450352)	(215, 29.976416319278343)	(220, 27.380461969520944)	(225, 28.094280051937403)	(230, 25.266924075719267)	(235, 24.773552928312718)	(240, 22.35186906307661)	(245, 26.823139479259208)	(250, 25.900731223945876)	(255, 23.9966377366227)	(260, 22.50778377639582)	(265, 20.783127178295633)	(270, 19.51456297409964)	(275, 18.60960158545753)	(280, 18.77461217795394)	(285, 17.19469691792524)	(290, 18.91398654235774)	(295, 14.892926048135607)	(300, 11.100173370179526)
644B14_S92_L001_R1_001	(1, 33.83092642068019)	(2, 33.8930969745108)	(3, 33.88071340891039)	(4, 33.87147086432233)	(5, 33.90089537150697)	(6, 37.782186439454115)	(7, 37.70315546248827)	(8, 37.659036753556215)	(9, 37.5883457289335)	(10, 37.62827640984908)	(15, 37.4482922954726)	(20, 37.67396201891834)	(25, 37.47716080583435)	(30, 37.67597660480901)	(35, 37.499299588417934)	(40, 37.52796519805046)	(45, 37.44651045239557)	(50, 37.51321803805466)	(55, 37.48703469689858)	(60, 37.26046142181464)	(65, 36.952608585767415)	(70, 37.049940426761026)	(75, 37.20045492291584)	(80, 37.40909123731812)	(85, 37.06636097772322)	(90, 37.080622450084846)	(95, 37.26886666425966)	(100, 37.10875546088023)	(105, 37.03804022096256)	(110, 37.025172401343106)	(115, 37.10743401812471)	(120, 37.08096905802073)	(125, 36.994035455103436)	(130, 36.88800231071958)	(135, 36.583211178105934)	(140, 36.632256201032604)	(145, 36.54575585803517)	(150, 36.582106365310324)	(155, 36.57198252518323)	(160, 36.509405350760005)	(165, 36.55379282954833)	(170, 36.52654800158862)	(175, 36.51201213127776)	(180, 36.04998375275301)	(185, 36.339834639130586)	(190, 36.0983238574849)	(195, 36.33087311330975)	(200, 35.54577164728822)	(205, 35.97067956958186)	(210, 35.444436055672995)	(215, 35.86754053370888)	(220, 35.023811071389886)	(225, 34.873556494420974)	(230, 34.75875492731826)	(235, 34.96388126534739)	(240, 34.09716885743175)	(245, 34.25738119312437)	(250, 34.29750830564784)	(255, 33.83685540950455)	(260, 33.187216524628056)	(265, 33.80923732485917)	(270, 32.843088256536184)	(275, 31.628484760941785)	(280, 32.224555828398096)	(285, 32.36989022100245)	(290, 29.7420482449805)	(295, 28.43850472258232)	(300, 22.61291454104971)
644B14_S92_L001_R2_001	(1, 33.45577297999856)	(2, 33.1964762798758)	(3, 32.939959563867426)	(4, 33.18474258069175)	(5, 33.27254675427829)	(6, 36.59935735432161)	(7, 36.84006065419886)	(8, 36.491696151346666)	(9, 36.856379521987144)	(10, 37.10619539316919)	(15, 36.84083327316052)	(20, 36.70603653693407)	(25, 36.51883168459817)	(30, 36.779457000505445)	(35, 36.334580743428795)	(40, 36.68116200854894)	(45, 36.693089254766036)	(50, 36.57481946851531)	(55, 36.535239745811666)	(60, 36.58206009271581)	(65, 36.55096587831739)	(70, 36.5948943852681)	(75, 36.08885358367937)	(80, 36.1394331106698)	(85, 35.79729192995126)	(90, 36.392251308900526)	(95, 36.15014262502257)	(100, 35.99456941686225)	(105, 36.00599386170789)	(110, 35.943101642895826)	(115, 35.787311789131614)	(120, 35.57124390684239)	(125, 35.38782451706084)	(130, 36.18372991514714)	(135, 35.70722513089005)	(140, 34.80743094421376)	(145, 35.371814406932664)	(150, 34.24891857736053)	(155, 34.955580429680445)	(160, 33.50259613648673)	(165, 33.5433832821809)	(170, 33.01775771799964)	(175, 32.833175663477164)	(180, 33.90284166817115)	(185, 32.71142805560571)	(190, 32.079799639780624)	(195, 32.25295923157476)	(200, 31.54373307333983)	(205, 30.90358574368974)	(210, 28.562847397430154)	(215, 29.70090278780875)	(220, 27.11743463816265)	(225, 28.034833164812945)	(230, 24.830944435489418)	(235, 24.48679354302842)	(240, 21.97069083817847)	(245, 26.78659492253801)	(250, 25.47694918926727)	(255, 23.66266295908418)	(260, 22.205193023003865)	(265, 20.3626810154924)	(270, 19.2236250045141)	(275, 19.049279549312054)	(280, 18.92042902025929)	(285, 16.83921129608898)	(290, 18.58434870535553)	(295, 14.655789940848106)	(300, 10.785846075813383)
651A0_S105_L001_R1_001	(1, 33.84604571568268)	(2, 33.90962799983702)	(3, 33.91001507558163)	(4, 33.923705333496315)	(5, 33.889581550747664)	(6, 37.82901438291977)	(7, 37.7417593611213)	(8, 37.69229515544147)	(9, 37.631544635945076)	(10, 37.682887177606645)	(15, 37.4926129650002)	(20, 37.630623803121054)	(25, 37.49002566923359)	(30, 37.5435562074726)	(35, 37.560440858900705)	(40, 37.27408629751864)	(45, 37.46576213176873)	(50, 37.391117630281556)	(55, 37.43502831764658)	(60, 37.32660228985862)	(65, 37.09625555148107)	(70, 37.25368129405533)	(75, 37.165289491912155)	(80, 37.412895734017845)	(85, 37.137012590147904)	(90, 37.1191011693762)	(95, 36.98044248869331)	(100, 37.18024691358024)	(105, 36.96103573320295)	(110, 36.70842195330645)	(115, 37.04732510288066)	(120, 36.95938556818645)	(125, 36.506889948254084)	(130, 36.60363851199935)	(135, 36.26580695106547)	(140, 36.420356109685045)	(145, 36.2016868353502)	(150, 36.090477936682554)	(155, 36.26966548506702)	(160, 35.98905164510543)	(165, 36.22598757257818)	(170, 36.3279616990934)	(175, 35.91828053376795)	(180, 35.6729347051034)	(185, 35.33089538555567)	(190, 35.12653152694306)	(195, 35.616913517367834)	(200, 35.31389222776816)	(205, 35.47441784659266)	(210, 35.51895691148009)	(215, 34.917229296118975)	(220, 35.229528369155545)	(225, 34.68406234083732)	(230, 34.532044412753386)	(235, 34.351655291840686)	(240, 33.91905470102883)	(245, 33.598785779769784)	(250, 33.08943694157407)	(255, 32.634390725913256)	(260, 32.360739971069414)	(265, 32.855872705417354)	(270, 31.646244117107756)	(275, 30.281792066499605)	(280, 30.61351995599291)	(285, 31.15003565389238)	(290, 28.99306480858953)	(295, 27.064751277952347)	(300, 22.836810781999745)
651A0_S105_L001_R2_001	(1, 33.1874057776148)	(2, 33.38088253269771)	(3, 33.44157193497127)	(4, 33.464572383164246)	(5, 33.55429246628366)	(6, 37.02080022817096)	(7, 36.97708104143748)	(8, 37.0214114003993)	(9, 37.14943160982765)	(10, 36.99049830909017)	(15, 37.13047712178625)	(20, 36.73218432954407)	(25, 36.76013527278654)	(30, 36.850723220470194)	(35, 36.768186448274456)	(40, 36.71725542924663)	(45, 36.67383367966427)	(50, 36.59194882451207)	(55, 36.352988632196556)	(60, 36.53475532738459)	(65, 36.479533879313855)	(70, 36.23365929185511)	(75, 36.20541091146152)	(80, 35.77488489589699)	(85, 36.4039766939657)	(90, 36.29108095994785)	(95, 36.006233956729005)	(100, 36.01305871327874)	(105, 36.48602045389724)	(110, 35.39047793668256)	(115, 35.79443425824063)	(120, 35.24414700729333)	(125, 35.8693313775822)	(130, 35.411086664221976)	(135, 35.077663692295154)	(140, 34.776547284358074)	(145, 34.91655054394328)	(150, 34.347622540031786)	(155, 34.71113148351873)	(160, 32.74008352857288)	(165, 31.873749618009576)	(170, 32.776640521544266)	(175, 32.293213812773764)	(180, 32.667870021391465)	(185, 30.482363247427934)	(190, 30.154641947641846)	(195, 31.11123153712947)	(200, 30.390648874401553)	(205, 27.792812468167465)	(210, 28.640949373535697)	(215, 27.24928593256596)	(220, 25.122522155444635)	(225, 23.812170724253843)	(230, 23.624231435265358)	(235, 21.292606702658656)	(240, 21.229023123153713)	(245, 23.589463176123054)	(250, 23.82924986855246)	(255, 19.671228913698965)	(260, 20.454799934805642)	(265, 17.48969521636378)	(270, 16.82897074403064)	(275, 21.085877271616006)	(280, 15.557232499388803)	(285, 17.09443403145628)	(290, 15.309696855653357)	(295, 13.920806211898432)	(300, 11.945505631767574)
651A14_S106_L001_R1_001	(1, 33.8206746078547)	(2, 33.897511498997524)	(3, 33.864311829225144)	(4, 33.907713173723316)	(5, 33.876754334237525)	(6, 37.812684278806465)	(7, 37.74885010024767)	(8, 37.693271612218425)	(9, 37.61378110626253)	(10, 37.654275268309945)	(15, 37.463315249439795)	(20, 37.61480717065692)	(25, 37.476294374336604)	(30, 37.50425757754452)	(35, 37.50712937846444)	(40, 37.104954937797864)	(45, 37.44120890461448)	(50, 37.328303110717975)	(55, 37.36266548724753)	(60, 37.232375055285274)	(65, 37.0152970661949)	(70, 37.10612413386407)	(75, 37.15182072829132)	(80, 37.40334365325077)	(85, 37.07412059560666)	(90, 36.99524104378593)	(95, 36.77753206545776)	(100, 37.10508034792865)	(105, 36.973763821318)	(110, 36.8952675807165)	(115, 36.952410437859356)	(120, 37.10850656051894)	(125, 36.72731239864366)	(130, 36.680796107916855)	(135, 36.36026536930562)	(140, 36.23953412944125)	(145, 36.225923632610936)	(150, 36.24206398348813)	(155, 36.364800235883834)	(160, 36.063258145363406)	(165, 36.14722099366062)	(170, 36.40586171310629)	(175, 36.065734925549165)	(180, 35.877154369468556)	(185, 35.940779619036384)	(190, 35.79729315327004)	(195, 35.88957952468007)	(200, 35.477047826856165)	(205, 35.38906992811068)	(210, 35.38488852188274)	(215, 34.92893122566946)	(220, 34.973144980535565)	(225, 34.28047068538398)	(230, 34.85545593960127)	(235, 34.32622389996461)	(240, 33.913760764421376)	(245, 33.64017341040462)	(250, 33.49738280494127)	(255, 33.12636484294352)	(260, 33.028445021236436)	(265, 32.92774893817838)	(270, 32.090408211420474)	(275, 30.852318310523835)	(280, 31.007633317602643)	(285, 31.92326569136385)	(290, 29.029049226572987)	(295, 28.193651456990768)	(300, 23.47730339792797)
651A14_S106_L001_R2_001	(1, 33.22523292841137)	(2, 33.40461728977474)	(3, 33.47187168298149)	(4, 33.48257459606086)	(5, 33.57332822266777)	(6, 37.08951527302748)	(7, 37.03449699256988)	(8, 37.08352989739356)	(9, 37.1897039745253)	(10, 37.03156622243189)	(15, 37.14488147187168)	(20, 36.72712584031136)	(25, 36.76922986201203)	(30, 36.84961670008256)	(35, 36.85722962613516)	(40, 36.710189481668486)	(45, 36.59060249794011)	(50, 36.67704782685617)	(55, 36.38716164415875)	(60, 36.59422657309666)	(65, 36.58123488824674)	(70, 36.41089225688506)	(75, 36.45993984785044)	(80, 36.17468302176092)	(85, 36.591891254349235)	(90, 36.46115468538067)	(95, 36.08424839299404)	(100, 36.020316093648646)	(105, 36.5387509583063)	(110, 35.59692752255705)	(115, 36.03248805802913)	(120, 35.53928171256708)	(125, 36.06926343103143)	(130, 35.96114878811111)	(135, 35.34338031491419)	(140, 35.121047355074595)	(145, 35.280810284838125)	(150, 34.728247921212485)	(155, 35.22159580114406)	(160, 33.99834876452203)	(165, 32.96748835289261)	(170, 33.13781329244559)	(175, 33.380385681429495)	(180, 33.73104144578896)	(185, 32.752242502875006)	(190, 32.28989473063427)	(195, 32.615622327720935)	(200, 32.20911155014301)	(205, 29.822022323374718)	(210, 30.382245554015395)	(215, 29.392491226000526)	(220, 28.073542336390716)	(225, 27.38014569262984)	(230, 26.13498687586634)	(235, 24.260677736160677)	(240, 23.442604771876013)	(245, 26.176942814168164)	(250, 26.24040111507241)	(255, 22.189139924492686)	(260, 22.311647936760757)	(265, 19.901631124089317)	(270, 18.176350175500694)	(275, 19.93892575878241)	(280, 17.830127127392856)	(285, 19.104586614753856)	(290, 16.91072128825655)	(295, 15.497197309753082)	(300, 13.050231643178101)
651B0_S107_L001_R1_001	(1, 33.86827103984724)	(2, 33.90873606469911)	(3, 33.88278902586279)	(4, 33.90575945634776)	(5, 33.91505433714302)	(6, 37.823425346100926)	(7, 37.75254836988571)	(8, 37.75532840976103)	(9, 37.65906601892674)	(10, 37.691848024486816)	(15, 37.540765493808095)	(20, 37.670500687989666)	(25, 37.52557917497403)	(30, 37.572581505714524)	(35, 37.58167420179158)	(40, 37.296846480020214)	(45, 37.503142287495436)	(50, 37.47118025329253)	(55, 37.44195332902755)	(60, 37.34201791581253)	(65, 37.11657633877172)	(70, 37.256387071410515)	(75, 37.19017719244054)	(80, 37.49526269972761)	(85, 37.27284827721771)	(90, 37.1562494734773)	(95, 37.05621296790317)	(100, 37.25656117491786)	(105, 37.15203729184802)	(110, 37.00438066889444)	(115, 37.203330431608215)	(120, 37.28889949734632)	(125, 36.93560416725169)	(130, 36.97667574625818)	(135, 36.69484709780686)	(140, 36.70769144365505)	(145, 36.51140377973098)	(150, 36.48859060402685)	(155, 36.69298812164781)	(160, 36.411445901547275)	(165, 36.5859987082643)	(170, 36.72564095363792)	(175, 36.274724102103285)	(180, 36.16240487489821)	(185, 36.23660105023729)	(190, 36.05869534694336)	(195, 36.2145292184999)	(200, 35.85786414310185)	(205, 35.97705203448372)	(210, 35.91613265564011)	(215, 35.291690769705994)	(220, 35.59334475302575)	(225, 35.12838729606021)	(230, 35.3206874280419)	(235, 34.94478672320351)	(240, 34.5134930218191)	(245, 34.39242368930948)	(250, 34.39951692447324)	(255, 34.06716090985678)	(260, 33.833395113732095)	(265, 34.00471215950576)	(270, 32.96902555461949)	(275, 31.69582139848357)	(280, 32.05156416736872)	(285, 32.73292895254142)	(290, 30.416208930075822)	(295, 29.06166014195774)	(300, 24.505960989124517)
651B0_S107_L001_R2_001	(1, 33.26216618460588)	(2, 33.39841621970739)	(3, 33.48103114206285)	(4, 33.49335879363118)	(5, 33.57134031619444)	(6, 37.09623430962343)	(7, 37.028362022970434)	(8, 37.026284013366656)	(9, 37.177838308387855)	(10, 37.02070146864733)	(15, 37.14693212771334)	(20, 36.72356294403416)	(25, 36.76967790851141)	(30, 36.81887057369914)	(35, 36.87084889500435)	(40, 36.784420544213866)	(45, 36.65044508719215)	(50, 36.57457527168572)	(55, 36.30782623346719)	(60, 36.52039538344893)	(65, 36.52251270674792)	(70, 36.42363876330348)	(75, 36.40275195866445)	(80, 36.146437898402176)	(85, 36.555642919322686)	(90, 36.37383392771896)	(95, 36.17746763640449)	(100, 36.0645193900761)	(105, 36.532352363033894)	(110, 35.73742944595771)	(115, 36.00910954480357)	(120, 35.29979500716071)	(125, 35.9684423352335)	(130, 35.78770042964253)	(135, 35.17347448821993)	(140, 35.00971048271602)	(145, 35.246553031366716)	(150, 34.53895144758642)	(155, 34.80769425177614)	(160, 33.42174608969139)	(165, 32.734497767543736)	(170, 32.84935553621072)	(175, 33.270118783521944)	(180, 33.65377551880037)	(185, 32.50901126056556)	(190, 31.862076324731124)	(195, 32.20804245879082)	(200, 32.0092443346157)	(205, 29.42231894639297)	(210, 30.006273342506528)	(215, 28.865749347111848)	(220, 27.390738816657773)	(225, 26.626345792030556)	(230, 25.361596136025383)	(235, 23.044654741512453)	(240, 23.242604813119545)	(245, 25.790918536407286)	(250, 25.484384038639746)	(255, 21.510976945325883)	(260, 21.71265620173542)	(265, 18.98436438179214)	(270, 18.121872455140267)	(275, 21.45111342001067)	(280, 17.00591951924967)	(285, 18.324562635140826)	(290, 16.296576900395944)	(295, 14.865468599893541)	(300, 12.53061598505816)
651B14_S108_L001_R1_001	(1, 33.892774415302995)	(2, 33.896174250915344)	(3, 33.88720765149817)	(4, 33.90439363371441)	(5, 33.894530374355526)	(6, 37.80912351490697)	(7, 37.74553538070687)	(8, 37.72603302697452)	(9, 37.635545094522904)	(10, 37.6715235746843)	(15, 37.50295150564149)	(20, 37.65237241276246)	(25, 37.50747216618098)	(30, 37.57117985503997)	(35, 37.58249271463798)	(40, 37.25512216991706)	(45, 37.507016364043935)	(50, 37.4133154001345)	(55, 37.43043413285511)	(60, 37.31964432488978)	(65, 37.07236045729657)	(70, 37.19792273780168)	(75, 37.21363670328029)	(80, 37.48386012104909)	(85, 37.20156168273182)	(90, 37.100112082492714)	(95, 36.974116416349105)	(100, 37.19255772248375)	(105, 37.12722857356347)	(110, 36.9638646043488)	(115, 37.12884256145857)	(120, 37.192639916311734)	(125, 36.851886721960696)	(130, 36.85268624374206)	(135, 36.518403945303746)	(140, 36.4756855712471)	(145, 36.39860270492416)	(150, 36.398527983262355)	(155, 36.536284838974815)	(160, 36.26121945752074)	(165, 36.3864903235448)	(170, 36.59864753792125)	(175, 36.2537697078383)	(180, 36.045632518867215)	(185, 36.09087648509303)	(190, 35.95397892849137)	(195, 36.082104161996554)	(200, 35.672382873795115)	(205, 35.65295524172457)	(210, 35.64912202047374)	(215, 35.17299559142195)	(220, 35.31884480310842)	(225, 34.71924082791601)	(230, 35.10957184487783)	(235, 34.69060748711051)	(240, 34.27002166928193)	(245, 34.03910184562504)	(250, 33.92285033548633)	(255, 33.61041736726077)	(260, 33.5079774315286)	(265, 33.510465941785306)	(270, 32.59908082053582)	(275, 31.4589918917909)	(280, 31.66586705526286)	(285, 32.47598550237268)	(290, 29.79731719164518)	(295, 28.789894739155482)	(300, 24.472159378028806)
651B14_S108_L001_R2_001	(1, 33.0865276843757)	(2, 33.31073003063588)	(3, 33.35645968766345)	(4, 33.404020025405366)	(5, 33.52641410744975)	(6, 36.94537846521707)	(7, 36.87039527759097)	(8, 36.92553986400657)	(9, 37.07408652768438)	(10, 36.88294104460883)	(15, 37.03175670626914)	(20, 36.54120899648808)	(25, 36.581035642232685)	(30, 36.68175297018606)	(35, 36.73568706568034)	(40, 36.54684300978854)	(45, 36.45761040125532)	(50, 36.48627363072555)	(55, 36.11164163490996)	(60, 36.373092729582304)	(65, 36.38263468579541)	(70, 36.20667264439962)	(75, 36.18637824105208)	(80, 35.9352686243742)	(85, 36.36307255473362)	(90, 36.25124411566914)	(95, 35.92902936561309)	(100, 35.82794590151685)	(105, 36.37005903011283)	(110, 35.460494657401185)	(115, 35.81804528132706)	(120, 35.18335201374879)	(125, 35.749443323619516)	(130, 35.60562654113427)	(135, 34.96775760292909)	(140, 34.79459762385115)	(145, 34.985130389299854)	(150, 34.277023088993495)	(155, 34.73738324740342)	(160, 33.3566763804827)	(165, 32.401315101247846)	(170, 32.63404318912053)	(175, 32.97472166180976)	(180, 33.36934170215946)	(185, 32.1431667040275)	(190, 31.552947769558394)	(195, 32.00455054920421)	(200, 31.618321751475747)	(205, 28.988448031084214)	(210, 29.809355152058583)	(215, 28.649682432937304)	(220, 27.273234700739742)	(225, 26.492415751326313)	(230, 25.235201374878578)	(235, 23.20452813270567)	(240, 23.011910632892473)	(245, 25.569804976462677)	(250, 25.48338129078499)	(255, 21.53591899263909)	(260, 21.458902215745617)	(265, 19.03137914284647)	(270, 17.64802152225087)	(275, 20.323110264170683)	(280, 17.26075552068154)	(285, 18.32352875238202)	(290, 16.314125982006516)	(295, 15.001455280289708)	(300, 12.709819215823664)
653A0_S113_L001_R1_001	(1, 33.842635831294935)	(2, 33.92250389148321)	(3, 33.910681194870655)	(4, 33.92124379215773)	(5, 33.886109258023865)	(6, 37.82936772663257)	(7, 37.76562152546142)	(8, 37.70535912830776)	(9, 37.64276184122748)	(10, 37.67244829886591)	(15, 37.52219257282633)	(20, 37.64896597731821)	(25, 37.498391520272776)	(30, 37.558120228300346)	(35, 37.56642205915055)	(40, 37.16095174560819)	(45, 37.5009191312727)	(50, 37.36415388036469)	(55, 37.40406196723742)	(60, 37.31535838707286)	(65, 37.01868653176191)	(70, 37.11489806731703)	(75, 37.24956821466959)	(80, 37.48334012823839)	(85, 37.154760757570145)	(90, 37.03108854379007)	(95, 36.823890886179164)	(100, 37.13430191616323)	(105, 37.01117082391312)	(110, 36.87997479707943)	(115, 37.09405136948223)	(120, 37.18523405359327)	(125, 36.891864645491275)	(130, 36.83919795411585)	(135, 36.66523108854379)	(140, 36.61134131425818)	(145, 36.52582187465253)	(150, 36.56304807086468)	(155, 36.561476594640666)	(160, 36.25512026981951)	(165, 36.53307883325302)	(170, 36.653823060672316)	(175, 36.35429376227716)	(180, 36.09360661206034)	(185, 36.25976798487825)	(190, 36.17198769504466)	(195, 36.19528557132797)	(200, 35.85729958118676)	(205, 35.827523071791255)	(210, 35.958793224861935)	(215, 35.294340461806456)	(220, 35.19771691190097)	(225, 34.46184351951373)	(230, 35.16845187354064)	(235, 34.45348207998221)	(240, 34.36599829509655)	(245, 34.25849301360216)	(250, 34.18476705830028)	(255, 33.06611319076387)	(260, 33.38492272339795)	(265, 33.548763944998335)	(270, 32.55645083577332)	(275, 31.73284904191839)	(280, 31.54481301656721)	(285, 32.6732515473852)	(290, 30.18693154442015)	(295, 29.356318435807218)	(300, 24.44965544844701)
653A0_S113_L001_R2_001	(1, 33.53724705359128)	(2, 33.26980950263138)	(3, 33.23111704099029)	(4, 33.14587502779631)	(5, 33.45093024979616)	(6, 36.91249722036913)	(7, 37.0657104736491)	(8, 36.97739233563116)	(9, 37.10925802386777)	(10, 36.97897116596249)	(15, 37.09233563116152)	(20, 36.6242606181899)	(25, 36.736869023793645)	(30, 36.7726187828923)	(35, 36.69312875250167)	(40, 36.61480246089986)	(45, 36.33269587132162)	(50, 36.57006893484545)	(55, 36.193254762434215)	(60, 36.47545030020014)	(65, 36.48733970795345)	(70, 36.205227097781915)	(75, 36.176338905155475)	(80, 36.113939438864385)	(85, 36.49629739446277)	(90, 36.45497201734554)	(95, 35.99725732923169)	(100, 35.87514176642823)	(105, 36.43710018160928)	(110, 35.6535191431007)	(115, 35.945079871020354)	(120, 35.55393054371594)	(125, 35.99448500796857)	(130, 36.00209777250657)	(135, 35.3959749453319)	(140, 35.26891516252177)	(145, 35.351817945961976)	(150, 34.79588599384753)	(155, 34.43272673362737)	(160, 34.13975019458137)	(165, 33.01238649419962)	(170, 33.16572402801972)	(175, 34.05220710870613)	(180, 33.52631852044031)	(185, 33.148215410844664)	(190, 32.217768059004484)	(195, 32.948801008116824)	(200, 32.2700122308291)	(205, 30.14195915644342)	(210, 30.75499054890479)	(215, 29.87775842259368)	(220, 27.89191653385716)	(225, 27.69450353952782)	(230, 25.88864756680627)	(235, 24.613142581816835)	(240, 24.13589563025833)	(245, 26.80438086060561)	(250, 26.85375634705904)	(255, 22.747614988325118)	(260, 22.697639079352136)	(265, 20.411067047181348)	(270, 19.608027871465104)	(275, 20.340076350024095)	(280, 18.918001556650974)	(285, 19.489566732144844)	(290, 17.129328844071118)	(295, 15.652752105380785)	(300, 12.990029760044433)
653A14_S114_L001_R1_001	(1, 33.82675721031885)	(2, 33.89724076025446)	(3, 33.85751083011357)	(4, 33.90976856730281)	(5, 33.87850759083636)	(6, 37.80825820551848)	(7, 37.73695507942083)	(8, 37.67556492214027)	(9, 37.62970768450221)	(10, 37.63374312141435)	(15, 37.459313897670064)	(20, 37.6138079069586)	(25, 37.482683526519146)	(30, 37.533146001639146)	(35, 37.543995628927135)	(40, 37.09098075947391)	(45, 37.44835499356047)	(50, 37.28331577098701)	(55, 37.376482066893026)	(60, 37.255723373531595)	(65, 36.94555298509424)	(70, 37.00844586683319)	(75, 37.17936148622278)	(80, 37.42968542658652)	(85, 37.009085941768795)	(90, 36.89770509718211)	(95, 36.64692302751873)	(100, 36.99913348946136)	(105, 36.85515222482435)	(110, 36.744566744730676)	(115, 36.92996877439501)	(120, 37.07969555035129)	(125, 36.7656518345043)	(130, 36.67967213114754)	(135, 36.4895862607338)	(140, 36.400249804839966)	(145, 36.330296643247465)	(150, 36.43186572989852)	(155, 36.3624355971897)	(160, 36.01249024199844)	(165, 36.30431693989071)	(170, 36.43264637002342)	(175, 36.23315378610461)	(180, 35.84322404371584)	(185, 36.04151444184231)	(190, 35.98907884465261)	(195, 36.018227946916475)	(200, 35.62197501951601)	(205, 35.481818891491024)	(210, 35.59064012490242)	(215, 34.99470725995316)	(220, 34.79749414519906)	(225, 34.01434816549571)	(230, 34.85262295081967)	(235, 33.94266198282592)	(240, 33.93922716627635)	(245, 33.78513661202186)	(250, 33.674637002341925)	(255, 32.27323965651835)	(260, 32.78969555035129)	(265, 32.99193598750976)	(270, 31.942388758782204)	(275, 31.18544886807182)	(280, 30.76416081186573)	(285, 32.07209992193599)	(290, 29.480757220921156)	(295, 28.732621069521088)	(300, 23.862965892765843)
653A14_S114_L001_R2_001	(1, 33.602739726027394)	(2, 33.34426101549389)	(3, 33.32505951684034)	(4, 33.25473207664989)	(5, 33.517698942356475)	(6, 37.03668579011045)	(7, 37.16930101861609)	(8, 37.08355774109199)	(9, 37.2153143659993)	(10, 37.060570581118526)	(15, 37.172618350700546)	(20, 36.71153260742302)	(25, 36.84030753619795)	(30, 36.90300901533779)	(35, 36.81920930414081)	(40, 36.65364711392109)	(45, 36.376185458377236)	(50, 36.71018225812746)	(55, 36.31105647270031)	(60, 36.63246302150412)	(65, 36.61829879018329)	(70, 36.320435563187885)	(75, 36.27172742174694)	(80, 36.2763796737179)	(85, 36.61390992116151)	(90, 36.58248380298181)	(95, 36.06968114711139)	(100, 35.96127244340359)	(105, 36.532326307572205)	(110, 35.755425448868074)	(115, 36.10900858704137)	(120, 35.77697892271662)	(125, 36.144980483996875)	(130, 36.173497267759565)	(135, 35.60028883684622)	(140, 35.47060109289618)	(145, 35.55409055425449)	(150, 34.948110850897734)	(155, 34.543973458235754)	(160, 34.34171740827478)	(165, 33.2603669008587)	(170, 33.45021077283373)	(175, 34.31921155347385)	(180, 33.740710382513655)	(185, 33.45822014051522)	(190, 32.45649492583919)	(195, 33.288696330991414)	(200, 32.551467603434816)	(205, 30.523559718969558)	(210, 31.245753317720528)	(215, 30.27854020296643)	(220, 28.131483216237314)	(225, 28.199508196721315)	(230, 26.136627634660424)	(235, 25.05943793911007)	(240, 24.536057767369243)	(245, 27.08121779859485)	(250, 27.40207650273224)	(255, 23.161678376268537)	(260, 23.10180327868853)	(265, 20.8796018735363)	(270, 20.193973458235753)	(275, 20.144902419984383)	(280, 19.651491022638563)	(285, 19.880109289617486)	(290, 17.533559718969556)	(295, 16.04445283501002)	(300, 13.184569826672307)
653B0_S115_L001_R1_001	(1, 33.8602350750611)	(2, 33.907560417394)	(3, 33.87132937662438)	(4, 33.90511656774894)	(5, 33.90577601924047)	(6, 37.81651732029947)	(7, 37.751154040110166)	(8, 37.74514139415803)	(9, 37.673183599053495)	(10, 37.68844408239265)	(15, 37.541246751231625)	(20, 37.65990147018891)	(25, 37.519446060747114)	(30, 37.57573218511191)	(35, 37.600558594204585)	(40, 37.20980643159161)	(45, 37.52593196012258)	(50, 37.39394080453082)	(55, 37.44742619961984)	(60, 37.332929904185576)	(65, 37.054424143682844)	(70, 37.16216300089219)	(75, 37.287683773614184)	(80, 37.52514837658559)	(85, 37.1569416967299)	(90, 37.04433065673611)	(95, 36.806028162457814)	(100, 37.16828426238411)	(105, 36.99570968617868)	(110, 36.85222855812871)	(115, 37.10264168509252)	(120, 37.212227006478145)	(125, 36.929430932154084)	(130, 36.883207261724664)	(135, 36.68965436983591)	(140, 36.62112572248729)	(145, 36.55325652663021)	(150, 36.609977113154116)	(155, 36.55796578610498)	(160, 36.2885294231739)	(165, 36.54470693199891)	(170, 36.6852166492106)	(175, 36.39138833934598)	(180, 36.12670002715389)	(185, 36.28814926878467)	(190, 36.244555646068505)	(195, 36.249202839520535)	(200, 35.96323363978432)	(205, 35.93351953140153)	(210, 35.98223360099306)	(215, 35.38812211489972)	(220, 35.259389425501375)	(225, 34.48294348112805)	(230, 35.27309825827224)	(235, 34.47450250203654)	(240, 34.46859071337135)	(245, 34.43377167461888)	(250, 34.36551456611971)	(255, 33.109957717522015)	(260, 33.53891151712634)	(265, 33.689258698940996)	(270, 32.67500678847124)	(275, 31.909360332053218)	(280, 31.71682377128671)	(285, 32.86824935024632)	(290, 30.23039683463284)	(295, 29.446964578598475)	(300, 24.654966649233046)
653B0_S115_L001_R2_001	(1, 33.55188331587726)	(2, 33.29865394313201)	(3, 33.26533224717794)	(4, 33.17072035377633)	(5, 33.444935800457735)	(6, 36.91202141277784)	(7, 37.02502036541371)	(8, 36.96330346405989)	(9, 37.112029171030684)	(10, 36.96071996586369)	(15, 37.069149307575934)	(20, 36.58331975639086)	(25, 36.70055471507816)	(30, 36.75433492377517)	(35, 36.727669808759074)	(40, 36.54993599441406)	(45, 36.27504557973545)	(50, 36.57467706272548)	(55, 36.160370844485826)	(60, 36.457232631211454)	(65, 36.48482873656853)	(70, 36.087443267776095)	(75, 36.09036037084449)	(80, 36.0511036114667)	(85, 36.47855231001978)	(90, 36.40965126653478)	(95, 35.93542030334769)	(100, 35.753954769385935)	(105, 36.36114666976997)	(110, 35.463175452888)	(115, 35.90665270181155)	(120, 35.482865898599634)	(125, 35.935637534427244)	(130, 35.95626672873269)	(135, 35.283067613173515)	(140, 35.084068427790065)	(145, 35.272446565033555)	(150, 34.70846813297645)	(155, 34.326847433957866)	(160, 34.024027309050005)	(165, 32.83438457659336)	(170, 32.963722409713334)	(175, 33.91903487334652)	(180, 33.196943248380464)	(185, 32.981108654331045)	(190, 32.04013344194887)	(195, 32.73364366344699)	(200, 32.05666627875403)	(205, 29.86600721517514)	(210, 30.64720121028744)	(215, 29.888560456185267)	(220, 27.86755110749059)	(225, 27.551029908064702)	(230, 25.74228635711238)	(235, 24.41525272508631)	(240, 23.962341440707554)	(245, 26.62124985453276)	(250, 26.709957717522013)	(255, 22.615617362969857)	(260, 22.475231777803636)	(265, 20.03756546025835)	(270, 19.3296404049808)	(275, 19.804592885682144)	(280, 18.71493075759339)	(285, 19.258559292447337)	(290, 16.945529657737875)	(295, 15.551354814045393)	(300, 12.869853544049722)
653B14_S116_L001_R1_001	(1, 33.90605797866325)	(2, 33.8902627511592)	(3, 33.87465601085686)	(4, 33.908018245561124)	(5, 33.87782259584574)	(6, 37.78874354431334)	(7, 37.721905982583785)	(8, 37.7345723225393)	(9, 37.62596599690881)	(10, 37.64130885512874)	(15, 37.47593772382855)	(20, 37.622241489802846)	(25, 37.470720398084964)	(30, 37.53939005541524)	(35, 37.54866362573981)	(40, 37.097372488408034)	(45, 37.47081841142987)	(50, 37.32180796923889)	(55, 37.38054058129453)	(60, 37.26385192445433)	(65, 36.93775398650432)	(70, 37.02800165868737)	(75, 37.17727598296076)	(80, 37.46333923926566)	(85, 37.03195988992347)	(90, 36.89615863082897)	(95, 36.68870207712896)	(100, 37.04547819203076)	(105, 36.8647265050703)	(110, 36.746741056282275)	(115, 36.96200098013345)	(120, 37.08332642213593)	(125, 36.79367436951031)	(130, 36.713981980623515)	(135, 36.50256719568741)	(140, 36.428009198175445)	(145, 36.350993327553056)	(150, 36.41465676480567)	(155, 36.40211105665925)	(160, 36.07621668488709)	(165, 36.34749500508916)	(170, 36.4913484374411)	(175, 36.25487239416443)	(180, 35.879594375541906)	(185, 36.06896369736494)	(190, 36.00321936140536)	(195, 36.03273645719456)	(200, 35.64243977833905)	(205, 35.57551174275267)	(210, 35.6609869189882)	(215, 35.05228634975685)	(220, 34.94425302521959)	(225, 34.15319485806914)	(230, 34.887412824669205)	(235, 34.00901722773024)	(240, 34.08987823726769)	(245, 33.88641007275606)	(250, 33.807607343461385)	(255, 32.49057940965808)	(260, 33.0787499528782)	(265, 33.10727183624232)	(270, 32.07614129000641)	(275, 31.30568854374788)	(280, 30.954046820220906)	(285, 32.2858446111509)	(290, 29.6433445169073)	(295, 28.842059082846937)	(300, 24.081315740204047)
653B14_S116_L001_R2_001	(1, 33.53157160628793)	(2, 33.26211030271045)	(3, 33.23067063746372)	(4, 33.13842500094243)	(5, 33.44976816074188)	(6, 36.90624646586497)	(7, 37.00437290307988)	(8, 36.94891996833415)	(9, 37.094545180382255)	(10, 36.95300637086742)	(15, 37.06928035586384)	(20, 36.55106118294568)	(25, 36.68640253326798)	(30, 36.74790213744486)	(35, 36.69024013269499)	(40, 36.48647038866061)	(45, 36.19567233384853)	(50, 36.53955592415275)	(55, 36.08380894937234)	(60, 36.424186677724585)	(65, 36.42838617257888)	(70, 36.09947600557922)	(75, 36.08059712745505)	(80, 36.036589135597694)	(85, 36.44568929769669)	(90, 36.408097410185846)	(95, 35.86158253854563)	(100, 35.71124514645455)	(105, 36.34613789723678)	(110, 35.493859086967994)	(115, 35.88353752780186)	(120, 35.4943642326686)	(125, 35.92626380668752)	(130, 35.90624646586497)	(135, 35.28276096053078)	(140, 35.12278056319976)	(145, 35.20002261846421)	(150, 34.58399366683002)	(155, 34.11766879028913)	(160, 33.855309684472424)	(165, 32.70684962491047)	(170, 32.88184114298639)	(175, 33.864221359369694)	(180, 33.187431673389376)	(185, 32.85323632525352)	(190, 31.859893693218233)	(195, 32.77076940475742)	(200, 31.971892788479664)	(205, 29.802141214611527)	(210, 30.540453123232936)	(215, 29.50209220793908)	(220, 27.311622120857994)	(225, 27.352636935952045)	(230, 25.408512082029628)	(235, 24.17732875937724)	(240, 23.826162023598602)	(245, 26.45758660986919)	(250, 26.65347004938365)	(255, 22.32776416481321)	(260, 22.222535529837522)	(265, 19.93943529234365)	(270, 19.37713273268745)	(275, 19.903841369171033)	(280, 18.8890790515324)	(285, 19.072778678327744)	(290, 16.877925181772902)	(295, 15.448403926196846)	(300, 12.852624073344533)
655A14_S126_L001_R1_001	(1, 33.82261208576998)	(2, 33.91247563352827)	(3, 33.87391812865497)	(4, 33.877426900584794)	(5, 33.88892787524367)	(6, 37.79707602339181)	(7, 37.759844054580896)	(8, 37.702261208577)	(9, 37.630916179337234)	(10, 37.65833918128655)	(15, 37.484881091617936)	(20, 37.619040935672516)	(25, 37.48185575048733)	(30, 37.48976998050682)	(35, 37.51771539961014)	(40, 37.11989863547758)	(45, 37.416233918128654)	(50, 37.372912280701755)	(55, 37.38017153996101)	(60, 37.255329434697856)	(65, 37.06532553606238)	(70, 37.177411306042885)	(75, 37.10669421809818)	(80, 37.44050840188701)	(85, 37.08138328979687)	(90, 37.069000740769624)	(95, 36.710468244376)	(100, 37.11602011774338)	(105, 36.9559670942337)	(110, 36.65608015907053)	(115, 36.97584311279193)	(120, 37.1006121096339)	(125, 36.716105891067876)	(130, 36.740886584272296)	(135, 36.40693204413427)	(140, 36.442309641701435)	(145, 36.30716207259543)	(150, 36.20363366992865)	(155, 36.41447229911497)	(160, 36.127599516550355)	(165, 36.286217786268466)	(170, 36.45356933993528)	(175, 35.98834262544348)	(180, 35.83179071308823)	(185, 35.8335997504776)	(190, 35.77307497368319)	(195, 35.75103122928769)	(200, 35.44050840188701)	(205, 35.49358211667288)	(210, 35.53990954460387)	(215, 34.86643792888334)	(220, 35.22460230817218)	(225, 34.48364004990642)	(230, 34.94475202744853)	(235, 34.280965377417346)	(240, 33.92492981908921)	(245, 34.00929507174048)	(250, 33.89737211478478)	(255, 33.44500935745477)	(260, 33.14106363069245)	(265, 33.327136618839674)	(270, 32.357821272613855)	(275, 30.96926076107299)	(280, 31.448245477230195)	(285, 32.118348409232695)	(290, 29.565307236431693)	(295, 28.318483058434946)	(300, 23.301712074214365)
655A14_S126_L001_R2_001	(1, 33.26495126705653)	(2, 33.37855750487329)	(3, 33.40417153996101)	(4, 33.40463937621833)	(5, 33.566939571150094)	(6, 37.01894736842105)	(7, 36.91263157894737)	(8, 36.93680311890838)	(9, 37.097582846003895)	(10, 37.00957504873294)	(15, 37.087477582846006)	(20, 36.67389473684211)	(25, 36.7461910331384)	(30, 36.812584795321634)	(35, 36.82326705653021)	(40, 36.7202962962963)	(45, 36.59990643274854)	(50, 36.63468226120857)	(55, 36.34973099415205)	(60, 36.49246783625731)	(65, 36.509863547758286)	(70, 36.297645224171546)	(75, 36.30773909314204)	(80, 36.085422433623144)	(85, 36.454746773753364)	(90, 36.4038130141526)	(95, 36.18622948263091)	(100, 36.075137432258565)	(105, 36.48148465827128)	(110, 35.543834067604976)	(115, 36.00151272954112)	(120, 35.5054466061055)	(125, 35.95094545596319)	(130, 35.87191703380249)	(135, 35.197910249912276)	(140, 35.01309212834808)	(145, 35.370205466100046)	(150, 34.70654606417405)	(155, 34.910577410425354)	(160, 33.9542984131935)	(165, 32.83011423447307)	(170, 33.07801473741666)	(175, 33.763671098288434)	(180, 33.512674958088034)	(185, 32.79141486997544)	(190, 32.32473780654216)	(195, 32.6001013684744)	(200, 32.237022885882496)	(205, 29.640449693273904)	(210, 30.156597005614476)	(215, 29.286985339987524)	(220, 28.46918278228322)	(225, 27.55445258889582)	(230, 26.091476918278225)	(235, 24.06444167186525)	(240, 23.514730193387397)	(245, 26.486735807860263)	(250, 25.857665315034307)	(255, 22.37224734872115)	(260, 22.46085464753587)	(265, 19.577339363693078)	(270, 18.497980349344978)	(275, 21.19352776044916)	(280, 17.7643247036806)	(285, 18.94004990642545)	(290, 16.815424204616345)	(295, 15.423549612671945)	(300, 12.842940755873832)
655B0_S127_L001_R1_001	(1, 33.85284934876533)	(2, 33.892270333343845)	(3, 33.90046989813617)	(4, 33.91270617174935)	(5, 33.89854615408874)	(6, 37.83020593522344)	(7, 37.77179980447192)	(8, 37.73263111419471)	(9, 37.66867450881453)	(10, 37.706726796808475)	(15, 37.53405657699707)	(20, 37.66021634236337)	(25, 37.538698792141034)	(30, 37.54839320066858)	(35, 37.58095808760919)	(40, 37.2517960200574)	(45, 37.498268630357316)	(50, 37.45134189031505)	(55, 37.44897032388281)	(60, 37.33656059793749)	(65, 37.12353590463276)	(70, 37.27585858904412)	(75, 37.21581254533413)	(80, 37.47737235485194)	(85, 37.16903718187266)	(90, 37.18131760698855)	(95, 36.89634488630988)	(100, 37.228080355734974)	(105, 37.094768046926745)	(110, 36.90546532530196)	(115, 37.17294774354284)	(120, 37.146671292062194)	(125, 36.811908291021474)	(130, 36.82334353022801)	(135, 36.61456999590022)	(140, 36.652212305654544)	(145, 36.475278312151126)	(150, 36.391396764325584)	(155, 36.59258885489924)	(160, 36.31589769466082)	(165, 36.489772619760956)	(170, 36.618045349900655)	(175, 36.194165694282376)	(180, 36.014141095588)	(185, 35.96249014475386)	(190, 35.79346557759627)	(195, 35.92202844618247)	(200, 35.754990696647646)	(205, 35.817004635907786)	(210, 35.916856413005775)	(215, 35.20977640417547)	(220, 35.58351887476742)	(225, 34.82381027468542)	(230, 35.23627361316976)	(235, 34.6490270901006)	(240, 34.3211832602731)	(245, 34.25337916679807)	(250, 33.840904503595304)	(255, 33.4949539548379)	(260, 33.31219881417939)	(265, 33.34006559858711)	(270, 32.63414280307809)	(275, 31.07179891510029)	(280, 31.495376561120224)	(285, 31.99000883057903)	(290, 29.593465371515077)	(295, 27.869639431442675)	(300, 23.6326617526002)
655B0_S127_L001_R2_001	(1, 33.26150304330001)	(2, 33.37380554416727)	(3, 33.4261881484752)	(4, 33.40953672458923)	(5, 33.588098016336055)	(6, 37.05238260430792)	(7, 36.98394777507963)	(8, 36.932132832949634)	(9, 37.14626762118011)	(10, 37.049708284714114)	(15, 37.12514428080355)	(20, 36.735236052855655)	(25, 36.7841937620234)	(30, 36.85356208016651)	(35, 36.84008325711943)	(40, 36.77912895392475)	(45, 36.622208205872155)	(50, 36.633971427670375)	(55, 36.41331483175124)	(60, 36.565448295436624)	(65, 36.508959601375004)	(70, 36.31921536472295)	(75, 36.333306001450694)	(80, 36.00864107981961)	(85, 36.50783058437668)	(90, 36.423986880696326)	(95, 36.2223532750954)	(100, 36.091948658109686)	(105, 36.525207354378885)	(110, 35.52723201614684)	(115, 35.94299410262071)	(120, 35.48102431486329)	(125, 35.97506701567379)	(130, 35.789227033334384)	(135, 35.18260430792519)	(140, 34.90963448863099)	(145, 35.308530701062786)	(150, 34.72082374089375)	(155, 34.81477813869879)	(160, 33.42995994827967)	(165, 32.600832571194296)	(170, 32.57591220158315)	(175, 32.94247059194551)	(180, 33.25976851997856)	(185, 31.858475511684382)	(190, 31.693393042984646)	(195, 32.18678608596929)	(200, 31.64102305339178)	(205, 29.391220158314674)	(210, 29.248068371755654)	(215, 28.64800529818033)	(220, 27.155148380585956)	(225, 26.325932700495127)	(230, 25.022744331262416)	(235, 23.005872149862814)	(240, 22.52083635560882)	(245, 25.067551799173735)	(250, 24.951639964677685)	(255, 21.23014381228712)	(260, 21.619912955720956)	(265, 18.756200327992936)	(270, 17.949741390185444)	(275, 20.993421218619908)	(280, 16.85810521004163)	(285, 18.202813170177873)	(290, 16.30534880787183)	(295, 14.910372270622862)	(300, 12.431434272102425)
655B14_S128_L001_R1_001	(1, 33.78229594211484)	(2, 33.88427199255278)	(3, 33.875216857783606)	(4, 33.89430034274108)	(5, 33.856895019675875)	(6, 37.76909406338594)	(7, 37.70833157026192)	(8, 37.628485592180425)	(9, 37.5396691067575)	(10, 37.60799729192231)	(15, 37.41054457749756)	(20, 37.567638471628655)	(25, 37.36842550670672)	(30, 37.42182541361655)	(35, 37.42283248000677)	(40, 36.99362755469048)	(45, 37.33044471713282)	(50, 37.278728896035204)	(55, 37.29089832014556)	(60, 37.14798798290526)	(65, 36.974730250074046)	(70, 37.045605720814116)	(75, 36.999263741378584)	(80, 37.345093724876236)	(85, 36.97322388186011)	(90, 36.938628189396184)	(95, 36.56430415097533)	(100, 36.9502390724834)	(105, 36.8060762493124)	(110, 36.601320187872886)	(115, 36.80526382600601)	(120, 36.99483772690729)	(125, 36.66228578682351)	(130, 36.63496805314602)	(135, 36.31555028984894)	(140, 36.28639614098929)	(145, 36.13368594761562)	(150, 36.03188761477595)	(155, 36.256505733508234)	(160, 35.960546693183254)	(165, 36.169838784750134)	(170, 36.300198874455205)	(175, 35.785012482545596)	(180, 35.60168408581222)	(185, 35.615139846824356)	(190, 35.52822543052199)	(195, 35.56300778605281)	(200, 35.12937542315505)	(205, 35.194803656059584)	(210, 35.212186865267434)	(215, 34.55724441435342)	(220, 34.82517772511848)	(225, 34.03920108327692)	(230, 34.56404874746107)	(235, 33.871047731888964)	(240, 33.50952098849019)	(245, 33.45358835477319)	(250, 33.3256855111713)	(255, 32.79858666215301)	(260, 32.545825398840506)	(265, 32.66195251999493)	(270, 31.583157716558752)	(275, 30.180195505903264)	(280, 30.534975244382377)	(285, 31.24776776268461)	(290, 28.661927129617872)	(295, 27.407050110880867)	(300, 22.53927690856871)
655B14_S128_L001_R2_001	(1, 33.181018067955826)	(2, 33.316845089493505)	(3, 33.355816019972075)	(4, 33.33393982989887)	(5, 33.522828248635385)	(6, 36.92785511784369)	(7, 36.81022299327212)	(8, 36.80188719163881)	(9, 36.99301823721068)	(10, 36.90734989210003)	(15, 36.99927220412136)	(20, 36.60438370075741)	(25, 36.62895950577582)	(30, 36.70641899039479)	(35, 36.711538949773626)	(40, 36.63952947150172)	(45, 36.48220708331571)	(50, 36.4672872678035)	(55, 36.22486353827276)	(60, 36.390927939745275)	(65, 36.333288198705205)	(70, 36.20111708204629)	(75, 36.18612110184911)	(80, 35.958820293657176)	(85, 36.360792112723736)	(90, 36.28229171074345)	(95, 36.06150721448821)	(100, 35.906241272796514)	(105, 36.336537891930774)	(110, 35.361308340033005)	(115, 35.811500867431135)	(120, 35.22628527905894)	(125, 35.77676977108281)	(130, 35.68376422798629)	(135, 35.01929505352685)	(140, 34.7838276985571)	(145, 35.102805399229894)	(150, 34.473448144543646)	(155, 34.601523293699486)	(160, 33.57719290822156)	(165, 32.36754538145813)	(170, 32.75302331485635)	(175, 33.369127914357044)	(180, 33.193432911606656)	(185, 32.35227859349216)	(190, 31.853880155028623)	(195, 32.203012863913344)	(200, 31.759977995937714)	(205, 29.233522342586326)	(210, 29.734207853757614)	(215, 28.744930602572783)	(220, 27.714378808395395)	(225, 26.969642857142855)	(230, 25.40172647257955)	(235, 23.306465809072442)	(240, 22.917510155721057)	(245, 25.574746106973596)	(250, 25.319549763033177)	(255, 21.775279282329045)	(260, 21.70979645381067)	(265, 19.086471160763402)	(270, 18.202149718589986)	(275, 20.57835047183784)	(280, 17.342685455545684)	(285, 18.35074266852863)	(290, 16.33910168029389)	(295, 15.069488857467956)	(300, 12.628310494763642)
656A0_S117_L001_R1_001	(1, 33.89587582535348)	(2, 33.900508175752755)	(3, 33.88474435648356)	(4, 33.87987001763059)	(5, 33.90814809693366)	(6, 37.80098178172641)	(7, 37.73664742282297)	(8, 37.73384727071594)	(9, 37.65627268641753)	(10, 37.67886749403671)	(15, 37.533245756559616)	(20, 37.66197669996889)	(25, 37.524140076744914)	(30, 37.56043143084316)	(35, 37.55539807100633)	(40, 37.254627164932415)	(45, 37.497438379368745)	(50, 37.42562312026826)	(55, 37.44435994053998)	(60, 37.32390500224704)	(65, 37.09975455456839)	(70, 37.23718325439901)	(75, 37.12161648287067)	(80, 37.45904518270128)	(85, 37.22128115601341)	(90, 37.172482455837105)	(95, 36.89874382916715)	(100, 37.22959966811865)	(105, 37.10986655603955)	(110, 36.93879554725852)	(115, 37.16118371015695)	(120, 37.19856184747286)	(125, 36.84079374956786)	(130, 36.88767890479154)	(135, 36.690437668533505)	(140, 36.60291087602848)	(145, 36.48032911567448)	(150, 36.51416718523128)	(155, 36.63255894351103)	(160, 36.414360782686856)	(165, 36.55672405448385)	(170, 36.65420728756136)	(175, 36.302827905690386)	(180, 36.227428610938254)	(185, 36.27340800663763)	(190, 36.11507985895042)	(195, 36.20414851690521)	(200, 35.84276429509784)	(205, 35.91231418101362)	(210, 35.912030699025095)	(215, 35.29681947037268)	(220, 35.395305261702276)	(225, 34.82864550923045)	(230, 35.18126944617299)	(235, 34.67315218142848)	(240, 34.31416718523128)	(245, 34.402254027518495)	(250, 34.20321639443492)	(255, 33.84514054558655)	(260, 33.416527211119565)	(265, 33.691888527764334)	(270, 32.87155798354193)	(275, 31.52007468363184)	(280, 31.93192033745937)	(285, 32.44404259733075)	(290, 29.93400871309038)	(295, 28.627578936476862)	(300, 24.62437436939804)
656A0_S117_L001_R2_001	(1, 33.526670584574966)	(2, 33.2178933176617)	(3, 33.18619283022782)	(4, 33.1246240536523)	(5, 33.427835586130605)	(6, 36.836000967953815)	(7, 37.0313547896429)	(8, 36.93528537352646)	(9, 37.000449407128286)	(10, 36.896166211497906)	(15, 37.05988868531129)	(20, 36.592470702112216)	(25, 36.67514087184983)	(30, 36.70056348739932)	(35, 36.64558371072009)	(40, 36.60221937981816)	(45, 36.47668959795347)	(50, 36.525011235178205)	(55, 36.10564524492689)	(60, 36.33121305354859)	(65, 36.38896532651157)	(70, 36.20900197047741)	(75, 36.11186780516472)	(80, 35.86033117848376)	(85, 36.29586199744184)	(90, 36.179278874407984)	(95, 35.97349837686366)	(100, 35.734287492221526)	(105, 36.33280785452534)	(110, 35.33330567655397)	(115, 35.77706561570905)	(120, 35.16336859572702)	(125, 35.766459240821405)	(130, 35.6984857913296)	(135, 34.9453432897739)	(140, 34.67515038373781)	(145, 35.098700131369704)	(150, 34.35638525893659)	(155, 34.57568277674065)	(160, 33.16909354905621)	(165, 32.36867178317085)	(170, 32.289455852865935)	(175, 32.85757450044942)	(180, 33.09187582106063)	(185, 31.941976076885844)	(190, 31.61537716932863)	(195, 31.791578510682427)	(200, 31.53820784069695)	(205, 29.18465048745074)	(210, 29.16562262324552)	(215, 28.327871119408144)	(220, 27.035559704072462)	(225, 26.622968955265158)	(230, 24.93614741063403)	(235, 22.64102191799765)	(240, 22.254981677383668)	(245, 24.972965498167735)	(250, 24.755129477972105)	(255, 21.103927805822558)	(260, 21.22745314985132)	(265, 18.57678583777055)	(270, 17.35577760874075)	(275, 19.934914597883967)	(280, 16.47336283797801)	(285, 17.90522093907752)	(290, 15.94637300325012)	(295, 14.671166663858395)	(300, 12.291170126768385)
656A14_S118_L001_R1_001	(1, 33.81257588344303)	(2, 33.91267812639785)	(3, 33.86289858776919)	(4, 33.86995974183654)	(5, 33.879608920697805)	(6, 37.80439644705732)	(7, 37.75797175538373)	(8, 37.70049204422008)	(9, 37.636590197456705)	(10, 37.661141286983195)	(15, 37.478394785609304)	(20, 37.61668477218992)	(25, 37.47822225062304)	(30, 37.51452488976931)	(35, 37.52481947728289)	(40, 37.20935523036616)	(45, 37.4707521247364)	(50, 37.39139242124097)	(55, 37.397776215732634)	(60, 37.27459262572688)	(65, 37.08080388523228)	(70, 37.22831490830085)	(75, 37.0567384497412)	(80, 37.38291903636015)	(85, 37.18887468847849)	(90, 37.115770975781196)	(95, 36.86723752316442)	(100, 37.13878203080069)	(105, 37.04331267173622)	(110, 36.889034443095404)	(115, 37.12763754872516)	(120, 37.15534538948176)	(125, 36.83228960316953)	(130, 36.85181161735574)	(135, 36.66424691673589)	(140, 36.6607067544252)	(145, 36.406722474279505)	(150, 36.396657933414275)	(155, 36.60763627068822)	(160, 36.32779730334207)	(165, 36.55879608920698)	(170, 36.62380982810403)	(175, 36.18894498050994)	(180, 36.01802032078727)	(185, 35.99730973225126)	(190, 35.91752188638252)	(195, 36.02141989903508)	(200, 35.74621381557927)	(205, 35.87763435363282)	(210, 35.85564572816154)	(215, 35.074503163141415)	(220, 35.56069397405585)	(225, 34.77935970349543)	(230, 35.24895520480542)	(235, 34.39454917247109)	(240, 33.93384880823056)	(245, 34.07301687299301)	(250, 34.03928555093222)	(255, 33.725530419222906)	(260, 33.331183895190925)	(265, 33.576993129892955)	(270, 32.74376737498003)	(275, 31.26994088512542)	(280, 31.660111838951913)	(285, 32.171912446077656)	(290, 29.834823454225916)	(295, 27.86753900171999)	(300, 24.399238513174485)
656A14_S118_L001_R2_001	(1, 33.541216691162376)	(2, 33.28193494791999)	(3, 33.24279506677743)	(4, 33.19240846060451)	(5, 33.468943702473)	(6, 36.931081858265706)	(7, 37.06358233752955)	(8, 36.98511086970414)	(9, 37.127484184292925)	(10, 36.991079302191835)	(15, 37.108799284299316)	(20, 36.718122563742085)	(25, 36.770713783628345)	(30, 36.797060515048884)	(35, 36.70686305834239)	(40, 36.74471212218033)	(45, 36.60745734551728)	(50, 36.574624576650265)	(55, 36.298996741005816)	(60, 36.48321298485526)	(65, 36.47148699597418)	(70, 36.322499840245385)	(75, 36.338551984152346)	(80, 36.08886829829383)	(85, 36.48340469039555)	(90, 36.261601380279885)	(95, 36.16473257077129)	(100, 35.97344239248514)	(105, 36.48235670010863)	(110, 35.59714997763436)	(115, 35.92566298166017)	(120, 35.27056680938079)	(125, 35.87911048629305)	(130, 35.659690715061664)	(135, 34.98564125503227)	(140, 34.893763179755894)	(145, 35.199233177838835)	(150, 34.4255735190747)	(155, 34.69926512876222)	(160, 33.37554476324365)	(165, 32.678100837114194)	(170, 32.678235030992404)	(175, 33.033784906383794)	(180, 33.450162949709245)	(185, 32.26043197648412)	(190, 31.830922103648795)	(195, 32.088695763307555)	(200, 31.925771614799668)	(205, 29.550731676145443)	(210, 29.434034123586173)	(215, 28.66757620295226)	(220, 27.296760176369094)	(225, 26.605955652118347)	(230, 25.090951498498306)	(235, 22.809195475749252)	(240, 22.765870023643682)	(245, 25.221469100006466)	(250, 24.99654180827782)	(255, 21.09426763803681)	(260, 21.60520833333333)	(265, 18.67079498977505)	(270, 17.9659381390593)	(275, 20.615184049079755)	(280, 16.575038343558283)	(285, 18.22523645194274)	(290, 16.337557515337423)	(295, 14.903250301187876)	(300, 12.454718119804506)
656B0_S119_L001_R1_001	(1, 33.79356444444444)	(2, 33.87278222222222)	(3, 33.86200888888889)	(4, 33.894151111111114)	(5, 33.880675555555555)	(6, 37.796622222222226)	(7, 37.720462222222224)	(8, 37.673386666666666)	(9, 37.61400888888889)	(10, 37.650090666666664)	(15, 37.455466666666666)	(20, 37.60615111111111)	(25, 37.46825955555556)	(30, 37.49698844444445)	(35, 37.53582933333333)	(40, 37.198312692678456)	(45, 37.44074100412459)	(50, 37.339034276774285)	(55, 37.37522400796473)	(60, 37.26270089603186)	(65, 37.01715260987057)	(70, 37.14350732470488)	(75, 37.086893756222445)	(80, 37.39298819513583)	(85, 37.13554259707012)	(90, 37.038479590385435)	(95, 36.79062722230124)	(100, 37.1109515004978)	(105, 36.98435499928887)	(110, 36.86572322571469)	(115, 37.05862608448301)	(120, 37.160403925472906)	(125, 36.806450007111366)	(130, 36.86471341203243)	(135, 36.600426681837575)	(140, 36.522479021476315)	(145, 36.342597070118046)	(150, 36.34791637035984)	(155, 36.522429241928606)	(160, 36.22435642156165)	(165, 36.39032854501494)	(170, 36.51738728488124)	(175, 36.15371924335087)	(180, 35.92969705589532)	(185, 35.94592518845114)	(190, 35.88153889916086)	(195, 35.99160859052766)	(200, 35.66790641445029)	(205, 35.67594936708861)	(210, 35.59205660645711)	(215, 34.97589247617693)	(220, 35.24758213625373)	(225, 34.44737590669891)	(230, 34.960659934575446)	(235, 34.2377471198976)	(240, 33.87324704878396)	(245, 33.86661214620965)	(250, 33.846330536196845)	(255, 33.238643151756506)	(260, 32.94078367230834)	(265, 33.284554117479736)	(270, 32.334440335656375)	(275, 31.10241786374627)	(280, 31.2608448300384)	(285, 32.02276797377075)	(290, 29.4506276001849)	(295, 27.906016618827387)	(300, 24.020973264485413)
656B0_S119_L001_R2_001	(1, 33.56259555555555)	(2, 33.226773333333334)	(3, 33.25098666666667)	(4, 33.15829333333333)	(5, 33.45880888888889)	(6, 36.902186666666665)	(7, 37.04899555555556)	(8, 36.97841777777778)	(9, 37.12568888888889)	(10, 36.978268444444446)	(15, 37.098844444444445)	(20, 36.66798933333333)	(25, 36.72886755555555)	(30, 36.74754844444444)	(35, 36.739008)	(40, 36.69416526835127)	(45, 36.55604465936567)	(50, 36.60371924335088)	(55, 36.273780401080934)	(60, 36.45374057744275)	(65, 36.452517422841694)	(70, 36.33184468781112)	(75, 36.27599203527236)	(80, 36.03025174228417)	(85, 36.42029583274071)	(90, 36.276432939837854)	(95, 36.06539610297255)	(100, 35.863312473332385)	(105, 36.400263120466505)	(110, 35.539859194993596)	(115, 35.88976674726213)	(120, 35.258121177641875)	(125, 35.87559379889063)	(130, 35.7118830891765)	(135, 35.06399516427251)	(140, 34.832790499217744)	(145, 35.159906129995726)	(150, 34.41246622102119)	(155, 34.65829896174087)	(160, 33.50669179348599)	(165, 32.64961598634618)	(170, 32.72044517138387)	(175, 33.0591025458683)	(180, 33.44505760204807)	(185, 32.28471056748684)	(190, 31.729099701322713)	(195, 31.897567913525812)	(200, 31.724391978381455)	(205, 29.161513298250604)	(210, 29.442141942824634)	(215, 28.60194140236097)	(220, 27.186303513013797)	(225, 26.636239510738164)	(230, 25.01563788934718)	(235, 22.90238230692647)	(240, 22.71464229839283)	(245, 25.328530792205946)	(250, 25.18501635613711)	(255, 21.25376191153463)	(260, 21.50775849807993)	(265, 18.744837149765324)	(270, 17.74513582705163)	(275, 19.85141516142796)	(280, 16.804985066135686)	(285, 18.182579885211062)	(290, 16.21011271912669)	(295, 14.930261848411913)	(300, 12.46256117674817)
656B14_S120_L001_R1_001	(1, 33.81794488520946)	(2, 33.89088191330344)	(3, 33.884059637422865)	(4, 33.9075160016864)	(5, 33.86554750680311)	(6, 37.80234563642635)	(7, 37.730328465754475)	(8, 37.66624506534821)	(9, 37.60216166494193)	(10, 37.64465907784293)	(15, 37.459453451381705)	(20, 37.60640067456211)	(25, 37.41853512705531)	(30, 37.47959066344716)	(35, 37.49880801809053)	(40, 37.142968839829834)	(45, 37.41750028745545)	(50, 37.30486374611935)	(55, 37.35859108504849)	(60, 37.22668271657448)	(65, 36.96827136834036)	(70, 37.08700651590648)	(75, 37.11257953238788)	(80, 37.379869681870446)	(85, 37.0780068991951)	(90, 36.980291299348416)	(95, 36.76991950939057)	(100, 37.06472211575316)	(105, 36.95357608279034)	(110, 36.83218857799923)	(115, 37.00295132234572)	(120, 37.13587581448831)	(125, 36.72013798390188)	(130, 36.81114603296282)	(135, 36.52679954005366)	(140, 36.389313913376775)	(145, 36.319248754312)	(150, 36.338850134151016)	(155, 36.44558834802607)	(160, 36.18368723648908)	(165, 36.296404752778834)	(170, 36.4919202759678)	(175, 36.15541586814872)	(180, 35.907236489076276)	(185, 36.008149028326116)	(190, 35.88591360343439)	(195, 35.994794741078614)	(200, 35.62696155467822)	(205, 35.57854268082333)	(210, 35.52539098436063)	(215, 35.025666973321066)	(220, 35.13527292241643)	(225, 34.350774302361245)	(230, 34.97663293468262)	(235, 34.3777522232444)	(240, 34.01927322907084)	(245, 33.902269242563634)	(250, 33.72407092133278)	(255, 33.11471614213976)	(260, 33.04164855148073)	(265, 33.21843900943035)	(270, 32.344905313194815)	(275, 31.15065552403588)	(280, 31.332308517978994)	(285, 32.006355899716326)	(290, 29.364578701219045)	(295, 28.32011342860516)	(300, 24.13334442183337)
656B14_S120_L001_R2_001	(1, 33.486757885861024)	(2, 33.18163351347208)	(3, 33.12563719290177)	(4, 33.06124717335479)	(5, 33.38185581234909)	(6, 36.80376374995209)	(7, 36.97474224828485)	(8, 36.83454064619984)	(9, 37.02805565137404)	(10, 36.872576750603656)	(15, 36.99255682035951)	(20, 36.55504196849488)	(25, 36.5646851404699)	(30, 36.607113564064235)	(35, 36.65249319688782)	(40, 36.49439270246445)	(45, 36.4278640144111)	(50, 36.45838794986777)	(55, 36.08356138131923)	(60, 36.31004886911495)	(65, 36.33956305097739)	(70, 36.2013875047911)	(75, 36.06496742046762)	(80, 35.94439248754312)	(85, 36.26425450364125)	(90, 36.18004599463396)	(95, 35.88833269451898)	(100, 35.734258336527404)	(105, 36.27752395553853)	(110, 35.34495975469528)	(115, 35.74466845534688)	(120, 35.136397087006515)	(125, 35.759793024147186)	(130, 35.58660022997317)	(135, 35.03535454197011)	(140, 34.792188577999234)	(145, 35.04903794557302)	(150, 34.3800306630893)	(155, 34.659156765044074)	(160, 33.58771943273284)	(165, 32.57627443464929)	(170, 32.67311613645075)	(175, 33.057064009198925)	(180, 33.40730548102721)	(185, 32.28420407068113)	(190, 31.87284296063475)	(195, 32.21835256238261)	(200, 31.875671739047107)	(205, 29.390425083368466)	(210, 29.70287094177623)	(215, 28.95397293878646)	(220, 27.50500977423435)	(225, 27.034773276093368)	(230, 25.521706466326805)	(235, 23.513243129288206)	(240, 23.03413699260225)	(245, 25.873747556441412)	(250, 25.81767028249454)	(255, 21.897773007781062)	(260, 21.909035064600715)	(265, 19.306945722171115)	(270, 17.846810794234898)	(275, 19.959429622815087)	(280, 17.49894204231831)	(285, 18.594526218951238)	(290, 16.66143082902275)	(295, 15.296218803573932)	(300, 12.785688337915936)
676A0_S133_L001_R1_001	(1, 33.89780177400694)	(2, 33.89921583751125)	(3, 33.87556241162103)	(4, 33.88353258773621)	(5, 33.89805887646227)	(6, 37.80299524360458)	(7, 37.73585936495694)	(8, 37.7313922097956)	(9, 37.63799974289754)	(10, 37.67137806916056)	(15, 37.53907314564854)	(20, 37.66176243733128)	(25, 37.50336161460342)	(30, 37.58868106440416)	(35, 37.57968247846767)	(40, 37.14168916313151)	(45, 37.50858722200797)	(50, 37.382857693790974)	(55, 37.45169687620517)	(60, 37.31798431675023)	(65, 37.04217123023525)	(70, 37.12050392081244)	(75, 37.2692955392724)	(80, 37.508754338603936)	(85, 37.13551227664224)	(90, 37.05113767836483)	(95, 36.74607275999486)	(100, 37.11587731213781)	(105, 36.96498152016712)	(110, 36.838785151856015)	(115, 37.05783705608228)	(120, 37.0980748834967)	(125, 36.827806524184474)	(130, 36.77185280411377)	(135, 36.564820825968184)	(140, 36.442834645669286)	(145, 36.42914992768761)	(150, 36.5188944239113)	(155, 36.404010927205526)	(160, 36.1919845733569)	(165, 36.45929615940865)	(170, 36.618807649043866)	(175, 36.32801542664309)	(180, 36.04764856024784)	(185, 36.19966574532365)	(190, 36.14788030726705)	(195, 36.12042554559188)	(200, 35.722874682608555)	(205, 35.682827114068076)	(210, 35.85716581493267)	(215, 35.20800951370809)	(220, 35.05922283289943)	(225, 34.24189245652943)	(230, 35.111966059203546)	(235, 34.31707646321473)	(240, 34.25066049561276)	(245, 34.169973965866355)	(250, 33.95594767460547)	(255, 33.00267752174724)	(260, 33.24958858318333)	(265, 33.28050912831062)	(270, 32.28912959629725)	(275, 31.394298020056567)	(280, 31.276787091797377)	(285, 32.5687258935459)	(290, 29.978400617125224)	(295, 29.114607392180723)	(300, 24.349761479221108)
676A0_S133_L001_R2_001	(1, 33.08175858079445)	(2, 33.4505720529631)	(3, 33.40728242704718)	(4, 33.41663452885975)	(5, 33.431514333461884)	(6, 36.83207995886361)	(7, 36.84631700732742)	(8, 36.229046149890735)	(9, 36.86302866692377)	(10, 36.82837768350687)	(15, 36.98301195526417)	(20, 36.45975061061833)	(25, 36.58293482452758)	(30, 36.63869391952693)	(35, 36.48119295539273)	(40, 36.36610104126494)	(45, 36.119372670009)	(50, 36.423524874662554)	(55, 35.91319578351974)	(60, 36.33310194112354)	(65, 36.30556626815786)	(70, 35.97051034837383)	(75, 35.869854737112746)	(80, 35.84014012083815)	(85, 36.187517675793806)	(90, 36.16570896002057)	(95, 35.661241804859245)	(100, 35.48324589763451)	(105, 36.13058010605817)	(110, 35.24183834163586)	(115, 35.60416519363651)	(120, 35.225068295034546)	(125, 35.68642776795758)	(130, 35.698466977342115)	(135, 35.011190744014144)	(140, 34.76348385023301)	(145, 34.98381488028282)	(150, 34.21604370882211)	(155, 33.91802667523702)	(160, 33.485579302587176)	(165, 32.259868230756865)	(170, 32.50416840752049)	(175, 33.439710750441904)	(180, 32.58209827723361)	(185, 32.28839750594588)	(190, 31.19821939382252)	(195, 32.18634011506444)	(200, 31.477575290071673)	(205, 29.131707003503358)	(210, 29.824549223797128)	(215, 28.908083437791277)	(220, 26.59532671230675)	(225, 26.567544113393115)	(230, 24.73091633722238)	(235, 23.518021405843218)	(240, 23.121106932793367)	(245, 25.460064924629574)	(250, 25.894417124674572)	(255, 21.790897695497062)	(260, 21.51460804165461)	(265, 19.41940667888021)	(270, 18.900755311284673)	(275, 18.665078905923572)	(280, 17.597036608491628)	(285, 18.327078713078134)	(290, 16.257011538585157)	(295, 15.040238964909571)	(300, 12.63831159344427)
676A14_S134_L001_R1_001	(1, 33.80715855383967)	(2, 33.90294710858244)	(3, 33.85306601643638)	(4, 33.873746952045515)	(5, 33.87570366356603)	(6, 37.793341160179416)	(7, 37.75324362563593)	(8, 37.68472861916373)	(9, 37.63936301514194)	(10, 37.63143381799573)	(15, 37.46469791384449)	(20, 37.60514765646166)	(25, 37.450820313675905)	(30, 37.51754116620007)	(35, 37.509112255034765)	(40, 37.03258978295553)	(45, 37.437466510129745)	(50, 37.29511424184955)	(55, 37.36521870014148)	(60, 37.20747764833378)	(65, 36.967042957343686)	(70, 37.03743038622475)	(75, 37.10477136578464)	(80, 37.40512959450916)	(85, 36.971419970498815)	(90, 36.90449441584636)	(95, 36.63004304765345)	(100, 36.98707366266293)	(105, 36.82005478792257)	(110, 36.671910653541644)	(115, 36.855853577771754)	(120, 36.955218399108944)	(125, 36.600806767211544)	(130, 36.60506336735001)	(135, 36.33646407176615)	(140, 36.21116228664319)	(145, 36.15090761311298)	(150, 36.262596706703995)	(155, 36.201583431168906)	(160, 35.927384930310964)	(165, 36.2157981877841)	(170, 36.34415846352991)	(175, 36.005292152081644)	(180, 35.7129714922183)	(185, 35.86889372204799)	(190, 35.793033268101766)	(195, 35.74592534460181)	(200, 35.34477027759378)	(205, 35.30395014150659)	(210, 35.50766868394906)	(215, 34.76209315629422)	(220, 34.6701050793364)	(225, 33.80170415198868)	(230, 34.672441513865046)	(235, 33.92371059524885)	(240, 33.697997771956764)	(245, 33.58658958841418)	(250, 33.36377052032219)	(255, 32.55178851017704)	(260, 32.660285438997946)	(265, 32.65958689630254)	(270, 31.646413083033885)	(275, 30.681894553009545)	(280, 30.613959230375475)	(285, 31.821655475595435)	(290, 29.248772996898616)	(295, 28.164482074634595)	(300, 23.725900229829865)
676A14_S134_L001_R2_001	(1, 33.21255907763629)	(2, 33.52358589963575)	(3, 33.48890695084138)	(4, 33.487823233691564)	(5, 33.484993527800356)	(6, 36.98368403624432)	(7, 36.98461723712333)	(8, 36.46822601523225)	(9, 37.05033264095849)	(10, 36.9596194948674)	(15, 37.06424636503206)	(20, 36.61399199253439)	(25, 36.76650711941961)	(30, 36.79651404316807)	(35, 36.64832776423132)	(40, 36.562671964839396)	(45, 36.368524037448445)	(50, 36.59314849935278)	(55, 36.14997441223396)	(60, 36.48816039013817)	(65, 36.50749269996086)	(70, 36.21361269153195)	(75, 36.14520605677474)	(80, 36.01803786989374)	(85, 36.40408802191517)	(90, 36.440121617146815)	(95, 35.959396730786594)	(100, 35.779198651374216)	(105, 36.3756043228273)	(110, 35.591426593214734)	(115, 35.93678316626027)	(120, 35.55237665191608)	(125, 36.00772449501791)	(130, 35.959974713266504)	(135, 35.266365634125044)	(140, 35.21660495499564)	(145, 35.32431439838647)	(150, 34.542111442246906)	(155, 34.33187633583191)	(160, 33.84882145759957)	(165, 32.892519341340794)	(170, 33.00688762455221)	(175, 33.819211896806046)	(180, 33.189855203347484)	(185, 32.82493770521322)	(190, 31.813650048169556)	(195, 32.58133291120616)	(200, 32.02388077675749)	(205, 29.689604094535603)	(210, 30.340876110191182)	(215, 29.216932108986903)	(220, 27.221502333283155)	(225, 27.039169050127953)	(230, 25.100231822971548)	(235, 23.96050579557429)	(240, 23.622899292488334)	(245, 25.99091778475115)	(250, 26.48544832483853)	(255, 22.17361876373709)	(260, 22.2308553879505)	(265, 19.823340258332582)	(270, 19.25786890675338)	(275, 19.914280552795592)	(280, 18.604287477794838)	(285, 18.927769246981605)	(290, 16.76090458529276)	(295, 15.280929329854581)	(300, 12.852936280263744)
676B0_S135_L001_R1_001	(1, 33.82008434370058)	(2, 33.88426462836057)	(3, 33.87664733790195)	(4, 33.90050079072219)	(5, 33.88953610964681)	(6, 37.812809699525566)	(7, 37.74277807063785)	(8, 37.72875593041645)	(9, 37.65922509225092)	(10, 37.676657880864525)	(15, 37.51904059040591)	(20, 37.65608856088561)	(25, 37.48243542435424)	(30, 37.568576700052716)	(35, 37.57564575645756)	(40, 37.07259884027412)	(45, 37.503062730627306)	(50, 37.35444913020559)	(55, 37.4760885608856)	(60, 37.27907749077491)	(65, 36.99927780706379)	(70, 37.09732208750658)	(75, 37.29019504480759)	(80, 37.484538745387454)	(85, 37.07176594623089)	(90, 36.99958882445967)	(95, 36.738766473379016)	(100, 37.07688455455983)	(105, 36.9148655772272)	(110, 36.77916183447549)	(115, 36.97939377965208)	(120, 37.041934633632046)	(125, 36.72325250395361)	(130, 36.70835529783869)	(135, 36.463885081707964)	(140, 36.307875593041636)	(145, 36.33400105429625)	(150, 36.450985767000525)	(155, 36.280632577754346)	(160, 36.04093832366895)	(165, 36.376989984185556)	(170, 36.49244596731681)	(175, 36.227886136004216)	(180, 35.91404849762783)	(185, 36.111544544016866)	(190, 36.03616953977543)	(195, 36.00376749687973)	(200, 35.55843635500962)	(205, 35.491673036876925)	(210, 35.80166064791628)	(215, 35.089131981970105)	(220, 34.75824129477819)	(225, 33.91616627566755)	(230, 34.902027044837496)	(235, 34.18126894588397)	(240, 34.058449534754985)	(245, 33.93484988270027)	(250, 33.65615053972263)	(255, 32.607945169368655)	(260, 32.97107080719144)	(265, 32.89842885010808)	(270, 31.926150682764803)	(275, 31.04221015447883)	(280, 30.867311646544)	(285, 32.24342278694574)	(290, 29.69851320714926)	(295, 28.879014239403126)	(300, 24.192726847668574)
676B0_S135_L001_R2_001	(1, 33.22401159725883)	(2, 33.53892988929889)	(3, 33.49488666315234)	(4, 33.49388508170796)	(5, 33.51879283078545)	(6, 37.00519240906695)	(7, 37.00803900896152)	(8, 36.498444913020556)	(9, 37.070795993674224)	(10, 36.98698471270427)	(15, 37.09605693199789)	(20, 36.61380600948867)	(25, 36.75085397996837)	(30, 36.83442804428044)	(35, 36.634944649446496)	(40, 36.51479704797048)	(45, 36.299905113336855)	(50, 36.5950553505535)	(55, 36.10193463363205)	(60, 36.485202952029525)	(65, 36.52816552451239)	(70, 36.184438587243015)	(75, 36.1237163943068)	(80, 36.05822878228782)	(85, 36.43098576700053)	(90, 36.465334739061674)	(95, 35.895255666842374)	(100, 35.73406431207169)	(105, 36.38202424881391)	(110, 35.58663679493938)	(115, 35.87438587243015)	(120, 35.61742751713231)	(125, 36.005477069056404)	(130, 35.994254085398)	(135, 35.32742224565103)	(140, 35.282451238798096)	(145, 35.31617290458619)	(150, 34.61455455983131)	(155, 34.22714285714286)	(160, 33.86388508170796)	(165, 32.90121771217712)	(170, 33.12180284659989)	(175, 33.83379546652609)	(180, 33.044686346863465)	(185, 32.78587770163416)	(190, 31.654204227950867)	(195, 32.705718571522155)	(200, 32.03420407517727)	(205, 29.71029338113188)	(210, 30.494446055302213)	(215, 29.39500751245486)	(220, 26.987637398845454)	(225, 27.09710309196827)	(230, 25.026644173234576)	(235, 24.167208793526108)	(240, 23.61391781110789)	(245, 25.885515459841315)	(250, 26.709013528772374)	(255, 22.246868409953606)	(260, 22.19715829708712)	(265, 20.02391459074733)	(270, 19.523643073678663)	(275, 19.422886516409648)	(280, 18.92045867931989)	(285, 19.109329115592463)	(290, 16.735247069039083)	(295, 15.259988138116745)	(300, 12.827335571986357)
676B14_S136_L001_R1_001	(1, 33.829002171968824)	(2, 33.89574549635876)	(3, 33.87016736936246)	(4, 33.89589881180529)	(5, 33.86656445636898)	(6, 37.79831353008816)	(7, 37.74061581704357)	(8, 37.68930624760445)	(9, 37.607129168263704)	(10, 37.64864188066948)	(15, 37.482401941995654)	(20, 37.61380861121758)	(25, 37.4382010987607)	(30, 37.50904816660279)	(35, 37.489878625271494)	(40, 37.035661172863165)	(45, 37.433473872492655)	(50, 37.32275967803756)	(55, 37.37991567650441)	(60, 37.209372684297946)	(65, 36.989196371534426)	(70, 37.10233295004472)	(75, 37.10855755717388)	(80, 37.40452791618756)	(85, 37.07563562028874)	(90, 37.012806950300245)	(95, 36.71145010859844)	(100, 37.04207997955794)	(105, 36.88788217365396)	(110, 36.75375887974651)	(115, 36.96454745234323)	(120, 37.02788368170901)	(125, 36.632248172944244)	(130, 36.6863392446466)	(135, 36.38933408289466)	(140, 36.28444830582102)	(145, 36.21640006132775)	(150, 36.306970920427254)	(155, 36.282659579904944)	(160, 36.07954719681096)	(165, 36.31302703531456)	(170, 36.44797873971483)	(175, 36.06685235345224)	(180, 35.87778402412225)	(185, 35.96477743138958)	(190, 35.848650444739796)	(195, 35.83199570596053)	(200, 35.38335548512423)	(205, 35.413536448215936)	(210, 35.54456969046341)	(215, 34.85239202381182)	(220, 34.86948565777383)	(225, 34.10027862273459)	(230, 34.77787888857647)	(235, 34.11555430587153)	(240, 33.78623757061425)	(245, 33.870005815944445)	(250, 33.620544939276314)	(255, 33.014116263612664)	(260, 32.84641341581881)	(265, 32.90557799478501)	(270, 31.903333503757857)	(275, 30.737854696047854)	(280, 30.98851168260136)	(285, 31.93170045122165)	(290, 29.497267172840452)	(295, 28.47217055840867)	(300, 23.570153126973068)
676B14_S136_L001_R2_001	(1, 33.083326945189725)	(2, 33.45429922064648)	(3, 33.4122652357225)	(4, 33.40710361568928)	(5, 33.429002171968826)	(6, 36.85061964992973)	(7, 36.85496358758145)	(8, 36.304024530471445)	(9, 36.91112814616073)	(10, 36.851498658489845)	(15, 36.98174013031813)	(20, 36.5056087900856)	(25, 36.5914654401431)	(30, 36.65477960904561)	(35, 36.47078574166348)	(40, 36.45562284400153)	(45, 36.31229845406924)	(50, 36.415311102593584)	(55, 35.90677909799412)	(60, 36.311869170818966)	(65, 36.30701929219369)	(70, 36.06889485115626)	(75, 35.97431455219113)	(80, 35.877976236105795)	(85, 36.24926536348537)	(90, 36.208176823814995)	(95, 35.82276734380989)	(100, 35.675962693241345)	(105, 36.19485276355755)	(110, 35.32472019216027)	(115, 35.63987325599223)	(120, 35.174686972964686)	(125, 35.732922778146886)	(130, 35.64884754944549)	(135, 34.880773751724846)	(140, 34.8283231972198)	(145, 34.99939183318853)	(150, 34.145234323095)	(155, 34.17662901824501)	(160, 33.32582920222824)	(165, 32.42799100526396)	(170, 32.55334491746307)	(175, 33.15366688812797)	(180, 32.84348648234272)	(185, 32.1348034956815)	(190, 31.306579081893467)	(195, 31.8666700746345)	(200, 31.409682036601577)	(205, 29.043437364210313)	(210, 29.50816931649711)	(215, 28.33769563550255)	(220, 26.613187517972268)	(225, 26.1121472392638)	(230, 24.52426380368098)	(235, 22.938358895705523)	(240, 22.725138036809817)	(245, 24.875366246539123)	(250, 25.40969863584526)	(255, 21.29363703760513)	(260, 21.39288800265869)	(265, 18.915596799345554)	(270, 18.291244216069742)	(275, 19.45092415062505)	(280, 17.517672623156173)	(285, 18.212613441726102)	(290, 16.171924802600493)	(295, 14.810863479775978)	(300, 12.650882102487873)
678A0_S141_L001_R1_001	(1, 33.87096198995513)	(2, 33.88273054176944)	(3, 33.86793069630598)	(4, 33.87357722369164)	(5, 33.89209188980356)	(6, 37.80602692502006)	(7, 37.72899640405361)	(8, 37.72792653570686)	(9, 37.64474427174656)	(10, 37.66206425153793)	(15, 37.51177746738388)	(20, 37.63615560640732)	(25, 37.492852685072364)	(30, 37.55853071413712)	(35, 37.56083093108265)	(40, 37.180439240393476)	(45, 37.47839757496508)	(50, 37.37431721596481)	(55, 37.395476834378435)	(60, 37.30048441261256)	(65, 37.07302445837915)	(70, 37.16625159737288)	(75, 37.17701566168385)	(80, 37.48171416684003)	(85, 37.150982198579456)	(90, 37.090909090909086)	(95, 36.76730363458052)	(100, 37.121400338791645)	(105, 36.93138799092565)	(110, 36.75001783166904)	(115, 37.058993105087964)	(120, 37.108380884450774)	(125, 36.745827389443654)	(130, 36.774619591060386)	(135, 36.59172610556348)	(140, 36.48504517356158)	(145, 36.39068592486923)	(150, 36.39186281502615)	(155, 36.4531324298621)	(160, 36.207352591535894)	(165, 36.38681645268664)	(170, 36.583220399429386)	(175, 36.24897170708512)	(180, 36.05167023300047)	(185, 36.01415834522111)	(190, 35.9607192747808)	(195, 35.99085748253827)	(200, 35.577958091841275)	(205, 35.67043542874127)	(210, 35.66670112270977)	(215, 35.063030555225296)	(220, 35.09458447271431)	(225, 34.33680894067293)	(230, 34.82381405302581)	(235, 34.21314944715254)	(240, 34.042509808584)	(245, 34.09866841041493)	(250, 33.871786945666386)	(255, 33.10996908809892)	(260, 32.96674592795149)	(265, 33.169058375936274)	(270, 32.199571989061944)	(275, 31.10074307454524)	(280, 31.087611461181787)	(285, 32.24486386874331)	(290, 29.67254190940435)	(295, 28.725253619992355)	(300, 23.644169088224423)
678A0_S141_L001_R2_001	(1, 33.13171268091177)	(2, 33.30666587417159)	(3, 33.278879015721124)	(4, 33.290736723231)	(5, 33.42438111087996)	(6, 36.68218966388303)	(7, 36.77702160539689)	(8, 36.425569853487474)	(9, 36.94537727718506)	(10, 36.829474872953135)	(15, 37.008683764747836)	(20, 36.50325418288806)	(25, 36.607221611340606)	(30, 36.639050194656605)	(35, 36.588873369193735)	(40, 36.496514012303486)	(45, 36.28246901839579)	(50, 36.45409967606764)	(55, 36.07130672531131)	(60, 36.34866415049481)	(65, 36.323540075485155)	(70, 36.06016226336592)	(75, 36.017563672025915)	(80, 35.82669321525157)	(85, 36.26617730095991)	(90, 36.204588546464976)	(95, 35.84345448601742)	(100, 35.67216856370174)	(105, 36.306695461843674)	(110, 35.23834403233475)	(115, 35.71868164526866)	(120, 35.19523300047551)	(125, 35.7011828340466)	(130, 35.6377555872563)	(135, 34.98159177365668)	(140, 34.65153352353781)	(145, 34.97193889681407)	(150, 34.36691631003329)	(155, 34.277252734189254)	(160, 33.51517475035663)	(165, 32.29264146457442)	(170, 32.40215763195435)	(175, 33.3455896338564)	(180, 32.75915953399905)	(185, 32.06474084640989)	(190, 31.286384306732053)	(195, 31.933838609005797)	(200, 31.310054985882005)	(205, 28.83577946203002)	(210, 29.591249814236885)	(215, 28.51083370485956)	(220, 26.77049190072819)	(225, 26.2713449249517)	(230, 24.931276564125426)	(235, 23.13471243869817)	(240, 22.67360974884827)	(245, 25.186833110417595)	(250, 25.277937286372417)	(255, 21.597200178332592)	(260, 21.363661762520433)	(265, 19.023100014861047)	(270, 18.34175657601427)	(275, 19.046116807846634)	(280, 17.185602615544656)	(285, 18.3757467677218)	(290, 16.110952593253085)	(295, 14.862900839859796)	(300, 12.551414019386925)
678A14_S142_L001_R1_001	(1, 33.81091237885338)	(2, 33.89567969257721)	(3, 33.86926054646661)	(4, 33.88352971094346)	(5, 33.89378655590404)	(6, 37.79664321437654)	(7, 37.75553106722048)	(8, 37.69969766324772)	(9, 37.62815405046481)	(10, 37.64941934390099)	(15, 37.46907405837642)	(20, 37.60992907801419)	(25, 37.474414399141025)	(30, 37.520816026673444)	(35, 37.514808849707556)	(40, 37.109248113927265)	(45, 37.42440733519821)	(50, 37.3039699358594)	(55, 37.3734282727247)	(60, 37.244649769715465)	(65, 37.01118363425729)	(70, 37.108389138481535)	(75, 37.114786245090556)	(80, 37.429572490181116)	(85, 37.04804611341867)	(90, 37.00696222203385)	(95, 36.659128026899495)	(100, 37.04692718487751)	(105, 36.835031505184936)	(110, 36.61730948546241)	(115, 36.96567488909609)	(120, 36.96704811957842)	(125, 36.567799723093444)	(130, 36.591528919781865)	(135, 36.411991749314794)	(140, 36.30287926308949)	(145, 36.21280551552654)	(150, 36.2131163290102)	(155, 36.26020174620666)	(160, 35.98111953277872)	(165, 36.19443345577847)	(170, 36.37786380333427)	(175, 36.039677875105966)	(180, 35.805916925685224)	(185, 35.7830404068946)	(190, 35.72196665724782)	(195, 35.74565696524442)	(200, 35.35766035603278)	(205, 35.39446736366205)	(210, 35.42087089208511)	(215, 34.808296363276725)	(220, 34.81849162169036)	(225, 34.02218203396535)	(230, 34.56114611885049)	(235, 33.93208624148747)	(240, 33.77278815451129)	(245, 33.72992737856396)	(250, 33.492904740636796)	(255, 32.65469085565728)	(260, 32.58815982819034)	(265, 32.753272295693456)	(270, 31.73384763196564)	(275, 30.68167175313666)	(280, 30.629648468407368)	(285, 31.741579066350177)	(290, 29.185254888662826)	(295, 28.105753227309275)	(300, 23.1261101051563)
678A14_S142_L001_R2_001	(1, 33.18580995168263)	(2, 33.366110027973214)	(3, 33.31575824362126)	(4, 33.33248566019609)	(5, 33.45768698256619)	(6, 36.819812946794386)	(7, 36.86914752338165)	(8, 36.58192760871408)	(9, 37.066203272018306)	(10, 36.930654686219654)	(15, 37.06395976378175)	(20, 36.5915797801701)	(25, 36.72746743522364)	(30, 36.75063716764149)	(35, 36.666666666666664)	(40, 36.5669633522647)	(45, 36.35510723065185)	(50, 36.54776073012913)	(55, 36.16020457178379)	(60, 36.44368342233902)	(65, 36.436184340651586)	(70, 36.121895397134864)	(75, 36.10172077646859)	(80, 35.93011217541182)	(85, 36.333525472577776)	(90, 36.30560877059139)	(95, 35.90666553643582)	(100, 35.78506965047611)	(105, 36.35528806758781)	(110, 35.36084315221384)	(115, 35.87470260800769)	(120, 35.37211155378486)	(125, 35.8508490859258)	(130, 35.733898448758154)	(135, 35.146319685795824)	(140, 34.9015342883784)	(145, 35.08457517447938)	(150, 34.47999208838406)	(155, 34.40306857675681)	(160, 33.68752407275541)	(165, 32.552992370726194)	(170, 32.7280813789206)	(175, 33.36595648488274)	(180, 32.91373834416502)	(185, 32.17877931619101)	(190, 31.432650631593695)	(195, 32.10190172087372)	(200, 31.492441154030917)	(205, 28.945474582497383)	(210, 29.739634904487396)	(215, 28.714162993105003)	(220, 26.96247315474172)	(225, 26.44118910365096)	(230, 25.065609811235447)	(235, 23.35378659432576)	(240, 22.725262800949473)	(245, 25.397405900305188)	(250, 25.624082901669993)	(255, 21.734296049285028)	(260, 21.78659922003052)	(265, 19.279556886904423)	(270, 18.529537105069803)	(275, 19.470638105465436)	(280, 17.852122308257503)	(285, 18.756039111513026)	(290, 16.468890702300047)	(295, 15.036225620344629)	(300, 12.662805808334795)
678B0_S143_L001_R1_001	(1, 33.818367964259956)	(2, 33.88433348069898)	(3, 33.88814947530074)	(4, 33.90301789329176)	(5, 33.886125136701025)	(6, 37.81871698815645)	(7, 37.73876724759755)	(8, 37.708099681224844)	(9, 37.6446704051004)	(10, 37.68310491658329)	(15, 37.50529352909696)	(20, 37.62769853642646)	(25, 37.50207320194524)	(30, 37.54378853805524)	(35, 37.55116923005329)	(40, 37.18696977453057)	(45, 37.46631454033553)	(50, 37.37778346557461)	(55, 37.41491495451055)	(60, 37.30374851664844)	(65, 37.07197855236461)	(70, 37.18418652271035)	(75, 37.18000744601638)	(80, 37.45199180938198)	(85, 37.11354709605361)	(90, 37.11318875651527)	(95, 36.74532297096054)	(100, 37.13255305286672)	(105, 36.90082371556217)	(110, 36.71228592702904)	(115, 37.03182706626954)	(120, 37.0227382725242)	(125, 36.67825763216679)	(130, 36.6858711839166)	(135, 36.51527364110201)	(140, 36.41812174236783)	(145, 36.32099311243485)	(150, 36.29294955323901)	(155, 36.390362062546544)	(160, 36.11122486969471)	(165, 36.33669489947878)	(170, 36.49408972449739)	(175, 36.170402084884586)	(180, 35.94431310498883)	(185, 35.84827749210891)	(190, 35.74319022687609)	(195, 35.84541244909831)	(200, 35.5829435718441)	(205, 35.618219895287965)	(210, 35.633321698662016)	(215, 34.94804886561955)	(220, 35.18037463641652)	(225, 34.30710878417685)	(230, 34.8824572425829)	(235, 34.128819080860964)	(240, 33.95349389179755)	(245, 33.954210587550904)	(250, 33.70205933682373)	(255, 32.861719604421175)	(260, 32.91484066648738)	(265, 33.00978731325918)	(270, 32.03930748824871)	(275, 30.841978870945223)	(280, 30.89424768464653)	(285, 31.87333271280309)	(290, 29.32375855168241)	(295, 28.06150884697039)	(300, 23.36006674521824)
678B0_S143_L001_R2_001	(1, 33.2177443748982)	(2, 33.37855131814692)	(3, 33.32798938967355)	(4, 33.342927612443866)	(5, 33.48325848709775)	(6, 36.819321962910394)	(7, 36.87965656048584)	(8, 36.59585359610955)	(9, 37.121064755566934)	(10, 36.9384926821323)	(15, 37.078120855341226)	(20, 36.650492123694065)	(25, 36.73281057309724)	(30, 36.74135467808363)	(35, 36.6665565302371)	(40, 36.60201037764385)	(45, 36.40925611373525)	(50, 36.5805989250064)	(55, 36.22038299555576)	(60, 36.48426367591968)	(65, 36.413065072633785)	(70, 36.10783693224125)	(75, 36.10161485480268)	(80, 35.86940618019359)	(85, 36.36769825018615)	(90, 36.301870811615785)	(95, 35.94576507818317)	(100, 35.840250372300815)	(105, 36.37486504095309)	(110, 35.286099218168275)	(115, 35.824753350707375)	(120, 35.3615273641102)	(125, 35.836048026805656)	(130, 35.667158413998514)	(135, 35.10244787788533)	(140, 34.776935964259124)	(145, 35.00934009679821)	(150, 34.43319061801936)	(155, 34.44340562174237)	(160, 33.43645290394639)	(165, 32.301191362621)	(170, 32.45681775874907)	(175, 33.02779225614296)	(180, 32.64200018615041)	(185, 31.74552599500047)	(190, 31.203816172193136)	(195, 31.940644560791156)	(200, 31.22428388598022)	(205, 28.687781268179172)	(210, 29.24333682373473)	(215, 28.38285514834206)	(220, 26.651034322280395)	(225, 25.866568935427573)	(230, 24.870952879581154)	(235, 22.947001745200698)	(240, 22.39525770796975)	(245, 25.08529144851658)	(250, 25.135660267597437)	(255, 21.224125654450262)	(260, 21.484183827806866)	(265, 18.746150087260034)	(270, 18.158901687027345)	(275, 19.445845258871437)	(280, 17.426387434554975)	(285, 18.556276905177427)	(290, 16.255228651668194)	(295, 14.946530474447794)	(300, 12.545837979201334)
678B14_S144_L001_R1_001	(1, 33.81399111180415)	(2, 33.888117885544986)	(3, 33.88227038827382)	(4, 33.90856463433651)	(5, 33.87423982535475)	(6, 37.807929206299704)	(7, 37.74261266178076)	(8, 37.67741306720723)	(9, 37.590792140963664)	(10, 37.65716903165445)	(15, 37.47493762669578)	(20, 37.616544518945894)	(25, 37.444257757679715)	(30, 37.50378527990021)	(35, 37.489817558085136)	(40, 37.14076095431155)	(45, 37.438838262756555)	(50, 37.33788277488646)	(55, 37.358150595481746)	(60, 37.241639702155865)	(65, 37.06242298043404)	(70, 37.17294399719304)	(75, 37.10816553283562)	(80, 37.41776573556071)	(85, 37.09871932321008)	(90, 37.08184245921133)	(95, 36.73307732792733)	(100, 37.08521471316348)	(105, 36.87766320344632)	(110, 36.69362000740726)	(115, 36.994265219001576)	(120, 37.024900099413266)	(125, 36.654841036237116)	(130, 36.69751466833005)	(135, 36.505479425352334)	(140, 36.3872010292197)	(145, 36.27113311631352)	(150, 36.26138281904836)	(155, 36.39762967583478)	(160, 36.143521568780336)	(165, 36.301970721818286)	(170, 36.47532796631644)	(175, 36.066883686477844)	(180, 35.93340870548333)	(185, 35.88618545447457)	(190, 35.73140874446892)	(195, 35.80864700493167)	(200, 35.42967973333853)	(205, 35.52682013995828)	(210, 35.471897233972044)	(215, 34.9472680844428)	(220, 34.9978674879632)	(225, 34.33911619656537)	(230, 34.62468567864174)	(235, 34.248548761232726)	(240, 33.895464026042376)	(245, 33.930449698836284)	(250, 33.61674431297636)	(255, 33.152895208659004)	(260, 32.77823391812866)	(265, 33.06266666666666)	(270, 31.97936062378168)	(275, 30.62885436363282)	(280, 30.943414101639405)	(285, 31.75184311585021)	(290, 29.120037427630173)	(295, 27.975004807355514)	(300, 23.258020954353448)
678B14_S144_L001_R2_001	(1, 33.07974037112116)	(2, 33.24725167628255)	(3, 33.190297052861375)	(4, 33.19708014969593)	(5, 33.38653906128177)	(6, 36.6096405738344)	(7, 36.673144394199284)	(8, 36.319565725869325)	(9, 36.92020115390613)	(10, 36.75156712926868)	(15, 36.9371277093404)	(20, 36.44890846717605)	(25, 36.527163573990336)	(30, 36.55116560112272)	(35, 36.50216357399033)	(40, 36.46171448619991)	(45, 36.31875877762876)	(50, 36.356864121006566)	(55, 36.00123343274363)	(60, 36.26412225644224)	(65, 36.179328636717905)	(70, 35.991185357010586)	(75, 35.905584686458354)	(80, 35.629648544862675)	(85, 36.1056197734937)	(90, 36.04730512075788)	(95, 35.74067172179879)	(100, 35.62701311865266)	(105, 36.17043722344594)	(110, 35.046704742597605)	(115, 35.54291729206058)	(120, 34.89685971033703)	(125, 35.55441804253328)	(130, 35.33101109140173)	(135, 34.69999415216078)	(140, 34.45256427749946)	(145, 34.74653515526013)	(150, 34.08841153193895)	(155, 34.30305841991384)	(160, 33.05844330519873)	(165, 31.976441005048635)	(170, 32.13196623847488)	(175, 32.695210619676025)	(180, 32.51700356718192)	(185, 31.295943548858695)	(190, 30.86869261807762)	(195, 31.395317830061792)	(200, 30.814974366971406)	(205, 28.312629383442818)	(210, 28.77358725950761)	(215, 27.65982339525545)	(220, 26.296781739147384)	(225, 25.516052318668255)	(230, 24.481904836163036)	(235, 22.28291846162843)	(240, 21.701588662989025)	(245, 24.266107873140875)	(250, 24.399165708270793)	(255, 20.82598389894934)	(260, 20.88960059258104)	(265, 18.227617395372413)	(270, 17.37419933334633)	(275, 19.70388491452409)	(280, 16.657800042884155)	(285, 17.858069043488427)	(290, 15.723167189723394)	(295, 14.427201768242373)	(300, 12.322500782985227)
681A0_S153_L001_R1_001	(1, 33.83917117179759)	(2, 33.924696229596535)	(3, 33.902428424913516)	(4, 33.928172857962345)	(5, 33.89052097276062)	(6, 37.835798842282756)	(7, 37.755975455003735)	(8, 37.71851478436213)	(9, 37.66276704851635)	(10, 37.70374606706416)	(15, 37.51504510925305)	(20, 37.64946894501712)	(25, 37.52362890468824)	(30, 37.553298451162064)	(35, 37.56759482142311)	(40, 37.28155616590759)	(45, 37.50289260508292)	(50, 37.43627924764454)	(55, 37.44260334457463)	(60, 37.33886472201064)	(65, 37.118232389958976)	(70, 37.256466866003755)	(75, 37.168395800013904)	(80, 37.48083942509801)	(85, 37.246005945447905)	(90, 37.177167393912)	(95, 36.94543400031292)	(100, 37.21631347461016)	(105, 37.09740044251042)	(110, 36.92987093756337)	(115, 37.19426981919332)	(120, 37.270295549374126)	(125, 36.96149165507649)	(130, 36.95890472878999)	(135, 36.76209318497914)	(140, 36.713588317107096)	(145, 36.527214881780246)	(150, 36.585052155771905)	(155, 36.7720792767733)	(160, 36.488668289290686)	(165, 36.65231919332406)	(170, 36.76762517385257)	(175, 36.370629346314324)	(180, 36.241112656467315)	(185, 36.322649513212795)	(190, 36.13617236540645)	(195, 36.246944487908344)	(200, 36.01023661746553)	(205, 36.12640692640692)	(210, 36.04754688675611)	(215, 35.42730275739768)	(220, 35.65645884766508)	(225, 35.02644737299627)	(230, 35.42228172050489)	(235, 34.83580792099865)	(240, 34.56546124691401)	(245, 34.61017420633541)	(250, 34.64867716443444)	(255, 34.14213189144079)	(260, 33.812709506919816)	(265, 34.1696154113638)	(270, 33.10141873565617)	(275, 31.85793866054663)	(280, 32.162302663606646)	(285, 32.96606161763683)	(290, 30.206457333611517)	(295, 29.1646649729461)	(300, 24.505289975194167)
681A0_S153_L001_R2_001	(1, 33.19201418464373)	(2, 33.420898013106886)	(3, 33.220957115789105)	(4, 33.28324091296261)	(5, 33.47848836198654)	(6, 37.12512385488553)	(7, 37.15524883967528)	(8, 36.71168320962331)	(9, 37.10730613451075)	(10, 36.947280407460845)	(15, 37.05969370904097)	(20, 36.66160933127053)	(25, 36.77257983207885)	(30, 36.71489561423332)	(35, 36.68264868171587)	(40, 36.677262455237624)	(45, 36.53822967006223)	(50, 36.57272189966276)	(55, 36.257410562180574)	(60, 36.434203564468625)	(65, 36.4840031986649)	(70, 36.31762394826508)	(75, 36.238902023503236)	(80, 36.03124909389014)	(85, 36.46917580793769)	(90, 36.3228239139127)	(95, 36.10675729708117)	(100, 36.03297115936234)	(105, 36.44592316300884)	(110, 35.599132579843435)	(115, 35.930528511821976)	(120, 35.34546244784423)	(125, 35.897350486787204)	(130, 35.794454102920724)	(135, 35.14621349095967)	(140, 35.08532336578581)	(145, 35.25223226703755)	(150, 34.61176634214186)	(155, 34.80059109874826)	(160, 33.777225312934625)	(165, 32.901088317107096)	(170, 32.78748609179416)	(175, 33.73388038942976)	(180, 33.53073018080668)	(185, 32.617753824756605)	(190, 32.306624661558885)	(195, 32.47799857438412)	(200, 32.1882682244128)	(205, 29.919296232549243)	(210, 30.190427510909437)	(215, 29.12765173247101)	(220, 27.98649142022636)	(225, 27.308611067647213)	(230, 26.10469236252369)	(235, 23.706124932630956)	(240, 23.637086875641092)	(245, 26.303930875015215)	(250, 25.68196844681926)	(255, 22.172467749226332)	(260, 22.12842811690457)	(265, 19.373294851956814)	(270, 18.352038527739623)	(275, 21.38282246987847)	(280, 17.529047064346194)	(285, 18.849432341742443)	(290, 16.515437446063395)	(295, 15.166810861259972)	(300, 12.766339558853481)
681A14_S154_L001_R1_001	(1, 33.856663206025935)	(2, 33.91961741512226)	(3, 33.89065847893795)	(4, 33.919418612356694)	(5, 33.902586644871995)	(6, 37.837423516158246)	(7, 37.77469019902366)	(8, 37.73417861324027)	(9, 37.6590311678558)	(10, 37.710406220317644)	(15, 37.52594376090654)	(20, 37.66294095557863)	(25, 37.54799761436681)	(30, 37.57170373970091)	(35, 37.59699705189986)	(40, 37.26434724983433)	(45, 37.51547603269273)	(50, 37.44721890876961)	(55, 37.45290479346146)	(60, 37.34734005055112)	(65, 37.094480551008886)	(70, 37.209388530529296)	(75, 37.23367058407705)	(80, 37.51519837412742)	(85, 37.20682159582928)	(90, 37.143059114606345)	(95, 36.827317310241234)	(100, 37.223239374392506)	(105, 37.04004153044093)	(110, 36.89984978351153)	(115, 37.16449589113723)	(120, 37.24472475037554)	(125, 36.94867014226385)	(130, 36.941433242025276)	(135, 36.758195634885574)	(140, 36.67889016523814)	(145, 36.55242113634356)	(150, 36.59041265353009)	(155, 36.66910400282761)	(160, 36.40988777944685)	(165, 36.623601661217634)	(170, 36.73252628788548)	(175, 36.41098789431828)	(180, 36.25439136086858)	(185, 36.309143526189054)	(190, 36.236203984080234)	(195, 36.24249988954182)	(200, 36.005315247647246)	(205, 36.04568108514117)	(210, 35.995294481509305)	(215, 35.40652586930588)	(220, 35.56129103521407)	(225, 34.85873724208015)	(230, 35.45768126187426)	(235, 34.589303229797196)	(240, 34.483250121504)	(245, 34.58222506958865)	(250, 34.56295857027831)	(255, 33.80563791008505)	(260, 33.797516790385295)	(265, 34.022583068221984)	(270, 32.98024036762107)	(275, 31.925136974195834)	(280, 31.96589784376105)	(285, 33.046341463414635)	(290, 30.33731000353482)	(295, 29.649349403913998)	(300, 24.69329294751585)
681A14_S154_L001_R2_001	(1, 33.23617768549403)	(2, 33.45866006936008)	(3, 33.2517505687968)	(4, 33.31200989595989)	(5, 33.4911090985399)	(6, 37.157716860683436)	(7, 37.189260232820125)	(8, 36.7500386560933)	(9, 37.168385942435556)	(10, 36.991420556205966)	(15, 37.08733626383336)	(20, 36.69154204678491)	(25, 36.78830156170617)	(30, 36.76712244041439)	(35, 36.71842360185574)	(40, 36.66034459907224)	(45, 36.444232383476916)	(50, 36.64371990280539)	(55, 36.28481555113761)	(60, 36.533868475876645)	(65, 36.52181395299476)	(70, 36.26427498453654)	(75, 36.21635592471503)	(80, 36.14913846425731)	(85, 36.52991517186533)	(90, 36.441176990368476)	(95, 36.13211981974021)	(100, 36.02296545020765)	(105, 36.475505876115584)	(110, 35.554219316073166)	(115, 36.0293584872316)	(120, 35.55374215781568)	(125, 36.01704073517717)	(130, 36.0050322523637)	(135, 35.33810197048688)	(140, 35.190235928249535)	(145, 35.43025094989839)	(150, 34.84452593443492)	(155, 34.700949898382966)	(160, 34.133772201113366)	(165, 33.056145621631174)	(170, 33.06659892197579)	(175, 34.02970751966068)	(180, 33.4357610293834)	(185, 33.07426160337552)	(190, 32.420600522397635)	(195, 32.98726609963548)	(200, 32.51057991825914)	(205, 30.18742516292941)	(210, 30.69755882028057)	(215, 30.045496520490445)	(220, 28.476695018226003)	(225, 27.965584888987074)	(230, 26.500298243676134)	(235, 24.45119187009831)	(240, 24.29535844471446)	(245, 26.89513752347288)	(250, 26.63088920799735)	(255, 22.879120733458524)	(260, 22.838096500530224)	(265, 20.236987451396253)	(270, 19.551343230823612)	(275, 20.76768292682927)	(280, 18.83822905620361)	(285, 19.750481618946626)	(290, 17.327589527290982)	(295, 15.992467726092542)	(300, 13.155359283136548)
681B0_S155_L001_R1_001	(1, 33.8806989883064)	(2, 33.92655367231639)	(3, 33.8942583103403)	(4, 33.90074891604257)	(5, 33.914308238076465)	(6, 37.826067533832614)	(7, 37.771541190382344)	(8, 37.767730915779794)	(9, 37.68356326369728)	(10, 37.70225200367889)	(15, 37.55956904480358)	(20, 37.676547102877414)	(25, 37.544869268164504)	(30, 37.60883458152674)	(35, 37.62276179214295)	(40, 37.21948232820917)	(45, 37.54009722769675)	(50, 37.44109841019578)	(55, 37.481923531730395)	(60, 37.36763208896078)	(65, 37.092324663673935)	(70, 37.18723288845772)	(75, 37.29545609839426)	(80, 37.53568631573414)	(85, 37.17216893117133)	(90, 37.09745867388505)	(95, 36.83562061443852)	(100, 37.19535886047673)	(105, 37.031517731009814)	(110, 36.86741655716163)	(115, 37.15651511169513)	(120, 37.23147437582129)	(125, 36.94688567674113)	(130, 36.87942181340342)	(135, 36.74699605781866)	(140, 36.63850722733246)	(145, 36.564772667542705)	(150, 36.632168199737194)	(155, 36.6025703022339)	(160, 36.328893561103804)	(165, 36.56164520367937)	(170, 36.72106701708278)	(175, 36.480530880420496)	(180, 36.24405256241787)	(185, 36.38644926859108)	(190, 36.31448153102677)	(195, 36.33715319603878)	(200, 35.98747432887734)	(205, 35.96386384544618)	(210, 36.02451833355237)	(215, 35.50210801131017)	(220, 35.39261381558195)	(225, 34.70155083587425)	(230, 35.319246136052996)	(235, 34.6569288192619)	(240, 34.55781200714962)	(245, 34.563820839028494)	(250, 34.38085900536221)	(255, 33.503167768672675)	(260, 33.65648501964999)	(265, 33.83979811786973)	(270, 32.73132853162294)	(275, 32.01196572209663)	(280, 31.69950580936859)	(285, 33.04728983754798)	(290, 30.490011040429)	(295, 29.808103146039183)	(300, 24.725109956517038)
681B0_S155_L001_R2_001	(1, 33.21466298778084)	(2, 33.419524372618575)	(3, 33.25082117987124)	(4, 33.29383786624622)	(5, 33.4659834450138)	(6, 37.121823676258046)	(7, 37.16131914334516)	(8, 36.74260938115885)	(9, 37.133806332939166)	(10, 36.95085534095388)	(15, 37.06505846800683)	(20, 36.589909341742214)	(25, 36.742099592694785)	(30, 36.761487320982795)	(35, 36.65687031927474)	(40, 36.527494415976875)	(45, 36.24350019708317)	(50, 36.582330836946525)	(55, 36.17964525029562)	(60, 36.50528649315925)	(65, 36.48957941499536)	(70, 36.15039084349173)	(75, 36.10725605108933)	(80, 36.05896297074978)	(85, 36.47140416809019)	(90, 36.441764999605795)	(95, 35.93280597093375)	(100, 35.82536070011301)	(105, 36.377674432174175)	(110, 35.4942864651774)	(115, 35.927984231274635)	(120, 35.54278055190538)	(125, 35.94667542706965)	(130, 35.97147437582129)	(135, 35.32033639947438)	(140, 35.17562155059132)	(145, 35.2973876478318)	(150, 34.709908015768725)	(155, 34.275085413929034)	(160, 34.03710381077529)	(165, 32.86243363994744)	(170, 32.972483574244414)	(175, 33.97076478318003)	(180, 33.105219448094616)	(185, 32.978162584251876)	(190, 31.959928384089118)	(195, 32.81303948935342)	(200, 32.08006406336673)	(205, 29.82160016821742)	(210, 30.720196604110818)	(215, 29.665273616148873)	(220, 27.55805603742838)	(225, 27.595547495137463)	(230, 25.645239972664672)	(235, 24.318293644535565)	(240, 23.942769279293486)	(245, 26.485407138726806)	(250, 26.66691899279819)	(255, 22.669784892649922)	(260, 22.440897276754438)	(265, 20.125691304804963)	(270, 19.483098517506043)	(275, 19.780601408894963)	(280, 18.84085795394806)	(285, 19.268567973924927)	(290, 16.895626117127538)	(295, 15.533085740661647)	(300, 12.882159523742036)
681B14_S156_L001_R1_001	(1, 33.90359507293013)	(2, 33.89710653337905)	(3, 33.883100783372456)	(4, 33.89945401313533)	(5, 33.88972120380872)	(6, 37.82283121884314)	(7, 37.7619022498879)	(8, 37.75427953472424)	(9, 37.66125075831509)	(10, 37.68567509825125)	(15, 37.533410703452645)	(20, 37.66606704824203)	(25, 37.5263049613589)	(30, 37.5658375755018)	(35, 37.583419935114605)	(40, 37.18498641774376)	(45, 37.52095378771893)	(50, 37.379304705634105)	(55, 37.44081029753113)	(60, 37.30043309252615)	(65, 37.0637300917045)	(70, 37.1396080086523)	(75, 37.2414360705901)	(80, 37.490711968134214)	(85, 37.12187607164526)	(90, 37.044466287940686)	(95, 36.750853404384415)	(100, 37.13313108396866)	(105, 36.98545387395468)	(110, 36.82625900229509)	(115, 37.08258105363126)	(120, 37.144300524969005)	(125, 36.837444271506584)	(130, 36.79277705964597)	(135, 36.65379481362281)	(140, 36.50720447410769)	(145, 36.437987706756005)	(150, 36.52073231856913)	(155, 36.46054290764239)	(160, 36.227388081357006)	(165, 36.43154034874825)	(170, 36.59148442240219)	(175, 36.359590576938295)	(180, 36.11942912918458)	(185, 36.27129909241971)	(190, 36.18327969186936)	(195, 36.18397072499191)	(200, 35.83565228861628)	(205, 35.76499670228202)	(210, 35.843392692256955)	(215, 35.37860968209999)	(220, 35.2003640680649)	(225, 34.45657301147606)	(230, 35.06217121751748)	(235, 34.50836037462077)	(240, 34.32297058435563)	(245, 34.35862287297191)	(250, 34.08676955546762)	(255, 33.279366838148)	(260, 33.38974778387505)	(265, 33.47449345715492)	(270, 32.45797804981005)	(275, 31.59620092866188)	(280, 31.4377954833263)	(285, 32.7322393414943)	(290, 29.943409666525962)	(295, 29.45631303990327)	(300, 24.35244040723459)
681B14_S156_L001_R2_001	(1, 33.1414554374489)	(2, 33.3909213198639)	(3, 33.19697729011157)	(4, 33.267797325455646)	(5, 33.454118640044314)	(6, 37.07211246801889)	(7, 37.11911481549864)	(8, 36.68345949938016)	(9, 37.10534645108538)	(10, 36.8894943686862)	(15, 37.02395484398491)	(20, 36.512984991955264)	(25, 36.65919869174162)	(30, 36.67531453591116)	(35, 36.52090312030174)	(40, 36.43692692669667)	(45, 36.12800168811986)	(50, 36.503555602447776)	(55, 36.06153724414433)	(60, 36.38815760319932)	(65, 36.38975172040607)	(70, 36.05914162863701)	(75, 35.995663298952756)	(80, 35.92718351842571)	(85, 36.35958743306339)	(90, 36.331156783954995)	(95, 35.83113854595336)	(100, 35.71838134430727)	(105, 36.26600189933523)	(110, 35.33517463332278)	(115, 35.788909992613696)	(120, 35.381312651683025)	(125, 35.815068059512505)	(130, 35.80174633322781)	(135, 35.133549646512606)	(140, 34.93761211353804)	(145, 35.13028384509866)	(150, 34.48102247546692)	(155, 34.180537089796346)	(160, 33.8369209665506)	(165, 32.6267067637438)	(170, 32.77379444972038)	(175, 33.752917589954635)	(180, 32.90157750342936)	(185, 32.66189502343555)	(190, 31.757670087318964)	(195, 32.51124071193401)	(200, 31.905814382947284)	(205, 29.599345750013192)	(210, 30.42360048541128)	(215, 29.25519970453226)	(220, 27.384493220070702)	(225, 27.343966654355512)	(230, 25.498670395188093)	(235, 23.960977154012557)	(240, 23.601741149158446)	(245, 26.198427689547827)	(250, 26.282984224133383)	(255, 22.360702791114864)	(260, 22.07412214747395)	(265, 19.76434771138372)	(270, 18.96615222266192)	(275, 19.76094446642923)	(280, 18.608157235193246)	(285, 19.05023611660731)	(290, 16.696469766853582)	(295, 15.287556129623601)	(300, 12.8340597008023)
682A0_S145_L001_R1_001	(1, 33.84942990149777)	(2, 33.91924166779112)	(3, 33.91588517069221)	(4, 33.92561732559709)	(5, 33.89576305491836)	(6, 37.84212656861422)	(7, 37.77049318580489)	(8, 37.72441303467818)	(9, 37.6569288894886)	(10, 37.70392996896505)	(15, 37.520236810147075)	(20, 37.65356227229794)	(25, 37.512474699770614)	(30, 37.55417285116719)	(35, 37.54246390500607)	(40, 37.21994332748617)	(45, 37.4973552826879)	(50, 37.44152610983673)	(55, 37.43594993927945)	(60, 37.30699298340305)	(65, 37.12910000939127)	(70, 37.27381382090509)	(75, 37.1558917788348)	(80, 37.461262355362145)	(85, 37.19648146273994)	(90, 37.18975474816989)	(95, 36.88715717032689)	(100, 37.189515231251896)	(105, 37.036018621597)	(110, 36.81332523698681)	(115, 37.142121242789194)	(120, 37.13941908713692)	(125, 36.73845427250953)	(130, 36.79153257092737)	(135, 36.53153526970954)	(140, 36.558300441925574)	(145, 36.39134365617515)	(150, 36.35975441082211)	(155, 36.502823600850114)	(160, 36.344517716122525)	(165, 36.52578223834022)	(170, 36.612249304208476)	(175, 36.085849709032644)	(180, 36.05249894577044)	(185, 35.92343425824408)	(190, 35.805361179526976)	(195, 35.991642767974625)	(200, 35.61212591517933)	(205, 35.844610142042576)	(210, 35.83383831567583)	(215, 35.10422768068021)	(220, 35.40381604696673)	(225, 34.772251838855524)	(230, 35.165540859707136)	(235, 34.663924691274715)	(240, 33.97156353330185)	(245, 34.227145558941814)	(250, 34.00324678426079)	(255, 33.76035497966966)	(260, 33.372445209292906)	(265, 33.53382261139512)	(270, 32.56304094751228)	(275, 31.198913465269698)	(280, 31.750424322181168)	(285, 32.34799480352955)	(290, 29.928578900305375)	(295, 28.583818021427987)	(300, 24.131489381024366)
682A0_S145_L001_R2_001	(1, 33.16581770341384)	(2, 33.293179058156795)	(3, 33.387329645122115)	(4, 33.39289569558764)	(5, 33.44032519228174)	(6, 36.91350694912967)	(7, 36.89601605721225)	(8, 36.4550330589664)	(9, 37.040362299284844)	(10, 36.96877951693428)	(15, 37.08154769936581)	(20, 36.70411213061665)	(25, 36.73495142355957)	(30, 36.76410066117933)	(35, 36.58674605316421)	(40, 36.727776278504926)	(45, 36.595209823235734)	(50, 36.57168060990419)	(55, 36.18947173121036)	(60, 36.42489879908244)	(65, 36.452873130128964)	(70, 36.237741832104845)	(75, 36.23185237661505)	(80, 36.02907600445299)	(85, 36.38562898492056)	(90, 36.3140842694734)	(95, 36.141213777283)	(100, 36.07358566946665)	(105, 36.4708666464258)	(110, 35.46030091421246)	(115, 35.88880342745336)	(120, 35.33198731572378)	(125, 35.92083459838748)	(130, 35.71160476335054)	(135, 34.928509260196336)	(140, 34.92825624936747)	(145, 35.14009040920285)	(150, 34.3931147319772)	(155, 34.85655635394529)	(160, 33.62519313159937)	(165, 32.646213271261345)	(170, 32.83576898424586)	(175, 33.20525925176264)	(180, 33.092588469453155)	(185, 32.06421752184327)	(190, 31.5849086523052)	(195, 31.995431771791022)	(200, 31.527100659592776)	(205, 29.1180114374399)	(210, 29.57466176321738)	(215, 28.413208947670302)	(220, 27.257458078882554)	(225, 26.07299166638551)	(230, 25.119990552987623)	(235, 22.80793549040116)	(240, 22.71773001788184)	(245, 25.08859273254833)	(250, 24.913327182539764)	(255, 21.12038127372417)	(260, 21.578419232391397)	(265, 18.63357233234922)	(270, 17.874328131590048)	(275, 20.376377899620415)	(280, 16.736799662589625)	(285, 18.452423450021087)	(290, 16.162611556305357)	(295, 14.864581993841764)	(300, 12.521751923504164)
682A14_S146_L001_R1_001	(1, 33.832258363881024)	(2, 33.90865853092664)	(3, 33.882256043803075)	(4, 33.9094937589903)	(5, 33.88401930304858)	(6, 37.81775787666466)	(7, 37.75571899215814)	(8, 37.71066307827943)	(9, 37.635747761124776)	(10, 37.69413948308663)	(15, 37.4984455477704)	(20, 37.64410932207322)	(25, 37.49496543083848)	(30, 37.52643032805902)	(35, 37.528578720245)	(40, 37.16631710825484)	(45, 37.47864136234978)	(50, 37.42559974015127)	(55, 37.41067235859124)	(60, 37.282571574404905)	(65, 37.120302374267155)	(70, 37.24127978469177)	(75, 37.131291617363864)	(80, 37.45315421915965)	(85, 37.17787986357625)	(90, 37.17055288740401)	(95, 36.830389086100084)	(100, 37.164362775805664)	(105, 37.03896429317185)	(110, 36.8361476531867)	(115, 37.12856778265005)	(120, 37.16556460406951)	(125, 36.7771699032505)	(130, 36.81233846082458)	(135, 36.56143012923134)	(140, 36.5496067376627)	(145, 36.35525857868727)	(150, 36.366534419155)	(155, 36.50159857079882)	(160, 36.33317556437206)	(165, 36.491116215401036)	(170, 36.59849191434073)	(175, 36.06757615832579)	(180, 36.04929351987193)	(185, 36.003907016439186)	(190, 35.89039099663535)	(195, 35.99793015431025)	(200, 35.62068917507832)	(205, 35.79596240863209)	(210, 35.79224021905601)	(215, 35.0550006961526)	(220, 35.37097043671973)	(225, 34.71176961990068)	(230, 35.193697498491666)	(235, 34.67067341161182)	(240, 34.03128045667611)	(245, 34.22545597995081)	(250, 34.134371057250874)	(255, 33.87279140463649)	(260, 33.51740189822013)	(265, 33.66905529900448)	(270, 32.67811941614648)	(275, 31.35781681479591)	(280, 31.944120854895225)	(285, 32.52356995335669)	(290, 30.11878495347272)	(295, 28.902559344871644)	(300, 24.11045850591917)
682A14_S146_L001_R2_001	(1, 33.20523409586562)	(2, 33.30601828221428)	(3, 33.42065333395202)	(4, 33.40942415665166)	(5, 33.45631293211452)	(6, 36.94932949747111)	(7, 36.926221521043104)	(8, 36.48018653426755)	(9, 37.07816342629113)	(10, 37.00159621363277)	(15, 37.123293582664374)	(20, 36.72173449027887)	(25, 36.77023803999814)	(30, 36.79792585030857)	(35, 36.66953737645585)	(40, 36.76557004315345)	(45, 36.61819869147603)	(50, 36.62346990858893)	(55, 36.2520393485221)	(60, 36.476757459050624)	(65, 36.520365560420274)	(70, 36.33619637595416)	(75, 36.29338066402172)	(80, 36.14841418992599)	(85, 36.45829563119185)	(90, 36.37655274819609)	(95, 36.222129416950885)	(100, 36.07613280434329)	(105, 36.49698614881326)	(110, 35.618978677988906)	(115, 36.01503909422055)	(120, 35.39658012575114)	(125, 35.96788009558943)	(130, 35.891649845711235)	(135, 35.08051785341407)	(140, 35.14283195285493)	(145, 35.340228764993846)	(150, 34.56545323774391)	(155, 34.978074754646066)	(160, 33.887218394004776)	(165, 33.0137815827939)	(170, 33.10100925732581)	(175, 33.62927542284402)	(180, 33.57915129579361)	(185, 32.697175364657696)	(190, 32.15476505395057)	(195, 32.48089105464671)	(200, 32.085202459682094)	(205, 29.643655670374113)	(210, 30.267082820875782)	(215, 29.127394240363866)	(220, 28.076105167892695)	(225, 27.017956512658667)	(230, 25.82392964054487)	(235, 23.582600422342377)	(240, 23.47215557051029)	(245, 25.796184995242847)	(250, 25.59635998941489)	(255, 21.789404065719857)	(260, 22.099415204678362)	(265, 19.28846189547944)	(270, 18.382428292954607)	(275, 20.746092082056997)	(280, 17.329657477025897)	(285, 18.891144527986633)	(290, 16.610136452241715)	(295, 15.244737529297613)	(300, 12.76328560422822)
682B0_S147_L001_R1_001	(1, 33.86867307808139)	(2, 33.911458228763024)	(3, 33.88856987973578)	(4, 33.899753046760495)	(5, 33.905113739032664)	(6, 37.81508623285883)	(7, 37.75407071295199)	(8, 37.74124119099725)	(9, 37.6619953018652)	(10, 37.70910113036321)	(15, 37.54371473889212)	(20, 37.66887786857269)	(25, 37.521874435320335)	(30, 37.56476800449735)	(35, 37.567386110386096)	(40, 37.273515770875576)	(45, 37.50471620454956)	(50, 37.464565221755976)	(55, 37.45196056779167)	(60, 37.345136225831716)	(65, 37.16186078262092)	(70, 37.30598510249563)	(75, 37.16477603549701)	(80, 37.49534402794789)	(85, 37.217033750276066)	(90, 37.20579838175357)	(95, 36.84505792358504)	(100, 37.24366052964443)	(105, 37.11030176481218)	(110, 36.890878792137656)	(115, 37.189101933463164)	(120, 37.24910956291285)	(125, 36.9236211777461)	(130, 36.93513361575682)	(135, 36.71297608769852)	(140, 36.725432168169135)	(145, 36.54407211837693)	(150, 36.502146284658785)	(155, 36.676607705744175)	(160, 36.49838777681852)	(165, 36.63301142409701)	(170, 36.731114100427654)	(175, 36.212331599975904)	(180, 36.20110024695324)	(185, 36.17415624309836)	(190, 36.09181190265842)	(195, 36.184511284234205)	(200, 35.87870853746687)	(205, 36.08652718657137)	(210, 35.99367119106899)	(215, 35.197759216127224)	(220, 35.66401895430086)	(225, 34.95581880973416)	(230, 35.46884186009156)	(235, 34.77570877841138)	(240, 34.20063850293148)	(245, 34.506601879367125)	(250, 34.466879464692525)	(255, 34.19701222817902)	(260, 33.87380278296488)	(265, 34.07997911772383)	(270, 33.05720940505592)	(275, 31.737529867678653)	(280, 32.323912214123645)	(285, 32.96024737465614)	(290, 30.38141075838805)	(295, 29.153604959027394)	(300, 24.825833425456267)
682B0_S147_L001_R2_001	(1, 33.1816612122794)	(2, 33.2974682273576)	(3, 33.404541530306986)	(4, 33.41490151986669)	(5, 33.47469231232558)	(6, 36.94996687212641)	(7, 36.94310036741823)	(8, 36.50549119601662)	(9, 37.06153753488466)	(10, 36.99813680807919)	(15, 37.12126809484611)	(20, 36.70656734997089)	(25, 36.75895356074447)	(30, 36.77471038207481)	(35, 36.714702752625136)	(40, 36.76079265966631)	(45, 36.63388680305981)	(50, 36.61533519384825)	(55, 36.25591985062341)	(60, 36.477446945208506)	(65, 36.521115490131145)	(70, 36.31938320684255)	(75, 36.282813315664775)	(80, 36.15960727623178)	(85, 36.48294181423925)	(90, 36.37162189294463)	(95, 36.269541822270405)	(100, 36.16407661727503)	(105, 36.53816006103683)	(110, 35.52606111713448)	(115, 36.06292414568526)	(120, 35.399506083604386)	(125, 35.95113038589728)	(130, 35.88948721037626)	(135, 34.98584909448661)	(140, 34.916447817532024)	(145, 35.32815323455005)	(150, 34.56061920250572)	(155, 34.939224189856645)	(160, 33.88948319479581)	(165, 32.81170140143758)	(170, 32.902377223627674)	(175, 33.66606432959884)	(180, 33.27218407420793)	(185, 32.695269646227366)	(190, 32.176688151316185)	(195, 32.4864084492902)	(200, 32.05212537397345)	(205, 29.527534485874344)	(210, 30.243571672389216)	(215, 29.333570266851392)	(220, 28.230873642150073)	(225, 27.15655281810333)	(230, 25.834210790514625)	(235, 23.402413509226353)	(240, 23.546416882517118)	(245, 26.037045961086683)	(250, 25.52503664437885)	(255, 21.661823584924605)	(260, 22.012710077706164)	(265, 19.152838182438806)	(270, 18.617573238559928)	(275, 20.45067164628637)	(280, 17.424143123908202)	(285, 19.016890548762124)	(290, 16.665116559243423)	(295, 15.374811294335904)	(300, 12.75878099901848)
682B14_S148_L001_R1_001	(1, 33.89878087442718)	(2, 33.89281494077298)	(3, 33.88494682537395)	(4, 33.90690837824596)	(5, 33.889990489091275)	(6, 37.80306654754013)	(7, 37.745856990517915)	(8, 37.73136005994755)	(9, 37.62976626221287)	(10, 37.68863590512147)	(15, 37.50085598178517)	(20, 37.64851139868)	(25, 37.48213390206646)	(30, 37.53959131913422)	(35, 37.523682162723006)	(40, 37.143268870507534)	(45, 37.48339049485547)	(50, 37.391445946335416)	(55, 37.409165057497766)	(60, 37.2578205608554)	(65, 37.07325705392397)	(70, 37.210888549442316)	(75, 37.13977980170624)	(80, 37.45009799400508)	(85, 37.11958027084934)	(90, 37.11130134025076)	(95, 36.81046836719988)	(100, 37.13339195866494)	(105, 37.00285928402606)	(110, 36.797060010376434)	(115, 37.06089237332104)	(120, 37.111794546607484)	(125, 36.68441229030957)	(130, 36.73594281431948)	(135, 36.46641494206491)	(140, 36.45315040064565)	(145, 36.26586153225342)	(150, 36.28993485905344)	(155, 36.387352279933125)	(160, 36.23556810975961)	(165, 36.37707961030726)	(170, 36.502369285755464)	(175, 36.05817144174785)	(180, 35.96975269499048)	(185, 35.974854441690205)	(190, 35.86960908671587)	(195, 35.96378574723248)	(200, 35.5001326107011)	(205, 35.61916690488248)	(210, 35.69257871064467)	(215, 35.016082343443664)	(220, 35.14575596816976)	(225, 34.536402952369976)	(230, 35.02366509053165)	(235, 34.541119824703024)	(240, 34.00101487717679)	(245, 34.05828047514704)	(250, 33.878906700495904)	(255, 33.63923422903933)	(260, 33.326536731634185)	(265, 33.35407104140238)	(270, 32.4781513089609)	(275, 31.15611232845116)	(280, 31.626456002767846)	(285, 32.41447929881213)	(290, 29.901000790250475)	(295, 28.75068021427474)	(300, 24.057036334632947)
682B14_S148_L001_R2_001	(1, 33.07447329740323)	(2, 33.22249762227282)	(3, 33.32118050551921)	(4, 33.351701876242906)	(5, 33.401187422543735)	(6, 36.83658529555869)	(7, 36.82511456321872)	(8, 36.33141193763149)	(9, 36.959448943712715)	(10, 36.873879586131366)	(15, 37.00137187653111)	(20, 36.55436493068565)	(25, 36.61403579560193)	(30, 36.6591693806381)	(35, 36.49891921491772)	(40, 36.562970862034184)	(45, 36.39365939418394)	(50, 36.46473182119492)	(55, 36.03312101910828)	(60, 36.254846240308964)	(65, 36.338630185126036)	(70, 36.10296287756513)	(75, 36.04501513186337)	(80, 35.91013690733535)	(85, 36.251452098200566)	(90, 36.20079552660402)	(95, 35.94720700985761)	(100, 35.79768618619519)	(105, 36.29374801833223)	(110, 35.33942293834491)	(115, 35.76735364482748)	(120, 35.16078747874211)	(125, 35.76292623872251)	(130, 35.6839708298504)	(135, 34.7416481711008)	(140, 34.75849883261753)	(145, 35.001262502522124)	(150, 34.10269506816937)	(155, 34.497852592742056)	(160, 33.4753812008186)	(165, 32.540973683451995)	(170, 32.592811229931115)	(175, 33.227786585190096)	(180, 33.03097454817974)	(185, 32.134834116392355)	(190, 31.40648676699533)	(195, 31.883094043706393)	(200, 31.442253358703802)	(205, 28.89854119817794)	(210, 29.727105498370957)	(215, 28.246950955799672)	(220, 27.23725167949716)	(225, 26.223988697632848)	(230, 24.939134446270508)	(235, 22.838825937779312)	(240, 22.74865496064354)	(245, 25.1580601447395)	(250, 25.051783294409365)	(255, 21.1958077444281)	(260, 21.263535449643918)	(265, 18.661038549145115)	(270, 17.839910042383877)	(275, 19.841939855260506)	(280, 16.950788570769543)	(285, 18.222604734307872)	(290, 16.056494536228122)	(295, 14.735925022753714)	(300, 12.559357052762781)
688A0_S137_L001_R1_001	(1, 33.8121392734543)	(2, 33.909804217435585)	(3, 33.89467727941454)	(4, 33.9182541778264)	(5, 33.88724584103512)	(6, 37.83394318910559)	(7, 37.74389829869101)	(8, 37.70557169263269)	(9, 37.63231355388736)	(10, 37.674985853860946)	(15, 37.49314572409371)	(20, 37.64072579124071)	(25, 37.50720132785092)	(30, 37.54770078086687)	(35, 37.5760006035686)	(40, 37.211739409257234)	(45, 37.489101814478104)	(50, 37.39428118752122)	(55, 37.4190350447018)	(60, 37.317673243049526)	(65, 37.07660794447169)	(70, 37.19753291335017)	(75, 37.146953864725184)	(80, 37.46355577351088)	(85, 37.22360707684183)	(90, 37.15611301822023)	(95, 36.85930061488551)	(100, 37.172748877739636)	(105, 37.05901064919)	(110, 36.94268251273344)	(115, 37.109835880022636)	(120, 37.25195246179966)	(125, 36.86732314657611)	(130, 36.92053574797209)	(135, 36.59995472552349)	(140, 36.53220901716657)	(145, 36.43929824561403)	(150, 36.44505564987738)	(155, 36.53853989813243)	(160, 36.292163742690065)	(165, 36.47191850594228)	(170, 36.64840596113941)	(175, 36.31469534050179)	(180, 36.11040935672515)	(185, 36.12279947179777)	(190, 36.111624221844934)	(195, 36.123795510281084)	(200, 35.85249575551783)	(205, 35.81740803621958)	(210, 35.78572344840596)	(215, 35.21935483870968)	(220, 35.4870930013205)	(225, 34.70408602150538)	(230, 35.333748349368044)	(235, 34.44397660818713)	(240, 34.46355781927939)	(245, 34.34066779852858)	(250, 34.36508583286172)	(255, 33.57284285983776)	(260, 33.52963591775137)	(265, 33.776457272212795)	(270, 32.84769666100736)	(275, 31.619445387662704)	(280, 31.83242407093001)	(285, 32.81818398455822)	(290, 30.15676878961666)	(295, 29.187948215366635)	(300, 24.512594749767366)
688A0_S137_L001_R2_001	(1, 33.17899581274284)	(2, 33.30140706929722)	(3, 33.26873891885775)	(4, 33.26168471085292)	(5, 33.414651627749066)	(6, 36.766607567241316)	(7, 36.796408766833906)	(8, 36.4883624429439)	(9, 36.99679354181599)	(10, 36.8543438077634)	(15, 36.99841563242673)	(20, 36.57584216681127)	(25, 36.60506243162699)	(30, 36.63037458976197)	(35, 36.720042249801956)	(40, 36.562789995850466)	(45, 36.416756573239276)	(50, 36.47452563280395)	(55, 36.18110075823305)	(60, 36.30228224376627)	(65, 36.386042476140176)	(70, 36.24267984458108)	(75, 36.144682937870165)	(80, 36.04092949564299)	(85, 36.372733788524656)	(90, 36.270044135953825)	(95, 35.941053981666606)	(100, 35.91112452374665)	(105, 36.32757861131245)	(110, 35.45932465572533)	(115, 35.84419543482362)	(120, 35.34010941331824)	(125, 35.84848141860026)	(130, 35.75206942086398)	(135, 35.13312959818902)	(140, 35.004218072061875)	(145, 35.13887945670628)	(150, 34.52940199962271)	(155, 34.704342576872286)	(160, 33.74422939068101)	(165, 32.84590077343897)	(170, 33.01525749858517)	(175, 33.51529900018865)	(180, 33.604844368986974)	(185, 32.81219392567441)	(190, 32.334661384644406)	(195, 32.62951141294096)	(200, 32.31396340313148)	(205, 29.897981512922087)	(210, 30.147119411431806)	(215, 29.494827391058287)	(220, 28.45159026598755)	(225, 27.7782908885116)	(230, 26.045983776645915)	(235, 23.693227692888136)	(240, 23.535876249764197)	(245, 26.610111299754767)	(250, 26.438241841162046)	(255, 22.806074325598942)	(260, 22.495234861346916)	(265, 19.90458404074703)	(270, 18.71972080739483)	(275, 20.436566685531034)	(280, 18.190862101490286)	(285, 19.359438026688323)	(290, 17.08867722536215)	(295, 15.74784274406726)	(300, 13.110503046109537)
688A14_S138_L001_R1_001	(1, 33.840262008733625)	(2, 33.90816593886463)	(3, 33.86759825327511)	(4, 33.90615720524018)	(5, 33.898471615720524)	(6, 37.81087336244541)	(7, 37.7574672489083)	(8, 37.709606986899566)	(9, 37.640480349344976)	(10, 37.676227074235804)	(15, 37.474122270742356)	(20, 37.61837554585153)	(25, 37.48803493449781)	(30, 37.51238427947598)	(35, 37.536122270742354)	(40, 37.18212227074236)	(45, 37.46482969432314)	(50, 37.35879475982533)	(55, 37.394611353711795)	(60, 37.274104803493444)	(65, 37.01011353711791)	(70, 37.139502183406115)	(75, 37.118637554585156)	(80, 37.441921397379915)	(85, 37.15266375545852)	(90, 37.083877729257644)	(95, 36.78183813446212)	(100, 37.141368618716974)	(105, 36.97591049166285)	(110, 36.86221174004193)	(115, 37.02810971348707)	(120, 37.16380153738645)	(125, 36.79834032145352)	(130, 36.89983403214535)	(135, 36.57122641509433)	(140, 36.47483403214535)	(145, 36.3894392033543)	(150, 36.41301537386443)	(155, 36.54487246680643)	(160, 36.281996855345916)	(165, 36.43576170510132)	(170, 36.5615391334731)	(175, 36.21897274633123)	(180, 36.016876310272536)	(185, 36.03024982529699)	(190, 35.99121243885395)	(195, 36.076607267645)	(200, 35.78953529000698)	(205, 35.75357267645003)	(210, 35.68922082459819)	(215, 35.16476240391334)	(220, 35.40265548567435)	(225, 34.64911989517362)	(230, 35.27753658003931)	(235, 34.41153090194366)	(240, 34.29964621096309)	(245, 34.239257479799086)	(250, 34.29531338720245)	(255, 33.442725485913954)	(260, 33.44746887966805)	(265, 33.71388512775715)	(270, 32.61450098274732)	(275, 31.46139331731819)	(280, 31.72487442673073)	(285, 32.550784013976845)	(290, 29.949945402926403)	(295, 28.86136386708826)	(300, 24.404823039790244)
688A14_S138_L001_R2_001	(1, 33.27375545851528)	(2, 33.39467248908297)	(3, 33.33759825327511)	(4, 33.35676855895196)	(5, 33.4989519650655)	(6, 36.900393013100434)	(7, 36.93475982532751)	(8, 36.61877729257642)	(9, 37.12694323144105)	(10, 36.97006113537118)	(15, 37.1004192139738)	(20, 36.65390393013101)	(25, 36.72910043668122)	(30, 36.74800873362445)	(35, 36.802497816593885)	(40, 36.67800873362446)	(45, 36.56221834061135)	(50, 36.591467248908295)	(55, 36.30749344978166)	(60, 36.418270742358075)	(65, 36.49111790393013)	(70, 36.33708296943231)	(75, 36.23727510917031)	(80, 36.12458515283843)	(85, 36.474087336244544)	(90, 36.41221834061135)	(95, 36.07113864204516)	(100, 35.9498231363815)	(105, 36.45605701694205)	(110, 35.57335895532166)	(115, 36.005467965235624)	(120, 35.43156745425165)	(125, 35.959392060095205)	(130, 35.89750622352273)	(135, 35.247124077390055)	(140, 35.15326025243482)	(145, 35.319727475215096)	(150, 34.68584530724549)	(155, 34.87668253482989)	(160, 33.87875267502293)	(165, 32.830702712145694)	(170, 33.06137921998515)	(175, 33.63175088439534)	(180, 33.58845263571647)	(185, 32.83178582347033)	(190, 32.34198366598244)	(195, 32.679206882997775)	(200, 32.298161331178754)	(205, 29.88325981569638)	(210, 30.300991396252783)	(215, 29.707498798969294)	(220, 28.453745032100272)	(225, 27.710355068349564)	(230, 26.14815914748657)	(235, 23.730165523867754)	(240, 23.710931563086866)	(245, 26.682700790496575)	(250, 26.38415512949295)	(255, 22.719369349696468)	(260, 22.57495741800236)	(265, 19.83900947722409)	(270, 18.653718827794034)	(275, 20.715447438529065)	(280, 18.07430667773071)	(285, 19.331073939817447)	(290, 17.180110931563085)	(295, 15.81003069227948)	(300, 13.084858898923143)
688B0_S139_L001_R1_001	(1, 33.862087161658806)	(2, 33.91705984603924)	(3, 33.86807797367768)	(4, 33.88844052644649)	(5, 33.904426371989075)	(6, 37.817668239384155)	(7, 37.74900670474298)	(8, 37.73578346163397)	(9, 37.650546312391356)	(10, 37.68310156444003)	(15, 37.53117084678421)	(20, 37.65896448969456)	(25, 37.48986838837845)	(30, 37.56465110504098)	(35, 37.57018251800348)	(40, 37.197578842811026)	(45, 37.48170474298485)	(50, 37.40171343431835)	(55, 37.42011422895455)	(60, 37.30720139061335)	(65, 37.043369914878085)	(70, 37.19261213720317)	(75, 37.164892130994886)	(80, 37.480117957473226)	(85, 37.22496352630761)	(90, 37.164625174608105)	(95, 36.87235138910445)	(100, 37.209647679652335)	(105, 37.079950333695486)	(110, 36.90952661803508)	(115, 37.11841688654353)	(120, 37.21192612137203)	(125, 36.823088623312124)	(130, 36.93750116405401)	(135, 36.60131615706969)	(140, 36.577575663510785)	(145, 36.44064566195872)	(150, 36.436951730560295)	(155, 36.59389104454446)	(160, 36.318621760049666)	(165, 36.469526618035076)	(170, 36.64386776346422)	(175, 36.32822598168555)	(180, 36.120260748098715)	(185, 36.10460344559988)	(190, 36.06023901909048)	(195, 36.15626261058514)	(200, 35.862194629830825)	(205, 35.87120906410057)	(210, 35.79414558435512)	(215, 35.2812975322055)	(220, 35.500493558901134)	(225, 34.74817941952507)	(230, 35.32803973304361)	(235, 34.63659164985255)	(240, 34.545640229706656)	(245, 34.39514511873351)	(250, 34.355287909359)	(255, 33.57809715970821)	(260, 33.45846169248797)	(265, 33.80996492099463)	(270, 32.807816719957785)	(275, 31.62476018998541)	(280, 31.832881134945517)	(285, 32.710408841151086)	(290, 30.16246856859032)	(295, 28.98202686449118)	(300, 24.536172269814575)
688B0_S139_L001_R2_001	(1, 33.241836354606406)	(2, 33.342686863670224)	(3, 33.28644151974174)	(4, 33.32781847529178)	(5, 33.45995778495158)	(6, 36.76893469083685)	(7, 36.847342935187484)	(8, 36.49317109510802)	(9, 37.033585795877826)	(10, 36.880140302955056)	(15, 37.011249068785695)	(20, 36.56304320834368)	(25, 36.638148745964735)	(30, 36.65687236155948)	(35, 36.71225478023342)	(40, 36.543748447976164)	(45, 36.45806431586789)	(50, 36.482865656816486)	(55, 36.17992301961758)	(60, 36.30514651105041)	(65, 36.39536576829819)	(70, 36.22072326555953)	(75, 36.110209529722184)	(80, 35.935048890268504)	(85, 36.310600651870246)	(90, 36.25346577681204)	(95, 35.9257302498836)	(100, 35.816675461741426)	(105, 36.335694552227224)	(110, 35.4174328728853)	(115, 35.841912152723886)	(120, 35.21283253142946)	(125, 35.8113549588701)	(130, 35.664212323451814)	(135, 35.02200838118888)	(140, 34.78262920999534)	(145, 34.998050597547724)	(150, 34.363296600962286)	(155, 34.53987273009467)	(160, 33.51367996275027)	(165, 32.47618811112835)	(170, 32.6727114698122)	(175, 33.20835635573491)	(180, 33.2584324072637)	(185, 32.248586062393294)	(190, 31.79024677945057)	(195, 32.14449169641471)	(200, 31.669402452273783)	(205, 29.172335868384287)	(210, 29.688070774483936)	(215, 28.89644575508304)	(220, 27.61869936365047)	(225, 26.863535620052772)	(230, 25.37229241036784)	(235, 23.074089709762536)	(240, 22.88194940245227)	(245, 25.80879714418749)	(250, 25.584559987583425)	(255, 21.772099953437838)	(260, 21.64080490395014)	(265, 19.01932700068293)	(270, 17.870658719811264)	(275, 19.941093934314274)	(280, 17.244223008629785)	(285, 18.508524244117464)	(290, 16.46078459253821)	(295, 15.100360683015063)	(300, 12.625128237345947)
688B14_S140_L001_R1_001	(1, 33.89186276794035)	(2, 33.89806616961789)	(3, 33.87986369990681)	(4, 33.89425093196645)	(5, 33.88962022367195)	(6, 37.79627795899348)	(7, 37.737301957129546)	(8, 37.717992777260015)	(9, 37.62467963653309)	(10, 37.66123019571295)	(15, 37.478296831314076)	(20, 37.63635834109972)	(25, 37.47693965517241)	(30, 37.52241961789375)	(35, 37.543394687791235)	(40, 37.212738816402606)	(45, 37.44453634669152)	(50, 37.35523648648649)	(55, 37.386556383970174)	(60, 37.28617777260018)	(65, 37.040371621621624)	(70, 37.171732292637465)	(75, 37.080376281453866)	(80, 37.430166589002795)	(85, 37.158614864864866)	(90, 37.10019804287045)	(95, 36.813074201331084)	(100, 37.139158293286734)	(105, 36.97321683413427)	(110, 36.81453327508373)	(115, 37.06855395369157)	(120, 37.14754623561963)	(125, 36.767269550021844)	(130, 36.85191786806465)	(135, 36.518800058249596)	(140, 36.51107616135139)	(145, 36.348804426969565)	(150, 36.34961409640309)	(155, 36.49392165428863)	(160, 36.221080530071355)	(165, 36.40537061307704)	(170, 36.53485364788117)	(175, 36.182350371341194)	(180, 35.95446628804427)	(185, 35.884560943643514)	(190, 35.8532533348867)	(195, 35.966418127803344)	(200, 35.717906448418475)	(205, 35.72113939535154)	(210, 35.63153725170385)	(215, 35.040898234985725)	(220, 35.38505271742296)	(225, 34.54958932836256)	(230, 35.13759538649735)	(235, 34.2813129842139)	(240, 34.11100949496126)	(245, 34.050305819304484)	(250, 34.08636588704745)	(255, 33.283494014504996)	(260, 33.193399935921704)	(265, 33.588104738880965)	(270, 32.48666880260973)	(275, 31.286447441237293)	(280, 31.437188710570005)	(285, 32.355244225672095)	(290, 29.742830512917607)	(295, 28.417090029354075)	(300, 24.050186889479992)
688B14_S140_L001_R2_001	(1, 33.11067101584343)	(2, 33.286404939422184)	(3, 33.234185694315)	(4, 33.22198275862069)	(5, 33.41478331780056)	(6, 36.6694431500466)	(7, 36.72873951537745)	(8, 36.416123019571295)	(9, 36.98363233923579)	(10, 36.79500232991612)	(15, 36.951747437092266)	(20, 36.46858108108108)	(25, 36.545357642124884)	(30, 36.58013746505126)	(35, 36.587424277726)	(40, 36.46934412861137)	(45, 36.37141192917055)	(50, 36.42878611369991)	(55, 36.052894920782855)	(60, 36.216466682199446)	(65, 36.2765435694315)	(70, 36.08800093196645)	(75, 36.00034366262815)	(80, 35.84999417520969)	(85, 36.216932665424046)	(90, 36.134820596458525)	(95, 35.8058903121158)	(100, 35.673883792048926)	(105, 36.22304354157565)	(110, 35.2449512159604)	(115, 35.71393039172856)	(120, 35.055948740352406)	(125, 35.64319790301442)	(130, 35.451288772389695)	(135, 34.84347750109218)	(140, 34.61564584243483)	(145, 34.841089267511286)	(150, 34.16340177661279)	(155, 34.33943206640455)	(160, 33.26322994029416)	(165, 32.18922382408621)	(170, 32.404828891801365)	(175, 32.90956167176351)	(180, 32.89658948594728)	(185, 31.92133974078928)	(190, 31.420952991204054)	(195, 31.748068969534568)	(200, 31.346601036873075)	(205, 28.797040834158558)	(210, 29.191291431234344)	(215, 28.436814819129722)	(220, 27.140106017358885)	(225, 26.315698724296613)	(230, 24.933366342401115)	(235, 22.554709617288985)	(240, 22.44604182443059)	(245, 25.353305761053186)	(250, 25.00704861212245)	(255, 21.394104797133956)	(260, 21.30419712812746)	(265, 18.582832843037313)	(270, 17.674173535665396)	(275, 19.60527772114292)	(280, 17.05821221565258)	(285, 18.30642821774969)	(290, 16.23251099525238)	(295, 14.980781299111863)	(300, 12.534193771228287)
692A0_S157_L001_R1_001	(1, 33.91478640613627)	(2, 33.91957337215162)	(3, 33.88060578914954)	(4, 33.900509489950174)	(5, 33.92004926935782)	(6, 37.81423212586081)	(7, 37.758888080174685)	(8, 37.759643916913944)	(9, 37.668467610996025)	(10, 37.69062202564246)	(15, 37.55829460836459)	(20, 37.66113879402049)	(25, 37.52182408599743)	(30, 37.610542522815074)	(35, 37.61501035776273)	(40, 37.22029001735625)	(45, 37.54744415206316)	(50, 37.42171478129056)	(55, 37.47662306149378)	(60, 37.34992751308451)	(65, 37.070948848873684)	(70, 37.172130945798834)	(75, 37.28051068118823)	(80, 37.52468012431055)	(85, 37.185077134137806)	(90, 37.10264579891928)	(95, 36.87462761787434)	(100, 37.20029118602308)	(105, 37.05444058685184)	(110, 36.90640049277634)	(115, 37.148896852951054)	(120, 37.21229141001231)	(125, 36.9405420539814)	(130, 36.89778250643969)	(135, 36.681509687535)	(140, 36.62613394557061)	(145, 36.565970433419196)	(150, 36.61819352671072)	(155, 36.586359054765374)	(160, 36.33993728301042)	(165, 36.53838443231135)	(170, 36.70932101357973)	(175, 36.458686826263474)	(180, 36.19270894582109)	(185, 36.330062998740026)	(190, 36.26079798404032)	(195, 36.28372392552149)	(200, 35.94328993420131)	(205, 35.8937081073353)	(210, 35.98934311474491)	(215, 35.43978831830655)	(220, 35.32505460043681)	(225, 34.60760486083889)	(230, 35.34930839446715)	(235, 34.71481211849695)	(240, 34.65406283250266)	(245, 34.543646749173995)	(250, 34.37226857814862)	(255, 33.49732317858543)	(260, 33.60189281514253)	(265, 33.76144929159433)	(270, 32.89742957943664)	(275, 31.92743461947696)	(280, 31.756778854230834)	(285, 32.96619812958504)	(290, 30.467802789626415)	(295, 29.70986558298598)	(300, 24.671215134446072)
692A0_S157_L001_R2_001	(1, 33.18946307597559)	(2, 33.42231677957561)	(3, 33.200240747998436)	(4, 33.269833715917365)	(5, 33.46304798163597)	(6, 37.099798443536194)	(7, 37.16214097754885)	(8, 36.705391635406755)	(9, 37.08275012597279)	(10, 36.94583170035272)	(15, 37.06616090924361)	(20, 36.60123173394547)	(25, 36.74088796819886)	(30, 36.739818599182584)	(35, 36.64386092603998)	(40, 36.50160685291977)	(45, 36.232999272157215)	(50, 36.56478003769019)	(55, 36.130407438944594)	(60, 36.46377158721207)	(65, 36.466724986892686)	(70, 36.12462264738646)	(75, 36.09251056919674)	(80, 36.00539798975278)	(85, 36.3813198196937)	(90, 36.35558417560265)	(95, 35.847692910740285)	(100, 35.72954978161049)	(105, 36.34082204054205)	(110, 35.453354238996525)	(115, 35.837714189718895)	(120, 35.46546085787882)	(125, 35.93421995744204)	(130, 35.930619330272144)	(135, 35.30071116586404)	(140, 35.02585955874118)	(145, 35.18973569268675)	(150, 34.55163512151417)	(155, 34.25738604546982)	(160, 33.96221861350655)	(165, 32.77790284194317)	(170, 32.92168556628867)	(175, 33.80939661206776)	(180, 33.060433991320174)	(185, 32.78246119405327)	(190, 31.88738869910959)	(195, 32.66130369042952)	(200, 31.89208153665229)	(205, 29.545921533065428)	(210, 30.282874103942653)	(215, 29.53235327060932)	(220, 27.445362903225806)	(225, 27.251209677419354)	(230, 25.381810035842292)	(235, 24.16867159498208)	(240, 23.608792562724016)	(245, 26.263015232974908)	(250, 26.479441084229393)	(255, 22.43018593189964)	(260, 22.038351254480283)	(265, 19.901758512544806)	(270, 19.197099014336917)	(275, 19.387595206093188)	(280, 17.95535954301075)	(285, 18.713155241935485)	(290, 16.726432379412408)	(295, 15.341690124938642)	(300, 12.792948155188732)
692A14_S158_L001_R1_001	(1, 33.839285714285715)	(2, 33.9184331797235)	(3, 33.875)	(4, 33.88594470046083)	(5, 33.8974366359447)	(6, 37.81082949308756)	(7, 37.75391705069124)	(8, 37.699366359447005)	(9, 37.64956797235023)	(10, 37.66530529953917)	(15, 37.49491359447005)	(20, 37.635846774193546)	(25, 37.49304147465438)	(30, 37.55649193548387)	(35, 37.56907258064516)	(40, 37.1779435483871)	(45, 37.48433755760369)	(50, 37.358398617511526)	(55, 37.43368087557603)	(60, 37.29068336398761)	(65, 37.026723119905526)	(70, 37.14040150926006)	(75, 37.15855295371411)	(80, 37.47799187764625)	(85, 37.10121835306317)	(90, 37.0411878222299)	(95, 36.76386416659466)	(100, 37.10522768512918)	(105, 36.96762003513926)	(110, 36.76450934646736)	(115, 37.02077824822143)	(120, 37.12229038854806)	(125, 36.8133010743397)	(130, 36.762821509836115)	(135, 36.56304617068464)	(140, 36.4687174169763)	(145, 36.40901523661396)	(150, 36.435703793312015)	(155, 36.45393588525015)	(160, 36.18104208070509)	(165, 36.401785765719055)	(170, 36.56606469080331)	(175, 36.23660243670612)	(180, 35.98538405452338)	(185, 36.074404543442924)	(190, 36.030411613906736)	(195, 36.08186191203157)	(200, 35.724094823861506)	(205, 35.7248826779372)	(210, 35.82229071844212)	(215, 35.177614265104125)	(220, 35.23045544896725)	(225, 34.45338633941175)	(230, 35.11933857632587)	(235, 34.387082649151615)	(240, 34.29258202978711)	(245, 34.235894333534986)	(250, 34.10957854406131)	(255, 33.22574827874284)	(260, 33.30995880505863)	(265, 33.515322789732956)	(270, 32.496885892893154)	(275, 31.53098839051652)	(280, 31.390798836170887)	(285, 32.49934030478495)	(290, 29.959052804424857)	(295, 28.967201396166946)	(300, 24.222353169923853)
692A14_S158_L001_R2_001	(1, 33.21483294930876)	(2, 33.42626728110599)	(3, 33.24158986175115)	(4, 33.306998847926266)	(5, 33.47897465437788)	(6, 37.125345622119816)	(7, 37.177217741935486)	(8, 36.738133640552995)	(9, 37.11892281105991)	(10, 36.955362903225804)	(15, 37.056722350230416)	(20, 36.625443548387096)	(25, 36.73697580645161)	(30, 36.74624423963134)	(35, 36.63748847926267)	(40, 36.56603110599078)	(45, 36.32641705069124)	(50, 36.58610023041475)	(55, 36.18501152073732)	(60, 36.48463503064697)	(65, 36.48836660042052)	(70, 36.15422679224632)	(75, 36.18368040554164)	(80, 36.04398744203462)	(85, 36.43653907082577)	(90, 36.3774647887324)	(95, 35.9568823986866)	(100, 35.836763731674296)	(105, 36.39663584780668)	(110, 35.51546415507359)	(115, 35.94301679195829)	(120, 35.51393185287595)	(125, 35.960407845848096)	(130, 35.9141737953282)	(135, 35.27422448803249)	(140, 35.11949652927791)	(145, 35.26864829056136)	(150, 34.62787522682105)	(155, 34.456873757884736)	(160, 34.015104121662496)	(165, 32.93301074339699)	(170, 33.03451712318903)	(175, 33.844822719548375)	(180, 33.246208267324164)	(185, 32.84060341446941)	(190, 32.010726733300686)	(195, 32.674724198519456)	(200, 32.10475559524152)	(205, 29.723636582083323)	(210, 30.323322002650222)	(215, 29.515221118491013)	(220, 27.706813009535335)	(225, 27.40850401866736)	(230, 25.632978999222196)	(235, 24.193143778987697)	(240, 23.70961887477314)	(245, 26.374747212859734)	(250, 26.36353527496903)	(255, 22.352156252700716)	(260, 22.441304410451416)	(265, 19.911756402500504)	(270, 19.28173306830294)	(275, 19.9639385820874)	(280, 18.538080834269582)	(285, 19.202212427620776)	(290, 16.92790610710058)	(295, 15.468071015562405)	(300, 12.897114824645772)
692B0_S159_L001_R1_001	(1, 33.8396312246012)	(2, 33.892733668951294)	(3, 33.89773761145145)	(4, 33.908715958027535)	(5, 33.90052768848184)	(6, 37.832959301267664)	(7, 37.76639170255353)	(8, 37.7400679323103)	(9, 37.67944441074786)	(10, 37.708279250318434)	(15, 37.53196457815248)	(20, 37.664165706314066)	(25, 37.52054952386729)	(30, 37.58007521077212)	(35, 37.597846788378725)	(40, 37.22109540850367)	(45, 37.52151392005823)	(50, 37.42329107781889)	(55, 37.46389882938072)	(60, 37.3303329896282)	(65, 37.07984569354116)	(70, 37.21259447129843)	(75, 37.18791702050225)	(80, 37.50787055291014)	(85, 37.17169557144394)	(90, 37.15796178343949)	(95, 36.81897482559903)	(100, 37.18359720958447)	(105, 37.01188353048226)	(110, 36.81173794358507)	(115, 37.14055201698513)	(120, 37.204689111313314)	(125, 36.8695966029724)	(130, 36.87369123445556)	(135, 36.653102820746135)	(140, 36.614722474977256)	(145, 36.521953290870485)	(150, 36.51506824385805)	(155, 36.602972399150744)	(160, 36.33778586593873)	(165, 36.53696087352139)	(170, 36.65491052471944)	(175, 36.34050955414013)	(180, 36.158740133020615)	(185, 36.183062877248325)	(190, 36.10012435924657)	(195, 36.15231004489418)	(200, 35.850156226300626)	(205, 35.895300488490285)	(210, 35.96561703676738)	(215, 35.29337459046232)	(220, 35.43256886300207)	(225, 34.70425919184565)	(230, 35.25101929377503)	(235, 34.522897706589006)	(240, 34.431834728795046)	(245, 34.47531246207984)	(250, 34.35108603324839)	(255, 33.61170974396311)	(260, 33.459290731862076)	(265, 33.78826563116222)	(270, 32.84511725267724)	(275, 31.682983951703427)	(280, 31.774990140460517)	(285, 32.7359888359676)	(290, 30.14783241816582)	(295, 29.13864299708331)	(300, 24.597233780668986)
692B0_S159_L001_R2_001	(1, 33.216321950627766)	(2, 33.437192939892036)	(3, 33.24303997088615)	(4, 33.31030508885789)	(5, 33.483350518590406)	(6, 37.128737793412995)	(7, 37.16234002547461)	(8, 36.75592891368957)	(9, 37.14368896706496)	(10, 36.977685449141745)	(15, 37.08989506884212)	(20, 36.67646630678716)	(25, 36.76818705646873)	(30, 36.73718687450719)	(35, 36.680505853096385)	(40, 36.626578516406866)	(45, 36.429629404985754)	(50, 36.598750530721176)	(55, 36.243094559349785)	(60, 36.497913507612054)	(65, 36.4960022140301)	(70, 36.17907186543382)	(75, 36.21219822880019)	(80, 36.0455127233023)	(85, 36.44174396821751)	(90, 36.338847437064)	(95, 36.05232635729451)	(100, 35.947758568395514)	(105, 36.4431847133758)	(110, 35.52610858356081)	(115, 35.934473764027906)	(120, 35.44293600242645)	(125, 35.94596906278435)	(130, 35.869730057628146)	(135, 35.20565969062785)	(140, 35.027970882620565)	(145, 35.27561419472247)	(150, 34.64680618744313)	(155, 34.54663026994237)	(160, 33.92071580224446)	(165, 32.814370639975735)	(170, 32.92062481043372)	(175, 33.70522899605702)	(180, 33.171235101387005)	(185, 32.70929661196882)	(190, 32.016955321665804)	(195, 32.648780828398614)	(200, 32.064814196875474)	(205, 29.705894130138024)	(210, 30.062496587289548)	(215, 29.423879872592146)	(220, 27.809373578037317)	(225, 27.241917184893065)	(230, 25.697321401486427)	(235, 23.87210071287729)	(240, 23.55151827696041)	(245, 26.247316851205824)	(250, 26.068035795540727)	(255, 22.221665402699834)	(260, 22.27705141817079)	(265, 19.71557106021538)	(270, 18.937746094342483)	(275, 19.932680115273776)	(280, 18.215568026694978)	(285, 19.28621871682087)	(290, 16.753202233975564)	(295, 15.449461016014965)	(300, 12.910456631332039)
692B14_S160_L001_R1_001	(1, 33.831311560393985)	(2, 33.891688266804906)	(3, 33.88228788664247)	(4, 33.903680663556244)	(5, 33.86414377052013)	(6, 37.810540867461555)	(7, 37.75006048038708)	(8, 37.70001728011059)	(9, 37.62163469846207)	(10, 37.65378952825298)	(15, 37.4875686884396)	(20, 37.63221703818904)	(25, 37.45611888716088)	(30, 37.543500950406084)	(35, 37.56087782961811)	(40, 37.12904095386211)	(45, 37.47196820459651)	(50, 37.32125108000692)	(55, 37.43324693278037)	(60, 37.28940729220667)	(65, 36.97508899256955)	(70, 37.04947641264904)	(75, 37.231698634871265)	(80, 37.46294798686712)	(85, 37.047589424572315)	(90, 36.94302401935373)	(95, 36.69240711940556)	(100, 37.065685156384994)	(105, 36.8817141869708)	(110, 36.73215828581303)	(115, 36.990392258510454)	(120, 37.0935683428374)	(125, 36.79982719889407)	(130, 36.77176429929151)	(135, 36.5362156557802)	(140, 36.39601866251944)	(145, 36.425892517712114)	(150, 36.467786417833075)	(155, 36.39902540176257)	(160, 36.09752894418524)	(165, 36.38645930533956)	(170, 36.51605322274063)	(175, 36.285695524451356)	(180, 35.95011577674097)	(185, 36.12266113703127)	(190, 36.053720407810616)	(195, 36.07893554518749)	(200, 35.71732503888025)	(205, 35.66282357007085)	(210, 35.77917257111257)	(215, 35.17400891715342)	(220, 34.99914284726783)	(225, 34.191255659627416)	(230, 35.06811599211973)	(235, 34.274012373414436)	(240, 34.30066705837625)	(245, 34.173262364773784)	(250, 33.90207030034908)	(255, 32.73657761034113)	(260, 33.24746992948984)	(265, 33.328190239181524)	(270, 32.314855523296)	(275, 31.48372736070787)	(280, 31.093916770358078)	(285, 32.511724042582614)	(290, 29.907257317564028)	(295, 29.088702370926786)	(300, 24.103866272854162)
692B14_S160_L001_R2_001	(1, 33.096319336443756)	(2, 33.343874200794886)	(3, 33.119889407292206)	(4, 33.178157940210816)	(5, 33.4002419215483)	(6, 36.99332987731121)	(7, 37.053188180404355)	(8, 36.55883877656817)	(9, 37.02184205978918)	(10, 36.819699326075686)	(15, 36.94928633143252)	(20, 36.42670122688785)	(25, 36.57227579056506)	(30, 36.58834629341628)	(35, 36.50090893381718)	(40, 36.353157076205285)	(45, 36.024786590634186)	(50, 36.396288232244686)	(55, 35.91745636772075)	(60, 36.318209780542595)	(65, 36.308090547779514)	(70, 35.92543977881458)	(75, 35.9234491100743)	(80, 35.84966994988768)	(85, 36.275901157767414)	(90, 36.24400898565751)	(95, 35.67975116640747)	(100, 35.551477449455675)	(105, 36.20463106963884)	(110, 35.256360808709175)	(115, 35.65960255745637)	(120, 35.30153792984275)	(125, 35.74535337826162)	(130, 35.75107655088992)	(135, 35.13029894591325)	(140, 34.974204250907206)	(145, 35.05672023500951)	(150, 34.4458337653361)	(155, 33.92722999827198)	(160, 33.74342491791947)	(165, 32.5465422498704)	(170, 32.834021081734925)	(175, 33.63501641610506)	(180, 32.720393986521515)	(185, 32.632196302056336)	(190, 31.536844651805772)	(195, 32.54041817867634)	(200, 31.653526870571966)	(205, 29.390654916191465)	(210, 30.196647426813673)	(215, 29.348467148239035)	(220, 26.98881553934953)	(225, 27.016921853938406)	(230, 25.04217329692738)	(235, 24.148881899561054)	(240, 23.534821829744583)	(245, 26.100480420281336)	(250, 26.455535202018456)	(255, 22.337573013513982)	(260, 22.247974561039676)	(265, 20.059028065809485)	(270, 19.518788884280383)	(275, 19.47157472694594)	(280, 19.05009677865339)	(285, 19.076925203926447)	(290, 16.888323284382)	(295, 15.499785305858069)	(300, 12.963904769093237)
722A0_S149_L001_R1_001	(1, 33.88344125809436)	(2, 33.90240518038853)	(3, 33.877486123959294)	(4, 33.88838459759482)	(5, 33.893125578168366)	(6, 37.796600370027754)	(7, 37.71548334875116)	(8, 37.72788506012951)	(9, 37.62450855689177)	(10, 37.66785383903793)	(15, 37.51429810360777)	(20, 37.64310823311748)	(25, 37.494490055504166)	(30, 37.553867946345974)	(35, 37.55601295097132)	(40, 37.16428654024052)	(45, 37.47575161887141)	(50, 37.34565217391304)	(55, 37.41384135060129)	(60, 37.31762421588998)	(65, 37.06998930357607)	(70, 37.20458500766095)	(75, 37.20656818247521)	(80, 37.48900581076003)	(85, 37.13479806886185)	(90, 37.089456795120114)	(95, 36.84957358850568)	(100, 37.1430198606574)	(105, 37.05445347055592)	(110, 36.876505449394344)	(115, 37.030487699112484)	(120, 37.15306871729641)	(125, 36.73406955566476)	(130, 36.85555202220231)	(135, 36.55803532710821)	(140, 36.497424185481776)	(145, 36.38096614726374)	(150, 36.361949640079786)	(155, 36.47499638634327)	(160, 36.228834089792144)	(165, 36.340076898615244)	(170, 36.52019311381573)	(175, 36.17558324419647)	(180, 36.01059235061143)	(185, 36.081876788760084)	(190, 35.94620566043191)	(195, 36.1326356566737)	(200, 35.8033823827007)	(205, 35.72367956983031)	(210, 35.65193986701358)	(215, 35.354125469788954)	(220, 35.200329575021684)	(225, 34.56837814397225)	(230, 35.026932639491186)	(235, 34.648175773344896)	(240, 34.49523561723041)	(245, 34.252321480196585)	(250, 33.95762876638485)	(255, 33.290973748120734)	(260, 33.21976408002776)	(265, 33.43977680120273)	(270, 32.47384642072395)	(275, 31.41612119810339)	(280, 31.530340002312943)	(285, 32.32576037932231)	(290, 29.65374696426506)	(295, 28.832725382732168)	(300, 24.53812025517636)
722A0_S149_L001_R2_001	(1, 33.129365171137835)	(2, 33.27208603145236)	(3, 33.369738667900094)	(4, 33.400757400555044)	(5, 33.451838575393154)	(6, 36.89491790009251)	(7, 36.90535383903793)	(8, 36.400063598519885)	(9, 36.99592391304348)	(10, 36.9341986586494)	(15, 37.073953515263646)	(20, 36.66576086956521)	(25, 36.70918131359852)	(30, 36.764234505087884)	(35, 36.76181197964847)	(40, 36.62560129509713)	(45, 36.550294865864934)	(50, 36.59084759481961)	(55, 36.267957909343195)	(60, 36.44425759608696)	(65, 36.51516290364546)	(70, 36.289965597987916)	(75, 36.20870746726027)	(80, 35.96742505275939)	(85, 36.3348847966234)	(90, 36.36244687924604)	(95, 36.054216414674336)	(100, 35.853117863027954)	(105, 36.396929837240904)	(110, 35.50440866121246)	(115, 35.96967419270909)	(120, 35.41958891041022)	(125, 35.94603798675956)	(130, 35.84458385129079)	(135, 35.20620392587667)	(140, 35.04586164031107)	(145, 35.23529819895349)	(150, 34.66034517649099)	(155, 34.94003064380909)	(160, 33.92040126044346)	(165, 32.9654476597959)	(170, 33.06802347431413)	(175, 33.49226677459455)	(180, 33.53406955566477)	(185, 32.3791159550172)	(190, 31.964291289641814)	(195, 32.33552080020815)	(200, 31.97525367870255)	(205, 29.530340261917836)	(210, 30.045169124024284)	(215, 29.085793581960104)	(220, 27.842197166811218)	(225, 26.965510263081814)	(230, 25.988991037872218)	(235, 24.145180688060133)	(240, 23.333171436831456)	(245, 26.22865568083261)	(250, 26.196380352135076)	(255, 22.40202376478071)	(260, 22.28158084940299)	(265, 19.64921795946688)	(270, 17.959374367573506)	(275, 20.38212726589378)	(280, 17.375604961114806)	(285, 18.623909335337824)	(290, 16.620821648500968)	(295, 15.237277881122811)	(300, 12.717004685047861)
722A14_S150_L001_R1_001	(1, 33.802944162436546)	(2, 33.90311336717428)	(3, 33.86842639593909)	(4, 33.8941116751269)	(5, 33.89810490693739)	(6, 37.79299492385787)	(7, 37.73015228426396)	(8, 37.67482233502538)	(9, 37.62365482233503)	(10, 37.63436209813875)	(15, 37.44251099830795)	(20, 37.58950253807107)	(25, 37.44171235194585)	(30, 37.48966497461929)	(35, 37.4949780033841)	(40, 37.1784027072758)	(45, 37.40326903553299)	(50, 37.238084602368865)	(55, 37.358389170896785)	(60, 37.26283587140439)	(65, 37.0588291032149)	(70, 37.15247377326565)	(75, 37.029624365482235)	(80, 37.37150592216582)	(85, 37.0027681895093)	(90, 37.00515059221659)	(95, 36.753177664974615)	(100, 37.02163790186125)	(105, 36.80342470389171)	(110, 36.55976988155669)	(115, 36.924027072758044)	(120, 36.85718443316413)	(125, 36.40151607445008)	(130, 36.511905245346874)	(135, 36.14856852791878)	(140, 36.24681556683587)	(145, 36.071140439932314)	(150, 35.98707952622674)	(155, 36.12939424703892)	(160, 35.824548223350256)	(165, 36.028805414551606)	(170, 36.14120473773266)	(175, 35.7773807106599)	(180, 35.448563886455716)	(185, 35.246614098615865)	(190, 35.125892095456074)	(195, 35.56336131041017)	(200, 35.32693244889671)	(205, 35.401773385677544)	(210, 35.21146686522711)	(215, 34.776138902051045)	(220, 34.93515196642524)	(225, 34.14173830636973)	(230, 34.36438096527449)	(235, 34.04531239423272)	(240, 33.80697217897515)	(245, 33.46601908887836)	(250, 33.0599846165226)	(255, 32.09789812150956)	(260, 32.02688185058916)	(265, 32.64150419712971)	(270, 31.2911995667479)	(275, 30.186894124018416)	(280, 30.258001624695368)	(285, 31.040617384240456)	(290, 28.765380449499055)	(295, 27.04383478641597)	(300, 23.331817865415374)
722A14_S150_L001_R2_001	(1, 33.14362098138748)	(2, 33.3033502538071)	(3, 33.376649746192896)	(4, 33.39587140439932)	(5, 33.438680203045685)	(6, 36.89353637901861)	(7, 36.88649746192893)	(8, 36.42510998307953)	(9, 37.053401015228424)	(10, 36.96006091370558)	(15, 37.072142131979696)	(20, 36.689218274111674)	(25, 36.70557698815567)	(30, 36.78813536379018)	(35, 36.68735702199662)	(40, 36.652873096446704)	(45, 36.60039255499154)	(50, 36.583871404399325)	(55, 36.2832013536379)	(60, 36.44160406091371)	(65, 36.50898138747885)	(70, 36.20883248730964)	(75, 36.213516074450084)	(80, 35.7893807106599)	(85, 36.32815566835872)	(90, 36.3211641285956)	(95, 35.93836209813875)	(100, 35.81579695431472)	(105, 36.43252791878173)	(110, 35.48075126903553)	(115, 35.948203045685275)	(120, 35.40975296108291)	(125, 35.92796615905245)	(130, 35.527167512690355)	(135, 35.197285956006766)	(140, 34.941536379018615)	(145, 34.97769881556684)	(150, 34.485928934010154)	(155, 34.90046700507614)	(160, 33.67124196277496)	(165, 32.82071742808798)	(170, 33.010774957698814)	(175, 32.930585448392556)	(180, 33.247844400814294)	(185, 31.386287183999457)	(190, 31.056218484551085)	(195, 31.79000981420692)	(200, 31.14556837794849)	(205, 28.78274053267454)	(210, 29.339134260669443)	(215, 28.33014519240532)	(220, 26.60379057095475)	(225, 25.342112566419605)	(230, 25.050319829424307)	(235, 23.352976613530984)	(240, 22.460967272481128)	(245, 25.129542762378584)	(250, 25.019997981845645)	(255, 21.28397752656874)	(260, 21.921324378700273)	(265, 18.758009815535626)	(270, 17.627483499746152)	(275, 20.477915044846846)	(280, 16.73389744457607)	(285, 18.123154510069387)	(290, 16.27269588762904)	(295, 14.777093745289822)	(300, 12.435651379155786)
722B0_S151_L001_R1_001	(1, 33.8295379636843)	(2, 33.87649068136873)	(3, 33.900341583268414)	(4, 33.916192245460536)	(5, 33.89255108767304)	(6, 37.80934260202553)	(7, 37.74303349913106)	(8, 37.71501767843231)	(9, 37.6480194163121)	(10, 37.67106130520765)	(15, 37.49860370348175)	(20, 37.629406124528074)	(25, 37.49022592437227)	(30, 37.546826871217114)	(35, 37.55385030263079)	(40, 37.239036375621744)	(45, 37.462959189788464)	(50, 37.3151974590999)	(55, 37.42536705219632)	(60, 37.319176604542456)	(65, 37.09730928267514)	(70, 37.22685793221102)	(75, 37.15819374943817)	(80, 37.44806879813022)	(85, 37.09443562161029)	(90, 37.12131363677224)	(95, 36.83813262217961)	(100, 37.119713540886345)	(105, 36.88415785215593)	(110, 36.646636502561954)	(115, 36.963407545021425)	(120, 36.90213645761544)	(125, 36.46642495430437)	(130, 36.59965840649627)	(135, 36.22204776316183)	(140, 36.33349114553681)	(145, 36.200329607766754)	(150, 36.091804752344714)	(155, 36.216072873280794)	(160, 35.923638869745005)	(165, 36.123261319030355)	(170, 36.271381056542715)	(175, 35.971917418272255)	(180, 35.64974076013154)	(185, 35.30701186623517)	(190, 35.204824692837875)	(195, 35.712957746478864)	(200, 35.47769853161522)	(205, 35.599029068025175)	(210, 35.34272356748981)	(215, 35.03987053464397)	(220, 35.024508511148404)	(225, 34.30822944138096)	(230, 34.56507432270439)	(235, 34.27387317190122)	(240, 34.07527124707857)	(245, 33.71312374501753)	(250, 33.29821929518512)	(255, 32.09603788287478)	(260, 32.088844931966676)	(265, 32.86049871126296)	(270, 31.649841155667445)	(275, 30.580399208775397)	(280, 30.574381106515613)	(285, 31.433740933884792)	(290, 28.97882874782713)	(295, 27.58593545075052)	(300, 23.518136866546385)
722B0_S151_L001_R2_001	(1, 33.148948283094626)	(2, 33.296698028405345)	(3, 33.40846167675436)	(4, 33.42080661592857)	(5, 33.45376640498592)	(6, 36.93491939833403)	(7, 36.93443998322047)	(8, 36.47501048720561)	(9, 37.06909570324204)	(10, 37.00075507880386)	(15, 37.066704620363154)	(20, 36.72047102534908)	(25, 36.72267034218254)	(30, 36.814436387607124)	(35, 36.72877089950261)	(40, 36.62232875891412)	(45, 36.622214897824655)	(50, 36.624653922214904)	(55, 36.31641397495056)	(60, 36.53668724156529)	(65, 36.574836699226935)	(70, 36.21148798465872)	(75, 36.21009768082939)	(80, 35.80566908371786)	(85, 36.321058308863186)	(90, 36.36526637502247)	(95, 35.90145622340744)	(100, 35.919727931923056)	(105, 36.44030682567268)	(110, 35.44882243662732)	(115, 36.00378737939714)	(120, 35.48821238089531)	(125, 35.98220770659795)	(130, 35.581188949481636)	(135, 35.29386947923533)	(140, 34.994199077125906)	(145, 34.95533648948283)	(150, 34.52959189788457)	(155, 34.998969257505834)	(160, 33.7843710672979)	(165, 32.86724995505484)	(170, 33.27136093965362)	(175, 33.025205249595494)	(180, 33.23285104634516)	(185, 31.22861594702304)	(190, 31.08635301168714)	(195, 31.94367395864549)	(200, 31.0169014084507)	(205, 28.601474378183998)	(210, 29.5338467993287)	(215, 28.430963797650442)	(220, 26.42286022536562)	(225, 25.13061615919444)	(230, 25.030496283864778)	(235, 23.36722009110525)	(240, 22.396367777511387)	(245, 25.311567969311916)	(250, 25.15408822242975)	(255, 21.379374831420268)	(260, 22.037204423532234)	(265, 18.910084814337523)	(270, 17.594845206341596)	(275, 20.065645697845177)	(280, 16.890640453142325)	(285, 18.261312074804444)	(290, 16.35519184174604)	(295, 14.871738095216358)	(300, 12.550514253183177)
722B14_S152_L001_R1_001	(1, 33.81170354860836)	(2, 33.88686329013393)	(3, 33.87527526082091)	(4, 33.90112270315151)	(5, 33.87339807227176)	(6, 37.80397819573301)	(7, 37.72831305729035)	(8, 37.6755351792354)	(9, 37.5867297209487)	(10, 37.64501642539981)	(15, 37.461636764015736)	(20, 37.60747265441681)	(25, 37.42556586404824)	(30, 37.48939749467529)	(35, 37.49339013032021)	(40, 37.17805133388686)	(45, 37.429897837623194)	(50, 37.32035666582434)	(55, 37.357719937908385)	(60, 37.25131944695137)	(65, 37.02081513302769)	(70, 37.151734594418976)	(75, 37.07947727518862)	(80, 37.41916176311324)	(85, 37.11053752572109)	(90, 37.05834446409877)	(95, 36.82219414461572)	(100, 37.091375762607846)	(105, 36.92117252084763)	(110, 36.67651709324573)	(115, 36.96147431500668)	(120, 37.027212014006714)	(125, 36.65518934334501)	(130, 36.740550882639624)	(135, 36.402729143352225)	(140, 36.40441861304647)	(145, 36.2197754593697)	(150, 36.18590664596945)	(155, 36.35422547922458)	(160, 36.121338579834664)	(165, 36.26884950001805)	(170, 36.447261831702825)	(175, 35.940558102595574)	(180, 35.68393124256094)	(185, 35.7972274368231)	(190, 35.60033936243185)	(195, 35.75267699194917)	(200, 35.55339903967652)	(205, 35.5587395145723)	(210, 35.36116687125424)	(215, 34.95976604809012)	(220, 35.105141165427106)	(225, 34.46493609646906)	(230, 34.866510217344214)	(235, 34.48147880713409)	(240, 34.04858834572893)	(245, 33.776366524658826)	(250, 33.65793863307524)	(255, 32.90387809633856)	(260, 32.97435791321489)	(265, 33.234948721652465)	(270, 31.992727141412683)	(275, 30.727069189657662)	(280, 31.046208291203236)	(285, 31.606832298136645)	(290, 29.127947708641795)	(295, 27.843067491259205)	(300, 24.39570718991026)
722B14_S152_L001_R2_001	(1, 33.044908126060434)	(2, 33.21887296487491)	(3, 33.32081874300567)	(4, 33.32821919786289)	(5, 33.3932349012671)	(6, 36.757914876719255)	(7, 36.764737735099814)	(8, 36.27786000505397)	(9, 36.963214324392624)	(10, 36.84555070214072)	(15, 36.98108371538934)	(20, 36.56917800801415)	(25, 36.5920941482257)	(30, 36.67044511028483)	(35, 36.60203602758023)	(40, 36.55765495830475)	(45, 36.46957149561388)	(50, 36.4399480163171)	(55, 36.142940688061806)	(60, 36.31586585321829)	(65, 36.31116566188947)	(70, 36.15948882711815)	(75, 36.12426266199776)	(80, 35.76791451572145)	(85, 36.2810367856756)	(90, 36.17845565142052)	(95, 35.8964008519548)	(100, 35.785307389624926)	(105, 36.32167069780875)	(110, 35.23714667340529)	(115, 35.718111259521315)	(120, 35.09289917331504)	(125, 35.722732031334615)	(130, 35.423869174398035)	(135, 34.90996714920039)	(140, 34.66134796577741)	(145, 34.8758311974297)	(150, 34.288141222338545)	(155, 34.69028554925815)	(160, 33.306566549944044)	(165, 32.417609472582214)	(170, 32.572607487094324)	(175, 32.8060719829609)	(180, 32.915124887644325)	(185, 31.434158844765346)	(190, 31.277735658327014)	(195, 31.807278241091733)	(200, 31.236008520163182)	(205, 28.837913898485755)	(210, 29.139020867932704)	(215, 28.21566178063398)	(220, 26.66816376633692)	(225, 25.7564589501047)	(230, 24.989450501841286)	(235, 22.961737309553037)	(240, 22.412354682648566)	(245, 24.943916528269188)	(250, 24.83211175496723)	(255, 21.12622228641583)	(260, 21.47914790072171)	(265, 18.62547306081179)	(270, 17.574714719052434)	(275, 20.82170301892243)	(280, 16.700296114401272)	(285, 17.991571573017477)	(290, 16.215817968880934)	(295, 14.787803970979136)	(300, 12.449469819678164)
727A0_S161_L001_R1_001	(1, 33.84743299967711)	(2, 33.91840490797546)	(3, 33.90184049079755)	(4, 33.91604778818211)	(5, 33.884727155311595)	(6, 37.82780109783661)	(7, 37.765547303842425)	(8, 37.70258314497901)	(9, 37.63884404262189)	(10, 37.687484662576686)	(15, 37.50799483371004)	(20, 37.65055214723927)	(25, 37.50512754278334)	(30, 37.56434614142719)	(35, 37.55598320955764)	(40, 37.19250631676809)	(45, 37.500403629435894)	(50, 37.414717943750205)	(55, 37.46365074752172)	(60, 37.29513387063203)	(65, 37.09728420576742)	(70, 37.21046275067007)	(75, 37.180488907546746)	(80, 37.46037394645913)	(85, 37.21586204669487)	(90, 37.145232021183844)	(95, 36.915897568379236)	(100, 37.19343817612297)	(105, 37.1053702328285)	(110, 36.94943649691607)	(115, 37.17952013433655)	(120, 37.26563761423451)	(125, 36.85538108926621)	(130, 36.93868113414713)	(135, 36.67798876186785)	(140, 36.58956274623781)	(145, 36.47289930891946)	(150, 36.52451721242653)	(155, 36.626512949686756)	(160, 36.43639475553833)	(165, 36.56536089132892)	(170, 36.669736799612465)	(175, 36.2758081705151)	(180, 36.186475052478606)	(185, 36.257774907153234)	(190, 36.1205361757106)	(195, 36.207151162790694)	(200, 35.79754340491004)	(205, 35.89095901030395)	(210, 35.92520834679243)	(215, 35.286097293106785)	(220, 35.39782931713935)	(225, 34.81629950255184)	(230, 35.296666451321144)	(235, 34.85007429420505)	(240, 34.20211253956974)	(245, 34.30376884338793)	(250, 34.287840839999475)	(255, 33.97601033758682)	(260, 33.641886609594565)	(265, 33.71412695848813)	(270, 32.87476013568083)	(275, 31.7671846228396)	(280, 32.045789048618964)	(285, 32.81174608302375)	(290, 30.471568405750283)	(295, 29.304788778689264)	(300, 24.74275192687515)
727A0_S161_L001_R2_001	(1, 32.89738456570875)	(2, 33.19299321924443)	(3, 33.081498224087824)	(4, 33.11601549886987)	(5, 33.5269292864062)	(6, 37.05992896351308)	(7, 36.96474007103649)	(8, 36.603939296092996)	(9, 36.93157894736842)	(10, 36.836428802066514)	(15, 36.919438165967065)	(20, 36.48162092347433)	(25, 36.613186955117854)	(30, 36.57674523732645)	(35, 36.41381982563771)	(40, 36.4622522131535)	(45, 36.46111918369983)	(50, 36.41971649068423)	(55, 35.97744841615809)	(60, 36.19358638996756)	(65, 36.31303645816514)	(70, 36.180172441631406)	(75, 36.02993509219492)	(80, 35.969457809926695)	(85, 36.209920237672364)	(90, 36.17709820131107)	(95, 35.87500242193302)	(100, 35.74601995672813)	(105, 36.173849581812895)	(110, 35.39758452546259)	(115, 35.70617754383699)	(120, 35.06515322762941)	(125, 35.71202207216975)	(130, 35.53366272686172)	(135, 34.7555706258477)	(140, 34.84407414583737)	(145, 34.94796873990829)	(150, 34.021559129367695)	(155, 34.42650003229348)	(160, 33.23175741135439)	(165, 32.66472468916518)	(170, 32.761931212659455)	(175, 33.01431939286291)	(180, 33.3617439044082)	(185, 32.18823187469724)	(190, 31.488120155038757)	(195, 31.870717054263565)	(200, 31.580025109478377)	(205, 29.069233502374107)	(210, 29.79839782931714)	(215, 28.270773305769104)	(220, 27.187596097939142)	(225, 26.373325150203506)	(230, 24.776200012920732)	(235, 22.824271593772202)	(240, 22.81238452096389)	(245, 25.45835284741696)	(250, 25.38868675813456)	(255, 21.4121983524471)	(260, 21.416262316265545)	(265, 18.757622355031497)	(270, 17.579899854627687)	(275, 19.83208528509126)	(280, 16.927300920691323)	(285, 18.33824584073655)	(290, 16.116439353535107)	(295, 14.818375554061888)	(300, 12.733425946175206)
727A14_S162_L001_R1_001	(1, 33.84022725698053)	(2, 33.91824291554077)	(3, 33.87861151527749)	(4, 33.91741148756322)	(5, 33.900055428531836)	(6, 37.839880828656554)	(7, 37.77669230236264)	(8, 37.713157347744755)	(9, 37.67442666112381)	(10, 37.69336936187902)	(15, 37.50697013787847)	(20, 37.641349684750224)	(25, 37.49320307628352)	(30, 37.551382249012676)	(35, 37.53575833160119)	(40, 37.20391464006097)	(45, 37.49632093119934)	(50, 37.41037899258643)	(55, 37.43842582969584)	(60, 37.29510150349893)	(65, 37.07966465738239)	(70, 37.22014827132266)	(75, 37.15761795884431)	(80, 37.445153467747524)	(85, 37.20969306450495)	(90, 37.145874038661404)	(95, 36.90909027922123)	(100, 37.18370652551066)	(105, 37.064188463537164)	(110, 36.91238524164213)	(115, 37.16121254113979)	(120, 37.23880824527975)	(125, 36.84837987440962)	(130, 36.91682372505544)	(135, 36.63495011086474)	(140, 36.579136640798225)	(145, 36.41621396895787)	(150, 36.47155626385809)	(155, 36.607894185471956)	(160, 36.424294078924575)	(165, 36.582614419845484)	(170, 36.654367182898525)	(175, 36.212271766621626)	(180, 36.12781762117591)	(185, 36.185600942382976)	(190, 36.05536766234666)	(195, 36.143634347494626)	(200, 35.772250329198144)	(205, 35.90612595820554)	(210, 35.883059571523304)	(215, 35.21126282228999)	(220, 35.47486138064874)	(225, 34.87120182977544)	(230, 35.30205849736623)	(235, 34.65526753534793)	(240, 34.0562863875797)	(245, 34.26677294150263)	(250, 34.27509686609673)	(255, 33.93257546875542)	(260, 33.64697074726189)	(265, 33.7414598641342)	(270, 32.82356162484403)	(275, 31.702654928601135)	(280, 32.04193816719812)	(285, 32.77699986136143)	(290, 30.401303202550952)	(295, 29.0655632023312)	(300, 24.64772145337526)
727A14_S162_L001_R2_001	(1, 32.97665073096376)	(2, 33.22167948451465)	(3, 33.125649553107465)	(4, 33.175223446268966)	(5, 33.52622462412527)	(6, 37.06994387861152)	(7, 37.00564678168087)	(8, 36.65506131781334)	(9, 36.994595718145916)	(10, 36.866701309499064)	(15, 36.954160604170994)	(20, 36.54873553661748)	(25, 36.641910898635075)	(30, 36.63122704912354)	(35, 36.485221367699026)	(40, 36.54341439756115)	(45, 36.48883807940137)	(50, 36.45549781750155)	(55, 36.04469618235987)	(60, 36.32034919975057)	(65, 36.36914709346636)	(70, 36.210870920806485)	(75, 36.1260444813968)	(80, 36.01177856301531)	(85, 36.28982886440796)	(90, 36.23639575971731)	(95, 36.02787362294741)	(100, 35.87585953259792)	(105, 36.289741901957385)	(110, 35.47361856920146)	(115, 35.79653559674346)	(120, 35.17872856400485)	(125, 35.759898494568915)	(130, 35.6458217849224)	(135, 34.84311252771618)	(140, 34.9784645232816)	(145, 35.0220620842572)	(150, 34.15315964523281)	(155, 34.576639901720895)	(160, 33.287142708658145)	(165, 32.6791255240273)	(170, 32.727360288258325)	(175, 33.10111215050411)	(180, 33.37807573710286)	(185, 32.31303052350761)	(190, 31.616238131540648)	(195, 32.03725910573784)	(200, 31.711924316457015)	(205, 29.253948781924663)	(210, 29.933292953728152)	(215, 28.492230385361797)	(220, 27.374812863875796)	(225, 26.512746049348486)	(230, 24.876046576102027)	(235, 22.784342944275018)	(240, 22.927703077349598)	(245, 25.391280842805656)	(250, 25.298559987855498)	(255, 21.35015423006273)	(260, 21.473066925449693)	(265, 18.826804838318374)	(270, 17.773423907392647)	(275, 20.18717637680657)	(280, 16.874321561016185)	(285, 18.381866703635673)	(290, 16.25895726147171)	(295, 14.914617044495355)	(300, 12.699594529161558)
727B0_S163_L001_R1_001	(1, 33.86674112391253)	(2, 33.90827063249471)	(3, 33.88099576769339)	(4, 33.89278156595344)	(5, 33.90703620973431)	(6, 37.81421937455914)	(7, 37.74256407241947)	(8, 37.748030801786975)	(9, 37.66100399717846)	(10, 37.69940630143429)	(15, 37.53531036915119)	(20, 37.657136139195856)	(25, 37.50700094051258)	(30, 37.57771573007289)	(35, 37.543198900096755)	(40, 37.2207624254181)	(45, 37.502718749081495)	(50, 37.43122005702025)	(55, 37.453158528851766)	(60, 37.31698108201802)	(65, 37.137338702566055)	(70, 37.27079041386773)	(75, 37.188224573780126)	(80, 37.44461493239271)	(85, 37.220179907244486)	(90, 37.17008730415356)	(95, 36.95002204650342)	(100, 37.194256150974454)	(105, 37.096428466445225)	(110, 36.937617213909874)	(115, 37.208765689761606)	(120, 37.23182927187749)	(125, 36.828378259208094)	(130, 36.88259502042977)	(135, 36.69023192921602)	(140, 36.57700696669508)	(145, 36.414921073517746)	(150, 36.48604015403157)	(155, 36.57392045621564)	(160, 36.47187160116406)	(165, 36.59457362062377)	(170, 36.65348775684176)	(175, 36.1920808959699)	(180, 36.07618095770012)	(185, 36.129768771716485)	(190, 36.031361712135464)	(195, 36.124694261523985)	(200, 35.741968485418624)	(205, 35.89158043273754)	(210, 35.875346895578545)	(215, 35.2240239887112)	(220, 35.397695202257765)	(225, 34.84293273753528)	(230, 35.26433443085607)	(235, 34.75719661335842)	(240, 34.06962605832549)	(245, 34.1924388523048)	(250, 34.087770460959554)	(255, 33.80947201317027)	(260, 33.58801740357479)	(265, 33.57427681091251)	(270, 32.71870296331139)	(275, 31.48337253057385)	(280, 31.993679444967075)	(285, 32.61129468485419)	(290, 30.414651928504234)	(295, 28.87082544505833)	(300, 24.53857574742147)
727B0_S163_L001_R2_001	(1, 32.99015400893487)	(2, 33.24244650834705)	(3, 33.14025393839643)	(4, 33.17711027509993)	(5, 33.566776393134255)	(6, 37.1123324711968)	(7, 37.02421819891841)	(8, 36.70758876087468)	(9, 36.9993827886198)	(10, 36.92267223136609)	(15, 37.005737126734076)	(20, 36.56829884787209)	(25, 36.68352339525041)	(30, 36.667323066071006)	(35, 36.442160904499815)	(40, 36.552479205243515)	(45, 36.536313670164304)	(50, 36.477288892807806)	(55, 36.033307665586484)	(60, 36.29107245173019)	(65, 36.37378090003233)	(70, 36.18486653478077)	(75, 36.11854203409759)	(80, 35.89513815402704)	(85, 36.2636278262317)	(90, 36.23836679502631)	(95, 35.98026984920192)	(100, 35.75122137628972)	(105, 36.29298921191099)	(110, 35.378512007995525)	(115, 35.76503718510244)	(120, 35.09913283753197)	(125, 35.74354919309798)	(130, 35.53189688115465)	(135, 34.71567065463418)	(140, 34.72517710691084)	(145, 34.85830271318969)	(150, 33.924565683882534)	(155, 34.52191422440401)	(160, 33.0000881860137)	(165, 32.296863517446134)	(170, 32.624850818660164)	(175, 32.59004673858726)	(180, 32.85168288309474)	(185, 31.566808653862353)	(190, 30.867138993414862)	(195, 31.30766698024459)	(200, 30.985312793979308)	(205, 28.43990475070555)	(210, 29.117832784571966)	(215, 27.80148165569144)	(220, 26.51028339604892)	(225, 25.267903339604892)	(230, 23.947042568203198)	(235, 21.996213546566324)	(240, 22.033748824082785)	(245, 24.383354891815614)	(250, 24.29587253057385)	(255, 20.40991298212606)	(260, 20.726957902163686)	(265, 17.89300917215428)	(270, 17.01288805268109)	(275, 19.66879703668862)	(280, 15.953233772342426)	(285, 17.492321260583257)	(290, 15.491421683913453)	(295, 14.221070702714309)	(300, 12.253870097053984)
727B14_S164_L001_R1_001	(1, 33.90060857861783)	(2, 33.89191877816139)	(3, 33.87506583182164)	(4, 33.89390836210428)	(5, 33.88480894142431)	(6, 37.79761835098601)	(7, 37.73266428696822)	(8, 37.723213763239514)	(9, 37.62970331792381)	(10, 37.67747673942303)	(15, 37.5112470009948)	(20, 37.656340335888586)	(25, 37.49545321551875)	(30, 37.55734683129499)	(35, 37.54922464743403)	(40, 37.20322429633097)	(45, 37.48670489788752)	(50, 37.36723623383463)	(55, 37.45772719293113)	(60, 37.30639007548716)	(65, 37.07390848243981)	(70, 37.200871956928836)	(75, 37.20681764981274)	(80, 37.46779026217229)	(85, 37.1718984082397)	(90, 37.07876872659176)	(95, 36.91696512172284)	(100, 37.160159176029964)	(105, 37.07242509363296)	(110, 36.936440777153564)	(115, 37.13201076779027)	(120, 37.242790262172285)	(125, 36.80654845505619)	(130, 36.92569054307116)	(135, 36.598665730337075)	(140, 36.50225304307116)	(145, 36.40423689138577)	(150, 36.478628277153554)	(155, 36.56352996254681)	(160, 36.324449906367036)	(165, 36.46465355805243)	(170, 36.586118913857675)	(175, 36.182139513108616)	(180, 36.0782888576779)	(185, 36.197648781538625)	(190, 36.05465773069157)	(195, 36.15902718838713)	(200, 35.816547162632794)	(205, 35.79637097954286)	(210, 35.81375515818432)	(215, 35.270736632620206)	(220, 35.3461968450935)	(225, 34.68285873159882)	(230, 35.21693933097252)	(235, 34.67814685826334)	(240, 34.20385144429161)	(245, 34.20009950539963)	(250, 34.07759183607434)	(255, 33.68098931655202)	(260, 33.467741841065425)	(265, 33.52380506366164)	(270, 32.7526298843846)	(275, 31.76342455729548)	(280, 31.914895360749306)	(285, 32.674526562271325)	(290, 30.192969413142105)	(295, 29.057494368262446)	(300, 24.58969895579626)
727B14_S164_L001_R2_001	(1, 32.80911697583241)	(2, 33.15603604657967)	(3, 33.030458189478615)	(4, 33.07794487682135)	(5, 33.50307215167652)	(6, 36.9783486453274)	(7, 36.88003979167886)	(8, 36.53595880390895)	(9, 36.88498449294868)	(10, 36.75488325823629)	(15, 36.85257182983206)	(20, 36.35303996723039)	(25, 36.500912867926736)	(30, 36.51345309848441)	(35, 36.41497454502897)	(40, 36.329451694072205)	(45, 36.30288489671719)	(50, 36.30160922230675)	(55, 35.887366141962666)	(60, 36.13231318391948)	(65, 36.17304847858907)	(70, 36.00057935393259)	(75, 35.79303019662922)	(80, 35.71128862359551)	(85, 36.05469920411985)	(90, 36.028587312734075)	(95, 35.6277270599251)	(100, 35.43475538389513)	(105, 35.996757958801496)	(110, 35.14574555243446)	(115, 35.46127106741573)	(120, 34.84847846441947)	(125, 35.519856039325845)	(130, 35.352931882022474)	(135, 34.58329822097379)	(140, 34.53300561797754)	(145, 34.71083216292134)	(150, 33.813307584269666)	(155, 34.10079002808989)	(160, 32.8079061329588)	(165, 32.08646418539326)	(170, 32.347858146067416)	(175, 32.476410346441945)	(180, 32.77889747191011)	(185, 31.66034661267189)	(190, 31.018407960199006)	(195, 31.315756511559847)	(200, 31.091038923031896)	(205, 28.464606379865376)	(210, 29.017436347673396)	(215, 27.885765291191102)	(220, 26.719537606087215)	(225, 25.99729002048581)	(230, 24.296710564822945)	(235, 22.397898741586182)	(240, 22.09126134035704)	(245, 24.913099209833188)	(250, 24.928384512796622)	(255, 21.03905993912433)	(260, 20.873718098805902)	(265, 18.323220557246547)	(270, 17.019702645750407)	(275, 19.576984312807305)	(280, 16.51082884570358)	(285, 17.66612619995317)	(290, 15.762702424229081)	(295, 14.479399390817207)	(300, 12.480562401217853)
