Input files: raw_data_12_11_2025/504A0_S1_L001_R1_001.fastq.gz raw_data_12_11_2025/504A0_S1_L001_R2_001.fastq.gz
This is cutadapt 5.1 with Python 3.12.11
Command line parameters: -a CCTACGGGNGGCWGCAG...GATACCCBDGTAGTC -A GACTACHVGGGTATC...CTGCWGCCNCCCGTAGG --trimmed-only --cores 8 --output results/cutadapt/504A0_S1_L001_R1_001.fastq.gz --paired-output results/cutadapt/504A0_S1_L001_R2_001.fastq.gz raw_data_12_11_2025/504A0_S1_L001_R1_001.fastq.gz raw_data_12_11_2025/504A0_S1_L001_R2_001.fastq.gz
Processing paired-end reads on 8 cores ...

=== Summary ===

Total read pairs processed:             45,655
  Read 1 with adapter:                  45,400 (99.4%)
  Read 2 with adapter:                  44,677 (97.9%)

== Read fate breakdown ==
Pairs discarded as untrimmed:            1,208 (2.6%)
Pairs written (passing filters):        44,447 (97.4%)

Total basepairs processed:    27,410,554 bp
  Read 1:    13,717,648 bp
  Read 2:    13,692,906 bp
Total written (filtered):     24,163,484 bp (88.2%)
  Read 1:    12,291,584 bp
  Read 2:    11,871,900 bp

=== First read: Adapter 1 ===

Sequence: CCTACGGGNGGCWGCAG...GATACCCBDGTAGTC; Type: linked; Length: 17+15; 5' trimmed: 45399 times; 3' trimmed: 169 times

Minimum overlap: 3+3
No. of allowed errors:
1-9 bp: 0; 10-16 bp: 1

No. of allowed errors:
1-9 bp: 0; 10-15 bp: 1

Overview of removed sequences at 5' end
length	count	expect	max.err	error counts
17	1	0.0	1	1
18	2	0.0	1	1 1
20	5	0.0	1	3 2
21	17	0.0	1	6 11
22	99	0.0	1	17 82
23	2469	0.0	1	1044 1425
24	42408	0.0	1	41939 469
25	280	0.0	1	219 61
26	5	0.0	1	3 2
27	89	0.0	1	88 1
28	1	0.0	1	1
31	22	0.0	1	20 2
146	1	0.0	1	1



Overview of removed sequences at 3' end
length	count	expect	max.err	error counts
3	159	713.4	0	159
4	3	178.3	0	3
11	4	0.0	1	4
14	2	0.0	1	2
31	1	0.0	1	1


=== Second read: Adapter 2 ===

Sequence: GACTACHVGGGTATC...CTGCWGCCNCCCGTAGG; Type: linked; Length: 15+17; 5' trimmed: 44423 times; 3' trimmed: 28429 times

Minimum overlap: 3+3
No. of allowed errors:
1-9 bp: 0; 10-15 bp: 1

No. of allowed errors:
1-9 bp: 0; 10-16 bp: 1

Overview of removed sequences at 5' end
length	count	expect	max.err	error counts
3	4	713.4	0	4
4	2	178.3	0	2
14	1	0.0	1	1
17	2	0.0	1	2
18	3	0.0	1	1 2
19	1	0.0	1	1
20	1	0.0	1	1
21	1	0.0	1	1
22	4	0.0	1	3 1
23	5	0.0	1	5
24	6	0.0	1	4 2
25	34	0.0	1	29 5
26	11	0.0	1	7 4
27	13	0.0	1	12 1
28	69	0.0	1	40 29
29	219	0.0	1	109 110
30	2329	0.0	1	1099 1230
31	41659	0.0	1	40715 944
32	57	0.0	1	46 11
33	1	0.0	1	1
71	1	0.0	1	0 1



Overview of removed sequences at 3' end
length	count	expect	max.err	error counts
3	23453	713.4	0	23453
4	3290	178.3	0	3290
5	116	44.6	0	116
6	1383	11.1	0	1383
7	142	2.8	0	142
8	1	0.7	0	1
9	7	0.2	0	7
12	1	0.0	1	0 1
24	1	0.0	1	1
27	1	0.0	1	0 1
103	29	0.0	1	25 4
104	1	0.0	1	1
123	1	0.0	1	1
127	1	0.0	1	1
132	1	0.0	1	1
188	1	0.0	1	1
Input files: raw_data_12_11_2025/504A14_S2_L001_R1_001.fastq.gz raw_data_12_11_2025/504A14_S2_L001_R2_001.fastq.gz
This is cutadapt 5.1 with Python 3.12.11
Command line parameters: -a CCTACGGGNGGCWGCAG...GATACCCBDGTAGTC -A GACTACHVGGGTATC...CTGCWGCCNCCCGTAGG --trimmed-only --cores 8 --output results/cutadapt/504A14_S2_L001_R1_001.fastq.gz --paired-output results/cutadapt/504A14_S2_L001_R2_001.fastq.gz raw_data_12_11_2025/504A14_S2_L001_R1_001.fastq.gz raw_data_12_11_2025/504A14_S2_L001_R2_001.fastq.gz
Processing paired-end reads on 8 cores ...

=== Summary ===

Total read pairs processed:             38,330
  Read 1 with adapter:                  38,107 (99.4%)
  Read 2 with adapter:                  37,558 (98.0%)

== Read fate breakdown ==
Pairs discarded as untrimmed:              977 (2.5%)
Pairs written (passing filters):        37,353 (97.5%)

Total basepairs processed:    23,015,704 bp
  Read 1:    11,519,517 bp
  Read 2:    11,496,187 bp
Total written (filtered):     20,306,810 bp (88.2%)
  Read 1:    10,332,126 bp
  Read 2:     9,974,684 bp

=== First read: Adapter 1 ===

Sequence: CCTACGGGNGGCWGCAG...GATACCCBDGTAGTC; Type: linked; Length: 17+15; 5' trimmed: 38105 times; 3' trimmed: 222 times

Minimum overlap: 3+3
No. of allowed errors:
1-9 bp: 0; 10-16 bp: 1

No. of allowed errors:
1-9 bp: 0; 10-15 bp: 1

Overview of removed sequences at 5' end
length	count	expect	max.err	error counts
7	1	2.3	0	1
13	2	0.0	1	2
15	2	0.0	1	2
17	2	0.0	1	1 1
18	3	0.0	1	3
19	2	0.0	1	1 1
20	6	0.0	1	4 2
21	11	0.0	1	4 7
22	97	0.0	1	21 76
23	2175	0.0	1	834 1341
24	35425	0.0	1	35039 386
25	275	0.0	1	218 57
26	9	0.0	1	6 3
27	85	0.0	1	84 1
30	1	0.0	1	1
31	9	0.0	1	9



Overview of removed sequences at 3' end
length	count	expect	max.err	error counts
3	208	598.9	0	208
4	2	149.7	0	2
11	8	0.0	1	8
12	1	0.0	1	1
28	2	0.0	1	2
31	1	0.0	1	1


=== Second read: Adapter 2 ===

Sequence: GACTACHVGGGTATC...CTGCWGCCNCCCGTAGG; Type: linked; Length: 15+17; 5' trimmed: 37381 times; 3' trimmed: 23958 times

Minimum overlap: 3+3
No. of allowed errors:
1-9 bp: 0; 10-15 bp: 1

No. of allowed errors:
1-9 bp: 0; 10-16 bp: 1

Overview of removed sequences at 5' end
length	count	expect	max.err	error counts
4	3	149.7	0	3
14	1	0.0	1	1
16	1	0.0	1	0 1
17	3	0.0	1	2 1
19	2	0.0	1	2
20	1	0.0	1	1
21	2	0.0	1	1 1
22	2	0.0	1	1 1
23	2	0.0	1	2
24	1	0.0	1	1
25	26	0.0	1	21 5
26	14	0.0	1	10 4
27	7	0.0	1	4 3
28	58	0.0	1	35 23
29	178	0.0	1	71 107
30	1957	0.0	1	914 1043
31	35063	0.0	1	34369 694
32	59	0.0	1	49 10
33	1	0.0	1	1



Overview of removed sequences at 3' end
length	count	expect	max.err	error counts
3	18664	598.9	0	18664
4	3987	149.7	0	3987
5	107	37.4	0	107
6	1026	9.4	0	1026
7	143	2.3	0	143
9	5	0.1	0	5
12	1	0.0	1	0 1
20	1	0.0	1	1
21	1	0.0	1	1
103	4	0.0	1	3 1
106	1	0.0	1	1
107	1	0.0	1	1
121	1	0.0	1	1
122	1	0.0	1	1
123	6	0.0	1	6
124	2	0.0	1	1 1
125	1	0.0	1	1
127	2	0.0	1	2
128	4	0.0	1	3 1
Input files: raw_data_12_11_2025/504B0_S3_L001_R1_001.fastq.gz raw_data_12_11_2025/504B0_S3_L001_R2_001.fastq.gz
This is cutadapt 5.1 with Python 3.12.11
Command line parameters: -a CCTACGGGNGGCWGCAG...GATACCCBDGTAGTC -A GACTACHVGGGTATC...CTGCWGCCNCCCGTAGG --trimmed-only --cores 8 --output results/cutadapt/504B0_S3_L001_R1_001.fastq.gz --paired-output results/cutadapt/504B0_S3_L001_R2_001.fastq.gz raw_data_12_11_2025/504B0_S3_L001_R1_001.fastq.gz raw_data_12_11_2025/504B0_S3_L001_R2_001.fastq.gz
Processing paired-end reads on 8 cores ...

=== Summary ===

Total read pairs processed:             38,819
  Read 1 with adapter:                  38,611 (99.5%)
  Read 2 with adapter:                  38,046 (98.0%)

== Read fate breakdown ==
Pairs discarded as untrimmed:              968 (2.5%)
Pairs written (passing filters):        37,851 (97.5%)

Total basepairs processed:    23,312,452 bp
  Read 1:    11,668,435 bp
  Read 2:    11,644,017 bp
Total written (filtered):     20,583,447 bp (88.3%)
  Read 1:    10,470,805 bp
  Read 2:    10,112,642 bp

=== First read: Adapter 1 ===

Sequence: CCTACGGGNGGCWGCAG...GATACCCBDGTAGTC; Type: linked; Length: 17+15; 5' trimmed: 38611 times; 3' trimmed: 111 times

Minimum overlap: 3+3
No. of allowed errors:
1-9 bp: 0; 10-16 bp: 1

No. of allowed errors:
1-9 bp: 0; 10-15 bp: 1

Overview of removed sequences at 5' end
length	count	expect	max.err	error counts
15	1	0.0	1	1
16	1	0.0	1	0 1
19	1	0.0	1	1
20	5	0.0	1	3 2
21	7	0.0	1	2 5
22	86	0.0	1	16 70
23	1879	0.0	1	740 1139
24	36295	0.0	1	35912 383
25	247	0.0	1	194 53
26	6	0.0	1	3 3
27	78	0.0	1	75 3
31	3	0.0	1	2 1
32	2	0.0	1	2



Overview of removed sequences at 3' end
length	count	expect	max.err	error counts
3	105	606.5	0	105
7	1	2.4	0	1
11	3	0.0	1	3
13	1	0.0	1	1
31	1	0.0	1	1


=== Second read: Adapter 2 ===

Sequence: GACTACHVGGGTATC...CTGCWGCCNCCCGTAGG; Type: linked; Length: 15+17; 5' trimmed: 37852 times; 3' trimmed: 23177 times

Minimum overlap: 3+3
No. of allowed errors:
1-9 bp: 0; 10-15 bp: 1

No. of allowed errors:
1-9 bp: 0; 10-16 bp: 1

Overview of removed sequences at 5' end
length	count	expect	max.err	error counts
4	2	151.6	0	2
16	1	0.0	1	0 1
19	1	0.0	1	0 1
22	5	0.0	1	4 1
23	2	0.0	1	2
24	4	0.0	1	4
25	13	0.0	1	11 2
26	11	0.0	1	9 2
27	11	0.0	1	6 5
28	56	0.0	1	40 16
29	182	0.0	1	71 111
30	1958	0.0	1	929 1029
31	35547	0.0	1	34780 767
32	58	0.0	1	47 11
33	1	0.0	1	1



Overview of removed sequences at 3' end
length	count	expect	max.err	error counts
3	18920	606.5	0	18920
4	2904	151.6	0	2904
5	105	37.9	0	105
6	1077	9.5	0	1077
7	134	2.4	0	134
8	2	0.6	0	2
9	9	0.1	0	9
12	1	0.0	1	0 1
24	2	0.0	1	1 1
102	1	0.0	1	1
103	21	0.0	1	17 4
107	1	0.0	1	0 1
Input files: raw_data_12_11_2025/504B14_S4_L001_R1_001.fastq.gz raw_data_12_11_2025/504B14_S4_L001_R2_001.fastq.gz
This is cutadapt 5.1 with Python 3.12.11
Command line parameters: -a CCTACGGGNGGCWGCAG...GATACCCBDGTAGTC -A GACTACHVGGGTATC...CTGCWGCCNCCCGTAGG --trimmed-only --cores 8 --output results/cutadapt/504B14_S4_L001_R1_001.fastq.gz --paired-output results/cutadapt/504B14_S4_L001_R2_001.fastq.gz raw_data_12_11_2025/504B14_S4_L001_R1_001.fastq.gz raw_data_12_11_2025/504B14_S4_L001_R2_001.fastq.gz
Processing paired-end reads on 8 cores ...

=== Summary ===

Total read pairs processed:             27,962
  Read 1 with adapter:                  27,791 (99.4%)
  Read 2 with adapter:                  27,353 (97.8%)

== Read fate breakdown ==
Pairs discarded as untrimmed:              761 (2.7%)
Pairs written (passing filters):        27,201 (97.3%)

Total basepairs processed:    16,789,571 bp
  Read 1:     8,402,538 bp
  Read 2:     8,387,033 bp
Total written (filtered):     14,793,564 bp (88.1%)
  Read 1:     7,523,353 bp
  Read 2:     7,270,211 bp

=== First read: Adapter 1 ===

Sequence: CCTACGGGNGGCWGCAG...GATACCCBDGTAGTC; Type: linked; Length: 17+15; 5' trimmed: 27788 times; 3' trimmed: 37 times

Minimum overlap: 3+3
No. of allowed errors:
1-9 bp: 0; 10-16 bp: 1

No. of allowed errors:
1-9 bp: 0; 10-15 bp: 1

Overview of removed sequences at 5' end
length	count	expect	max.err	error counts
18	2	0.0	1	2
19	3	0.0	1	3
20	5	0.0	1	4 1
21	14	0.0	1	7 7
22	49	0.0	1	5 44
23	1532	0.0	1	619 913
24	25933	0.0	1	25632 301
25	170	0.0	1	134 36
26	9	0.0	1	4 5
27	62	0.0	1	61 1
31	8	0.0	1	8
49	1	0.0	1	1



Overview of removed sequences at 3' end
length	count	expect	max.err	error counts
3	26	436.9	0	26
11	7	0.0	1	5 2
12	3	0.0	1	3
14	1	0.0	1	1


=== Second read: Adapter 2 ===

Sequence: GACTACHVGGGTATC...CTGCWGCCNCCCGTAGG; Type: linked; Length: 15+17; 5' trimmed: 27185 times; 3' trimmed: 16415 times

Minimum overlap: 3+3
No. of allowed errors:
1-9 bp: 0; 10-15 bp: 1

No. of allowed errors:
1-9 bp: 0; 10-16 bp: 1

Overview of removed sequences at 5' end
length	count	expect	max.err	error counts
3	3	436.9	0	3
4	4	109.2	0	4
8	1	0.4	0	1
18	1	0.0	1	0 1
19	2	0.0	1	2
20	1	0.0	1	1
22	3	0.0	1	3
23	5	0.0	1	5
24	4	0.0	1	3 1
25	25	0.0	1	20 5
26	10	0.0	1	7 3
27	8	0.0	1	6 2
28	37	0.0	1	25 12
29	122	0.0	1	44 78
30	1439	0.0	1	688 751
31	25482	0.0	1	24896 586
32	38	0.0	1	27 11



Overview of removed sequences at 3' end
length	count	expect	max.err	error counts
3	14464	436.9	0	14464
4	862	109.2	0	862
5	60	27.3	0	60
6	942	6.8	0	942
7	53	1.7	0	53
8	1	0.4	0	1
9	6	0.1	0	6
10	1	0.0	1	1
12	2	0.0	1	0 2
49	1	0.0	1	1
103	10	0.0	1	7 3
105	1	0.0	1	1
106	1	0.0	1	1
107	1	0.0	1	1
123	6	0.0	1	6
124	3	0.0	1	3
130	1	0.0	1	1
Input files: raw_data_12_11_2025/508A0_S9_L001_R1_001.fastq.gz raw_data_12_11_2025/508A0_S9_L001_R2_001.fastq.gz
This is cutadapt 5.1 with Python 3.12.11
Command line parameters: -a CCTACGGGNGGCWGCAG...GATACCCBDGTAGTC -A GACTACHVGGGTATC...CTGCWGCCNCCCGTAGG --trimmed-only --cores 8 --output results/cutadapt/508A0_S9_L001_R1_001.fastq.gz --paired-output results/cutadapt/508A0_S9_L001_R2_001.fastq.gz raw_data_12_11_2025/508A0_S9_L001_R1_001.fastq.gz raw_data_12_11_2025/508A0_S9_L001_R2_001.fastq.gz
Processing paired-end reads on 8 cores ...

=== Summary ===

Total read pairs processed:             38,389
  Read 1 with adapter:                  38,148 (99.4%)
  Read 2 with adapter:                  37,601 (97.9%)

== Read fate breakdown ==
Pairs discarded as untrimmed:            1,007 (2.6%)
Pairs written (passing filters):        37,382 (97.4%)

Total basepairs processed:    23,051,030 bp
  Read 1:    11,538,059 bp
  Read 2:    11,512,971 bp
Total written (filtered):     20,326,313 bp (88.2%)
  Read 1:    10,342,289 bp
  Read 2:     9,984,024 bp

=== First read: Adapter 1 ===

Sequence: CCTACGGGNGGCWGCAG...GATACCCBDGTAGTC; Type: linked; Length: 17+15; 5' trimmed: 38144 times; 3' trimmed: 59 times

Minimum overlap: 3+3
No. of allowed errors:
1-9 bp: 0; 10-16 bp: 1

No. of allowed errors:
1-9 bp: 0; 10-15 bp: 1

Overview of removed sequences at 5' end
length	count	expect	max.err	error counts
17	3	0.0	1	2 1
19	1	0.0	1	1
20	6	0.0	1	5 1
21	9	0.0	1	3 6
22	99	0.0	1	23 76
23	2130	0.0	1	791 1339
24	35510	0.0	1	35096 414
25	277	0.0	1	214 63
26	11	0.0	1	4 7
27	77	0.0	1	76 1
31	21	0.0	1	20 1



Overview of removed sequences at 3' end
length	count	expect	max.err	error counts
3	35	599.8	0	35
4	6	150.0	0	6
10	1	0.0	1	1
11	10	0.0	1	8 2
12	1	0.0	1	1
13	1	0.0	1	1
14	2	0.0	1	2
15	1	0.0	1	0 1
31	2	0.0	1	2


=== Second read: Adapter 2 ===

Sequence: GACTACHVGGGTATC...CTGCWGCCNCCCGTAGG; Type: linked; Length: 15+17; 5' trimmed: 37409 times; 3' trimmed: 24261 times

Minimum overlap: 3+3
No. of allowed errors:
1-9 bp: 0; 10-15 bp: 1

No. of allowed errors:
1-9 bp: 0; 10-16 bp: 1

Overview of removed sequences at 5' end
length	count	expect	max.err	error counts
3	3	599.8	0	3
8	1	0.6	0	1
11	1	0.0	1	0 1
17	1	0.0	1	0 1
19	1	0.0	1	1
20	1	0.0	1	1
22	3	0.0	1	3
23	3	0.0	1	3
24	7	0.0	1	6 1
25	35	0.0	1	30 5
26	8	0.0	1	7 1
27	13	0.0	1	10 3
28	59	0.0	1	35 24
29	168	0.0	1	73 95
30	1948	0.0	1	912 1036
31	35104	0.0	1	34370 734
32	52	0.0	1	38 14
34	1	0.0	1	0 1



Overview of removed sequences at 3' end
length	count	expect	max.err	error counts
3	20504	599.8	0	20504
4	2403	150.0	0	2403
5	74	37.5	0	74
6	1138	9.4	0	1138
7	112	2.3	0	112
8	2	0.6	0	2
9	7	0.1	0	7
11	2	0.0	1	0 2
13	1	0.0	1	0 1
24	2	0.0	1	0 2
103	6	0.0	1	4 2
107	2	0.0	1	1 1
108	1	0.0	1	1
109	1	0.0	1	1
110	1	0.0	1	1
127	1	0.0	1	0 1
128	3	0.0	1	3
129	1	0.0	1	1
Input files: raw_data_12_11_2025/508A14_S10_L001_R1_001.fastq.gz raw_data_12_11_2025/508A14_S10_L001_R2_001.fastq.gz
This is cutadapt 5.1 with Python 3.12.11
Command line parameters: -a CCTACGGGNGGCWGCAG...GATACCCBDGTAGTC -A GACTACHVGGGTATC...CTGCWGCCNCCCGTAGG --trimmed-only --cores 8 --output results/cutadapt/508A14_S10_L001_R1_001.fastq.gz --paired-output results/cutadapt/508A14_S10_L001_R2_001.fastq.gz raw_data_12_11_2025/508A14_S10_L001_R1_001.fastq.gz raw_data_12_11_2025/508A14_S10_L001_R2_001.fastq.gz
Processing paired-end reads on 8 cores ...

=== Summary ===

Total read pairs processed:             37,468
  Read 1 with adapter:                  37,280 (99.5%)
  Read 2 with adapter:                  36,755 (98.1%)

== Read fate breakdown ==
Pairs discarded as untrimmed:              887 (2.4%)
Pairs written (passing filters):        36,581 (97.6%)

Total basepairs processed:    22,500,311 bp
  Read 1:    11,262,209 bp
  Read 2:    11,238,102 bp
Total written (filtered):     19,888,037 bp (88.4%)
  Read 1:    10,120,271 bp
  Read 2:     9,767,766 bp

=== First read: Adapter 1 ===

Sequence: CCTACGGGNGGCWGCAG...GATACCCBDGTAGTC; Type: linked; Length: 17+15; 5' trimmed: 37275 times; 3' trimmed: 50 times

Minimum overlap: 3+3
No. of allowed errors:
1-9 bp: 0; 10-16 bp: 1

No. of allowed errors:
1-9 bp: 0; 10-15 bp: 1

Overview of removed sequences at 5' end
length	count	expect	max.err	error counts
17	1	0.0	1	0 1
19	2	0.0	1	2
20	1	0.0	1	0 1
21	11	0.0	1	6 5
22	72	0.0	1	12 60
23	1844	0.0	1	671 1173
24	34983	0.0	1	34648 335
25	275	0.0	1	198 77
26	4	0.0	1	2 2
27	68	0.0	1	68
31	13	0.0	1	13
34	1	0.0	1	1



Overview of removed sequences at 3' end
length	count	expect	max.err	error counts
3	41	585.4	0	41
4	3	146.4	0	3
7	1	2.3	0	1
11	5	0.0	1	4 1


=== Second read: Adapter 2 ===

Sequence: GACTACHVGGGTATC...CTGCWGCCNCCCGTAGG; Type: linked; Length: 15+17; 5' trimmed: 36590 times; 3' trimmed: 24140 times

Minimum overlap: 3+3
No. of allowed errors:
1-9 bp: 0; 10-15 bp: 1

No. of allowed errors:
1-9 bp: 0; 10-16 bp: 1

Overview of removed sequences at 5' end
length	count	expect	max.err	error counts
3	4	585.4	0	4
4	1	146.4	0	1
5	1	36.6	0	1
12	1	0.0	1	0 1
17	1	0.0	1	1
18	1	0.0	1	0 1
21	1	0.0	1	0 1
22	3	0.0	1	2 1
23	1	0.0	1	0 1
24	5	0.0	1	4 1
25	25	0.0	1	20 5
26	10	0.0	1	9 1
27	16	0.0	1	12 4
28	47	0.0	1	25 22
29	197	0.0	1	85 112
30	1887	0.0	1	853 1034
31	34333	0.0	1	33667 666
32	55	0.0	1	45 10
71	1	0.0	1	0 1



Overview of removed sequences at 3' end
length	count	expect	max.err	error counts
3	20249	585.4	0	20249
4	2509	146.4	0	2509
5	87	36.6	0	87
6	1179	9.1	0	1179
7	90	2.3	0	90
9	6	0.1	0	6
103	4	0.0	1	4
107	1	0.0	1	0 1
108	2	0.0	1	2
109	3	0.0	1	3
111	1	0.0	1	1
125	1	0.0	1	1
128	7	0.0	1	6 1
134	1	0.0	1	0 1
Input files: raw_data_12_11_2025/508B0_S11_L001_R1_001.fastq.gz raw_data_12_11_2025/508B0_S11_L001_R2_001.fastq.gz
This is cutadapt 5.1 with Python 3.12.11
Command line parameters: -a CCTACGGGNGGCWGCAG...GATACCCBDGTAGTC -A GACTACHVGGGTATC...CTGCWGCCNCCCGTAGG --trimmed-only --cores 8 --output results/cutadapt/508B0_S11_L001_R1_001.fastq.gz --paired-output results/cutadapt/508B0_S11_L001_R2_001.fastq.gz raw_data_12_11_2025/508B0_S11_L001_R1_001.fastq.gz raw_data_12_11_2025/508B0_S11_L001_R2_001.fastq.gz
Processing paired-end reads on 8 cores ...

=== Summary ===

Total read pairs processed:             26,296
  Read 1 with adapter:                  26,152 (99.5%)
  Read 2 with adapter:                  25,728 (97.8%)

== Read fate breakdown ==
Pairs discarded as untrimmed:              694 (2.6%)
Pairs written (passing filters):        25,602 (97.4%)

Total basepairs processed:    15,787,031 bp
  Read 1:     7,900,349 bp
  Read 2:     7,886,682 bp
Total written (filtered):     13,919,458 bp (88.2%)
  Read 1:     7,079,957 bp
  Read 2:     6,839,501 bp

=== First read: Adapter 1 ===

Sequence: CCTACGGGNGGCWGCAG...GATACCCBDGTAGTC; Type: linked; Length: 17+15; 5' trimmed: 26149 times; 3' trimmed: 40 times

Minimum overlap: 3+3
No. of allowed errors:
1-9 bp: 0; 10-16 bp: 1

No. of allowed errors:
1-9 bp: 0; 10-15 bp: 1

Overview of removed sequences at 5' end
length	count	expect	max.err	error counts
19	1	0.0	1	1
20	1	0.0	1	1
21	5	0.0	1	3 2
22	64	0.0	1	14 50
23	1437	0.0	1	578 859
24	24392	0.0	1	24139 253
25	180	0.0	1	133 47
26	8	0.0	1	3 5
27	58	0.0	1	58
31	3	0.0	1	3



Overview of removed sequences at 3' end
length	count	expect	max.err	error counts
3	28	410.9	0	28
4	4	102.7	0	4
11	4	0.0	1	3 1
13	1	0.0	1	1
14	2	0.0	1	2
28	1	0.0	1	1


=== Second read: Adapter 2 ===

Sequence: GACTACHVGGGTATC...CTGCWGCCNCCCGTAGG; Type: linked; Length: 15+17; 5' trimmed: 25590 times; 3' trimmed: 16024 times

Minimum overlap: 3+3
No. of allowed errors:
1-9 bp: 0; 10-15 bp: 1

No. of allowed errors:
1-9 bp: 0; 10-16 bp: 1

Overview of removed sequences at 5' end
length	count	expect	max.err	error counts
4	2	102.7	0	2
12	1	0.0	1	1
15	1	0.0	1	0 1
17	2	0.0	1	2
18	1	0.0	1	1
21	1	0.0	1	1
22	1	0.0	1	0 1
23	1	0.0	1	1
24	3	0.0	1	3
25	14	0.0	1	10 4
26	2	0.0	1	2
27	12	0.0	1	12
28	32	0.0	1	18 14
29	108	0.0	1	46 62
30	1401	0.0	1	653 748
31	23960	0.0	1	23468 492
32	48	0.0	1	36 12



Overview of removed sequences at 3' end
length	count	expect	max.err	error counts
3	13313	410.9	0	13313
4	1715	102.7	0	1715
5	60	25.7	0	60
6	846	6.4	0	846
7	68	1.6	0	68
9	6	0.1	0	6
10	1	0.0	1	0 1
12	1	0.0	1	0 1
21	1	0.0	1	1
103	4	0.0	1	3 1
104	1	0.0	1	1
107	3	0.0	1	2 1
108	2	0.0	1	1 1
128	3	0.0	1	3
Input files: raw_data_12_11_2025/508B14_S12_L001_R1_001.fastq.gz raw_data_12_11_2025/508B14_S12_L001_R2_001.fastq.gz
This is cutadapt 5.1 with Python 3.12.11
Command line parameters: -a CCTACGGGNGGCWGCAG...GATACCCBDGTAGTC -A GACTACHVGGGTATC...CTGCWGCCNCCCGTAGG --trimmed-only --cores 8 --output results/cutadapt/508B14_S12_L001_R1_001.fastq.gz --paired-output results/cutadapt/508B14_S12_L001_R2_001.fastq.gz raw_data_12_11_2025/508B14_S12_L001_R1_001.fastq.gz raw_data_12_11_2025/508B14_S12_L001_R2_001.fastq.gz
Processing paired-end reads on 8 cores ...

=== Summary ===

Total read pairs processed:             26,233
  Read 1 with adapter:                  26,096 (99.5%)
  Read 2 with adapter:                  25,627 (97.7%)

== Read fate breakdown ==
Pairs discarded as untrimmed:              732 (2.8%)
Pairs written (passing filters):        25,501 (97.2%)

Total basepairs processed:    15,754,391 bp
  Read 1:     7,885,770 bp
  Read 2:     7,868,621 bp
Total written (filtered):     13,868,191 bp (88.0%)
  Read 1:     7,055,537 bp
  Read 2:     6,812,654 bp

=== First read: Adapter 1 ===

Sequence: CCTACGGGNGGCWGCAG...GATACCCBDGTAGTC; Type: linked; Length: 17+15; 5' trimmed: 26093 times; 3' trimmed: 39 times

Minimum overlap: 3+3
No. of allowed errors:
1-9 bp: 0; 10-16 bp: 1

No. of allowed errors:
1-9 bp: 0; 10-15 bp: 1

Overview of removed sequences at 5' end
length	count	expect	max.err	error counts
11	1	0.0	1	1
16	2	0.0	1	2
19	1	0.0	1	0 1
20	3	0.0	1	3
21	7	0.0	1	3 4
22	59	0.0	1	20 39
23	1425	0.0	1	531 894
24	24331	0.0	1	24047 284
25	178	0.0	1	133 45
26	10	0.0	1	6 4
27	67	0.0	1	66 1
28	1	0.0	1	0 1
31	8	0.0	1	7 1



Overview of removed sequences at 3' end
length	count	expect	max.err	error counts
3	29	409.9	0	29
4	3	102.5	0	3
11	5	0.0	1	3 2
12	1	0.0	1	1
14	1	0.0	1	1


=== Second read: Adapter 2 ===

Sequence: GACTACHVGGGTATC...CTGCWGCCNCCCGTAGG; Type: linked; Length: 15+17; 5' trimmed: 25486 times; 3' trimmed: 15886 times

Minimum overlap: 3+3
No. of allowed errors:
1-9 bp: 0; 10-15 bp: 1

No. of allowed errors:
1-9 bp: 0; 10-16 bp: 1

Overview of removed sequences at 5' end
length	count	expect	max.err	error counts
16	1	0.0	1	0 1
21	1	0.0	1	0 1
22	3	0.0	1	3
23	4	0.0	1	3 1
24	3	0.0	1	1 2
25	19	0.0	1	14 5
26	6	0.0	1	5 1
27	8	0.0	1	6 2
28	35	0.0	1	17 18
29	130	0.0	1	60 70
30	1326	0.0	1	612 714
31	23905	0.0	1	23397 508
32	45	0.0	1	37 8



Overview of removed sequences at 3' end
length	count	expect	max.err	error counts
3	13068	409.9	0	13068
4	1776	102.5	0	1776
5	75	25.6	0	75
6	876	6.4	0	876
7	75	1.6	0	75
9	6	0.1	0	6
103	1	0.0	1	1
108	3	0.0	1	3
117	1	0.0	1	1
128	5	0.0	1	5
Input files: raw_data_12_11_2025/519A0_S33_L001_R1_001.fastq.gz raw_data_12_11_2025/519A0_S33_L001_R2_001.fastq.gz
This is cutadapt 5.1 with Python 3.12.11
Command line parameters: -a CCTACGGGNGGCWGCAG...GATACCCBDGTAGTC -A GACTACHVGGGTATC...CTGCWGCCNCCCGTAGG --trimmed-only --cores 8 --output results/cutadapt/519A0_S33_L001_R1_001.fastq.gz --paired-output results/cutadapt/519A0_S33_L001_R2_001.fastq.gz raw_data_12_11_2025/519A0_S33_L001_R1_001.fastq.gz raw_data_12_11_2025/519A0_S33_L001_R2_001.fastq.gz
Processing paired-end reads on 8 cores ...

=== Summary ===

Total read pairs processed:             26,358
  Read 1 with adapter:                  26,219 (99.5%)
  Read 2 with adapter:                  25,856 (98.1%)

== Read fate breakdown ==
Pairs discarded as untrimmed:              634 (2.4%)
Pairs written (passing filters):        25,724 (97.6%)

Total basepairs processed:    15,828,144 bp
  Read 1:     7,922,275 bp
  Read 2:     7,905,869 bp
Total written (filtered):     13,986,027 bp (88.4%)
  Read 1:     7,115,602 bp
  Read 2:     6,870,425 bp

=== First read: Adapter 1 ===

Sequence: CCTACGGGNGGCWGCAG...GATACCCBDGTAGTC; Type: linked; Length: 17+15; 5' trimmed: 26215 times; 3' trimmed: 63 times

Minimum overlap: 3+3
No. of allowed errors:
1-9 bp: 0; 10-16 bp: 1

No. of allowed errors:
1-9 bp: 0; 10-15 bp: 1

Overview of removed sequences at 5' end
length	count	expect	max.err	error counts
18	1	0.0	1	1
19	1	0.0	1	1
20	1	0.0	1	0 1
21	6	0.0	1	2 4
22	70	0.0	1	12 58
23	1393	0.0	1	548 845
24	24447	0.0	1	24200 247
25	172	0.0	1	129 43
26	12	0.0	1	7 5
27	86	0.0	1	85 1
28	1	0.0	1	1
30	1	0.0	1	1
31	23	0.0	1	23
296	1	0.0	1	1



Overview of removed sequences at 3' end
length	count	expect	max.err	error counts
3	51	411.8	0	51
4	2	103.0	0	2
5	1	25.7	0	1
7	1	1.6	0	1
11	5	0.0	1	2 3
12	1	0.0	1	1
31	2	0.0	1	2


=== Second read: Adapter 2 ===

Sequence: GACTACHVGGGTATC...CTGCWGCCNCCCGTAGG; Type: linked; Length: 15+17; 5' trimmed: 25714 times; 3' trimmed: 16856 times

Minimum overlap: 3+3
No. of allowed errors:
1-9 bp: 0; 10-15 bp: 1

No. of allowed errors:
1-9 bp: 0; 10-16 bp: 1

Overview of removed sequences at 5' end
length	count	expect	max.err	error counts
3	1	411.8	0	1
4	1	103.0	0	1
10	1	0.0	1	0 1
15	1	0.0	1	0 1
16	1	0.0	1	1
18	1	0.0	1	0 1
21	2	0.0	1	2
22	2	0.0	1	1 1
23	3	0.0	1	2 1
24	2	0.0	1	1 1
25	36	0.0	1	29 7
26	8	0.0	1	5 3
27	13	0.0	1	8 5
28	41	0.0	1	27 14
29	127	0.0	1	62 65
30	1314	0.0	1	607 707
31	24124	0.0	1	23665 459
32	36	0.0	1	27 9



Overview of removed sequences at 3' end
length	count	expect	max.err	error counts
3	14743	411.8	0	14743
4	1208	103.0	0	1208
5	65	25.7	0	65
6	768	6.4	0	768
7	48	1.6	0	48
8	2	0.4	0	2
9	2	0.1	0	2
25	1	0.0	1	1
106	2	0.0	1	2
108	1	0.0	1	1
110	1	0.0	1	1
111	1	0.0	1	1
113	1	0.0	1	1
126	1	0.0	1	1
128	3	0.0	1	3
130	2	0.0	1	2
131	6	0.0	1	5 1
132	1	0.0	1	0 1
Input files: raw_data_12_11_2025/519A14_S34_L001_R1_001.fastq.gz raw_data_12_11_2025/519A14_S34_L001_R2_001.fastq.gz
This is cutadapt 5.1 with Python 3.12.11
Command line parameters: -a CCTACGGGNGGCWGCAG...GATACCCBDGTAGTC -A GACTACHVGGGTATC...CTGCWGCCNCCCGTAGG --trimmed-only --cores 8 --output results/cutadapt/519A14_S34_L001_R1_001.fastq.gz --paired-output results/cutadapt/519A14_S34_L001_R2_001.fastq.gz raw_data_12_11_2025/519A14_S34_L001_R1_001.fastq.gz raw_data_12_11_2025/519A14_S34_L001_R2_001.fastq.gz
Processing paired-end reads on 8 cores ...

=== Summary ===

Total read pairs processed:             33,057
  Read 1 with adapter:                  32,868 (99.4%)
  Read 2 with adapter:                  32,451 (98.2%)

== Read fate breakdown ==
Pairs discarded as untrimmed:              780 (2.4%)
Pairs written (passing filters):        32,277 (97.6%)

Total basepairs processed:    19,851,428 bp
  Read 1:     9,935,655 bp
  Read 2:     9,915,773 bp
Total written (filtered):     17,548,253 bp (88.4%)
  Read 1:     8,928,602 bp
  Read 2:     8,619,651 bp

=== First read: Adapter 1 ===

Sequence: CCTACGGGNGGCWGCAG...GATACCCBDGTAGTC; Type: linked; Length: 17+15; 5' trimmed: 32866 times; 3' trimmed: 37 times

Minimum overlap: 3+3
No. of allowed errors:
1-9 bp: 0; 10-16 bp: 1

No. of allowed errors:
1-9 bp: 0; 10-15 bp: 1

Overview of removed sequences at 5' end
length	count	expect	max.err	error counts
17	2	0.0	1	1 1
18	1	0.0	1	1
20	2	0.0	1	2
21	8	0.0	1	6 2
22	66	0.0	1	20 46
23	1687	0.0	1	688 999
24	30812	0.0	1	30455 357
25	199	0.0	1	157 42
26	2	0.0	1	2
27	76	0.0	1	74 2
30	1	0.0	1	1
31	9	0.0	1	8 1
34	1	0.0	1	1



Overview of removed sequences at 3' end
length	count	expect	max.err	error counts
3	23	516.5	0	23
4	2	129.1	0	2
7	2	2.0	0	2
11	6	0.0	1	5 1
12	3	0.0	1	3
31	1	0.0	1	1


=== Second read: Adapter 2 ===

Sequence: GACTACHVGGGTATC...CTGCWGCCNCCCGTAGG; Type: linked; Length: 15+17; 5' trimmed: 32308 times; 3' trimmed: 21344 times

Minimum overlap: 3+3
No. of allowed errors:
1-9 bp: 0; 10-15 bp: 1

No. of allowed errors:
1-9 bp: 0; 10-16 bp: 1

Overview of removed sequences at 5' end
length	count	expect	max.err	error counts
4	1	129.1	0	1
12	1	0.0	1	1
16	1	0.0	1	0 1
18	1	0.0	1	1
20	1	0.0	1	1
21	2	0.0	1	2
22	3	0.0	1	1 2
23	4	0.0	1	3 1
24	3	0.0	1	1 2
25	21	0.0	1	13 8
26	13	0.0	1	12 1
27	14	0.0	1	11 3
28	41	0.0	1	27 14
29	159	0.0	1	67 92
30	1648	0.0	1	814 834
31	30350	0.0	1	29830 520
32	45	0.0	1	34 11



Overview of removed sequences at 3' end
length	count	expect	max.err	error counts
3	18632	516.5	0	18632
4	1575	129.1	0	1575
5	86	32.3	0	86
6	976	8.1	0	976
7	65	2.0	0	65
9	1	0.1	0	1
12	1	0.0	1	0 1
24	1	0.0	1	1
106	1	0.0	1	1
110	1	0.0	1	1
129	1	0.0	1	1
131	4	0.0	1	4
Input files: raw_data_12_11_2025/519B0_S35_L001_R1_001.fastq.gz raw_data_12_11_2025/519B0_S35_L001_R2_001.fastq.gz
This is cutadapt 5.1 with Python 3.12.11
Command line parameters: -a CCTACGGGNGGCWGCAG...GATACCCBDGTAGTC -A GACTACHVGGGTATC...CTGCWGCCNCCCGTAGG --trimmed-only --cores 8 --output results/cutadapt/519B0_S35_L001_R1_001.fastq.gz --paired-output results/cutadapt/519B0_S35_L001_R2_001.fastq.gz raw_data_12_11_2025/519B0_S35_L001_R1_001.fastq.gz raw_data_12_11_2025/519B0_S35_L001_R2_001.fastq.gz
Processing paired-end reads on 8 cores ...

=== Summary ===

Total read pairs processed:             25,375
  Read 1 with adapter:                  25,199 (99.3%)
  Read 2 with adapter:                  24,885 (98.1%)

== Read fate breakdown ==
Pairs discarded as untrimmed:              642 (2.5%)
Pairs written (passing filters):        24,733 (97.5%)

Total basepairs processed:    15,232,789 bp
  Read 1:     7,623,833 bp
  Read 2:     7,608,956 bp
Total written (filtered):     13,451,482 bp (88.3%)
  Read 1:     6,841,279 bp
  Read 2:     6,610,203 bp

=== First read: Adapter 1 ===

Sequence: CCTACGGGNGGCWGCAG...GATACCCBDGTAGTC; Type: linked; Length: 17+15; 5' trimmed: 25199 times; 3' trimmed: 37 times

Minimum overlap: 3+3
No. of allowed errors:
1-9 bp: 0; 10-16 bp: 1

No. of allowed errors:
1-9 bp: 0; 10-15 bp: 1

Overview of removed sequences at 5' end
length	count	expect	max.err	error counts
19	2	0.0	1	2
20	2	0.0	1	2
21	4	0.0	1	0 4
22	70	0.0	1	21 49
23	1414	0.0	1	541 873
24	23455	0.0	1	23165 290
25	177	0.0	1	139 38
26	6	0.0	1	3 3
27	66	0.0	1	64 2
31	3	0.0	1	3



Overview of removed sequences at 3' end
length	count	expect	max.err	error counts
3	28	396.5	0	28
7	1	1.5	0	1
11	6	0.0	1	6
14	1	0.0	1	1
31	1	0.0	1	1


=== Second read: Adapter 2 ===

Sequence: GACTACHVGGGTATC...CTGCWGCCNCCCGTAGG; Type: linked; Length: 15+17; 5' trimmed: 24740 times; 3' trimmed: 14682 times

Minimum overlap: 3+3
No. of allowed errors:
1-9 bp: 0; 10-15 bp: 1

No. of allowed errors:
1-9 bp: 0; 10-16 bp: 1

Overview of removed sequences at 5' end
length	count	expect	max.err	error counts
3	1	396.5	0	1
17	1	0.0	1	1
20	1	0.0	1	1
21	2	0.0	1	1 1
22	1	0.0	1	1
24	1	0.0	1	1
25	10	0.0	1	6 4
26	2	0.0	1	1 1
27	9	0.0	1	8 1
28	36	0.0	1	23 13
29	122	0.0	1	45 77
30	1302	0.0	1	625 677
31	23215	0.0	1	22661 554
32	37	0.0	1	27 10



Overview of removed sequences at 3' end
length	count	expect	max.err	error counts
3	12497	396.5	0	12497
4	1205	99.1	0	1205
5	71	24.8	0	71
6	808	6.2	0	808
7	63	1.5	0	63
8	1	0.4	0	1
9	5	0.1	0	5
10	1	0.0	1	0 1
13	1	0.0	1	0 1
24	1	0.0	1	0 1
106	1	0.0	1	1
111	4	0.0	1	3 1
112	1	0.0	1	1
128	1	0.0	1	1
129	1	0.0	1	0 1
130	2	0.0	1	2
131	17	0.0	1	17
132	1	0.0	1	1
276	1	0.0	1	1
Input files: raw_data_12_11_2025/519B14_S36_L001_R1_001.fastq.gz raw_data_12_11_2025/519B14_S36_L001_R2_001.fastq.gz
This is cutadapt 5.1 with Python 3.12.11
Command line parameters: -a CCTACGGGNGGCWGCAG...GATACCCBDGTAGTC -A GACTACHVGGGTATC...CTGCWGCCNCCCGTAGG --trimmed-only --cores 8 --output results/cutadapt/519B14_S36_L001_R1_001.fastq.gz --paired-output results/cutadapt/519B14_S36_L001_R2_001.fastq.gz raw_data_12_11_2025/519B14_S36_L001_R1_001.fastq.gz raw_data_12_11_2025/519B14_S36_L001_R2_001.fastq.gz
Processing paired-end reads on 8 cores ...

=== Summary ===

Total read pairs processed:             30,088
  Read 1 with adapter:                  29,895 (99.4%)
  Read 2 with adapter:                  29,526 (98.1%)

== Read fate breakdown ==
Pairs discarded as untrimmed:              735 (2.4%)
Pairs written (passing filters):        29,353 (97.6%)

Total basepairs processed:    18,064,856 bp
  Read 1:     9,041,512 bp
  Read 2:     9,023,344 bp
Total written (filtered):     15,960,118 bp (88.3%)
  Read 1:     8,119,153 bp
  Read 2:     7,840,965 bp

=== First read: Adapter 1 ===

Sequence: CCTACGGGNGGCWGCAG...GATACCCBDGTAGTC; Type: linked; Length: 17+15; 5' trimmed: 29891 times; 3' trimmed: 39 times

Minimum overlap: 3+3
No. of allowed errors:
1-9 bp: 0; 10-16 bp: 1

No. of allowed errors:
1-9 bp: 0; 10-15 bp: 1

Overview of removed sequences at 5' end
length	count	expect	max.err	error counts
16	1	0.0	1	1
18	1	0.0	1	1
20	1	0.0	1	0 1
21	6	0.0	1	2 4
22	69	0.0	1	16 53
23	1683	0.0	1	641 1042
24	27839	0.0	1	27530 309
25	204	0.0	1	141 63
26	7	0.0	1	2 5
27	78	0.0	1	77 1
31	2	0.0	1	2



Overview of removed sequences at 3' end
length	count	expect	max.err	error counts
3	27	470.1	0	27
7	2	1.8	0	2
10	1	0.0	1	0 1
11	4	0.0	1	4
12	2	0.0	1	2
31	2	0.0	1	2
72	1	0.0	1	1


=== Second read: Adapter 2 ===

Sequence: GACTACHVGGGTATC...CTGCWGCCNCCCGTAGG; Type: linked; Length: 15+17; 5' trimmed: 29370 times; 3' trimmed: 18764 times

Minimum overlap: 3+3
No. of allowed errors:
1-9 bp: 0; 10-15 bp: 1

No. of allowed errors:
1-9 bp: 0; 10-16 bp: 1

Overview of removed sequences at 5' end
length	count	expect	max.err	error counts
3	2	470.1	0	2
4	2	117.5	0	2
5	1	29.4	0	1
8	1	0.5	0	1
16	1	0.0	1	1
18	1	0.0	1	1
19	1	0.0	1	1
20	2	0.0	1	1 1
21	3	0.0	1	2 1
22	3	0.0	1	3
23	2	0.0	1	2
24	2	0.0	1	1 1
25	15	0.0	1	12 3
26	6	0.0	1	4 2
27	15	0.0	1	12 3
28	54	0.0	1	39 15
29	151	0.0	1	70 81
30	1540	0.0	1	743 797
31	27533	0.0	1	26994 539
32	35	0.0	1	28 7



Overview of removed sequences at 3' end
length	count	expect	max.err	error counts
3	16244	470.1	0	16244
4	1499	117.5	0	1499
5	74	29.4	0	74
6	874	7.3	0	874
7	48	1.8	0	48
8	2	0.5	0	2
9	1	0.1	0	1
11	2	0.0	1	0 2
12	2	0.0	1	0 2
24	1	0.0	1	1
27	1	0.0	1	1
106	4	0.0	1	4
110	1	0.0	1	1
111	2	0.0	1	1 1
128	2	0.0	1	2
129	1	0.0	1	1
130	1	0.0	1	1
131	5	0.0	1	5
Input files: raw_data_12_11_2025/521A0_S25_L001_R1_001.fastq.gz raw_data_12_11_2025/521A0_S25_L001_R2_001.fastq.gz
This is cutadapt 5.1 with Python 3.12.11
Command line parameters: -a CCTACGGGNGGCWGCAG...GATACCCBDGTAGTC -A GACTACHVGGGTATC...CTGCWGCCNCCCGTAGG --trimmed-only --cores 8 --output results/cutadapt/521A0_S25_L001_R1_001.fastq.gz --paired-output results/cutadapt/521A0_S25_L001_R2_001.fastq.gz raw_data_12_11_2025/521A0_S25_L001_R1_001.fastq.gz raw_data_12_11_2025/521A0_S25_L001_R2_001.fastq.gz
Processing paired-end reads on 8 cores ...

=== Summary ===

Total read pairs processed:             27,513
  Read 1 with adapter:                  27,375 (99.5%)
  Read 2 with adapter:                  26,978 (98.1%)

== Read fate breakdown ==
Pairs discarded as untrimmed:              664 (2.4%)
Pairs written (passing filters):        26,849 (97.6%)

Total basepairs processed:    16,525,849 bp
  Read 1:     8,273,175 bp
  Read 2:     8,252,674 bp
Total written (filtered):     14,599,066 bp (88.3%)
  Read 1:     7,430,555 bp
  Read 2:     7,168,511 bp

=== First read: Adapter 1 ===

Sequence: CCTACGGGNGGCWGCAG...GATACCCBDGTAGTC; Type: linked; Length: 17+15; 5' trimmed: 27369 times; 3' trimmed: 34 times

Minimum overlap: 3+3
No. of allowed errors:
1-9 bp: 0; 10-16 bp: 1

No. of allowed errors:
1-9 bp: 0; 10-15 bp: 1

Overview of removed sequences at 5' end
length	count	expect	max.err	error counts
20	1	0.0	1	0 1
21	4	0.0	1	1 3
22	44	0.0	1	10 34
23	1422	0.0	1	548 874
24	25616	0.0	1	25338 278
25	181	0.0	1	131 50
26	8	0.0	1	8
27	69	0.0	1	69
28	1	0.0	1	1
30	1	0.0	1	0 1
31	22	0.0	1	22



Overview of removed sequences at 3' end
length	count	expect	max.err	error counts
3	24	429.9	0	24
4	2	107.5	0	2
7	2	1.7	0	2
10	1	0.0	1	1
11	3	0.0	1	2 1
14	1	0.0	1	1
41	1	0.0	1	0 1


=== Second read: Adapter 2 ===

Sequence: GACTACHVGGGTATC...CTGCWGCCNCCCGTAGG; Type: linked; Length: 15+17; 5' trimmed: 26817 times; 3' trimmed: 18312 times

Minimum overlap: 3+3
No. of allowed errors:
1-9 bp: 0; 10-15 bp: 1

No. of allowed errors:
1-9 bp: 0; 10-16 bp: 1

Overview of removed sequences at 5' end
length	count	expect	max.err	error counts
16	2	0.0	1	0 2
19	1	0.0	1	0 1
21	1	0.0	1	1
22	1	0.0	1	1
23	2	0.0	1	2
24	6	0.0	1	3 3
25	33	0.0	1	28 5
26	13	0.0	1	9 4
27	9	0.0	1	8 1
28	47	0.0	1	28 19
29	132	0.0	1	49 83
30	1298	0.0	1	604 694
31	25235	0.0	1	24740 495
32	34	0.0	1	25 9
33	1	0.0	1	1
69	1	0.0	1	0 1
72	1	0.0	1	0 1



Overview of removed sequences at 3' end
length	count	expect	max.err	error counts
3	15553	429.9	0	15553
4	1753	107.5	0	1753
5	76	26.9	0	76
6	851	6.7	0	851
7	55	1.7	0	55
9	5	0.1	0	5
10	1	0.0	1	1
11	1	0.0	1	0 1
24	3	0.0	1	3
103	3	0.0	1	3
107	5	0.0	1	3 2
108	1	0.0	1	1
122	1	0.0	1	1
128	2	0.0	1	2
134	1	0.0	1	1
136	1	0.0	1	0 1
Input files: raw_data_12_11_2025/521A14_S26_L001_R1_001.fastq.gz raw_data_12_11_2025/521A14_S26_L001_R2_001.fastq.gz
This is cutadapt 5.1 with Python 3.12.11
Command line parameters: -a CCTACGGGNGGCWGCAG...GATACCCBDGTAGTC -A GACTACHVGGGTATC...CTGCWGCCNCCCGTAGG --trimmed-only --cores 8 --output results/cutadapt/521A14_S26_L001_R1_001.fastq.gz --paired-output results/cutadapt/521A14_S26_L001_R2_001.fastq.gz raw_data_12_11_2025/521A14_S26_L001_R1_001.fastq.gz raw_data_12_11_2025/521A14_S26_L001_R2_001.fastq.gz
Processing paired-end reads on 8 cores ...

=== Summary ===

Total read pairs processed:             28,214
  Read 1 with adapter:                  28,055 (99.4%)
  Read 2 with adapter:                  27,647 (98.0%)

== Read fate breakdown ==
Pairs discarded as untrimmed:              711 (2.5%)
Pairs written (passing filters):        27,503 (97.5%)

Total basepairs processed:    16,945,468 bp
  Read 1:     8,483,174 bp
  Read 2:     8,462,294 bp
Total written (filtered):     14,954,726 bp (88.3%)
  Read 1:     7,611,645 bp
  Read 2:     7,343,081 bp

=== First read: Adapter 1 ===

Sequence: CCTACGGGNGGCWGCAG...GATACCCBDGTAGTC; Type: linked; Length: 17+15; 5' trimmed: 28052 times; 3' trimmed: 42 times

Minimum overlap: 3+3
No. of allowed errors:
1-9 bp: 0; 10-16 bp: 1

No. of allowed errors:
1-9 bp: 0; 10-15 bp: 1

Overview of removed sequences at 5' end
length	count	expect	max.err	error counts
15	1	0.0	1	1
16	2	0.0	1	0 2
17	2	0.0	1	1 1
18	1	0.0	1	1
19	1	0.0	1	1
21	8	0.0	1	4 4
22	45	0.0	1	7 38
23	1526	0.0	1	551 975
24	26195	0.0	1	25899 296
25	178	0.0	1	143 35
26	5	0.0	1	0 5
27	80	0.0	1	78 2
30	1	0.0	1	1
31	7	0.0	1	6 1



Overview of removed sequences at 3' end
length	count	expect	max.err	error counts
3	36	440.8	0	36
11	4	0.0	1	4
14	1	0.0	1	1
82	1	0.0	1	1


=== Second read: Adapter 2 ===

Sequence: GACTACHVGGGTATC...CTGCWGCCNCCCGTAGG; Type: linked; Length: 15+17; 5' trimmed: 27511 times; 3' trimmed: 18563 times

Minimum overlap: 3+3
No. of allowed errors:
1-9 bp: 0; 10-15 bp: 1

No. of allowed errors:
1-9 bp: 0; 10-16 bp: 1

Overview of removed sequences at 5' end
length	count	expect	max.err	error counts
3	2	440.8	0	2
7	1	1.7	0	1
16	1	0.0	1	0 1
17	2	0.0	1	2
18	2	0.0	1	0 2
19	2	0.0	1	2
20	2	0.0	1	1 1
21	2	0.0	1	0 2
23	3	0.0	1	3
24	3	0.0	1	2 1
25	16	0.0	1	12 4
26	9	0.0	1	7 2
27	8	0.0	1	6 2
28	43	0.0	1	27 16
29	154	0.0	1	71 83
30	1418	0.0	1	641 777
31	25812	0.0	1	25327 485
32	31	0.0	1	27 4



Overview of removed sequences at 3' end
length	count	expect	max.err	error counts
3	15591	440.8	0	15591
4	1991	110.2	0	1991
5	80	27.6	0	80
6	814	6.9	0	814
7	65	1.7	0	65
9	4	0.1	0	4
24	1	0.0	1	1
103	2	0.0	1	1 1
104	1	0.0	1	1
107	4	0.0	1	3 1
108	2	0.0	1	2
109	2	0.0	1	2
111	1	0.0	1	1
127	2	0.0	1	0 2
128	3	0.0	1	3
Input files: raw_data_12_11_2025/521B0_S27_L001_R1_001.fastq.gz raw_data_12_11_2025/521B0_S27_L001_R2_001.fastq.gz
This is cutadapt 5.1 with Python 3.12.11
Command line parameters: -a CCTACGGGNGGCWGCAG...GATACCCBDGTAGTC -A GACTACHVGGGTATC...CTGCWGCCNCCCGTAGG --trimmed-only --cores 8 --output results/cutadapt/521B0_S27_L001_R1_001.fastq.gz --paired-output results/cutadapt/521B0_S27_L001_R2_001.fastq.gz raw_data_12_11_2025/521B0_S27_L001_R1_001.fastq.gz raw_data_12_11_2025/521B0_S27_L001_R2_001.fastq.gz
Processing paired-end reads on 8 cores ...

=== Summary ===

Total read pairs processed:             30,034
  Read 1 with adapter:                  29,881 (99.5%)
  Read 2 with adapter:                  29,342 (97.7%)

== Read fate breakdown ==
Pairs discarded as untrimmed:              827 (2.8%)
Pairs written (passing filters):        29,207 (97.2%)

Total basepairs processed:    18,040,844 bp
  Read 1:     9,032,154 bp
  Read 2:     9,008,690 bp
Total written (filtered):     15,892,768 bp (88.1%)
  Read 1:     8,084,517 bp
  Read 2:     7,808,251 bp

=== First read: Adapter 1 ===

Sequence: CCTACGGGNGGCWGCAG...GATACCCBDGTAGTC; Type: linked; Length: 17+15; 5' trimmed: 29874 times; 3' trimmed: 35 times

Minimum overlap: 3+3
No. of allowed errors:
1-9 bp: 0; 10-16 bp: 1

No. of allowed errors:
1-9 bp: 0; 10-15 bp: 1

Overview of removed sequences at 5' end
length	count	expect	max.err	error counts
17	2	0.0	1	2
18	1	0.0	1	1
20	2	0.0	1	2
21	3	0.0	1	0 3
22	61	0.0	1	16 45
23	1522	0.0	1	608 914
24	28021	0.0	1	27639 382
25	176	0.0	1	143 33
26	4	0.0	1	1 3
27	77	0.0	1	76 1
30	1	0.0	1	1
31	3	0.0	1	2 1
38	1	0.0	1	1



Overview of removed sequences at 3' end
length	count	expect	max.err	error counts
3	24	469.3	0	24
4	2	117.3	0	2
5	1	29.3	0	1
11	6	0.0	1	4 2
24	1	0.0	1	1
25	1	0.0	1	1


=== Second read: Adapter 2 ===

Sequence: GACTACHVGGGTATC...CTGCWGCCNCCCGTAGG; Type: linked; Length: 15+17; 5' trimmed: 29149 times; 3' trimmed: 16731 times

Minimum overlap: 3+3
No. of allowed errors:
1-9 bp: 0; 10-15 bp: 1

No. of allowed errors:
1-9 bp: 0; 10-16 bp: 1

Overview of removed sequences at 5' end
length	count	expect	max.err	error counts
3	1	469.3	0	1
4	2	117.3	0	2
10	1	0.0	1	0 1
14	1	0.0	1	1
17	1	0.0	1	0 1
19	1	0.0	1	1
21	1	0.0	1	0 1
22	4	0.0	1	2 2
23	3	0.0	1	3
24	6	0.0	1	5 1
25	15	0.0	1	12 3
26	12	0.0	1	5 7
27	9	0.0	1	7 2
28	46	0.0	1	32 14
29	139	0.0	1	62 77
30	1488	0.0	1	684 804
31	27380	0.0	1	26542 838
32	39	0.0	1	29 10



Overview of removed sequences at 3' end
length	count	expect	max.err	error counts
3	13956	469.3	0	13956
4	1486	117.3	0	1486
5	91	29.3	0	91
6	1088	7.3	0	1088
7	83	1.8	0	83
8	2	0.5	0	2
9	6	0.1	0	6
10	4	0.0	1	2 2
12	2	0.0	1	0 2
24	1	0.0	1	1
103	3	0.0	1	3
105	1	0.0	1	1
107	3	0.0	1	3
128	5	0.0	1	5
Input files: raw_data_12_11_2025/521B14_S28_L001_R1_001.fastq.gz raw_data_12_11_2025/521B14_S28_L001_R2_001.fastq.gz
This is cutadapt 5.1 with Python 3.12.11
Command line parameters: -a CCTACGGGNGGCWGCAG...GATACCCBDGTAGTC -A GACTACHVGGGTATC...CTGCWGCCNCCCGTAGG --trimmed-only --cores 8 --output results/cutadapt/521B14_S28_L001_R1_001.fastq.gz --paired-output results/cutadapt/521B14_S28_L001_R2_001.fastq.gz raw_data_12_11_2025/521B14_S28_L001_R1_001.fastq.gz raw_data_12_11_2025/521B14_S28_L001_R2_001.fastq.gz
Processing paired-end reads on 8 cores ...

=== Summary ===

Total read pairs processed:             29,816
  Read 1 with adapter:                  29,652 (99.4%)
  Read 2 with adapter:                  29,210 (98.0%)

== Read fate breakdown ==
Pairs discarded as untrimmed:              753 (2.5%)
Pairs written (passing filters):        29,063 (97.5%)

Total basepairs processed:    17,906,902 bp
  Read 1:     8,964,531 bp
  Read 2:     8,942,371 bp
Total written (filtered):     15,804,175 bp (88.3%)
  Read 1:     8,043,634 bp
  Read 2:     7,760,541 bp

=== First read: Adapter 1 ===

Sequence: CCTACGGGNGGCWGCAG...GATACCCBDGTAGTC; Type: linked; Length: 17+15; 5' trimmed: 29640 times; 3' trimmed: 49 times

Minimum overlap: 3+3
No. of allowed errors:
1-9 bp: 0; 10-16 bp: 1

No. of allowed errors:
1-9 bp: 0; 10-15 bp: 1

Overview of removed sequences at 5' end
length	count	expect	max.err	error counts
11	1	0.0	1	1
13	1	0.0	1	0 1
15	1	0.0	1	0 1
17	1	0.0	1	1
18	2	0.0	1	1 1
19	3	0.0	1	2 1
20	2	0.0	1	2
21	15	0.0	1	11 4
22	71	0.0	1	12 59
23	1587	0.0	1	586 1001
24	27673	0.0	1	27413 260
25	193	0.0	1	144 49
26	4	0.0	1	4
27	79	0.0	1	77 2
31	6	0.0	1	6
32	1	0.0	1	1



Overview of removed sequences at 3' end
length	count	expect	max.err	error counts
3	33	465.9	0	33
4	5	116.5	0	5
10	1	0.0	1	0 1
11	5	0.0	1	3 2
12	4	0.0	1	2 2
31	1	0.0	1	1


=== Second read: Adapter 2 ===

Sequence: GACTACHVGGGTATC...CTGCWGCCNCCCGTAGG; Type: linked; Length: 15+17; 5' trimmed: 29042 times; 3' trimmed: 19340 times

Minimum overlap: 3+3
No. of allowed errors:
1-9 bp: 0; 10-15 bp: 1

No. of allowed errors:
1-9 bp: 0; 10-16 bp: 1

Overview of removed sequences at 5' end
length	count	expect	max.err	error counts
3	1	465.9	0	1
4	1	116.5	0	1
16	1	0.0	1	0 1
18	1	0.0	1	1
21	2	0.0	1	1 1
22	3	0.0	1	3
23	6	0.0	1	5 1
24	3	0.0	1	2 1
25	18	0.0	1	13 5
26	9	0.0	1	6 3
27	11	0.0	1	8 3
28	50	0.0	1	32 18
29	149	0.0	1	61 88
30	1476	0.0	1	655 821
31	27262	0.0	1	26653 609
32	47	0.0	1	37 10
33	1	0.0	1	1
271	1	0.0	1	0 1



Overview of removed sequences at 3' end
length	count	expect	max.err	error counts
3	16401	465.9	0	16401
4	1739	116.5	0	1739
5	84	29.1	0	84
6	1014	7.3	0	1014
7	79	1.8	0	79
9	3	0.1	0	3
10	2	0.0	1	2
11	1	0.0	1	0 1
27	3	0.0	1	3
103	2	0.0	1	2
107	6	0.0	1	5 1
108	2	0.0	1	2
109	1	0.0	1	0 1
126	1	0.0	1	1
127	1	0.0	1	1
128	1	0.0	1	0 1
Input files: raw_data_12_11_2025/523A0_S17_L001_R1_001.fastq.gz raw_data_12_11_2025/523A0_S17_L001_R2_001.fastq.gz
This is cutadapt 5.1 with Python 3.12.11
Command line parameters: -a CCTACGGGNGGCWGCAG...GATACCCBDGTAGTC -A GACTACHVGGGTATC...CTGCWGCCNCCCGTAGG --trimmed-only --cores 8 --output results/cutadapt/523A0_S17_L001_R1_001.fastq.gz --paired-output results/cutadapt/523A0_S17_L001_R2_001.fastq.gz raw_data_12_11_2025/523A0_S17_L001_R1_001.fastq.gz raw_data_12_11_2025/523A0_S17_L001_R2_001.fastq.gz
Processing paired-end reads on 8 cores ...

=== Summary ===

Total read pairs processed:             25,537
  Read 1 with adapter:                  25,396 (99.4%)
  Read 2 with adapter:                  25,044 (98.1%)

== Read fate breakdown ==
Pairs discarded as untrimmed:              616 (2.4%)
Pairs written (passing filters):        24,921 (97.6%)

Total basepairs processed:    15,334,513 bp
  Read 1:     7,674,814 bp
  Read 2:     7,659,699 bp
Total written (filtered):     13,551,885 bp (88.4%)
  Read 1:     6,893,675 bp
  Read 2:     6,658,210 bp

=== First read: Adapter 1 ===

Sequence: CCTACGGGNGGCWGCAG...GATACCCBDGTAGTC; Type: linked; Length: 17+15; 5' trimmed: 25395 times; 3' trimmed: 31 times

Minimum overlap: 3+3
No. of allowed errors:
1-9 bp: 0; 10-16 bp: 1

No. of allowed errors:
1-9 bp: 0; 10-15 bp: 1

Overview of removed sequences at 5' end
length	count	expect	max.err	error counts
15	1	0.0	1	1
19	1	0.0	1	1
20	2	0.0	1	1 1
21	7	0.0	1	3 4
22	52	0.0	1	11 41
23	1363	0.0	1	548 815
24	23753	0.0	1	23536 217
25	156	0.0	1	124 32
26	3	0.0	1	3
27	48	0.0	1	48
31	9	0.0	1	8 1



Overview of removed sequences at 3' end
length	count	expect	max.err	error counts
3	21	399.0	0	21
4	2	99.8	0	2
11	6	0.0	1	4 2
12	2	0.0	1	1 1


=== Second read: Adapter 2 ===

Sequence: GACTACHVGGGTATC...CTGCWGCCNCCCGTAGG; Type: linked; Length: 15+17; 5' trimmed: 24922 times; 3' trimmed: 15523 times

Minimum overlap: 3+3
No. of allowed errors:
1-9 bp: 0; 10-15 bp: 1

No. of allowed errors:
1-9 bp: 0; 10-16 bp: 1

Overview of removed sequences at 5' end
length	count	expect	max.err	error counts
3	2	399.0	0	2
19	1	0.0	1	1
20	1	0.0	1	1
21	1	0.0	1	0 1
22	2	0.0	1	2
23	1	0.0	1	1
24	4	0.0	1	3 1
25	15	0.0	1	13 2
26	4	0.0	1	3 1
27	7	0.0	1	6 1
28	39	0.0	1	26 13
29	122	0.0	1	52 70
30	1236	0.0	1	566 670
31	23446	0.0	1	22883 563
32	41	0.0	1	31 10



Overview of removed sequences at 3' end
length	count	expect	max.err	error counts
3	13376	399.0	0	13376
4	1212	99.8	0	1212
5	55	24.9	0	55
6	823	6.2	0	823
7	39	1.6	0	39
8	1	0.4	0	1
9	6	0.1	0	6
12	1	0.0	1	0 1
13	1	0.0	1	0 1
103	5	0.0	1	2 3
105	1	0.0	1	1
107	2	0.0	1	2
108	1	0.0	1	0 1
Input files: raw_data_12_11_2025/523A14_S18_L001_R1_001.fastq.gz raw_data_12_11_2025/523A14_S18_L001_R2_001.fastq.gz
This is cutadapt 5.1 with Python 3.12.11
Command line parameters: -a CCTACGGGNGGCWGCAG...GATACCCBDGTAGTC -A GACTACHVGGGTATC...CTGCWGCCNCCCGTAGG --trimmed-only --cores 8 --output results/cutadapt/523A14_S18_L001_R1_001.fastq.gz --paired-output results/cutadapt/523A14_S18_L001_R2_001.fastq.gz raw_data_12_11_2025/523A14_S18_L001_R1_001.fastq.gz raw_data_12_11_2025/523A14_S18_L001_R2_001.fastq.gz
Processing paired-end reads on 8 cores ...

=== Summary ===

Total read pairs processed:             23,560
  Read 1 with adapter:                  23,433 (99.5%)
  Read 2 with adapter:                  23,073 (97.9%)

== Read fate breakdown ==
Pairs discarded as untrimmed:              599 (2.5%)
Pairs written (passing filters):        22,961 (97.5%)

Total basepairs processed:    14,146,177 bp
  Read 1:     7,080,962 bp
  Read 2:     7,065,215 bp
Total written (filtered):     12,485,741 bp (88.3%)
  Read 1:     6,352,830 bp
  Read 2:     6,132,911 bp

=== First read: Adapter 1 ===

Sequence: CCTACGGGNGGCWGCAG...GATACCCBDGTAGTC; Type: linked; Length: 17+15; 5' trimmed: 23430 times; 3' trimmed: 38 times

Minimum overlap: 3+3
No. of allowed errors:
1-9 bp: 0; 10-16 bp: 1

No. of allowed errors:
1-9 bp: 0; 10-15 bp: 1

Overview of removed sequences at 5' end
length	count	expect	max.err	error counts
17	1	0.0	1	1
18	2	0.0	1	1 1
19	1	0.0	1	1
20	6	0.0	1	5 1
21	4	0.0	1	0 4
22	54	0.0	1	14 40
23	1268	0.0	1	503 765
24	21870	0.0	1	21649 221
25	165	0.0	1	133 32
26	3	0.0	1	1 2
27	47	0.0	1	45 2
28	1	0.0	1	1
30	1	0.0	1	1
31	7	0.0	1	7



Overview of removed sequences at 3' end
length	count	expect	max.err	error counts
3	30	368.1	0	30
4	1	92.0	0	1
7	2	1.4	0	2
11	2	0.0	1	0 2
14	1	0.0	1	1
15	1	0.0	1	0 1
26	1	0.0	1	1


=== Second read: Adapter 2 ===

Sequence: GACTACHVGGGTATC...CTGCWGCCNCCCGTAGG; Type: linked; Length: 15+17; 5' trimmed: 22953 times; 3' trimmed: 14797 times

Minimum overlap: 3+3
No. of allowed errors:
1-9 bp: 0; 10-15 bp: 1

No. of allowed errors:
1-9 bp: 0; 10-16 bp: 1

Overview of removed sequences at 5' end
length	count	expect	max.err	error counts
3	3	368.1	0	3
4	2	92.0	0	2
7	1	1.4	0	1
14	1	0.0	1	1
16	2	0.0	1	1 1
21	1	0.0	1	1
22	3	0.0	1	3
23	1	0.0	1	1
24	2	0.0	1	1 1
25	14	0.0	1	12 2
26	4	0.0	1	3 1
27	9	0.0	1	7 2
28	38	0.0	1	30 8
29	119	0.0	1	55 64
30	1197	0.0	1	590 607
31	21514	0.0	1	21012 502
32	41	0.0	1	30 11
34	1	0.0	1	0 1



Overview of removed sequences at 3' end
length	count	expect	max.err	error counts
3	12508	368.1	0	12508
4	1477	92.0	0	1477
5	45	23.0	0	45
6	696	5.8	0	696
7	50	1.4	0	50
8	1	0.4	0	1
9	5	0.1	0	5
10	1	0.0	1	1
103	3	0.0	1	2 1
107	7	0.0	1	4 3
117	1	0.0	1	1
127	1	0.0	1	1
128	1	0.0	1	1
132	1	0.0	1	1
Input files: raw_data_12_11_2025/523B0_S19_L001_R1_001.fastq.gz raw_data_12_11_2025/523B0_S19_L001_R2_001.fastq.gz
This is cutadapt 5.1 with Python 3.12.11
Command line parameters: -a CCTACGGGNGGCWGCAG...GATACCCBDGTAGTC -A GACTACHVGGGTATC...CTGCWGCCNCCCGTAGG --trimmed-only --cores 8 --output results/cutadapt/523B0_S19_L001_R1_001.fastq.gz --paired-output results/cutadapt/523B0_S19_L001_R2_001.fastq.gz raw_data_12_11_2025/523B0_S19_L001_R1_001.fastq.gz raw_data_12_11_2025/523B0_S19_L001_R2_001.fastq.gz
Processing paired-end reads on 8 cores ...

=== Summary ===

Total read pairs processed:             21,777
  Read 1 with adapter:                  21,636 (99.4%)
  Read 2 with adapter:                  21,261 (97.6%)

== Read fate breakdown ==
Pairs discarded as untrimmed:              624 (2.9%)
Pairs written (passing filters):        21,153 (97.1%)

Total basepairs processed:    13,078,657 bp
  Read 1:     6,546,997 bp
  Read 2:     6,531,660 bp
Total written (filtered):     11,504,286 bp (88.0%)
  Read 1:     5,853,463 bp
  Read 2:     5,650,823 bp

=== First read: Adapter 1 ===

Sequence: CCTACGGGNGGCWGCAG...GATACCCBDGTAGTC; Type: linked; Length: 17+15; 5' trimmed: 21635 times; 3' trimmed: 39 times

Minimum overlap: 3+3
No. of allowed errors:
1-9 bp: 0; 10-16 bp: 1

No. of allowed errors:
1-9 bp: 0; 10-15 bp: 1

Overview of removed sequences at 5' end
length	count	expect	max.err	error counts
4	1	85.1	0	1
12	1	0.0	1	1
17	1	0.0	1	1
18	2	0.0	1	2
21	2	0.0	1	0 2
22	58	0.0	1	13 45
23	1176	0.0	1	479 697
24	20202	0.0	1	19977 225
25	142	0.0	1	106 36
26	5	0.0	1	1 4
27	43	0.0	1	41 2
31	2	0.0	1	2



Overview of removed sequences at 3' end
length	count	expect	max.err	error counts
3	29	340.3	0	29
7	2	1.3	0	2
11	4	0.0	1	3 1
12	1	0.0	1	1
14	1	0.0	1	1
25	1	0.0	1	1
28	1	0.0	1	1


=== Second read: Adapter 2 ===

Sequence: GACTACHVGGGTATC...CTGCWGCCNCCCGTAGG; Type: linked; Length: 15+17; 5' trimmed: 21146 times; 3' trimmed: 13333 times

Minimum overlap: 3+3
No. of allowed errors:
1-9 bp: 0; 10-15 bp: 1

No. of allowed errors:
1-9 bp: 0; 10-16 bp: 1

Overview of removed sequences at 5' end
length	count	expect	max.err	error counts
3	6	340.3	0	6
4	1	85.1	0	1
11	1	0.0	1	1
13	1	0.0	1	1
15	1	0.0	1	0 1
16	1	0.0	1	0 1
17	2	0.0	1	1 1
20	1	0.0	1	0 1
21	2	0.0	1	1 1
23	2	0.0	1	1 1
24	2	0.0	1	2
25	14	0.0	1	11 3
26	11	0.0	1	9 2
27	7	0.0	1	4 3
28	27	0.0	1	17 10
29	109	0.0	1	55 54
30	1111	0.0	1	537 574
31	19812	0.0	1	19383 429
32	35	0.0	1	26 9



Overview of removed sequences at 3' end
length	count	expect	max.err	error counts
3	11011	340.3	0	11011
4	1491	85.1	0	1491
5	51	21.3	0	51
6	682	5.3	0	682
7	80	1.3	0	80
8	1	0.3	0	1
9	4	0.1	0	4
12	1	0.0	1	0 1
20	1	0.0	1	0 1
103	3	0.0	1	2 1
107	3	0.0	1	2 1
108	1	0.0	1	0 1
126	1	0.0	1	1
128	3	0.0	1	3
Input files: raw_data_12_11_2025/523B14_S20_L001_R1_001.fastq.gz raw_data_12_11_2025/523B14_S20_L001_R2_001.fastq.gz
This is cutadapt 5.1 with Python 3.12.11
Command line parameters: -a CCTACGGGNGGCWGCAG...GATACCCBDGTAGTC -A GACTACHVGGGTATC...CTGCWGCCNCCCGTAGG --trimmed-only --cores 8 --output results/cutadapt/523B14_S20_L001_R1_001.fastq.gz --paired-output results/cutadapt/523B14_S20_L001_R2_001.fastq.gz raw_data_12_11_2025/523B14_S20_L001_R1_001.fastq.gz raw_data_12_11_2025/523B14_S20_L001_R2_001.fastq.gz
Processing paired-end reads on 8 cores ...

=== Summary ===

Total read pairs processed:             20,786
  Read 1 with adapter:                  20,653 (99.4%)
  Read 2 with adapter:                  20,303 (97.7%)

== Read fate breakdown ==
Pairs discarded as untrimmed:              600 (2.9%)
Pairs written (passing filters):        20,186 (97.1%)

Total basepairs processed:    12,479,367 bp
  Read 1:     6,245,973 bp
  Read 2:     6,233,394 bp
Total written (filtered):     10,976,564 bp (88.0%)
  Read 1:     5,582,668 bp
  Read 2:     5,393,896 bp

=== First read: Adapter 1 ===

Sequence: CCTACGGGNGGCWGCAG...GATACCCBDGTAGTC; Type: linked; Length: 17+15; 5' trimmed: 20653 times; 3' trimmed: 22 times

Minimum overlap: 3+3
No. of allowed errors:
1-9 bp: 0; 10-16 bp: 1

No. of allowed errors:
1-9 bp: 0; 10-15 bp: 1

Overview of removed sequences at 5' end
length	count	expect	max.err	error counts
17	2	0.0	1	2
18	1	0.0	1	0 1
19	3	0.0	1	3
20	4	0.0	1	4
21	3	0.0	1	0 3
22	50	0.0	1	14 36
23	1050	0.0	1	400 650
24	19310	0.0	1	19110 200
25	153	0.0	1	126 27
26	3	0.0	1	2 1
27	68	0.0	1	67 1
31	6	0.0	1	6



Overview of removed sequences at 3' end
length	count	expect	max.err	error counts
3	13	324.8	0	13
4	1	81.2	0	1
11	2	0.0	1	1 1
12	1	0.0	1	1
31	4	0.0	1	4
266	1	0.0	1	0 1


=== Second read: Adapter 2 ===

Sequence: GACTACHVGGGTATC...CTGCWGCCNCCCGTAGG; Type: linked; Length: 15+17; 5' trimmed: 20178 times; 3' trimmed: 11832 times

Minimum overlap: 3+3
No. of allowed errors:
1-9 bp: 0; 10-15 bp: 1

No. of allowed errors:
1-9 bp: 0; 10-16 bp: 1

Overview of removed sequences at 5' end
length	count	expect	max.err	error counts
3	4	324.8	0	4
9	1	0.1	0	0 1
19	1	0.0	1	1
21	2	0.0	1	1 1
22	4	0.0	1	3 1
23	1	0.0	1	1
24	5	0.0	1	4 1
25	6	0.0	1	4 2
26	5	0.0	1	3 2
27	5	0.0	1	3 2
28	37	0.0	1	30 7
29	102	0.0	1	36 66
30	1066	0.0	1	518 548
31	18919	0.0	1	18430 489
32	20	0.0	1	13 7



Overview of removed sequences at 3' end
length	count	expect	max.err	error counts
3	8956	324.8	0	8956
4	2047	81.2	0	2047
5	81	20.3	0	81
6	635	5.1	0	635
7	85	1.3	0	85
8	1	0.3	0	1
9	6	0.1	0	6
10	2	0.0	1	2
24	3	0.0	1	1 2
74	1	0.0	1	0 1
103	13	0.0	1	11 2
107	2	0.0	1	2
Input files: raw_data_12_11_2025/528A0_S53_L001_R1_001.fastq.gz raw_data_12_11_2025/528A0_S53_L001_R2_001.fastq.gz
This is cutadapt 5.1 with Python 3.12.11
Command line parameters: -a CCTACGGGNGGCWGCAG...GATACCCBDGTAGTC -A GACTACHVGGGTATC...CTGCWGCCNCCCGTAGG --trimmed-only --cores 8 --output results/cutadapt/528A0_S53_L001_R1_001.fastq.gz --paired-output results/cutadapt/528A0_S53_L001_R2_001.fastq.gz raw_data_12_11_2025/528A0_S53_L001_R1_001.fastq.gz raw_data_12_11_2025/528A0_S53_L001_R2_001.fastq.gz
Processing paired-end reads on 8 cores ...

=== Summary ===

Total read pairs processed:             24,004
  Read 1 with adapter:                  23,858 (99.4%)
  Read 2 with adapter:                  23,458 (97.7%)

== Read fate breakdown ==
Pairs discarded as untrimmed:              680 (2.8%)
Pairs written (passing filters):        23,324 (97.2%)

Total basepairs processed:    14,411,002 bp
  Read 1:     7,213,629 bp
  Read 2:     7,197,373 bp
Total written (filtered):     12,679,290 bp (88.0%)
  Read 1:     6,452,919 bp
  Read 2:     6,226,371 bp

=== First read: Adapter 1 ===

Sequence: CCTACGGGNGGCWGCAG...GATACCCBDGTAGTC; Type: linked; Length: 17+15; 5' trimmed: 23850 times; 3' trimmed: 57 times

Minimum overlap: 3+3
No. of allowed errors:
1-9 bp: 0; 10-16 bp: 1

No. of allowed errors:
1-9 bp: 0; 10-15 bp: 1

Overview of removed sequences at 5' end
length	count	expect	max.err	error counts
4	2	93.8	0	2
18	1	0.0	1	1
19	2	0.0	1	2
20	4	0.0	1	3 1
21	5	0.0	1	0 5
22	67	0.0	1	16 51
23	1297	0.0	1	515 782
24	22222	0.0	1	21954 268
25	162	0.0	1	128 34
26	3	0.0	1	3
27	80	0.0	1	80
28	1	0.0	1	0 1
30	1	0.0	1	1
31	3	0.0	1	3



Overview of removed sequences at 3' end
length	count	expect	max.err	error counts
3	41	375.1	0	41
4	3	93.8	0	3
11	6	0.0	1	4 2
12	1	0.0	1	1
14	2	0.0	1	2
25	1	0.0	1	1
31	3	0.0	1	2 1


=== Second read: Adapter 2 ===

Sequence: GACTACHVGGGTATC...CTGCWGCCNCCCGTAGG; Type: linked; Length: 15+17; 5' trimmed: 23356 times; 3' trimmed: 15287 times

Minimum overlap: 3+3
No. of allowed errors:
1-9 bp: 0; 10-15 bp: 1

No. of allowed errors:
1-9 bp: 0; 10-16 bp: 1

Overview of removed sequences at 5' end
length	count	expect	max.err	error counts
3	1	375.1	0	1
18	1	0.0	1	1
20	1	0.0	1	1
21	1	0.0	1	1
22	1	0.0	1	1
23	2	0.0	1	1 1
24	3	0.0	1	1 2
25	15	0.0	1	10 5
26	7	0.0	1	6 1
27	11	0.0	1	11
28	32	0.0	1	19 13
29	135	0.0	1	53 82
30	1151	0.0	1	520 631
31	21966	0.0	1	21529 437
32	29	0.0	1	25 4



Overview of removed sequences at 3' end
length	count	expect	max.err	error counts
3	11845	375.1	0	11845
4	2608	93.8	0	2608
5	86	23.4	0	86
6	620	5.9	0	620
7	110	1.5	0	110
10	1	0.0	1	1
12	1	0.0	1	0 1
24	1	0.0	1	1
27	1	0.0	1	1
106	2	0.0	1	2
110	2	0.0	1	2
111	3	0.0	1	3
114	1	0.0	1	0 1
130	2	0.0	1	1 1
131	4	0.0	1	3 1
Input files: raw_data_12_11_2025/528A14_S54_L001_R1_001.fastq.gz raw_data_12_11_2025/528A14_S54_L001_R2_001.fastq.gz
This is cutadapt 5.1 with Python 3.12.11
Command line parameters: -a CCTACGGGNGGCWGCAG...GATACCCBDGTAGTC -A GACTACHVGGGTATC...CTGCWGCCNCCCGTAGG --trimmed-only --cores 8 --output results/cutadapt/528A14_S54_L001_R1_001.fastq.gz --paired-output results/cutadapt/528A14_S54_L001_R2_001.fastq.gz raw_data_12_11_2025/528A14_S54_L001_R1_001.fastq.gz raw_data_12_11_2025/528A14_S54_L001_R2_001.fastq.gz
Processing paired-end reads on 8 cores ...

=== Summary ===

Total read pairs processed:             25,179
  Read 1 with adapter:                  25,025 (99.4%)
  Read 2 with adapter:                  24,576 (97.6%)

== Read fate breakdown ==
Pairs discarded as untrimmed:              739 (2.9%)
Pairs written (passing filters):        24,440 (97.1%)

Total basepairs processed:    15,116,625 bp
  Read 1:     7,566,636 bp
  Read 2:     7,549,989 bp
Total written (filtered):     13,285,773 bp (87.9%)
  Read 1:     6,760,595 bp
  Read 2:     6,525,178 bp

=== First read: Adapter 1 ===

Sequence: CCTACGGGNGGCWGCAG...GATACCCBDGTAGTC; Type: linked; Length: 17+15; 5' trimmed: 25025 times; 3' trimmed: 55 times

Minimum overlap: 3+3
No. of allowed errors:
1-9 bp: 0; 10-16 bp: 1

No. of allowed errors:
1-9 bp: 0; 10-15 bp: 1

Overview of removed sequences at 5' end
length	count	expect	max.err	error counts
17	1	0.0	1	1
20	2	0.0	1	2
21	3	0.0	1	1 2
22	59	0.0	1	16 43
23	1281	0.0	1	520 761
24	23368	0.0	1	23085 283
25	186	0.0	1	148 38
26	10	0.0	1	3 7
27	100	0.0	1	96 4
28	1	0.0	1	1
30	1	0.0	1	0 1
31	13	0.0	1	12 1



Overview of removed sequences at 3' end
length	count	expect	max.err	error counts
3	44	393.4	0	44
4	1	98.4	0	1
7	1	1.5	0	1
11	2	0.0	1	1 1
13	1	0.0	1	0 1
14	1	0.0	1	1
31	5	0.0	1	4 1


=== Second read: Adapter 2 ===

Sequence: GACTACHVGGGTATC...CTGCWGCCNCCCGTAGG; Type: linked; Length: 15+17; 5' trimmed: 24439 times; 3' trimmed: 16435 times

Minimum overlap: 3+3
No. of allowed errors:
1-9 bp: 0; 10-15 bp: 1

No. of allowed errors:
1-9 bp: 0; 10-16 bp: 1

Overview of removed sequences at 5' end
length	count	expect	max.err	error counts
3	1	393.4	0	1
16	1	0.0	1	0 1
17	2	0.0	1	2
20	1	0.0	1	1
21	1	0.0	1	1
22	1	0.0	1	0 1
23	2	0.0	1	2
24	1	0.0	1	1
25	19	0.0	1	16 3
26	4	0.0	1	0 4
27	13	0.0	1	10 3
28	42	0.0	1	27 15
29	121	0.0	1	53 68
30	1278	0.0	1	575 703
31	22917	0.0	1	22501 416
32	35	0.0	1	29 6



Overview of removed sequences at 3' end
length	count	expect	max.err	error counts
3	14300	393.4	0	14300
4	1205	98.4	0	1205
5	68	24.6	0	68
6	795	6.1	0	795
7	40	1.5	0	40
9	3	0.1	0	3
11	2	0.0	1	0 2
24	5	0.0	1	1 4
27	1	0.0	1	1
106	4	0.0	1	4
110	4	0.0	1	3 1
111	2	0.0	1	1 1
129	1	0.0	1	1
130	1	0.0	1	1
131	3	0.0	1	2 1
276	1	0.0	1	1
Input files: raw_data_12_11_2025/528B0_S55_L001_R1_001.fastq.gz raw_data_12_11_2025/528B0_S55_L001_R2_001.fastq.gz
This is cutadapt 5.1 with Python 3.12.11
Command line parameters: -a CCTACGGGNGGCWGCAG...GATACCCBDGTAGTC -A GACTACHVGGGTATC...CTGCWGCCNCCCGTAGG --trimmed-only --cores 8 --output results/cutadapt/528B0_S55_L001_R1_001.fastq.gz --paired-output results/cutadapt/528B0_S55_L001_R2_001.fastq.gz raw_data_12_11_2025/528B0_S55_L001_R1_001.fastq.gz raw_data_12_11_2025/528B0_S55_L001_R2_001.fastq.gz
Processing paired-end reads on 8 cores ...

=== Summary ===

Total read pairs processed:             24,280
  Read 1 with adapter:                  24,140 (99.4%)
  Read 2 with adapter:                  23,715 (97.7%)

== Read fate breakdown ==
Pairs discarded as untrimmed:              694 (2.9%)
Pairs written (passing filters):        23,586 (97.1%)

Total basepairs processed:    14,572,449 bp
  Read 1:     7,291,768 bp
  Read 2:     7,280,681 bp
Total written (filtered):     12,816,578 bp (88.0%)
  Read 1:     6,518,856 bp
  Read 2:     6,297,722 bp

=== First read: Adapter 1 ===

Sequence: CCTACGGGNGGCWGCAG...GATACCCBDGTAGTC; Type: linked; Length: 17+15; 5' trimmed: 24137 times; 3' trimmed: 30 times

Minimum overlap: 3+3
No. of allowed errors:
1-9 bp: 0; 10-16 bp: 1

No. of allowed errors:
1-9 bp: 0; 10-15 bp: 1

Overview of removed sequences at 5' end
length	count	expect	max.err	error counts
5	1	23.7	0	1
17	2	0.0	1	2
19	1	0.0	1	0 1
20	2	0.0	1	1 1
21	6	0.0	1	4 2
22	48	0.0	1	8 40
23	1278	0.0	1	510 768
24	22511	0.0	1	22252 259
25	175	0.0	1	135 40
26	8	0.0	1	4 4
27	93	0.0	1	91 2
31	12	0.0	1	12



Overview of removed sequences at 3' end
length	count	expect	max.err	error counts
3	25	379.4	0	25
11	1	0.0	1	0 1
12	1	0.0	1	0 1
31	2	0.0	1	2
269	1	0.0	1	1


=== Second read: Adapter 2 ===

Sequence: GACTACHVGGGTATC...CTGCWGCCNCCCGTAGG; Type: linked; Length: 15+17; 5' trimmed: 23589 times; 3' trimmed: 14633 times

Minimum overlap: 3+3
No. of allowed errors:
1-9 bp: 0; 10-15 bp: 1

No. of allowed errors:
1-9 bp: 0; 10-16 bp: 1

Overview of removed sequences at 5' end
length	count	expect	max.err	error counts
10	1	0.0	1	0 1
14	1	0.0	1	1
21	1	0.0	1	0 1
22	5	0.0	1	4 1
23	5	0.0	1	5
24	2	0.0	1	1 1
25	21	0.0	1	17 4
26	5	0.0	1	4 1
27	7	0.0	1	6 1
28	28	0.0	1	20 8
29	111	0.0	1	47 64
30	1222	0.0	1	565 657
31	22145	0.0	1	21718 427
32	35	0.0	1	32 3



Overview of removed sequences at 3' end
length	count	expect	max.err	error counts
3	10501	379.4	0	10501
4	3288	94.8	0	3288
5	121	23.7	0	121
6	549	5.9	0	549
7	138	1.5	0	138
8	2	0.4	0	2
9	3	0.1	0	3
11	1	0.0	1	0 1
12	1	0.0	1	0 1
24	5	0.0	1	5
26	1	0.0	1	0 1
27	4	0.0	1	4
106	6	0.0	1	5 1
110	5	0.0	1	4 1
111	5	0.0	1	4 1
112	1	0.0	1	1
131	2	0.0	1	2
Input files: raw_data_12_11_2025/528B14_S56_L001_R1_001.fastq.gz raw_data_12_11_2025/528B14_S56_L001_R2_001.fastq.gz
This is cutadapt 5.1 with Python 3.12.11
Command line parameters: -a CCTACGGGNGGCWGCAG...GATACCCBDGTAGTC -A GACTACHVGGGTATC...CTGCWGCCNCCCGTAGG --trimmed-only --cores 8 --output results/cutadapt/528B14_S56_L001_R1_001.fastq.gz --paired-output results/cutadapt/528B14_S56_L001_R2_001.fastq.gz raw_data_12_11_2025/528B14_S56_L001_R1_001.fastq.gz raw_data_12_11_2025/528B14_S56_L001_R2_001.fastq.gz
Processing paired-end reads on 8 cores ...

=== Summary ===

Total read pairs processed:             25,764
  Read 1 with adapter:                  25,497 (99.0%)
  Read 2 with adapter:                  25,054 (97.2%)

== Read fate breakdown ==
Pairs discarded as untrimmed:              857 (3.3%)
Pairs written (passing filters):        24,907 (96.7%)

Total basepairs processed:    15,466,290 bp
  Read 1:     7,740,326 bp
  Read 2:     7,725,964 bp
Total written (filtered):     13,540,524 bp (87.5%)
  Read 1:     6,888,028 bp
  Read 2:     6,652,496 bp

=== First read: Adapter 1 ===

Sequence: CCTACGGGNGGCWGCAG...GATACCCBDGTAGTC; Type: linked; Length: 17+15; 5' trimmed: 25496 times; 3' trimmed: 58 times

Minimum overlap: 3+3
No. of allowed errors:
1-9 bp: 0; 10-16 bp: 1

No. of allowed errors:
1-9 bp: 0; 10-15 bp: 1

Overview of removed sequences at 5' end
length	count	expect	max.err	error counts
3	1	402.6	0	1
15	1	0.0	1	1
21	6	0.0	1	4 2
22	65	0.0	1	17 48
23	1406	0.0	1	579 827
24	23759	0.0	1	23469 290
25	144	0.0	1	113 31
26	5	0.0	1	2 3
27	97	0.0	1	95 2
30	1	0.0	1	0 1
31	10	0.0	1	10
125	1	0.0	1	1



Overview of removed sequences at 3' end
length	count	expect	max.err	error counts
3	48	402.6	0	48
4	2	100.6	0	2
7	1	1.6	0	1
11	4	0.0	1	4
14	1	0.0	1	1
27	1	0.0	1	1
31	1	0.0	1	1


=== Second read: Adapter 2 ===

Sequence: GACTACHVGGGTATC...CTGCWGCCNCCCGTAGG; Type: linked; Length: 15+17; 5' trimmed: 24924 times; 3' trimmed: 15644 times

Minimum overlap: 3+3
No. of allowed errors:
1-9 bp: 0; 10-15 bp: 1

No. of allowed errors:
1-9 bp: 0; 10-16 bp: 1

Overview of removed sequences at 5' end
length	count	expect	max.err	error counts
3	3	402.6	0	3
21	2	0.0	1	1 1
22	2	0.0	1	2
23	2	0.0	1	1 1
24	1	0.0	1	1
25	18	0.0	1	16 2
26	10	0.0	1	8 2
27	8	0.0	1	8
28	37	0.0	1	30 7
29	114	0.0	1	48 66
30	1243	0.0	1	604 639
31	23452	0.0	1	22940 512
32	32	0.0	1	22 10



Overview of removed sequences at 3' end
length	count	expect	max.err	error counts
3	12522	402.6	0	12522
4	2204	100.6	0	2204
5	78	25.2	0	78
6	729	6.3	0	729
7	84	1.6	0	84
8	3	0.4	0	3
9	8	0.1	0	8
11	1	0.0	1	0 1
24	3	0.0	1	3
106	6	0.0	1	5 1
110	4	0.0	1	3 1
131	2	0.0	1	2
Input files: raw_data_12_11_2025/532A0_S45_L001_R1_001.fastq.gz raw_data_12_11_2025/532A0_S45_L001_R2_001.fastq.gz
This is cutadapt 5.1 with Python 3.12.11
Command line parameters: -a CCTACGGGNGGCWGCAG...GATACCCBDGTAGTC -A GACTACHVGGGTATC...CTGCWGCCNCCCGTAGG --trimmed-only --cores 8 --output results/cutadapt/532A0_S45_L001_R1_001.fastq.gz --paired-output results/cutadapt/532A0_S45_L001_R2_001.fastq.gz raw_data_12_11_2025/532A0_S45_L001_R1_001.fastq.gz raw_data_12_11_2025/532A0_S45_L001_R2_001.fastq.gz
Processing paired-end reads on 8 cores ...

=== Summary ===

Total read pairs processed:             37,106
  Read 1 with adapter:                  36,917 (99.5%)
  Read 2 with adapter:                  36,340 (97.9%)

== Read fate breakdown ==
Pairs discarded as untrimmed:              937 (2.5%)
Pairs written (passing filters):        36,169 (97.5%)

Total basepairs processed:    22,279,742 bp
  Read 1:    11,149,764 bp
  Read 2:    11,129,978 bp
Total written (filtered):     19,667,535 bp (88.3%)
  Read 1:    10,002,943 bp
  Read 2:     9,664,592 bp

=== First read: Adapter 1 ===

Sequence: CCTACGGGNGGCWGCAG...GATACCCBDGTAGTC; Type: linked; Length: 17+15; 5' trimmed: 36917 times; 3' trimmed: 43 times

Minimum overlap: 3+3
No. of allowed errors:
1-9 bp: 0; 10-16 bp: 1

No. of allowed errors:
1-9 bp: 0; 10-15 bp: 1

Overview of removed sequences at 5' end
length	count	expect	max.err	error counts
18	1	0.0	1	1
19	2	0.0	1	2
20	2	0.0	1	1 1
21	13	0.0	1	7 6
22	73	0.0	1	13 60
23	1889	0.0	1	759 1130
24	34595	0.0	1	34158 437
25	261	0.0	1	187 74
26	7	0.0	1	4 3
27	66	0.0	1	66
31	8	0.0	1	8



Overview of removed sequences at 3' end
length	count	expect	max.err	error counts
3	29	579.8	0	29
7	1	2.3	0	1
11	9	0.0	1	7 2
14	1	0.0	1	1
28	1	0.0	1	1
31	1	0.0	1	1
121	1	0.0	1	1


=== Second read: Adapter 2 ===

Sequence: GACTACHVGGGTATC...CTGCWGCCNCCCGTAGG; Type: linked; Length: 15+17; 5' trimmed: 36184 times; 3' trimmed: 21868 times

Minimum overlap: 3+3
No. of allowed errors:
1-9 bp: 0; 10-15 bp: 1

No. of allowed errors:
1-9 bp: 0; 10-16 bp: 1

Overview of removed sequences at 5' end
length	count	expect	max.err	error counts
3	2	579.8	0	2
6	1	9.1	0	1
21	1	0.0	1	0 1
22	2	0.0	1	2
23	5	0.0	1	5
24	3	0.0	1	2 1
25	28	0.0	1	25 3
26	7	0.0	1	6 1
27	14	0.0	1	10 4
28	34	0.0	1	20 14
29	156	0.0	1	68 88
30	1828	0.0	1	853 975
31	34050	0.0	1	33329 721
32	49	0.0	1	36 13
33	1	0.0	1	1
66	2	0.0	1	0 2
71	1	0.0	1	0 1



Overview of removed sequences at 3' end
length	count	expect	max.err	error counts
3	18794	579.8	0	18794
4	1699	144.9	0	1699
5	92	36.2	0	92
6	1190	9.1	0	1190
7	73	2.3	0	73
8	3	0.6	0	3
9	4	0.1	0	4
10	1	0.0	1	0 1
12	1	0.0	1	0 1
20	1	0.0	1	1
23	1	0.0	1	0 1
106	4	0.0	1	4
110	2	0.0	1	1 1
111	2	0.0	1	2
130	1	0.0	1	1
Input files: raw_data_12_11_2025/532A14_S46_L001_R1_001.fastq.gz raw_data_12_11_2025/532A14_S46_L001_R2_001.fastq.gz
This is cutadapt 5.1 with Python 3.12.11
Command line parameters: -a CCTACGGGNGGCWGCAG...GATACCCBDGTAGTC -A GACTACHVGGGTATC...CTGCWGCCNCCCGTAGG --trimmed-only --cores 8 --output results/cutadapt/532A14_S46_L001_R1_001.fastq.gz --paired-output results/cutadapt/532A14_S46_L001_R2_001.fastq.gz raw_data_12_11_2025/532A14_S46_L001_R1_001.fastq.gz raw_data_12_11_2025/532A14_S46_L001_R2_001.fastq.gz
Processing paired-end reads on 8 cores ...

=== Summary ===

Total read pairs processed:             45,253
  Read 1 with adapter:                  45,005 (99.5%)
  Read 2 with adapter:                  44,302 (97.9%)

== Read fate breakdown ==
Pairs discarded as untrimmed:            1,178 (2.6%)
Pairs written (passing filters):        44,075 (97.4%)

Total basepairs processed:    27,170,713 bp
  Read 1:    13,598,250 bp
  Read 2:    13,572,463 bp
Total written (filtered):     23,969,679 bp (88.2%)
  Read 1:    12,190,459 bp
  Read 2:    11,779,220 bp

=== First read: Adapter 1 ===

Sequence: CCTACGGGNGGCWGCAG...GATACCCBDGTAGTC; Type: linked; Length: 17+15; 5' trimmed: 45005 times; 3' trimmed: 89 times

Minimum overlap: 3+3
No. of allowed errors:
1-9 bp: 0; 10-16 bp: 1

No. of allowed errors:
1-9 bp: 0; 10-15 bp: 1

Overview of removed sequences at 5' end
length	count	expect	max.err	error counts
15	1	0.0	1	0 1
17	1	0.0	1	0 1
19	1	0.0	1	0 1
20	7	0.0	1	7
21	7	0.0	1	4 3
22	108	0.0	1	28 80
23	2303	0.0	1	867 1436
24	42180	0.0	1	41619 561
25	323	0.0	1	247 76
26	6	0.0	1	3 3
27	61	0.0	1	61
31	6	0.0	1	6
32	1	0.0	1	1



Overview of removed sequences at 3' end
length	count	expect	max.err	error counts
3	79	707.1	0	79
4	1	176.8	0	1
7	1	2.8	0	1
11	4	0.0	1	3 1
12	1	0.0	1	1
14	1	0.0	1	1
28	1	0.0	1	0 1
31	1	0.0	1	1


=== Second read: Adapter 2 ===

Sequence: GACTACHVGGGTATC...CTGCWGCCNCCCGTAGG; Type: linked; Length: 15+17; 5' trimmed: 44079 times; 3' trimmed: 26530 times

Minimum overlap: 3+3
No. of allowed errors:
1-9 bp: 0; 10-15 bp: 1

No. of allowed errors:
1-9 bp: 0; 10-16 bp: 1

Overview of removed sequences at 5' end
length	count	expect	max.err	error counts
3	1	707.1	0	1
4	1	176.8	0	1
6	1	11.0	0	1
14	1	0.0	1	1
17	1	0.0	1	1
18	1	0.0	1	0 1
19	1	0.0	1	1
20	2	0.0	1	2
21	6	0.0	1	5 1
22	2	0.0	1	1 1
23	4	0.0	1	3 1
24	5	0.0	1	4 1
25	18	0.0	1	13 5
26	15	0.0	1	13 2
27	20	0.0	1	19 1
28	50	0.0	1	27 23
29	182	0.0	1	72 110
30	2171	0.0	1	1014 1157
31	41541	0.0	1	40683 858
32	55	0.0	1	44 11
72	1	0.0	1	0 1



Overview of removed sequences at 3' end
length	count	expect	max.err	error counts
3	23247	707.1	0	23247
4	1766	176.8	0	1766
5	86	44.2	0	86
6	1339	11.0	0	1339
7	70	2.8	0	70
8	3	0.7	0	3
9	5	0.2	0	5
23	1	0.0	1	0 1
24	2	0.0	1	0 2
106	1	0.0	1	1
110	1	0.0	1	1
111	5	0.0	1	2 3
131	3	0.0	1	2 1
132	1	0.0	1	1
Input files: raw_data_12_11_2025/532B0_S47_L001_R1_001.fastq.gz raw_data_12_11_2025/532B0_S47_L001_R2_001.fastq.gz
This is cutadapt 5.1 with Python 3.12.11
Command line parameters: -a CCTACGGGNGGCWGCAG...GATACCCBDGTAGTC -A GACTACHVGGGTATC...CTGCWGCCNCCCGTAGG --trimmed-only --cores 8 --output results/cutadapt/532B0_S47_L001_R1_001.fastq.gz --paired-output results/cutadapt/532B0_S47_L001_R2_001.fastq.gz raw_data_12_11_2025/532B0_S47_L001_R1_001.fastq.gz raw_data_12_11_2025/532B0_S47_L001_R2_001.fastq.gz
Processing paired-end reads on 8 cores ...

=== Summary ===

Total read pairs processed:             49,767
  Read 1 with adapter:                  49,512 (99.5%)
  Read 2 with adapter:                  48,777 (98.0%)

== Read fate breakdown ==
Pairs discarded as untrimmed:            1,230 (2.5%)
Pairs written (passing filters):        48,537 (97.5%)

Total basepairs processed:    29,890,078 bp
  Read 1:    14,961,163 bp
  Read 2:    14,928,915 bp
Total written (filtered):     26,394,556 bp (88.3%)
  Read 1:    13,428,469 bp
  Read 2:    12,966,087 bp

=== First read: Adapter 1 ===

Sequence: CCTACGGGNGGCWGCAG...GATACCCBDGTAGTC; Type: linked; Length: 17+15; 5' trimmed: 49508 times; 3' trimmed: 94 times

Minimum overlap: 3+3
No. of allowed errors:
1-9 bp: 0; 10-16 bp: 1

No. of allowed errors:
1-9 bp: 0; 10-15 bp: 1

Overview of removed sequences at 5' end
length	count	expect	max.err	error counts
18	1	0.0	1	1
19	4	0.0	1	4
20	2	0.0	1	1 1
21	10	0.0	1	6 4
22	96	0.0	1	17 79
23	2557	0.0	1	975 1582
24	46408	0.0	1	45861 547
25	347	0.0	1	271 76
26	12	0.0	1	7 5
27	66	0.0	1	65 1
28	1	0.0	1	1
30	1	0.0	1	0 1
31	3	0.0	1	3



Overview of removed sequences at 3' end
length	count	expect	max.err	error counts
3	79	777.6	0	79
4	1	194.4	0	1
7	1	3.0	0	1
11	11	0.0	1	8 3
12	1	0.0	1	1
30	1	0.0	1	0 1


=== Second read: Adapter 2 ===

Sequence: GACTACHVGGGTATC...CTGCWGCCNCCCGTAGG; Type: linked; Length: 15+17; 5' trimmed: 48557 times; 3' trimmed: 30814 times

Minimum overlap: 3+3
No. of allowed errors:
1-9 bp: 0; 10-15 bp: 1

No. of allowed errors:
1-9 bp: 0; 10-16 bp: 1

Overview of removed sequences at 5' end
length	count	expect	max.err	error counts
17	1	0.0	1	1
18	1	0.0	1	0 1
19	1	0.0	1	0 1
20	3	0.0	1	2 1
21	3	0.0	1	1 2
22	2	0.0	1	1 1
23	9	0.0	1	6 3
24	8	0.0	1	6 2
25	23	0.0	1	17 6
26	15	0.0	1	11 4
27	13	0.0	1	10 3
28	58	0.0	1	31 27
29	232	0.0	1	88 144
30	2461	0.0	1	1099 1362
31	45651	0.0	1	44750 901
32	76	0.0	1	58 18



Overview of removed sequences at 3' end
length	count	expect	max.err	error counts
3	26623	777.6	0	26623
4	2409	194.4	0	2409
5	112	48.6	0	112
6	1562	12.2	0	1562
7	92	3.0	0	92
8	1	0.8	0	1
9	10	0.2	0	10
10	2	0.0	1	1 1
11	1	0.0	1	0 1
12	1	0.0	1	1
24	1	0.0	1	1
Input files: raw_data_12_11_2025/532B14_S48_L001_R1_001.fastq.gz raw_data_12_11_2025/532B14_S48_L001_R2_001.fastq.gz
This is cutadapt 5.1 with Python 3.12.11
Command line parameters: -a CCTACGGGNGGCWGCAG...GATACCCBDGTAGTC -A GACTACHVGGGTATC...CTGCWGCCNCCCGTAGG --trimmed-only --cores 8 --output results/cutadapt/532B14_S48_L001_R1_001.fastq.gz --paired-output results/cutadapt/532B14_S48_L001_R2_001.fastq.gz raw_data_12_11_2025/532B14_S48_L001_R1_001.fastq.gz raw_data_12_11_2025/532B14_S48_L001_R2_001.fastq.gz
Processing paired-end reads on 8 cores ...

=== Summary ===

Total read pairs processed:             62,597
  Read 1 with adapter:                  62,257 (99.5%)
  Read 2 with adapter:                  61,249 (97.8%)

== Read fate breakdown ==
Pairs discarded as untrimmed:            1,617 (2.6%)
Pairs written (passing filters):        60,980 (97.4%)

Total basepairs processed:    37,593,434 bp
  Read 1:    18,815,878 bp
  Read 2:    18,777,556 bp
Total written (filtered):     33,159,958 bp (88.2%)
  Read 1:    16,869,526 bp
  Read 2:    16,290,432 bp

=== First read: Adapter 1 ===

Sequence: CCTACGGGNGGCWGCAG...GATACCCBDGTAGTC; Type: linked; Length: 17+15; 5' trimmed: 62249 times; 3' trimmed: 99 times

Minimum overlap: 3+3
No. of allowed errors:
1-9 bp: 0; 10-16 bp: 1

No. of allowed errors:
1-9 bp: 0; 10-15 bp: 1

Overview of removed sequences at 5' end
length	count	expect	max.err	error counts
6	1	15.3	0	1
16	2	0.0	1	1 1
20	8	0.0	1	6 2
21	21	0.0	1	9 12
22	145	0.0	1	33 112
23	3325	0.0	1	1311 2014
24	58261	0.0	1	57628 633
25	389	0.0	1	291 98
26	10	0.0	1	3 7
27	80	0.0	1	80
29	1	0.0	1	1
31	6	0.0	1	5 1



Overview of removed sequences at 3' end
length	count	expect	max.err	error counts
3	80	978.1	0	80
4	1	244.5	0	1
5	1	61.1	0	1
7	1	3.8	0	1
11	10	0.0	1	5 5
12	2	0.0	1	2
13	1	0.0	1	1
14	1	0.0	1	0 1
31	2	0.0	1	2


=== Second read: Adapter 2 ===

Sequence: GACTACHVGGGTATC...CTGCWGCCNCCCGTAGG; Type: linked; Length: 15+17; 5' trimmed: 60978 times; 3' trimmed: 38572 times

Minimum overlap: 3+3
No. of allowed errors:
1-9 bp: 0; 10-15 bp: 1

No. of allowed errors:
1-9 bp: 0; 10-16 bp: 1

Overview of removed sequences at 5' end
length	count	expect	max.err	error counts
3	3	978.1	0	3
10	1	0.1	1	1
14	1	0.0	1	0 1
17	1	0.0	1	1
19	1	0.0	1	1
20	1	0.0	1	1
21	1	0.0	1	0 1
22	9	0.0	1	4 5
23	6	0.0	1	3 3
24	8	0.0	1	6 2
25	19	0.0	1	17 2
26	22	0.0	1	14 8
27	25	0.0	1	20 5
28	71	0.0	1	39 32
29	263	0.0	1	97 166
30	3070	0.0	1	1430 1640
31	57382	0.0	1	55956 1426
32	93	0.0	1	81 12
33	1	0.0	1	1



Overview of removed sequences at 3' end
length	count	expect	max.err	error counts
3	33895	978.1	0	33895
4	2360	244.5	0	2360
5	131	61.1	0	131
6	2082	15.3	0	2082
7	82	3.8	0	82
9	17	0.2	0	17
10	1	0.1	1	0 1
12	2	0.0	1	0 2
13	1	0.0	1	0 1
24	1	0.0	1	1
Input files: raw_data_12_11_2025/550A0_S65_L001_R1_001.fastq.gz raw_data_12_11_2025/550A0_S65_L001_R2_001.fastq.gz
This is cutadapt 5.1 with Python 3.12.11
Command line parameters: -a CCTACGGGNGGCWGCAG...GATACCCBDGTAGTC -A GACTACHVGGGTATC...CTGCWGCCNCCCGTAGG --trimmed-only --cores 8 --output results/cutadapt/550A0_S65_L001_R1_001.fastq.gz --paired-output results/cutadapt/550A0_S65_L001_R2_001.fastq.gz raw_data_12_11_2025/550A0_S65_L001_R1_001.fastq.gz raw_data_12_11_2025/550A0_S65_L001_R2_001.fastq.gz
Processing paired-end reads on 8 cores ...

=== Summary ===

Total read pairs processed:             23,808
  Read 1 with adapter:                  23,677 (99.4%)
  Read 2 with adapter:                  23,329 (98.0%)

== Read fate breakdown ==
Pairs discarded as untrimmed:              599 (2.5%)
Pairs written (passing filters):        23,209 (97.5%)

Total basepairs processed:    14,293,500 bp
  Read 1:     7,153,054 bp
  Read 2:     7,140,446 bp
Total written (filtered):     12,617,694 bp (88.3%)
  Read 1:     6,418,470 bp
  Read 2:     6,199,224 bp

=== First read: Adapter 1 ===

Sequence: CCTACGGGNGGCWGCAG...GATACCCBDGTAGTC; Type: linked; Length: 17+15; 5' trimmed: 23675 times; 3' trimmed: 27 times

Minimum overlap: 3+3
No. of allowed errors:
1-9 bp: 0; 10-16 bp: 1

No. of allowed errors:
1-9 bp: 0; 10-15 bp: 1

Overview of removed sequences at 5' end
length	count	expect	max.err	error counts
18	1	0.0	1	1
19	1	0.0	1	1
21	5	0.0	1	3 2
22	70	0.0	1	18 52
23	1264	0.0	1	522 742
24	22086	0.0	1	21800 286
25	157	0.0	1	107 50
26	6	0.0	1	2 4
27	61	0.0	1	61
28	2	0.0	1	0 2
31	21	0.0	1	19 2
32	1	0.0	1	1



Overview of removed sequences at 3' end
length	count	expect	max.err	error counts
3	17	372.0	0	17
4	1	93.0	0	1
11	5	0.0	1	4 1
14	3	0.0	1	3
31	1	0.0	1	1


=== Second read: Adapter 2 ===

Sequence: GACTACHVGGGTATC...CTGCWGCCNCCCGTAGG; Type: linked; Length: 15+17; 5' trimmed: 23219 times; 3' trimmed: 14962 times

Minimum overlap: 3+3
No. of allowed errors:
1-9 bp: 0; 10-15 bp: 1

No. of allowed errors:
1-9 bp: 0; 10-16 bp: 1

Overview of removed sequences at 5' end
length	count	expect	max.err	error counts
3	2	372.0	0	2
4	2	93.0	0	2
6	1	5.8	0	1
14	2	0.0	1	2
15	1	0.0	1	1
17	1	0.0	1	0 1
21	2	0.0	1	0 2
22	2	0.0	1	2
23	2	0.0	1	0 2
25	29	0.0	1	25 4
26	4	0.0	1	1 3
27	11	0.0	1	6 5
28	38	0.0	1	24 14
29	107	0.0	1	40 67
30	1173	0.0	1	559 614
31	21810	0.0	1	21416 394
32	32	0.0	1	23 9



Overview of removed sequences at 3' end
length	count	expect	max.err	error counts
3	12880	372.0	0	12880
4	1166	93.0	0	1166
5	50	23.2	0	50
6	816	5.8	0	816
7	37	1.5	0	37
8	1	0.4	0	1
9	2	0.1	0	2
11	1	0.0	1	0 1
109	3	0.0	1	2 1
113	3	0.0	1	3
114	1	0.0	1	1
115	1	0.0	1	0 1
131	1	0.0	1	1
Input files: raw_data_12_11_2025/550A14_S66_L001_R1_001.fastq.gz raw_data_12_11_2025/550A14_S66_L001_R2_001.fastq.gz
This is cutadapt 5.1 with Python 3.12.11
Command line parameters: -a CCTACGGGNGGCWGCAG...GATACCCBDGTAGTC -A GACTACHVGGGTATC...CTGCWGCCNCCCGTAGG --trimmed-only --cores 8 --output results/cutadapt/550A14_S66_L001_R1_001.fastq.gz --paired-output results/cutadapt/550A14_S66_L001_R2_001.fastq.gz raw_data_12_11_2025/550A14_S66_L001_R1_001.fastq.gz raw_data_12_11_2025/550A14_S66_L001_R2_001.fastq.gz
Processing paired-end reads on 8 cores ...

=== Summary ===

Total read pairs processed:             24,484
  Read 1 with adapter:                  24,322 (99.3%)
  Read 2 with adapter:                  23,982 (97.9%)

== Read fate breakdown ==
Pairs discarded as untrimmed:              653 (2.7%)
Pairs written (passing filters):        23,831 (97.3%)

Total basepairs processed:    14,700,465 bp
  Read 1:     7,357,075 bp
  Read 2:     7,343,390 bp
Total written (filtered):     12,955,842 bp (88.1%)
  Read 1:     6,590,952 bp
  Read 2:     6,364,890 bp

=== First read: Adapter 1 ===

Sequence: CCTACGGGNGGCWGCAG...GATACCCBDGTAGTC; Type: linked; Length: 17+15; 5' trimmed: 24313 times; 3' trimmed: 35 times

Minimum overlap: 3+3
No. of allowed errors:
1-9 bp: 0; 10-16 bp: 1

No. of allowed errors:
1-9 bp: 0; 10-15 bp: 1

Overview of removed sequences at 5' end
length	count	expect	max.err	error counts
14	1	0.0	1	0 1
20	2	0.0	1	2
21	3	0.0	1	1 2
22	43	0.0	1	9 34
23	1234	0.0	1	483 751
24	22785	0.0	1	22502 283
25	169	0.0	1	123 46
26	2	0.0	1	1 1
27	59	0.0	1	59
29	1	0.0	1	1
31	13	0.0	1	13
34	1	0.0	1	1



Overview of removed sequences at 3' end
length	count	expect	max.err	error counts
3	26	382.6	0	26
4	3	95.6	0	3
6	1	6.0	0	1
11	1	0.0	1	1
12	1	0.0	1	1
31	3	0.0	1	3


=== Second read: Adapter 2 ===

Sequence: GACTACHVGGGTATC...CTGCWGCCNCCCGTAGG; Type: linked; Length: 15+17; 5' trimmed: 23854 times; 3' trimmed: 15304 times

Minimum overlap: 3+3
No. of allowed errors:
1-9 bp: 0; 10-15 bp: 1

No. of allowed errors:
1-9 bp: 0; 10-16 bp: 1

Overview of removed sequences at 5' end
length	count	expect	max.err	error counts
3	1	382.6	0	1
4	1	95.6	0	1
15	1	0.0	1	0 1
16	1	0.0	1	1
18	2	0.0	1	1 1
20	2	0.0	1	2
22	2	0.0	1	1 1
23	3	0.0	1	3
24	2	0.0	1	1 1
25	16	0.0	1	14 2
26	9	0.0	1	8 1
27	11	0.0	1	10 1
28	37	0.0	1	25 12
29	119	0.0	1	48 71
30	1166	0.0	1	552 614
31	22442	0.0	1	21968 474
32	38	0.0	1	28 10
34	1	0.0	1	1



Overview of removed sequences at 3' end
length	count	expect	max.err	error counts
3	13189	382.6	0	13189
4	1233	95.6	0	1233
5	54	23.9	0	54
6	744	6.0	0	744
7	55	1.5	0	55
8	2	0.4	0	2
9	7	0.1	0	7
24	1	0.0	1	1
109	2	0.0	1	2
113	4	0.0	1	3 1
114	11	0.0	1	10 1
115	1	0.0	1	1
135	1	0.0	1	1
Input files: raw_data_12_11_2025/550B0_S67_L001_R1_001.fastq.gz raw_data_12_11_2025/550B0_S67_L001_R2_001.fastq.gz
This is cutadapt 5.1 with Python 3.12.11
Command line parameters: -a CCTACGGGNGGCWGCAG...GATACCCBDGTAGTC -A GACTACHVGGGTATC...CTGCWGCCNCCCGTAGG --trimmed-only --cores 8 --output results/cutadapt/550B0_S67_L001_R1_001.fastq.gz --paired-output results/cutadapt/550B0_S67_L001_R2_001.fastq.gz raw_data_12_11_2025/550B0_S67_L001_R1_001.fastq.gz raw_data_12_11_2025/550B0_S67_L001_R2_001.fastq.gz
Processing paired-end reads on 8 cores ...

=== Summary ===

Total read pairs processed:             25,534
  Read 1 with adapter:                  25,367 (99.3%)
  Read 2 with adapter:                  24,983 (97.8%)

== Read fate breakdown ==
Pairs discarded as untrimmed:              675 (2.6%)
Pairs written (passing filters):        24,859 (97.4%)

Total basepairs processed:    15,334,445 bp
  Read 1:     7,675,282 bp
  Read 2:     7,659,163 bp
Total written (filtered):     13,515,982 bp (88.1%)
  Read 1:     6,876,694 bp
  Read 2:     6,639,288 bp

=== First read: Adapter 1 ===

Sequence: CCTACGGGNGGCWGCAG...GATACCCBDGTAGTC; Type: linked; Length: 17+15; 5' trimmed: 25364 times; 3' trimmed: 61 times

Minimum overlap: 3+3
No. of allowed errors:
1-9 bp: 0; 10-16 bp: 1

No. of allowed errors:
1-9 bp: 0; 10-15 bp: 1

Overview of removed sequences at 5' end
length	count	expect	max.err	error counts
16	1	0.0	1	1
17	1	0.0	1	1
18	1	0.0	1	1
19	1	0.0	1	0 1
20	3	0.0	1	3
21	4	0.0	1	3 1
22	65	0.0	1	20 45
23	1402	0.0	1	527 875
24	23646	0.0	1	23361 285
25	166	0.0	1	129 37
26	3	0.0	1	0 3
27	62	0.0	1	62
31	8	0.0	1	8
242	1	0.0	1	1



Overview of removed sequences at 3' end
length	count	expect	max.err	error counts
3	46	399.0	0	46
6	1	6.2	0	1
7	1	1.6	0	1
10	1	0.0	1	1
11	7	0.0	1	6 1
12	1	0.0	1	1
30	1	0.0	1	1
31	3	0.0	1	3


=== Second read: Adapter 2 ===

Sequence: GACTACHVGGGTATC...CTGCWGCCNCCCGTAGG; Type: linked; Length: 15+17; 5' trimmed: 24849 times; 3' trimmed: 16031 times

Minimum overlap: 3+3
No. of allowed errors:
1-9 bp: 0; 10-15 bp: 1

No. of allowed errors:
1-9 bp: 0; 10-16 bp: 1

Overview of removed sequences at 5' end
length	count	expect	max.err	error counts
3	1	399.0	0	1
4	2	99.7	0	2
16	1	0.0	1	0 1
17	1	0.0	1	1
19	1	0.0	1	1
21	1	0.0	1	0 1
22	1	0.0	1	1
23	2	0.0	1	1 1
24	5	0.0	1	2 3
25	19	0.0	1	18 1
26	4	0.0	1	3 1
27	9	0.0	1	7 2
28	27	0.0	1	20 7
29	119	0.0	1	49 70
30	1220	0.0	1	564 656
31	23393	0.0	1	22894 499
32	43	0.0	1	36 7



Overview of removed sequences at 3' end
length	count	expect	max.err	error counts
3	13552	399.0	0	13552
4	1470	99.7	0	1470
5	64	24.9	0	64
6	870	6.2	0	870
7	52	1.6	0	52
8	1	0.4	0	1
9	3	0.1	0	3
12	2	0.0	1	0 2
13	1	0.0	1	0 1
24	3	0.0	1	1 2
25	1	0.0	1	1
111	1	0.0	1	1
114	5	0.0	1	4 1
115	1	0.0	1	1
119	1	0.0	1	1
128	1	0.0	1	1
131	2	0.0	1	1 1
134	1	0.0	1	0 1
Input files: raw_data_12_11_2025/550B14_S68_L001_R1_001.fastq.gz raw_data_12_11_2025/550B14_S68_L001_R2_001.fastq.gz
This is cutadapt 5.1 with Python 3.12.11
Command line parameters: -a CCTACGGGNGGCWGCAG...GATACCCBDGTAGTC -A GACTACHVGGGTATC...CTGCWGCCNCCCGTAGG --trimmed-only --cores 8 --output results/cutadapt/550B14_S68_L001_R1_001.fastq.gz --paired-output results/cutadapt/550B14_S68_L001_R2_001.fastq.gz raw_data_12_11_2025/550B14_S68_L001_R1_001.fastq.gz raw_data_12_11_2025/550B14_S68_L001_R2_001.fastq.gz
Processing paired-end reads on 8 cores ...

=== Summary ===

Total read pairs processed:             24,919
  Read 1 with adapter:                  24,779 (99.4%)
  Read 2 with adapter:                  24,394 (97.9%)

== Read fate breakdown ==
Pairs discarded as untrimmed:              651 (2.6%)
Pairs written (passing filters):        24,268 (97.4%)

Total basepairs processed:    14,961,112 bp
  Read 1:     7,487,287 bp
  Read 2:     7,473,825 bp
Total written (filtered):     13,193,558 bp (88.2%)
  Read 1:     6,711,211 bp
  Read 2:     6,482,347 bp

=== First read: Adapter 1 ===

Sequence: CCTACGGGNGGCWGCAG...GATACCCBDGTAGTC; Type: linked; Length: 17+15; 5' trimmed: 24779 times; 3' trimmed: 26 times

Minimum overlap: 3+3
No. of allowed errors:
1-9 bp: 0; 10-16 bp: 1

No. of allowed errors:
1-9 bp: 0; 10-15 bp: 1

Overview of removed sequences at 5' end
length	count	expect	max.err	error counts
17	2	0.0	1	2
18	2	0.0	1	1 1
19	1	0.0	1	1
20	2	0.0	1	0 2
21	6	0.0	1	3 3
22	53	0.0	1	17 36
23	1302	0.0	1	479 823
24	23167	0.0	1	22897 270
25	150	0.0	1	116 34
26	10	0.0	1	6 4
27	79	0.0	1	78 1
31	5	0.0	1	4 1



Overview of removed sequences at 3' end
length	count	expect	max.err	error counts
3	15	389.4	0	15
10	2	0.0	1	1 1
11	4	0.0	1	3 1
14	1	0.0	1	0 1
31	4	0.0	1	3 1


=== Second read: Adapter 2 ===

Sequence: GACTACHVGGGTATC...CTGCWGCCNCCCGTAGG; Type: linked; Length: 15+17; 5' trimmed: 24267 times; 3' trimmed: 15405 times

Minimum overlap: 3+3
No. of allowed errors:
1-9 bp: 0; 10-15 bp: 1

No. of allowed errors:
1-9 bp: 0; 10-16 bp: 1

Overview of removed sequences at 5' end
length	count	expect	max.err	error counts
3	2	389.4	0	2
4	2	97.3	0	2
12	1	0.0	1	1
16	1	0.0	1	1
19	2	0.0	1	2
21	1	0.0	1	1
22	3	0.0	1	1 2
23	1	0.0	1	0 1
24	4	0.0	1	3 1
25	18	0.0	1	14 4
26	4	0.0	1	2 2
27	8	0.0	1	5 3
28	38	0.0	1	26 12
29	93	0.0	1	42 51
30	1252	0.0	1	553 699
31	22807	0.0	1	22288 519
32	30	0.0	1	27 3



Overview of removed sequences at 3' end
length	count	expect	max.err	error counts
3	13119	389.4	0	13119
4	1371	97.3	0	1371
5	45	24.3	0	45
6	792	6.1	0	792
7	55	1.5	0	55
8	1	0.4	0	1
9	4	0.1	0	4
12	1	0.0	1	0 1
24	3	0.0	1	0 3
27	1	0.0	1	1
109	1	0.0	1	1
114	3	0.0	1	2 1
115	3	0.0	1	1 2
131	1	0.0	1	1
134	1	0.0	1	1
135	3	0.0	1	2 1
264	1	0.0	1	0 1
Input files: raw_data_12_11_2025/551A0_S73_L001_R1_001.fastq.gz raw_data_12_11_2025/551A0_S73_L001_R2_001.fastq.gz
This is cutadapt 5.1 with Python 3.12.11
Command line parameters: -a CCTACGGGNGGCWGCAG...GATACCCBDGTAGTC -A GACTACHVGGGTATC...CTGCWGCCNCCCGTAGG --trimmed-only --cores 8 --output results/cutadapt/551A0_S73_L001_R1_001.fastq.gz --paired-output results/cutadapt/551A0_S73_L001_R2_001.fastq.gz raw_data_12_11_2025/551A0_S73_L001_R1_001.fastq.gz raw_data_12_11_2025/551A0_S73_L001_R2_001.fastq.gz
Processing paired-end reads on 8 cores ...

=== Summary ===

Total read pairs processed:             29,331
  Read 1 with adapter:                  29,171 (99.5%)
  Read 2 with adapter:                  28,806 (98.2%)

== Read fate breakdown ==
Pairs discarded as untrimmed:              672 (2.3%)
Pairs written (passing filters):        28,659 (97.7%)

Total basepairs processed:    17,612,009 bp
  Read 1:     8,814,383 bp
  Read 2:     8,797,626 bp
Total written (filtered):     15,582,950 bp (88.5%)
  Read 1:     7,926,679 bp
  Read 2:     7,656,271 bp

=== First read: Adapter 1 ===

Sequence: CCTACGGGNGGCWGCAG...GATACCCBDGTAGTC; Type: linked; Length: 17+15; 5' trimmed: 29168 times; 3' trimmed: 53 times

Minimum overlap: 3+3
No. of allowed errors:
1-9 bp: 0; 10-16 bp: 1

No. of allowed errors:
1-9 bp: 0; 10-15 bp: 1

Overview of removed sequences at 5' end
length	count	expect	max.err	error counts
17	1	0.0	1	0 1
18	2	0.0	1	0 2
20	4	0.0	1	4
21	4	0.0	1	1 3
22	51	0.0	1	10 41
23	1574	0.0	1	613 961
24	27277	0.0	1	26979 298
25	181	0.0	1	133 48
26	6	0.0	1	2 4
27	51	0.0	1	51
31	17	0.0	1	17



Overview of removed sequences at 3' end
length	count	expect	max.err	error counts
3	45	458.3	0	45
4	1	114.6	0	1
7	1	1.8	0	1
11	5	0.0	1	4 1
31	1	0.0	1	1


=== Second read: Adapter 2 ===

Sequence: GACTACHVGGGTATC...CTGCWGCCNCCCGTAGG; Type: linked; Length: 15+17; 5' trimmed: 28673 times; 3' trimmed: 17644 times

Minimum overlap: 3+3
No. of allowed errors:
1-9 bp: 0; 10-15 bp: 1

No. of allowed errors:
1-9 bp: 0; 10-16 bp: 1

Overview of removed sequences at 5' end
length	count	expect	max.err	error counts
14	1	0.0	1	1
17	2	0.0	1	1 1
20	1	0.0	1	1
21	2	0.0	1	0 2
22	2	0.0	1	2
23	3	0.0	1	3
24	2	0.0	1	2
25	23	0.0	1	18 5
26	9	0.0	1	6 3
27	8	0.0	1	6 2
28	43	0.0	1	23 20
29	137	0.0	1	58 79
30	1437	0.0	1	659 778
31	26956	0.0	1	26392 564
32	47	0.0	1	34 13



Overview of removed sequences at 3' end
length	count	expect	max.err	error counts
3	14389	458.3	0	14389
4	2223	114.6	0	2223
5	83	28.6	0	83
6	821	7.2	0	821
7	105	1.8	0	105
9	6	0.1	0	6
10	1	0.0	1	1
12	2	0.0	1	0 2
24	1	0.0	1	1
30	1	0.0	1	0 1
109	3	0.0	1	3
114	1	0.0	1	0 1
115	3	0.0	1	3
134	2	0.0	1	2
135	3	0.0	1	3
Input files: raw_data_12_11_2025/551A14_S74_L001_R1_001.fastq.gz raw_data_12_11_2025/551A14_S74_L001_R2_001.fastq.gz
This is cutadapt 5.1 with Python 3.12.11
Command line parameters: -a CCTACGGGNGGCWGCAG...GATACCCBDGTAGTC -A GACTACHVGGGTATC...CTGCWGCCNCCCGTAGG --trimmed-only --cores 8 --output results/cutadapt/551A14_S74_L001_R1_001.fastq.gz --paired-output results/cutadapt/551A14_S74_L001_R2_001.fastq.gz raw_data_12_11_2025/551A14_S74_L001_R1_001.fastq.gz raw_data_12_11_2025/551A14_S74_L001_R2_001.fastq.gz
Processing paired-end reads on 8 cores ...

=== Summary ===

Total read pairs processed:             30,422
  Read 1 with adapter:                  30,264 (99.5%)
  Read 2 with adapter:                  29,806 (98.0%)

== Read fate breakdown ==
Pairs discarded as untrimmed:              759 (2.5%)
Pairs written (passing filters):        29,663 (97.5%)

Total basepairs processed:    18,269,063 bp
  Read 1:     9,143,286 bp
  Read 2:     9,125,777 bp
Total written (filtered):     16,132,557 bp (88.3%)
  Read 1:     8,204,950 bp
  Read 2:     7,927,607 bp

=== First read: Adapter 1 ===

Sequence: CCTACGGGNGGCWGCAG...GATACCCBDGTAGTC; Type: linked; Length: 17+15; 5' trimmed: 30255 times; 3' trimmed: 42 times

Minimum overlap: 3+3
No. of allowed errors:
1-9 bp: 0; 10-16 bp: 1

No. of allowed errors:
1-9 bp: 0; 10-15 bp: 1

Overview of removed sequences at 5' end
length	count	expect	max.err	error counts
16	1	0.0	1	0 1
18	1	0.0	1	1
20	1	0.0	1	1
21	8	0.0	1	4 4
22	68	0.0	1	11 57
23	1543	0.0	1	576 967
24	28344	0.0	1	28007 337
25	212	0.0	1	149 63
26	2	0.0	1	1 1
27	63	0.0	1	63
31	12	0.0	1	12



Overview of removed sequences at 3' end
length	count	expect	max.err	error counts
3	31	475.3	0	31
10	1	0.0	1	0 1
11	8	0.0	1	7 1
13	1	0.0	1	0 1
37	1	0.0	1	1


=== Second read: Adapter 2 ===

Sequence: GACTACHVGGGTATC...CTGCWGCCNCCCGTAGG; Type: linked; Length: 15+17; 5' trimmed: 29661 times; 3' trimmed: 17437 times

Minimum overlap: 3+3
No. of allowed errors:
1-9 bp: 0; 10-15 bp: 1

No. of allowed errors:
1-9 bp: 0; 10-16 bp: 1

Overview of removed sequences at 5' end
length	count	expect	max.err	error counts
18	1	0.0	1	0 1
19	1	0.0	1	0 1
20	2	0.0	1	2
22	5	0.0	1	4 1
23	6	0.0	1	5 1
24	5	0.0	1	4 1
25	14	0.0	1	14
26	7	0.0	1	4 3
27	10	0.0	1	6 4
28	49	0.0	1	29 20
29	140	0.0	1	55 85
30	1561	0.0	1	709 852
31	27818	0.0	1	27175 643
32	42	0.0	1	29 13



Overview of removed sequences at 3' end
length	count	expect	max.err	error counts
3	14889	475.3	0	14889
4	1364	118.8	0	1364
5	81	29.7	0	81
6	996	7.4	0	996
7	70	1.9	0	70
9	10	0.1	0	10
10	1	0.0	1	1
11	2	0.0	1	0 2
12	1	0.0	1	1
109	5	0.0	1	4 1
110	1	0.0	1	1
113	5	0.0	1	4 1
114	3	0.0	1	1 2
115	2	0.0	1	1 1
131	1	0.0	1	1
133	1	0.0	1	1
134	2	0.0	1	1 1
135	2	0.0	1	2
279	1	0.0	1	1
Input files: raw_data_12_11_2025/551B0_S75_L001_R1_001.fastq.gz raw_data_12_11_2025/551B0_S75_L001_R2_001.fastq.gz
This is cutadapt 5.1 with Python 3.12.11
Command line parameters: -a CCTACGGGNGGCWGCAG...GATACCCBDGTAGTC -A GACTACHVGGGTATC...CTGCWGCCNCCCGTAGG --trimmed-only --cores 8 --output results/cutadapt/551B0_S75_L001_R1_001.fastq.gz --paired-output results/cutadapt/551B0_S75_L001_R2_001.fastq.gz raw_data_12_11_2025/551B0_S75_L001_R1_001.fastq.gz raw_data_12_11_2025/551B0_S75_L001_R2_001.fastq.gz
Processing paired-end reads on 8 cores ...

=== Summary ===

Total read pairs processed:             36,427
  Read 1 with adapter:                  36,194 (99.4%)
  Read 2 with adapter:                  35,719 (98.1%)

== Read fate breakdown ==
Pairs discarded as untrimmed:              895 (2.5%)
Pairs written (passing filters):        35,532 (97.5%)

Total basepairs processed:    21,872,989 bp
  Read 1:    10,946,869 bp
  Read 2:    10,926,120 bp
Total written (filtered):     19,318,900 bp (88.3%)
  Read 1:     9,828,070 bp
  Read 2:     9,490,830 bp

=== First read: Adapter 1 ===

Sequence: CCTACGGGNGGCWGCAG...GATACCCBDGTAGTC; Type: linked; Length: 17+15; 5' trimmed: 36190 times; 3' trimmed: 30 times

Minimum overlap: 3+3
No. of allowed errors:
1-9 bp: 0; 10-16 bp: 1

No. of allowed errors:
1-9 bp: 0; 10-15 bp: 1

Overview of removed sequences at 5' end
length	count	expect	max.err	error counts
18	1	0.0	1	0 1
20	1	0.0	1	0 1
21	2	0.0	1	1 1
22	72	0.0	1	19 53
23	1881	0.0	1	715 1166
24	33909	0.0	1	33527 382
25	239	0.0	1	173 66
26	9	0.0	1	5 4
27	71	0.0	1	66 5
30	2	0.0	1	1 1
31	3	0.0	1	3



Overview of removed sequences at 3' end
length	count	expect	max.err	error counts
3	24	569.2	0	24
4	1	142.3	0	1
7	1	2.2	0	1
10	1	0.0	1	0 1
11	2	0.0	1	1 1
12	1	0.0	1	1


=== Second read: Adapter 2 ===

Sequence: GACTACHVGGGTATC...CTGCWGCCNCCCGTAGG; Type: linked; Length: 15+17; 5' trimmed: 35556 times; 3' trimmed: 22750 times

Minimum overlap: 3+3
No. of allowed errors:
1-9 bp: 0; 10-15 bp: 1

No. of allowed errors:
1-9 bp: 0; 10-16 bp: 1

Overview of removed sequences at 5' end
length	count	expect	max.err	error counts
3	3	569.2	0	3
8	2	0.6	0	2
16	1	0.0	1	1
17	2	0.0	1	2
21	1	0.0	1	0 1
22	3	0.0	1	2 1
23	4	0.0	1	1 3
24	1	0.0	1	1
25	16	0.0	1	13 3
26	10	0.0	1	7 3
27	8	0.0	1	6 2
28	42	0.0	1	26 16
29	169	0.0	1	70 99
30	1745	0.0	1	786 959
31	33499	0.0	1	32791 708
32	49	0.0	1	38 11
66	1	0.0	1	0 1



Overview of removed sequences at 3' end
length	count	expect	max.err	error counts
3	19926	569.2	0	19926
4	1415	142.3	0	1415
5	71	35.6	0	71
6	1263	8.9	0	1263
7	47	2.2	0	47
9	5	0.1	0	5
10	1	0.0	1	0 1
12	1	0.0	1	0 1
109	10	0.0	1	6 4
110	3	0.0	1	3
113	2	0.0	1	2
114	3	0.0	1	1 2
131	2	0.0	1	2
133	1	0.0	1	1
Input files: raw_data_12_11_2025/551B14_S76_L001_R1_001.fastq.gz raw_data_12_11_2025/551B14_S76_L001_R2_001.fastq.gz
This is cutadapt 5.1 with Python 3.12.11
Command line parameters: -a CCTACGGGNGGCWGCAG...GATACCCBDGTAGTC -A GACTACHVGGGTATC...CTGCWGCCNCCCGTAGG --trimmed-only --cores 8 --output results/cutadapt/551B14_S76_L001_R1_001.fastq.gz --paired-output results/cutadapt/551B14_S76_L001_R2_001.fastq.gz raw_data_12_11_2025/551B14_S76_L001_R1_001.fastq.gz raw_data_12_11_2025/551B14_S76_L001_R2_001.fastq.gz
Processing paired-end reads on 8 cores ...

=== Summary ===

Total read pairs processed:             42,843
  Read 1 with adapter:                  42,651 (99.6%)
  Read 2 with adapter:                  42,077 (98.2%)

== Read fate breakdown ==
Pairs discarded as untrimmed:              945 (2.2%)
Pairs written (passing filters):        41,898 (97.8%)

Total basepairs processed:    25,729,197 bp
  Read 1:    12,877,432 bp
  Read 2:    12,851,765 bp
Total written (filtered):     22,783,557 bp (88.6%)
  Read 1:    11,590,105 bp
  Read 2:    11,193,452 bp

=== First read: Adapter 1 ===

Sequence: CCTACGGGNGGCWGCAG...GATACCCBDGTAGTC; Type: linked; Length: 17+15; 5' trimmed: 42649 times; 3' trimmed: 19 times

Minimum overlap: 3+3
No. of allowed errors:
1-9 bp: 0; 10-16 bp: 1

No. of allowed errors:
1-9 bp: 0; 10-15 bp: 1

Overview of removed sequences at 5' end
length	count	expect	max.err	error counts
18	2	0.0	1	1 1
19	1	0.0	1	0 1
20	3	0.0	1	1 2
21	8	0.0	1	4 4
22	85	0.0	1	15 70
23	2055	0.0	1	733 1322
24	40164	0.0	1	39765 399
25	263	0.0	1	202 61
26	4	0.0	1	0 4
27	63	0.0	1	60 3
31	1	0.0	1	1



Overview of removed sequences at 3' end
length	count	expect	max.err	error counts
3	10	669.4	0	10
4	1	167.4	0	1
7	2	2.6	0	2
11	6	0.0	1	4 2


=== Second read: Adapter 2 ===

Sequence: GACTACHVGGGTATC...CTGCWGCCNCCCGTAGG; Type: linked; Length: 15+17; 5' trimmed: 41879 times; 3' trimmed: 26154 times

Minimum overlap: 3+3
No. of allowed errors:
1-9 bp: 0; 10-15 bp: 1

No. of allowed errors:
1-9 bp: 0; 10-16 bp: 1

Overview of removed sequences at 5' end
length	count	expect	max.err	error counts
3	1	669.4	0	1
4	1	167.4	0	1
9	1	0.2	0	1
10	1	0.0	1	0 1
11	1	0.0	1	1
16	1	0.0	1	0 1
18	1	0.0	1	0 1
20	2	0.0	1	2
21	3	0.0	1	3
22	3	0.0	1	3
23	3	0.0	1	2 1
24	1	0.0	1	0 1
25	17	0.0	1	13 4
26	9	0.0	1	8 1
27	11	0.0	1	8 3
28	46	0.0	1	31 15
29	204	0.0	1	76 128
30	2019	0.0	1	953 1066
31	39501	0.0	1	38622 879
32	50	0.0	1	36 14
67	1	0.0	1	1
69	1	0.0	1	0 1
71	1	0.0	1	0 1



Overview of removed sequences at 3' end
length	count	expect	max.err	error counts
3	22882	669.4	0	22882
4	1623	167.4	0	1623
5	81	41.8	0	81
6	1476	10.5	0	1476
7	67	2.6	0	67
8	2	0.7	0	2
9	7	0.2	0	7
109	4	0.0	1	4
110	1	0.0	1	1
113	1	0.0	1	0 1
114	2	0.0	1	1 1
115	2	0.0	1	2
133	1	0.0	1	1
134	4	0.0	1	4
135	1	0.0	1	1
Input files: raw_data_12_11_2025/554A0_S69_L001_R1_001.fastq.gz raw_data_12_11_2025/554A0_S69_L001_R2_001.fastq.gz
This is cutadapt 5.1 with Python 3.12.11
Command line parameters: -a CCTACGGGNGGCWGCAG...GATACCCBDGTAGTC -A GACTACHVGGGTATC...CTGCWGCCNCCCGTAGG --trimmed-only --cores 8 --output results/cutadapt/554A0_S69_L001_R1_001.fastq.gz --paired-output results/cutadapt/554A0_S69_L001_R2_001.fastq.gz raw_data_12_11_2025/554A0_S69_L001_R1_001.fastq.gz raw_data_12_11_2025/554A0_S69_L001_R2_001.fastq.gz
Processing paired-end reads on 8 cores ...

=== Summary ===

Total read pairs processed:             21,792
  Read 1 with adapter:                  21,619 (99.2%)
  Read 2 with adapter:                  21,315 (97.8%)

== Read fate breakdown ==
Pairs discarded as untrimmed:              614 (2.8%)
Pairs written (passing filters):        21,178 (97.2%)

Total basepairs processed:    13,079,606 bp
  Read 1:     6,544,982 bp
  Read 2:     6,534,624 bp
Total written (filtered):     11,509,691 bp (88.0%)
  Read 1:     5,854,260 bp
  Read 2:     5,655,431 bp

=== First read: Adapter 1 ===

Sequence: CCTACGGGNGGCWGCAG...GATACCCBDGTAGTC; Type: linked; Length: 17+15; 5' trimmed: 21614 times; 3' trimmed: 48 times

Minimum overlap: 3+3
No. of allowed errors:
1-9 bp: 0; 10-16 bp: 1

No. of allowed errors:
1-9 bp: 0; 10-15 bp: 1

Overview of removed sequences at 5' end
length	count	expect	max.err	error counts
18	1	0.0	1	0 1
20	2	0.0	1	1 1
21	8	0.0	1	3 5
22	51	0.0	1	14 37
23	1207	0.0	1	482 725
24	20128	0.0	1	19866 262
25	155	0.0	1	124 31
26	4	0.0	1	4
27	54	0.0	1	53 1
31	3	0.0	1	3
33	1	0.0	1	0 1



Overview of removed sequences at 3' end
length	count	expect	max.err	error counts
3	37	340.5	0	37
4	1	85.1	0	1
5	1	21.3	0	1
7	1	1.3	0	1
11	2	0.0	1	1 1
30	1	0.0	1	1
31	5	0.0	1	5


=== Second read: Adapter 2 ===

Sequence: GACTACHVGGGTATC...CTGCWGCCNCCCGTAGG; Type: linked; Length: 15+17; 5' trimmed: 21201 times; 3' trimmed: 13327 times

Minimum overlap: 3+3
No. of allowed errors:
1-9 bp: 0; 10-15 bp: 1

No. of allowed errors:
1-9 bp: 0; 10-16 bp: 1

Overview of removed sequences at 5' end
length	count	expect	max.err	error counts
3	3	340.5	0	3
4	1	85.1	0	1
16	1	0.0	1	1
17	1	0.0	1	1
18	1	0.0	1	1
20	1	0.0	1	1
21	2	0.0	1	0 2
22	1	0.0	1	1
23	4	0.0	1	3 1
24	6	0.0	1	5 1
25	9	0.0	1	8 1
26	6	0.0	1	6
27	7	0.0	1	4 3
28	34	0.0	1	20 14
29	106	0.0	1	46 60
30	1129	0.0	1	540 589
31	19866	0.0	1	19435 431
32	23	0.0	1	15 8



Overview of removed sequences at 3' end
length	count	expect	max.err	error counts
3	10448	340.5	0	10448
4	2079	85.1	0	2079
5	62	21.3	0	62
6	642	5.3	0	642
7	74	1.3	0	74
9	1	0.1	0	1
10	2	0.0	1	1 1
12	1	0.0	1	0 1
23	1	0.0	1	0 1
24	1	0.0	1	0 1
27	1	0.0	1	1
109	5	0.0	1	4 1
113	1	0.0	1	0 1
114	2	0.0	1	1 1
116	1	0.0	1	1
128	1	0.0	1	1
129	1	0.0	1	1
134	2	0.0	1	2
135	2	0.0	1	2
Input files: raw_data_12_11_2025/554A14_S70_L001_R1_001.fastq.gz raw_data_12_11_2025/554A14_S70_L001_R2_001.fastq.gz
This is cutadapt 5.1 with Python 3.12.11
Command line parameters: -a CCTACGGGNGGCWGCAG...GATACCCBDGTAGTC -A GACTACHVGGGTATC...CTGCWGCCNCCCGTAGG --trimmed-only --cores 8 --output results/cutadapt/554A14_S70_L001_R1_001.fastq.gz --paired-output results/cutadapt/554A14_S70_L001_R2_001.fastq.gz raw_data_12_11_2025/554A14_S70_L001_R1_001.fastq.gz raw_data_12_11_2025/554A14_S70_L001_R2_001.fastq.gz
Processing paired-end reads on 8 cores ...

=== Summary ===

Total read pairs processed:             24,175
  Read 1 with adapter:                  24,055 (99.5%)
  Read 2 with adapter:                  23,721 (98.1%)

== Read fate breakdown ==
Pairs discarded as untrimmed:              558 (2.3%)
Pairs written (passing filters):        23,617 (97.7%)

Total basepairs processed:    14,511,335 bp
  Read 1:     7,261,440 bp
  Read 2:     7,249,895 bp
Total written (filtered):     12,838,496 bp (88.5%)
  Read 1:     6,529,887 bp
  Read 2:     6,308,609 bp

=== First read: Adapter 1 ===

Sequence: CCTACGGGNGGCWGCAG...GATACCCBDGTAGTC; Type: linked; Length: 17+15; 5' trimmed: 24053 times; 3' trimmed: 40 times

Minimum overlap: 3+3
No. of allowed errors:
1-9 bp: 0; 10-16 bp: 1

No. of allowed errors:
1-9 bp: 0; 10-15 bp: 1

Overview of removed sequences at 5' end
length	count	expect	max.err	error counts
13	1	0.0	1	0 1
15	1	0.0	1	1
20	3	0.0	1	1 2
21	6	0.0	1	3 3
22	70	0.0	1	11 59
23	1260	0.0	1	487 773
24	22483	0.0	1	22193 290
25	156	0.0	1	121 35
26	5	0.0	1	2 3
27	55	0.0	1	55
28	1	0.0	1	1
30	1	0.0	1	1
31	11	0.0	1	11



Overview of removed sequences at 3' end
length	count	expect	max.err	error counts
3	33	377.7	0	33
11	5	0.0	1	4 1
12	1	0.0	1	1
56	1	0.0	1	0 1


=== Second read: Adapter 2 ===

Sequence: GACTACHVGGGTATC...CTGCWGCCNCCCGTAGG; Type: linked; Length: 15+17; 5' trimmed: 23611 times; 3' trimmed: 14259 times

Minimum overlap: 3+3
No. of allowed errors:
1-9 bp: 0; 10-15 bp: 1

No. of allowed errors:
1-9 bp: 0; 10-16 bp: 1

Overview of removed sequences at 5' end
length	count	expect	max.err	error counts
3	1	377.7	0	1
4	2	94.4	0	2
17	2	0.0	1	1 1
18	1	0.0	1	0 1
19	1	0.0	1	1
20	2	0.0	1	2
22	1	0.0	1	0 1
23	1	0.0	1	1
24	5	0.0	1	3 2
25	18	0.0	1	17 1
26	8	0.0	1	7 1
27	6	0.0	1	4 2
28	39	0.0	1	25 14
29	109	0.0	1	51 58
30	1186	0.0	1	553 633
31	22193	0.0	1	21746 447
32	36	0.0	1	27 9



Overview of removed sequences at 3' end
length	count	expect	max.err	error counts
3	10349	377.7	0	10349
4	3041	94.4	0	3041
5	103	23.6	0	103
6	612	5.9	0	612
7	128	1.5	0	128
8	2	0.4	0	2
9	5	0.1	0	5
10	3	0.0	1	1 2
11	4	0.0	1	0 4
12	2	0.0	1	0 2
24	1	0.0	1	1
110	1	0.0	1	1
113	1	0.0	1	1
114	2	0.0	1	1 1
115	1	0.0	1	1
128	1	0.0	1	0 1
130	1	0.0	1	1
133	1	0.0	1	0 1
134	1	0.0	1	1
Input files: raw_data_12_11_2025/554B0_S71_L001_R1_001.fastq.gz raw_data_12_11_2025/554B0_S71_L001_R2_001.fastq.gz
This is cutadapt 5.1 with Python 3.12.11
Command line parameters: -a CCTACGGGNGGCWGCAG...GATACCCBDGTAGTC -A GACTACHVGGGTATC...CTGCWGCCNCCCGTAGG --trimmed-only --cores 8 --output results/cutadapt/554B0_S71_L001_R1_001.fastq.gz --paired-output results/cutadapt/554B0_S71_L001_R2_001.fastq.gz raw_data_12_11_2025/554B0_S71_L001_R1_001.fastq.gz raw_data_12_11_2025/554B0_S71_L001_R2_001.fastq.gz
Processing paired-end reads on 8 cores ...

=== Summary ===

Total read pairs processed:             23,802
  Read 1 with adapter:                  23,692 (99.5%)
  Read 2 with adapter:                  23,299 (97.9%)

== Read fate breakdown ==
Pairs discarded as untrimmed:              603 (2.5%)
Pairs written (passing filters):        23,199 (97.5%)

Total basepairs processed:    14,289,050 bp
  Read 1:     7,150,764 bp
  Read 2:     7,138,286 bp
Total written (filtered):     12,611,459 bp (88.3%)
  Read 1:     6,414,541 bp
  Read 2:     6,196,918 bp

=== First read: Adapter 1 ===

Sequence: CCTACGGGNGGCWGCAG...GATACCCBDGTAGTC; Type: linked; Length: 17+15; 5' trimmed: 23684 times; 3' trimmed: 69 times

Minimum overlap: 3+3
No. of allowed errors:
1-9 bp: 0; 10-16 bp: 1

No. of allowed errors:
1-9 bp: 0; 10-15 bp: 1

Overview of removed sequences at 5' end
length	count	expect	max.err	error counts
13	1	0.0	1	1
18	1	0.0	1	0 1
19	1	0.0	1	1
20	2	0.0	1	2
21	5	0.0	1	3 2
22	54	0.0	1	18 36
23	1275	0.0	1	496 779
24	22085	0.0	1	21818 267
25	179	0.0	1	145 34
26	2	0.0	1	0 2
27	73	0.0	1	73
31	6	0.0	1	6



Overview of removed sequences at 3' end
length	count	expect	max.err	error counts
3	56	371.9	0	56
4	2	93.0	0	2
5	1	23.2	0	1
7	1	1.5	0	1
12	2	0.0	1	2
27	1	0.0	1	1
30	1	0.0	1	0 1
31	5	0.0	1	4 1


=== Second read: Adapter 2 ===

Sequence: GACTACHVGGGTATC...CTGCWGCCNCCCGTAGG; Type: linked; Length: 15+17; 5' trimmed: 23179 times; 3' trimmed: 13694 times

Minimum overlap: 3+3
No. of allowed errors:
1-9 bp: 0; 10-15 bp: 1

No. of allowed errors:
1-9 bp: 0; 10-16 bp: 1

Overview of removed sequences at 5' end
length	count	expect	max.err	error counts
3	1	371.9	0	1
4	1	93.0	0	1
7	1	1.5	0	1
18	2	0.0	1	1 1
19	2	0.0	1	1 1
20	1	0.0	1	1
22	2	0.0	1	0 2
23	6	0.0	1	6
24	1	0.0	1	1
25	15	0.0	1	11 4
26	5	0.0	1	5
27	12	0.0	1	7 5
28	26	0.0	1	16 10
29	106	0.0	1	47 59
30	1243	0.0	1	560 683
31	21728	0.0	1	21301 427
32	27	0.0	1	21 6



Overview of removed sequences at 3' end
length	count	expect	max.err	error counts
3	9613	371.9	0	9613
4	3280	93.0	0	3280
5	79	23.2	0	79
6	541	5.8	0	541
7	151	1.5	0	151
8	6	0.4	0	6
9	5	0.1	0	5
10	1	0.0	1	1
11	1	0.0	1	0 1
24	2	0.0	1	1 1
109	3	0.0	1	2 1
113	4	0.0	1	4
114	7	0.0	1	5 2
115	1	0.0	1	1
Input files: raw_data_12_11_2025/554B14_S72_L001_R1_001.fastq.gz raw_data_12_11_2025/554B14_S72_L001_R2_001.fastq.gz
This is cutadapt 5.1 with Python 3.12.11
Command line parameters: -a CCTACGGGNGGCWGCAG...GATACCCBDGTAGTC -A GACTACHVGGGTATC...CTGCWGCCNCCCGTAGG --trimmed-only --cores 8 --output results/cutadapt/554B14_S72_L001_R1_001.fastq.gz --paired-output results/cutadapt/554B14_S72_L001_R2_001.fastq.gz raw_data_12_11_2025/554B14_S72_L001_R1_001.fastq.gz raw_data_12_11_2025/554B14_S72_L001_R2_001.fastq.gz
Processing paired-end reads on 8 cores ...

=== Summary ===

Total read pairs processed:             25,165
  Read 1 with adapter:                  24,994 (99.3%)
  Read 2 with adapter:                  24,588 (97.7%)

== Read fate breakdown ==
Pairs discarded as untrimmed:              703 (2.8%)
Pairs written (passing filters):        24,462 (97.2%)

Total basepairs processed:    15,110,527 bp
  Read 1:     7,562,570 bp
  Read 2:     7,547,957 bp
Total written (filtered):     13,299,629 bp (88.0%)
  Read 1:     6,765,589 bp
  Read 2:     6,534,040 bp

=== First read: Adapter 1 ===

Sequence: CCTACGGGNGGCWGCAG...GATACCCBDGTAGTC; Type: linked; Length: 17+15; 5' trimmed: 24987 times; 3' trimmed: 72 times

Minimum overlap: 3+3
No. of allowed errors:
1-9 bp: 0; 10-16 bp: 1

No. of allowed errors:
1-9 bp: 0; 10-15 bp: 1

Overview of removed sequences at 5' end
length	count	expect	max.err	error counts
3	1	393.2	0	1
4	2	98.3	0	2
10	1	0.0	1	1
19	2	0.0	1	1 1
20	4	0.0	1	4
21	4	0.0	1	2 2
22	60	0.0	1	11 49
23	1267	0.0	1	501 766
24	23426	0.0	1	23177 249
25	144	0.0	1	106 38
26	6	0.0	1	3 3
27	68	0.0	1	67 1
31	2	0.0	1	2



Overview of removed sequences at 3' end
length	count	expect	max.err	error counts
3	60	393.2	0	60
4	3	98.3	0	3
7	1	1.5	0	1
11	1	0.0	1	1
12	4	0.0	1	3 1
14	1	0.0	1	0 1
31	2	0.0	1	2


=== Second read: Adapter 2 ===

Sequence: GACTACHVGGGTATC...CTGCWGCCNCCCGTAGG; Type: linked; Length: 15+17; 5' trimmed: 24485 times; 3' trimmed: 14665 times

Minimum overlap: 3+3
No. of allowed errors:
1-9 bp: 0; 10-15 bp: 1

No. of allowed errors:
1-9 bp: 0; 10-16 bp: 1

Overview of removed sequences at 5' end
length	count	expect	max.err	error counts
3	2	393.2	0	2
4	4	98.3	0	4
8	1	0.4	0	1
14	1	0.0	1	1
15	2	0.0	1	0 2
20	4	0.0	1	2 2
21	2	0.0	1	1 1
22	6	0.0	1	5 1
24	4	0.0	1	3 1
25	10	0.0	1	8 2
26	9	0.0	1	8 1
27	9	0.0	1	5 4
28	30	0.0	1	21 9
29	103	0.0	1	47 56
30	1227	0.0	1	543 684
31	23033	0.0	1	22475 558
32	37	0.0	1	28 9
33	1	0.0	1	1



Overview of removed sequences at 3' end
length	count	expect	max.err	error counts
3	10697	393.2	0	10697
4	3064	98.3	0	3064
5	85	24.6	0	85
6	675	6.1	0	675
7	121	1.5	0	121
8	1	0.4	0	1
9	7	0.1	0	7
10	1	0.0	1	0 1
11	1	0.0	1	0 1
24	1	0.0	1	0 1
109	2	0.0	1	1 1
110	1	0.0	1	1
113	2	0.0	1	2
114	7	0.0	1	6 1
Input files: raw_data_12_11_2025/574A0_S97_L001_R1_001.fastq.gz raw_data_12_11_2025/574A0_S97_L001_R2_001.fastq.gz
This is cutadapt 5.1 with Python 3.12.11
Command line parameters: -a CCTACGGGNGGCWGCAG...GATACCCBDGTAGTC -A GACTACHVGGGTATC...CTGCWGCCNCCCGTAGG --trimmed-only --cores 8 --output results/cutadapt/574A0_S97_L001_R1_001.fastq.gz --paired-output results/cutadapt/574A0_S97_L001_R2_001.fastq.gz raw_data_12_11_2025/574A0_S97_L001_R1_001.fastq.gz raw_data_12_11_2025/574A0_S97_L001_R2_001.fastq.gz
Processing paired-end reads on 8 cores ...

=== Summary ===

Total read pairs processed:             61,404
  Read 1 with adapter:                  61,124 (99.5%)
  Read 2 with adapter:                  60,170 (98.0%)

== Read fate breakdown ==
Pairs discarded as untrimmed:            1,502 (2.4%)
Pairs written (passing filters):        59,902 (97.6%)

Total basepairs processed:    36,940,232 bp
  Read 1:    18,481,398 bp
  Read 2:    18,458,834 bp
Total written (filtered):     32,713,396 bp (88.6%)
  Read 1:    16,414,424 bp
  Read 2:    16,298,972 bp

=== First read: Adapter 1 ===

Sequence: CCTACGGGNGGCWGCAG...GATACCCBDGTAGTC; Type: linked; Length: 17+15; 5' trimmed: 61123 times; 3' trimmed: 317 times

Minimum overlap: 3+3
No. of allowed errors:
1-9 bp: 0; 10-16 bp: 1

No. of allowed errors:
1-9 bp: 0; 10-15 bp: 1

Overview of removed sequences at 5' end
length	count	expect	max.err	error counts
5	1	60.0	0	1
14	1	0.0	1	0 1
18	1	0.0	1	1
19	2	0.0	1	2
20	2	0.0	1	2
22	3	0.0	1	2 1
23	4	0.0	1	3 1
24	31	0.0	1	19 12
25	140	0.0	1	44 96
26	3460	0.0	1	1455 2005
27	57265	0.0	1	56580 685
28	211	0.0	1	155 56
31	1	0.0	1	1
34	1	0.0	1	1



Overview of removed sequences at 3' end
length	count	expect	max.err	error counts
3	253	959.4	0	253
4	2	239.9	0	2
9	1	0.2	0	0 1
10	54	0.1	1	1 53
11	2	0.0	1	0 2
17	1	0.0	1	0 1
28	3	0.0	1	2 1
79	1	0.0	1	1


=== Second read: Adapter 2 ===

Sequence: GACTACHVGGGTATC...CTGCWGCCNCCCGTAGG; Type: linked; Length: 15+17; 5' trimmed: 60051 times; 3' trimmed: 8063 times

Minimum overlap: 3+3
No. of allowed errors:
1-9 bp: 0; 10-15 bp: 1

No. of allowed errors:
1-9 bp: 0; 10-16 bp: 1

Overview of removed sequences at 5' end
length	count	expect	max.err	error counts
3	3	959.4	0	3
4	23	239.9	0	23
6	1	15.0	0	1
12	2	0.0	1	1 1
13	2	0.0	1	1 1
16	1	0.0	1	1
17	1	0.0	1	1
18	1	0.0	1	1
19	1	0.0	1	1
20	8	0.0	1	3 5
21	6	0.0	1	5 1
22	4	0.0	1	3 1
23	8	0.0	1	6 2
24	16	0.0	1	12 4
25	31	0.0	1	18 13
26	167	0.0	1	67 100
27	2488	0.0	1	936 1552
28	57088	0.0	1	54754 2334
29	194	0.0	1	40 154
31	5	0.0	1	5
34	1	0.0	1	0 1



Overview of removed sequences at 3' end
length	count	expect	max.err	error counts
3	2823	959.4	0	2823
4	461	239.9	0	461
5	62	60.0	0	62
6	4517	15.0	0	4517
7	124	3.7	0	124
8	13	0.9	0	13
9	47	0.2	0	47
10	6	0.1	1	6
11	3	0.0	1	0 3
12	3	0.0	1	0 3
13	1	0.0	1	0 1
27	2	0.0	1	0 2
34	1	0.0	1	0 1
Input files: raw_data_12_11_2025/574A14_S98_L001_R1_001.fastq.gz raw_data_12_11_2025/574A14_S98_L001_R2_001.fastq.gz
This is cutadapt 5.1 with Python 3.12.11
Command line parameters: -a CCTACGGGNGGCWGCAG...GATACCCBDGTAGTC -A GACTACHVGGGTATC...CTGCWGCCNCCCGTAGG --trimmed-only --cores 8 --output results/cutadapt/574A14_S98_L001_R1_001.fastq.gz --paired-output results/cutadapt/574A14_S98_L001_R2_001.fastq.gz raw_data_12_11_2025/574A14_S98_L001_R1_001.fastq.gz raw_data_12_11_2025/574A14_S98_L001_R2_001.fastq.gz
Processing paired-end reads on 8 cores ...

=== Summary ===

Total read pairs processed:             39,587
  Read 1 with adapter:                  39,373 (99.5%)
  Read 2 with adapter:                  38,748 (97.9%)

== Read fate breakdown ==
Pairs discarded as untrimmed:            1,041 (2.6%)
Pairs written (passing filters):        38,546 (97.4%)

Total basepairs processed:    23,813,708 bp
  Read 1:    11,913,796 bp
  Read 2:    11,899,912 bp
Total written (filtered):     21,048,487 bp (88.4%)
  Read 1:    10,560,303 bp
  Read 2:    10,488,184 bp

=== First read: Adapter 1 ===

Sequence: CCTACGGGNGGCWGCAG...GATACCCBDGTAGTC; Type: linked; Length: 17+15; 5' trimmed: 39367 times; 3' trimmed: 419 times

Minimum overlap: 3+3
No. of allowed errors:
1-9 bp: 0; 10-16 bp: 1

No. of allowed errors:
1-9 bp: 0; 10-15 bp: 1

Overview of removed sequences at 5' end
length	count	expect	max.err	error counts
20	1	0.0	1	1
22	4	0.0	1	4
23	2	0.0	1	0 2
24	28	0.0	1	23 5
25	131	0.0	1	42 89
26	2265	0.0	1	935 1330
27	36819	0.0	1	36344 475
28	117	0.0	1	81 36



Overview of removed sequences at 3' end
length	count	expect	max.err	error counts
3	358	618.5	0	358
4	1	154.6	0	1
6	3	9.7	0	3
7	4	2.4	0	4
10	29	0.0	1	0 29
11	1	0.0	1	0 1
15	1	0.0	1	0 1
17	1	0.0	1	0 1
24	1	0.0	1	1
27	3	0.0	1	1 2
28	14	0.0	1	13 1
78	1	0.0	1	1
79	2	0.0	1	2


=== Second read: Adapter 2 ===

Sequence: GACTACHVGGGTATC...CTGCWGCCNCCCGTAGG; Type: linked; Length: 15+17; 5' trimmed: 38675 times; 3' trimmed: 4906 times

Minimum overlap: 3+3
No. of allowed errors:
1-9 bp: 0; 10-15 bp: 1

No. of allowed errors:
1-9 bp: 0; 10-16 bp: 1

Overview of removed sequences at 5' end
length	count	expect	max.err	error counts
3	2	618.5	0	2
4	22	154.6	0	22
15	1	0.0	1	0 1
18	1	0.0	1	1
20	3	0.0	1	3
21	4	0.0	1	3 1
22	3	0.0	1	3
23	4	0.0	1	3 1
24	12	0.0	1	5 7
25	22	0.0	1	12 10
26	134	0.0	1	53 81
27	1657	0.0	1	633 1024
28	36671	0.0	1	35151 1520
29	126	0.0	1	13 113
30	1	0.0	1	0 1
31	10	0.0	1	6 4
34	2	0.0	1	0 2



Overview of removed sequences at 3' end
length	count	expect	max.err	error counts
3	1656	618.5	0	1656
4	290	154.6	0	290
5	42	38.7	0	42
6	2782	9.7	0	2782
7	80	2.4	0	80
8	6	0.6	0	6
9	30	0.2	0	30
10	2	0.0	1	2
12	1	0.0	1	0 1
13	1	0.0	1	0 1
23	1	0.0	1	1
26	1	0.0	1	0 1
27	11	0.0	1	0 11
66	1	0.0	1	0 1
77	1	0.0	1	0 1
78	1	0.0	1	0 1
Input files: raw_data_12_11_2025/574B0_S99_L001_R1_001.fastq.gz raw_data_12_11_2025/574B0_S99_L001_R2_001.fastq.gz
This is cutadapt 5.1 with Python 3.12.11
Command line parameters: -a CCTACGGGNGGCWGCAG...GATACCCBDGTAGTC -A GACTACHVGGGTATC...CTGCWGCCNCCCGTAGG --trimmed-only --cores 8 --output results/cutadapt/574B0_S99_L001_R1_001.fastq.gz --paired-output results/cutadapt/574B0_S99_L001_R2_001.fastq.gz raw_data_12_11_2025/574B0_S99_L001_R1_001.fastq.gz raw_data_12_11_2025/574B0_S99_L001_R2_001.fastq.gz
Processing paired-end reads on 8 cores ...

=== Summary ===

Total read pairs processed:             36,659
  Read 1 with adapter:                  36,460 (99.5%)
  Read 2 with adapter:                  35,893 (97.9%)

== Read fate breakdown ==
Pairs discarded as untrimmed:              956 (2.6%)
Pairs written (passing filters):        35,703 (97.4%)

Total basepairs processed:    22,051,751 bp
  Read 1:    11,032,223 bp
  Read 2:    11,019,528 bp
Total written (filtered):     19,494,964 bp (88.4%)
  Read 1:     9,781,771 bp
  Read 2:     9,713,193 bp

=== First read: Adapter 1 ===

Sequence: CCTACGGGNGGCWGCAG...GATACCCBDGTAGTC; Type: linked; Length: 17+15; 5' trimmed: 36458 times; 3' trimmed: 298 times

Minimum overlap: 3+3
No. of allowed errors:
1-9 bp: 0; 10-16 bp: 1

No. of allowed errors:
1-9 bp: 0; 10-15 bp: 1

Overview of removed sequences at 5' end
length	count	expect	max.err	error counts
17	1	0.0	1	1
21	1	0.0	1	1
22	2	0.0	1	2
23	1	0.0	1	0 1
24	14	0.0	1	11 3
25	94	0.0	1	32 62
26	2053	0.0	1	848 1205
27	34177	0.0	1	33764 413
28	113	0.0	1	84 29
31	1	0.0	1	1
38	1	0.0	1	1



Overview of removed sequences at 3' end
length	count	expect	max.err	error counts
3	263	572.8	0	263
4	3	143.2	0	3
6	1	8.9	0	1
8	2	0.6	0	2
9	1	0.1	0	1
10	19	0.0	1	0 19
11	2	0.0	1	1 1
15	1	0.0	1	0 1
26	1	0.0	1	0 1
28	4	0.0	1	4
29	1	0.0	1	0 1


=== Second read: Adapter 2 ===

Sequence: GACTACHVGGGTATC...CTGCWGCCNCCCGTAGG; Type: linked; Length: 15+17; 5' trimmed: 35827 times; 3' trimmed: 4908 times

Minimum overlap: 3+3
No. of allowed errors:
1-9 bp: 0; 10-15 bp: 1

No. of allowed errors:
1-9 bp: 0; 10-16 bp: 1

Overview of removed sequences at 5' end
length	count	expect	max.err	error counts
3	1	572.8	0	1
4	16	143.2	0	16
12	1	0.0	1	1
16	3	0.0	1	2 1
17	1	0.0	1	1
18	1	0.0	1	1
20	2	0.0	1	0 2
21	1	0.0	1	0 1
22	5	0.0	1	5
23	4	0.0	1	3 1
24	10	0.0	1	6 4
25	22	0.0	1	11 11
26	135	0.0	1	41 94
27	1509	0.0	1	602 907
28	33980	0.0	1	32556 1424
29	128	0.0	1	24 104
30	1	0.0	1	0 1
31	5	0.0	1	4 1
34	1	0.0	1	0 1
37	1	0.0	1	0 1



Overview of removed sequences at 3' end
length	count	expect	max.err	error counts
3	1707	572.8	0	1707
4	292	143.2	0	292
5	40	35.8	0	40
6	2744	8.9	0	2744
7	79	2.2	0	79
8	5	0.6	0	5
9	27	0.1	0	27
10	5	0.0	1	4 1
12	2	0.0	1	0 2
13	1	0.0	1	0 1
26	1	0.0	1	0 1
27	4	0.0	1	0 4
77	1	0.0	1	0 1
Input files: raw_data_12_11_2025/574B14_S100_L001_R1_001.fastq.gz raw_data_12_11_2025/574B14_S100_L001_R2_001.fastq.gz
This is cutadapt 5.1 with Python 3.12.11
Command line parameters: -a CCTACGGGNGGCWGCAG...GATACCCBDGTAGTC -A GACTACHVGGGTATC...CTGCWGCCNCCCGTAGG --trimmed-only --cores 8 --output results/cutadapt/574B14_S100_L001_R1_001.fastq.gz --paired-output results/cutadapt/574B14_S100_L001_R2_001.fastq.gz raw_data_12_11_2025/574B14_S100_L001_R1_001.fastq.gz raw_data_12_11_2025/574B14_S100_L001_R2_001.fastq.gz
Processing paired-end reads on 8 cores ...

=== Summary ===

Total read pairs processed:             33,763
  Read 1 with adapter:                  33,605 (99.5%)
  Read 2 with adapter:                  33,043 (97.9%)

== Read fate breakdown ==
Pairs discarded as untrimmed:              867 (2.6%)
Pairs written (passing filters):        32,896 (97.4%)

Total basepairs processed:    20,312,136 bp
  Read 1:    10,162,079 bp
  Read 2:    10,150,057 bp
Total written (filtered):     17,964,642 bp (88.4%)
  Read 1:     9,014,268 bp
  Read 2:     8,950,374 bp

=== First read: Adapter 1 ===

Sequence: CCTACGGGNGGCWGCAG...GATACCCBDGTAGTC; Type: linked; Length: 17+15; 5' trimmed: 33601 times; 3' trimmed: 212 times

Minimum overlap: 3+3
No. of allowed errors:
1-9 bp: 0; 10-16 bp: 1

No. of allowed errors:
1-9 bp: 0; 10-15 bp: 1

Overview of removed sequences at 5' end
length	count	expect	max.err	error counts
18	1	0.0	1	1
20	1	0.0	1	1
21	2	0.0	1	2
22	2	0.0	1	2
23	3	0.0	1	2 1
24	18	0.0	1	15 3
25	82	0.0	1	26 56
26	1899	0.0	1	824 1075
27	31488	0.0	1	31092 396
28	105	0.0	1	76 29



Overview of removed sequences at 3' end
length	count	expect	max.err	error counts
3	193	527.5	0	193
6	2	8.2	0	2
10	14	0.0	1	0 14
15	1	0.0	1	1
27	1	0.0	1	0 1
28	1	0.0	1	1


=== Second read: Adapter 2 ===

Sequence: GACTACHVGGGTATC...CTGCWGCCNCCCGTAGG; Type: linked; Length: 15+17; 5' trimmed: 32987 times; 3' trimmed: 4487 times

Minimum overlap: 3+3
No. of allowed errors:
1-9 bp: 0; 10-15 bp: 1

No. of allowed errors:
1-9 bp: 0; 10-16 bp: 1

Overview of removed sequences at 5' end
length	count	expect	max.err	error counts
3	1	527.5	0	1
4	10	131.9	0	10
9	1	0.1	0	1
21	4	0.0	1	3 1
22	1	0.0	1	1
23	2	0.0	1	0 2
24	15	0.0	1	9 6
25	30	0.0	1	18 12
26	109	0.0	1	52 57
27	1341	0.0	1	519 822
28	31348	0.0	1	30045 1303
29	115	0.0	1	19 96
31	9	0.0	1	6 3
34	1	0.0	1	1



Overview of removed sequences at 3' end
length	count	expect	max.err	error counts
3	1602	527.5	0	1602
4	238	131.9	0	238
5	31	33.0	0	31
6	2527	8.2	0	2527
7	58	2.1	0	58
8	4	0.5	0	4
9	23	0.1	0	23
10	1	0.0	1	1
11	1	0.0	1	0 1
12	1	0.0	1	1
27	1	0.0	1	0 1
Input files: raw_data_12_11_2025/576A0_S93_L001_R1_001.fastq.gz raw_data_12_11_2025/576A0_S93_L001_R2_001.fastq.gz
This is cutadapt 5.1 with Python 3.12.11
Command line parameters: -a CCTACGGGNGGCWGCAG...GATACCCBDGTAGTC -A GACTACHVGGGTATC...CTGCWGCCNCCCGTAGG --trimmed-only --cores 8 --output results/cutadapt/576A0_S93_L001_R1_001.fastq.gz --paired-output results/cutadapt/576A0_S93_L001_R2_001.fastq.gz raw_data_12_11_2025/576A0_S93_L001_R1_001.fastq.gz raw_data_12_11_2025/576A0_S93_L001_R2_001.fastq.gz
Processing paired-end reads on 8 cores ...

=== Summary ===

Total read pairs processed:             28,800
  Read 1 with adapter:                  28,647 (99.5%)
  Read 2 with adapter:                  28,267 (98.1%)

== Read fate breakdown ==
Pairs discarded as untrimmed:              674 (2.3%)
Pairs written (passing filters):        28,126 (97.7%)

Total basepairs processed:    17,298,467 bp
  Read 1:     8,660,102 bp
  Read 2:     8,638,365 bp
Total written (filtered):     15,294,376 bp (88.4%)
  Read 1:     7,784,986 bp
  Read 2:     7,509,390 bp

=== First read: Adapter 1 ===

Sequence: CCTACGGGNGGCWGCAG...GATACCCBDGTAGTC; Type: linked; Length: 17+15; 5' trimmed: 28638 times; 3' trimmed: 40 times

Minimum overlap: 3+3
No. of allowed errors:
1-9 bp: 0; 10-16 bp: 1

No. of allowed errors:
1-9 bp: 0; 10-15 bp: 1

Overview of removed sequences at 5' end
length	count	expect	max.err	error counts
9	1	0.1	0	1
17	1	0.0	1	1
18	1	0.0	1	1
20	3	0.0	1	3
21	11	0.0	1	9 2
22	52	0.0	1	12 40
23	1523	0.0	1	562 961
24	26747	0.0	1	26411 336
25	212	0.0	1	171 41
26	7	0.0	1	4 3
27	73	0.0	1	73
30	2	0.0	1	1 1
31	5	0.0	1	5



Overview of removed sequences at 3' end
length	count	expect	max.err	error counts
3	34	450.0	0	34
4	1	112.5	0	1
11	4	0.0	1	2 2
31	1	0.0	1	1


=== Second read: Adapter 2 ===

Sequence: GACTACHVGGGTATC...CTGCWGCCNCCCGTAGG; Type: linked; Length: 15+17; 5' trimmed: 28119 times; 3' trimmed: 19049 times

Minimum overlap: 3+3
No. of allowed errors:
1-9 bp: 0; 10-15 bp: 1

No. of allowed errors:
1-9 bp: 0; 10-16 bp: 1

Overview of removed sequences at 5' end
length	count	expect	max.err	error counts
3	1	450.0	0	1
4	2	112.5	0	2
8	1	0.4	0	1
11	1	0.0	1	0 1
14	1	0.0	1	1
20	2	0.0	1	2
21	2	0.0	1	1 1
22	4	0.0	1	2 2
23	1	0.0	1	1
25	10	0.0	1	9 1
26	6	0.0	1	5 1
27	16	0.0	1	11 5
28	42	0.0	1	27 15
29	157	0.0	1	74 83
30	1482	0.0	1	670 812
31	26353	0.0	1	25832 521
32	37	0.0	1	32 5
48	1	0.0	1	1



Overview of removed sequences at 3' end
length	count	expect	max.err	error counts
3	16569	450.0	0	16569
4	1352	112.5	0	1352
5	63	28.1	0	63
6	970	7.0	0	970
7	63	1.8	0	63
9	6	0.1	0	6
11	1	0.0	1	0 1
12	1	0.0	1	0 1
109	4	0.0	1	2 2
110	2	0.0	1	2
113	4	0.0	1	2 2
114	4	0.0	1	4
115	2	0.0	1	2
131	2	0.0	1	1 1
134	2	0.0	1	1 1
135	4	0.0	1	4
Input files: raw_data_12_11_2025/576A14_S94_L001_R1_001.fastq.gz raw_data_12_11_2025/576A14_S94_L001_R2_001.fastq.gz
This is cutadapt 5.1 with Python 3.12.11
Command line parameters: -a CCTACGGGNGGCWGCAG...GATACCCBDGTAGTC -A GACTACHVGGGTATC...CTGCWGCCNCCCGTAGG --trimmed-only --cores 8 --output results/cutadapt/576A14_S94_L001_R1_001.fastq.gz --paired-output results/cutadapt/576A14_S94_L001_R2_001.fastq.gz raw_data_12_11_2025/576A14_S94_L001_R1_001.fastq.gz raw_data_12_11_2025/576A14_S94_L001_R2_001.fastq.gz
Processing paired-end reads on 8 cores ...

=== Summary ===

Total read pairs processed:             32,753
  Read 1 with adapter:                  32,579 (99.5%)
  Read 2 with adapter:                  32,121 (98.1%)

== Read fate breakdown ==
Pairs discarded as untrimmed:              792 (2.4%)
Pairs written (passing filters):        31,961 (97.6%)

Total basepairs processed:    19,670,048 bp
  Read 1:     9,845,519 bp
  Read 2:     9,824,529 bp
Total written (filtered):     17,376,179 bp (88.3%)
  Read 1:     8,842,334 bp
  Read 2:     8,533,845 bp

=== First read: Adapter 1 ===

Sequence: CCTACGGGNGGCWGCAG...GATACCCBDGTAGTC; Type: linked; Length: 17+15; 5' trimmed: 32568 times; 3' trimmed: 76 times

Minimum overlap: 3+3
No. of allowed errors:
1-9 bp: 0; 10-16 bp: 1

No. of allowed errors:
1-9 bp: 0; 10-15 bp: 1

Overview of removed sequences at 5' end
length	count	expect	max.err	error counts
11	1	0.0	1	1
18	1	0.0	1	1
20	2	0.0	1	1 1
21	10	0.0	1	5 5
22	67	0.0	1	8 59
23	1668	0.0	1	660 1008
24	30502	0.0	1	30144 358
25	215	0.0	1	168 47
26	8	0.0	1	3 5
27	78	0.0	1	76 2
30	2	0.0	1	1 1
31	14	0.0	1	14



Overview of removed sequences at 3' end
length	count	expect	max.err	error counts
3	67	511.8	0	67
4	5	127.9	0	5
11	2	0.0	1	2
13	1	0.0	1	0 1
31	1	0.0	1	1


=== Second read: Adapter 2 ===

Sequence: GACTACHVGGGTATC...CTGCWGCCNCCCGTAGG; Type: linked; Length: 15+17; 5' trimmed: 31961 times; 3' trimmed: 21284 times

Minimum overlap: 3+3
No. of allowed errors:
1-9 bp: 0; 10-15 bp: 1

No. of allowed errors:
1-9 bp: 0; 10-16 bp: 1

Overview of removed sequences at 5' end
length	count	expect	max.err	error counts
3	1	511.8	0	1
13	1	0.0	1	1
14	1	0.0	1	0 1
18	1	0.0	1	1
21	1	0.0	1	0 1
23	5	0.0	1	4 1
24	3	0.0	1	2 1
25	22	0.0	1	20 2
26	2	0.0	1	2
27	11	0.0	1	7 4
28	60	0.0	1	39 21
29	144	0.0	1	67 77
30	1628	0.0	1	798 830
31	30043	0.0	1	29491 552
32	37	0.0	1	30 7
33	1	0.0	1	1



Overview of removed sequences at 3' end
length	count	expect	max.err	error counts
3	18250	511.8	0	18250
4	1880	127.9	0	1880
5	66	32.0	0	66
6	1000	8.0	0	1000
7	60	2.0	0	60
9	1	0.1	0	1
12	1	0.0	1	0 1
23	1	0.0	1	0 1
108	1	0.0	1	0 1
109	3	0.0	1	3
110	1	0.0	1	1
113	3	0.0	1	2 1
114	6	0.0	1	2 4
115	1	0.0	1	1
130	1	0.0	1	1
131	1	0.0	1	1
132	1	0.0	1	1
133	1	0.0	1	1
134	4	0.0	1	3 1
135	1	0.0	1	1
136	1	0.0	1	0 1
Input files: raw_data_12_11_2025/576B0_S95_L001_R1_001.fastq.gz raw_data_12_11_2025/576B0_S95_L001_R2_001.fastq.gz
This is cutadapt 5.1 with Python 3.12.11
Command line parameters: -a CCTACGGGNGGCWGCAG...GATACCCBDGTAGTC -A GACTACHVGGGTATC...CTGCWGCCNCCCGTAGG --trimmed-only --cores 8 --output results/cutadapt/576B0_S95_L001_R1_001.fastq.gz --paired-output results/cutadapt/576B0_S95_L001_R2_001.fastq.gz raw_data_12_11_2025/576B0_S95_L001_R1_001.fastq.gz raw_data_12_11_2025/576B0_S95_L001_R2_001.fastq.gz
Processing paired-end reads on 8 cores ...

=== Summary ===

Total read pairs processed:             40,415
  Read 1 with adapter:                  40,182 (99.4%)
  Read 2 with adapter:                  39,621 (98.0%)

== Read fate breakdown ==
Pairs discarded as untrimmed:            1,000 (2.5%)
Pairs written (passing filters):        39,415 (97.5%)

Total basepairs processed:    24,269,485 bp
  Read 1:    12,148,454 bp
  Read 2:    12,121,031 bp
Total written (filtered):     21,430,140 bp (88.3%)
  Read 1:    10,906,056 bp
  Read 2:    10,524,084 bp

=== First read: Adapter 1 ===

Sequence: CCTACGGGNGGCWGCAG...GATACCCBDGTAGTC; Type: linked; Length: 17+15; 5' trimmed: 40176 times; 3' trimmed: 64 times

Minimum overlap: 3+3
No. of allowed errors:
1-9 bp: 0; 10-16 bp: 1

No. of allowed errors:
1-9 bp: 0; 10-15 bp: 1

Overview of removed sequences at 5' end
length	count	expect	max.err	error counts
10	1	0.0	1	1
14	1	0.0	1	0 1
18	1	0.0	1	1
20	1	0.0	1	1
21	8	0.0	1	3 5
22	66	0.0	1	17 49
23	2232	0.0	1	844 1388
24	37489	0.0	1	37077 412
25	277	0.0	1	226 51
26	6	0.0	1	6
27	87	0.0	1	86 1
28	1	0.0	1	1
31	5	0.0	1	5
34	1	0.0	1	1



Overview of removed sequences at 3' end
length	count	expect	max.err	error counts
3	46	631.5	0	46
4	3	157.9	0	3
7	2	2.5	0	2
11	6	0.0	1	5 1
12	4	0.0	1	3 1
28	1	0.0	1	1
30	1	0.0	1	1
31	1	0.0	1	1


=== Second read: Adapter 2 ===

Sequence: GACTACHVGGGTATC...CTGCWGCCNCCCGTAGG; Type: linked; Length: 15+17; 5' trimmed: 39429 times; 3' trimmed: 26269 times

Minimum overlap: 3+3
No. of allowed errors:
1-9 bp: 0; 10-15 bp: 1

No. of allowed errors:
1-9 bp: 0; 10-16 bp: 1

Overview of removed sequences at 5' end
length	count	expect	max.err	error counts
3	1	631.5	0	1
4	1	157.9	0	1
17	3	0.0	1	2 1
18	2	0.0	1	1 1
21	2	0.0	1	0 2
22	5	0.0	1	3 2
23	6	0.0	1	5 1
24	6	0.0	1	4 2
25	15	0.0	1	11 4
26	8	0.0	1	6 2
27	7	0.0	1	4 3
28	56	0.0	1	40 16
29	197	0.0	1	80 117
30	1922	0.0	1	893 1029
31	37135	0.0	1	36409 726
32	62	0.0	1	54 8
68	1	0.0	1	0 1



Overview of removed sequences at 3' end
length	count	expect	max.err	error counts
3	22773	631.5	0	22773
4	1969	157.9	0	1969
5	99	39.5	0	99
6	1317	9.9	0	1317
7	74	2.5	0	74
9	5	0.2	0	5
10	1	0.0	1	0 1
12	4	0.0	1	0 4
21	1	0.0	1	1
24	2	0.0	1	1 1
109	6	0.0	1	6
110	1	0.0	1	1
113	2	0.0	1	1 1
114	4	0.0	1	4
115	4	0.0	1	3 1
130	1	0.0	1	1
131	1	0.0	1	1
133	3	0.0	1	2 1
134	2	0.0	1	2
Input files: raw_data_12_11_2025/576B14_S96_L001_R1_001.fastq.gz raw_data_12_11_2025/576B14_S96_L001_R2_001.fastq.gz
This is cutadapt 5.1 with Python 3.12.11
Command line parameters: -a CCTACGGGNGGCWGCAG...GATACCCBDGTAGTC -A GACTACHVGGGTATC...CTGCWGCCNCCCGTAGG --trimmed-only --cores 8 --output results/cutadapt/576B14_S96_L001_R1_001.fastq.gz --paired-output results/cutadapt/576B14_S96_L001_R2_001.fastq.gz raw_data_12_11_2025/576B14_S96_L001_R1_001.fastq.gz raw_data_12_11_2025/576B14_S96_L001_R2_001.fastq.gz
Processing paired-end reads on 8 cores ...

=== Summary ===

Total read pairs processed:             53,387
  Read 1 with adapter:                  53,021 (99.3%)
  Read 2 with adapter:                  52,287 (97.9%)

== Read fate breakdown ==
Pairs discarded as untrimmed:            1,378 (2.6%)
Pairs written (passing filters):        52,009 (97.4%)

Total basepairs processed:    32,064,825 bp
  Read 1:    16,051,255 bp
  Read 2:    16,013,570 bp
Total written (filtered):     28,279,950 bp (88.2%)
  Read 1:    14,392,467 bp
  Read 2:    13,887,483 bp

=== First read: Adapter 1 ===

Sequence: CCTACGGGNGGCWGCAG...GATACCCBDGTAGTC; Type: linked; Length: 17+15; 5' trimmed: 53004 times; 3' trimmed: 94 times

Minimum overlap: 3+3
No. of allowed errors:
1-9 bp: 0; 10-16 bp: 1

No. of allowed errors:
1-9 bp: 0; 10-15 bp: 1

Overview of removed sequences at 5' end
length	count	expect	max.err	error counts
3	3	834.2	0	3
11	1	0.0	1	1
13	1	0.0	1	1
16	1	0.0	1	1
17	1	0.0	1	0 1
19	3	0.0	1	3
20	4	0.0	1	3 1
21	13	0.0	1	6 7
22	127	0.0	1	30 97
23	2919	0.0	1	1103 1816
24	49489	0.0	1	48934 555
25	341	0.0	1	273 68
26	12	0.0	1	8 4
27	83	0.0	1	80 3
31	6	0.0	1	5 1



Overview of removed sequences at 3' end
length	count	expect	max.err	error counts
3	68	834.2	0	68
4	7	208.5	0	7
10	1	0.1	1	1
11	8	0.0	1	7 1
12	3	0.0	1	1 2
13	1	0.0	1	1
14	3	0.0	1	2 1
24	1	0.0	1	1
31	2	0.0	1	2


=== Second read: Adapter 2 ===

Sequence: GACTACHVGGGTATC...CTGCWGCCNCCCGTAGG; Type: linked; Length: 15+17; 5' trimmed: 52015 times; 3' trimmed: 35026 times

Minimum overlap: 3+3
No. of allowed errors:
1-9 bp: 0; 10-15 bp: 1

No. of allowed errors:
1-9 bp: 0; 10-16 bp: 1

Overview of removed sequences at 5' end
length	count	expect	max.err	error counts
3	2	834.2	0	2
6	1	13.0	0	1
11	1	0.0	1	0 1
12	1	0.0	1	1
17	2	0.0	1	2
18	1	0.0	1	0 1
20	1	0.0	1	1
21	3	0.0	1	0 3
22	1	0.0	1	1
23	2	0.0	1	2
24	7	0.0	1	6 1
25	27	0.0	1	18 9
26	13	0.0	1	11 2
27	15	0.0	1	12 3
28	59	0.0	1	35 24
29	235	0.0	1	97 138
30	2622	0.0	1	1208 1414
31	48943	0.0	1	47825 1118
32	79	0.0	1	61 18



Overview of removed sequences at 3' end
length	count	expect	max.err	error counts
3	30786	834.2	0	30786
4	2231	208.5	0	2231
5	89	52.1	0	89
6	1818	13.0	0	1818
7	76	3.3	0	76
9	5	0.2	0	5
11	1	0.0	1	0 1
24	1	0.0	1	1
27	1	0.0	1	1
109	3	0.0	1	3
110	1	0.0	1	1
113	2	0.0	1	1 1
114	5	0.0	1	4 1
115	4	0.0	1	4
132	1	0.0	1	1
134	2	0.0	1	2
Input files: raw_data_12_11_2025/578A0_S101_L001_R1_001.fastq.gz raw_data_12_11_2025/578A0_S101_L001_R2_001.fastq.gz
This is cutadapt 5.1 with Python 3.12.11
Command line parameters: -a CCTACGGGNGGCWGCAG...GATACCCBDGTAGTC -A GACTACHVGGGTATC...CTGCWGCCNCCCGTAGG --trimmed-only --cores 8 --output results/cutadapt/578A0_S101_L001_R1_001.fastq.gz --paired-output results/cutadapt/578A0_S101_L001_R2_001.fastq.gz raw_data_12_11_2025/578A0_S101_L001_R1_001.fastq.gz raw_data_12_11_2025/578A0_S101_L001_R2_001.fastq.gz
Processing paired-end reads on 8 cores ...

=== Summary ===

Total read pairs processed:             27,469
  Read 1 with adapter:                  27,325 (99.5%)
  Read 2 with adapter:                  26,899 (97.9%)

== Read fate breakdown ==
Pairs discarded as untrimmed:              710 (2.6%)
Pairs written (passing filters):        26,759 (97.4%)

Total basepairs processed:    16,524,970 bp
  Read 1:     8,267,322 bp
  Read 2:     8,257,648 bp
Total written (filtered):     14,614,624 bp (88.4%)
  Read 1:     7,332,846 bp
  Read 2:     7,281,778 bp

=== First read: Adapter 1 ===

Sequence: CCTACGGGNGGCWGCAG...GATACCCBDGTAGTC; Type: linked; Length: 17+15; 5' trimmed: 27323 times; 3' trimmed: 131 times

Minimum overlap: 3+3
No. of allowed errors:
1-9 bp: 0; 10-16 bp: 1

No. of allowed errors:
1-9 bp: 0; 10-15 bp: 1

Overview of removed sequences at 5' end
length	count	expect	max.err	error counts
12	1	0.0	1	0 1
18	1	0.0	1	0 1
22	3	0.0	1	3
23	1	0.0	1	0 1
24	25	0.0	1	20 5
25	91	0.0	1	17 74
26	1707	0.0	1	714 993
27	25411	0.0	1	25085 326
28	83	0.0	1	55 28



Overview of removed sequences at 3' end
length	count	expect	max.err	error counts
3	121	429.2	0	121
6	3	6.7	0	3
7	2	1.7	0	2
9	1	0.1	0	0 1
10	1	0.0	1	0 1
15	1	0.0	1	1
24	1	0.0	1	1
28	1	0.0	1	1


=== Second read: Adapter 2 ===

Sequence: GACTACHVGGGTATC...CTGCWGCCNCCCGTAGG; Type: linked; Length: 15+17; 5' trimmed: 26846 times; 3' trimmed: 3492 times

Minimum overlap: 3+3
No. of allowed errors:
1-9 bp: 0; 10-15 bp: 1

No. of allowed errors:
1-9 bp: 0; 10-16 bp: 1

Overview of removed sequences at 5' end
length	count	expect	max.err	error counts
3	2	429.2	0	2
4	16	107.3	0	16
13	1	0.0	1	1
18	1	0.0	1	1
19	1	0.0	1	0 1
20	3	0.0	1	3
21	3	0.0	1	3
22	6	0.0	1	5 1
23	3	0.0	1	1 2
24	11	0.0	1	9 2
25	21	0.0	1	7 14
26	100	0.0	1	40 60
27	1133	0.0	1	440 693
28	25457	0.0	1	24362 1095
29	80	0.0	1	16 64
31	7	0.0	1	5 2
34	1	0.0	1	1



Overview of removed sequences at 3' end
length	count	expect	max.err	error counts
3	1193	429.2	0	1193
4	204	107.3	0	204
5	30	26.8	0	30
6	1965	6.7	0	1965
7	68	1.7	0	68
8	7	0.4	0	7
9	21	0.1	0	21
11	1	0.0	1	0 1
12	2	0.0	1	0 2
27	1	0.0	1	1
Input files: raw_data_12_11_2025/578A14_S102_L001_R1_001.fastq.gz raw_data_12_11_2025/578A14_S102_L001_R2_001.fastq.gz
This is cutadapt 5.1 with Python 3.12.11
Command line parameters: -a CCTACGGGNGGCWGCAG...GATACCCBDGTAGTC -A GACTACHVGGGTATC...CTGCWGCCNCCCGTAGG --trimmed-only --cores 8 --output results/cutadapt/578A14_S102_L001_R1_001.fastq.gz --paired-output results/cutadapt/578A14_S102_L001_R2_001.fastq.gz raw_data_12_11_2025/578A14_S102_L001_R1_001.fastq.gz raw_data_12_11_2025/578A14_S102_L001_R2_001.fastq.gz
Processing paired-end reads on 8 cores ...

=== Summary ===

Total read pairs processed:             27,596
  Read 1 with adapter:                  27,472 (99.6%)
  Read 2 with adapter:                  26,990 (97.8%)

== Read fate breakdown ==
Pairs discarded as untrimmed:              724 (2.6%)
Pairs written (passing filters):        26,872 (97.4%)

Total basepairs processed:    16,601,946 bp
  Read 1:     8,305,582 bp
  Read 2:     8,296,364 bp
Total written (filtered):     14,677,932 bp (88.4%)
  Read 1:     7,363,439 bp
  Read 2:     7,314,493 bp

=== First read: Adapter 1 ===

Sequence: CCTACGGGNGGCWGCAG...GATACCCBDGTAGTC; Type: linked; Length: 17+15; 5' trimmed: 27469 times; 3' trimmed: 118 times

Minimum overlap: 3+3
No. of allowed errors:
1-9 bp: 0; 10-16 bp: 1

No. of allowed errors:
1-9 bp: 0; 10-15 bp: 1

Overview of removed sequences at 5' end
length	count	expect	max.err	error counts
16	1	0.0	1	1
22	1	0.0	1	1
23	4	0.0	1	3 1
24	21	0.0	1	19 2
25	90	0.0	1	23 67
26	1606	0.0	1	669 937
27	25658	0.0	1	25334 324
28	85	0.0	1	62 23
29	1	0.0	1	1
30	1	0.0	1	0 1
31	1	0.0	1	1



Overview of removed sequences at 3' end
length	count	expect	max.err	error counts
3	105	431.2	0	105
4	1	107.8	0	1
6	2	6.7	0	2
7	2	1.7	0	2
8	1	0.4	0	1
9	1	0.1	0	1
14	1	0.0	1	0 1
15	1	0.0	1	1
28	4	0.0	1	4


=== Second read: Adapter 2 ===

Sequence: GACTACHVGGGTATC...CTGCWGCCNCCCGTAGG; Type: linked; Length: 15+17; 5' trimmed: 26930 times; 3' trimmed: 3152 times

Minimum overlap: 3+3
No. of allowed errors:
1-9 bp: 0; 10-15 bp: 1

No. of allowed errors:
1-9 bp: 0; 10-16 bp: 1

Overview of removed sequences at 5' end
length	count	expect	max.err	error counts
3	1	431.2	0	1
4	8	107.8	0	8
11	1	0.0	1	1
14	1	0.0	1	0 1
21	1	0.0	1	1
22	3	0.0	1	3
23	4	0.0	1	3 1
24	8	0.0	1	5 3
25	13	0.0	1	7 6
26	98	0.0	1	40 58
27	1193	0.0	1	470 723
28	25504	0.0	1	24396 1108
29	85	0.0	1	12 73
30	1	0.0	1	1
31	8	0.0	1	8
35	1	0.0	1	0 1



Overview of removed sequences at 3' end
length	count	expect	max.err	error counts
3	1129	431.2	0	1129
4	179	107.8	0	179
5	34	26.9	0	34
6	1713	6.7	0	1713
7	71	1.7	0	71
8	5	0.4	0	5
9	14	0.1	0	14
11	3	0.0	1	0 3
26	1	0.0	1	0 1
27	2	0.0	1	1 1
78	1	0.0	1	0 1
Input files: raw_data_12_11_2025/578B0_S103_L001_R1_001.fastq.gz raw_data_12_11_2025/578B0_S103_L001_R2_001.fastq.gz
This is cutadapt 5.1 with Python 3.12.11
Command line parameters: -a CCTACGGGNGGCWGCAG...GATACCCBDGTAGTC -A GACTACHVGGGTATC...CTGCWGCCNCCCGTAGG --trimmed-only --cores 8 --output results/cutadapt/578B0_S103_L001_R1_001.fastq.gz --paired-output results/cutadapt/578B0_S103_L001_R2_001.fastq.gz raw_data_12_11_2025/578B0_S103_L001_R1_001.fastq.gz raw_data_12_11_2025/578B0_S103_L001_R2_001.fastq.gz
Processing paired-end reads on 8 cores ...

=== Summary ===

Total read pairs processed:             27,779
  Read 1 with adapter:                  27,643 (99.5%)
  Read 2 with adapter:                  27,187 (97.9%)

== Read fate breakdown ==
Pairs discarded as untrimmed:              724 (2.6%)
Pairs written (passing filters):        27,055 (97.4%)

Total basepairs processed:    16,711,847 bp
  Read 1:     8,360,129 bp
  Read 2:     8,351,718 bp
Total written (filtered):     14,778,743 bp (88.4%)
  Read 1:     7,413,310 bp
  Read 2:     7,365,433 bp

=== First read: Adapter 1 ===

Sequence: CCTACGGGNGGCWGCAG...GATACCCBDGTAGTC; Type: linked; Length: 17+15; 5' trimmed: 27640 times; 3' trimmed: 132 times

Minimum overlap: 3+3
No. of allowed errors:
1-9 bp: 0; 10-16 bp: 1

No. of allowed errors:
1-9 bp: 0; 10-15 bp: 1

Overview of removed sequences at 5' end
length	count	expect	max.err	error counts
21	1	0.0	1	1
23	5	0.0	1	1 4
24	23	0.0	1	22 1
25	69	0.0	1	20 49
26	1647	0.0	1	693 954
27	25809	0.0	1	25496 313
28	86	0.0	1	55 31



Overview of removed sequences at 3' end
length	count	expect	max.err	error counts
3	118	434.0	0	118
7	3	1.7	0	3
8	1	0.4	0	1
9	1	0.1	0	0 1
10	3	0.0	1	0 3
11	1	0.0	1	1
15	2	0.0	1	2
28	3	0.0	1	3


=== Second read: Adapter 2 ===

Sequence: GACTACHVGGGTATC...CTGCWGCCNCCCGTAGG; Type: linked; Length: 15+17; 5' trimmed: 27129 times; 3' trimmed: 3065 times

Minimum overlap: 3+3
No. of allowed errors:
1-9 bp: 0; 10-15 bp: 1

No. of allowed errors:
1-9 bp: 0; 10-16 bp: 1

Overview of removed sequences at 5' end
length	count	expect	max.err	error counts
3	2	434.0	0	2
4	10	108.5	0	10
7	1	1.7	0	1
13	1	0.0	1	0 1
18	1	0.0	1	1
19	1	0.0	1	1
20	2	0.0	1	0 2
21	2	0.0	1	2
22	2	0.0	1	1 1
23	5	0.0	1	3 2
24	11	0.0	1	8 3
25	12	0.0	1	7 5
26	93	0.0	1	30 63
27	1124	0.0	1	451 673
28	25779	0.0	1	24699 1080
29	74	0.0	1	14 60
31	7	0.0	1	4 3
34	2	0.0	1	2



Overview of removed sequences at 3' end
length	count	expect	max.err	error counts
3	1087	434.0	0	1087
4	161	108.5	0	161
5	28	27.1	0	28
6	1714	6.8	0	1714
7	51	1.7	0	51
8	6	0.4	0	6
9	11	0.1	0	11
11	2	0.0	1	0 2
12	1	0.0	1	0 1
13	1	0.0	1	0 1
14	1	0.0	1	0 1
27	2	0.0	1	1 1
Input files: raw_data_12_11_2025/578B14_S104_L001_R1_001.fastq.gz raw_data_12_11_2025/578B14_S104_L001_R2_001.fastq.gz
This is cutadapt 5.1 with Python 3.12.11
Command line parameters: -a CCTACGGGNGGCWGCAG...GATACCCBDGTAGTC -A GACTACHVGGGTATC...CTGCWGCCNCCCGTAGG --trimmed-only --cores 8 --output results/cutadapt/578B14_S104_L001_R1_001.fastq.gz --paired-output results/cutadapt/578B14_S104_L001_R2_001.fastq.gz raw_data_12_11_2025/578B14_S104_L001_R1_001.fastq.gz raw_data_12_11_2025/578B14_S104_L001_R2_001.fastq.gz
Processing paired-end reads on 8 cores ...

=== Summary ===

Total read pairs processed:             23,644
  Read 1 with adapter:                  23,478 (99.3%)
  Read 2 with adapter:                  23,107 (97.7%)

== Read fate breakdown ==
Pairs discarded as untrimmed:              652 (2.8%)
Pairs written (passing filters):        22,992 (97.2%)

Total basepairs processed:    14,222,544 bp
  Read 1:     7,115,690 bp
  Read 2:     7,106,854 bp
Total written (filtered):     12,556,266 bp (88.3%)
  Read 1:     6,300,444 bp
  Read 2:     6,255,822 bp

=== First read: Adapter 1 ===

Sequence: CCTACGGGNGGCWGCAG...GATACCCBDGTAGTC; Type: linked; Length: 17+15; 5' trimmed: 23475 times; 3' trimmed: 104 times

Minimum overlap: 3+3
No. of allowed errors:
1-9 bp: 0; 10-16 bp: 1

No. of allowed errors:
1-9 bp: 0; 10-15 bp: 1

Overview of removed sequences at 5' end
length	count	expect	max.err	error counts
5	1	23.1	0	1
22	3	0.0	1	2 1
23	3	0.0	1	1 2
24	25	0.0	1	21 4
25	75	0.0	1	18 57
26	1424	0.0	1	614 810
27	21856	0.0	1	21591 265
28	88	0.0	1	57 31



Overview of removed sequences at 3' end
length	count	expect	max.err	error counts
3	96	369.4	0	96
4	1	92.4	0	1
7	1	1.4	0	1
10	1	0.0	1	0 1
14	1	0.0	1	1
15	2	0.0	1	2
28	2	0.0	1	2


=== Second read: Adapter 2 ===

Sequence: GACTACHVGGGTATC...CTGCWGCCNCCCGTAGG; Type: linked; Length: 15+17; 5' trimmed: 23066 times; 3' trimmed: 3006 times

Minimum overlap: 3+3
No. of allowed errors:
1-9 bp: 0; 10-15 bp: 1

No. of allowed errors:
1-9 bp: 0; 10-16 bp: 1

Overview of removed sequences at 5' end
length	count	expect	max.err	error counts
3	3	369.4	0	3
4	10	92.4	0	10
8	1	0.4	0	1
10	1	0.0	1	0 1
11	2	0.0	1	0 2
18	1	0.0	1	1
21	1	0.0	1	1
22	2	0.0	1	1 1
23	8	0.0	1	5 3
24	7	0.0	1	4 3
25	14	0.0	1	8 6
26	68	0.0	1	29 39
27	949	0.0	1	350 599
28	21920	0.0	1	20955 965
29	71	0.0	1	12 59
31	5	0.0	1	4 1
34	3	0.0	1	3



Overview of removed sequences at 3' end
length	count	expect	max.err	error counts
3	1081	369.4	0	1081
4	174	92.4	0	174
5	14	23.1	0	14
6	1642	5.8	0	1642
7	66	1.4	0	66
8	5	0.4	0	5
9	19	0.1	0	19
10	2	0.0	1	1 1
11	1	0.0	1	0 1
27	1	0.0	1	0 1
77	1	0.0	1	0 1
Input files: raw_data_12_11_2025/583A0_S129_L001_R1_001.fastq.gz raw_data_12_11_2025/583A0_S129_L001_R2_001.fastq.gz
This is cutadapt 5.1 with Python 3.12.11
Command line parameters: -a CCTACGGGNGGCWGCAG...GATACCCBDGTAGTC -A GACTACHVGGGTATC...CTGCWGCCNCCCGTAGG --trimmed-only --cores 8 --output results/cutadapt/583A0_S129_L001_R1_001.fastq.gz --paired-output results/cutadapt/583A0_S129_L001_R2_001.fastq.gz raw_data_12_11_2025/583A0_S129_L001_R1_001.fastq.gz raw_data_12_11_2025/583A0_S129_L001_R2_001.fastq.gz
Processing paired-end reads on 8 cores ...

=== Summary ===

Total read pairs processed:             31,398
  Read 1 with adapter:                  31,249 (99.5%)
  Read 2 with adapter:                  30,673 (97.7%)

== Read fate breakdown ==
Pairs discarded as untrimmed:              865 (2.8%)
Pairs written (passing filters):        30,533 (97.2%)

Total basepairs processed:    18,886,618 bp
  Read 1:     9,449,986 bp
  Read 2:     9,436,632 bp
Total written (filtered):     16,673,590 bp (88.3%)
  Read 1:     8,366,653 bp
  Read 2:     8,306,937 bp

=== First read: Adapter 1 ===

Sequence: CCTACGGGNGGCWGCAG...GATACCCBDGTAGTC; Type: linked; Length: 17+15; 5' trimmed: 31248 times; 3' trimmed: 277 times

Minimum overlap: 3+3
No. of allowed errors:
1-9 bp: 0; 10-16 bp: 1

No. of allowed errors:
1-9 bp: 0; 10-15 bp: 1

Overview of removed sequences at 5' end
length	count	expect	max.err	error counts
10	1	0.0	1	1
20	1	0.0	1	1
22	3	0.0	1	3
23	3	0.0	1	3
24	33	0.0	1	27 6
25	88	0.0	1	18 70
26	1819	0.0	1	742 1077
27	29203	0.0	1	28881 322
28	95	0.0	1	68 27
29	2	0.0	1	0 2



Overview of removed sequences at 3' end
length	count	expect	max.err	error counts
3	264	490.6	0	264
4	1	122.6	0	1
6	2	7.7	0	2
7	3	1.9	0	3
9	1	0.1	0	0 1
10	5	0.0	1	0 5
11	1	0.0	1	0 1


=== Second read: Adapter 2 ===

Sequence: GACTACHVGGGTATC...CTGCWGCCNCCCGTAGG; Type: linked; Length: 15+17; 5' trimmed: 30581 times; 3' trimmed: 4080 times

Minimum overlap: 3+3
No. of allowed errors:
1-9 bp: 0; 10-15 bp: 1

No. of allowed errors:
1-9 bp: 0; 10-16 bp: 1

Overview of removed sequences at 5' end
length	count	expect	max.err	error counts
4	1	122.6	0	1
20	4	0.0	1	1 3
21	3	0.0	1	1 2
22	1	0.0	1	1
23	7	0.0	1	4 3
24	13	0.0	1	13
25	23	0.0	1	11 12
26	102	0.0	1	36 66
27	1351	0.0	1	528 823
28	28958	0.0	1	27755 1203
29	108	0.0	1	14 94
31	10	0.0	1	8 2



Overview of removed sequences at 3' end
length	count	expect	max.err	error counts
3	1522	490.6	0	1522
4	240	122.6	0	240
5	41	30.7	0	41
6	2149	7.7	0	2149
7	89	1.9	0	89
8	8	0.5	0	8
9	20	0.1	0	20
10	2	0.0	1	2
11	1	0.0	1	0 1
12	4	0.0	1	0 4
13	4	0.0	1	0 4
Input files: raw_data_12_11_2025/583A14_S130_L001_R1_001.fastq.gz raw_data_12_11_2025/583A14_S130_L001_R2_001.fastq.gz
This is cutadapt 5.1 with Python 3.12.11
Command line parameters: -a CCTACGGGNGGCWGCAG...GATACCCBDGTAGTC -A GACTACHVGGGTATC...CTGCWGCCNCCCGTAGG --trimmed-only --cores 8 --output results/cutadapt/583A14_S130_L001_R1_001.fastq.gz --paired-output results/cutadapt/583A14_S130_L001_R2_001.fastq.gz raw_data_12_11_2025/583A14_S130_L001_R1_001.fastq.gz raw_data_12_11_2025/583A14_S130_L001_R2_001.fastq.gz
Processing paired-end reads on 8 cores ...

=== Summary ===

Total read pairs processed:             27,799
  Read 1 with adapter:                  27,622 (99.4%)
  Read 2 with adapter:                  27,119 (97.6%)

== Read fate breakdown ==
Pairs discarded as untrimmed:              847 (3.0%)
Pairs written (passing filters):        26,952 (97.0%)

Total basepairs processed:    16,723,301 bp
  Read 1:     8,365,969 bp
  Read 2:     8,357,332 bp
Total written (filtered):     14,721,145 bp (88.0%)
  Read 1:     7,384,519 bp
  Read 2:     7,336,626 bp

=== First read: Adapter 1 ===

Sequence: CCTACGGGNGGCWGCAG...GATACCCBDGTAGTC; Type: linked; Length: 17+15; 5' trimmed: 27619 times; 3' trimmed: 189 times

Minimum overlap: 3+3
No. of allowed errors:
1-9 bp: 0; 10-16 bp: 1

No. of allowed errors:
1-9 bp: 0; 10-15 bp: 1

Overview of removed sequences at 5' end
length	count	expect	max.err	error counts
16	2	0.0	1	0 2
17	1	0.0	1	0 1
18	1	0.0	1	1
19	1	0.0	1	1
20	1	0.0	1	1
22	2	0.0	1	2
23	1	0.0	1	1
24	16	0.0	1	14 2
25	89	0.0	1	33 56
26	1594	0.0	1	658 936
27	25827	0.0	1	25547 280
28	84	0.0	1	54 30



Overview of removed sequences at 3' end
length	count	expect	max.err	error counts
3	178	434.4	0	178
4	1	108.6	0	1
6	2	6.8	0	2
9	2	0.1	0	1 1
10	1	0.0	1	0 1
18	1	0.0	1	1
27	1	0.0	1	0 1
28	3	0.0	1	3


=== Second read: Adapter 2 ===

Sequence: GACTACHVGGGTATC...CTGCWGCCNCCCGTAGG; Type: linked; Length: 15+17; 5' trimmed: 27054 times; 3' trimmed: 3089 times

Minimum overlap: 3+3
No. of allowed errors:
1-9 bp: 0; 10-15 bp: 1

No. of allowed errors:
1-9 bp: 0; 10-16 bp: 1

Overview of removed sequences at 5' end
length	count	expect	max.err	error counts
3	1	434.4	0	1
4	2	108.6	0	2
5	2	27.1	0	2
11	1	0.0	1	0 1
16	1	0.0	1	1
18	2	0.0	1	2
20	2	0.0	1	2
21	2	0.0	1	1 1
22	2	0.0	1	2
23	3	0.0	1	2 1
24	12	0.0	1	10 2
25	21	0.0	1	10 11
26	94	0.0	1	41 53
27	1201	0.0	1	468 733
28	25620	0.0	1	24550 1070
29	77	0.0	1	11 66
31	9	0.0	1	9
64	2	0.0	1	0 2



Overview of removed sequences at 3' end
length	count	expect	max.err	error counts
3	1059	434.4	0	1059
4	166	108.6	0	166
5	22	27.1	0	22
6	1751	6.8	0	1751
7	62	1.7	0	62
8	5	0.4	0	5
9	20	0.1	0	20
11	1	0.0	1	0 1
12	1	0.0	1	0 1
27	2	0.0	1	2
Input files: raw_data_12_11_2025/583B0_S131_L001_R1_001.fastq.gz raw_data_12_11_2025/583B0_S131_L001_R2_001.fastq.gz
This is cutadapt 5.1 with Python 3.12.11
Command line parameters: -a CCTACGGGNGGCWGCAG...GATACCCBDGTAGTC -A GACTACHVGGGTATC...CTGCWGCCNCCCGTAGG --trimmed-only --cores 8 --output results/cutadapt/583B0_S131_L001_R1_001.fastq.gz --paired-output results/cutadapt/583B0_S131_L001_R2_001.fastq.gz raw_data_12_11_2025/583B0_S131_L001_R1_001.fastq.gz raw_data_12_11_2025/583B0_S131_L001_R2_001.fastq.gz
Processing paired-end reads on 8 cores ...

=== Summary ===

Total read pairs processed:             34,477
  Read 1 with adapter:                  34,326 (99.6%)
  Read 2 with adapter:                  33,709 (97.8%)

== Read fate breakdown ==
Pairs discarded as untrimmed:              915 (2.7%)
Pairs written (passing filters):        33,562 (97.3%)

Total basepairs processed:    20,741,792 bp
  Read 1:    10,377,147 bp
  Read 2:    10,364,645 bp
Total written (filtered):     18,328,920 bp (88.4%)
  Read 1:     9,197,176 bp
  Read 2:     9,131,744 bp

=== First read: Adapter 1 ===

Sequence: CCTACGGGNGGCWGCAG...GATACCCBDGTAGTC; Type: linked; Length: 17+15; 5' trimmed: 34325 times; 3' trimmed: 126 times

Minimum overlap: 3+3
No. of allowed errors:
1-9 bp: 0; 10-16 bp: 1

No. of allowed errors:
1-9 bp: 0; 10-15 bp: 1

Overview of removed sequences at 5' end
length	count	expect	max.err	error counts
21	1	0.0	1	1
22	1	0.0	1	1
23	1	0.0	1	1
24	30	0.0	1	27 3
25	77	0.0	1	19 58
26	1885	0.0	1	758 1127
27	32236	0.0	1	31905 331
28	92	0.0	1	69 23
29	2	0.0	1	0 2



Overview of removed sequences at 3' end
length	count	expect	max.err	error counts
3	120	538.7	0	120
6	2	8.4	0	2
7	1	2.1	0	1
8	1	0.5	0	1
9	1	0.1	0	1
11	1	0.0	1	0 1


=== Second read: Adapter 2 ===

Sequence: GACTACHVGGGTATC...CTGCWGCCNCCCGTAGG; Type: linked; Length: 15+17; 5' trimmed: 33637 times; 3' trimmed: 4512 times

Minimum overlap: 3+3
No. of allowed errors:
1-9 bp: 0; 10-15 bp: 1

No. of allowed errors:
1-9 bp: 0; 10-16 bp: 1

Overview of removed sequences at 5' end
length	count	expect	max.err	error counts
9	1	0.1	0	1
10	1	0.0	1	0 1
17	2	0.0	1	2
21	2	0.0	1	1 1
22	4	0.0	1	4
23	4	0.0	1	3 1
24	15	0.0	1	12 3
25	25	0.0	1	14 11
26	101	0.0	1	33 68
27	1388	0.0	1	542 846
28	31985	0.0	1	30617 1368
29	101	0.0	1	16 85
31	7	0.0	1	6 1
61	1	0.0	1	0 1



Overview of removed sequences at 3' end
length	count	expect	max.err	error counts
3	1491	538.7	0	1491
4	242	134.7	0	242
5	35	33.7	0	35
6	2635	8.4	0	2635
7	79	2.1	0	79
8	7	0.5	0	7
9	19	0.1	0	19
10	1	0.0	1	1
11	1	0.0	1	0 1
12	1	0.0	1	0 1
13	1	0.0	1	0 1
Input files: raw_data_12_11_2025/583B14_S132_L001_R1_001.fastq.gz raw_data_12_11_2025/583B14_S132_L001_R2_001.fastq.gz
This is cutadapt 5.1 with Python 3.12.11
Command line parameters: -a CCTACGGGNGGCWGCAG...GATACCCBDGTAGTC -A GACTACHVGGGTATC...CTGCWGCCNCCCGTAGG --trimmed-only --cores 8 --output results/cutadapt/583B14_S132_L001_R1_001.fastq.gz --paired-output results/cutadapt/583B14_S132_L001_R2_001.fastq.gz raw_data_12_11_2025/583B14_S132_L001_R1_001.fastq.gz raw_data_12_11_2025/583B14_S132_L001_R2_001.fastq.gz
Processing paired-end reads on 8 cores ...

=== Summary ===

Total read pairs processed:             30,037
  Read 1 with adapter:                  29,880 (99.5%)
  Read 2 with adapter:                  29,193 (97.2%)

== Read fate breakdown ==
Pairs discarded as untrimmed:              991 (3.3%)
Pairs written (passing filters):        29,046 (96.7%)

Total basepairs processed:    18,068,360 bp
  Read 1:     9,039,311 bp
  Read 2:     9,029,049 bp
Total written (filtered):     15,862,520 bp (87.8%)
  Read 1:     7,958,054 bp
  Read 2:     7,904,466 bp

=== First read: Adapter 1 ===

Sequence: CCTACGGGNGGCWGCAG...GATACCCBDGTAGTC; Type: linked; Length: 17+15; 5' trimmed: 29878 times; 3' trimmed: 210 times

Minimum overlap: 3+3
No. of allowed errors:
1-9 bp: 0; 10-16 bp: 1

No. of allowed errors:
1-9 bp: 0; 10-15 bp: 1

Overview of removed sequences at 5' end
length	count	expect	max.err	error counts
22	1	0.0	1	0 1
23	4	0.0	1	1 3
24	21	0.0	1	19 2
25	86	0.0	1	28 58
26	1820	0.0	1	747 1073
27	27861	0.0	1	27524 337
28	84	0.0	1	64 20
29	1	0.0	1	1



Overview of removed sequences at 3' end
length	count	expect	max.err	error counts
3	193	469.3	0	193
4	2	117.3	0	2
6	2	7.3	0	2
7	1	1.8	0	1
8	2	0.5	0	2
9	2	0.1	0	1 1
10	3	0.0	1	0 3
11	1	0.0	1	1
12	1	0.0	1	1
24	1	0.0	1	1
28	2	0.0	1	2


=== Second read: Adapter 2 ===

Sequence: GACTACHVGGGTATC...CTGCWGCCNCCCGTAGG; Type: linked; Length: 15+17; 5' trimmed: 29118 times; 3' trimmed: 3646 times

Minimum overlap: 3+3
No. of allowed errors:
1-9 bp: 0; 10-15 bp: 1

No. of allowed errors:
1-9 bp: 0; 10-16 bp: 1

Overview of removed sequences at 5' end
length	count	expect	max.err	error counts
3	3	469.3	0	3
4	1	117.3	0	1
10	1	0.0	1	0 1
20	1	0.0	1	0 1
22	4	0.0	1	3 1
23	9	0.0	1	7 2
24	13	0.0	1	11 2
25	19	0.0	1	10 9
26	96	0.0	1	36 60
27	1215	0.0	1	487 728
28	27648	0.0	1	26324 1324
29	99	0.0	1	17 82
31	9	0.0	1	9



Overview of removed sequences at 3' end
length	count	expect	max.err	error counts
3	1400	469.3	0	1400
4	215	117.3	0	215
5	33	29.3	0	33
6	1891	7.3	0	1891
7	72	1.8	0	72
8	4	0.5	0	4
9	26	0.1	0	26
10	1	0.0	1	1
11	2	0.0	1	0 2
13	1	0.0	1	0 1
27	1	0.0	1	1
Input files: raw_data_12_11_2025/586A0_S109_L001_R1_001.fastq.gz raw_data_12_11_2025/586A0_S109_L001_R2_001.fastq.gz
This is cutadapt 5.1 with Python 3.12.11
Command line parameters: -a CCTACGGGNGGCWGCAG...GATACCCBDGTAGTC -A GACTACHVGGGTATC...CTGCWGCCNCCCGTAGG --trimmed-only --cores 8 --output results/cutadapt/586A0_S109_L001_R1_001.fastq.gz --paired-output results/cutadapt/586A0_S109_L001_R2_001.fastq.gz raw_data_12_11_2025/586A0_S109_L001_R1_001.fastq.gz raw_data_12_11_2025/586A0_S109_L001_R2_001.fastq.gz
Processing paired-end reads on 8 cores ...

=== Summary ===

Total read pairs processed:             27,578
  Read 1 with adapter:                  27,428 (99.5%)
  Read 2 with adapter:                  27,047 (98.1%)

== Read fate breakdown ==
Pairs discarded as untrimmed:              673 (2.4%)
Pairs written (passing filters):        26,905 (97.6%)

Total basepairs processed:    16,586,808 bp
  Read 1:     8,298,669 bp
  Read 2:     8,288,139 bp
Total written (filtered):     14,690,566 bp (88.6%)
  Read 1:     7,371,713 bp
  Read 2:     7,318,853 bp

=== First read: Adapter 1 ===

Sequence: CCTACGGGNGGCWGCAG...GATACCCBDGTAGTC; Type: linked; Length: 17+15; 5' trimmed: 27423 times; 3' trimmed: 147 times

Minimum overlap: 3+3
No. of allowed errors:
1-9 bp: 0; 10-16 bp: 1

No. of allowed errors:
1-9 bp: 0; 10-15 bp: 1

Overview of removed sequences at 5' end
length	count	expect	max.err	error counts
22	1	0.0	1	1
23	3	0.0	1	2 1
24	14	0.0	1	12 2
25	69	0.0	1	18 51
26	1654	0.0	1	665 989
27	25596	0.0	1	25291 305
28	86	0.0	1	67 19



Overview of removed sequences at 3' end
length	count	expect	max.err	error counts
3	130	430.9	0	130
4	2	107.7	0	2
6	1	6.7	0	1
7	3	1.7	0	3
8	2	0.4	0	2
9	1	0.1	0	1
11	1	0.0	1	1
15	1	0.0	1	1
17	1	0.0	1	1
28	4	0.0	1	4
36	1	0.0	1	1


=== Second read: Adapter 2 ===

Sequence: GACTACHVGGGTATC...CTGCWGCCNCCCGTAGG; Type: linked; Length: 15+17; 5' trimmed: 26994 times; 3' trimmed: 3700 times

Minimum overlap: 3+3
No. of allowed errors:
1-9 bp: 0; 10-15 bp: 1

No. of allowed errors:
1-9 bp: 0; 10-16 bp: 1

Overview of removed sequences at 5' end
length	count	expect	max.err	error counts
4	1	107.7	0	1
5	3	26.9	0	3
7	1	1.7	0	1
12	2	0.0	1	2
17	1	0.0	1	1
19	3	0.0	1	2 1
20	2	0.0	1	1 1
21	1	0.0	1	1
22	3	0.0	1	3
23	8	0.0	1	5 3
24	13	0.0	1	11 2
25	21	0.0	1	15 6
26	67	0.0	1	25 42
27	1155	0.0	1	440 715
28	25608	0.0	1	24555 1053
29	98	0.0	1	12 86
31	5	0.0	1	3 2
34	2	0.0	1	2



Overview of removed sequences at 3' end
length	count	expect	max.err	error counts
3	1386	430.9	0	1386
4	215	107.7	0	215
5	34	26.9	0	34
6	1967	6.7	0	1967
7	65	1.7	0	65
8	9	0.4	0	9
9	15	0.1	0	15
11	3	0.0	1	1 2
12	1	0.0	1	0 1
13	2	0.0	1	0 2
26	1	0.0	1	0 1
27	2	0.0	1	2
Input files: raw_data_12_11_2025/586A14_S110_L001_R1_001.fastq.gz raw_data_12_11_2025/586A14_S110_L001_R2_001.fastq.gz
This is cutadapt 5.1 with Python 3.12.11
Command line parameters: -a CCTACGGGNGGCWGCAG...GATACCCBDGTAGTC -A GACTACHVGGGTATC...CTGCWGCCNCCCGTAGG --trimmed-only --cores 8 --output results/cutadapt/586A14_S110_L001_R1_001.fastq.gz --paired-output results/cutadapt/586A14_S110_L001_R2_001.fastq.gz raw_data_12_11_2025/586A14_S110_L001_R1_001.fastq.gz raw_data_12_11_2025/586A14_S110_L001_R2_001.fastq.gz
Processing paired-end reads on 8 cores ...

=== Summary ===

Total read pairs processed:             25,982
  Read 1 with adapter:                  25,839 (99.4%)
  Read 2 with adapter:                  25,432 (97.9%)

== Read fate breakdown ==
Pairs discarded as untrimmed:              688 (2.6%)
Pairs written (passing filters):        25,294 (97.4%)

Total basepairs processed:    15,628,484 bp
  Read 1:     7,818,424 bp
  Read 2:     7,810,060 bp
Total written (filtered):     13,811,271 bp (88.4%)
  Read 1:     6,929,301 bp
  Read 2:     6,881,970 bp

=== First read: Adapter 1 ===

Sequence: CCTACGGGNGGCWGCAG...GATACCCBDGTAGTC; Type: linked; Length: 17+15; 5' trimmed: 25833 times; 3' trimmed: 140 times

Minimum overlap: 3+3
No. of allowed errors:
1-9 bp: 0; 10-16 bp: 1

No. of allowed errors:
1-9 bp: 0; 10-15 bp: 1

Overview of removed sequences at 5' end
length	count	expect	max.err	error counts
15	1	0.0	1	0 1
18	1	0.0	1	0 1
20	1	0.0	1	1
21	1	0.0	1	1
23	1	0.0	1	1
24	21	0.0	1	17 4
25	76	0.0	1	25 51
26	1545	0.0	1	653 892
27	24117	0.0	1	23813 304
28	68	0.0	1	45 23
31	1	0.0	1	0 1



Overview of removed sequences at 3' end
length	count	expect	max.err	error counts
3	118	406.0	0	118
4	1	101.5	0	1
6	1	6.3	0	1
7	3	1.6	0	3
15	3	0.0	1	2 1
22	1	0.0	1	1
28	10	0.0	1	9 1
37	1	0.0	1	1
120	2	0.0	1	2


=== Second read: Adapter 2 ===

Sequence: GACTACHVGGGTATC...CTGCWGCCNCCCGTAGG; Type: linked; Length: 15+17; 5' trimmed: 25377 times; 3' trimmed: 3292 times

Minimum overlap: 3+3
No. of allowed errors:
1-9 bp: 0; 10-15 bp: 1

No. of allowed errors:
1-9 bp: 0; 10-16 bp: 1

Overview of removed sequences at 5' end
length	count	expect	max.err	error counts
3	4	406.0	0	4
4	1	101.5	0	1
6	1	6.3	0	1
9	1	0.1	0	1
17	1	0.0	1	1
18	1	0.0	1	1
21	2	0.0	1	2
22	3	0.0	1	2 1
23	5	0.0	1	3 2
24	4	0.0	1	4
25	18	0.0	1	6 12
26	81	0.0	1	34 47
27	1088	0.0	1	429 659
28	24069	0.0	1	23057 1012
29	87	0.0	1	15 72
31	7	0.0	1	7
33	1	0.0	1	1
34	2	0.0	1	1 1
66	1	0.0	1	0 1



Overview of removed sequences at 3' end
length	count	expect	max.err	error counts
3	1195	406.0	0	1195
4	176	101.5	0	176
5	42	25.4	0	42
6	1796	6.3	0	1796
7	49	1.6	0	49
8	8	0.4	0	8
9	12	0.1	0	12
10	1	0.0	1	1
12	1	0.0	1	0 1
13	1	0.0	1	0 1
26	2	0.0	1	0 2
27	8	0.0	1	2 6
128	1	0.0	1	0 1
Input files: raw_data_12_11_2025/586B0_S111_L001_R1_001.fastq.gz raw_data_12_11_2025/586B0_S111_L001_R2_001.fastq.gz
This is cutadapt 5.1 with Python 3.12.11
Command line parameters: -a CCTACGGGNGGCWGCAG...GATACCCBDGTAGTC -A GACTACHVGGGTATC...CTGCWGCCNCCCGTAGG --trimmed-only --cores 8 --output results/cutadapt/586B0_S111_L001_R1_001.fastq.gz --paired-output results/cutadapt/586B0_S111_L001_R2_001.fastq.gz raw_data_12_11_2025/586B0_S111_L001_R1_001.fastq.gz raw_data_12_11_2025/586B0_S111_L001_R2_001.fastq.gz
Processing paired-end reads on 8 cores ...

=== Summary ===

Total read pairs processed:             26,817
  Read 1 with adapter:                  26,699 (99.6%)
  Read 2 with adapter:                  26,271 (98.0%)

== Read fate breakdown ==
Pairs discarded as untrimmed:              655 (2.4%)
Pairs written (passing filters):        26,162 (97.6%)

Total basepairs processed:    16,130,628 bp
  Read 1:     8,071,042 bp
  Read 2:     8,059,586 bp
Total written (filtered):     14,282,081 bp (88.5%)
  Read 1:     7,168,817 bp
  Read 2:     7,113,264 bp

=== First read: Adapter 1 ===

Sequence: CCTACGGGNGGCWGCAG...GATACCCBDGTAGTC; Type: linked; Length: 17+15; 5' trimmed: 26694 times; 3' trimmed: 147 times

Minimum overlap: 3+3
No. of allowed errors:
1-9 bp: 0; 10-16 bp: 1

No. of allowed errors:
1-9 bp: 0; 10-15 bp: 1

Overview of removed sequences at 5' end
length	count	expect	max.err	error counts
17	1	0.0	1	1
21	1	0.0	1	1
23	2	0.0	1	0 2
24	21	0.0	1	17 4
25	63	0.0	1	27 36
26	1608	0.0	1	701 907
27	24909	0.0	1	24604 305
28	88	0.0	1	62 26
31	1	0.0	1	1



Overview of removed sequences at 3' end
length	count	expect	max.err	error counts
3	137	419.0	0	137
4	2	104.8	0	2
7	1	1.6	0	1
8	2	0.4	0	2
12	1	0.0	1	0 1
15	1	0.0	1	1
24	1	0.0	1	1
28	2	0.0	1	2


=== Second read: Adapter 2 ===

Sequence: GACTACHVGGGTATC...CTGCWGCCNCCCGTAGG; Type: linked; Length: 15+17; 5' trimmed: 26230 times; 3' trimmed: 4246 times

Minimum overlap: 3+3
No. of allowed errors:
1-9 bp: 0; 10-15 bp: 1

No. of allowed errors:
1-9 bp: 0; 10-16 bp: 1

Overview of removed sequences at 5' end
length	count	expect	max.err	error counts
3	4	419.0	0	4
4	2	104.8	0	2
5	2	26.2	0	2
17	1	0.0	1	0 1
18	1	0.0	1	1
20	2	0.0	1	1 1
21	4	0.0	1	3 1
23	3	0.0	1	1 2
24	17	0.0	1	14 3
25	19	0.0	1	9 10
26	75	0.0	1	25 50
27	1140	0.0	1	453 687
28	24864	0.0	1	23835 1029
29	91	0.0	1	16 75
31	4	0.0	1	4
34	1	0.0	1	1



Overview of removed sequences at 3' end
length	count	expect	max.err	error counts
3	1745	419.0	0	1745
4	212	104.8	0	212
5	177	26.2	0	177
6	2024	6.5	0	2024
7	52	1.6	0	52
8	3	0.4	0	3
9	28	0.1	0	28
10	1	0.0	1	1
11	3	0.0	1	0 3
12	1	0.0	1	0 1
Input files: raw_data_12_11_2025/586B14_S112_L001_R1_001.fastq.gz raw_data_12_11_2025/586B14_S112_L001_R2_001.fastq.gz
This is cutadapt 5.1 with Python 3.12.11
Command line parameters: -a CCTACGGGNGGCWGCAG...GATACCCBDGTAGTC -A GACTACHVGGGTATC...CTGCWGCCNCCCGTAGG --trimmed-only --cores 8 --output results/cutadapt/586B14_S112_L001_R1_001.fastq.gz --paired-output results/cutadapt/586B14_S112_L001_R2_001.fastq.gz raw_data_12_11_2025/586B14_S112_L001_R1_001.fastq.gz raw_data_12_11_2025/586B14_S112_L001_R2_001.fastq.gz
Processing paired-end reads on 8 cores ...

=== Summary ===

Total read pairs processed:             21,750
  Read 1 with adapter:                  21,578 (99.2%)
  Read 2 with adapter:                  21,181 (97.4%)

== Read fate breakdown ==
Pairs discarded as untrimmed:              687 (3.2%)
Pairs written (passing filters):        21,063 (96.8%)

Total basepairs processed:    13,080,813 bp
  Read 1:     6,545,594 bp
  Read 2:     6,535,219 bp
Total written (filtered):     11,494,186 bp (87.9%)
  Read 1:     5,771,243 bp
  Read 2:     5,722,943 bp

=== First read: Adapter 1 ===

Sequence: CCTACGGGNGGCWGCAG...GATACCCBDGTAGTC; Type: linked; Length: 17+15; 5' trimmed: 21576 times; 3' trimmed: 173 times

Minimum overlap: 3+3
No. of allowed errors:
1-9 bp: 0; 10-16 bp: 1

No. of allowed errors:
1-9 bp: 0; 10-15 bp: 1

Overview of removed sequences at 5' end
length	count	expect	max.err	error counts
3	2	339.8	0	2
19	1	0.0	1	1
23	4	0.0	1	2 2
24	20	0.0	1	17 3
25	56	0.0	1	14 42
26	1247	0.0	1	483 764
27	20183	0.0	1	19869 314
28	63	0.0	1	49 14



Overview of removed sequences at 3' end
length	count	expect	max.err	error counts
3	167	339.8	0	167
6	2	5.3	0	2
7	1	1.3	0	1
11	1	0.0	1	0 1
15	1	0.0	1	1
24	1	0.0	1	1


=== Second read: Adapter 2 ===

Sequence: GACTACHVGGGTATC...CTGCWGCCNCCCGTAGG; Type: linked; Length: 15+17; 5' trimmed: 21116 times; 3' trimmed: 4119 times

Minimum overlap: 3+3
No. of allowed errors:
1-9 bp: 0; 10-15 bp: 1

No. of allowed errors:
1-9 bp: 0; 10-16 bp: 1

Overview of removed sequences at 5' end
length	count	expect	max.err	error counts
3	4	339.8	0	4
5	2	21.2	0	2
12	1	0.0	1	0 1
14	1	0.0	1	1
17	1	0.0	1	1
19	1	0.0	1	1
20	1	0.0	1	1
21	1	0.0	1	1
23	2	0.0	1	1 1
24	11	0.0	1	9 2
25	14	0.0	1	8 6
26	71	0.0	1	27 44
27	907	0.0	1	341 566
28	20016	0.0	1	19062 954
29	77	0.0	1	13 64
30	1	0.0	1	1
31	4	0.0	1	4
34	1	0.0	1	1



Overview of removed sequences at 3' end
length	count	expect	max.err	error counts
3	1650	339.8	0	1650
4	178	85.0	0	178
5	43	21.2	0	43
6	2157	5.3	0	2157
7	53	1.3	0	53
8	6	0.3	0	6
9	28	0.1	0	28
10	3	0.0	1	3
12	1	0.0	1	0 1
Input files: raw_data_12_11_2025/597A0_S121_L001_R1_001.fastq.gz raw_data_12_11_2025/597A0_S121_L001_R2_001.fastq.gz
This is cutadapt 5.1 with Python 3.12.11
Command line parameters: -a CCTACGGGNGGCWGCAG...GATACCCBDGTAGTC -A GACTACHVGGGTATC...CTGCWGCCNCCCGTAGG --trimmed-only --cores 8 --output results/cutadapt/597A0_S121_L001_R1_001.fastq.gz --paired-output results/cutadapt/597A0_S121_L001_R2_001.fastq.gz raw_data_12_11_2025/597A0_S121_L001_R1_001.fastq.gz raw_data_12_11_2025/597A0_S121_L001_R2_001.fastq.gz
Processing paired-end reads on 8 cores ...

=== Summary ===

Total read pairs processed:             31,144
  Read 1 with adapter:                  30,995 (99.5%)
  Read 2 with adapter:                  30,444 (97.8%)

== Read fate breakdown ==
Pairs discarded as untrimmed:              840 (2.7%)
Pairs written (passing filters):        30,304 (97.3%)

Total basepairs processed:    18,736,515 bp
  Read 1:     9,373,273 bp
  Read 2:     9,363,242 bp
Total written (filtered):     16,550,255 bp (88.3%)
  Read 1:     8,303,599 bp
  Read 2:     8,246,656 bp

=== First read: Adapter 1 ===

Sequence: CCTACGGGNGGCWGCAG...GATACCCBDGTAGTC; Type: linked; Length: 17+15; 5' trimmed: 30994 times; 3' trimmed: 117 times

Minimum overlap: 3+3
No. of allowed errors:
1-9 bp: 0; 10-16 bp: 1

No. of allowed errors:
1-9 bp: 0; 10-15 bp: 1

Overview of removed sequences at 5' end
length	count	expect	max.err	error counts
10	1	0.0	1	1
22	3	0.0	1	2 1
23	3	0.0	1	1 2
24	16	0.0	1	15 1
25	83	0.0	1	26 57
26	1740	0.0	1	749 991
27	29053	0.0	1	28747 306
28	95	0.0	1	64 31



Overview of removed sequences at 3' end
length	count	expect	max.err	error counts
3	96	486.6	0	96
6	1	7.6	0	1
9	1	0.1	0	0 1
10	14	0.0	1	0 14
11	1	0.0	1	0 1
13	1	0.0	1	0 1
24	1	0.0	1	1
28	2	0.0	1	2


=== Second read: Adapter 2 ===

Sequence: GACTACHVGGGTATC...CTGCWGCCNCCCGTAGG; Type: linked; Length: 15+17; 5' trimmed: 30364 times; 3' trimmed: 4052 times

Minimum overlap: 3+3
No. of allowed errors:
1-9 bp: 0; 10-15 bp: 1

No. of allowed errors:
1-9 bp: 0; 10-16 bp: 1

Overview of removed sequences at 5' end
length	count	expect	max.err	error counts
3	1	486.6	0	1
4	3	121.7	0	3
13	2	0.0	1	1 1
20	4	0.0	1	2 2
21	5	0.0	1	4 1
22	3	0.0	1	2 1
23	3	0.0	1	3
24	13	0.0	1	12 1
25	10	0.0	1	3 7
26	104	0.0	1	35 69
27	1268	0.0	1	501 767
28	28853	0.0	1	27601 1252
29	87	0.0	1	6 81
31	8	0.0	1	7 1



Overview of removed sequences at 3' end
length	count	expect	max.err	error counts
3	1387	486.6	0	1387
4	218	121.7	0	218
5	31	30.4	0	31
6	2331	7.6	0	2331
7	56	1.9	0	56
8	4	0.5	0	4
9	20	0.1	0	20
10	2	0.0	1	2
23	1	0.0	1	0 1
27	2	0.0	1	1 1
Input files: raw_data_12_11_2025/597A14_S122_L001_R1_001.fastq.gz raw_data_12_11_2025/597A14_S122_L001_R2_001.fastq.gz
This is cutadapt 5.1 with Python 3.12.11
Command line parameters: -a CCTACGGGNGGCWGCAG...GATACCCBDGTAGTC -A GACTACHVGGGTATC...CTGCWGCCNCCCGTAGG --trimmed-only --cores 8 --output results/cutadapt/597A14_S122_L001_R1_001.fastq.gz --paired-output results/cutadapt/597A14_S122_L001_R2_001.fastq.gz raw_data_12_11_2025/597A14_S122_L001_R1_001.fastq.gz raw_data_12_11_2025/597A14_S122_L001_R2_001.fastq.gz
Processing paired-end reads on 8 cores ...

=== Summary ===

Total read pairs processed:             27,999
  Read 1 with adapter:                  27,848 (99.5%)
  Read 2 with adapter:                  27,416 (97.9%)

== Read fate breakdown ==
Pairs discarded as untrimmed:              728 (2.6%)
Pairs written (passing filters):        27,271 (97.4%)

Total basepairs processed:    16,841,998 bp
  Read 1:     8,426,499 bp
  Read 2:     8,415,499 bp
Total written (filtered):     14,893,168 bp (88.4%)
  Read 1:     7,472,315 bp
  Read 2:     7,420,853 bp

=== First read: Adapter 1 ===

Sequence: CCTACGGGNGGCWGCAG...GATACCCBDGTAGTC; Type: linked; Length: 17+15; 5' trimmed: 27843 times; 3' trimmed: 155 times

Minimum overlap: 3+3
No. of allowed errors:
1-9 bp: 0; 10-16 bp: 1

No. of allowed errors:
1-9 bp: 0; 10-15 bp: 1

Overview of removed sequences at 5' end
length	count	expect	max.err	error counts
16	1	0.0	1	0 1
20	1	0.0	1	1
21	1	0.0	1	1
23	4	0.0	1	1 3
24	18	0.0	1	15 3
25	84	0.0	1	17 67
26	1596	0.0	1	647 949
27	26067	0.0	1	25764 303
28	71	0.0	1	52 19



Overview of removed sequences at 3' end
length	count	expect	max.err	error counts
3	137	437.5	0	137
6	2	6.8	0	2
7	1	1.7	0	1
10	5	0.0	1	0 5
11	2	0.0	1	1 1
12	2	0.0	1	2
13	2	0.0	1	1 1
24	1	0.0	1	1
28	3	0.0	1	2 1


=== Second read: Adapter 2 ===

Sequence: GACTACHVGGGTATC...CTGCWGCCNCCCGTAGG; Type: linked; Length: 15+17; 5' trimmed: 27365 times; 3' trimmed: 3193 times

Minimum overlap: 3+3
No. of allowed errors:
1-9 bp: 0; 10-15 bp: 1

No. of allowed errors:
1-9 bp: 0; 10-16 bp: 1

Overview of removed sequences at 5' end
length	count	expect	max.err	error counts
3	5	437.5	0	5
14	1	0.0	1	0 1
16	1	0.0	1	1
18	1	0.0	1	1
19	1	0.0	1	0 1
20	2	0.0	1	0 2
21	1	0.0	1	0 1
22	3	0.0	1	2 1
23	4	0.0	1	4
24	8	0.0	1	8
25	18	0.0	1	8 10
26	97	0.0	1	44 53
27	1157	0.0	1	434 723
28	25953	0.0	1	24866 1087
29	107	0.0	1	14 93
30	1	0.0	1	0 1
31	5	0.0	1	3 2



Overview of removed sequences at 3' end
length	count	expect	max.err	error counts
3	1171	437.5	0	1171
4	200	109.4	0	200
5	32	27.3	0	32
6	1664	6.8	0	1664
7	89	1.7	0	89
8	4	0.4	0	4
9	24	0.1	0	24
10	2	0.0	1	2
11	3	0.0	1	0 3
13	1	0.0	1	0 1
23	1	0.0	1	1
26	1	0.0	1	0 1
27	1	0.0	1	1
Input files: raw_data_12_11_2025/597B0_S123_L001_R1_001.fastq.gz raw_data_12_11_2025/597B0_S123_L001_R2_001.fastq.gz
This is cutadapt 5.1 with Python 3.12.11
Command line parameters: -a CCTACGGGNGGCWGCAG...GATACCCBDGTAGTC -A GACTACHVGGGTATC...CTGCWGCCNCCCGTAGG --trimmed-only --cores 8 --output results/cutadapt/597B0_S123_L001_R1_001.fastq.gz --paired-output results/cutadapt/597B0_S123_L001_R2_001.fastq.gz raw_data_12_11_2025/597B0_S123_L001_R1_001.fastq.gz raw_data_12_11_2025/597B0_S123_L001_R2_001.fastq.gz
Processing paired-end reads on 8 cores ...

=== Summary ===

Total read pairs processed:              5,340
  Read 1 with adapter:                   5,314 (99.5%)
  Read 2 with adapter:                   5,229 (97.9%)

== Read fate breakdown ==
Pairs discarded as untrimmed:              135 (2.5%)
Pairs written (passing filters):         5,205 (97.5%)

Total basepairs processed:     3,206,988 bp
  Read 1:     1,605,066 bp
  Read 2:     1,601,922 bp
Total written (filtered):      2,829,982 bp (88.2%)
  Read 1:     1,439,651 bp
  Read 2:     1,390,331 bp

=== First read: Adapter 1 ===

Sequence: CCTACGGGNGGCWGCAG...GATACCCBDGTAGTC; Type: linked; Length: 17+15; 5' trimmed: 5312 times; 3' trimmed: 7 times

Minimum overlap: 3+3
No. of allowed errors:
1-9 bp: 0; 10-16 bp: 1

No. of allowed errors:
1-9 bp: 0; 10-15 bp: 1

Overview of removed sequences at 5' end
length	count	expect	max.err	error counts
22	8	0.0	1	5 3
23	250	0.0	1	91 159
24	4962	0.0	1	4917 45
25	33	0.0	1	20 13
26	2	0.0	1	2
27	57	0.0	1	57



Overview of removed sequences at 3' end
length	count	expect	max.err	error counts
3	4	83.4	0	4
12	1	0.0	1	1
13	2	0.0	1	0 2


=== Second read: Adapter 2 ===

Sequence: GACTACHVGGGTATC...CTGCWGCCNCCCGTAGG; Type: linked; Length: 15+17; 5' trimmed: 5208 times; 3' trimmed: 3313 times

Minimum overlap: 3+3
No. of allowed errors:
1-9 bp: 0; 10-15 bp: 1

No. of allowed errors:
1-9 bp: 0; 10-16 bp: 1

Overview of removed sequences at 5' end
length	count	expect	max.err	error counts
17	1	0.0	1	1
24	3	0.0	1	2 1
25	3	0.0	1	3
27	1	0.0	1	1
28	43	0.0	1	35 8
29	30	0.0	1	10 20
30	262	0.0	1	117 145
31	4851	0.0	1	4758 93
32	14	0.0	1	12 2



Overview of removed sequences at 3' end
length	count	expect	max.err	error counts
3	2799	83.4	0	2799
4	295	20.9	0	295
5	20	5.2	0	20
6	180	1.3	0	180
7	15	0.3	0	15
8	1	0.1	0	1
9	2	0.0	0	2
10	1	0.0	1	0 1
Input files: raw_data_12_11_2025/597B14_S124_L001_R1_001.fastq.gz raw_data_12_11_2025/597B14_S124_L001_R2_001.fastq.gz
This is cutadapt 5.1 with Python 3.12.11
Command line parameters: -a CCTACGGGNGGCWGCAG...GATACCCBDGTAGTC -A GACTACHVGGGTATC...CTGCWGCCNCCCGTAGG --trimmed-only --cores 8 --output results/cutadapt/597B14_S124_L001_R1_001.fastq.gz --paired-output results/cutadapt/597B14_S124_L001_R2_001.fastq.gz raw_data_12_11_2025/597B14_S124_L001_R1_001.fastq.gz raw_data_12_11_2025/597B14_S124_L001_R2_001.fastq.gz
Processing paired-end reads on 8 cores ...

=== Summary ===

Total read pairs processed:             28,308
  Read 1 with adapter:                  28,154 (99.5%)
  Read 2 with adapter:                  27,609 (97.5%)

== Read fate breakdown ==
Pairs discarded as untrimmed:              845 (3.0%)
Pairs written (passing filters):        27,463 (97.0%)

Total basepairs processed:    17,027,147 bp
  Read 1:     8,518,222 bp
  Read 2:     8,508,925 bp
Total written (filtered):     14,996,532 bp (88.1%)
  Read 1:     7,523,552 bp
  Read 2:     7,472,980 bp

=== First read: Adapter 1 ===

Sequence: CCTACGGGNGGCWGCAG...GATACCCBDGTAGTC; Type: linked; Length: 17+15; 5' trimmed: 28152 times; 3' trimmed: 196 times

Minimum overlap: 3+3
No. of allowed errors:
1-9 bp: 0; 10-16 bp: 1

No. of allowed errors:
1-9 bp: 0; 10-15 bp: 1

Overview of removed sequences at 5' end
length	count	expect	max.err	error counts
21	1	0.0	1	0 1
23	3	0.0	1	2 1
24	14	0.0	1	12 2
25	79	0.0	1	19 60
26	1745	0.0	1	742 1003
27	26218	0.0	1	25923 295
28	91	0.0	1	65 26
31	1	0.0	1	1



Overview of removed sequences at 3' end
length	count	expect	max.err	error counts
3	181	442.3	0	181
4	1	110.6	0	1
6	1	6.9	0	1
7	4	1.7	0	4
8	2	0.4	0	2
9	1	0.1	0	1
24	1	0.0	1	1
28	5	0.0	1	5


=== Second read: Adapter 2 ===

Sequence: GACTACHVGGGTATC...CTGCWGCCNCCCGTAGG; Type: linked; Length: 15+17; 5' trimmed: 27543 times; 3' trimmed: 3484 times

Minimum overlap: 3+3
No. of allowed errors:
1-9 bp: 0; 10-15 bp: 1

No. of allowed errors:
1-9 bp: 0; 10-16 bp: 1

Overview of removed sequences at 5' end
length	count	expect	max.err	error counts
3	6	442.3	0	6
4	4	110.6	0	4
7	1	1.7	0	1
12	1	0.0	1	1
13	1	0.0	1	0 1
17	1	0.0	1	1
19	1	0.0	1	1
20	2	0.0	1	1 1
21	3	0.0	1	1 2
22	1	0.0	1	1
23	6	0.0	1	4 2
24	8	0.0	1	8
25	13	0.0	1	7 6
26	81	0.0	1	31 50
27	1177	0.0	1	483 694
28	26146	0.0	1	24930 1216
29	87	0.0	1	9 78
30	1	0.0	1	0 1
31	3	0.0	1	2 1



Overview of removed sequences at 3' end
length	count	expect	max.err	error counts
3	1286	442.3	0	1286
4	217	110.6	0	217
5	31	27.6	0	31
6	1858	6.9	0	1858
7	61	1.7	0	61
8	4	0.4	0	4
9	16	0.1	0	16
11	2	0.0	1	0 2
12	3	0.0	1	0 3
13	1	0.0	1	0 1
26	1	0.0	1	1
27	3	0.0	1	0 3
40	1	0.0	1	1
Input files: raw_data_12_11_2025/603A0_S13_L001_R1_001.fastq.gz raw_data_12_11_2025/603A0_S13_L001_R2_001.fastq.gz
This is cutadapt 5.1 with Python 3.12.11
Command line parameters: -a CCTACGGGNGGCWGCAG...GATACCCBDGTAGTC -A GACTACHVGGGTATC...CTGCWGCCNCCCGTAGG --trimmed-only --cores 8 --output results/cutadapt/603A0_S13_L001_R1_001.fastq.gz --paired-output results/cutadapt/603A0_S13_L001_R2_001.fastq.gz raw_data_12_11_2025/603A0_S13_L001_R1_001.fastq.gz raw_data_12_11_2025/603A0_S13_L001_R2_001.fastq.gz
Processing paired-end reads on 8 cores ...

=== Summary ===

Total read pairs processed:             19,748
  Read 1 with adapter:                  19,624 (99.4%)
  Read 2 with adapter:                  19,282 (97.6%)

== Read fate breakdown ==
Pairs discarded as untrimmed:              580 (2.9%)
Pairs written (passing filters):        19,168 (97.1%)

Total basepairs processed:    11,858,088 bp
  Read 1:     5,935,630 bp
  Read 2:     5,922,458 bp
Total written (filtered):     10,421,560 bp (87.9%)
  Read 1:     5,302,677 bp
  Read 2:     5,118,883 bp

=== First read: Adapter 1 ===

Sequence: CCTACGGGNGGCWGCAG...GATACCCBDGTAGTC; Type: linked; Length: 17+15; 5' trimmed: 19619 times; 3' trimmed: 91 times

Minimum overlap: 3+3
No. of allowed errors:
1-9 bp: 0; 10-16 bp: 1

No. of allowed errors:
1-9 bp: 0; 10-15 bp: 1

Overview of removed sequences at 5' end
length	count	expect	max.err	error counts
18	3	0.0	1	1 2
20	1	0.0	1	0 1
21	3	0.0	1	2 1
22	40	0.0	1	11 29
23	1071	0.0	1	426 645
24	18290	0.0	1	18093 197
25	134	0.0	1	101 33
26	6	0.0	1	2 4
27	67	0.0	1	67
31	4	0.0	1	3 1



Overview of removed sequences at 3' end
length	count	expect	max.err	error counts
3	80	308.6	0	80
4	1	77.1	0	1
7	1	1.2	0	1
11	3	0.0	1	3
12	1	0.0	1	0 1
14	1	0.0	1	1
30	1	0.0	1	1
31	3	0.0	1	3


=== Second read: Adapter 2 ===

Sequence: GACTACHVGGGTATC...CTGCWGCCNCCCGTAGG; Type: linked; Length: 15+17; 5' trimmed: 19199 times; 3' trimmed: 12089 times

Minimum overlap: 3+3
No. of allowed errors:
1-9 bp: 0; 10-15 bp: 1

No. of allowed errors:
1-9 bp: 0; 10-16 bp: 1

Overview of removed sequences at 5' end
length	count	expect	max.err	error counts
4	2	77.1	0	2
18	1	0.0	1	0 1
19	1	0.0	1	1
20	1	0.0	1	1
22	3	0.0	1	2 1
23	3	0.0	1	2 1
24	1	0.0	1	1
25	9	0.0	1	8 1
26	6	0.0	1	5 1
27	5	0.0	1	1 4
28	28	0.0	1	17 11
29	99	0.0	1	40 59
30	1025	0.0	1	492 533
31	17988	0.0	1	17624 364
32	26	0.0	1	20 6
71	1	0.0	1	0 1



Overview of removed sequences at 3' end
length	count	expect	max.err	error counts
3	9962	308.6	0	9962
4	1363	77.1	0	1363
5	65	19.3	0	65
6	618	4.8	0	618
7	54	1.2	0	54
8	1	0.3	0	1
9	3	0.1	0	3
24	3	0.0	1	1 2
27	1	0.0	1	1
103	7	0.0	1	6 1
107	3	0.0	1	2 1
108	4	0.0	1	4
110	1	0.0	1	1
127	1	0.0	1	1
128	3	0.0	1	3
Input files: raw_data_12_11_2025/603A14_S14_L001_R1_001.fastq.gz raw_data_12_11_2025/603A14_S14_L001_R2_001.fastq.gz
This is cutadapt 5.1 with Python 3.12.11
Command line parameters: -a CCTACGGGNGGCWGCAG...GATACCCBDGTAGTC -A GACTACHVGGGTATC...CTGCWGCCNCCCGTAGG --trimmed-only --cores 8 --output results/cutadapt/603A14_S14_L001_R1_001.fastq.gz --paired-output results/cutadapt/603A14_S14_L001_R2_001.fastq.gz raw_data_12_11_2025/603A14_S14_L001_R1_001.fastq.gz raw_data_12_11_2025/603A14_S14_L001_R2_001.fastq.gz
Processing paired-end reads on 8 cores ...

=== Summary ===

Total read pairs processed:             19,832
  Read 1 with adapter:                  19,706 (99.4%)
  Read 2 with adapter:                  19,401 (97.8%)

== Read fate breakdown ==
Pairs discarded as untrimmed:              546 (2.8%)
Pairs written (passing filters):        19,286 (97.2%)

Total basepairs processed:    11,907,731 bp
  Read 1:     5,960,038 bp
  Read 2:     5,947,693 bp
Total written (filtered):     10,486,102 bp (88.1%)
  Read 1:     5,335,251 bp
  Read 2:     5,150,851 bp

=== First read: Adapter 1 ===

Sequence: CCTACGGGNGGCWGCAG...GATACCCBDGTAGTC; Type: linked; Length: 17+15; 5' trimmed: 19702 times; 3' trimmed: 61 times

Minimum overlap: 3+3
No. of allowed errors:
1-9 bp: 0; 10-16 bp: 1

No. of allowed errors:
1-9 bp: 0; 10-15 bp: 1

Overview of removed sequences at 5' end
length	count	expect	max.err	error counts
3	1	309.9	0	1
18	1	0.0	1	0 1
19	2	0.0	1	1 1
20	1	0.0	1	1
21	4	0.0	1	4
22	43	0.0	1	11 32
23	1113	0.0	1	401 712
24	18338	0.0	1	18112 226
25	127	0.0	1	93 34
26	7	0.0	1	2 5
27	49	0.0	1	49
28	1	0.0	1	0 1
31	15	0.0	1	13 2



Overview of removed sequences at 3' end
length	count	expect	max.err	error counts
3	57	309.9	0	57
11	1	0.0	1	0 1
12	2	0.0	1	2
31	1	0.0	1	1


=== Second read: Adapter 2 ===

Sequence: GACTACHVGGGTATC...CTGCWGCCNCCCGTAGG; Type: linked; Length: 15+17; 5' trimmed: 19301 times; 3' trimmed: 12528 times

Minimum overlap: 3+3
No. of allowed errors:
1-9 bp: 0; 10-15 bp: 1

No. of allowed errors:
1-9 bp: 0; 10-16 bp: 1

Overview of removed sequences at 5' end
length	count	expect	max.err	error counts
20	1	0.0	1	0 1
21	1	0.0	1	1
22	1	0.0	1	1
23	3	0.0	1	3
24	4	0.0	1	2 2
25	21	0.0	1	20 1
26	6	0.0	1	3 3
27	6	0.0	1	2 4
28	19	0.0	1	13 6
29	91	0.0	1	38 53
30	978	0.0	1	471 507
31	18130	0.0	1	17785 345
32	40	0.0	1	29 11



Overview of removed sequences at 3' end
length	count	expect	max.err	error counts
3	10972	309.9	0	10972
4	831	77.5	0	831
5	33	19.4	0	33
6	635	4.8	0	635
7	31	1.2	0	31
8	1	0.3	0	1
9	3	0.1	0	3
10	1	0.0	1	1
12	1	0.0	1	0 1
103	4	0.0	1	3 1
107	5	0.0	1	4 1
108	2	0.0	1	2
109	1	0.0	1	1
122	2	0.0	1	2
126	1	0.0	1	1
128	5	0.0	1	5
Input files: raw_data_12_11_2025/603B0_S15_L001_R1_001.fastq.gz raw_data_12_11_2025/603B0_S15_L001_R2_001.fastq.gz
This is cutadapt 5.1 with Python 3.12.11
Command line parameters: -a CCTACGGGNGGCWGCAG...GATACCCBDGTAGTC -A GACTACHVGGGTATC...CTGCWGCCNCCCGTAGG --trimmed-only --cores 8 --output results/cutadapt/603B0_S15_L001_R1_001.fastq.gz --paired-output results/cutadapt/603B0_S15_L001_R2_001.fastq.gz raw_data_12_11_2025/603B0_S15_L001_R1_001.fastq.gz raw_data_12_11_2025/603B0_S15_L001_R2_001.fastq.gz
Processing paired-end reads on 8 cores ...

=== Summary ===

Total read pairs processed:             22,658
  Read 1 with adapter:                  22,528 (99.4%)
  Read 2 with adapter:                  22,193 (97.9%)

== Read fate breakdown ==
Pairs discarded as untrimmed:              579 (2.6%)
Pairs written (passing filters):        22,079 (97.4%)

Total basepairs processed:    13,605,366 bp
  Read 1:     6,810,000 bp
  Read 2:     6,795,366 bp
Total written (filtered):     12,003,950 bp (88.2%)
  Read 1:     6,107,778 bp
  Read 2:     5,896,172 bp

=== First read: Adapter 1 ===

Sequence: CCTACGGGNGGCWGCAG...GATACCCBDGTAGTC; Type: linked; Length: 17+15; 5' trimmed: 22525 times; 3' trimmed: 59 times

Minimum overlap: 3+3
No. of allowed errors:
1-9 bp: 0; 10-16 bp: 1

No. of allowed errors:
1-9 bp: 0; 10-15 bp: 1

Overview of removed sequences at 5' end
length	count	expect	max.err	error counts
13	1	0.0	1	1
15	1	0.0	1	0 1
17	2	0.0	1	2
20	3	0.0	1	3
21	6	0.0	1	4 2
22	49	0.0	1	16 33
23	1230	0.0	1	442 788
24	21015	0.0	1	20792 223
25	142	0.0	1	109 33
26	6	0.0	1	3 3
27	57	0.0	1	57
31	13	0.0	1	13



Overview of removed sequences at 3' end
length	count	expect	max.err	error counts
3	49	354.0	0	49
4	1	88.5	0	1
11	4	0.0	1	3 1
14	1	0.0	1	1
30	1	0.0	1	1
31	3	0.0	1	3


=== Second read: Adapter 2 ===

Sequence: GACTACHVGGGTATC...CTGCWGCCNCCCGTAGG; Type: linked; Length: 15+17; 5' trimmed: 22079 times; 3' trimmed: 14501 times

Minimum overlap: 3+3
No. of allowed errors:
1-9 bp: 0; 10-15 bp: 1

No. of allowed errors:
1-9 bp: 0; 10-16 bp: 1

Overview of removed sequences at 5' end
length	count	expect	max.err	error counts
3	2	354.0	0	2
4	2	88.5	0	2
19	1	0.0	1	1
20	3	0.0	1	3
21	1	0.0	1	1
22	4	0.0	1	4
23	3	0.0	1	2 1
25	23	0.0	1	20 3
26	1	0.0	1	1
27	4	0.0	1	4
28	17	0.0	1	13 4
29	115	0.0	1	41 74
30	1119	0.0	1	486 633
31	20745	0.0	1	20304 441
32	39	0.0	1	31 8



Overview of removed sequences at 3' end
length	count	expect	max.err	error counts
3	12671	354.0	0	12671
4	1014	88.5	0	1014
5	47	22.1	0	47
6	704	5.5	0	704
7	40	1.4	0	40
8	1	0.3	0	1
9	4	0.1	0	4
12	1	0.0	1	0 1
24	2	0.0	1	0 2
27	1	0.0	1	1
28	1	0.0	1	0 1
108	2	0.0	1	2
109	3	0.0	1	2 1
120	1	0.0	1	1
122	2	0.0	1	2
128	6	0.0	1	4 2
129	1	0.0	1	1
Input files: raw_data_12_11_2025/603B14_S16_L001_R1_001.fastq.gz raw_data_12_11_2025/603B14_S16_L001_R2_001.fastq.gz
This is cutadapt 5.1 with Python 3.12.11
Command line parameters: -a CCTACGGGNGGCWGCAG...GATACCCBDGTAGTC -A GACTACHVGGGTATC...CTGCWGCCNCCCGTAGG --trimmed-only --cores 8 --output results/cutadapt/603B14_S16_L001_R1_001.fastq.gz --paired-output results/cutadapt/603B14_S16_L001_R2_001.fastq.gz raw_data_12_11_2025/603B14_S16_L001_R1_001.fastq.gz raw_data_12_11_2025/603B14_S16_L001_R2_001.fastq.gz
Processing paired-end reads on 8 cores ...

=== Summary ===

Total read pairs processed:             22,996
  Read 1 with adapter:                  22,806 (99.2%)
  Read 2 with adapter:                  22,396 (97.4%)

== Read fate breakdown ==
Pairs discarded as untrimmed:              724 (3.1%)
Pairs written (passing filters):        22,272 (96.9%)

Total basepairs processed:    13,807,361 bp
  Read 1:     6,911,022 bp
  Read 2:     6,896,339 bp
Total written (filtered):     12,111,245 bp (87.7%)
  Read 1:     6,160,858 bp
  Read 2:     5,950,387 bp

=== First read: Adapter 1 ===

Sequence: CCTACGGGNGGCWGCAG...GATACCCBDGTAGTC; Type: linked; Length: 17+15; 5' trimmed: 22804 times; 3' trimmed: 82 times

Minimum overlap: 3+3
No. of allowed errors:
1-9 bp: 0; 10-16 bp: 1

No. of allowed errors:
1-9 bp: 0; 10-15 bp: 1

Overview of removed sequences at 5' end
length	count	expect	max.err	error counts
3	1	359.3	0	1
18	1	0.0	1	1
19	1	0.0	1	1
21	11	0.0	1	6 5
22	55	0.0	1	10 45
23	1256	0.0	1	480 776
24	21274	0.0	1	21047 227
25	150	0.0	1	114 36
26	6	0.0	1	2 4
27	47	0.0	1	47
31	2	0.0	1	2



Overview of removed sequences at 3' end
length	count	expect	max.err	error counts
3	69	359.3	0	69
6	1	5.6	0	1
7	2	1.4	0	2
11	3	0.0	1	1 2
12	3	0.0	1	3
31	3	0.0	1	3
265	1	0.0	1	0 1


=== Second read: Adapter 2 ===

Sequence: GACTACHVGGGTATC...CTGCWGCCNCCCGTAGG; Type: linked; Length: 15+17; 5' trimmed: 22266 times; 3' trimmed: 13864 times

Minimum overlap: 3+3
No. of allowed errors:
1-9 bp: 0; 10-15 bp: 1

No. of allowed errors:
1-9 bp: 0; 10-16 bp: 1

Overview of removed sequences at 5' end
length	count	expect	max.err	error counts
3	2	359.3	0	2
4	1	89.8	0	1
5	1	22.5	0	1
6	1	5.6	0	1
13	1	0.0	1	1
22	1	0.0	1	0 1
23	5	0.0	1	4 1
24	5	0.0	1	4 1
25	6	0.0	1	6
26	5	0.0	1	3 2
27	9	0.0	1	4 5
28	26	0.0	1	13 13
29	117	0.0	1	56 61
30	1144	0.0	1	535 609
31	20907	0.0	1	20427 480
32	34	0.0	1	30 4
68	1	0.0	1	0 1



Overview of removed sequences at 3' end
length	count	expect	max.err	error counts
3	11973	359.3	0	11973
4	1031	89.8	0	1031
5	69	22.5	0	69
6	727	5.6	0	727
7	40	1.4	0	40
9	2	0.1	0	2
10	1	0.0	1	1
11	1	0.0	1	0 1
12	1	0.0	1	0 1
24	3	0.0	1	1 2
103	5	0.0	1	4 1
106	1	0.0	1	1
107	2	0.0	1	2
108	1	0.0	1	0 1
109	2	0.0	1	2
127	1	0.0	1	1
128	3	0.0	1	2 1
131	1	0.0	1	1
Input files: raw_data_12_11_2025/607A0_S5_L001_R1_001.fastq.gz raw_data_12_11_2025/607A0_S5_L001_R2_001.fastq.gz
This is cutadapt 5.1 with Python 3.12.11
Command line parameters: -a CCTACGGGNGGCWGCAG...GATACCCBDGTAGTC -A GACTACHVGGGTATC...CTGCWGCCNCCCGTAGG --trimmed-only --cores 8 --output results/cutadapt/607A0_S5_L001_R1_001.fastq.gz --paired-output results/cutadapt/607A0_S5_L001_R2_001.fastq.gz raw_data_12_11_2025/607A0_S5_L001_R1_001.fastq.gz raw_data_12_11_2025/607A0_S5_L001_R2_001.fastq.gz
Processing paired-end reads on 8 cores ...

=== Summary ===

Total read pairs processed:             25,697
  Read 1 with adapter:                  25,549 (99.4%)
  Read 2 with adapter:                  25,141 (97.8%)

== Read fate breakdown ==
Pairs discarded as untrimmed:              681 (2.7%)
Pairs written (passing filters):        25,016 (97.3%)

Total basepairs processed:    15,432,145 bp
  Read 1:     7,725,544 bp
  Read 2:     7,706,601 bp
Total written (filtered):     13,609,236 bp (88.2%)
  Read 1:     6,923,148 bp
  Read 2:     6,686,088 bp

=== First read: Adapter 1 ===

Sequence: CCTACGGGNGGCWGCAG...GATACCCBDGTAGTC; Type: linked; Length: 17+15; 5' trimmed: 25544 times; 3' trimmed: 51 times

Minimum overlap: 3+3
No. of allowed errors:
1-9 bp: 0; 10-16 bp: 1

No. of allowed errors:
1-9 bp: 0; 10-15 bp: 1

Overview of removed sequences at 5' end
length	count	expect	max.err	error counts
9	1	0.1	0	1
17	1	0.0	1	1
19	2	0.0	1	2
20	2	0.0	1	2
21	8	0.0	1	3 5
22	64	0.0	1	18 46
23	1421	0.0	1	566 855
24	23805	0.0	1	23478 327
25	159	0.0	1	121 38
26	5	0.0	1	1 4
27	64	0.0	1	62 2
31	10	0.0	1	9 1
32	1	0.0	1	0 1
34	1	0.0	1	1



Overview of removed sequences at 3' end
length	count	expect	max.err	error counts
3	46	401.5	0	46
4	1	100.4	0	1
10	1	0.0	1	1
12	1	0.0	1	0 1
27	1	0.0	1	1
31	1	0.0	1	1


=== Second read: Adapter 2 ===

Sequence: GACTACHVGGGTATC...CTGCWGCCNCCCGTAGG; Type: linked; Length: 15+17; 5' trimmed: 25017 times; 3' trimmed: 14446 times

Minimum overlap: 3+3
No. of allowed errors:
1-9 bp: 0; 10-15 bp: 1

No. of allowed errors:
1-9 bp: 0; 10-16 bp: 1

Overview of removed sequences at 5' end
length	count	expect	max.err	error counts
4	2	100.4	0	2
17	1	0.0	1	1
18	3	0.0	1	0 3
19	1	0.0	1	0 1
21	1	0.0	1	1
22	1	0.0	1	1
23	5	0.0	1	5
24	6	0.0	1	3 3
25	18	0.0	1	15 3
26	8	0.0	1	6 2
27	6	0.0	1	5 1
28	26	0.0	1	19 7
29	116	0.0	1	47 69
30	1276	0.0	1	575 701
31	23512	0.0	1	23056 456
32	35	0.0	1	26 9



Overview of removed sequences at 3' end
length	count	expect	max.err	error counts
3	11843	401.5	0	11843
4	1688	100.4	0	1688
5	83	25.1	0	83
6	735	6.3	0	735
7	70	1.6	0	70
8	2	0.4	0	2
9	6	0.1	0	6
11	2	0.0	1	0 2
12	1	0.0	1	0 1
24	2	0.0	1	2
27	1	0.0	1	1
103	12	0.0	1	9 3
104	1	0.0	1	1
Input files: raw_data_12_11_2025/607A14_S6_L001_R1_001.fastq.gz raw_data_12_11_2025/607A14_S6_L001_R2_001.fastq.gz
This is cutadapt 5.1 with Python 3.12.11
Command line parameters: -a CCTACGGGNGGCWGCAG...GATACCCBDGTAGTC -A GACTACHVGGGTATC...CTGCWGCCNCCCGTAGG --trimmed-only --cores 8 --output results/cutadapt/607A14_S6_L001_R1_001.fastq.gz --paired-output results/cutadapt/607A14_S6_L001_R2_001.fastq.gz raw_data_12_11_2025/607A14_S6_L001_R1_001.fastq.gz raw_data_12_11_2025/607A14_S6_L001_R2_001.fastq.gz
Processing paired-end reads on 8 cores ...

=== Summary ===

Total read pairs processed:             19,691
  Read 1 with adapter:                  19,559 (99.3%)
  Read 2 with adapter:                  19,248 (97.8%)

== Read fate breakdown ==
Pairs discarded as untrimmed:              563 (2.9%)
Pairs written (passing filters):        19,128 (97.1%)

Total basepairs processed:    11,821,489 bp
  Read 1:     5,916,255 bp
  Read 2:     5,905,234 bp
Total written (filtered):     10,400,905 bp (88.0%)
  Read 1:     5,289,870 bp
  Read 2:     5,111,035 bp

=== First read: Adapter 1 ===

Sequence: CCTACGGGNGGCWGCAG...GATACCCBDGTAGTC; Type: linked; Length: 17+15; 5' trimmed: 19556 times; 3' trimmed: 33 times

Minimum overlap: 3+3
No. of allowed errors:
1-9 bp: 0; 10-16 bp: 1

No. of allowed errors:
1-9 bp: 0; 10-15 bp: 1

Overview of removed sequences at 5' end
length	count	expect	max.err	error counts
11	1	0.0	1	1
18	1	0.0	1	1
19	1	0.0	1	1
21	4	0.0	1	3 1
22	50	0.0	1	4 46
23	1085	0.0	1	433 652
24	18221	0.0	1	17972 249
25	130	0.0	1	104 26
26	6	0.0	1	3 3
27	42	0.0	1	42
31	15	0.0	1	15



Overview of removed sequences at 3' end
length	count	expect	max.err	error counts
3	26	307.7	0	26
4	1	76.9	0	1
12	2	0.0	1	2
14	1	0.0	1	1
31	3	0.0	1	3


=== Second read: Adapter 2 ===

Sequence: GACTACHVGGGTATC...CTGCWGCCNCCCGTAGG; Type: linked; Length: 15+17; 5' trimmed: 19163 times; 3' trimmed: 11020 times

Minimum overlap: 3+3
No. of allowed errors:
1-9 bp: 0; 10-15 bp: 1

No. of allowed errors:
1-9 bp: 0; 10-16 bp: 1

Overview of removed sequences at 5' end
length	count	expect	max.err	error counts
3	2	307.7	0	2
19	1	0.0	1	1
21	1	0.0	1	1
22	2	0.0	1	2
23	1	0.0	1	1
24	4	0.0	1	4
25	23	0.0	1	21 2
26	7	0.0	1	6 1
27	6	0.0	1	5 1
28	17	0.0	1	10 7
29	86	0.0	1	33 53
30	975	0.0	1	481 494
31	18000	0.0	1	17648 352
32	37	0.0	1	31 6
66	1	0.0	1	0 1



Overview of removed sequences at 3' end
length	count	expect	max.err	error counts
3	8360	307.7	0	8360
4	1980	76.9	0	1980
5	76	19.2	0	76
6	481	4.8	0	481
7	98	1.2	0	98
8	2	0.3	0	2
9	6	0.1	0	6
10	1	0.0	1	0 1
24	1	0.0	1	1
103	14	0.0	1	13 1
136	1	0.0	1	1
Input files: raw_data_12_11_2025/607B0_S7_L001_R1_001.fastq.gz raw_data_12_11_2025/607B0_S7_L001_R2_001.fastq.gz
This is cutadapt 5.1 with Python 3.12.11
Command line parameters: -a CCTACGGGNGGCWGCAG...GATACCCBDGTAGTC -A GACTACHVGGGTATC...CTGCWGCCNCCCGTAGG --trimmed-only --cores 8 --output results/cutadapt/607B0_S7_L001_R1_001.fastq.gz --paired-output results/cutadapt/607B0_S7_L001_R2_001.fastq.gz raw_data_12_11_2025/607B0_S7_L001_R1_001.fastq.gz raw_data_12_11_2025/607B0_S7_L001_R2_001.fastq.gz
Processing paired-end reads on 8 cores ...

=== Summary ===

Total read pairs processed:             21,409
  Read 1 with adapter:                  21,307 (99.5%)
  Read 2 with adapter:                  20,928 (97.8%)

== Read fate breakdown ==
Pairs discarded as untrimmed:              577 (2.7%)
Pairs written (passing filters):        20,832 (97.3%)

Total basepairs processed:    12,855,019 bp
  Read 1:     6,433,401 bp
  Read 2:     6,421,618 bp
Total written (filtered):     11,328,679 bp (88.1%)
  Read 1:     5,761,180 bp
  Read 2:     5,567,499 bp

=== First read: Adapter 1 ===

Sequence: CCTACGGGNGGCWGCAG...GATACCCBDGTAGTC; Type: linked; Length: 17+15; 5' trimmed: 21305 times; 3' trimmed: 25 times

Minimum overlap: 3+3
No. of allowed errors:
1-9 bp: 0; 10-16 bp: 1

No. of allowed errors:
1-9 bp: 0; 10-15 bp: 1

Overview of removed sequences at 5' end
length	count	expect	max.err	error counts
16	2	0.0	1	1 1
20	1	0.0	1	1
21	4	0.0	1	1 3
22	48	0.0	1	11 37
23	1124	0.0	1	417 707
24	19895	0.0	1	19680 215
25	155	0.0	1	125 30
26	7	0.0	1	5 2
27	60	0.0	1	57 3
30	2	0.0	1	0 2
31	6	0.0	1	4 2
203	1	0.0	1	1



Overview of removed sequences at 3' end
length	count	expect	max.err	error counts
3	19	334.5	0	19
4	1	83.6	0	1
10	1	0.0	1	0 1
11	3	0.0	1	3
31	1	0.0	1	1


=== Second read: Adapter 2 ===

Sequence: GACTACHVGGGTATC...CTGCWGCCNCCCGTAGG; Type: linked; Length: 15+17; 5' trimmed: 20825 times; 3' trimmed: 12403 times

Minimum overlap: 3+3
No. of allowed errors:
1-9 bp: 0; 10-15 bp: 1

No. of allowed errors:
1-9 bp: 0; 10-16 bp: 1

Overview of removed sequences at 5' end
length	count	expect	max.err	error counts
3	2	334.5	0	2
4	2	83.6	0	2
5	1	20.9	0	1
11	1	0.0	1	0 1
17	1	0.0	1	1
18	1	0.0	1	0 1
19	1	0.0	1	1
21	2	0.0	1	2
22	1	0.0	1	1
23	1	0.0	1	1
24	2	0.0	1	2
25	16	0.0	1	13 3
26	6	0.0	1	5 1
27	9	0.0	1	6 3
28	26	0.0	1	15 11
29	91	0.0	1	44 47
30	1099	0.0	1	519 580
31	19535	0.0	1	19157 378
32	26	0.0	1	21 5
58	1	0.0	1	0 1
70	1	0.0	1	0 1



Overview of removed sequences at 3' end
length	count	expect	max.err	error counts
3	10637	334.5	0	10637
4	1030	83.6	0	1030
5	53	20.9	0	53
6	629	5.2	0	629
7	44	1.3	0	44
9	5	0.1	0	5
11	1	0.0	1	0 1
24	1	0.0	1	1
27	1	0.0	1	1
103	1	0.0	1	1
135	1	0.0	1	0 1
Input files: raw_data_12_11_2025/607B14_S8_L001_R1_001.fastq.gz raw_data_12_11_2025/607B14_S8_L001_R2_001.fastq.gz
This is cutadapt 5.1 with Python 3.12.11
Command line parameters: -a CCTACGGGNGGCWGCAG...GATACCCBDGTAGTC -A GACTACHVGGGTATC...CTGCWGCCNCCCGTAGG --trimmed-only --cores 8 --output results/cutadapt/607B14_S8_L001_R1_001.fastq.gz --paired-output results/cutadapt/607B14_S8_L001_R2_001.fastq.gz raw_data_12_11_2025/607B14_S8_L001_R1_001.fastq.gz raw_data_12_11_2025/607B14_S8_L001_R2_001.fastq.gz
Processing paired-end reads on 8 cores ...

=== Summary ===

Total read pairs processed:             22,991
  Read 1 with adapter:                  22,795 (99.1%)
  Read 2 with adapter:                  22,440 (97.6%)

== Read fate breakdown ==
Pairs discarded as untrimmed:              671 (2.9%)
Pairs written (passing filters):        22,320 (97.1%)

Total basepairs processed:    13,806,377 bp
  Read 1:     6,911,332 bp
  Read 2:     6,895,045 bp
Total written (filtered):     12,138,284 bp (87.9%)
  Read 1:     6,175,807 bp
  Read 2:     5,962,477 bp

=== First read: Adapter 1 ===

Sequence: CCTACGGGNGGCWGCAG...GATACCCBDGTAGTC; Type: linked; Length: 17+15; 5' trimmed: 22792 times; 3' trimmed: 43 times

Minimum overlap: 3+3
No. of allowed errors:
1-9 bp: 0; 10-16 bp: 1

No. of allowed errors:
1-9 bp: 0; 10-15 bp: 1

Overview of removed sequences at 5' end
length	count	expect	max.err	error counts
3	1	359.2	0	1
17	1	0.0	1	1
20	1	0.0	1	0 1
21	3	0.0	1	2 1
22	53	0.0	1	13 40
23	1185	0.0	1	421 764
24	21338	0.0	1	21064 274
25	157	0.0	1	124 33
26	2	0.0	1	1 1
27	51	0.0	1	51



Overview of removed sequences at 3' end
length	count	expect	max.err	error counts
3	28	359.2	0	28
4	3	89.8	0	3
11	3	0.0	1	2 1
12	3	0.0	1	2 1
29	1	0.0	1	1
31	5	0.0	1	5


=== Second read: Adapter 2 ===

Sequence: GACTACHVGGGTATC...CTGCWGCCNCCCGTAGG; Type: linked; Length: 15+17; 5' trimmed: 22312 times; 3' trimmed: 13801 times

Minimum overlap: 3+3
No. of allowed errors:
1-9 bp: 0; 10-15 bp: 1

No. of allowed errors:
1-9 bp: 0; 10-16 bp: 1

Overview of removed sequences at 5' end
length	count	expect	max.err	error counts
4	3	89.8	0	3
12	1	0.0	1	0 1
16	1	0.0	1	0 1
20	1	0.0	1	0 1
22	2	0.0	1	1 1
23	5	0.0	1	5
24	6	0.0	1	4 2
25	4	0.0	1	1 3
26	7	0.0	1	4 3
27	8	0.0	1	4 4
28	22	0.0	1	12 10
29	109	0.0	1	45 64
30	1180	0.0	1	538 642
31	20935	0.0	1	20446 489
32	27	0.0	1	23 4
60	1	0.0	1	0 1



Overview of removed sequences at 3' end
length	count	expect	max.err	error counts
3	11216	359.2	0	11216
4	1755	89.8	0	1755
5	76	22.5	0	76
6	650	5.6	0	650
7	73	1.4	0	73
8	2	0.4	0	2
9	9	0.1	0	9
10	1	0.0	1	1
12	2	0.0	1	0 2
24	5	0.0	1	1 4
103	4	0.0	1	3 1
107	2	0.0	1	2
108	2	0.0	1	1 1
110	1	0.0	1	1
116	1	0.0	1	0 1
128	2	0.0	1	2
Input files: raw_data_12_11_2025/610A0_S21_L001_R1_001.fastq.gz raw_data_12_11_2025/610A0_S21_L001_R2_001.fastq.gz
This is cutadapt 5.1 with Python 3.12.11
Command line parameters: -a CCTACGGGNGGCWGCAG...GATACCCBDGTAGTC -A GACTACHVGGGTATC...CTGCWGCCNCCCGTAGG --trimmed-only --cores 8 --output results/cutadapt/610A0_S21_L001_R1_001.fastq.gz --paired-output results/cutadapt/610A0_S21_L001_R2_001.fastq.gz raw_data_12_11_2025/610A0_S21_L001_R1_001.fastq.gz raw_data_12_11_2025/610A0_S21_L001_R2_001.fastq.gz
Processing paired-end reads on 8 cores ...

=== Summary ===

Total read pairs processed:             23,363
  Read 1 with adapter:                  23,194 (99.3%)
  Read 2 with adapter:                  22,842 (97.8%)

== Read fate breakdown ==
Pairs discarded as untrimmed:              654 (2.8%)
Pairs written (passing filters):        22,709 (97.2%)

Total basepairs processed:    14,028,714 bp
  Read 1:     7,021,526 bp
  Read 2:     7,007,188 bp
Total written (filtered):     12,354,342 bp (88.1%)
  Read 1:     6,282,270 bp
  Read 2:     6,072,072 bp

=== First read: Adapter 1 ===

Sequence: CCTACGGGNGGCWGCAG...GATACCCBDGTAGTC; Type: linked; Length: 17+15; 5' trimmed: 23189 times; 3' trimmed: 29 times

Minimum overlap: 3+3
No. of allowed errors:
1-9 bp: 0; 10-16 bp: 1

No. of allowed errors:
1-9 bp: 0; 10-15 bp: 1

Overview of removed sequences at 5' end
length	count	expect	max.err	error counts
13	1	0.0	1	1
19	1	0.0	1	1
20	3	0.0	1	1 2
21	4	0.0	1	2 2
22	52	0.0	1	18 34
23	1221	0.0	1	490 731
24	21692	0.0	1	21435 257
25	154	0.0	1	112 42
26	4	0.0	1	1 3
27	51	0.0	1	48 3
31	5	0.0	1	4 1
32	1	0.0	1	0 1



Overview of removed sequences at 3' end
length	count	expect	max.err	error counts
3	15	365.0	0	15
4	4	91.3	0	4
6	1	5.7	0	1
11	3	0.0	1	2 1
12	1	0.0	1	1
13	2	0.0	1	1 1
31	3	0.0	1	3


=== Second read: Adapter 2 ===

Sequence: GACTACHVGGGTATC...CTGCWGCCNCCCGTAGG; Type: linked; Length: 15+17; 5' trimmed: 22738 times; 3' trimmed: 12458 times

Minimum overlap: 3+3
No. of allowed errors:
1-9 bp: 0; 10-15 bp: 1

No. of allowed errors:
1-9 bp: 0; 10-16 bp: 1

Overview of removed sequences at 5' end
length	count	expect	max.err	error counts
3	3	365.0	0	3
10	1	0.0	1	0 1
15	1	0.0	1	1
18	1	0.0	1	0 1
20	1	0.0	1	1
21	2	0.0	1	2
22	3	0.0	1	2 1
23	2	0.0	1	2
24	3	0.0	1	2 1
25	16	0.0	1	15 1
26	4	0.0	1	4
27	12	0.0	1	9 3
28	32	0.0	1	19 13
29	120	0.0	1	43 77
30	1192	0.0	1	564 628
31	21305	0.0	1	20802 503
32	40	0.0	1	29 11



Overview of removed sequences at 3' end
length	count	expect	max.err	error counts
3	10764	365.0	0	10764
4	807	91.3	0	807
5	50	22.8	0	50
6	774	5.7	0	774
7	48	1.4	0	48
9	5	0.1	0	5
10	1	0.0	1	1
24	1	0.0	1	0 1
103	2	0.0	1	2
107	3	0.0	1	2 1
126	1	0.0	1	1
128	2	0.0	1	2
Input files: raw_data_12_11_2025/610A14_S22_L001_R1_001.fastq.gz raw_data_12_11_2025/610A14_S22_L001_R2_001.fastq.gz
This is cutadapt 5.1 with Python 3.12.11
Command line parameters: -a CCTACGGGNGGCWGCAG...GATACCCBDGTAGTC -A GACTACHVGGGTATC...CTGCWGCCNCCCGTAGG --trimmed-only --cores 8 --output results/cutadapt/610A14_S22_L001_R1_001.fastq.gz --paired-output results/cutadapt/610A14_S22_L001_R2_001.fastq.gz raw_data_12_11_2025/610A14_S22_L001_R1_001.fastq.gz raw_data_12_11_2025/610A14_S22_L001_R2_001.fastq.gz
Processing paired-end reads on 8 cores ...

=== Summary ===

Total read pairs processed:             24,424
  Read 1 with adapter:                  24,273 (99.4%)
  Read 2 with adapter:                  23,900 (97.9%)

== Read fate breakdown ==
Pairs discarded as untrimmed:              660 (2.7%)
Pairs written (passing filters):        23,764 (97.3%)

Total basepairs processed:    14,664,257 bp
  Read 1:     7,338,229 bp
  Read 2:     7,326,028 bp
Total written (filtered):     12,920,836 bp (88.1%)
  Read 1:     6,571,436 bp
  Read 2:     6,349,400 bp

=== First read: Adapter 1 ===

Sequence: CCTACGGGNGGCWGCAG...GATACCCBDGTAGTC; Type: linked; Length: 17+15; 5' trimmed: 24270 times; 3' trimmed: 41 times

Minimum overlap: 3+3
No. of allowed errors:
1-9 bp: 0; 10-16 bp: 1

No. of allowed errors:
1-9 bp: 0; 10-15 bp: 1

Overview of removed sequences at 5' end
length	count	expect	max.err	error counts
21	2	0.0	1	0 2
22	51	0.0	1	17 34
23	1335	0.0	1	532 803
24	22647	0.0	1	22372 275
25	172	0.0	1	131 41
26	4	0.0	1	1 3
27	50	0.0	1	49 1
28	1	0.0	1	0 1
31	8	0.0	1	8



Overview of removed sequences at 3' end
length	count	expect	max.err	error counts
3	29	381.6	0	29
4	1	95.4	0	1
7	2	1.5	0	2
11	5	0.0	1	5
12	2	0.0	1	2
31	2	0.0	1	2


=== Second read: Adapter 2 ===

Sequence: GACTACHVGGGTATC...CTGCWGCCNCCCGTAGG; Type: linked; Length: 15+17; 5' trimmed: 23772 times; 3' trimmed: 14603 times

Minimum overlap: 3+3
No. of allowed errors:
1-9 bp: 0; 10-15 bp: 1

No. of allowed errors:
1-9 bp: 0; 10-16 bp: 1

Overview of removed sequences at 5' end
length	count	expect	max.err	error counts
3	1	381.6	0	1
4	1	95.4	0	1
18	2	0.0	1	0 2
20	2	0.0	1	2
21	1	0.0	1	0 1
22	1	0.0	1	1
23	1	0.0	1	1
24	3	0.0	1	2 1
25	15	0.0	1	12 3
26	8	0.0	1	6 2
27	7	0.0	1	7
28	45	0.0	1	31 14
29	123	0.0	1	49 74
30	1268	0.0	1	578 690
31	22250	0.0	1	21696 554
32	43	0.0	1	36 7
33	1	0.0	1	1



Overview of removed sequences at 3' end
length	count	expect	max.err	error counts
3	12681	381.6	0	12681
4	922	95.4	0	922
5	72	23.9	0	72
6	855	6.0	0	855
7	44	1.5	0	44
8	1	0.4	0	1
9	7	0.1	0	7
12	2	0.0	1	0 2
71	1	0.0	1	0 1
103	5	0.0	1	2 3
107	3	0.0	1	2 1
108	2	0.0	1	2
113	1	0.0	1	1
125	2	0.0	1	1 1
127	1	0.0	1	1
128	3	0.0	1	2 1
260	1	0.0	1	1
Input files: raw_data_12_11_2025/610B0_S23_L001_R1_001.fastq.gz raw_data_12_11_2025/610B0_S23_L001_R2_001.fastq.gz
This is cutadapt 5.1 with Python 3.12.11
Command line parameters: -a CCTACGGGNGGCWGCAG...GATACCCBDGTAGTC -A GACTACHVGGGTATC...CTGCWGCCNCCCGTAGG --trimmed-only --cores 8 --output results/cutadapt/610B0_S23_L001_R1_001.fastq.gz --paired-output results/cutadapt/610B0_S23_L001_R2_001.fastq.gz raw_data_12_11_2025/610B0_S23_L001_R1_001.fastq.gz raw_data_12_11_2025/610B0_S23_L001_R2_001.fastq.gz
Processing paired-end reads on 8 cores ...

=== Summary ===

Total read pairs processed:             25,775
  Read 1 with adapter:                  25,617 (99.4%)
  Read 2 with adapter:                  25,286 (98.1%)

== Read fate breakdown ==
Pairs discarded as untrimmed:              625 (2.4%)
Pairs written (passing filters):        25,150 (97.6%)

Total basepairs processed:    15,474,562 bp
  Read 1:     7,745,006 bp
  Read 2:     7,729,556 bp
Total written (filtered):     13,675,924 bp (88.4%)
  Read 1:     6,956,908 bp
  Read 2:     6,719,016 bp

=== First read: Adapter 1 ===

Sequence: CCTACGGGNGGCWGCAG...GATACCCBDGTAGTC; Type: linked; Length: 17+15; 5' trimmed: 25611 times; 3' trimmed: 37 times

Minimum overlap: 3+3
No. of allowed errors:
1-9 bp: 0; 10-16 bp: 1

No. of allowed errors:
1-9 bp: 0; 10-15 bp: 1

Overview of removed sequences at 5' end
length	count	expect	max.err	error counts
20	1	0.0	1	1
21	3	0.0	1	2 1
22	55	0.0	1	15 40
23	1304	0.0	1	495 809
24	24052	0.0	1	23822 230
25	137	0.0	1	109 28
26	3	0.0	1	3
27	51	0.0	1	50 1
30	1	0.0	1	0 1
31	4	0.0	1	4



Overview of removed sequences at 3' end
length	count	expect	max.err	error counts
3	27	402.7	0	27
4	3	100.7	0	3
11	5	0.0	1	2 3
14	1	0.0	1	1
31	1	0.0	1	1


=== Second read: Adapter 2 ===

Sequence: GACTACHVGGGTATC...CTGCWGCCNCCCGTAGG; Type: linked; Length: 15+17; 5' trimmed: 25173 times; 3' trimmed: 15657 times

Minimum overlap: 3+3
No. of allowed errors:
1-9 bp: 0; 10-15 bp: 1

No. of allowed errors:
1-9 bp: 0; 10-16 bp: 1

Overview of removed sequences at 5' end
length	count	expect	max.err	error counts
3	5	402.7	0	5
14	1	0.0	1	1
18	1	0.0	1	1
19	1	0.0	1	1
21	2	0.0	1	1 1
22	1	0.0	1	0 1
23	2	0.0	1	2
24	1	0.0	1	1
25	12	0.0	1	7 5
26	11	0.0	1	7 4
27	19	0.0	1	16 3
28	45	0.0	1	29 16
29	111	0.0	1	45 66
30	1234	0.0	1	576 658
31	23683	0.0	1	23148 535
32	43	0.0	1	30 13
33	1	0.0	1	1



Overview of removed sequences at 3' end
length	count	expect	max.err	error counts
3	13689	402.7	0	13689
4	993	100.7	0	993
5	56	25.2	0	56
6	851	6.3	0	851
7	44	1.6	0	44
9	3	0.1	0	3
23	1	0.0	1	1
24	1	0.0	1	1
103	3	0.0	1	3
104	1	0.0	1	1
107	9	0.0	1	6 3
108	1	0.0	1	1
110	1	0.0	1	1
125	2	0.0	1	1 1
126	1	0.0	1	1
128	1	0.0	1	1
Input files: raw_data_12_11_2025/610B14_S24_L001_R1_001.fastq.gz raw_data_12_11_2025/610B14_S24_L001_R2_001.fastq.gz
This is cutadapt 5.1 with Python 3.12.11
Command line parameters: -a CCTACGGGNGGCWGCAG...GATACCCBDGTAGTC -A GACTACHVGGGTATC...CTGCWGCCNCCCGTAGG --trimmed-only --cores 8 --output results/cutadapt/610B14_S24_L001_R1_001.fastq.gz --paired-output results/cutadapt/610B14_S24_L001_R2_001.fastq.gz raw_data_12_11_2025/610B14_S24_L001_R1_001.fastq.gz raw_data_12_11_2025/610B14_S24_L001_R2_001.fastq.gz
Processing paired-end reads on 8 cores ...

=== Summary ===

Total read pairs processed:             20,582
  Read 1 with adapter:                  20,443 (99.3%)
  Read 2 with adapter:                  20,135 (97.8%)

== Read fate breakdown ==
Pairs discarded as untrimmed:              554 (2.7%)
Pairs written (passing filters):        20,028 (97.3%)

Total basepairs processed:    12,358,495 bp
  Read 1:     6,184,886 bp
  Read 2:     6,173,609 bp
Total written (filtered):     10,891,551 bp (88.1%)
  Read 1:     5,538,426 bp
  Read 2:     5,353,125 bp

=== First read: Adapter 1 ===

Sequence: CCTACGGGNGGCWGCAG...GATACCCBDGTAGTC; Type: linked; Length: 17+15; 5' trimmed: 20441 times; 3' trimmed: 26 times

Minimum overlap: 3+3
No. of allowed errors:
1-9 bp: 0; 10-16 bp: 1

No. of allowed errors:
1-9 bp: 0; 10-15 bp: 1

Overview of removed sequences at 5' end
length	count	expect	max.err	error counts
3	1	321.6	0	1
14	1	0.0	1	0 1
21	7	0.0	1	2 5
22	40	0.0	1	12 28
23	1113	0.0	1	424 689
24	19054	0.0	1	18800 254
25	162	0.0	1	118 44
26	4	0.0	1	3 1
27	53	0.0	1	52 1
31	5	0.0	1	5
296	1	0.0	1	0 1



Overview of removed sequences at 3' end
length	count	expect	max.err	error counts
3	16	321.6	0	16
4	3	80.4	0	3
11	3	0.0	1	2 1
12	1	0.0	1	1
31	3	0.0	1	3


=== Second read: Adapter 2 ===

Sequence: GACTACHVGGGTATC...CTGCWGCCNCCCGTAGG; Type: linked; Length: 15+17; 5' trimmed: 20002 times; 3' trimmed: 11925 times

Minimum overlap: 3+3
No. of allowed errors:
1-9 bp: 0; 10-15 bp: 1

No. of allowed errors:
1-9 bp: 0; 10-16 bp: 1

Overview of removed sequences at 5' end
length	count	expect	max.err	error counts
3	2	321.6	0	2
11	2	0.0	1	0 2
18	1	0.0	1	0 1
21	1	0.0	1	0 1
22	3	0.0	1	2 1
23	3	0.0	1	2 1
24	1	0.0	1	1
25	8	0.0	1	5 3
26	2	0.0	1	0 2
27	5	0.0	1	1 4
28	32	0.0	1	17 15
29	110	0.0	1	43 67
30	1079	0.0	1	502 577
31	18723	0.0	1	18182 541
32	29	0.0	1	23 6
33	1	0.0	1	1



Overview of removed sequences at 3' end
length	count	expect	max.err	error counts
3	10064	321.6	0	10064
4	1089	80.4	0	1089
5	58	20.1	0	58
6	653	5.0	0	653
7	43	1.3	0	43
8	3	0.3	0	3
9	6	0.1	0	6
11	1	0.0	1	0 1
24	2	0.0	1	1 1
103	2	0.0	1	2
105	1	0.0	1	0 1
108	1	0.0	1	1
128	2	0.0	1	1 1
Input files: raw_data_12_11_2025/612A0_S41_L001_R1_001.fastq.gz raw_data_12_11_2025/612A0_S41_L001_R2_001.fastq.gz
This is cutadapt 5.1 with Python 3.12.11
Command line parameters: -a CCTACGGGNGGCWGCAG...GATACCCBDGTAGTC -A GACTACHVGGGTATC...CTGCWGCCNCCCGTAGG --trimmed-only --cores 8 --output results/cutadapt/612A0_S41_L001_R1_001.fastq.gz --paired-output results/cutadapt/612A0_S41_L001_R2_001.fastq.gz raw_data_12_11_2025/612A0_S41_L001_R1_001.fastq.gz raw_data_12_11_2025/612A0_S41_L001_R2_001.fastq.gz
Processing paired-end reads on 8 cores ...

=== Summary ===

Total read pairs processed:              9,790
  Read 1 with adapter:                   9,725 (99.3%)
  Read 2 with adapter:                   9,545 (97.5%)

== Read fate breakdown ==
Pairs discarded as untrimmed:              302 (3.1%)
Pairs written (passing filters):         9,488 (96.9%)

Total basepairs processed:     5,878,265 bp
  Read 1:     2,943,155 bp
  Read 2:     2,935,110 bp
Total written (filtered):      5,159,741 bp (87.8%)
  Read 1:     2,626,414 bp
  Read 2:     2,533,327 bp

=== First read: Adapter 1 ===

Sequence: CCTACGGGNGGCWGCAG...GATACCCBDGTAGTC; Type: linked; Length: 17+15; 5' trimmed: 9724 times; 3' trimmed: 21 times

Minimum overlap: 3+3
No. of allowed errors:
1-9 bp: 0; 10-16 bp: 1

No. of allowed errors:
1-9 bp: 0; 10-15 bp: 1

Overview of removed sequences at 5' end
length	count	expect	max.err	error counts
19	1	0.0	1	0 1
21	2	0.0	1	0 2
22	21	0.0	1	2 19
23	435	0.0	1	182 253
24	9105	0.0	1	9023 82
25	63	0.0	1	51 12
26	4	0.0	1	1 3
27	68	0.0	1	67 1
30	1	0.0	1	1
31	24	0.0	1	22 2



Overview of removed sequences at 3' end
length	count	expect	max.err	error counts
3	11	153.0	0	11
11	8	0.0	1	6 2
25	1	0.0	1	1
31	1	0.0	1	1


=== Second read: Adapter 2 ===

Sequence: GACTACHVGGGTATC...CTGCWGCCNCCCGTAGG; Type: linked; Length: 15+17; 5' trimmed: 9490 times; 3' trimmed: 6562 times

Minimum overlap: 3+3
No. of allowed errors:
1-9 bp: 0; 10-15 bp: 1

No. of allowed errors:
1-9 bp: 0; 10-16 bp: 1

Overview of removed sequences at 5' end
length	count	expect	max.err	error counts
17	1	0.0	1	1
22	3	0.0	1	3
25	28	0.0	1	27 1
26	1	0.0	1	0 1
27	3	0.0	1	2 1
28	10	0.0	1	7 3
29	48	0.0	1	24 24
30	468	0.0	1	213 255
31	8918	0.0	1	8747 171
32	10	0.0	1	7 3



Overview of removed sequences at 3' end
length	count	expect	max.err	error counts
3	5849	153.0	0	5849
4	325	38.2	0	325
5	20	9.6	0	20
6	342	2.4	0	342
7	17	0.6	0	17
9	1	0.0	0	1
106	1	0.0	1	1
110	2	0.0	1	2
114	1	0.0	1	1
130	1	0.0	1	1
131	3	0.0	1	3
Input files: raw_data_12_11_2025/612A14_S42_L001_R1_001.fastq.gz raw_data_12_11_2025/612A14_S42_L001_R2_001.fastq.gz
This is cutadapt 5.1 with Python 3.12.11
Command line parameters: -a CCTACGGGNGGCWGCAG...GATACCCBDGTAGTC -A GACTACHVGGGTATC...CTGCWGCCNCCCGTAGG --trimmed-only --cores 8 --output results/cutadapt/612A14_S42_L001_R1_001.fastq.gz --paired-output results/cutadapt/612A14_S42_L001_R2_001.fastq.gz raw_data_12_11_2025/612A14_S42_L001_R1_001.fastq.gz raw_data_12_11_2025/612A14_S42_L001_R2_001.fastq.gz
Processing paired-end reads on 8 cores ...

=== Summary ===

Total read pairs processed:             33,099
  Read 1 with adapter:                  32,935 (99.5%)
  Read 2 with adapter:                  32,469 (98.1%)

== Read fate breakdown ==
Pairs discarded as untrimmed:              787 (2.4%)
Pairs written (passing filters):        32,312 (97.6%)

Total basepairs processed:    19,884,498 bp
  Read 1:     9,955,458 bp
  Read 2:     9,929,040 bp
Total written (filtered):     17,571,076 bp (88.4%)
  Read 1:     8,945,059 bp
  Read 2:     8,626,017 bp

=== First read: Adapter 1 ===

Sequence: CCTACGGGNGGCWGCAG...GATACCCBDGTAGTC; Type: linked; Length: 17+15; 5' trimmed: 32932 times; 3' trimmed: 38 times

Minimum overlap: 3+3
No. of allowed errors:
1-9 bp: 0; 10-16 bp: 1

No. of allowed errors:
1-9 bp: 0; 10-15 bp: 1

Overview of removed sequences at 5' end
length	count	expect	max.err	error counts
17	1	0.0	1	0 1
18	1	0.0	1	1
19	1	0.0	1	1
20	1	0.0	1	0 1
21	7	0.0	1	4 3
22	68	0.0	1	14 54
23	1633	0.0	1	623 1010
24	30909	0.0	1	30580 329
25	209	0.0	1	160 49
26	9	0.0	1	5 4
27	72	0.0	1	70 2
28	1	0.0	1	0 1
31	19	0.0	1	18 1
34	1	0.0	1	0 1



Overview of removed sequences at 3' end
length	count	expect	max.err	error counts
3	32	517.2	0	32
4	2	129.3	0	2
7	1	2.0	0	1
11	2	0.0	1	2
14	1	0.0	1	1


=== Second read: Adapter 2 ===

Sequence: GACTACHVGGGTATC...CTGCWGCCNCCCGTAGG; Type: linked; Length: 15+17; 5' trimmed: 32312 times; 3' trimmed: 22384 times

Minimum overlap: 3+3
No. of allowed errors:
1-9 bp: 0; 10-15 bp: 1

No. of allowed errors:
1-9 bp: 0; 10-16 bp: 1

Overview of removed sequences at 5' end
length	count	expect	max.err	error counts
10	1	0.0	1	1
19	1	0.0	1	0 1
20	2	0.0	1	2
22	3	0.0	1	3
24	6	0.0	1	4 2
25	25	0.0	1	23 2
26	12	0.0	1	9 3
27	8	0.0	1	5 3
28	47	0.0	1	29 18
29	157	0.0	1	62 95
30	1594	0.0	1	745 849
31	30418	0.0	1	29811 607
32	36	0.0	1	27 9
69	1	0.0	1	0 1
71	1	0.0	1	0 1



Overview of removed sequences at 3' end
length	count	expect	max.err	error counts
3	19892	517.2	0	19892
4	1216	129.3	0	1216
5	67	32.3	0	67
6	1119	8.1	0	1119
7	63	2.0	0	63
9	8	0.1	0	8
10	1	0.0	1	0 1
12	1	0.0	1	0 1
17	1	0.0	1	0 1
27	1	0.0	1	0 1
106	1	0.0	1	1
110	8	0.0	1	7 1
130	1	0.0	1	1
131	4	0.0	1	4
277	1	0.0	1	1
Input files: raw_data_12_11_2025/612B0_S43_L001_R1_001.fastq.gz raw_data_12_11_2025/612B0_S43_L001_R2_001.fastq.gz
This is cutadapt 5.1 with Python 3.12.11
Command line parameters: -a CCTACGGGNGGCWGCAG...GATACCCBDGTAGTC -A GACTACHVGGGTATC...CTGCWGCCNCCCGTAGG --trimmed-only --cores 8 --output results/cutadapt/612B0_S43_L001_R1_001.fastq.gz --paired-output results/cutadapt/612B0_S43_L001_R2_001.fastq.gz raw_data_12_11_2025/612B0_S43_L001_R1_001.fastq.gz raw_data_12_11_2025/612B0_S43_L001_R2_001.fastq.gz
Processing paired-end reads on 8 cores ...

=== Summary ===

Total read pairs processed:             27,680
  Read 1 with adapter:                  27,535 (99.5%)
  Read 2 with adapter:                  27,096 (97.9%)

== Read fate breakdown ==
Pairs discarded as untrimmed:              716 (2.6%)
Pairs written (passing filters):        26,964 (97.4%)

Total basepairs processed:    16,626,399 bp
  Read 1:     8,324,220 bp
  Read 2:     8,302,179 bp
Total written (filtered):     14,664,798 bp (88.2%)
  Read 1:     7,464,028 bp
  Read 2:     7,200,770 bp

=== First read: Adapter 1 ===

Sequence: CCTACGGGNGGCWGCAG...GATACCCBDGTAGTC; Type: linked; Length: 17+15; 5' trimmed: 27527 times; 3' trimmed: 62 times

Minimum overlap: 3+3
No. of allowed errors:
1-9 bp: 0; 10-16 bp: 1

No. of allowed errors:
1-9 bp: 0; 10-15 bp: 1

Overview of removed sequences at 5' end
length	count	expect	max.err	error counts
17	2	0.0	1	1 1
18	1	0.0	1	1
19	3	0.0	1	3
20	3	0.0	1	1 2
21	9	0.0	1	4 5
22	75	0.0	1	24 51
23	1510	0.0	1	551 959
24	25661	0.0	1	25375 286
25	188	0.0	1	142 46
26	2	0.0	1	2
27	69	0.0	1	68 1
30	1	0.0	1	0 1
31	3	0.0	1	3



Overview of removed sequences at 3' end
length	count	expect	max.err	error counts
3	49	432.5	0	49
4	2	108.1	0	2
11	7	0.0	1	5 2
12	1	0.0	1	1
31	3	0.0	1	3


=== Second read: Adapter 2 ===

Sequence: GACTACHVGGGTATC...CTGCWGCCNCCCGTAGG; Type: linked; Length: 15+17; 5' trimmed: 26967 times; 3' trimmed: 17755 times

Minimum overlap: 3+3
No. of allowed errors:
1-9 bp: 0; 10-15 bp: 1

No. of allowed errors:
1-9 bp: 0; 10-16 bp: 1

Overview of removed sequences at 5' end
length	count	expect	max.err	error counts
5	1	27.0	0	1
17	1	0.0	1	0 1
18	1	0.0	1	1
21	1	0.0	1	1
22	3	0.0	1	3
23	5	0.0	1	4 1
24	1	0.0	1	1
25	12	0.0	1	9 3
26	5	0.0	1	2 3
27	7	0.0	1	4 3
28	24	0.0	1	17 7
29	124	0.0	1	54 70
30	1373	0.0	1	631 742
31	25365	0.0	1	24842 523
32	44	0.0	1	35 9



Overview of removed sequences at 3' end
length	count	expect	max.err	error counts
3	15734	432.5	0	15734
4	964	108.1	0	964
5	46	27.0	0	46
6	944	6.8	0	944
7	45	1.7	0	45
9	4	0.1	0	4
10	1	0.0	1	0 1
11	1	0.0	1	0 1
12	1	0.0	1	0 1
24	2	0.0	1	1 1
106	6	0.0	1	5 1
110	2	0.0	1	1 1
111	1	0.0	1	1
112	1	0.0	1	1
130	1	0.0	1	1
131	2	0.0	1	2
Input files: raw_data_12_11_2025/612B14_S44_L001_R1_001.fastq.gz raw_data_12_11_2025/612B14_S44_L001_R2_001.fastq.gz
This is cutadapt 5.1 with Python 3.12.11
Command line parameters: -a CCTACGGGNGGCWGCAG...GATACCCBDGTAGTC -A GACTACHVGGGTATC...CTGCWGCCNCCCGTAGG --trimmed-only --cores 8 --output results/cutadapt/612B14_S44_L001_R1_001.fastq.gz --paired-output results/cutadapt/612B14_S44_L001_R2_001.fastq.gz raw_data_12_11_2025/612B14_S44_L001_R1_001.fastq.gz raw_data_12_11_2025/612B14_S44_L001_R2_001.fastq.gz
Processing paired-end reads on 8 cores ...

=== Summary ===

Total read pairs processed:             31,305
  Read 1 with adapter:                  31,125 (99.4%)
  Read 2 with adapter:                  30,614 (97.8%)

== Read fate breakdown ==
Pairs discarded as untrimmed:              857 (2.7%)
Pairs written (passing filters):        30,448 (97.3%)

Total basepairs processed:    18,804,672 bp
  Read 1:     9,414,736 bp
  Read 2:     9,389,936 bp
Total written (filtered):     16,559,618 bp (88.1%)
  Read 1:     8,428,256 bp
  Read 2:     8,131,362 bp

=== First read: Adapter 1 ===

Sequence: CCTACGGGNGGCWGCAG...GATACCCBDGTAGTC; Type: linked; Length: 17+15; 5' trimmed: 31121 times; 3' trimmed: 54 times

Minimum overlap: 3+3
No. of allowed errors:
1-9 bp: 0; 10-16 bp: 1

No. of allowed errors:
1-9 bp: 0; 10-15 bp: 1

Overview of removed sequences at 5' end
length	count	expect	max.err	error counts
15	1	0.0	1	1
19	1	0.0	1	1
20	1	0.0	1	1
21	11	0.0	1	7 4
22	76	0.0	1	21 55
23	1642	0.0	1	617 1025
24	29095	0.0	1	28774 321
25	202	0.0	1	147 55
26	6	0.0	1	3 3
27	76	0.0	1	75 1
28	1	0.0	1	1
31	9	0.0	1	8 1



Overview of removed sequences at 3' end
length	count	expect	max.err	error counts
3	42	489.1	0	42
4	3	122.3	0	3
11	5	0.0	1	3 2
12	1	0.0	1	1
14	2	0.0	1	1 1
232	1	0.0	1	1


=== Second read: Adapter 2 ===

Sequence: GACTACHVGGGTATC...CTGCWGCCNCCCGTAGG; Type: linked; Length: 15+17; 5' trimmed: 30463 times; 3' trimmed: 20106 times

Minimum overlap: 3+3
No. of allowed errors:
1-9 bp: 0; 10-15 bp: 1

No. of allowed errors:
1-9 bp: 0; 10-16 bp: 1

Overview of removed sequences at 5' end
length	count	expect	max.err	error counts
4	1	122.3	0	1
14	1	0.0	1	0 1
20	3	0.0	1	3
21	3	0.0	1	1 2
23	2	0.0	1	2
24	4	0.0	1	1 3
25	15	0.0	1	11 4
26	7	0.0	1	5 2
27	16	0.0	1	14 2
28	38	0.0	1	21 17
29	135	0.0	1	47 88
30	1526	0.0	1	704 822
31	28663	0.0	1	28017 646
32	46	0.0	1	37 9
68	2	0.0	1	0 2
69	1	0.0	1	1



Overview of removed sequences at 3' end
length	count	expect	max.err	error counts
3	17798	489.1	0	17798
4	1064	122.3	0	1064
5	55	30.6	0	55
6	1125	7.6	0	1125
7	48	1.9	0	48
9	3	0.1	0	3
11	2	0.0	1	0 2
106	6	0.0	1	5 1
110	1	0.0	1	1
111	2	0.0	1	2
131	2	0.0	1	2
Input files: raw_data_12_11_2025/613A0_S49_L001_R1_001.fastq.gz raw_data_12_11_2025/613A0_S49_L001_R2_001.fastq.gz
This is cutadapt 5.1 with Python 3.12.11
Command line parameters: -a CCTACGGGNGGCWGCAG...GATACCCBDGTAGTC -A GACTACHVGGGTATC...CTGCWGCCNCCCGTAGG --trimmed-only --cores 8 --output results/cutadapt/613A0_S49_L001_R1_001.fastq.gz --paired-output results/cutadapt/613A0_S49_L001_R2_001.fastq.gz raw_data_12_11_2025/613A0_S49_L001_R1_001.fastq.gz raw_data_12_11_2025/613A0_S49_L001_R2_001.fastq.gz
Processing paired-end reads on 8 cores ...

=== Summary ===

Total read pairs processed:             51,841
  Read 1 with adapter:                  51,510 (99.4%)
  Read 2 with adapter:                  50,760 (97.9%)

== Read fate breakdown ==
Pairs discarded as untrimmed:            1,359 (2.6%)
Pairs written (passing filters):        50,482 (97.4%)

Total basepairs processed:    31,118,224 bp
  Read 1:    15,569,361 bp
  Read 2:    15,548,863 bp
Total written (filtered):     27,436,014 bp (88.2%)
  Read 1:    13,953,229 bp
  Read 2:    13,482,785 bp

=== First read: Adapter 1 ===

Sequence: CCTACGGGNGGCWGCAG...GATACCCBDGTAGTC; Type: linked; Length: 17+15; 5' trimmed: 51503 times; 3' trimmed: 117 times

Minimum overlap: 3+3
No. of allowed errors:
1-9 bp: 0; 10-16 bp: 1

No. of allowed errors:
1-9 bp: 0; 10-15 bp: 1

Overview of removed sequences at 5' end
length	count	expect	max.err	error counts
16	1	0.0	1	0 1
17	2	0.0	1	0 2
18	2	0.0	1	1 1
19	3	0.0	1	2 1
20	5	0.0	1	4 1
21	10	0.0	1	4 6
22	104	0.0	1	23 81
23	2690	0.0	1	1061 1629
24	48177	0.0	1	47647 530
25	343	0.0	1	259 84
26	6	0.0	1	4 2
27	123	0.0	1	122 1
30	2	0.0	1	1 1
31	35	0.0	1	32 3



Overview of removed sequences at 3' end
length	count	expect	max.err	error counts
3	81	810.0	0	81
4	9	202.5	0	9
5	1	50.6	0	1
7	1	3.2	0	1
11	17	0.0	1	12 5
12	4	0.0	1	2 2
14	1	0.0	1	1
27	1	0.0	1	1
28	1	0.0	1	1
31	1	0.0	1	0 1


=== Second read: Adapter 2 ===

Sequence: GACTACHVGGGTATC...CTGCWGCCNCCCGTAGG; Type: linked; Length: 15+17; 5' trimmed: 50488 times; 3' trimmed: 32867 times

Minimum overlap: 3+3
No. of allowed errors:
1-9 bp: 0; 10-15 bp: 1

No. of allowed errors:
1-9 bp: 0; 10-16 bp: 1

Overview of removed sequences at 5' end
length	count	expect	max.err	error counts
3	3	810.0	0	3
4	3	202.5	0	3
8	1	0.8	0	1
11	1	0.0	1	0 1
12	2	0.0	1	2
16	3	0.0	1	0 3
18	1	0.0	1	0 1
20	1	0.0	1	1
21	2	0.0	1	1 1
22	2	0.0	1	2
23	5	0.0	1	3 2
24	3	0.0	1	1 2
25	44	0.0	1	42 2
26	16	0.0	1	12 4
27	17	0.0	1	15 2
28	59	0.0	1	29 30
29	252	0.0	1	101 151
30	2586	0.0	1	1206 1380
31	47405	0.0	1	46368 1037
32	82	0.0	1	63 19



Overview of removed sequences at 3' end
length	count	expect	max.err	error counts
3	28041	810.0	0	28041
4	2907	202.5	0	2907
5	112	50.6	0	112
6	1655	12.7	0	1655
7	112	3.2	0	112
9	7	0.2	0	7
10	1	0.0	1	1
11	2	0.0	1	0 2
20	1	0.0	1	1
24	2	0.0	1	0 2
27	1	0.0	1	1
106	6	0.0	1	6
107	1	0.0	1	1
110	3	0.0	1	3
111	6	0.0	1	4 2
128	1	0.0	1	1
130	3	0.0	1	2 1
131	5	0.0	1	4 1
132	1	0.0	1	0 1
Input files: raw_data_12_11_2025/613A14_S50_L001_R1_001.fastq.gz raw_data_12_11_2025/613A14_S50_L001_R2_001.fastq.gz
This is cutadapt 5.1 with Python 3.12.11
Command line parameters: -a CCTACGGGNGGCWGCAG...GATACCCBDGTAGTC -A GACTACHVGGGTATC...CTGCWGCCNCCCGTAGG --trimmed-only --cores 8 --output results/cutadapt/613A14_S50_L001_R1_001.fastq.gz --paired-output results/cutadapt/613A14_S50_L001_R2_001.fastq.gz raw_data_12_11_2025/613A14_S50_L001_R1_001.fastq.gz raw_data_12_11_2025/613A14_S50_L001_R2_001.fastq.gz
Processing paired-end reads on 8 cores ...

=== Summary ===

Total read pairs processed:             34,737
  Read 1 with adapter:                  34,464 (99.2%)
  Read 2 with adapter:                  33,916 (97.6%)

== Read fate breakdown ==
Pairs discarded as untrimmed:            1,004 (2.9%)
Pairs written (passing filters):        33,733 (97.1%)

Total basepairs processed:    20,852,021 bp
  Read 1:    10,434,098 bp
  Read 2:    10,417,923 bp
Total written (filtered):     18,334,665 bp (87.9%)
  Read 1:     9,326,125 bp
  Read 2:     9,008,540 bp

=== First read: Adapter 1 ===

Sequence: CCTACGGGNGGCWGCAG...GATACCCBDGTAGTC; Type: linked; Length: 17+15; 5' trimmed: 34463 times; 3' trimmed: 114 times

Minimum overlap: 3+3
No. of allowed errors:
1-9 bp: 0; 10-16 bp: 1

No. of allowed errors:
1-9 bp: 0; 10-15 bp: 1

Overview of removed sequences at 5' end
length	count	expect	max.err	error counts
10	1	0.0	1	1
15	1	0.0	1	1
18	1	0.0	1	0 1
19	2	0.0	1	2
20	5	0.0	1	2 3
21	12	0.0	1	7 5
22	74	0.0	1	12 62
23	1921	0.0	1	776 1145
24	32069	0.0	1	31685 384
25	230	0.0	1	185 45
26	11	0.0	1	5 6
27	113	0.0	1	110 3
28	1	0.0	1	0 1
31	22	0.0	1	20 2



Overview of removed sequences at 3' end
length	count	expect	max.err	error counts
3	100	542.8	0	100
4	2	135.7	0	2
7	1	2.1	0	1
11	7	0.0	1	6 1
14	1	0.0	1	0 1
31	3	0.0	1	3


=== Second read: Adapter 2 ===

Sequence: GACTACHVGGGTATC...CTGCWGCCNCCCGTAGG; Type: linked; Length: 15+17; 5' trimmed: 33734 times; 3' trimmed: 22266 times

Minimum overlap: 3+3
No. of allowed errors:
1-9 bp: 0; 10-15 bp: 1

No. of allowed errors:
1-9 bp: 0; 10-16 bp: 1

Overview of removed sequences at 5' end
length	count	expect	max.err	error counts
4	1	135.7	0	1
10	1	0.0	1	1
18	2	0.0	1	0 2
21	2	0.0	1	0 2
22	1	0.0	1	0 1
23	2	0.0	1	1 1
24	3	0.0	1	2 1
25	26	0.0	1	21 5
26	12	0.0	1	8 4
27	8	0.0	1	6 2
28	41	0.0	1	27 14
29	138	0.0	1	54 84
30	1782	0.0	1	820 962
31	31658	0.0	1	31080 578
32	56	0.0	1	43 13
72	1	0.0	1	0 1



Overview of removed sequences at 3' end
length	count	expect	max.err	error counts
3	19331	542.8	0	19331
4	1768	135.7	0	1768
5	58	33.9	0	58
6	1005	8.5	0	1005
7	69	2.1	0	69
8	1	0.5	0	1
9	7	0.1	0	7
10	1	0.0	1	1
23	1	0.0	1	0 1
24	1	0.0	1	0 1
25	1	0.0	1	1
106	2	0.0	1	2
110	5	0.0	1	3 2
111	2	0.0	1	2
130	1	0.0	1	0 1
131	9	0.0	1	8 1
132	4	0.0	1	3 1
Input files: raw_data_12_11_2025/613B0_S51_L001_R1_001.fastq.gz raw_data_12_11_2025/613B0_S51_L001_R2_001.fastq.gz
This is cutadapt 5.1 with Python 3.12.11
Command line parameters: -a CCTACGGGNGGCWGCAG...GATACCCBDGTAGTC -A GACTACHVGGGTATC...CTGCWGCCNCCCGTAGG --trimmed-only --cores 8 --output results/cutadapt/613B0_S51_L001_R1_001.fastq.gz --paired-output results/cutadapt/613B0_S51_L001_R2_001.fastq.gz raw_data_12_11_2025/613B0_S51_L001_R1_001.fastq.gz raw_data_12_11_2025/613B0_S51_L001_R2_001.fastq.gz
Processing paired-end reads on 8 cores ...

=== Summary ===

Total read pairs processed:             33,920
  Read 1 with adapter:                  33,723 (99.4%)
  Read 2 with adapter:                  33,203 (97.9%)

== Read fate breakdown ==
Pairs discarded as untrimmed:              887 (2.6%)
Pairs written (passing filters):        33,033 (97.4%)

Total basepairs processed:    20,360,278 bp
  Read 1:    10,188,290 bp
  Read 2:    10,171,988 bp
Total written (filtered):     17,955,279 bp (88.2%)
  Read 1:     9,134,201 bp
  Read 2:     8,821,078 bp

=== First read: Adapter 1 ===

Sequence: CCTACGGGNGGCWGCAG...GATACCCBDGTAGTC; Type: linked; Length: 17+15; 5' trimmed: 33713 times; 3' trimmed: 65 times

Minimum overlap: 3+3
No. of allowed errors:
1-9 bp: 0; 10-16 bp: 1

No. of allowed errors:
1-9 bp: 0; 10-15 bp: 1

Overview of removed sequences at 5' end
length	count	expect	max.err	error counts
11	1	0.0	1	1
17	2	0.0	1	1 1
19	2	0.0	1	2
20	2	0.0	1	1 1
21	9	0.0	1	3 6
22	69	0.0	1	16 53
23	1798	0.0	1	703 1095
24	31477	0.0	1	31127 350
25	240	0.0	1	191 49
26	9	0.0	1	4 5
27	93	0.0	1	93
28	2	0.0	1	1 1
31	9	0.0	1	9



Overview of removed sequences at 3' end
length	count	expect	max.err	error counts
3	51	530.0	0	51
4	4	132.5	0	4
10	1	0.0	1	0 1
11	7	0.0	1	6 1
13	1	0.0	1	1
31	1	0.0	1	1


=== Second read: Adapter 2 ===

Sequence: GACTACHVGGGTATC...CTGCWGCCNCCCGTAGG; Type: linked; Length: 15+17; 5' trimmed: 33045 times; 3' trimmed: 21728 times

Minimum overlap: 3+3
No. of allowed errors:
1-9 bp: 0; 10-15 bp: 1

No. of allowed errors:
1-9 bp: 0; 10-16 bp: 1

Overview of removed sequences at 5' end
length	count	expect	max.err	error counts
3	1	530.0	0	1
4	1	132.5	0	1
8	1	0.5	0	1
11	1	0.0	1	0 1
18	1	0.0	1	0 1
20	2	0.0	1	2
21	4	0.0	1	2 2
22	2	0.0	1	1 1
23	2	0.0	1	2
24	7	0.0	1	6 1
25	16	0.0	1	13 3
26	7	0.0	1	5 2
27	11	0.0	1	11
28	38	0.0	1	21 17
29	159	0.0	1	70 89
30	1701	0.0	1	800 901
31	31051	0.0	1	30452 599
32	38	0.0	1	29 9
33	1	0.0	1	1
50	1	0.0	1	0 1



Overview of removed sequences at 3' end
length	count	expect	max.err	error counts
3	18882	530.0	0	18882
4	1527	132.5	0	1527
5	57	33.1	0	57
6	1168	8.3	0	1168
7	53	2.1	0	53
8	1	0.5	0	1
9	6	0.1	0	6
10	1	0.0	1	1
12	4	0.0	1	1 3
24	2	0.0	1	1 1
106	4	0.0	1	3 1
107	1	0.0	1	1
109	1	0.0	1	1
110	2	0.0	1	1 1
111	2	0.0	1	2
112	1	0.0	1	1
125	1	0.0	1	1
130	2	0.0	1	2
131	12	0.0	1	11 1
276	1	0.0	1	1
Input files: raw_data_12_11_2025/613B14_S52_L001_R1_001.fastq.gz raw_data_12_11_2025/613B14_S52_L001_R2_001.fastq.gz
This is cutadapt 5.1 with Python 3.12.11
Command line parameters: -a CCTACGGGNGGCWGCAG...GATACCCBDGTAGTC -A GACTACHVGGGTATC...CTGCWGCCNCCCGTAGG --trimmed-only --cores 8 --output results/cutadapt/613B14_S52_L001_R1_001.fastq.gz --paired-output results/cutadapt/613B14_S52_L001_R2_001.fastq.gz raw_data_12_11_2025/613B14_S52_L001_R1_001.fastq.gz raw_data_12_11_2025/613B14_S52_L001_R2_001.fastq.gz
Processing paired-end reads on 8 cores ...

=== Summary ===

Total read pairs processed:             31,254
  Read 1 with adapter:                  31,076 (99.4%)
  Read 2 with adapter:                  30,546 (97.7%)

== Read fate breakdown ==
Pairs discarded as untrimmed:              867 (2.8%)
Pairs written (passing filters):        30,387 (97.2%)

Total basepairs processed:    18,758,900 bp
  Read 1:     9,385,362 bp
  Read 2:     9,373,538 bp
Total written (filtered):     16,516,486 bp (88.0%)
  Read 1:     8,398,800 bp
  Read 2:     8,117,686 bp

=== First read: Adapter 1 ===

Sequence: CCTACGGGNGGCWGCAG...GATACCCBDGTAGTC; Type: linked; Length: 17+15; 5' trimmed: 31075 times; 3' trimmed: 51 times

Minimum overlap: 3+3
No. of allowed errors:
1-9 bp: 0; 10-16 bp: 1

No. of allowed errors:
1-9 bp: 0; 10-15 bp: 1

Overview of removed sequences at 5' end
length	count	expect	max.err	error counts
18	1	0.0	1	1
20	2	0.0	1	2
21	6	0.0	1	2 4
22	73	0.0	1	18 55
23	1630	0.0	1	657 973
24	29047	0.0	1	28722 325
25	204	0.0	1	152 52
26	4	0.0	1	1 3
27	99	0.0	1	97 2
30	1	0.0	1	0 1
31	7	0.0	1	7
34	1	0.0	1	1



Overview of removed sequences at 3' end
length	count	expect	max.err	error counts
3	37	488.3	0	37
4	3	122.1	0	3
7	2	1.9	0	2
11	5	0.0	1	5
12	1	0.0	1	1
28	1	0.0	1	1
31	2	0.0	1	2


=== Second read: Adapter 2 ===

Sequence: GACTACHVGGGTATC...CTGCWGCCNCCCGTAGG; Type: linked; Length: 15+17; 5' trimmed: 30417 times; 3' trimmed: 18929 times

Minimum overlap: 3+3
No. of allowed errors:
1-9 bp: 0; 10-15 bp: 1

No. of allowed errors:
1-9 bp: 0; 10-16 bp: 1

Overview of removed sequences at 5' end
length	count	expect	max.err	error counts
4	3	122.1	0	3
6	1	7.6	0	1
16	1	0.0	1	0 1
18	2	0.0	1	2
20	1	0.0	1	1
21	2	0.0	1	0 2
22	1	0.0	1	0 1
23	4	0.0	1	3 1
24	5	0.0	1	5
25	21	0.0	1	17 4
26	12	0.0	1	6 6
27	18	0.0	1	11 7
28	48	0.0	1	26 22
29	140	0.0	1	66 74
30	1544	0.0	1	706 838
31	28574	0.0	1	27979 595
32	40	0.0	1	32 8



Overview of removed sequences at 3' end
length	count	expect	max.err	error counts
3	16519	488.3	0	16519
4	1159	122.1	0	1159
5	58	30.5	0	58
6	1124	7.6	0	1124
7	43	1.9	0	43
8	1	0.5	0	1
9	5	0.1	0	5
10	1	0.0	1	1
11	2	0.0	1	0 2
20	1	0.0	1	0 1
24	1	0.0	1	1
106	1	0.0	1	1
107	1	0.0	1	1
110	4	0.0	1	4
128	1	0.0	1	1
130	3	0.0	1	3
131	4	0.0	1	4
260	1	0.0	1	1
Input files: raw_data_12_11_2025/615A0_S37_L001_R1_001.fastq.gz raw_data_12_11_2025/615A0_S37_L001_R2_001.fastq.gz
This is cutadapt 5.1 with Python 3.12.11
Command line parameters: -a CCTACGGGNGGCWGCAG...GATACCCBDGTAGTC -A GACTACHVGGGTATC...CTGCWGCCNCCCGTAGG --trimmed-only --cores 8 --output results/cutadapt/615A0_S37_L001_R1_001.fastq.gz --paired-output results/cutadapt/615A0_S37_L001_R2_001.fastq.gz raw_data_12_11_2025/615A0_S37_L001_R1_001.fastq.gz raw_data_12_11_2025/615A0_S37_L001_R2_001.fastq.gz
Processing paired-end reads on 8 cores ...

=== Summary ===

Total read pairs processed:             42,288
  Read 1 with adapter:                  42,052 (99.4%)
  Read 2 with adapter:                  41,424 (98.0%)

== Read fate breakdown ==
Pairs discarded as untrimmed:            1,081 (2.6%)
Pairs written (passing filters):        41,207 (97.4%)

Total basepairs processed:    25,393,721 bp
  Read 1:    12,711,186 bp
  Read 2:    12,682,535 bp
Total written (filtered):     22,414,525 bp (88.3%)
  Read 1:    11,401,838 bp
  Read 2:    11,012,687 bp

=== First read: Adapter 1 ===

Sequence: CCTACGGGNGGCWGCAG...GATACCCBDGTAGTC; Type: linked; Length: 17+15; 5' trimmed: 42048 times; 3' trimmed: 37 times

Minimum overlap: 3+3
No. of allowed errors:
1-9 bp: 0; 10-16 bp: 1

No. of allowed errors:
1-9 bp: 0; 10-15 bp: 1

Overview of removed sequences at 5' end
length	count	expect	max.err	error counts
20	2	0.0	1	2
21	8	0.0	1	6 2
22	93	0.0	1	28 65
23	2247	0.0	1	892 1355
24	39317	0.0	1	38821 496
25	290	0.0	1	213 77
26	5	0.0	1	1 4
27	82	0.0	1	81 1
29	1	0.0	1	0 1
30	1	0.0	1	1
31	2	0.0	1	2



Overview of removed sequences at 3' end
length	count	expect	max.err	error counts
3	33	660.8	0	33
11	2	0.0	1	2
13	1	0.0	1	0 1
14	1	0.0	1	1


=== Second read: Adapter 2 ===

Sequence: GACTACHVGGGTATC...CTGCWGCCNCCCGTAGG; Type: linked; Length: 15+17; 5' trimmed: 41201 times; 3' trimmed: 24383 times

Minimum overlap: 3+3
No. of allowed errors:
1-9 bp: 0; 10-15 bp: 1

No. of allowed errors:
1-9 bp: 0; 10-16 bp: 1

Overview of removed sequences at 5' end
length	count	expect	max.err	error counts
3	2	660.8	0	2
9	1	0.2	0	1
13	1	0.0	1	1
14	2	0.0	1	1 1
16	1	0.0	1	0 1
17	1	0.0	1	1
19	1	0.0	1	0 1
20	2	0.0	1	2
21	4	0.0	1	0 4
22	6	0.0	1	4 2
23	6	0.0	1	5 1
24	2	0.0	1	2
25	11	0.0	1	8 3
26	8	0.0	1	6 2
27	10	0.0	1	8 2
28	47	0.0	1	35 12
29	200	0.0	1	87 113
30	2093	0.0	1	936 1157
31	38731	0.0	1	37808 923
32	72	0.0	1	56 16



Overview of removed sequences at 3' end
length	count	expect	max.err	error counts
3	20395	660.8	0	20395
4	2364	165.2	0	2364
5	108	41.3	0	108
6	1353	10.3	0	1353
7	126	2.6	0	126
8	3	0.6	0	3
9	8	0.2	0	8
10	2	0.0	1	2
11	1	0.0	1	0 1
13	1	0.0	1	0 1
24	1	0.0	1	1
27	2	0.0	1	2
106	1	0.0	1	1
110	4	0.0	1	4
111	2	0.0	1	2
116	1	0.0	1	0 1
128	2	0.0	1	2
130	4	0.0	1	4
131	5	0.0	1	5
Input files: raw_data_12_11_2025/615A14_S38_L001_R1_001.fastq.gz raw_data_12_11_2025/615A14_S38_L001_R2_001.fastq.gz
This is cutadapt 5.1 with Python 3.12.11
Command line parameters: -a CCTACGGGNGGCWGCAG...GATACCCBDGTAGTC -A GACTACHVGGGTATC...CTGCWGCCNCCCGTAGG --trimmed-only --cores 8 --output results/cutadapt/615A14_S38_L001_R1_001.fastq.gz --paired-output results/cutadapt/615A14_S38_L001_R2_001.fastq.gz raw_data_12_11_2025/615A14_S38_L001_R1_001.fastq.gz raw_data_12_11_2025/615A14_S38_L001_R2_001.fastq.gz
Processing paired-end reads on 8 cores ...

=== Summary ===

Total read pairs processed:             35,633
  Read 1 with adapter:                  35,443 (99.5%)
  Read 2 with adapter:                  34,980 (98.2%)

== Read fate breakdown ==
Pairs discarded as untrimmed:              819 (2.3%)
Pairs written (passing filters):        34,814 (97.7%)

Total basepairs processed:    21,393,092 bp
  Read 1:    10,705,865 bp
  Read 2:    10,687,227 bp
Total written (filtered):     18,929,983 bp (88.5%)
  Read 1:     9,627,693 bp
  Read 2:     9,302,290 bp

=== First read: Adapter 1 ===

Sequence: CCTACGGGNGGCWGCAG...GATACCCBDGTAGTC; Type: linked; Length: 17+15; 5' trimmed: 35442 times; 3' trimmed: 49 times

Minimum overlap: 3+3
No. of allowed errors:
1-9 bp: 0; 10-16 bp: 1

No. of allowed errors:
1-9 bp: 0; 10-15 bp: 1

Overview of removed sequences at 5' end
length	count	expect	max.err	error counts
16	1	0.0	1	0 1
17	1	0.0	1	0 1
18	1	0.0	1	1
19	4	0.0	1	3 1
20	5	0.0	1	3 2
21	16	0.0	1	12 4
22	73	0.0	1	14 59
23	1940	0.0	1	733 1207
24	33052	0.0	1	32676 376
25	248	0.0	1	188 60
26	3	0.0	1	1 2
27	84	0.0	1	81 3
31	14	0.0	1	12 2



Overview of removed sequences at 3' end
length	count	expect	max.err	error counts
3	37	556.8	0	37
4	1	139.2	0	1
7	2	2.2	0	2
11	4	0.0	1	2 2
13	2	0.0	1	2
14	1	0.0	1	0 1
31	2	0.0	1	2


=== Second read: Adapter 2 ===

Sequence: GACTACHVGGGTATC...CTGCWGCCNCCCGTAGG; Type: linked; Length: 15+17; 5' trimmed: 34829 times; 3' trimmed: 21236 times

Minimum overlap: 3+3
No. of allowed errors:
1-9 bp: 0; 10-15 bp: 1

No. of allowed errors:
1-9 bp: 0; 10-16 bp: 1

Overview of removed sequences at 5' end
length	count	expect	max.err	error counts
3	1	556.8	0	1
4	2	139.2	0	2
8	1	0.5	0	1
10	1	0.0	1	0 1
17	1	0.0	1	1
19	1	0.0	1	1
21	1	0.0	1	1
22	2	0.0	1	2
23	2	0.0	1	1 1
24	4	0.0	1	2 2
25	25	0.0	1	21 4
26	10	0.0	1	6 4
27	9	0.0	1	6 3
28	49	0.0	1	30 19
29	160	0.0	1	52 108
30	1804	0.0	1	863 941
31	32702	0.0	1	32141 561
32	54	0.0	1	44 10



Overview of removed sequences at 3' end
length	count	expect	max.err	error counts
3	18373	556.8	0	18373
4	1623	139.2	0	1623
5	85	34.8	0	85
6	1055	8.7	0	1055
7	71	2.2	0	71
8	1	0.5	0	1
9	11	0.1	0	11
10	1	0.0	1	1
12	2	0.0	1	0 2
27	1	0.0	1	1
106	1	0.0	1	1
108	1	0.0	1	1
109	1	0.0	1	1
111	2	0.0	1	0 2
128	3	0.0	1	3
130	1	0.0	1	0 1
131	2	0.0	1	2
132	1	0.0	1	1
276	1	0.0	1	1
Input files: raw_data_12_11_2025/615B0_S39_L001_R1_001.fastq.gz raw_data_12_11_2025/615B0_S39_L001_R2_001.fastq.gz
This is cutadapt 5.1 with Python 3.12.11
Command line parameters: -a CCTACGGGNGGCWGCAG...GATACCCBDGTAGTC -A GACTACHVGGGTATC...CTGCWGCCNCCCGTAGG --trimmed-only --cores 8 --output results/cutadapt/615B0_S39_L001_R1_001.fastq.gz --paired-output results/cutadapt/615B0_S39_L001_R2_001.fastq.gz raw_data_12_11_2025/615B0_S39_L001_R1_001.fastq.gz raw_data_12_11_2025/615B0_S39_L001_R2_001.fastq.gz
Processing paired-end reads on 8 cores ...

=== Summary ===

Total read pairs processed:             35,019
  Read 1 with adapter:                  34,831 (99.5%)
  Read 2 with adapter:                  34,359 (98.1%)

== Read fate breakdown ==
Pairs discarded as untrimmed:              832 (2.4%)
Pairs written (passing filters):        34,187 (97.6%)

Total basepairs processed:    21,030,720 bp
  Read 1:    10,527,446 bp
  Read 2:    10,503,274 bp
Total written (filtered):     18,594,038 bp (88.4%)
  Read 1:     9,458,818 bp
  Read 2:     9,135,220 bp

=== First read: Adapter 1 ===

Sequence: CCTACGGGNGGCWGCAG...GATACCCBDGTAGTC; Type: linked; Length: 17+15; 5' trimmed: 34824 times; 3' trimmed: 61 times

Minimum overlap: 3+3
No. of allowed errors:
1-9 bp: 0; 10-16 bp: 1

No. of allowed errors:
1-9 bp: 0; 10-15 bp: 1

Overview of removed sequences at 5' end
length	count	expect	max.err	error counts
3	1	547.2	0	1
19	1	0.0	1	1
20	2	0.0	1	1 1
21	9	0.0	1	5 4
22	92	0.0	1	22 70
23	1845	0.0	1	737 1108
24	32553	0.0	1	32137 416
25	237	0.0	1	177 60
26	3	0.0	1	1 2
27	66	0.0	1	65 1
30	1	0.0	1	0 1
31	14	0.0	1	14



Overview of removed sequences at 3' end
length	count	expect	max.err	error counts
3	34	547.2	0	34
4	2	136.8	0	2
7	2	2.1	0	2
11	9	0.0	1	7 2
12	1	0.0	1	1
13	2	0.0	1	2
14	4	0.0	1	3 1
30	1	0.0	1	1
31	5	0.0	1	5
142	1	0.0	1	1


=== Second read: Adapter 2 ===

Sequence: GACTACHVGGGTATC...CTGCWGCCNCCCGTAGG; Type: linked; Length: 15+17; 5' trimmed: 34230 times; 3' trimmed: 19994 times

Minimum overlap: 3+3
No. of allowed errors:
1-9 bp: 0; 10-15 bp: 1

No. of allowed errors:
1-9 bp: 0; 10-16 bp: 1

Overview of removed sequences at 5' end
length	count	expect	max.err	error counts
3	2	547.2	0	2
12	1	0.0	1	0 1
16	1	0.0	1	1
17	3	0.0	1	3
20	2	0.0	1	2
22	3	0.0	1	3
23	3	0.0	1	3
24	5	0.0	1	2 3
25	24	0.0	1	19 5
26	8	0.0	1	7 1
27	12	0.0	1	9 3
28	32	0.0	1	25 7
29	182	0.0	1	70 112
30	1781	0.0	1	845 936
31	32115	0.0	1	31557 558
32	55	0.0	1	47 8
71	1	0.0	1	0 1



Overview of removed sequences at 3' end
length	count	expect	max.err	error counts
3	16926	547.2	0	16926
4	1901	136.8	0	1901
5	102	34.2	0	102
6	960	8.5	0	960
7	66	2.1	0	66
8	2	0.5	0	2
9	5	0.1	0	5
10	1	0.0	1	0 1
11	2	0.0	1	0 2
12	6	0.0	1	0 6
24	2	0.0	1	2
27	1	0.0	1	0 1
29	1	0.0	1	0 1
106	5	0.0	1	4 1
107	1	0.0	1	0 1
110	2	0.0	1	1 1
111	3	0.0	1	3
126	1	0.0	1	1
128	1	0.0	1	1
130	1	0.0	1	0 1
131	4	0.0	1	4
263	1	0.0	1	0 1
Input files: raw_data_12_11_2025/615B14_S40_L001_R1_001.fastq.gz raw_data_12_11_2025/615B14_S40_L001_R2_001.fastq.gz
This is cutadapt 5.1 with Python 3.12.11
Command line parameters: -a CCTACGGGNGGCWGCAG...GATACCCBDGTAGTC -A GACTACHVGGGTATC...CTGCWGCCNCCCGTAGG --trimmed-only --cores 8 --output results/cutadapt/615B14_S40_L001_R1_001.fastq.gz --paired-output results/cutadapt/615B14_S40_L001_R2_001.fastq.gz raw_data_12_11_2025/615B14_S40_L001_R1_001.fastq.gz raw_data_12_11_2025/615B14_S40_L001_R2_001.fastq.gz
Processing paired-end reads on 8 cores ...

=== Summary ===

Total read pairs processed:              8,929
  Read 1 with adapter:                   8,813 (98.7%)
  Read 2 with adapter:                   8,657 (97.0%)

== Read fate breakdown ==
Pairs discarded as untrimmed:              323 (3.6%)
Pairs written (passing filters):         8,606 (96.4%)

Total basepairs processed:     5,360,929 bp
  Read 1:     2,683,772 bp
  Read 2:     2,677,157 bp
Total written (filtered):      4,680,457 bp (87.3%)
  Read 1:     2,381,419 bp
  Read 2:     2,299,038 bp

=== First read: Adapter 1 ===

Sequence: CCTACGGGNGGCWGCAG...GATACCCBDGTAGTC; Type: linked; Length: 17+15; 5' trimmed: 8813 times; 3' trimmed: 2 times

Minimum overlap: 3+3
No. of allowed errors:
1-9 bp: 0; 10-16 bp: 1

No. of allowed errors:
1-9 bp: 0; 10-15 bp: 1

Overview of removed sequences at 5' end
length	count	expect	max.err	error counts
19	2	0.0	1	1 1
21	5	0.0	1	3 2
22	18	0.0	1	4 14
23	413	0.0	1	145 268
24	8249	0.0	1	8161 88
25	57	0.0	1	39 18
26	3	0.0	1	2 1
27	60	0.0	1	60
31	5	0.0	1	4 1
32	1	0.0	1	1



Overview of removed sequences at 3' end
length	count	expect	max.err	error counts
3	1	139.5	0	1
12	1	0.0	1	1


=== Second read: Adapter 2 ===

Sequence: GACTACHVGGGTATC...CTGCWGCCNCCCGTAGG; Type: linked; Length: 15+17; 5' trimmed: 8593 times; 3' trimmed: 4854 times

Minimum overlap: 3+3
No. of allowed errors:
1-9 bp: 0; 10-15 bp: 1

No. of allowed errors:
1-9 bp: 0; 10-16 bp: 1

Overview of removed sequences at 5' end
length	count	expect	max.err	error counts
3	1	139.5	0	1
8	1	0.1	0	1
18	1	0.0	1	0 1
19	1	0.0	1	1
20	1	0.0	1	1
22	1	0.0	1	0 1
24	1	0.0	1	1
25	13	0.0	1	10 3
26	2	0.0	1	1 1
27	1	0.0	1	0 1
28	18	0.0	1	15 3
29	61	0.0	1	33 28
30	410	0.0	1	179 231
31	8075	0.0	1	7871 204
32	6	0.0	1	4 2



Overview of removed sequences at 3' end
length	count	expect	max.err	error counts
3	2609	139.5	0	2609
4	1893	34.9	0	1893
5	68	8.7	0	68
6	163	2.2	0	163
7	91	0.5	0	91
9	2	0.0	0	2
10	1	0.0	1	1
11	1	0.0	1	0 1
24	1	0.0	1	1
106	4	0.0	1	2 2
110	12	0.0	1	8 4
128	3	0.0	1	3
131	4	0.0	1	2 2
132	1	0.0	1	1
137	1	0.0	1	1
Input files: raw_data_12_11_2025/621A0_S57_L001_R1_001.fastq.gz raw_data_12_11_2025/621A0_S57_L001_R2_001.fastq.gz
This is cutadapt 5.1 with Python 3.12.11
Command line parameters: -a CCTACGGGNGGCWGCAG...GATACCCBDGTAGTC -A GACTACHVGGGTATC...CTGCWGCCNCCCGTAGG --trimmed-only --cores 8 --output results/cutadapt/621A0_S57_L001_R1_001.fastq.gz --paired-output results/cutadapt/621A0_S57_L001_R2_001.fastq.gz raw_data_12_11_2025/621A0_S57_L001_R1_001.fastq.gz raw_data_12_11_2025/621A0_S57_L001_R2_001.fastq.gz
Processing paired-end reads on 8 cores ...

=== Summary ===

Total read pairs processed:             37,052
  Read 1 with adapter:                  36,844 (99.4%)
  Read 2 with adapter:                  36,321 (98.0%)

== Read fate breakdown ==
Pairs discarded as untrimmed:              926 (2.5%)
Pairs written (passing filters):        36,126 (97.5%)

Total basepairs processed:    22,237,949 bp
  Read 1:    11,125,003 bp
  Read 2:    11,112,946 bp
Total written (filtered):     19,637,681 bp (88.3%)
  Read 1:     9,981,822 bp
  Read 2:     9,655,859 bp

=== First read: Adapter 1 ===

Sequence: CCTACGGGNGGCWGCAG...GATACCCBDGTAGTC; Type: linked; Length: 17+15; 5' trimmed: 36844 times; 3' trimmed: 112 times

Minimum overlap: 3+3
No. of allowed errors:
1-9 bp: 0; 10-16 bp: 1

No. of allowed errors:
1-9 bp: 0; 10-15 bp: 1

Overview of removed sequences at 5' end
length	count	expect	max.err	error counts
4	1	144.7	0	1
19	2	0.0	1	2
20	3	0.0	1	2 1
21	11	0.0	1	3 8
22	93	0.0	1	17 76
23	1928	0.0	1	774 1154
24	34446	0.0	1	34072 374
25	251	0.0	1	185 66
26	4	0.0	1	0 4
27	71	0.0	1	70 1
30	1	0.0	1	0 1
31	32	0.0	1	30 2
32	1	0.0	1	1



Overview of removed sequences at 3' end
length	count	expect	max.err	error counts
3	93	578.9	0	93
5	1	36.2	0	1
7	1	2.3	0	1
11	7	0.0	1	6 1
12	1	0.0	1	1
14	2	0.0	1	2
28	1	0.0	1	1
31	5	0.0	1	5
143	1	0.0	1	1


=== Second read: Adapter 2 ===

Sequence: GACTACHVGGGTATC...CTGCWGCCNCCCGTAGG; Type: linked; Length: 15+17; 5' trimmed: 36143 times; 3' trimmed: 21188 times

Minimum overlap: 3+3
No. of allowed errors:
1-9 bp: 0; 10-15 bp: 1

No. of allowed errors:
1-9 bp: 0; 10-16 bp: 1

Overview of removed sequences at 5' end
length	count	expect	max.err	error counts
17	1	0.0	1	1
18	1	0.0	1	0 1
19	1	0.0	1	1
20	1	0.0	1	0 1
21	1	0.0	1	0 1
22	2	0.0	1	1 1
23	7	0.0	1	6 1
24	4	0.0	1	2 2
25	46	0.0	1	42 4
26	7	0.0	1	6 1
27	10	0.0	1	6 4
28	49	0.0	1	35 14
29	177	0.0	1	80 97
30	1856	0.0	1	884 972
31	33933	0.0	1	33327 606
32	45	0.0	1	37 8
63	1	0.0	1	1
69	1	0.0	1	0 1



Overview of removed sequences at 3' end
length	count	expect	max.err	error counts
3	18883	578.9	0	18883
4	1115	144.7	0	1115
5	75	36.2	0	75
6	1025	9.0	0	1025
7	50	2.3	0	50
9	6	0.1	0	6
11	2	0.0	1	0 2
12	1	0.0	1	0 1
24	5	0.0	1	2 3
27	2	0.0	1	1 1
104	1	0.0	1	1
106	4	0.0	1	4
110	13	0.0	1	11 2
111	1	0.0	1	1
128	2	0.0	1	2
130	2	0.0	1	2
131	1	0.0	1	1
Input files: raw_data_12_11_2025/621A14_S58_L001_R1_001.fastq.gz raw_data_12_11_2025/621A14_S58_L001_R2_001.fastq.gz
This is cutadapt 5.1 with Python 3.12.11
Command line parameters: -a CCTACGGGNGGCWGCAG...GATACCCBDGTAGTC -A GACTACHVGGGTATC...CTGCWGCCNCCCGTAGG --trimmed-only --cores 8 --output results/cutadapt/621A14_S58_L001_R1_001.fastq.gz --paired-output results/cutadapt/621A14_S58_L001_R2_001.fastq.gz raw_data_12_11_2025/621A14_S58_L001_R1_001.fastq.gz raw_data_12_11_2025/621A14_S58_L001_R2_001.fastq.gz
Processing paired-end reads on 8 cores ...

=== Summary ===

Total read pairs processed:             33,053
  Read 1 with adapter:                  32,842 (99.4%)
  Read 2 with adapter:                  32,397 (98.0%)

== Read fate breakdown ==
Pairs discarded as untrimmed:              845 (2.6%)
Pairs written (passing filters):        32,208 (97.4%)

Total basepairs processed:    19,846,342 bp
  Read 1:     9,933,785 bp
  Read 2:     9,912,557 bp
Total written (filtered):     17,509,248 bp (88.2%)
  Read 1:     8,909,593 bp
  Read 2:     8,599,655 bp

=== First read: Adapter 1 ===

Sequence: CCTACGGGNGGCWGCAG...GATACCCBDGTAGTC; Type: linked; Length: 17+15; 5' trimmed: 32833 times; 3' trimmed: 92 times

Minimum overlap: 3+3
No. of allowed errors:
1-9 bp: 0; 10-16 bp: 1

No. of allowed errors:
1-9 bp: 0; 10-15 bp: 1

Overview of removed sequences at 5' end
length	count	expect	max.err	error counts
13	1	0.0	1	1
14	2	0.0	1	1 1
17	2	0.0	1	1 1
19	1	0.0	1	1
20	3	0.0	1	3
21	10	0.0	1	8 2
22	88	0.0	1	22 66
23	1734	0.0	1	637 1097
24	30653	0.0	1	30306 347
25	246	0.0	1	191 55
26	7	0.0	1	4 3
27	67	0.0	1	66 1
31	19	0.0	1	19



Overview of removed sequences at 3' end
length	count	expect	max.err	error counts
3	72	516.5	0	72
4	2	129.1	0	2
7	1	2.0	0	1
10	1	0.0	1	1
11	6	0.0	1	4 2
12	1	0.0	1	1
31	9	0.0	1	9


=== Second read: Adapter 2 ===

Sequence: GACTACHVGGGTATC...CTGCWGCCNCCCGTAGG; Type: linked; Length: 15+17; 5' trimmed: 32219 times; 3' trimmed: 21633 times

Minimum overlap: 3+3
No. of allowed errors:
1-9 bp: 0; 10-15 bp: 1

No. of allowed errors:
1-9 bp: 0; 10-16 bp: 1

Overview of removed sequences at 5' end
length	count	expect	max.err	error counts
3	1	516.5	0	1
4	2	129.1	0	2
14	1	0.0	1	0 1
16	1	0.0	1	1
18	1	0.0	1	0 1
22	4	0.0	1	1 3
23	1	0.0	1	0 1
24	5	0.0	1	2 3
25	27	0.0	1	25 2
26	7	0.0	1	7
27	14	0.0	1	13 1
28	24	0.0	1	16 8
29	178	0.0	1	85 93
30	1671	0.0	1	772 899
31	30226	0.0	1	29632 594
32	55	0.0	1	41 14
66	1	0.0	1	0 1



Overview of removed sequences at 3' end
length	count	expect	max.err	error counts
3	19084	516.5	0	19084
4	1342	129.1	0	1342
5	76	32.3	0	76
6	1051	8.1	0	1051
7	43	2.0	0	43
8	1	0.5	0	1
9	3	0.1	0	3
12	1	0.0	1	0 1
24	6	0.0	1	2 4
34	1	0.0	1	1
106	7	0.0	1	7
107	1	0.0	1	0 1
110	7	0.0	1	5 2
111	2	0.0	1	2
128	2	0.0	1	1 1
129	2	0.0	1	1 1
130	2	0.0	1	1 1
131	1	0.0	1	1
217	1	0.0	1	0 1
Input files: raw_data_12_11_2025/621B0_S59_L001_R1_001.fastq.gz raw_data_12_11_2025/621B0_S59_L001_R2_001.fastq.gz
This is cutadapt 5.1 with Python 3.12.11
Command line parameters: -a CCTACGGGNGGCWGCAG...GATACCCBDGTAGTC -A GACTACHVGGGTATC...CTGCWGCCNCCCGTAGG --trimmed-only --cores 8 --output results/cutadapt/621B0_S59_L001_R1_001.fastq.gz --paired-output results/cutadapt/621B0_S59_L001_R2_001.fastq.gz raw_data_12_11_2025/621B0_S59_L001_R1_001.fastq.gz raw_data_12_11_2025/621B0_S59_L001_R2_001.fastq.gz
Processing paired-end reads on 8 cores ...

=== Summary ===

Total read pairs processed:             32,668
  Read 1 with adapter:                  32,479 (99.4%)
  Read 2 with adapter:                  31,988 (97.9%)

== Read fate breakdown ==
Pairs discarded as untrimmed:              846 (2.6%)
Pairs written (passing filters):        31,822 (97.4%)

Total basepairs processed:    19,616,470 bp
  Read 1:     9,819,005 bp
  Read 2:     9,797,465 bp
Total written (filtered):     17,301,175 bp (88.2%)
  Read 1:     8,803,605 bp
  Read 2:     8,497,570 bp

=== First read: Adapter 1 ===

Sequence: CCTACGGGNGGCWGCAG...GATACCCBDGTAGTC; Type: linked; Length: 17+15; 5' trimmed: 32471 times; 3' trimmed: 159 times

Minimum overlap: 3+3
No. of allowed errors:
1-9 bp: 0; 10-16 bp: 1

No. of allowed errors:
1-9 bp: 0; 10-15 bp: 1

Overview of removed sequences at 5' end
length	count	expect	max.err	error counts
15	1	0.0	1	1
18	2	0.0	1	2
20	1	0.0	1	1
21	8	0.0	1	5 3
22	77	0.0	1	20 57
23	1758	0.0	1	637 1121
24	30351	0.0	1	30042 309
25	198	0.0	1	157 41
26	2	0.0	1	1 1
27	65	0.0	1	63 2
31	8	0.0	1	8



Overview of removed sequences at 3' end
length	count	expect	max.err	error counts
3	139	510.4	0	139
4	5	127.6	0	5
11	8	0.0	1	6 2
12	2	0.0	1	0 2
14	1	0.0	1	1
31	3	0.0	1	3
143	1	0.0	1	1


=== Second read: Adapter 2 ===

Sequence: GACTACHVGGGTATC...CTGCWGCCNCCCGTAGG; Type: linked; Length: 15+17; 5' trimmed: 31847 times; 3' trimmed: 20864 times

Minimum overlap: 3+3
No. of allowed errors:
1-9 bp: 0; 10-15 bp: 1

No. of allowed errors:
1-9 bp: 0; 10-16 bp: 1

Overview of removed sequences at 5' end
length	count	expect	max.err	error counts
4	1	127.6	0	1
8	1	0.5	0	1
14	1	0.0	1	1
18	1	0.0	1	0 1
20	2	0.0	1	2
21	1	0.0	1	0 1
22	3	0.0	1	2 1
23	4	0.0	1	2 2
24	3	0.0	1	2 1
25	24	0.0	1	16 8
26	8	0.0	1	7 1
27	12	0.0	1	9 3
28	39	0.0	1	22 17
29	165	0.0	1	61 104
30	1638	0.0	1	770 868
31	29897	0.0	1	29289 608
32	46	0.0	1	33 13
46	1	0.0	1	1



Overview of removed sequences at 3' end
length	count	expect	max.err	error counts
3	18130	510.4	0	18130
4	1490	127.6	0	1490
5	66	31.9	0	66
6	1086	8.0	0	1086
7	61	2.0	0	61
9	9	0.1	0	9
10	1	0.0	1	0 1
11	1	0.0	1	0 1
12	1	0.0	1	0 1
23	1	0.0	1	1
24	2	0.0	1	1 1
27	1	0.0	1	1
106	5	0.0	1	5
107	2	0.0	1	2
110	5	0.0	1	4 1
111	1	0.0	1	1
131	2	0.0	1	1 1
Input files: raw_data_12_11_2025/621B14_S60_L001_R1_001.fastq.gz raw_data_12_11_2025/621B14_S60_L001_R2_001.fastq.gz
This is cutadapt 5.1 with Python 3.12.11
Command line parameters: -a CCTACGGGNGGCWGCAG...GATACCCBDGTAGTC -A GACTACHVGGGTATC...CTGCWGCCNCCCGTAGG --trimmed-only --cores 8 --output results/cutadapt/621B14_S60_L001_R1_001.fastq.gz --paired-output results/cutadapt/621B14_S60_L001_R2_001.fastq.gz raw_data_12_11_2025/621B14_S60_L001_R1_001.fastq.gz raw_data_12_11_2025/621B14_S60_L001_R2_001.fastq.gz
Processing paired-end reads on 8 cores ...

=== Summary ===

Total read pairs processed:             31,940
  Read 1 with adapter:                  31,762 (99.4%)
  Read 2 with adapter:                  31,249 (97.8%)

== Read fate breakdown ==
Pairs discarded as untrimmed:              857 (2.7%)
Pairs written (passing filters):        31,083 (97.3%)

Total basepairs processed:    19,174,646 bp
  Read 1:     9,594,541 bp
  Read 2:     9,580,105 bp
Total written (filtered):     16,899,447 bp (88.1%)
  Read 1:     8,592,703 bp
  Read 2:     8,306,744 bp

=== First read: Adapter 1 ===

Sequence: CCTACGGGNGGCWGCAG...GATACCCBDGTAGTC; Type: linked; Length: 17+15; 5' trimmed: 31760 times; 3' trimmed: 72 times

Minimum overlap: 3+3
No. of allowed errors:
1-9 bp: 0; 10-16 bp: 1

No. of allowed errors:
1-9 bp: 0; 10-15 bp: 1

Overview of removed sequences at 5' end
length	count	expect	max.err	error counts
14	1	0.0	1	0 1
17	2	0.0	1	2
18	2	0.0	1	1 1
19	1	0.0	1	1
20	2	0.0	1	2
21	7	0.0	1	6 1
22	71	0.0	1	18 53
23	1670	0.0	1	633 1037
24	29722	0.0	1	29403 319
25	210	0.0	1	164 46
26	3	0.0	1	1 2
27	61	0.0	1	61
31	8	0.0	1	7 1



Overview of removed sequences at 3' end
length	count	expect	max.err	error counts
3	51	499.1	0	51
4	1	124.8	0	1
7	1	1.9	0	1
11	7	0.0	1	6 1
12	1	0.0	1	1
13	1	0.0	1	1
14	2	0.0	1	2
31	8	0.0	1	8


=== Second read: Adapter 2 ===

Sequence: GACTACHVGGGTATC...CTGCWGCCNCCCGTAGG; Type: linked; Length: 15+17; 5' trimmed: 31096 times; 3' trimmed: 18524 times

Minimum overlap: 3+3
No. of allowed errors:
1-9 bp: 0; 10-15 bp: 1

No. of allowed errors:
1-9 bp: 0; 10-16 bp: 1

Overview of removed sequences at 5' end
length	count	expect	max.err	error counts
10	1	0.0	1	1
14	1	0.0	1	1
17	1	0.0	1	1
19	1	0.0	1	0 1
21	2	0.0	1	1 1
22	4	0.0	1	4
23	3	0.0	1	3
24	5	0.0	1	4 1
25	15	0.0	1	10 5
26	15	0.0	1	9 6
27	18	0.0	1	13 5
28	41	0.0	1	29 12
29	135	0.0	1	54 81
30	1555	0.0	1	758 797
31	29257	0.0	1	28651 606
32	41	0.0	1	35 6
60	1	0.0	1	0 1



Overview of removed sequences at 3' end
length	count	expect	max.err	error counts
3	16475	499.1	0	16475
4	893	124.8	0	893
5	62	31.2	0	62
6	1015	7.8	0	1015
7	47	1.9	0	47
8	1	0.5	0	1
9	6	0.1	0	6
10	1	0.0	1	0 1
24	6	0.0	1	5 1
106	6	0.0	1	5 1
107	2	0.0	1	1 1
110	4	0.0	1	3 1
128	1	0.0	1	1
131	1	0.0	1	0 1
132	1	0.0	1	1
133	1	0.0	1	1
202	2	0.0	1	2
Input files: raw_data_12_11_2025/622A0_S61_L001_R1_001.fastq.gz raw_data_12_11_2025/622A0_S61_L001_R2_001.fastq.gz
This is cutadapt 5.1 with Python 3.12.11
Command line parameters: -a CCTACGGGNGGCWGCAG...GATACCCBDGTAGTC -A GACTACHVGGGTATC...CTGCWGCCNCCCGTAGG --trimmed-only --cores 8 --output results/cutadapt/622A0_S61_L001_R1_001.fastq.gz --paired-output results/cutadapt/622A0_S61_L001_R2_001.fastq.gz raw_data_12_11_2025/622A0_S61_L001_R1_001.fastq.gz raw_data_12_11_2025/622A0_S61_L001_R2_001.fastq.gz
Processing paired-end reads on 8 cores ...

=== Summary ===

Total read pairs processed:             39,644
  Read 1 with adapter:                  39,417 (99.4%)
  Read 2 with adapter:                  38,853 (98.0%)

== Read fate breakdown ==
Pairs discarded as untrimmed:              999 (2.5%)
Pairs written (passing filters):        38,645 (97.5%)

Total basepairs processed:    23,804,076 bp
  Read 1:    11,913,594 bp
  Read 2:    11,890,482 bp
Total written (filtered):     21,011,772 bp (88.3%)
  Read 1:    10,689,238 bp
  Read 2:    10,322,534 bp

=== First read: Adapter 1 ===

Sequence: CCTACGGGNGGCWGCAG...GATACCCBDGTAGTC; Type: linked; Length: 17+15; 5' trimmed: 39415 times; 3' trimmed: 53 times

Minimum overlap: 3+3
No. of allowed errors:
1-9 bp: 0; 10-16 bp: 1

No. of allowed errors:
1-9 bp: 0; 10-15 bp: 1

Overview of removed sequences at 5' end
length	count	expect	max.err	error counts
17	1	0.0	1	1
19	2	0.0	1	1 1
20	2	0.0	1	2
21	9	0.0	1	3 6
22	77	0.0	1	12 65
23	2012	0.0	1	752 1260
24	36975	0.0	1	36573 402
25	253	0.0	1	190 63
26	8	0.0	1	3 5
27	69	0.0	1	68 1
30	1	0.0	1	0 1
31	6	0.0	1	6



Overview of removed sequences at 3' end
length	count	expect	max.err	error counts
3	43	619.4	0	43
4	3	154.9	0	3
7	1	2.4	0	1
11	5	0.0	1	4 1
12	1	0.0	1	1


=== Second read: Adapter 2 ===

Sequence: GACTACHVGGGTATC...CTGCWGCCNCCCGTAGG; Type: linked; Length: 15+17; 5' trimmed: 38654 times; 3' trimmed: 24391 times

Minimum overlap: 3+3
No. of allowed errors:
1-9 bp: 0; 10-15 bp: 1

No. of allowed errors:
1-9 bp: 0; 10-16 bp: 1

Overview of removed sequences at 5' end
length	count	expect	max.err	error counts
3	1	619.4	0	1
4	2	154.9	0	2
9	1	0.2	0	1
15	1	0.0	1	1
18	2	0.0	1	1 1
20	4	0.0	1	4
21	1	0.0	1	1
22	2	0.0	1	0 2
23	3	0.0	1	3
24	7	0.0	1	4 3
25	17	0.0	1	15 2
26	10	0.0	1	9 1
27	7	0.0	1	5 2
28	27	0.0	1	16 11
29	150	0.0	1	60 90
30	1937	0.0	1	878 1059
31	36417	0.0	1	35669 748
32	65	0.0	1	55 10



Overview of removed sequences at 3' end
length	count	expect	max.err	error counts
3	19882	619.4	0	19882
4	3014	154.9	0	3014
5	128	38.7	0	128
6	1216	9.7	0	1216
7	128	2.4	0	128
9	3	0.2	0	3
10	2	0.0	1	1 1
12	1	0.0	1	0 1
27	1	0.0	1	1
106	2	0.0	1	2
107	1	0.0	1	0 1
110	5	0.0	1	5
111	3	0.0	1	3
130	1	0.0	1	1
131	3	0.0	1	3
277	1	0.0	1	1
Input files: raw_data_12_11_2025/622A14_S62_L001_R1_001.fastq.gz raw_data_12_11_2025/622A14_S62_L001_R2_001.fastq.gz
This is cutadapt 5.1 with Python 3.12.11
Command line parameters: -a CCTACGGGNGGCWGCAG...GATACCCBDGTAGTC -A GACTACHVGGGTATC...CTGCWGCCNCCCGTAGG --trimmed-only --cores 8 --output results/cutadapt/622A14_S62_L001_R1_001.fastq.gz --paired-output results/cutadapt/622A14_S62_L001_R2_001.fastq.gz raw_data_12_11_2025/622A14_S62_L001_R1_001.fastq.gz raw_data_12_11_2025/622A14_S62_L001_R2_001.fastq.gz
Processing paired-end reads on 8 cores ...

=== Summary ===

Total read pairs processed:             25,097
  Read 1 with adapter:                  24,957 (99.4%)
  Read 2 with adapter:                  24,530 (97.7%)

== Read fate breakdown ==
Pairs discarded as untrimmed:              693 (2.8%)
Pairs written (passing filters):        24,404 (97.2%)

Total basepairs processed:    15,066,877 bp
  Read 1:     7,540,309 bp
  Read 2:     7,526,568 bp
Total written (filtered):     13,268,446 bp (88.1%)
  Read 1:     6,747,831 bp
  Read 2:     6,520,615 bp

=== First read: Adapter 1 ===

Sequence: CCTACGGGNGGCWGCAG...GATACCCBDGTAGTC; Type: linked; Length: 17+15; 5' trimmed: 24950 times; 3' trimmed: 97 times

Minimum overlap: 3+3
No. of allowed errors:
1-9 bp: 0; 10-16 bp: 1

No. of allowed errors:
1-9 bp: 0; 10-15 bp: 1

Overview of removed sequences at 5' end
length	count	expect	max.err	error counts
17	1	0.0	1	1
20	4	0.0	1	3 1
21	8	0.0	1	4 4
22	56	0.0	1	12 44
23	1331	0.0	1	494 837
24	23303	0.0	1	22997 306
25	173	0.0	1	131 42
26	6	0.0	1	3 3
27	59	0.0	1	58 1
31	9	0.0	1	8 1



Overview of removed sequences at 3' end
length	count	expect	max.err	error counts
3	69	392.1	0	69
4	9	98.0	0	9
5	4	24.5	0	4
6	2	6.1	0	2
7	1	1.5	0	1
11	3	0.0	1	3
12	3	0.0	1	2 1
31	6	0.0	1	6


=== Second read: Adapter 2 ===

Sequence: GACTACHVGGGTATC...CTGCWGCCNCCCGTAGG; Type: linked; Length: 15+17; 5' trimmed: 24415 times; 3' trimmed: 13998 times

Minimum overlap: 3+3
No. of allowed errors:
1-9 bp: 0; 10-15 bp: 1

No. of allowed errors:
1-9 bp: 0; 10-16 bp: 1

Overview of removed sequences at 5' end
length	count	expect	max.err	error counts
3	1	392.1	0	1
10	1	0.0	1	0 1
14	1	0.0	1	1
16	1	0.0	1	1
21	1	0.0	1	1
23	2	0.0	1	1 1
24	3	0.0	1	1 2
25	21	0.0	1	18 3
26	3	0.0	1	2 1
27	12	0.0	1	8 4
28	22	0.0	1	11 11
29	123	0.0	1	46 77
30	1283	0.0	1	607 676
31	22894	0.0	1	22431 463
32	44	0.0	1	37 7
33	1	0.0	1	1
65	1	0.0	1	0 1
69	1	0.0	1	0 1



Overview of removed sequences at 3' end
length	count	expect	max.err	error counts
3	10425	392.1	0	10425
4	2708	98.0	0	2708
5	113	24.5	0	113
6	622	6.1	0	622
7	106	1.5	0	106
8	1	0.4	0	1
9	2	0.1	0	2
10	2	0.0	1	2
11	1	0.0	1	0 1
24	1	0.0	1	0 1
106	6	0.0	1	6
110	4	0.0	1	3 1
111	2	0.0	1	2
130	2	0.0	1	2
131	2	0.0	1	2
277	1	0.0	1	1
Input files: raw_data_12_11_2025/622B0_S63_L001_R1_001.fastq.gz raw_data_12_11_2025/622B0_S63_L001_R2_001.fastq.gz
This is cutadapt 5.1 with Python 3.12.11
Command line parameters: -a CCTACGGGNGGCWGCAG...GATACCCBDGTAGTC -A GACTACHVGGGTATC...CTGCWGCCNCCCGTAGG --trimmed-only --cores 8 --output results/cutadapt/622B0_S63_L001_R1_001.fastq.gz --paired-output results/cutadapt/622B0_S63_L001_R2_001.fastq.gz raw_data_12_11_2025/622B0_S63_L001_R1_001.fastq.gz raw_data_12_11_2025/622B0_S63_L001_R2_001.fastq.gz
Processing paired-end reads on 8 cores ...

=== Summary ===

Total read pairs processed:             25,053
  Read 1 with adapter:                  24,891 (99.4%)
  Read 2 with adapter:                  24,526 (97.9%)

== Read fate breakdown ==
Pairs discarded as untrimmed:              670 (2.7%)
Pairs written (passing filters):        24,383 (97.3%)

Total basepairs processed:    15,038,323 bp
  Read 1:     7,525,436 bp
  Read 2:     7,512,887 bp
Total written (filtered):     13,254,068 bp (88.1%)
  Read 1:     6,741,547 bp
  Read 2:     6,512,521 bp

=== First read: Adapter 1 ===

Sequence: CCTACGGGNGGCWGCAG...GATACCCBDGTAGTC; Type: linked; Length: 17+15; 5' trimmed: 24886 times; 3' trimmed: 65 times

Minimum overlap: 3+3
No. of allowed errors:
1-9 bp: 0; 10-16 bp: 1

No. of allowed errors:
1-9 bp: 0; 10-15 bp: 1

Overview of removed sequences at 5' end
length	count	expect	max.err	error counts
19	3	0.0	1	2 1
20	3	0.0	1	2 1
21	4	0.0	1	3 1
22	56	0.0	1	12 44
23	1322	0.0	1	552 770
24	23266	0.0	1	23030 236
25	154	0.0	1	122 32
26	4	0.0	1	1 3
27	62	0.0	1	60 2
28	1	0.0	1	1
30	1	0.0	1	0 1
31	10	0.0	1	9 1



Overview of removed sequences at 3' end
length	count	expect	max.err	error counts
3	38	391.5	0	38
4	11	97.9	0	11
5	2	24.5	0	2
7	2	1.5	0	2
10	1	0.0	1	1
11	4	0.0	1	4
12	3	0.0	1	3
28	1	0.0	1	1
31	3	0.0	1	3


=== Second read: Adapter 2 ===

Sequence: GACTACHVGGGTATC...CTGCWGCCNCCCGTAGG; Type: linked; Length: 15+17; 5' trimmed: 24395 times; 3' trimmed: 15473 times

Minimum overlap: 3+3
No. of allowed errors:
1-9 bp: 0; 10-15 bp: 1

No. of allowed errors:
1-9 bp: 0; 10-16 bp: 1

Overview of removed sequences at 5' end
length	count	expect	max.err	error counts
20	1	0.0	1	1
21	1	0.0	1	1
22	3	0.0	1	2 1
23	3	0.0	1	3
24	2	0.0	1	2
25	17	0.0	1	15 2
26	4	0.0	1	3 1
27	7	0.0	1	3 4
28	31	0.0	1	22 9
29	123	0.0	1	47 76
30	1252	0.0	1	563 689
31	22905	0.0	1	22441 464
32	45	0.0	1	36 9
33	1	0.0	1	1



Overview of removed sequences at 3' end
length	count	expect	max.err	error counts
3	12790	391.5	0	12790
4	1854	97.9	0	1854
5	69	24.5	0	69
6	661	6.1	0	661
7	70	1.5	0	70
8	2	0.4	0	2
9	3	0.1	0	3
11	2	0.0	1	0 2
20	1	0.0	1	0 1
24	1	0.0	1	0 1
27	1	0.0	1	1
106	3	0.0	1	1 2
110	6	0.0	1	5 1
111	1	0.0	1	1
114	1	0.0	1	1
131	7	0.0	1	5 2
276	1	0.0	1	1
Input files: raw_data_12_11_2025/622B14_S64_L001_R1_001.fastq.gz raw_data_12_11_2025/622B14_S64_L001_R2_001.fastq.gz
This is cutadapt 5.1 with Python 3.12.11
Command line parameters: -a CCTACGGGNGGCWGCAG...GATACCCBDGTAGTC -A GACTACHVGGGTATC...CTGCWGCCNCCCGTAGG --trimmed-only --cores 8 --output results/cutadapt/622B14_S64_L001_R1_001.fastq.gz --paired-output results/cutadapt/622B14_S64_L001_R2_001.fastq.gz raw_data_12_11_2025/622B14_S64_L001_R1_001.fastq.gz raw_data_12_11_2025/622B14_S64_L001_R2_001.fastq.gz
Processing paired-end reads on 8 cores ...

=== Summary ===

Total read pairs processed:             22,660
  Read 1 with adapter:                  22,481 (99.2%)
  Read 2 with adapter:                  22,082 (97.4%)

== Read fate breakdown ==
Pairs discarded as untrimmed:              699 (3.1%)
Pairs written (passing filters):        21,961 (96.9%)

Total basepairs processed:    13,602,785 bp
  Read 1:     6,806,222 bp
  Read 2:     6,796,563 bp
Total written (filtered):     11,938,947 bp (87.8%)
  Read 1:     6,070,784 bp
  Read 2:     5,868,163 bp

=== First read: Adapter 1 ===

Sequence: CCTACGGGNGGCWGCAG...GATACCCBDGTAGTC; Type: linked; Length: 17+15; 5' trimmed: 22478 times; 3' trimmed: 71 times

Minimum overlap: 3+3
No. of allowed errors:
1-9 bp: 0; 10-16 bp: 1

No. of allowed errors:
1-9 bp: 0; 10-15 bp: 1

Overview of removed sequences at 5' end
length	count	expect	max.err	error counts
3	4	354.1	0	4
6	1	5.5	0	1
17	1	0.0	1	0 1
19	4	0.0	1	3 1
20	4	0.0	1	4
21	8	0.0	1	5 3
22	45	0.0	1	11 34
23	1300	0.0	1	503 797
24	20881	0.0	1	20629 252
25	159	0.0	1	121 38
26	4	0.0	1	2 2
27	54	0.0	1	53 1
31	13	0.0	1	13



Overview of removed sequences at 3' end
length	count	expect	max.err	error counts
3	47	354.1	0	47
4	12	88.5	0	12
5	1	22.1	0	1
7	2	1.4	0	2
10	1	0.0	1	0 1
11	5	0.0	1	5
12	1	0.0	1	1
31	2	0.0	1	2


=== Second read: Adapter 2 ===

Sequence: GACTACHVGGGTATC...CTGCWGCCNCCCGTAGG; Type: linked; Length: 15+17; 5' trimmed: 21967 times; 3' trimmed: 13158 times

Minimum overlap: 3+3
No. of allowed errors:
1-9 bp: 0; 10-15 bp: 1

No. of allowed errors:
1-9 bp: 0; 10-16 bp: 1

Overview of removed sequences at 5' end
length	count	expect	max.err	error counts
3	2	354.1	0	2
20	1	0.0	1	0 1
21	1	0.0	1	1
22	2	0.0	1	2
23	7	0.0	1	7
24	3	0.0	1	1 2
25	20	0.0	1	18 2
26	6	0.0	1	2 4
27	10	0.0	1	6 4
28	29	0.0	1	15 14
29	103	0.0	1	41 62
30	1135	0.0	1	500 635
31	20611	0.0	1	20151 460
32	37	0.0	1	26 11



Overview of removed sequences at 3' end
length	count	expect	max.err	error counts
3	10701	354.1	0	10701
4	1653	88.5	0	1653
5	79	22.1	0	79
6	623	5.5	0	623
7	74	1.4	0	74
8	2	0.3	0	2
9	4	0.1	0	4
10	1	0.0	1	1
11	2	0.0	1	0 2
24	3	0.0	1	2 1
74	1	0.0	1	0 1
106	7	0.0	1	7
110	8	0.0	1	5 3
Input files: raw_data_12_11_2025/639A0_S81_L001_R1_001.fastq.gz raw_data_12_11_2025/639A0_S81_L001_R2_001.fastq.gz
This is cutadapt 5.1 with Python 3.12.11
Command line parameters: -a CCTACGGGNGGCWGCAG...GATACCCBDGTAGTC -A GACTACHVGGGTATC...CTGCWGCCNCCCGTAGG --trimmed-only --cores 8 --output results/cutadapt/639A0_S81_L001_R1_001.fastq.gz --paired-output results/cutadapt/639A0_S81_L001_R2_001.fastq.gz raw_data_12_11_2025/639A0_S81_L001_R1_001.fastq.gz raw_data_12_11_2025/639A0_S81_L001_R2_001.fastq.gz
Processing paired-end reads on 8 cores ...

=== Summary ===

Total read pairs processed:             32,170
  Read 1 with adapter:                  31,987 (99.4%)
  Read 2 with adapter:                  31,570 (98.1%)

== Read fate breakdown ==
Pairs discarded as untrimmed:              766 (2.4%)
Pairs written (passing filters):        31,404 (97.6%)

Total basepairs processed:    19,323,172 bp
  Read 1:     9,674,177 bp
  Read 2:     9,648,995 bp
Total written (filtered):     17,081,215 bp (88.4%)
  Read 1:     8,692,697 bp
  Read 2:     8,388,518 bp

=== First read: Adapter 1 ===

Sequence: CCTACGGGNGGCWGCAG...GATACCCBDGTAGTC; Type: linked; Length: 17+15; 5' trimmed: 31978 times; 3' trimmed: 32 times

Minimum overlap: 3+3
No. of allowed errors:
1-9 bp: 0; 10-16 bp: 1

No. of allowed errors:
1-9 bp: 0; 10-15 bp: 1

Overview of removed sequences at 5' end
length	count	expect	max.err	error counts
14	1	0.0	1	0 1
20	2	0.0	1	1 1
21	6	0.0	1	4 2
22	63	0.0	1	17 46
23	1696	0.0	1	647 1049
24	29896	0.0	1	29577 319
25	220	0.0	1	171 49
26	3	0.0	1	2 1
27	71	0.0	1	70 1
31	19	0.0	1	19
32	1	0.0	1	1



Overview of removed sequences at 3' end
length	count	expect	max.err	error counts
3	21	502.7	0	21
4	4	125.7	0	4
7	1	2.0	0	1
11	3	0.0	1	3
14	1	0.0	1	0 1
25	1	0.0	1	1
30	1	0.0	1	0 1


=== Second read: Adapter 2 ===

Sequence: GACTACHVGGGTATC...CTGCWGCCNCCCGTAGG; Type: linked; Length: 15+17; 5' trimmed: 31391 times; 3' trimmed: 20147 times

Minimum overlap: 3+3
No. of allowed errors:
1-9 bp: 0; 10-15 bp: 1

No. of allowed errors:
1-9 bp: 0; 10-16 bp: 1

Overview of removed sequences at 5' end
length	count	expect	max.err	error counts
4	1	125.7	0	1
7	1	2.0	0	1
8	1	0.5	0	1
10	1	0.0	1	0 1
11	1	0.0	1	0 1
14	2	0.0	1	1 1
16	1	0.0	1	0 1
18	1	0.0	1	1
21	2	0.0	1	0 2
22	2	0.0	1	2
23	1	0.0	1	1
24	2	0.0	1	1 1
25	26	0.0	1	19 7
26	9	0.0	1	6 3
27	12	0.0	1	5 7
28	43	0.0	1	25 18
29	139	0.0	1	53 86
30	1580	0.0	1	759 821
31	29520	0.0	1	28933 587
32	46	0.0	1	39 7



Overview of removed sequences at 3' end
length	count	expect	max.err	error counts
3	17159	502.7	0	17159
4	1840	125.7	0	1840
5	76	31.4	0	76
6	949	7.9	0	949
7	86	2.0	0	86
8	2	0.5	0	2
9	7	0.1	0	7
10	1	0.0	1	1
13	1	0.0	1	0 1
24	1	0.0	1	0 1
27	1	0.0	1	1
109	8	0.0	1	6 2
110	1	0.0	1	0 1
113	1	0.0	1	1
114	6	0.0	1	5 1
115	2	0.0	1	2
118	1	0.0	1	1
131	1	0.0	1	1
134	2	0.0	1	1 1
135	2	0.0	1	2
Input files: raw_data_12_11_2025/639B14_S84_L001_R1_001.fastq.gz raw_data_12_11_2025/639B14_S84_L001_R2_001.fastq.gz
This is cutadapt 5.1 with Python 3.12.11
Command line parameters: -a CCTACGGGNGGCWGCAG...GATACCCBDGTAGTC -A GACTACHVGGGTATC...CTGCWGCCNCCCGTAGG --trimmed-only --cores 8 --output results/cutadapt/639B14_S84_L001_R1_001.fastq.gz --paired-output results/cutadapt/639B14_S84_L001_R2_001.fastq.gz raw_data_12_11_2025/639B14_S84_L001_R1_001.fastq.gz raw_data_12_11_2025/639B14_S84_L001_R2_001.fastq.gz
Processing paired-end reads on 8 cores ...

=== Summary ===

Total read pairs processed:             30,016
  Read 1 with adapter:                  29,844 (99.4%)
  Read 2 with adapter:                  29,377 (97.9%)

== Read fate breakdown ==
Pairs discarded as untrimmed:              796 (2.7%)
Pairs written (passing filters):        29,220 (97.3%)

Total basepairs processed:    18,027,025 bp
  Read 1:     9,024,362 bp
  Read 2:     9,002,663 bp
Total written (filtered):     15,889,478 bp (88.1%)
  Read 1:     8,086,186 bp
  Read 2:     7,803,292 bp

=== First read: Adapter 1 ===

Sequence: CCTACGGGNGGCWGCAG...GATACCCBDGTAGTC; Type: linked; Length: 17+15; 5' trimmed: 29839 times; 3' trimmed: 34 times

Minimum overlap: 3+3
No. of allowed errors:
1-9 bp: 0; 10-16 bp: 1

No. of allowed errors:
1-9 bp: 0; 10-15 bp: 1

Overview of removed sequences at 5' end
length	count	expect	max.err	error counts
4	1	117.2	0	1
13	1	0.0	1	1
16	1	0.0	1	0 1
17	2	0.0	1	0 2
18	3	0.0	1	2 1
20	1	0.0	1	1
21	9	0.0	1	3 6
22	64	0.0	1	19 45
23	1561	0.0	1	617 944
24	27907	0.0	1	27566 341
25	202	0.0	1	157 45
26	9	0.0	1	5 4
27	74	0.0	1	73 1
31	4	0.0	1	4



Overview of removed sequences at 3' end
length	count	expect	max.err	error counts
3	25	469.0	0	25
4	2	117.2	0	2
5	1	29.3	0	1
11	2	0.0	1	2
14	1	0.0	1	1
28	1	0.0	1	0 1
31	2	0.0	1	2


=== Second read: Adapter 2 ===

Sequence: GACTACHVGGGTATC...CTGCWGCCNCCCGTAGG; Type: linked; Length: 15+17; 5' trimmed: 29226 times; 3' trimmed: 19001 times

Minimum overlap: 3+3
No. of allowed errors:
1-9 bp: 0; 10-15 bp: 1

No. of allowed errors:
1-9 bp: 0; 10-16 bp: 1

Overview of removed sequences at 5' end
length	count	expect	max.err	error counts
3	1	469.0	0	1
4	1	117.2	0	1
7	1	1.8	0	1
10	1	0.0	1	1
18	2	0.0	1	2
21	1	0.0	1	0 1
22	1	0.0	1	0 1
23	4	0.0	1	2 2
24	8	0.0	1	7 1
25	6	0.0	1	3 3
26	11	0.0	1	9 2
27	12	0.0	1	9 3
28	43	0.0	1	27 16
29	146	0.0	1	57 89
30	1493	0.0	1	681 812
31	27446	0.0	1	26895 551
32	47	0.0	1	40 7
68	2	0.0	1	0 2



Overview of removed sequences at 3' end
length	count	expect	max.err	error counts
3	16102	469.0	0	16102
4	1733	117.2	0	1733
5	66	29.3	0	66
6	1005	7.3	0	1005
7	73	1.8	0	73
9	2	0.1	0	2
12	2	0.0	1	0 2
27	1	0.0	1	1
109	7	0.0	1	4 3
110	2	0.0	1	1 1
114	2	0.0	1	2
115	2	0.0	1	2
134	3	0.0	1	3
135	1	0.0	1	1
Input files: raw_data_12_11_2025/640A0_S85_L001_R1_001.fastq.gz raw_data_12_11_2025/640A0_S85_L001_R2_001.fastq.gz
This is cutadapt 5.1 with Python 3.12.11
Command line parameters: -a CCTACGGGNGGCWGCAG...GATACCCBDGTAGTC -A GACTACHVGGGTATC...CTGCWGCCNCCCGTAGG --trimmed-only --cores 8 --output results/cutadapt/640A0_S85_L001_R1_001.fastq.gz --paired-output results/cutadapt/640A0_S85_L001_R2_001.fastq.gz raw_data_12_11_2025/640A0_S85_L001_R1_001.fastq.gz raw_data_12_11_2025/640A0_S85_L001_R2_001.fastq.gz
Processing paired-end reads on 8 cores ...

=== Summary ===

Total read pairs processed:             28,199
  Read 1 with adapter:                  28,040 (99.4%)
  Read 2 with adapter:                  27,633 (98.0%)

== Read fate breakdown ==
Pairs discarded as untrimmed:              711 (2.5%)
Pairs written (passing filters):        27,488 (97.5%)

Total basepairs processed:    16,934,204 bp
  Read 1:     8,476,533 bp
  Read 2:     8,457,671 bp
Total written (filtered):     14,945,649 bp (88.3%)
  Read 1:     7,605,174 bp
  Read 2:     7,340,475 bp

=== First read: Adapter 1 ===

Sequence: CCTACGGGNGGCWGCAG...GATACCCBDGTAGTC; Type: linked; Length: 17+15; 5' trimmed: 28018 times; 3' trimmed: 64 times

Minimum overlap: 3+3
No. of allowed errors:
1-9 bp: 0; 10-16 bp: 1

No. of allowed errors:
1-9 bp: 0; 10-15 bp: 1

Overview of removed sequences at 5' end
length	count	expect	max.err	error counts
10	1	0.0	1	1
14	1	0.0	1	0 1
19	2	0.0	1	1 1
21	7	0.0	1	3 4
22	66	0.0	1	16 50
23	1556	0.0	1	621 935
24	26133	0.0	1	25771 362
25	174	0.0	1	137 37
26	7	0.0	1	3 4
27	65	0.0	1	65
31	5	0.0	1	5
34	1	0.0	1	1



Overview of removed sequences at 3' end
length	count	expect	max.err	error counts
3	48	440.6	0	48
4	4	110.2	0	4
7	1	1.7	0	1
11	5	0.0	1	4 1
14	1	0.0	1	1
31	5	0.0	1	5


=== Second read: Adapter 2 ===

Sequence: GACTACHVGGGTATC...CTGCWGCCNCCCGTAGG; Type: linked; Length: 15+17; 5' trimmed: 27485 times; 3' trimmed: 17941 times

Minimum overlap: 3+3
No. of allowed errors:
1-9 bp: 0; 10-15 bp: 1

No. of allowed errors:
1-9 bp: 0; 10-16 bp: 1

Overview of removed sequences at 5' end
length	count	expect	max.err	error counts
3	2	440.6	0	2
4	1	110.2	0	1
8	1	0.4	0	1
17	1	0.0	1	1
22	2	0.0	1	2
23	3	0.0	1	1 2
24	4	0.0	1	3 1
25	11	0.0	1	9 2
26	10	0.0	1	6 4
27	14	0.0	1	12 2
28	37	0.0	1	25 12
29	123	0.0	1	51 72
30	1390	0.0	1	622 768
31	25835	0.0	1	25287 548
32	51	0.0	1	37 14



Overview of removed sequences at 3' end
length	count	expect	max.err	error counts
3	15886	440.6	0	15886
4	953	110.2	0	953
5	59	27.5	0	59
6	959	6.9	0	959
7	48	1.7	0	48
8	1	0.4	0	1
9	5	0.1	0	5
10	1	0.0	1	0 1
24	4	0.0	1	0 4
27	1	0.0	1	1
109	12	0.0	1	10 2
110	1	0.0	1	1
113	3	0.0	1	3
114	2	0.0	1	2
115	2	0.0	1	1 1
131	1	0.0	1	1
133	2	0.0	1	1 1
135	1	0.0	1	0 1
Input files: raw_data_12_11_2025/640A14_S86_L001_R1_001.fastq.gz raw_data_12_11_2025/640A14_S86_L001_R2_001.fastq.gz
This is cutadapt 5.1 with Python 3.12.11
Command line parameters: -a CCTACGGGNGGCWGCAG...GATACCCBDGTAGTC -A GACTACHVGGGTATC...CTGCWGCCNCCCGTAGG --trimmed-only --cores 8 --output results/cutadapt/640A14_S86_L001_R1_001.fastq.gz --paired-output results/cutadapt/640A14_S86_L001_R2_001.fastq.gz raw_data_12_11_2025/640A14_S86_L001_R1_001.fastq.gz raw_data_12_11_2025/640A14_S86_L001_R2_001.fastq.gz
Processing paired-end reads on 8 cores ...

=== Summary ===

Total read pairs processed:             28,370
  Read 1 with adapter:                  28,255 (99.6%)
  Read 2 with adapter:                  27,871 (98.2%)

== Read fate breakdown ==
Pairs discarded as untrimmed:              605 (2.1%)
Pairs written (passing filters):        27,765 (97.9%)

Total basepairs processed:    17,040,003 bp
  Read 1:     8,530,825 bp
  Read 2:     8,509,178 bp
Total written (filtered):     15,096,492 bp (88.6%)
  Read 1:     7,684,377 bp
  Read 2:     7,412,115 bp

=== First read: Adapter 1 ===

Sequence: CCTACGGGNGGCWGCAG...GATACCCBDGTAGTC; Type: linked; Length: 17+15; 5' trimmed: 28232 times; 3' trimmed: 76 times

Minimum overlap: 3+3
No. of allowed errors:
1-9 bp: 0; 10-16 bp: 1

No. of allowed errors:
1-9 bp: 0; 10-15 bp: 1

Overview of removed sequences at 5' end
length	count	expect	max.err	error counts
16	1	0.0	1	1
17	2	0.0	1	1 1
18	1	0.0	1	0 1
20	4	0.0	1	3 1
21	9	0.0	1	4 5
22	66	0.0	1	24 42
23	1510	0.0	1	595 915
24	26359	0.0	1	26042 317
25	205	0.0	1	151 54
26	4	0.0	1	1 3
27	66	0.0	1	66
31	4	0.0	1	4
37	1	0.0	1	1



Overview of removed sequences at 3' end
length	count	expect	max.err	error counts
3	53	443.3	0	53
4	12	110.8	0	12
7	2	1.7	0	2
11	4	0.0	1	4
13	1	0.0	1	0 1
31	3	0.0	1	3
222	1	0.0	1	1


=== Second read: Adapter 2 ===

Sequence: GACTACHVGGGTATC...CTGCWGCCNCCCGTAGG; Type: linked; Length: 15+17; 5' trimmed: 27750 times; 3' trimmed: 18815 times

Minimum overlap: 3+3
No. of allowed errors:
1-9 bp: 0; 10-15 bp: 1

No. of allowed errors:
1-9 bp: 0; 10-16 bp: 1

Overview of removed sequences at 5' end
length	count	expect	max.err	error counts
3	1	443.3	0	1
4	1	110.8	0	1
6	1	6.9	0	1
8	1	0.4	0	1
17	2	0.0	1	2
18	4	0.0	1	1 3
19	1	0.0	1	1
20	2	0.0	1	2
23	1	0.0	1	1
24	5	0.0	1	4 1
25	13	0.0	1	10 3
26	7	0.0	1	7
27	15	0.0	1	11 4
28	32	0.0	1	21 11
29	94	0.0	1	42 52
30	1433	0.0	1	662 771
31	26095	0.0	1	25582 513
32	41	0.0	1	36 5
67	1	0.0	1	0 1



Overview of removed sequences at 3' end
length	count	expect	max.err	error counts
3	16704	443.3	0	16704
4	1064	110.8	0	1064
5	54	27.7	0	54
6	925	6.9	0	925
7	36	1.7	0	36
8	3	0.4	0	3
9	8	0.1	0	8
12	2	0.0	1	0 2
13	2	0.0	1	0 2
24	3	0.0	1	0 3
37	2	0.0	1	2
108	1	0.0	1	0 1
109	1	0.0	1	1
113	1	0.0	1	1
114	2	0.0	1	1 1
115	4	0.0	1	3 1
128	1	0.0	1	1
134	2	0.0	1	2
Input files: raw_data_12_11_2025/640B0_S87_L001_R1_001.fastq.gz raw_data_12_11_2025/640B0_S87_L001_R2_001.fastq.gz
This is cutadapt 5.1 with Python 3.12.11
Command line parameters: -a CCTACGGGNGGCWGCAG...GATACCCBDGTAGTC -A GACTACHVGGGTATC...CTGCWGCCNCCCGTAGG --trimmed-only --cores 8 --output results/cutadapt/640B0_S87_L001_R1_001.fastq.gz --paired-output results/cutadapt/640B0_S87_L001_R2_001.fastq.gz raw_data_12_11_2025/640B0_S87_L001_R1_001.fastq.gz raw_data_12_11_2025/640B0_S87_L001_R2_001.fastq.gz
Processing paired-end reads on 8 cores ...

=== Summary ===

Total read pairs processed:             40,378
  Read 1 with adapter:                  40,199 (99.6%)
  Read 2 with adapter:                  39,627 (98.1%)

== Read fate breakdown ==
Pairs discarded as untrimmed:              913 (2.3%)
Pairs written (passing filters):        39,465 (97.7%)

Total basepairs processed:    24,255,545 bp
  Read 1:    12,144,472 bp
  Read 2:    12,111,073 bp
Total written (filtered):     21,461,867 bp (88.5%)
  Read 1:    10,925,671 bp
  Read 2:    10,536,196 bp

=== First read: Adapter 1 ===

Sequence: CCTACGGGNGGCWGCAG...GATACCCBDGTAGTC; Type: linked; Length: 17+15; 5' trimmed: 40161 times; 3' trimmed: 99 times

Minimum overlap: 3+3
No. of allowed errors:
1-9 bp: 0; 10-16 bp: 1

No. of allowed errors:
1-9 bp: 0; 10-15 bp: 1

Overview of removed sequences at 5' end
length	count	expect	max.err	error counts
3	1	630.9	0	1
16	1	0.0	1	1
18	2	0.0	1	1 1
19	4	0.0	1	3 1
20	3	0.0	1	2 1
21	4	0.0	1	4
22	68	0.0	1	21 47
23	2188	0.0	1	818 1370
24	37552	0.0	1	37080 472
25	256	0.0	1	200 56
26	4	0.0	1	3 1
27	67	0.0	1	64 3
31	11	0.0	1	11



Overview of removed sequences at 3' end
length	count	expect	max.err	error counts
3	76	630.9	0	76
4	9	157.7	0	9
11	8	0.0	1	8
12	1	0.0	1	1
31	5	0.0	1	5


=== Second read: Adapter 2 ===

Sequence: GACTACHVGGGTATC...CTGCWGCCNCCCGTAGG; Type: linked; Length: 15+17; 5' trimmed: 39451 times; 3' trimmed: 26432 times

Minimum overlap: 3+3
No. of allowed errors:
1-9 bp: 0; 10-15 bp: 1

No. of allowed errors:
1-9 bp: 0; 10-16 bp: 1

Overview of removed sequences at 5' end
length	count	expect	max.err	error counts
3	2	630.9	0	2
11	1	0.0	1	0 1
14	1	0.0	1	0 1
17	1	0.0	1	0 1
18	1	0.0	1	1
20	2	0.0	1	2
21	1	0.0	1	0 1
23	6	0.0	1	5 1
24	7	0.0	1	6 1
25	19	0.0	1	15 4
26	13	0.0	1	8 5
27	21	0.0	1	14 7
28	57	0.0	1	37 20
29	195	0.0	1	85 110
30	2041	0.0	1	961 1080
31	37037	0.0	1	36328 709
32	46	0.0	1	37 9



Overview of removed sequences at 3' end
length	count	expect	max.err	error counts
3	22327	630.9	0	22327
4	2716	157.7	0	2716
5	106	39.4	0	106
6	1139	9.9	0	1139
7	109	2.5	0	109
8	1	0.6	0	1
9	6	0.2	0	6
10	2	0.0	1	1 1
24	4	0.0	1	2 2
27	1	0.0	1	1
74	1	0.0	1	0 1
109	10	0.0	1	9 1
110	2	0.0	1	2
114	3	0.0	1	3
115	1	0.0	1	1
129	1	0.0	1	1
133	2	0.0	1	1 1
134	1	0.0	1	1
Input files: raw_data_12_11_2025/640B14_S88_L001_R1_001.fastq.gz raw_data_12_11_2025/640B14_S88_L001_R2_001.fastq.gz
This is cutadapt 5.1 with Python 3.12.11
Command line parameters: -a CCTACGGGNGGCWGCAG...GATACCCBDGTAGTC -A GACTACHVGGGTATC...CTGCWGCCNCCCGTAGG --trimmed-only --cores 8 --output results/cutadapt/640B14_S88_L001_R1_001.fastq.gz --paired-output results/cutadapt/640B14_S88_L001_R2_001.fastq.gz raw_data_12_11_2025/640B14_S88_L001_R1_001.fastq.gz raw_data_12_11_2025/640B14_S88_L001_R2_001.fastq.gz
Processing paired-end reads on 8 cores ...

=== Summary ===

Total read pairs processed:             44,999
  Read 1 with adapter:                  44,699 (99.3%)
  Read 2 with adapter:                  44,061 (97.9%)

== Read fate breakdown ==
Pairs discarded as untrimmed:            1,155 (2.6%)
Pairs written (passing filters):        43,844 (97.4%)

Total basepairs processed:    27,025,102 bp
  Read 1:    13,528,727 bp
  Read 2:    13,496,375 bp
Total written (filtered):     23,840,006 bp (88.2%)
  Read 1:    12,132,561 bp
  Read 2:    11,707,445 bp

=== First read: Adapter 1 ===

Sequence: CCTACGGGNGGCWGCAG...GATACCCBDGTAGTC; Type: linked; Length: 17+15; 5' trimmed: 44660 times; 3' trimmed: 87 times

Minimum overlap: 3+3
No. of allowed errors:
1-9 bp: 0; 10-16 bp: 1

No. of allowed errors:
1-9 bp: 0; 10-15 bp: 1

Overview of removed sequences at 5' end
length	count	expect	max.err	error counts
19	2	0.0	1	2
20	4	0.0	1	3 1
21	15	0.0	1	8 7
22	97	0.0	1	18 79
23	2408	0.0	1	893 1515
24	41771	0.0	1	41287 484
25	282	0.0	1	216 66
26	5	0.0	1	3 2
27	71	0.0	1	70 1
28	1	0.0	1	0 1
31	4	0.0	1	4



Overview of removed sequences at 3' end
length	count	expect	max.err	error counts
3	62	703.1	0	62
4	11	175.8	0	11
7	1	2.7	0	1
10	1	0.0	1	0 1
11	3	0.0	1	3
31	8	0.0	1	8
224	1	0.0	1	1


=== Second read: Adapter 2 ===

Sequence: GACTACHVGGGTATC...CTGCWGCCNCCCGTAGG; Type: linked; Length: 15+17; 5' trimmed: 43829 times; 3' trimmed: 28830 times

Minimum overlap: 3+3
No. of allowed errors:
1-9 bp: 0; 10-15 bp: 1

No. of allowed errors:
1-9 bp: 0; 10-16 bp: 1

Overview of removed sequences at 5' end
length	count	expect	max.err	error counts
3	1	703.1	0	1
9	1	0.2	0	1
16	1	0.0	1	1
17	1	0.0	1	0 1
19	2	0.0	1	1 1
21	1	0.0	1	0 1
22	4	0.0	1	3 1
23	1	0.0	1	1
24	7	0.0	1	6 1
25	14	0.0	1	12 2
26	12	0.0	1	10 2
27	11	0.0	1	8 3
28	51	0.0	1	36 15
29	226	0.0	1	98 128
30	2280	0.0	1	1038 1242
31	41146	0.0	1	40196 950
32	70	0.0	1	53 17



Overview of removed sequences at 3' end
length	count	expect	max.err	error counts
3	24910	703.1	0	24910
4	2234	175.8	0	2234
5	84	43.9	0	84
6	1439	11.0	0	1439
7	118	2.7	0	118
8	1	0.7	0	1
9	11	0.2	0	11
13	1	0.0	1	0 1
24	4	0.0	1	1 3
27	1	0.0	1	1
109	7	0.0	1	4 3
110	4	0.0	1	4
111	1	0.0	1	1
113	2	0.0	1	1 1
115	4	0.0	1	3 1
132	1	0.0	1	1
133	2	0.0	1	2
134	4	0.0	1	4
135	2	0.0	1	1 1
Input files: raw_data_12_11_2025/644A14_S90_L001_R1_001.fastq.gz raw_data_12_11_2025/644A14_S90_L001_R2_001.fastq.gz
This is cutadapt 5.1 with Python 3.12.11
Command line parameters: -a CCTACGGGNGGCWGCAG...GATACCCBDGTAGTC -A GACTACHVGGGTATC...CTGCWGCCNCCCGTAGG --trimmed-only --cores 8 --output results/cutadapt/644A14_S90_L001_R1_001.fastq.gz --paired-output results/cutadapt/644A14_S90_L001_R2_001.fastq.gz raw_data_12_11_2025/644A14_S90_L001_R1_001.fastq.gz raw_data_12_11_2025/644A14_S90_L001_R2_001.fastq.gz
Processing paired-end reads on 8 cores ...

=== Summary ===

Total read pairs processed:             27,097
  Read 1 with adapter:                  26,949 (99.5%)
  Read 2 with adapter:                  26,561 (98.0%)

== Read fate breakdown ==
Pairs discarded as untrimmed:              665 (2.5%)
Pairs written (passing filters):        26,432 (97.5%)

Total basepairs processed:    16,272,650 bp
  Read 1:     8,145,276 bp
  Read 2:     8,127,374 bp
Total written (filtered):     14,371,353 bp (88.3%)
  Read 1:     7,313,609 bp
  Read 2:     7,057,744 bp

=== First read: Adapter 1 ===

Sequence: CCTACGGGNGGCWGCAG...GATACCCBDGTAGTC; Type: linked; Length: 17+15; 5' trimmed: 26936 times; 3' trimmed: 46 times

Minimum overlap: 3+3
No. of allowed errors:
1-9 bp: 0; 10-16 bp: 1

No. of allowed errors:
1-9 bp: 0; 10-15 bp: 1

Overview of removed sequences at 5' end
length	count	expect	max.err	error counts
15	1	0.0	1	1
18	2	0.0	1	2
19	2	0.0	1	2
20	4	0.0	1	1 3
21	5	0.0	1	2 3
22	70	0.0	1	16 54
23	1364	0.0	1	526 838
24	25209	0.0	1	24914 295
25	182	0.0	1	128 54
26	9	0.0	1	5 4
27	78	0.0	1	77 1
28	1	0.0	1	0 1
31	8	0.0	1	8
34	1	0.0	1	1



Overview of removed sequences at 3' end
length	count	expect	max.err	error counts
3	38	423.4	0	38
7	1	1.7	0	1
11	4	0.0	1	4
14	1	0.0	1	1
28	1	0.0	1	1
31	1	0.0	1	1


=== Second read: Adapter 2 ===

Sequence: GACTACHVGGGTATC...CTGCWGCCNCCCGTAGG; Type: linked; Length: 15+17; 5' trimmed: 26423 times; 3' trimmed: 17891 times

Minimum overlap: 3+3
No. of allowed errors:
1-9 bp: 0; 10-15 bp: 1

No. of allowed errors:
1-9 bp: 0; 10-16 bp: 1

Overview of removed sequences at 5' end
length	count	expect	max.err	error counts
10	1	0.0	1	0 1
15	1	0.0	1	0 1
16	1	0.0	1	1
17	1	0.0	1	0 1
20	3	0.0	1	3
21	2	0.0	1	1 1
22	3	0.0	1	2 1
23	1	0.0	1	1
24	4	0.0	1	4
25	18	0.0	1	11 7
26	10	0.0	1	9 1
27	13	0.0	1	11 2
28	49	0.0	1	29 20
29	106	0.0	1	50 56
30	1335	0.0	1	612 723
31	24832	0.0	1	24362 470
32	42	0.0	1	33 9
70	1	0.0	1	0 1



Overview of removed sequences at 3' end
length	count	expect	max.err	error counts
3	16107	423.4	0	16107
4	813	105.8	0	813
5	37	26.5	0	37
6	863	6.6	0	863
7	39	1.7	0	39
9	5	0.1	0	5
11	1	0.0	1	0 1
12	1	0.0	1	0 1
24	1	0.0	1	0 1
25	1	0.0	1	0 1
109	3	0.0	1	3
110	1	0.0	1	1
113	2	0.0	1	1 1
114	6	0.0	1	4 2
115	2	0.0	1	2
131	1	0.0	1	1
134	3	0.0	1	1 2
135	5	0.0	1	4 1
Input files: raw_data_12_11_2025/644B0_S91_L001_R1_001.fastq.gz raw_data_12_11_2025/644B0_S91_L001_R2_001.fastq.gz
This is cutadapt 5.1 with Python 3.12.11
Command line parameters: -a CCTACGGGNGGCWGCAG...GATACCCBDGTAGTC -A GACTACHVGGGTATC...CTGCWGCCNCCCGTAGG --trimmed-only --cores 8 --output results/cutadapt/644B0_S91_L001_R1_001.fastq.gz --paired-output results/cutadapt/644B0_S91_L001_R2_001.fastq.gz raw_data_12_11_2025/644B0_S91_L001_R1_001.fastq.gz raw_data_12_11_2025/644B0_S91_L001_R2_001.fastq.gz
Processing paired-end reads on 8 cores ...

=== Summary ===

Total read pairs processed:             29,270
  Read 1 with adapter:                  29,134 (99.5%)
  Read 2 with adapter:                  28,660 (97.9%)

== Read fate breakdown ==
Pairs discarded as untrimmed:              729 (2.5%)
Pairs written (passing filters):        28,541 (97.5%)

Total basepairs processed:    17,581,748 bp
  Read 1:     8,802,003 bp
  Read 2:     8,779,745 bp
Total written (filtered):     15,523,539 bp (88.3%)
  Read 1:     7,899,962 bp
  Read 2:     7,623,577 bp

=== First read: Adapter 1 ===

Sequence: CCTACGGGNGGCWGCAG...GATACCCBDGTAGTC; Type: linked; Length: 17+15; 5' trimmed: 29111 times; 3' trimmed: 70 times

Minimum overlap: 3+3
No. of allowed errors:
1-9 bp: 0; 10-16 bp: 1

No. of allowed errors:
1-9 bp: 0; 10-15 bp: 1

Overview of removed sequences at 5' end
length	count	expect	max.err	error counts
11	1	0.0	1	1
17	2	0.0	1	2
18	2	0.0	1	1 1
19	1	0.0	1	1
20	5	0.0	1	4 1
21	8	0.0	1	4 4
22	75	0.0	1	26 49
23	1551	0.0	1	602 949
24	27167	0.0	1	26862 305
25	202	0.0	1	150 52
26	5	0.0	1	2 3
27	88	0.0	1	84 4
30	1	0.0	1	1
31	3	0.0	1	3



Overview of removed sequences at 3' end
length	count	expect	max.err	error counts
3	52	457.3	0	52
4	11	114.3	0	11
7	2	1.8	0	2
11	4	0.0	1	4
31	1	0.0	1	1


=== Second read: Adapter 2 ===

Sequence: GACTACHVGGGTATC...CTGCWGCCNCCCGTAGG; Type: linked; Length: 15+17; 5' trimmed: 28500 times; 3' trimmed: 18398 times

Minimum overlap: 3+3
No. of allowed errors:
1-9 bp: 0; 10-15 bp: 1

No. of allowed errors:
1-9 bp: 0; 10-16 bp: 1

Overview of removed sequences at 5' end
length	count	expect	max.err	error counts
3	2	457.3	0	2
4	2	114.3	0	2
9	1	0.1	0	1
11	1	0.0	1	0 1
14	1	0.0	1	0 1
16	3	0.0	1	2 1
17	1	0.0	1	1
18	1	0.0	1	0 1
19	2	0.0	1	0 2
21	2	0.0	1	0 2
22	1	0.0	1	1
23	3	0.0	1	2 1
24	2	0.0	1	1 1
25	12	0.0	1	9 3
26	7	0.0	1	6 1
27	10	0.0	1	10
28	48	0.0	1	31 17
29	128	0.0	1	57 71
30	1451	0.0	1	695 756
31	26777	0.0	1	26223 554
32	45	0.0	1	40 5



Overview of removed sequences at 3' end
length	count	expect	max.err	error counts
3	16319	457.3	0	16319
4	1062	114.3	0	1062
5	61	28.6	0	61
6	877	7.1	0	877
7	47	1.8	0	47
8	1	0.4	0	1
9	5	0.1	0	5
23	1	0.0	1	1
24	1	0.0	1	1
109	4	0.0	1	4
110	2	0.0	1	2
113	3	0.0	1	2 1
114	8	0.0	1	6 2
115	1	0.0	1	1
131	1	0.0	1	1
134	3	0.0	1	2 1
135	2	0.0	1	2
Input files: raw_data_12_11_2025/644B14_S92_L001_R1_001.fastq.gz raw_data_12_11_2025/644B14_S92_L001_R2_001.fastq.gz
This is cutadapt 5.1 with Python 3.12.11
Command line parameters: -a CCTACGGGNGGCWGCAG...GATACCCBDGTAGTC -A GACTACHVGGGTATC...CTGCWGCCNCCCGTAGG --trimmed-only --cores 8 --output results/cutadapt/644B14_S92_L001_R1_001.fastq.gz --paired-output results/cutadapt/644B14_S92_L001_R2_001.fastq.gz raw_data_12_11_2025/644B14_S92_L001_R1_001.fastq.gz raw_data_12_11_2025/644B14_S92_L001_R2_001.fastq.gz
Processing paired-end reads on 8 cores ...

=== Summary ===

Total read pairs processed:             27,698
  Read 1 with adapter:                  27,583 (99.6%)
  Read 2 with adapter:                  27,133 (98.0%)

== Read fate breakdown ==
Pairs discarded as untrimmed:              668 (2.4%)
Pairs written (passing filters):        27,030 (97.6%)

Total basepairs processed:    16,633,859 bp
  Read 1:     8,325,826 bp
  Read 2:     8,308,033 bp
Total written (filtered):     14,698,646 bp (88.4%)
  Read 1:     7,477,912 bp
  Read 2:     7,220,734 bp

=== First read: Adapter 1 ===

Sequence: CCTACGGGNGGCWGCAG...GATACCCBDGTAGTC; Type: linked; Length: 17+15; 5' trimmed: 27571 times; 3' trimmed: 47 times

Minimum overlap: 3+3
No. of allowed errors:
1-9 bp: 0; 10-16 bp: 1

No. of allowed errors:
1-9 bp: 0; 10-15 bp: 1

Overview of removed sequences at 5' end
length	count	expect	max.err	error counts
16	2	0.0	1	0 2
18	2	0.0	1	0 2
19	1	0.0	1	0 1
20	3	0.0	1	0 3
21	8	0.0	1	1 7
22	47	0.0	1	9 38
23	1479	0.0	1	562 917
24	25734	0.0	1	25455 279
25	199	0.0	1	158 41
26	7	0.0	1	4 3
27	82	0.0	1	78 4
30	2	0.0	1	2
31	5	0.0	1	5



Overview of removed sequences at 3' end
length	count	expect	max.err	error counts
3	33	432.8	0	33
4	4	108.2	0	4
5	1	27.0	0	1
11	7	0.0	1	7
14	1	0.0	1	1
28	1	0.0	1	1


=== Second read: Adapter 2 ===

Sequence: GACTACHVGGGTATC...CTGCWGCCNCCCGTAGG; Type: linked; Length: 15+17; 5' trimmed: 26987 times; 3' trimmed: 17247 times

Minimum overlap: 3+3
No. of allowed errors:
1-9 bp: 0; 10-15 bp: 1

No. of allowed errors:
1-9 bp: 0; 10-16 bp: 1

Overview of removed sequences at 5' end
length	count	expect	max.err	error counts
4	1	108.2	0	1
9	2	0.1	0	1 1
19	1	0.0	1	1
21	1	0.0	1	0 1
22	2	0.0	1	1 1
23	1	0.0	1	1
24	5	0.0	1	4 1
25	13	0.0	1	9 4
27	10	0.0	1	7 3
28	60	0.0	1	45 15
29	129	0.0	1	54 75
30	1340	0.0	1	613 727
31	25376	0.0	1	24839 537
32	46	0.0	1	34 12



Overview of removed sequences at 3' end
length	count	expect	max.err	error counts
3	15343	432.8	0	15343
4	910	108.2	0	910
5	47	27.0	0	47
6	883	6.8	0	883
7	34	1.7	0	34
9	7	0.1	0	7
11	2	0.0	1	0 2
12	1	0.0	1	0 1
21	1	0.0	1	1
24	2	0.0	1	2
106	1	0.0	1	1
110	2	0.0	1	1 1
113	5	0.0	1	2 3
114	2	0.0	1	1 1
115	1	0.0	1	1
133	2	0.0	1	2
134	3	0.0	1	2 1
135	1	0.0	1	1
Input files: raw_data_12_11_2025/651A0_S105_L001_R1_001.fastq.gz raw_data_12_11_2025/651A0_S105_L001_R2_001.fastq.gz
This is cutadapt 5.1 with Python 3.12.11
Command line parameters: -a CCTACGGGNGGCWGCAG...GATACCCBDGTAGTC -A GACTACHVGGGTATC...CTGCWGCCNCCCGTAGG --trimmed-only --cores 8 --output results/cutadapt/651A0_S105_L001_R1_001.fastq.gz --paired-output results/cutadapt/651A0_S105_L001_R2_001.fastq.gz raw_data_12_11_2025/651A0_S105_L001_R1_001.fastq.gz raw_data_12_11_2025/651A0_S105_L001_R2_001.fastq.gz
Processing paired-end reads on 8 cores ...

=== Summary ===

Total read pairs processed:             49,086
  Read 1 with adapter:                  48,835 (99.5%)
  Read 2 with adapter:                  48,095 (98.0%)

== Read fate breakdown ==
Pairs discarded as untrimmed:            1,234 (2.5%)
Pairs written (passing filters):        47,852 (97.5%)

Total basepairs processed:    29,512,986 bp
  Read 1:    14,762,896 bp
  Read 2:    14,750,090 bp
Total written (filtered):     26,112,670 bp (88.5%)
  Read 1:    13,099,787 bp
  Read 2:    13,012,883 bp

=== First read: Adapter 1 ===

Sequence: CCTACGGGNGGCWGCAG...GATACCCBDGTAGTC; Type: linked; Length: 17+15; 5' trimmed: 48831 times; 3' trimmed: 817 times

Minimum overlap: 3+3
No. of allowed errors:
1-9 bp: 0; 10-16 bp: 1

No. of allowed errors:
1-9 bp: 0; 10-15 bp: 1

Overview of removed sequences at 5' end
length	count	expect	max.err	error counts
14	1	0.0	1	1
18	1	0.0	1	0 1
22	2	0.0	1	2
23	1	0.0	1	1
24	16	0.0	1	13 3
25	158	0.0	1	50 108
26	2942	0.0	1	1275 1667
27	45568	0.0	1	45028 540
28	142	0.0	1	103 39



Overview of removed sequences at 3' end
length	count	expect	max.err	error counts
3	707	767.0	0	707
4	4	191.7	0	4
6	1	12.0	0	1
7	2	3.0	0	2
8	1	0.7	0	1
10	91	0.0	1	4 87
11	7	0.0	1	1 6
14	1	0.0	1	0 1
28	3	0.0	1	3


=== Second read: Adapter 2 ===

Sequence: GACTACHVGGGTATC...CTGCWGCCNCCCGTAGG; Type: linked; Length: 15+17; 5' trimmed: 48001 times; 3' trimmed: 6932 times

Minimum overlap: 3+3
No. of allowed errors:
1-9 bp: 0; 10-15 bp: 1

No. of allowed errors:
1-9 bp: 0; 10-16 bp: 1

Overview of removed sequences at 5' end
length	count	expect	max.err	error counts
3	6	767.0	0	6
5	3	47.9	0	3
12	1	0.0	1	1
17	1	0.0	1	1
18	2	0.0	1	2
19	1	0.0	1	1
20	3	0.0	1	2 1
21	4	0.0	1	2 2
22	3	0.0	1	3
23	12	0.0	1	8 4
24	24	0.0	1	17 7
25	38	0.0	1	15 23
26	166	0.0	1	76 90
27	2014	0.0	1	787 1227
28	45568	0.0	1	43653 1915
29	150	0.0	1	23 127
31	4	0.0	1	3 1
34	1	0.0	1	0 1



Overview of removed sequences at 3' end
length	count	expect	max.err	error counts
3	2872	767.0	0	2872
4	538	191.7	0	538
5	60	47.9	0	60
6	3198	12.0	0	3198
7	192	3.0	0	192
8	17	0.7	0	17
9	37	0.2	0	37
10	6	0.0	1	5 1
11	1	0.0	1	0 1
12	3	0.0	1	0 3
13	4	0.0	1	0 4
27	2	0.0	1	1 1
33	1	0.0	1	0 1
78	1	0.0	1	0 1
Input files: raw_data_12_11_2025/651A14_S106_L001_R1_001.fastq.gz raw_data_12_11_2025/651A14_S106_L001_R2_001.fastq.gz
This is cutadapt 5.1 with Python 3.12.11
Command line parameters: -a CCTACGGGNGGCWGCAG...GATACCCBDGTAGTC -A GACTACHVGGGTATC...CTGCWGCCNCCCGTAGG --trimmed-only --cores 8 --output results/cutadapt/651A14_S106_L001_R1_001.fastq.gz --paired-output results/cutadapt/651A14_S106_L001_R2_001.fastq.gz raw_data_12_11_2025/651A14_S106_L001_R1_001.fastq.gz raw_data_12_11_2025/651A14_S106_L001_R2_001.fastq.gz
Processing paired-end reads on 8 cores ...

=== Summary ===

Total read pairs processed:             33,916
  Read 1 with adapter:                  33,722 (99.4%)
  Read 2 with adapter:                  33,239 (98.0%)

== Read fate breakdown ==
Pairs discarded as untrimmed:              856 (2.5%)
Pairs written (passing filters):        33,060 (97.5%)

Total basepairs processed:    20,399,726 bp
  Read 1:    10,205,018 bp
  Read 2:    10,194,708 bp
Total written (filtered):     18,051,778 bp (88.5%)
  Read 1:     9,055,788 bp
  Read 2:     8,995,990 bp

=== First read: Adapter 1 ===

Sequence: CCTACGGGNGGCWGCAG...GATACCCBDGTAGTC; Type: linked; Length: 17+15; 5' trimmed: 33722 times; 3' trimmed: 246 times

Minimum overlap: 3+3
No. of allowed errors:
1-9 bp: 0; 10-16 bp: 1

No. of allowed errors:
1-9 bp: 0; 10-15 bp: 1

Overview of removed sequences at 5' end
length	count	expect	max.err	error counts
22	3	0.0	1	3
23	2	0.0	1	1 1
24	18	0.0	1	14 4
25	91	0.0	1	27 64
26	2088	0.0	1	939 1149
27	31414	0.0	1	30986 428
28	104	0.0	1	76 28
29	2	0.0	1	1 1



Overview of removed sequences at 3' end
length	count	expect	max.err	error counts
3	139	529.9	0	139
4	21	132.5	0	21
6	5	8.3	0	5
7	1	2.1	0	1
8	2	0.5	0	2
9	1	0.1	0	1
10	64	0.0	1	1 63
11	2	0.0	1	0 2
27	2	0.0	1	0 2
28	9	0.0	1	9


=== Second read: Adapter 2 ===

Sequence: GACTACHVGGGTATC...CTGCWGCCNCCCGTAGG; Type: linked; Length: 15+17; 5' trimmed: 33179 times; 3' trimmed: 4081 times

Minimum overlap: 3+3
No. of allowed errors:
1-9 bp: 0; 10-15 bp: 1

No. of allowed errors:
1-9 bp: 0; 10-16 bp: 1

Overview of removed sequences at 5' end
length	count	expect	max.err	error counts
3	3	529.9	0	3
5	2	33.1	0	2
10	1	0.0	1	0 1
11	1	0.0	1	0 1
15	1	0.0	1	0 1
16	1	0.0	1	0 1
17	2	0.0	1	0 2
19	3	0.0	1	3
20	2	0.0	1	2
22	1	0.0	1	1
23	8	0.0	1	3 5
24	6	0.0	1	5 1
25	18	0.0	1	8 10
26	102	0.0	1	35 67
27	1498	0.0	1	589 909
28	31401	0.0	1	30064 1337
29	122	0.0	1	15 107
31	6	0.0	1	4 2
67	1	0.0	1	0 1



Overview of removed sequences at 3' end
length	count	expect	max.err	error counts
3	1454	529.9	0	1454
4	241	132.5	0	241
5	48	33.1	0	48
6	2196	8.3	0	2196
7	91	2.1	0	91
8	6	0.5	0	6
9	28	0.1	0	28
11	3	0.0	1	0 3
12	1	0.0	1	0 1
13	1	0.0	1	0 1
26	2	0.0	1	1 1
27	9	0.0	1	1 8
77	1	0.0	1	0 1
Input files: raw_data_12_11_2025/651B0_S107_L001_R1_001.fastq.gz raw_data_12_11_2025/651B0_S107_L001_R2_001.fastq.gz
This is cutadapt 5.1 with Python 3.12.11
Command line parameters: -a CCTACGGGNGGCWGCAG...GATACCCBDGTAGTC -A GACTACHVGGGTATC...CTGCWGCCNCCCGTAGG --trimmed-only --cores 8 --output results/cutadapt/651B0_S107_L001_R1_001.fastq.gz --paired-output results/cutadapt/651B0_S107_L001_R2_001.fastq.gz raw_data_12_11_2025/651B0_S107_L001_R1_001.fastq.gz raw_data_12_11_2025/651B0_S107_L001_R2_001.fastq.gz
Processing paired-end reads on 8 cores ...

=== Summary ===

Total read pairs processed:             35,611
  Read 1 with adapter:                  35,447 (99.5%)
  Read 2 with adapter:                  34,948 (98.1%)

== Read fate breakdown ==
Pairs discarded as untrimmed:              822 (2.3%)
Pairs written (passing filters):        34,789 (97.7%)

Total basepairs processed:    21,421,188 bp
  Read 1:    10,717,030 bp
  Read 2:    10,704,158 bp
Total written (filtered):     18,993,227 bp (88.7%)
  Read 1:     9,529,454 bp
  Read 2:     9,463,773 bp

=== First read: Adapter 1 ===

Sequence: CCTACGGGNGGCWGCAG...GATACCCBDGTAGTC; Type: linked; Length: 17+15; 5' trimmed: 35447 times; 3' trimmed: 454 times

Minimum overlap: 3+3
No. of allowed errors:
1-9 bp: 0; 10-16 bp: 1

No. of allowed errors:
1-9 bp: 0; 10-15 bp: 1

Overview of removed sequences at 5' end
length	count	expect	max.err	error counts
19	1	0.0	1	1
21	1	0.0	1	0 1
22	1	0.0	1	1
23	3	0.0	1	2 1
24	20	0.0	1	18 2
25	81	0.0	1	20 61
26	2048	0.0	1	818 1230
27	33191	0.0	1	32799 392
28	101	0.0	1	73 28



Overview of removed sequences at 3' end
length	count	expect	max.err	error counts
3	206	556.4	0	206
4	2	139.1	0	2
7	1	2.2	0	1
8	2	0.5	0	2
9	1	0.1	0	1
10	230	0.0	1	2 228
11	11	0.0	1	0 11
28	1	0.0	1	1


=== Second read: Adapter 2 ===

Sequence: GACTACHVGGGTATC...CTGCWGCCNCCCGTAGG; Type: linked; Length: 15+17; 5' trimmed: 34876 times; 3' trimmed: 4840 times

Minimum overlap: 3+3
No. of allowed errors:
1-9 bp: 0; 10-15 bp: 1

No. of allowed errors:
1-9 bp: 0; 10-16 bp: 1

Overview of removed sequences at 5' end
length	count	expect	max.err	error counts
3	4	556.4	0	4
5	2	34.8	0	2
11	1	0.0	1	0 1
17	1	0.0	1	1
19	2	0.0	1	1 1
20	3	0.0	1	2 1
21	6	0.0	1	5 1
22	2	0.0	1	2
23	3	0.0	1	3
24	12	0.0	1	10 2
25	17	0.0	1	6 11
26	132	0.0	1	56 76
27	1526	0.0	1	575 951
28	33066	0.0	1	31667 1399
29	91	0.0	1	12 79
31	8	0.0	1	6 2



Overview of removed sequences at 3' end
length	count	expect	max.err	error counts
3	1728	556.4	0	1728
4	271	139.1	0	271
5	54	34.8	0	54
6	2651	8.7	0	2651
7	94	2.2	0	94
8	6	0.5	0	6
9	27	0.1	0	27
10	3	0.0	1	3
11	2	0.0	1	0 2
12	2	0.0	1	0 2
13	1	0.0	1	0 1
76	1	0.0	1	0 1
Input files: raw_data_12_11_2025/651B14_S108_L001_R1_001.fastq.gz raw_data_12_11_2025/651B14_S108_L001_R2_001.fastq.gz
This is cutadapt 5.1 with Python 3.12.11
Command line parameters: -a CCTACGGGNGGCWGCAG...GATACCCBDGTAGTC -A GACTACHVGGGTATC...CTGCWGCCNCCCGTAGG --trimmed-only --cores 8 --output results/cutadapt/651B14_S108_L001_R1_001.fastq.gz --paired-output results/cutadapt/651B14_S108_L001_R2_001.fastq.gz raw_data_12_11_2025/651B14_S108_L001_R1_001.fastq.gz raw_data_12_11_2025/651B14_S108_L001_R2_001.fastq.gz
Processing paired-end reads on 8 cores ...

=== Summary ===

Total read pairs processed:             26,766
  Read 1 with adapter:                  26,617 (99.4%)
  Read 2 with adapter:                  26,183 (97.8%)

== Read fate breakdown ==
Pairs discarded as untrimmed:              726 (2.7%)
Pairs written (passing filters):        26,040 (97.3%)

Total basepairs processed:    16,100,159 bp
  Read 1:     8,054,404 bp
  Read 2:     8,045,755 bp
Total written (filtered):     14,218,538 bp (88.3%)
  Read 1:     7,133,278 bp
  Read 2:     7,085,260 bp

=== First read: Adapter 1 ===

Sequence: CCTACGGGNGGCWGCAG...GATACCCBDGTAGTC; Type: linked; Length: 17+15; 5' trimmed: 26614 times; 3' trimmed: 250 times

Minimum overlap: 3+3
No. of allowed errors:
1-9 bp: 0; 10-16 bp: 1

No. of allowed errors:
1-9 bp: 0; 10-15 bp: 1

Overview of removed sequences at 5' end
length	count	expect	max.err	error counts
21	1	0.0	1	1
23	1	0.0	1	0 1
24	16	0.0	1	14 2
25	89	0.0	1	23 66
26	1587	0.0	1	674 913
27	24830	0.0	1	24550 280
28	89	0.0	1	70 19
31	1	0.0	1	1



Overview of removed sequences at 3' end
length	count	expect	max.err	error counts
3	158	418.2	0	158
4	8	104.6	0	8
6	2	6.5	0	2
7	2	1.6	0	2
8	2	0.4	0	2
10	73	0.0	1	0 73
11	1	0.0	1	0 1
15	1	0.0	1	1
27	1	0.0	1	1
28	2	0.0	1	2


=== Second read: Adapter 2 ===

Sequence: GACTACHVGGGTATC...CTGCWGCCNCCCGTAGG; Type: linked; Length: 15+17; 5' trimmed: 26117 times; 3' trimmed: 3453 times

Minimum overlap: 3+3
No. of allowed errors:
1-9 bp: 0; 10-15 bp: 1

No. of allowed errors:
1-9 bp: 0; 10-16 bp: 1

Overview of removed sequences at 5' end
length	count	expect	max.err	error counts
3	7	418.2	0	7
5	2	26.1	0	2
9	1	0.1	0	1
18	2	0.0	1	2
19	1	0.0	1	0 1
20	4	0.0	1	2 2
23	4	0.0	1	3 1
24	13	0.0	1	13
25	13	0.0	1	7 6
26	73	0.0	1	23 50
27	1119	0.0	1	452 667
28	24797	0.0	1	23675 1122
29	76	0.0	1	9 67
30	1	0.0	1	1
31	3	0.0	1	1 2
34	1	0.0	1	1



Overview of removed sequences at 3' end
length	count	expect	max.err	error counts
3	1226	418.2	0	1226
4	214	104.6	0	214
5	36	26.1	0	36
6	1858	6.5	0	1858
7	79	1.6	0	79
8	9	0.4	0	9
9	24	0.1	0	24
10	1	0.0	1	1
11	3	0.0	1	0 3
27	3	0.0	1	0 3
Input files: raw_data_12_11_2025/653A0_S113_L001_R1_001.fastq.gz raw_data_12_11_2025/653A0_S113_L001_R2_001.fastq.gz
This is cutadapt 5.1 with Python 3.12.11
Command line parameters: -a CCTACGGGNGGCWGCAG...GATACCCBDGTAGTC -A GACTACHVGGGTATC...CTGCWGCCNCCCGTAGG --trimmed-only --cores 8 --output results/cutadapt/653A0_S113_L001_R1_001.fastq.gz --paired-output results/cutadapt/653A0_S113_L001_R2_001.fastq.gz raw_data_12_11_2025/653A0_S113_L001_R1_001.fastq.gz raw_data_12_11_2025/653A0_S113_L001_R2_001.fastq.gz
Processing paired-end reads on 8 cores ...

=== Summary ===

Total read pairs processed:             26,982
  Read 1 with adapter:                  26,828 (99.4%)
  Read 2 with adapter:                  26,420 (97.9%)

== Read fate breakdown ==
Pairs discarded as untrimmed:              711 (2.6%)
Pairs written (passing filters):        26,271 (97.4%)

Total basepairs processed:    16,231,919 bp
  Read 1:     8,119,892 bp
  Read 2:     8,112,027 bp
Total written (filtered):     14,348,332 bp (88.4%)
  Read 1:     7,198,039 bp
  Read 2:     7,150,293 bp

=== First read: Adapter 1 ===

Sequence: CCTACGGGNGGCWGCAG...GATACCCBDGTAGTC; Type: linked; Length: 17+15; 5' trimmed: 26826 times; 3' trimmed: 131 times

Minimum overlap: 3+3
No. of allowed errors:
1-9 bp: 0; 10-16 bp: 1

No. of allowed errors:
1-9 bp: 0; 10-15 bp: 1

Overview of removed sequences at 5' end
length	count	expect	max.err	error counts
3	1	421.6	0	1
22	1	0.0	1	1
23	1	0.0	1	1
24	24	0.0	1	19 5
25	83	0.0	1	21 62
26	1646	0.0	1	671 975
27	24986	0.0	1	24681 305
28	84	0.0	1	64 20



Overview of removed sequences at 3' end
length	count	expect	max.err	error counts
3	125	421.6	0	125
6	1	6.6	0	1
7	1	1.6	0	1
8	2	0.4	0	2
14	1	0.0	1	1
28	1	0.0	1	1


=== Second read: Adapter 2 ===

Sequence: GACTACHVGGGTATC...CTGCWGCCNCCCGTAGG; Type: linked; Length: 15+17; 5' trimmed: 26373 times; 3' trimmed: 3176 times

Minimum overlap: 3+3
No. of allowed errors:
1-9 bp: 0; 10-15 bp: 1

No. of allowed errors:
1-9 bp: 0; 10-16 bp: 1

Overview of removed sequences at 5' end
length	count	expect	max.err	error counts
3	3	421.6	0	3
4	2	105.4	0	2
7	1	1.6	0	1
10	1	0.0	1	0 1
15	1	0.0	1	1
18	1	0.0	1	1
19	1	0.0	1	1
20	3	0.0	1	2 1
21	3	0.0	1	2 1
22	4	0.0	1	4
23	5	0.0	1	4 1
24	15	0.0	1	9 6
25	14	0.0	1	8 6
26	87	0.0	1	22 65
27	1139	0.0	1	461 678
28	25005	0.0	1	23895 1110
29	80	0.0	1	7 73
30	1	0.0	1	0 1
31	7	0.0	1	6 1



Overview of removed sequences at 3' end
length	count	expect	max.err	error counts
3	1069	421.6	0	1069
4	167	105.4	0	167
5	29	26.3	0	29
6	1835	6.6	0	1835
7	51	1.6	0	51
8	2	0.4	0	2
9	16	0.1	0	16
10	1	0.0	1	1
11	3	0.0	1	0 3
12	1	0.0	1	0 1
13	1	0.0	1	0 1
27	1	0.0	1	1
Input files: raw_data_12_11_2025/653A14_S114_L001_R1_001.fastq.gz raw_data_12_11_2025/653A14_S114_L001_R2_001.fastq.gz
This is cutadapt 5.1 with Python 3.12.11
Command line parameters: -a CCTACGGGNGGCWGCAG...GATACCCBDGTAGTC -A GACTACHVGGGTATC...CTGCWGCCNCCCGTAGG --trimmed-only --cores 8 --output results/cutadapt/653A14_S114_L001_R1_001.fastq.gz --paired-output results/cutadapt/653A14_S114_L001_R2_001.fastq.gz raw_data_12_11_2025/653A14_S114_L001_R1_001.fastq.gz raw_data_12_11_2025/653A14_S114_L001_R2_001.fastq.gz
Processing paired-end reads on 8 cores ...

=== Summary ===

Total read pairs processed:             25,623
  Read 1 with adapter:                  25,466 (99.4%)
  Read 2 with adapter:                  25,052 (97.8%)

== Read fate breakdown ==
Pairs discarded as untrimmed:              724 (2.8%)
Pairs written (passing filters):        24,899 (97.2%)

Total basepairs processed:    15,414,394 bp
  Read 1:     7,710,524 bp
  Read 2:     7,703,870 bp
Total written (filtered):     13,599,491 bp (88.2%)
  Read 1:     6,821,581 bp
  Read 2:     6,777,910 bp

=== First read: Adapter 1 ===

Sequence: CCTACGGGNGGCWGCAG...GATACCCBDGTAGTC; Type: linked; Length: 17+15; 5' trimmed: 25465 times; 3' trimmed: 101 times

Minimum overlap: 3+3
No. of allowed errors:
1-9 bp: 0; 10-16 bp: 1

No. of allowed errors:
1-9 bp: 0; 10-15 bp: 1

Overview of removed sequences at 5' end
length	count	expect	max.err	error counts
3	1	400.4	0	1
19	1	0.0	1	1
21	1	0.0	1	1
23	3	0.0	1	2 1
24	18	0.0	1	16 2
25	62	0.0	1	22 40
26	1535	0.0	1	678 857
27	23759	0.0	1	23439 320
28	85	0.0	1	63 22



Overview of removed sequences at 3' end
length	count	expect	max.err	error counts
3	91	400.4	0	91
4	2	100.1	0	2
6	3	6.3	0	3
8	1	0.4	0	1
13	1	0.0	1	0 1
28	3	0.0	1	2 1


=== Second read: Adapter 2 ===

Sequence: GACTACHVGGGTATC...CTGCWGCCNCCCGTAGG; Type: linked; Length: 15+17; 5' trimmed: 25006 times; 3' trimmed: 2852 times

Minimum overlap: 3+3
No. of allowed errors:
1-9 bp: 0; 10-15 bp: 1

No. of allowed errors:
1-9 bp: 0; 10-16 bp: 1

Overview of removed sequences at 5' end
length	count	expect	max.err	error counts
3	3	400.4	0	3
5	1	25.0	0	1
17	1	0.0	1	1
18	1	0.0	1	0 1
19	1	0.0	1	1
21	1	0.0	1	0 1
22	3	0.0	1	3
23	4	0.0	1	2 2
24	4	0.0	1	3 1
25	9	0.0	1	7 2
26	90	0.0	1	35 55
27	1095	0.0	1	458 637
28	23710	0.0	1	22746 964
29	79	0.0	1	11 68
30	1	0.0	1	0 1
31	3	0.0	1	2 1



Overview of removed sequences at 3' end
length	count	expect	max.err	error counts
3	935	400.4	0	935
4	147	100.1	0	147
5	30	25.0	0	30
6	1692	6.3	0	1692
7	31	1.6	0	31
8	6	0.4	0	6
9	8	0.1	0	8
27	3	0.0	1	1 2
Input files: raw_data_12_11_2025/653B0_S115_L001_R1_001.fastq.gz raw_data_12_11_2025/653B0_S115_L001_R2_001.fastq.gz
This is cutadapt 5.1 with Python 3.12.11
Command line parameters: -a CCTACGGGNGGCWGCAG...GATACCCBDGTAGTC -A GACTACHVGGGTATC...CTGCWGCCNCCCGTAGG --trimmed-only --cores 8 --output results/cutadapt/653B0_S115_L001_R1_001.fastq.gz --paired-output results/cutadapt/653B0_S115_L001_R2_001.fastq.gz raw_data_12_11_2025/653B0_S115_L001_R1_001.fastq.gz raw_data_12_11_2025/653B0_S115_L001_R2_001.fastq.gz
Processing paired-end reads on 8 cores ...

=== Summary ===

Total read pairs processed:             25,779
  Read 1 with adapter:                  25,661 (99.5%)
  Read 2 with adapter:                  25,212 (97.8%)

== Read fate breakdown ==
Pairs discarded as untrimmed:              677 (2.6%)
Pairs written (passing filters):        25,102 (97.4%)

Total basepairs processed:    15,508,657 bp
  Read 1:     7,758,091 bp
  Read 2:     7,750,566 bp
Total written (filtered):     13,709,335 bp (88.4%)
  Read 1:     6,877,912 bp
  Read 2:     6,831,423 bp

=== First read: Adapter 1 ===

Sequence: CCTACGGGNGGCWGCAG...GATACCCBDGTAGTC; Type: linked; Length: 17+15; 5' trimmed: 25659 times; 3' trimmed: 129 times

Minimum overlap: 3+3
No. of allowed errors:
1-9 bp: 0; 10-16 bp: 1

No. of allowed errors:
1-9 bp: 0; 10-15 bp: 1

Overview of removed sequences at 5' end
length	count	expect	max.err	error counts
20	1	0.0	1	1
22	3	0.0	1	1 2
23	1	0.0	1	0 1
24	18	0.0	1	12 6
25	74	0.0	1	14 60
26	1563	0.0	1	628 935
27	23924	0.0	1	23646 278
28	73	0.0	1	47 26
31	1	0.0	1	1
32	1	0.0	1	0 1



Overview of removed sequences at 3' end
length	count	expect	max.err	error counts
3	116	402.8	0	116
6	6	6.3	0	6
7	2	1.6	0	2
8	1	0.4	0	1
9	1	0.1	0	1
10	1	0.0	1	0 1
11	1	0.0	1	1
13	1	0.0	1	1


=== Second read: Adapter 2 ===

Sequence: GACTACHVGGGTATC...CTGCWGCCNCCCGTAGG; Type: linked; Length: 15+17; 5' trimmed: 25152 times; 3' trimmed: 3296 times

Minimum overlap: 3+3
No. of allowed errors:
1-9 bp: 0; 10-15 bp: 1

No. of allowed errors:
1-9 bp: 0; 10-16 bp: 1

Overview of removed sequences at 5' end
length	count	expect	max.err	error counts
3	2	402.8	0	2
4	1	100.7	0	1
18	2	0.0	1	2
19	1	0.0	1	1
21	1	0.0	1	1
22	2	0.0	1	2
23	4	0.0	1	4
24	11	0.0	1	9 2
25	19	0.0	1	13 6
26	84	0.0	1	25 59
27	1087	0.0	1	426 661
28	23872	0.0	1	22835 1037
29	57	0.0	1	9 48
30	1	0.0	1	0 1
31	8	0.0	1	6 2



Overview of removed sequences at 3' end
length	count	expect	max.err	error counts
3	1123	402.8	0	1123
4	182	100.7	0	182
5	36	25.2	0	36
6	1889	6.3	0	1889
7	39	1.6	0	39
8	5	0.4	0	5
9	17	0.1	0	17
10	1	0.0	1	1
11	1	0.0	1	0 1
12	3	0.0	1	0 3
Input files: raw_data_12_11_2025/653B14_S116_L001_R1_001.fastq.gz raw_data_12_11_2025/653B14_S116_L001_R2_001.fastq.gz
This is cutadapt 5.1 with Python 3.12.11
Command line parameters: -a CCTACGGGNGGCWGCAG...GATACCCBDGTAGTC -A GACTACHVGGGTATC...CTGCWGCCNCCCGTAGG --trimmed-only --cores 8 --output results/cutadapt/653B14_S116_L001_R1_001.fastq.gz --paired-output results/cutadapt/653B14_S116_L001_R2_001.fastq.gz raw_data_12_11_2025/653B14_S116_L001_R1_001.fastq.gz raw_data_12_11_2025/653B14_S116_L001_R2_001.fastq.gz
Processing paired-end reads on 8 cores ...

=== Summary ===

Total read pairs processed:             26,527
  Read 1 with adapter:                  26,368 (99.4%)
  Read 2 with adapter:                  25,930 (97.7%)

== Read fate breakdown ==
Pairs discarded as untrimmed:              752 (2.8%)
Pairs written (passing filters):        25,775 (97.2%)

Total basepairs processed:    15,958,751 bp
  Read 1:     7,983,367 bp
  Read 2:     7,975,384 bp
Total written (filtered):     14,076,623 bp (88.2%)
  Read 1:     7,062,441 bp
  Read 2:     7,014,182 bp

=== First read: Adapter 1 ===

Sequence: CCTACGGGNGGCWGCAG...GATACCCBDGTAGTC; Type: linked; Length: 17+15; 5' trimmed: 26368 times; 3' trimmed: 141 times

Minimum overlap: 3+3
No. of allowed errors:
1-9 bp: 0; 10-16 bp: 1

No. of allowed errors:
1-9 bp: 0; 10-15 bp: 1

Overview of removed sequences at 5' end
length	count	expect	max.err	error counts
20	1	0.0	1	1
21	2	0.0	1	2
22	3	0.0	1	3
23	5	0.0	1	2 3
24	18	0.0	1	16 2
25	76	0.0	1	25 51
26	1608	0.0	1	632 976
27	24575	0.0	1	24252 323
28	79	0.0	1	63 16
29	1	0.0	1	1



Overview of removed sequences at 3' end
length	count	expect	max.err	error counts
3	133	414.5	0	133
6	1	6.5	0	1
7	5	1.6	0	5
8	1	0.4	0	1
10	1	0.0	1	0 1


=== Second read: Adapter 2 ===

Sequence: GACTACHVGGGTATC...CTGCWGCCNCCCGTAGG; Type: linked; Length: 15+17; 5' trimmed: 25873 times; 3' trimmed: 3464 times

Minimum overlap: 3+3
No. of allowed errors:
1-9 bp: 0; 10-15 bp: 1

No. of allowed errors:
1-9 bp: 0; 10-16 bp: 1

Overview of removed sequences at 5' end
length	count	expect	max.err	error counts
3	3	414.5	0	3
4	3	103.6	0	3
11	2	0.0	1	0 2
13	1	0.0	1	0 1
16	1	0.0	1	1
19	2	0.0	1	1 1
21	1	0.0	1	0 1
22	1	0.0	1	1
23	2	0.0	1	1 1
24	11	0.0	1	10 1
25	27	0.0	1	13 14
26	86	0.0	1	39 47
27	1135	0.0	1	447 688
28	24520	0.0	1	23491 1029
29	73	0.0	1	14 59
31	5	0.0	1	2 3



Overview of removed sequences at 3' end
length	count	expect	max.err	error counts
3	1195	414.5	0	1195
4	195	103.6	0	195
5	30	25.9	0	30
6	1960	6.5	0	1960
7	57	1.6	0	57
8	2	0.4	0	2
9	15	0.1	0	15
10	3	0.0	1	3
11	3	0.0	1	0 3
12	4	0.0	1	0 4
Input files: raw_data_12_11_2025/655A14_S126_L001_R1_001.fastq.gz raw_data_12_11_2025/655A14_S126_L001_R2_001.fastq.gz
This is cutadapt 5.1 with Python 3.12.11
Command line parameters: -a CCTACGGGNGGCWGCAG...GATACCCBDGTAGTC -A GACTACHVGGGTATC...CTGCWGCCNCCCGTAGG --trimmed-only --cores 8 --output results/cutadapt/655A14_S126_L001_R1_001.fastq.gz --paired-output results/cutadapt/655A14_S126_L001_R2_001.fastq.gz raw_data_12_11_2025/655A14_S126_L001_R1_001.fastq.gz raw_data_12_11_2025/655A14_S126_L001_R2_001.fastq.gz
Processing paired-end reads on 8 cores ...

=== Summary ===

Total read pairs processed:             25,650
  Read 1 with adapter:                  25,516 (99.5%)
  Read 2 with adapter:                  25,084 (97.8%)

== Read fate breakdown ==
Pairs discarded as untrimmed:              695 (2.7%)
Pairs written (passing filters):        24,955 (97.3%)

Total basepairs processed:    15,428,440 bp
  Read 1:     7,718,544 bp
  Read 2:     7,709,896 bp
Total written (filtered):     13,626,675 bp (88.3%)
  Read 1:     6,836,966 bp
  Read 2:     6,789,709 bp

=== First read: Adapter 1 ===

Sequence: CCTACGGGNGGCWGCAG...GATACCCBDGTAGTC; Type: linked; Length: 17+15; 5' trimmed: 25514 times; 3' trimmed: 173 times

Minimum overlap: 3+3
No. of allowed errors:
1-9 bp: 0; 10-16 bp: 1

No. of allowed errors:
1-9 bp: 0; 10-15 bp: 1

Overview of removed sequences at 5' end
length	count	expect	max.err	error counts
5	1	25.0	0	1
10	1	0.0	1	1
23	5	0.0	1	2 3
24	105	0.0	1	101 4
25	68	0.0	1	31 37
26	1544	0.0	1	667 877
27	23714	0.0	1	23415 299
28	75	0.0	1	51 24
31	1	0.0	1	1



Overview of removed sequences at 3' end
length	count	expect	max.err	error counts
3	164	400.8	0	164
4	2	100.2	0	2
7	1	1.6	0	1
8	1	0.4	0	1
10	2	0.0	1	0 2
13	1	0.0	1	1
28	2	0.0	1	2


=== Second read: Adapter 2 ===

Sequence: GACTACHVGGGTATC...CTGCWGCCNCCCGTAGG; Type: linked; Length: 15+17; 5' trimmed: 25029 times; 3' trimmed: 3261 times

Minimum overlap: 3+3
No. of allowed errors:
1-9 bp: 0; 10-15 bp: 1

No. of allowed errors:
1-9 bp: 0; 10-16 bp: 1

Overview of removed sequences at 5' end
length	count	expect	max.err	error counts
3	3	400.8	0	3
4	1	100.2	0	1
10	1	0.0	1	0 1
11	1	0.0	1	0 1
20	2	0.0	1	0 2
21	1	0.0	1	1
22	2	0.0	1	2
23	8	0.0	1	6 2
24	12	0.0	1	10 2
25	14	0.0	1	6 8
26	89	0.0	1	33 56
27	1093	0.0	1	438 655
28	23629	0.0	1	22617 1012
29	76	0.0	1	11 65
30	1	0.0	1	0 1
31	96	0.0	1	92 4



Overview of removed sequences at 3' end
length	count	expect	max.err	error counts
3	1239	400.8	0	1239
4	189	100.2	0	189
5	72	25.0	0	72
6	1667	6.3	0	1667
7	68	1.6	0	68
8	4	0.4	0	4
9	19	0.1	0	19
11	2	0.0	1	0 2
27	1	0.0	1	1
Input files: raw_data_12_11_2025/655B0_S127_L001_R1_001.fastq.gz raw_data_12_11_2025/655B0_S127_L001_R2_001.fastq.gz
This is cutadapt 5.1 with Python 3.12.11
Command line parameters: -a CCTACGGGNGGCWGCAG...GATACCCBDGTAGTC -A GACTACHVGGGTATC...CTGCWGCCNCCCGTAGG --trimmed-only --cores 8 --output results/cutadapt/655B0_S127_L001_R1_001.fastq.gz --paired-output results/cutadapt/655B0_S127_L001_R2_001.fastq.gz raw_data_12_11_2025/655B0_S127_L001_R1_001.fastq.gz raw_data_12_11_2025/655B0_S127_L001_R2_001.fastq.gz
Processing paired-end reads on 8 cores ...

=== Summary ===

Total read pairs processed:             31,709
  Read 1 with adapter:                  31,557 (99.5%)
  Read 2 with adapter:                  31,011 (97.8%)

== Read fate breakdown ==
Pairs discarded as untrimmed:              838 (2.6%)
Pairs written (passing filters):        30,871 (97.4%)

Total basepairs processed:    19,073,268 bp
  Read 1:     9,542,419 bp
  Read 2:     9,530,849 bp
Total written (filtered):     16,856,884 bp (88.4%)
  Read 1:     8,457,978 bp
  Read 2:     8,398,906 bp

=== First read: Adapter 1 ===

Sequence: CCTACGGGNGGCWGCAG...GATACCCBDGTAGTC; Type: linked; Length: 17+15; 5' trimmed: 31557 times; 3' trimmed: 208 times

Minimum overlap: 3+3
No. of allowed errors:
1-9 bp: 0; 10-16 bp: 1

No. of allowed errors:
1-9 bp: 0; 10-15 bp: 1

Overview of removed sequences at 5' end
length	count	expect	max.err	error counts
21	2	0.0	1	2
22	2	0.0	1	2
23	1	0.0	1	1
24	11	0.0	1	8 3
25	81	0.0	1	28 53
26	1864	0.0	1	764 1100
27	29479	0.0	1	29144 335
28	116	0.0	1	85 31
65	1	0.0	1	1



Overview of removed sequences at 3' end
length	count	expect	max.err	error counts
3	203	495.5	0	203
4	1	123.9	0	1
7	1	1.9	0	1
9	2	0.1	0	2
28	1	0.0	1	1


=== Second read: Adapter 2 ===

Sequence: GACTACHVGGGTATC...CTGCWGCCNCCCGTAGG; Type: linked; Length: 15+17; 5' trimmed: 30946 times; 3' trimmed: 4176 times

Minimum overlap: 3+3
No. of allowed errors:
1-9 bp: 0; 10-15 bp: 1

No. of allowed errors:
1-9 bp: 0; 10-16 bp: 1

Overview of removed sequences at 5' end
length	count	expect	max.err	error counts
3	6	495.5	0	6
4	1	123.9	0	1
6	1	7.7	0	1
10	1	0.0	1	0 1
14	1	0.0	1	0 1
16	1	0.0	1	0 1
18	1	0.0	1	1
19	1	0.0	1	0 1
20	1	0.0	1	1
21	2	0.0	1	2
23	5	0.0	1	3 2
24	9	0.0	1	5 4
25	20	0.0	1	10 10
26	115	0.0	1	31 84
27	1389	0.0	1	563 826
28	29292	0.0	1	28146 1146
29	93	0.0	1	13 80
30	2	0.0	1	0 2
31	4	0.0	1	3 1
66	1	0.0	1	0 1



Overview of removed sequences at 3' end
length	count	expect	max.err	error counts
3	1676	495.5	0	1676
4	261	123.9	0	261
5	37	31.0	0	37
6	2082	7.7	0	2082
7	88	1.9	0	88
8	5	0.5	0	5
9	19	0.1	0	19
10	1	0.0	1	1
11	3	0.0	1	0 3
13	3	0.0	1	0 3
27	1	0.0	1	0 1
Input files: raw_data_12_11_2025/655B14_S128_L001_R1_001.fastq.gz raw_data_12_11_2025/655B14_S128_L001_R2_001.fastq.gz
This is cutadapt 5.1 with Python 3.12.11
Command line parameters: -a CCTACGGGNGGCWGCAG...GATACCCBDGTAGTC -A GACTACHVGGGTATC...CTGCWGCCNCCCGTAGG --trimmed-only --cores 8 --output results/cutadapt/655B14_S128_L001_R1_001.fastq.gz --paired-output results/cutadapt/655B14_S128_L001_R2_001.fastq.gz raw_data_12_11_2025/655B14_S128_L001_R1_001.fastq.gz raw_data_12_11_2025/655B14_S128_L001_R2_001.fastq.gz
Processing paired-end reads on 8 cores ...

=== Summary ===

Total read pairs processed:             23,633
  Read 1 with adapter:                  23,491 (99.4%)
  Read 2 with adapter:                  23,061 (97.6%)

== Read fate breakdown ==
Pairs discarded as untrimmed:              675 (2.9%)
Pairs written (passing filters):        22,958 (97.1%)

Total basepairs processed:    14,214,699 bp
  Read 1:     7,111,506 bp
  Read 2:     7,103,193 bp
Total written (filtered):     12,535,701 bp (88.2%)
  Read 1:     6,289,628 bp
  Read 2:     6,246,073 bp

=== First read: Adapter 1 ===

Sequence: CCTACGGGNGGCWGCAG...GATACCCBDGTAGTC; Type: linked; Length: 17+15; 5' trimmed: 23488 times; 3' trimmed: 152 times

Minimum overlap: 3+3
No. of allowed errors:
1-9 bp: 0; 10-16 bp: 1

No. of allowed errors:
1-9 bp: 0; 10-15 bp: 1

Overview of removed sequences at 5' end
length	count	expect	max.err	error counts
3	1	369.3	0	1
10	1	0.0	1	1
22	1	0.0	1	1
24	13	0.0	1	9 4
25	77	0.0	1	23 54
26	1451	0.0	1	620 831
27	21885	0.0	1	21614 271
28	59	0.0	1	47 12



Overview of removed sequences at 3' end
length	count	expect	max.err	error counts
3	144	369.3	0	144
6	1	5.8	0	1
7	1	1.4	0	1
8	1	0.4	0	1
9	1	0.1	0	0 1
11	1	0.0	1	1
21	1	0.0	1	1
28	1	0.0	1	1
29	1	0.0	1	0 1


=== Second read: Adapter 2 ===

Sequence: GACTACHVGGGTATC...CTGCWGCCNCCCGTAGG; Type: linked; Length: 15+17; 5' trimmed: 22996 times; 3' trimmed: 3074 times

Minimum overlap: 3+3
No. of allowed errors:
1-9 bp: 0; 10-15 bp: 1

No. of allowed errors:
1-9 bp: 0; 10-16 bp: 1

Overview of removed sequences at 5' end
length	count	expect	max.err	error counts
3	7	369.3	0	7
4	4	92.3	0	4
11	1	0.0	1	0 1
17	1	0.0	1	1
19	1	0.0	1	1
22	2	0.0	1	2
23	3	0.0	1	2 1
24	9	0.0	1	6 3
25	12	0.0	1	7 5
26	93	0.0	1	34 59
27	1001	0.0	1	417 584
28	21800	0.0	1	20915 885
29	59	0.0	1	10 49
31	3	0.0	1	2 1



Overview of removed sequences at 3' end
length	count	expect	max.err	error counts
3	1114	369.3	0	1114
4	190	92.3	0	190
5	48	23.1	0	48
6	1618	5.8	0	1618
7	72	1.4	0	72
8	4	0.4	0	4
9	21	0.1	0	21
11	4	0.0	1	0 4
12	2	0.0	1	0 2
27	1	0.0	1	1
Input files: raw_data_12_11_2025/656A0_S117_L001_R1_001.fastq.gz raw_data_12_11_2025/656A0_S117_L001_R2_001.fastq.gz
This is cutadapt 5.1 with Python 3.12.11
Command line parameters: -a CCTACGGGNGGCWGCAG...GATACCCBDGTAGTC -A GACTACHVGGGTATC...CTGCWGCCNCCCGTAGG --trimmed-only --cores 8 --output results/cutadapt/656A0_S117_L001_R1_001.fastq.gz --paired-output results/cutadapt/656A0_S117_L001_R2_001.fastq.gz raw_data_12_11_2025/656A0_S117_L001_R1_001.fastq.gz raw_data_12_11_2025/656A0_S117_L001_R2_001.fastq.gz
Processing paired-end reads on 8 cores ...

=== Summary ===

Total read pairs processed:             28,927
  Read 1 with adapter:                  28,762 (99.4%)
  Read 2 with adapter:                  28,272 (97.7%)

== Read fate breakdown ==
Pairs discarded as untrimmed:              811 (2.8%)
Pairs written (passing filters):        28,116 (97.2%)

Total basepairs processed:    17,396,245 bp
  Read 1:     8,702,495 bp
  Read 2:     8,693,750 bp
Total written (filtered):     15,347,481 bp (88.2%)
  Read 1:     7,700,490 bp
  Read 2:     7,646,991 bp

=== First read: Adapter 1 ===

Sequence: CCTACGGGNGGCWGCAG...GATACCCBDGTAGTC; Type: linked; Length: 17+15; 5' trimmed: 28760 times; 3' trimmed: 208 times

Minimum overlap: 3+3
No. of allowed errors:
1-9 bp: 0; 10-16 bp: 1

No. of allowed errors:
1-9 bp: 0; 10-15 bp: 1

Overview of removed sequences at 5' end
length	count	expect	max.err	error counts
9	1	0.1	0	1
14	1	0.0	1	1
19	1	0.0	1	0 1
21	2	0.0	1	2
22	1	0.0	1	1
23	4	0.0	1	4
24	33	0.0	1	29 4
25	86	0.0	1	25 61
26	1719	0.0	1	738 981
27	26823	0.0	1	26517 306
28	89	0.0	1	60 29



Overview of removed sequences at 3' end
length	count	expect	max.err	error counts
3	191	452.0	0	191
4	2	113.0	0	2
6	1	7.1	0	1
7	2	1.8	0	2
8	1	0.4	0	1
9	2	0.1	0	2
11	1	0.0	1	1
13	1	0.0	1	0 1
24	1	0.0	1	1
27	1	0.0	1	0 1
28	4	0.0	1	4
78	1	0.0	1	1


=== Second read: Adapter 2 ===

Sequence: GACTACHVGGGTATC...CTGCWGCCNCCCGTAGG; Type: linked; Length: 15+17; 5' trimmed: 28215 times; 3' trimmed: 4015 times

Minimum overlap: 3+3
No. of allowed errors:
1-9 bp: 0; 10-15 bp: 1

No. of allowed errors:
1-9 bp: 0; 10-16 bp: 1

Overview of removed sequences at 5' end
length	count	expect	max.err	error counts
3	2	452.0	0	2
4	4	113.0	0	4
6	1	7.1	0	1
11	1	0.0	1	0 1
12	2	0.0	1	1 1
17	1	0.0	1	1
21	4	0.0	1	3 1
22	1	0.0	1	1
23	6	0.0	1	5 1
24	8	0.0	1	8
25	23	0.0	1	14 9
26	100	0.0	1	36 64
27	1227	0.0	1	490 737
28	26735	0.0	1	25560 1175
29	94	0.0	1	18 76
30	1	0.0	1	0 1
31	5	0.0	1	5



Overview of removed sequences at 3' end
length	count	expect	max.err	error counts
3	1555	452.0	0	1555
4	194	113.0	0	194
5	47	28.2	0	47
6	2093	7.1	0	2093
7	93	1.8	0	93
8	2	0.4	0	2
9	20	0.1	0	20
10	1	0.0	1	0 1
11	1	0.0	1	0 1
12	4	0.0	1	0 4
13	1	0.0	1	0 1
27	3	0.0	1	1 2
147	1	0.0	1	0 1
Input files: raw_data_12_11_2025/656A14_S118_L001_R1_001.fastq.gz raw_data_12_11_2025/656A14_S118_L001_R2_001.fastq.gz
This is cutadapt 5.1 with Python 3.12.11
Command line parameters: -a CCTACGGGNGGCWGCAG...GATACCCBDGTAGTC -A GACTACHVGGGTATC...CTGCWGCCNCCCGTAGG --trimmed-only --cores 8 --output results/cutadapt/656A14_S118_L001_R1_001.fastq.gz --paired-output results/cutadapt/656A14_S118_L001_R2_001.fastq.gz raw_data_12_11_2025/656A14_S118_L001_R1_001.fastq.gz raw_data_12_11_2025/656A14_S118_L001_R2_001.fastq.gz
Processing paired-end reads on 8 cores ...

=== Summary ===

Total read pairs processed:             31,298
  Read 1 with adapter:                  31,131 (99.5%)
  Read 2 with adapter:                  30,593 (97.7%)

== Read fate breakdown ==
Pairs discarded as untrimmed:              865 (2.8%)
Pairs written (passing filters):        30,433 (97.2%)

Total basepairs processed:    18,825,709 bp
  Read 1:     9,417,454 bp
  Read 2:     9,408,255 bp
Total written (filtered):     16,616,156 bp (88.3%)
  Read 1:     8,336,797 bp
  Read 2:     8,279,359 bp

=== First read: Adapter 1 ===

Sequence: CCTACGGGNGGCWGCAG...GATACCCBDGTAGTC; Type: linked; Length: 17+15; 5' trimmed: 31129 times; 3' trimmed: 228 times

Minimum overlap: 3+3
No. of allowed errors:
1-9 bp: 0; 10-16 bp: 1

No. of allowed errors:
1-9 bp: 0; 10-15 bp: 1

Overview of removed sequences at 5' end
length	count	expect	max.err	error counts
18	1	0.0	1	1
19	1	0.0	1	1
21	1	0.0	1	1
22	1	0.0	1	1
23	5	0.0	1	5
24	24	0.0	1	19 5
25	89	0.0	1	26 63
26	1909	0.0	1	799 1110
27	29004	0.0	1	28667 337
28	93	0.0	1	74 19
31	1	0.0	1	1



Overview of removed sequences at 3' end
length	count	expect	max.err	error counts
3	208	489.0	0	208
4	3	122.3	0	3
6	2	7.6	0	2
7	2	1.9	0	2
8	2	0.5	0	2
9	6	0.1	0	2 4
10	1	0.0	1	1
13	1	0.0	1	0 1
24	1	0.0	1	1
28	2	0.0	1	2


=== Second read: Adapter 2 ===

Sequence: GACTACHVGGGTATC...CTGCWGCCNCCCGTAGG; Type: linked; Length: 15+17; 5' trimmed: 30539 times; 3' trimmed: 4242 times

Minimum overlap: 3+3
No. of allowed errors:
1-9 bp: 0; 10-15 bp: 1

No. of allowed errors:
1-9 bp: 0; 10-16 bp: 1

Overview of removed sequences at 5' end
length	count	expect	max.err	error counts
3	2	489.0	0	2
4	1	122.3	0	1
14	1	0.0	1	0 1
17	1	0.0	1	1
18	3	0.0	1	3
19	2	0.0	1	1 1
20	5	0.0	1	3 2
21	4	0.0	1	3 1
22	3	0.0	1	3
23	2	0.0	1	2
24	13	0.0	1	9 4
25	17	0.0	1	9 8
26	93	0.0	1	33 60
27	1421	0.0	1	538 883
28	28871	0.0	1	27706 1165
29	94	0.0	1	12 82
31	6	0.0	1	5 1



Overview of removed sequences at 3' end
length	count	expect	max.err	error counts
3	1533	489.0	0	1533
4	249	122.3	0	249
5	56	30.6	0	56
6	2309	7.6	0	2309
7	64	1.9	0	64
8	2	0.5	0	2
9	20	0.1	0	20
10	1	0.0	1	1
11	4	0.0	1	0 4
12	1	0.0	1	0 1
22	1	0.0	1	0 1
27	2	0.0	1	0 2
Input files: raw_data_12_11_2025/656B0_S119_L001_R1_001.fastq.gz raw_data_12_11_2025/656B0_S119_L001_R2_001.fastq.gz
This is cutadapt 5.1 with Python 3.12.11
Command line parameters: -a CCTACGGGNGGCWGCAG...GATACCCBDGTAGTC -A GACTACHVGGGTATC...CTGCWGCCNCCCGTAGG --trimmed-only --cores 8 --output results/cutadapt/656B0_S119_L001_R1_001.fastq.gz --paired-output results/cutadapt/656B0_S119_L001_R2_001.fastq.gz raw_data_12_11_2025/656B0_S119_L001_R1_001.fastq.gz raw_data_12_11_2025/656B0_S119_L001_R2_001.fastq.gz
Processing paired-end reads on 8 cores ...

=== Summary ===

Total read pairs processed:             28,125
  Read 1 with adapter:                  27,965 (99.4%)
  Read 2 with adapter:                  27,529 (97.9%)

== Read fate breakdown ==
Pairs discarded as untrimmed:              745 (2.6%)
Pairs written (passing filters):        27,380 (97.4%)

Total basepairs processed:    16,917,364 bp
  Read 1:     8,462,938 bp
  Read 2:     8,454,426 bp
Total written (filtered):     14,949,114 bp (88.4%)
  Read 1:     7,500,929 bp
  Read 2:     7,448,185 bp

=== First read: Adapter 1 ===

Sequence: CCTACGGGNGGCWGCAG...GATACCCBDGTAGTC; Type: linked; Length: 17+15; 5' trimmed: 27961 times; 3' trimmed: 180 times

Minimum overlap: 3+3
No. of allowed errors:
1-9 bp: 0; 10-16 bp: 1

No. of allowed errors:
1-9 bp: 0; 10-15 bp: 1

Overview of removed sequences at 5' end
length	count	expect	max.err	error counts
22	1	0.0	1	1
23	1	0.0	1	0 1
24	28	0.0	1	23 5
25	88	0.0	1	30 58
26	1683	0.0	1	681 1002
27	26066	0.0	1	25749 317
28	93	0.0	1	67 26
29	1	0.0	1	0 1



Overview of removed sequences at 3' end
length	count	expect	max.err	error counts
3	168	439.5	0	168
4	4	109.9	0	4
6	2	6.9	0	2
7	3	1.7	0	3
10	1	0.0	1	0 1
28	1	0.0	1	1
156	1	0.0	1	1


=== Second read: Adapter 2 ===

Sequence: GACTACHVGGGTATC...CTGCWGCCNCCCGTAGG; Type: linked; Length: 15+17; 5' trimmed: 27465 times; 3' trimmed: 4066 times

Minimum overlap: 3+3
No. of allowed errors:
1-9 bp: 0; 10-15 bp: 1

No. of allowed errors:
1-9 bp: 0; 10-16 bp: 1

Overview of removed sequences at 5' end
length	count	expect	max.err	error counts
4	4	109.9	0	4
7	1	1.7	0	1
10	1	0.0	1	1
16	1	0.0	1	0 1
19	1	0.0	1	1
20	1	0.0	1	1
21	5	0.0	1	4 1
22	6	0.0	1	5 1
23	8	0.0	1	7 1
24	13	0.0	1	10 3
25	14	0.0	1	6 8
26	90	0.0	1	34 56
27	1104	0.0	1	418 686
28	26134	0.0	1	25047 1087
29	77	0.0	1	16 61
31	5	0.0	1	3 2



Overview of removed sequences at 3' end
length	count	expect	max.err	error counts
3	1466	439.5	0	1466
4	240	109.9	0	240
5	53	27.5	0	53
6	2236	6.9	0	2236
7	45	1.7	0	45
8	2	0.4	0	2
9	17	0.1	0	17
10	2	0.0	1	2
11	3	0.0	1	0 3
12	1	0.0	1	0 1
27	1	0.0	1	1
Input files: raw_data_12_11_2025/656B14_S120_L001_R1_001.fastq.gz raw_data_12_11_2025/656B14_S120_L001_R2_001.fastq.gz
This is cutadapt 5.1 with Python 3.12.11
Command line parameters: -a CCTACGGGNGGCWGCAG...GATACCCBDGTAGTC -A GACTACHVGGGTATC...CTGCWGCCNCCCGTAGG --trimmed-only --cores 8 --output results/cutadapt/656B14_S120_L001_R1_001.fastq.gz --paired-output results/cutadapt/656B14_S120_L001_R2_001.fastq.gz raw_data_12_11_2025/656B14_S120_L001_R1_001.fastq.gz raw_data_12_11_2025/656B14_S120_L001_R2_001.fastq.gz
Processing paired-end reads on 8 cores ...

=== Summary ===

Total read pairs processed:             26,091
  Read 1 with adapter:                  25,925 (99.4%)
  Read 2 with adapter:                  25,462 (97.6%)

== Read fate breakdown ==
Pairs discarded as untrimmed:              751 (2.9%)
Pairs written (passing filters):        25,340 (97.1%)

Total basepairs processed:    15,694,526 bp
  Read 1:     7,850,742 bp
  Read 2:     7,843,784 bp
Total written (filtered):     13,837,971 bp (88.2%)
  Read 1:     6,941,596 bp
  Read 2:     6,896,375 bp

=== First read: Adapter 1 ===

Sequence: CCTACGGGNGGCWGCAG...GATACCCBDGTAGTC; Type: linked; Length: 17+15; 5' trimmed: 25923 times; 3' trimmed: 191 times

Minimum overlap: 3+3
No. of allowed errors:
1-9 bp: 0; 10-16 bp: 1

No. of allowed errors:
1-9 bp: 0; 10-15 bp: 1

Overview of removed sequences at 5' end
length	count	expect	max.err	error counts
3	1	407.7	0	1
5	2	25.5	0	2
18	2	0.0	1	2
19	1	0.0	1	1
20	2	0.0	1	2
23	1	0.0	1	0 1
24	18	0.0	1	18
25	69	0.0	1	21 48
26	1596	0.0	1	657 939
27	24146	0.0	1	23862 284
28	85	0.0	1	58 27



Overview of removed sequences at 3' end
length	count	expect	max.err	error counts
3	173	407.7	0	173
4	6	101.9	0	6
6	1	6.4	0	1
7	4	1.6	0	4
9	1	0.1	0	0 1
13	1	0.0	1	0 1
28	5	0.0	1	5


=== Second read: Adapter 2 ===

Sequence: GACTACHVGGGTATC...CTGCWGCCNCCCGTAGG; Type: linked; Length: 15+17; 5' trimmed: 25392 times; 3' trimmed: 3222 times

Minimum overlap: 3+3
No. of allowed errors:
1-9 bp: 0; 10-15 bp: 1

No. of allowed errors:
1-9 bp: 0; 10-16 bp: 1

Overview of removed sequences at 5' end
length	count	expect	max.err	error counts
4	2	101.9	0	2
11	1	0.0	1	0 1
12	1	0.0	1	1
16	1	0.0	1	1
18	2	0.0	1	1 1
20	1	0.0	1	0 1
21	5	0.0	1	5
22	3	0.0	1	3
23	7	0.0	1	6 1
24	5	0.0	1	2 3
25	15	0.0	1	5 10
26	81	0.0	1	28 53
27	1135	0.0	1	469 666
28	24061	0.0	1	23005 1056
29	67	0.0	1	12 55
31	5	0.0	1	3 2



Overview of removed sequences at 3' end
length	count	expect	max.err	error counts
3	1113	407.7	0	1113
4	197	101.9	0	197
5	40	25.5	0	40
6	1792	6.4	0	1792
7	44	1.6	0	44
8	10	0.4	0	10
9	20	0.1	0	20
10	1	0.0	1	1
11	1	0.0	1	0 1
26	1	0.0	1	0 1
27	2	0.0	1	1 1
118	1	0.0	1	0 1
Input files: raw_data_12_11_2025/676A0_S133_L001_R1_001.fastq.gz raw_data_12_11_2025/676A0_S133_L001_R2_001.fastq.gz
This is cutadapt 5.1 with Python 3.12.11
Command line parameters: -a CCTACGGGNGGCWGCAG...GATACCCBDGTAGTC -A GACTACHVGGGTATC...CTGCWGCCNCCCGTAGG --trimmed-only --cores 8 --output results/cutadapt/676A0_S133_L001_R1_001.fastq.gz --paired-output results/cutadapt/676A0_S133_L001_R2_001.fastq.gz raw_data_12_11_2025/676A0_S133_L001_R1_001.fastq.gz raw_data_12_11_2025/676A0_S133_L001_R2_001.fastq.gz
Processing paired-end reads on 8 cores ...

=== Summary ===

Total read pairs processed:             31,116
  Read 1 with adapter:                  30,958 (99.5%)
  Read 2 with adapter:                  30,321 (97.4%)

== Read fate breakdown ==
Pairs discarded as untrimmed:              946 (3.0%)
Pairs written (passing filters):        30,170 (97.0%)

Total basepairs processed:    18,714,308 bp
  Read 1:     9,361,749 bp
  Read 2:     9,352,559 bp
Total written (filtered):     16,470,917 bp (88.0%)
  Read 1:     8,264,067 bp
  Read 2:     8,206,850 bp

=== First read: Adapter 1 ===

Sequence: CCTACGGGNGGCWGCAG...GATACCCBDGTAGTC; Type: linked; Length: 17+15; 5' trimmed: 30955 times; 3' trimmed: 170 times

Minimum overlap: 3+3
No. of allowed errors:
1-9 bp: 0; 10-16 bp: 1

No. of allowed errors:
1-9 bp: 0; 10-15 bp: 1

Overview of removed sequences at 5' end
length	count	expect	max.err	error counts
20	2	0.0	1	2
22	3	0.0	1	2 1
23	2	0.0	1	1 1
24	22	0.0	1	16 6
25	107	0.0	1	30 77
26	1898	0.0	1	794 1104
27	28834	0.0	1	28477 357
28	87	0.0	1	63 24



Overview of removed sequences at 3' end
length	count	expect	max.err	error counts
3	161	486.2	0	161
6	2	7.6	0	2
8	1	0.5	0	1
11	2	0.0	1	0 2
27	1	0.0	1	0 1
28	3	0.0	1	3


=== Second read: Adapter 2 ===

Sequence: GACTACHVGGGTATC...CTGCWGCCNCCCGTAGG; Type: linked; Length: 15+17; 5' trimmed: 30237 times; 3' trimmed: 4364 times

Minimum overlap: 3+3
No. of allowed errors:
1-9 bp: 0; 10-15 bp: 1

No. of allowed errors:
1-9 bp: 0; 10-16 bp: 1

Overview of removed sequences at 5' end
length	count	expect	max.err	error counts
3	7	486.2	0	7
16	1	0.0	1	1
19	1	0.0	1	0 1
20	3	0.0	1	1 2
21	3	0.0	1	3
22	4	0.0	1	4
23	3	0.0	1	3
24	4	0.0	1	3 1
25	21	0.0	1	9 12
26	113	0.0	1	50 63
27	1315	0.0	1	505 810
28	28669	0.0	1	27376 1293
29	88	0.0	1	10 78
31	3	0.0	1	2 1
66	1	0.0	1	0 1
68	1	0.0	1	0 1



Overview of removed sequences at 3' end
length	count	expect	max.err	error counts
3	1596	486.2	0	1596
4	262	121.5	0	262
5	79	30.4	0	79
6	2333	7.6	0	2333
7	76	1.9	0	76
8	1	0.5	0	1
9	13	0.1	0	13
12	2	0.0	1	0 2
27	2	0.0	1	2
Input files: raw_data_12_11_2025/676A14_S134_L001_R1_001.fastq.gz raw_data_12_11_2025/676A14_S134_L001_R2_001.fastq.gz
This is cutadapt 5.1 with Python 3.12.11
Command line parameters: -a CCTACGGGNGGCWGCAG...GATACCCBDGTAGTC -A GACTACHVGGGTATC...CTGCWGCCNCCCGTAGG --trimmed-only --cores 8 --output results/cutadapt/676A14_S134_L001_R1_001.fastq.gz --paired-output results/cutadapt/676A14_S134_L001_R2_001.fastq.gz raw_data_12_11_2025/676A14_S134_L001_R1_001.fastq.gz raw_data_12_11_2025/676A14_S134_L001_R2_001.fastq.gz
Processing paired-end reads on 8 cores ...

=== Summary ===

Total read pairs processed:             33,219
  Read 1 with adapter:                  33,050 (99.5%)
  Read 2 with adapter:                  32,410 (97.6%)

== Read fate breakdown ==
Pairs discarded as untrimmed:              967 (2.9%)
Pairs written (passing filters):        32,252 (97.1%)

Total basepairs processed:    19,980,546 bp
  Read 1:     9,995,242 bp
  Read 2:     9,985,304 bp
Total written (filtered):     17,611,453 bp (88.1%)
  Read 1:     8,835,058 bp
  Read 2:     8,776,395 bp

=== First read: Adapter 1 ===

Sequence: CCTACGGGNGGCWGCAG...GATACCCBDGTAGTC; Type: linked; Length: 17+15; 5' trimmed: 33044 times; 3' trimmed: 142 times

Minimum overlap: 3+3
No. of allowed errors:
1-9 bp: 0; 10-16 bp: 1

No. of allowed errors:
1-9 bp: 0; 10-15 bp: 1

Overview of removed sequences at 5' end
length	count	expect	max.err	error counts
21	2	0.0	1	2
22	2	0.0	1	1 1
23	3	0.0	1	1 2
24	34	0.0	1	30 4
25	104	0.0	1	25 79
26	2008	0.0	1	842 1166
27	30792	0.0	1	30459 333
28	99	0.0	1	67 32



Overview of removed sequences at 3' end
length	count	expect	max.err	error counts
3	118	519.0	0	118
4	5	129.8	0	5
6	3	8.1	0	3
8	2	0.5	0	2
9	1	0.1	0	0 1
10	1	0.0	1	0 1
11	2	0.0	1	0 2
21	1	0.0	1	1
26	1	0.0	1	1
27	1	0.0	1	1
28	6	0.0	1	6
81	1	0.0	1	0 1


=== Second read: Adapter 2 ===

Sequence: GACTACHVGGGTATC...CTGCWGCCNCCCGTAGG; Type: linked; Length: 15+17; 5' trimmed: 32350 times; 3' trimmed: 3928 times

Minimum overlap: 3+3
No. of allowed errors:
1-9 bp: 0; 10-15 bp: 1

No. of allowed errors:
1-9 bp: 0; 10-16 bp: 1

Overview of removed sequences at 5' end
length	count	expect	max.err	error counts
3	1	519.0	0	1
4	1	129.8	0	1
10	1	0.0	1	0 1
19	1	0.0	1	0 1
20	4	0.0	1	1 3
21	2	0.0	1	1 1
22	5	0.0	1	5
23	3	0.0	1	1 2
24	10	0.0	1	8 2
25	19	0.0	1	11 8
26	105	0.0	1	45 60
27	1358	0.0	1	528 830
28	30742	0.0	1	29485 1257
29	87	0.0	1	14 73
31	10	0.0	1	9 1
64	1	0.0	1	0 1



Overview of removed sequences at 3' end
length	count	expect	max.err	error counts
3	1452	519.0	0	1452
4	260	129.8	0	260
5	48	32.4	0	48
6	2048	8.1	0	2048
7	80	2.0	0	80
8	6	0.5	0	6
9	27	0.1	0	27
11	2	0.0	1	0 2
12	1	0.0	1	0 1
21	1	0.0	1	1
27	2	0.0	1	1 1
55	1	0.0	1	1
Input files: raw_data_12_11_2025/676B0_S135_L001_R1_001.fastq.gz raw_data_12_11_2025/676B0_S135_L001_R2_001.fastq.gz
This is cutadapt 5.1 with Python 3.12.11
Command line parameters: -a CCTACGGGNGGCWGCAG...GATACCCBDGTAGTC -A GACTACHVGGGTATC...CTGCWGCCNCCCGTAGG --trimmed-only --cores 8 --output results/cutadapt/676B0_S135_L001_R1_001.fastq.gz --paired-output results/cutadapt/676B0_S135_L001_R2_001.fastq.gz raw_data_12_11_2025/676B0_S135_L001_R1_001.fastq.gz raw_data_12_11_2025/676B0_S135_L001_R2_001.fastq.gz
Processing paired-end reads on 8 cores ...

=== Summary ===

Total read pairs processed:             37,940
  Read 1 with adapter:                  37,722 (99.4%)
  Read 2 with adapter:                  37,050 (97.7%)

== Read fate breakdown ==
Pairs discarded as untrimmed:            1,102 (2.9%)
Pairs written (passing filters):        36,838 (97.1%)

Total basepairs processed:    22,820,010 bp
  Read 1:    11,415,779 bp
  Read 2:    11,404,231 bp
Total written (filtered):     20,114,510 bp (88.1%)
  Read 1:    10,091,234 bp
  Read 2:    10,023,276 bp

=== First read: Adapter 1 ===

Sequence: CCTACGGGNGGCWGCAG...GATACCCBDGTAGTC; Type: linked; Length: 17+15; 5' trimmed: 37719 times; 3' trimmed: 138 times

Minimum overlap: 3+3
No. of allowed errors:
1-9 bp: 0; 10-16 bp: 1

No. of allowed errors:
1-9 bp: 0; 10-15 bp: 1

Overview of removed sequences at 5' end
length	count	expect	max.err	error counts
22	1	0.0	1	1
23	2	0.0	1	1 1
24	38	0.0	1	31 7
25	122	0.0	1	32 90
26	2262	0.0	1	934 1328
27	35176	0.0	1	34751 425
28	118	0.0	1	87 31



Overview of removed sequences at 3' end
length	count	expect	max.err	error counts
3	122	592.8	0	122
4	1	148.2	0	1
6	2	9.3	0	2
8	3	0.6	0	3
10	1	0.0	1	0 1
11	1	0.0	1	1
24	1	0.0	1	1
27	1	0.0	1	0 1
28	5	0.0	1	5
264	1	0.0	1	1


=== Second read: Adapter 2 ===

Sequence: GACTACHVGGGTATC...CTGCWGCCNCCCGTAGG; Type: linked; Length: 15+17; 5' trimmed: 36962 times; 3' trimmed: 4769 times

Minimum overlap: 3+3
No. of allowed errors:
1-9 bp: 0; 10-15 bp: 1

No. of allowed errors:
1-9 bp: 0; 10-16 bp: 1

Overview of removed sequences at 5' end
length	count	expect	max.err	error counts
3	5	592.8	0	5
4	1	148.2	0	1
16	1	0.0	1	0 1
18	1	0.0	1	1
20	2	0.0	1	2
21	3	0.0	1	2 1
22	1	0.0	1	1
23	6	0.0	1	3 3
24	13	0.0	1	10 3
25	30	0.0	1	15 15
26	137	0.0	1	69 68
27	1626	0.0	1	682 944
28	35023	0.0	1	33593 1430
29	103	0.0	1	20 83
31	8	0.0	1	6 2
68	1	0.0	1	0 1
69	1	0.0	1	0 1



Overview of removed sequences at 3' end
length	count	expect	max.err	error counts
3	1800	592.8	0	1800
4	296	148.2	0	296
5	74	37.1	0	74
6	2450	9.3	0	2450
7	106	2.3	0	106
8	10	0.6	0	10
9	21	0.1	0	21
10	4	0.0	1	3 1
11	1	0.0	1	0 1
12	2	0.0	1	0 2
27	3	0.0	1	2 1
78	1	0.0	1	0 1
262	1	0.0	1	0 1
Input files: raw_data_12_11_2025/676B14_S136_L001_R1_001.fastq.gz raw_data_12_11_2025/676B14_S136_L001_R2_001.fastq.gz
This is cutadapt 5.1 with Python 3.12.11
Command line parameters: -a CCTACGGGNGGCWGCAG...GATACCCBDGTAGTC -A GACTACHVGGGTATC...CTGCWGCCNCCCGTAGG --trimmed-only --cores 8 --output results/cutadapt/676B14_S136_L001_R1_001.fastq.gz --paired-output results/cutadapt/676B14_S136_L001_R2_001.fastq.gz raw_data_12_11_2025/676B14_S136_L001_R1_001.fastq.gz raw_data_12_11_2025/676B14_S136_L001_R2_001.fastq.gz
Processing paired-end reads on 8 cores ...

=== Summary ===

Total read pairs processed:             39,135
  Read 1 with adapter:                  38,876 (99.3%)
  Read 2 with adapter:                  38,121 (97.4%)

== Read fate breakdown ==
Pairs discarded as untrimmed:            1,219 (3.1%)
Pairs written (passing filters):        37,916 (96.9%)

Total basepairs processed:    23,533,203 bp
  Read 1:    11,774,107 bp
  Read 2:    11,759,096 bp
Total written (filtered):     20,697,420 bp (87.9%)
  Read 1:    10,385,090 bp
  Read 2:    10,312,330 bp

=== First read: Adapter 1 ===

Sequence: CCTACGGGNGGCWGCAG...GATACCCBDGTAGTC; Type: linked; Length: 17+15; 5' trimmed: 38861 times; 3' trimmed: 226 times

Minimum overlap: 3+3
No. of allowed errors:
1-9 bp: 0; 10-16 bp: 1

No. of allowed errors:
1-9 bp: 0; 10-15 bp: 1

Overview of removed sequences at 5' end
length	count	expect	max.err	error counts
3	1	611.5	0	1
16	1	0.0	1	0 1
21	1	0.0	1	1
22	1	0.0	1	1
23	3	0.0	1	2 1
24	23	0.0	1	18 5
25	104	0.0	1	39 65
26	2438	0.0	1	1071 1367
27	36164	0.0	1	35764 400
28	124	0.0	1	93 31
31	1	0.0	1	1



Overview of removed sequences at 3' end
length	count	expect	max.err	error counts
3	185	611.5	0	185
4	3	152.9	0	3
6	5	9.6	0	5
7	5	2.4	0	5
8	3	0.6	0	3
9	1	0.1	0	1
10	1	0.0	1	1
11	2	0.0	1	2
24	2	0.0	1	2
28	17	0.0	1	17
119	1	0.0	1	1
140	1	0.0	1	1


=== Second read: Adapter 2 ===

Sequence: GACTACHVGGGTATC...CTGCWGCCNCCCGTAGG; Type: linked; Length: 15+17; 5' trimmed: 38033 times; 3' trimmed: 4977 times

Minimum overlap: 3+3
No. of allowed errors:
1-9 bp: 0; 10-15 bp: 1

No. of allowed errors:
1-9 bp: 0; 10-16 bp: 1

Overview of removed sequences at 5' end
length	count	expect	max.err	error counts
3	2	611.5	0	2
4	1	152.9	0	1
9	1	0.1	0	1
10	1	0.0	1	0 1
11	1	0.0	1	0 1
14	1	0.0	1	0 1
18	1	0.0	1	1
19	1	0.0	1	1
20	3	0.0	1	3
21	3	0.0	1	3
22	6	0.0	1	6
23	3	0.0	1	1 2
24	13	0.0	1	10 3
25	28	0.0	1	14 14
26	122	0.0	1	45 77
27	1648	0.0	1	661 987
28	36074	0.0	1	34497 1577
29	119	0.0	1	17 102
30	1	0.0	1	0 1
31	4	0.0	1	4



Overview of removed sequences at 3' end
length	count	expect	max.err	error counts
3	1966	611.5	0	1966
4	332	152.9	0	332
5	97	38.2	0	97
6	2383	9.6	0	2383
7	148	2.4	0	148
8	9	0.6	0	9
9	28	0.1	0	28
10	1	0.0	1	0 1
12	1	0.0	1	0 1
22	1	0.0	1	0 1
23	1	0.0	1	1
27	8	0.0	1	3 5
39	1	0.0	1	1
119	1	0.0	1	0 1
Input files: raw_data_12_11_2025/678A0_S141_L001_R1_001.fastq.gz raw_data_12_11_2025/678A0_S141_L001_R2_001.fastq.gz
This is cutadapt 5.1 with Python 3.12.11
Command line parameters: -a CCTACGGGNGGCWGCAG...GATACCCBDGTAGTC -A GACTACHVGGGTATC...CTGCWGCCNCCCGTAGG --trimmed-only --cores 8 --output results/cutadapt/678A0_S141_L001_R1_001.fastq.gz --paired-output results/cutadapt/678A0_S141_L001_R2_001.fastq.gz raw_data_12_11_2025/678A0_S141_L001_R1_001.fastq.gz raw_data_12_11_2025/678A0_S141_L001_R2_001.fastq.gz
Processing paired-end reads on 8 cores ...

=== Summary ===

Total read pairs processed:             33,649
  Read 1 with adapter:                  33,458 (99.4%)
  Read 2 with adapter:                  32,823 (97.5%)

== Read fate breakdown ==
Pairs discarded as untrimmed:            1,005 (3.0%)
Pairs written (passing filters):        32,644 (97.0%)

Total basepairs processed:    20,238,251 bp
  Read 1:    10,125,562 bp
  Read 2:    10,112,689 bp
Total written (filtered):     17,822,889 bp (88.1%)
  Read 1:     8,942,712 bp
  Read 2:     8,880,177 bp

=== First read: Adapter 1 ===

Sequence: CCTACGGGNGGCWGCAG...GATACCCBDGTAGTC; Type: linked; Length: 17+15; 5' trimmed: 33452 times; 3' trimmed: 377 times

Minimum overlap: 3+3
No. of allowed errors:
1-9 bp: 0; 10-16 bp: 1

No. of allowed errors:
1-9 bp: 0; 10-15 bp: 1

Overview of removed sequences at 5' end
length	count	expect	max.err	error counts
22	2	0.0	1	2
23	2	0.0	1	2
24	26	0.0	1	22 4
25	101	0.0	1	21 80
26	1992	0.0	1	821 1171
27	31222	0.0	1	30827 395
28	105	0.0	1	72 33
29	1	0.0	1	0 1
31	1	0.0	1	1



Overview of removed sequences at 3' end
length	count	expect	max.err	error counts
3	359	525.8	0	359
6	4	8.2	0	4
7	4	2.1	0	4
9	2	0.1	0	2
12	1	0.0	1	1
18	1	0.0	1	1
28	5	0.0	1	5
157	1	0.0	1	1


=== Second read: Adapter 2 ===

Sequence: GACTACHVGGGTATC...CTGCWGCCNCCCGTAGG; Type: linked; Length: 15+17; 5' trimmed: 32733 times; 3' trimmed: 4380 times

Minimum overlap: 3+3
No. of allowed errors:
1-9 bp: 0; 10-15 bp: 1

No. of allowed errors:
1-9 bp: 0; 10-16 bp: 1

Overview of removed sequences at 5' end
length	count	expect	max.err	error counts
3	6	525.8	0	6
4	1	131.4	0	1
11	1	0.0	1	0 1
14	2	0.0	1	2
16	1	0.0	1	1
18	2	0.0	1	2
19	2	0.0	1	2
20	4	0.0	1	3 1
21	5	0.0	1	4 1
22	2	0.0	1	1 1
23	8	0.0	1	5 3
24	11	0.0	1	9 2
25	22	0.0	1	10 12
26	106	0.0	1	41 65
27	1442	0.0	1	560 882
28	31003	0.0	1	29668 1335
29	105	0.0	1	14 91
31	9	0.0	1	6 3
66	1	0.0	1	1



Overview of removed sequences at 3' end
length	count	expect	max.err	error counts
3	1630	525.8	0	1630
4	273	131.4	0	273
5	45	32.9	0	45
6	2254	8.2	0	2254
7	134	2.1	0	134
8	11	0.5	0	11
9	20	0.1	0	20
10	5	0.0	1	4 1
11	2	0.0	1	0 2
12	1	0.0	1	0 1
13	1	0.0	1	0 1
27	3	0.0	1	0 3
118	1	0.0	1	1
Input files: raw_data_12_11_2025/678A14_S142_L001_R1_001.fastq.gz raw_data_12_11_2025/678A14_S142_L001_R2_001.fastq.gz
This is cutadapt 5.1 with Python 3.12.11
Command line parameters: -a CCTACGGGNGGCWGCAG...GATACCCBDGTAGTC -A GACTACHVGGGTATC...CTGCWGCCNCCCGTAGG --trimmed-only --cores 8 --output results/cutadapt/678A14_S142_L001_R1_001.fastq.gz --paired-output results/cutadapt/678A14_S142_L001_R2_001.fastq.gz raw_data_12_11_2025/678A14_S142_L001_R1_001.fastq.gz raw_data_12_11_2025/678A14_S142_L001_R2_001.fastq.gz
Processing paired-end reads on 8 cores ...

=== Summary ===

Total read pairs processed:             35,391
  Read 1 with adapter:                  35,194 (99.4%)
  Read 2 with adapter:                  34,589 (97.7%)

== Read fate breakdown ==
Pairs discarded as untrimmed:              994 (2.8%)
Pairs written (passing filters):        34,397 (97.2%)

Total basepairs processed:    21,287,095 bp
  Read 1:    10,649,483 bp
  Read 2:    10,637,612 bp
Total written (filtered):     18,781,916 bp (88.2%)
  Read 1:     9,422,551 bp
  Read 2:     9,359,365 bp

=== First read: Adapter 1 ===

Sequence: CCTACGGGNGGCWGCAG...GATACCCBDGTAGTC; Type: linked; Length: 17+15; 5' trimmed: 35191 times; 3' trimmed: 444 times

Minimum overlap: 3+3
No. of allowed errors:
1-9 bp: 0; 10-16 bp: 1

No. of allowed errors:
1-9 bp: 0; 10-15 bp: 1

Overview of removed sequences at 5' end
length	count	expect	max.err	error counts
17	1	0.0	1	0 1
23	3	0.0	1	1 2
24	26	0.0	1	20 6
25	103	0.0	1	27 76
26	2118	0.0	1	880 1238
27	32824	0.0	1	32403 421
28	114	0.0	1	87 27
29	1	0.0	1	1
31	1	0.0	1	1



Overview of removed sequences at 3' end
length	count	expect	max.err	error counts
3	429	553.0	0	429
6	1	8.6	0	1
7	4	2.2	0	4
8	3	0.5	0	3
9	4	0.1	0	4
28	3	0.0	1	3


=== Second read: Adapter 2 ===

Sequence: GACTACHVGGGTATC...CTGCWGCCNCCCGTAGG; Type: linked; Length: 15+17; 5' trimmed: 34509 times; 3' trimmed: 4359 times

Minimum overlap: 3+3
No. of allowed errors:
1-9 bp: 0; 10-15 bp: 1

No. of allowed errors:
1-9 bp: 0; 10-16 bp: 1

Overview of removed sequences at 5' end
length	count	expect	max.err	error counts
3	3	553.0	0	3
4	6	138.2	0	6
5	1	34.6	0	1
16	1	0.0	1	1
18	1	0.0	1	1
19	2	0.0	1	1 1
20	2	0.0	1	0 2
21	1	0.0	1	1
22	5	0.0	1	4 1
23	4	0.0	1	3 1
24	17	0.0	1	14 3
25	21	0.0	1	12 9
26	110	0.0	1	41 69
27	1533	0.0	1	604 929
28	32716	0.0	1	31288 1428
29	81	0.0	1	13 68
30	1	0.0	1	1
31	4	0.0	1	3 1



Overview of removed sequences at 3' end
length	count	expect	max.err	error counts
3	1556	553.0	0	1556
4	279	138.2	0	279
5	34	34.6	0	34
6	2351	8.6	0	2351
7	94	2.2	0	94
8	9	0.5	0	9
9	26	0.1	0	26
10	1	0.0	1	1
11	3	0.0	1	0 3
12	2	0.0	1	0 2
27	4	0.0	1	2 2
Input files: raw_data_12_11_2025/678B0_S143_L001_R1_001.fastq.gz raw_data_12_11_2025/678B0_S143_L001_R2_001.fastq.gz
This is cutadapt 5.1 with Python 3.12.11
Command line parameters: -a CCTACGGGNGGCWGCAG...GATACCCBDGTAGTC -A GACTACHVGGGTATC...CTGCWGCCNCCCGTAGG --trimmed-only --cores 8 --output results/cutadapt/678B0_S143_L001_R1_001.fastq.gz --paired-output results/cutadapt/678B0_S143_L001_R2_001.fastq.gz raw_data_12_11_2025/678B0_S143_L001_R1_001.fastq.gz raw_data_12_11_2025/678B0_S143_L001_R2_001.fastq.gz
Processing paired-end reads on 8 cores ...

=== Summary ===

Total read pairs processed:             42,977
  Read 1 with adapter:                  42,743 (99.5%)
  Read 2 with adapter:                  42,054 (97.9%)

== Read fate breakdown ==
Pairs discarded as untrimmed:            1,148 (2.7%)
Pairs written (passing filters):        41,829 (97.3%)

Total basepairs processed:    25,850,054 bp
  Read 1:    12,932,148 bp
  Read 2:    12,917,906 bp
Total written (filtered):     22,838,705 bp (88.4%)
  Read 1:    11,458,382 bp
  Read 2:    11,380,323 bp

=== First read: Adapter 1 ===

Sequence: CCTACGGGNGGCWGCAG...GATACCCBDGTAGTC; Type: linked; Length: 17+15; 5' trimmed: 42741 times; 3' trimmed: 518 times

Minimum overlap: 3+3
No. of allowed errors:
1-9 bp: 0; 10-16 bp: 1

No. of allowed errors:
1-9 bp: 0; 10-15 bp: 1

Overview of removed sequences at 5' end
length	count	expect	max.err	error counts
21	1	0.0	1	1
22	2	0.0	1	2
23	5	0.0	1	1 4
24	22	0.0	1	15 7
25	125	0.0	1	37 88
26	2549	0.0	1	1010 1539
27	39891	0.0	1	39379 512
28	143	0.0	1	101 42
29	2	0.0	1	1 1
31	1	0.0	1	1



Overview of removed sequences at 3' end
length	count	expect	max.err	error counts
3	501	671.5	0	501
4	3	167.9	0	3
7	3	2.6	0	3
8	3	0.7	0	3
9	1	0.2	0	1
10	1	0.0	1	1
12	1	0.0	1	1
24	1	0.0	1	1
28	4	0.0	1	3 1


=== Second read: Adapter 2 ===

Sequence: GACTACHVGGGTATC...CTGCWGCCNCCCGTAGG; Type: linked; Length: 15+17; 5' trimmed: 41976 times; 3' trimmed: 5527 times

Minimum overlap: 3+3
No. of allowed errors:
1-9 bp: 0; 10-15 bp: 1

No. of allowed errors:
1-9 bp: 0; 10-16 bp: 1

Overview of removed sequences at 5' end
length	count	expect	max.err	error counts
3	1	671.5	0	1
4	2	167.9	0	2
9	1	0.2	0	1
10	1	0.0	1	0 1
12	1	0.0	1	1
17	1	0.0	1	0 1
18	1	0.0	1	1
20	1	0.0	1	0 1
21	5	0.0	1	3 2
22	3	0.0	1	2 1
23	9	0.0	1	8 1
24	18	0.0	1	12 6
25	19	0.0	1	8 11
26	142	0.0	1	52 90
27	1824	0.0	1	701 1123
28	39803	0.0	1	38107 1696
29	141	0.0	1	20 121
31	3	0.0	1	2 1



Overview of removed sequences at 3' end
length	count	expect	max.err	error counts
3	2163	671.5	0	2163
4	354	167.9	0	354
5	61	42.0	0	61
6	2773	10.5	0	2773
7	119	2.6	0	119
8	6	0.7	0	6
9	35	0.2	0	35
10	2	0.0	1	2
11	4	0.0	1	0 4
12	6	0.0	1	0 6
26	1	0.0	1	1
27	2	0.0	1	2
67	1	0.0	1	0 1
Input files: raw_data_12_11_2025/678B14_S144_L001_R1_001.fastq.gz raw_data_12_11_2025/678B14_S144_L001_R2_001.fastq.gz
This is cutadapt 5.1 with Python 3.12.11
Command line parameters: -a CCTACGGGNGGCWGCAG...GATACCCBDGTAGTC -A GACTACHVGGGTATC...CTGCWGCCNCCCGTAGG --trimmed-only --cores 8 --output results/cutadapt/678B14_S144_L001_R1_001.fastq.gz --paired-output results/cutadapt/678B14_S144_L001_R2_001.fastq.gz raw_data_12_11_2025/678B14_S144_L001_R1_001.fastq.gz raw_data_12_11_2025/678B14_S144_L001_R2_001.fastq.gz
Processing paired-end reads on 8 cores ...

=== Summary ===

Total read pairs processed:             51,304
  Read 1 with adapter:                  50,990 (99.4%)
  Read 2 with adapter:                  50,091 (97.6%)

== Read fate breakdown ==
Pairs discarded as untrimmed:            1,479 (2.9%)
Pairs written (passing filters):        49,825 (97.1%)

Total basepairs processed:    30,853,571 bp
  Read 1:    15,437,587 bp
  Read 2:    15,415,984 bp
Total written (filtered):     27,199,820 bp (88.2%)
  Read 1:    13,648,106 bp
  Read 2:    13,551,714 bp

=== First read: Adapter 1 ===

Sequence: CCTACGGGNGGCWGCAG...GATACCCBDGTAGTC; Type: linked; Length: 17+15; 5' trimmed: 50982 times; 3' trimmed: 813 times

Minimum overlap: 3+3
No. of allowed errors:
1-9 bp: 0; 10-16 bp: 1

No. of allowed errors:
1-9 bp: 0; 10-15 bp: 1

Overview of removed sequences at 5' end
length	count	expect	max.err	error counts
15	1	0.0	1	1
21	1	0.0	1	1
22	3	0.0	1	2 1
23	4	0.0	1	1 3
24	35	0.0	1	28 7
25	138	0.0	1	41 97
26	3119	0.0	1	1331 1788
27	47516	0.0	1	46925 591
28	164	0.0	1	120 44
29	1	0.0	1	0 1



Overview of removed sequences at 3' end
length	count	expect	max.err	error counts
3	788	801.6	0	788
4	4	200.4	0	4
6	3	12.5	0	3
7	2	3.1	0	2
8	1	0.8	0	1
9	6	0.2	0	5 1
10	1	0.0	1	1
12	3	0.0	1	2 1
16	1	0.0	1	1
28	3	0.0	1	3
272	1	0.0	1	1


=== Second read: Adapter 2 ===

Sequence: GACTACHVGGGTATC...CTGCWGCCNCCCGTAGG; Type: linked; Length: 15+17; 5' trimmed: 49976 times; 3' trimmed: 6650 times

Minimum overlap: 3+3
No. of allowed errors:
1-9 bp: 0; 10-15 bp: 1

No. of allowed errors:
1-9 bp: 0; 10-16 bp: 1

Overview of removed sequences at 5' end
length	count	expect	max.err	error counts
3	3	801.6	0	3
4	2	200.4	0	2
12	1	0.0	1	1
17	1	0.0	1	0 1
18	2	0.0	1	2
20	3	0.0	1	0 3
21	4	0.0	1	2 2
22	9	0.0	1	8 1
23	9	0.0	1	7 2
24	22	0.0	1	21 1
25	33	0.0	1	17 16
26	159	0.0	1	64 95
27	2162	0.0	1	869 1293
28	47382	0.0	1	45256 2126
29	167	0.0	1	27 140
30	1	0.0	1	0 1
31	15	0.0	1	13 2
67	1	0.0	1	0 1



Overview of removed sequences at 3' end
length	count	expect	max.err	error counts
3	2694	801.6	0	2694
4	450	200.4	0	450
5	71	50.1	0	71
6	3148	12.5	0	3148
7	223	3.1	0	223
8	14	0.8	0	14
9	41	0.2	0	41
10	3	0.0	1	3
12	2	0.0	1	0 2
13	1	0.0	1	0 1
27	1	0.0	1	1
53	1	0.0	1	1
69	1	0.0	1	0 1
Input files: raw_data_12_11_2025/681A0_S153_L001_R1_001.fastq.gz raw_data_12_11_2025/681A0_S153_L001_R2_001.fastq.gz
This is cutadapt 5.1 with Python 3.12.11
Command line parameters: -a CCTACGGGNGGCWGCAG...GATACCCBDGTAGTC -A GACTACHVGGGTATC...CTGCWGCCNCCCGTAGG --trimmed-only --cores 8 --output results/cutadapt/681A0_S153_L001_R1_001.fastq.gz --paired-output results/cutadapt/681A0_S153_L001_R2_001.fastq.gz raw_data_12_11_2025/681A0_S153_L001_R1_001.fastq.gz raw_data_12_11_2025/681A0_S153_L001_R2_001.fastq.gz
Processing paired-end reads on 8 cores ...

=== Summary ===

Total read pairs processed:             57,527
  Read 1 with adapter:                  57,204 (99.4%)
  Read 2 with adapter:                  56,312 (97.9%)

== Read fate breakdown ==
Pairs discarded as untrimmed:            1,522 (2.6%)
Pairs written (passing filters):        56,005 (97.4%)

Total basepairs processed:    34,599,986 bp
  Read 1:    17,311,410 bp
  Read 2:    17,288,576 bp
Total written (filtered):     30,582,310 bp (88.4%)
  Read 1:    15,344,441 bp
  Read 2:    15,237,869 bp

=== First read: Adapter 1 ===

Sequence: CCTACGGGNGGCWGCAG...GATACCCBDGTAGTC; Type: linked; Length: 17+15; 5' trimmed: 57193 times; 3' trimmed: 336 times

Minimum overlap: 3+3
No. of allowed errors:
1-9 bp: 0; 10-16 bp: 1

No. of allowed errors:
1-9 bp: 0; 10-15 bp: 1

Overview of removed sequences at 5' end
length	count	expect	max.err	error counts
15	1	0.0	1	1
19	1	0.0	1	1
20	1	0.0	1	1
22	2	0.0	1	1 1
23	5	0.0	1	5
24	36	0.0	1	25 11
25	159	0.0	1	45 114
26	3397	0.0	1	1416 1981
27	53397	0.0	1	52789 608
28	190	0.0	1	129 61
29	1	0.0	1	1
31	2	0.0	1	2
34	1	0.0	1	1



Overview of removed sequences at 3' end
length	count	expect	max.err	error counts
3	308	898.9	0	308
4	5	224.7	0	5
5	1	56.2	0	1
6	5	14.0	0	5
7	2	3.5	0	2
8	5	0.9	0	5
9	2	0.2	0	1 1
10	1	0.1	1	1
24	1	0.0	1	1
28	6	0.0	1	6


=== Second read: Adapter 2 ===

Sequence: GACTACHVGGGTATC...CTGCWGCCNCCCGTAGG; Type: linked; Length: 15+17; 5' trimmed: 56183 times; 3' trimmed: 6853 times

Minimum overlap: 3+3
No. of allowed errors:
1-9 bp: 0; 10-15 bp: 1

No. of allowed errors:
1-9 bp: 0; 10-16 bp: 1

Overview of removed sequences at 5' end
length	count	expect	max.err	error counts
3	27	898.9	0	27
11	1	0.0	1	1
16	2	0.0	1	2
17	4	0.0	1	2 2
18	2	0.0	1	1 1
19	3	0.0	1	1 2
20	6	0.0	1	3 3
21	4	0.0	1	0 4
22	8	0.0	1	6 2
23	6	0.0	1	4 2
24	21	0.0	1	17 4
25	45	0.0	1	27 18
26	197	0.0	1	85 112
27	2426	0.0	1	953 1473
28	53255	0.0	1	50994 2261
29	162	0.0	1	16 146
31	13	0.0	1	11 2
63	1	0.0	1	0 1



Overview of removed sequences at 3' end
length	count	expect	max.err	error counts
3	2543	898.9	0	2543
4	423	224.7	0	423
5	66	56.2	0	66
6	3560	14.0	0	3560
7	179	3.5	0	179
8	19	0.9	0	19
9	37	0.2	0	37
11	4	0.0	1	0 4
12	4	0.0	1	0 4
13	1	0.0	1	0 1
27	2	0.0	1	2
113	4	0.0	1	4
116	1	0.0	1	1
117	2	0.0	1	1 1
118	3	0.0	1	2 1
135	3	0.0	1	3
136	1	0.0	1	1
137	1	0.0	1	1
Input files: raw_data_12_11_2025/681A14_S154_L001_R1_001.fastq.gz raw_data_12_11_2025/681A14_S154_L001_R2_001.fastq.gz
This is cutadapt 5.1 with Python 3.12.11
Command line parameters: -a CCTACGGGNGGCWGCAG...GATACCCBDGTAGTC -A GACTACHVGGGTATC...CTGCWGCCNCCCGTAGG --trimmed-only --cores 8 --output results/cutadapt/681A14_S154_L001_R1_001.fastq.gz --paired-output results/cutadapt/681A14_S154_L001_R2_001.fastq.gz raw_data_12_11_2025/681A14_S154_L001_R1_001.fastq.gz raw_data_12_11_2025/681A14_S154_L001_R2_001.fastq.gz
Processing paired-end reads on 8 cores ...

=== Summary ===

Total read pairs processed:             45,271
  Read 1 with adapter:                  45,010 (99.4%)
  Read 2 with adapter:                  44,262 (97.8%)

== Read fate breakdown ==
Pairs discarded as untrimmed:            1,255 (2.8%)
Pairs written (passing filters):        44,016 (97.2%)

Total basepairs processed:    27,232,947 bp
  Read 1:    13,623,245 bp
  Read 2:    13,609,702 bp
Total written (filtered):     24,039,083 bp (88.3%)
  Read 1:    12,059,446 bp
  Read 2:    11,979,637 bp

=== First read: Adapter 1 ===

Sequence: CCTACGGGNGGCWGCAG...GATACCCBDGTAGTC; Type: linked; Length: 17+15; 5' trimmed: 45003 times; 3' trimmed: 280 times

Minimum overlap: 3+3
No. of allowed errors:
1-9 bp: 0; 10-16 bp: 1

No. of allowed errors:
1-9 bp: 0; 10-15 bp: 1

Overview of removed sequences at 5' end
length	count	expect	max.err	error counts
22	4	0.0	1	3 1
23	3	0.0	1	2 1
24	28	0.0	1	25 3
25	116	0.0	1	33 83
26	2687	0.0	1	1128 1559
27	42027	0.0	1	41531 496
28	138	0.0	1	95 43



Overview of removed sequences at 3' end
length	count	expect	max.err	error counts
3	258	707.4	0	258
4	5	176.8	0	5
6	3	11.1	0	3
7	3	2.8	0	3
8	4	0.7	0	4
9	1	0.2	0	1
10	1	0.0	1	1
11	1	0.0	1	1
12	1	0.0	1	1
28	3	0.0	1	3


=== Second read: Adapter 2 ===

Sequence: GACTACHVGGGTATC...CTGCWGCCNCCCGTAGG; Type: linked; Length: 15+17; 5' trimmed: 44167 times; 3' trimmed: 5313 times

Minimum overlap: 3+3
No. of allowed errors:
1-9 bp: 0; 10-15 bp: 1

No. of allowed errors:
1-9 bp: 0; 10-16 bp: 1

Overview of removed sequences at 5' end
length	count	expect	max.err	error counts
3	21	707.4	0	21
4	5	176.8	0	5
7	1	2.8	0	1
13	1	0.0	1	0 1
18	1	0.0	1	1
19	1	0.0	1	0 1
20	1	0.0	1	1
21	3	0.0	1	3
22	4	0.0	1	3 1
23	12	0.0	1	10 2
24	14	0.0	1	10 4
25	24	0.0	1	12 12
26	148	0.0	1	75 73
27	1847	0.0	1	729 1118
28	41928	0.0	1	40120 1808
29	143	0.0	1	22 121
30	1	0.0	1	0 1
31	12	0.0	1	9 3



Overview of removed sequences at 3' end
length	count	expect	max.err	error counts
3	1751	707.4	0	1751
4	278	176.8	0	278
5	59	44.2	0	59
6	3077	11.1	0	3077
7	95	2.8	0	95
8	3	0.7	0	3
9	28	0.2	0	28
11	1	0.0	1	0 1
12	4	0.0	1	0 4
13	1	0.0	1	0 1
27	3	0.0	1	3
75	1	0.0	1	0 1
112	1	0.0	1	1
113	1	0.0	1	1
116	1	0.0	1	1
117	4	0.0	1	4
133	1	0.0	1	0 1
135	2	0.0	1	2
136	1	0.0	1	1
138	1	0.0	1	1
Input files: raw_data_12_11_2025/681B0_S155_L001_R1_001.fastq.gz raw_data_12_11_2025/681B0_S155_L001_R2_001.fastq.gz
This is cutadapt 5.1 with Python 3.12.11
Command line parameters: -a CCTACGGGNGGCWGCAG...GATACCCBDGTAGTC -A GACTACHVGGGTATC...CTGCWGCCNCCCGTAGG --trimmed-only --cores 8 --output results/cutadapt/681B0_S155_L001_R1_001.fastq.gz --paired-output results/cutadapt/681B0_S155_L001_R2_001.fastq.gz raw_data_12_11_2025/681B0_S155_L001_R1_001.fastq.gz raw_data_12_11_2025/681B0_S155_L001_R2_001.fastq.gz
Processing paired-end reads on 8 cores ...

=== Summary ===

Total read pairs processed:             38,055
  Read 1 with adapter:                  37,813 (99.4%)
  Read 2 with adapter:                  37,162 (97.7%)

== Read fate breakdown ==
Pairs discarded as untrimmed:            1,123 (3.0%)
Pairs written (passing filters):        36,932 (97.0%)

Total basepairs processed:    22,889,183 bp
  Read 1:    11,450,842 bp
  Read 2:    11,438,341 bp
Total written (filtered):     20,165,279 bp (88.1%)
  Read 1:    10,117,425 bp
  Read 2:    10,047,854 bp

=== First read: Adapter 1 ===

Sequence: CCTACGGGNGGCWGCAG...GATACCCBDGTAGTC; Type: linked; Length: 17+15; 5' trimmed: 37805 times; 3' trimmed: 209 times

Minimum overlap: 3+3
No. of allowed errors:
1-9 bp: 0; 10-16 bp: 1

No. of allowed errors:
1-9 bp: 0; 10-15 bp: 1

Overview of removed sequences at 5' end
length	count	expect	max.err	error counts
22	2	0.0	1	1 1
23	2	0.0	1	1 1
24	26	0.0	1	25 1
25	100	0.0	1	31 69
26	2206	0.0	1	882 1324
27	35348	0.0	1	34947 401
28	120	0.0	1	85 35
29	1	0.0	1	1



Overview of removed sequences at 3' end
length	count	expect	max.err	error counts
3	191	594.6	0	191
6	5	9.3	0	5
7	3	2.3	0	3
9	1	0.1	0	1
10	1	0.0	1	0 1
12	1	0.0	1	1
28	7	0.0	1	7


=== Second read: Adapter 2 ===

Sequence: GACTACHVGGGTATC...CTGCWGCCNCCCGTAGG; Type: linked; Length: 15+17; 5' trimmed: 37093 times; 3' trimmed: 4733 times

Minimum overlap: 3+3
No. of allowed errors:
1-9 bp: 0; 10-15 bp: 1

No. of allowed errors:
1-9 bp: 0; 10-16 bp: 1

Overview of removed sequences at 5' end
length	count	expect	max.err	error counts
3	28	594.6	0	28
4	3	148.7	0	3
6	1	9.3	0	1
11	1	0.0	1	0 1
14	1	0.0	1	1
20	2	0.0	1	0 2
21	4	0.0	1	3 1
23	2	0.0	1	1 1
24	13	0.0	1	10 3
25	24	0.0	1	7 17
26	123	0.0	1	48 75
27	1583	0.0	1	658 925
28	35180	0.0	1	33679 1501
29	116	0.0	1	20 96
31	12	0.0	1	10 2



Overview of removed sequences at 3' end
length	count	expect	max.err	error counts
3	1662	594.6	0	1662
4	272	148.7	0	272
5	41	37.2	0	41
6	2623	9.3	0	2623
7	75	2.3	0	75
8	5	0.6	0	5
9	25	0.1	0	25
10	1	0.0	1	1
11	2	0.0	1	0 2
12	2	0.0	1	0 2
13	2	0.0	1	0 2
24	1	0.0	1	1
26	2	0.0	1	0 2
27	4	0.0	1	2 2
112	1	0.0	1	1
113	1	0.0	1	1
116	1	0.0	1	1
117	8	0.0	1	6 2
118	1	0.0	1	1
137	3	0.0	1	2 1
138	1	0.0	1	0 1
Input files: raw_data_12_11_2025/681B14_S156_L001_R1_001.fastq.gz raw_data_12_11_2025/681B14_S156_L001_R2_001.fastq.gz
This is cutadapt 5.1 with Python 3.12.11
Command line parameters: -a CCTACGGGNGGCWGCAG...GATACCCBDGTAGTC -A GACTACHVGGGTATC...CTGCWGCCNCCCGTAGG --trimmed-only --cores 8 --output results/cutadapt/681B14_S156_L001_R1_001.fastq.gz --paired-output results/cutadapt/681B14_S156_L001_R2_001.fastq.gz raw_data_12_11_2025/681B14_S156_L001_R1_001.fastq.gz raw_data_12_11_2025/681B14_S156_L001_R2_001.fastq.gz
Processing paired-end reads on 8 cores ...

=== Summary ===

Total read pairs processed:             37,913
  Read 1 with adapter:                  37,701 (99.4%)
  Read 2 with adapter:                  37,009 (97.6%)

== Read fate breakdown ==
Pairs discarded as untrimmed:            1,101 (2.9%)
Pairs written (passing filters):        36,812 (97.1%)

Total basepairs processed:    22,802,958 bp
  Read 1:    11,408,124 bp
  Read 2:    11,394,834 bp
Total written (filtered):     20,100,574 bp (88.1%)
  Read 1:    10,084,802 bp
  Read 2:    10,015,772 bp

=== First read: Adapter 1 ===

Sequence: CCTACGGGNGGCWGCAG...GATACCCBDGTAGTC; Type: linked; Length: 17+15; 5' trimmed: 37695 times; 3' trimmed: 269 times

Minimum overlap: 3+3
No. of allowed errors:
1-9 bp: 0; 10-16 bp: 1

No. of allowed errors:
1-9 bp: 0; 10-15 bp: 1

Overview of removed sequences at 5' end
length	count	expect	max.err	error counts
5	1	37.0	0	1
16	1	0.0	1	1
17	1	0.0	1	1
20	1	0.0	1	1
21	2	0.0	1	2
23	4	0.0	1	2 2
24	33	0.0	1	29 4
25	118	0.0	1	35 83
26	2249	0.0	1	917 1332
27	35155	0.0	1	34774 381
28	129	0.0	1	89 40
29	1	0.0	1	1



Overview of removed sequences at 3' end
length	count	expect	max.err	error counts
3	260	592.4	0	260
4	1	148.1	0	1
7	1	2.3	0	1
9	1	0.1	0	1
11	1	0.0	1	1
12	1	0.0	1	0 1
28	4	0.0	1	4


=== Second read: Adapter 2 ===

Sequence: GACTACHVGGGTATC...CTGCWGCCNCCCGTAGG; Type: linked; Length: 15+17; 5' trimmed: 36928 times; 3' trimmed: 4636 times

Minimum overlap: 3+3
No. of allowed errors:
1-9 bp: 0; 10-15 bp: 1

No. of allowed errors:
1-9 bp: 0; 10-16 bp: 1

Overview of removed sequences at 5' end
length	count	expect	max.err	error counts
3	18	592.4	0	18
4	1	148.1	0	1
6	2	9.3	0	2
12	1	0.0	1	1
17	1	0.0	1	1
21	6	0.0	1	5 1
22	2	0.0	1	1 1
23	10	0.0	1	9 1
24	13	0.0	1	9 4
25	28	0.0	1	12 16
26	126	0.0	1	46 80
27	1615	0.0	1	633 982
28	34977	0.0	1	33417 1560
29	117	0.0	1	18 99
30	1	0.0	1	1
31	10	0.0	1	10



Overview of removed sequences at 3' end
length	count	expect	max.err	error counts
3	1725	592.4	0	1725
4	306	148.1	0	306
5	43	37.0	0	43
6	2412	9.3	0	2412
7	104	2.3	0	104
8	11	0.6	0	11
9	17	0.1	0	17
10	2	0.0	1	2
11	2	0.0	1	0 2
26	1	0.0	1	0 1
27	2	0.0	1	2
112	1	0.0	1	0 1
116	1	0.0	1	1
117	6	0.0	1	5 1
137	3	0.0	1	3
Input files: raw_data_12_11_2025/682A0_S145_L001_R1_001.fastq.gz raw_data_12_11_2025/682A0_S145_L001_R2_001.fastq.gz
This is cutadapt 5.1 with Python 3.12.11
Command line parameters: -a CCTACGGGNGGCWGCAG...GATACCCBDGTAGTC -A GACTACHVGGGTATC...CTGCWGCCNCCCGTAGG --trimmed-only --cores 8 --output results/cutadapt/682A0_S145_L001_R1_001.fastq.gz --paired-output results/cutadapt/682A0_S145_L001_R2_001.fastq.gz raw_data_12_11_2025/682A0_S145_L001_R1_001.fastq.gz raw_data_12_11_2025/682A0_S145_L001_R2_001.fastq.gz
Processing paired-end reads on 8 cores ...

=== Summary ===

Total read pairs processed:             59,288
  Read 1 with adapter:                  58,977 (99.5%)
  Read 2 with adapter:                  57,969 (97.8%)

== Read fate breakdown ==
Pairs discarded as untrimmed:            1,617 (2.7%)
Pairs written (passing filters):        57,671 (97.3%)

Total basepairs processed:    35,653,931 bp
  Read 1:    17,837,560 bp
  Read 2:    17,816,371 bp
Total written (filtered):     31,483,143 bp (88.3%)
  Read 1:    15,795,410 bp
  Read 2:    15,687,733 bp

=== First read: Adapter 1 ===

Sequence: CCTACGGGNGGCWGCAG...GATACCCBDGTAGTC; Type: linked; Length: 17+15; 5' trimmed: 58967 times; 3' trimmed: 604 times

Minimum overlap: 3+3
No. of allowed errors:
1-9 bp: 0; 10-16 bp: 1

No. of allowed errors:
1-9 bp: 0; 10-15 bp: 1

Overview of removed sequences at 5' end
length	count	expect	max.err	error counts
15	1	0.0	1	1
20	1	0.0	1	1
21	2	0.0	1	2
22	3	0.0	1	3
23	3	0.0	1	2 1
24	25	0.0	1	20 5
25	173	0.0	1	59 114
26	3512	0.0	1	1472 2040
27	55074	0.0	1	54447 627
28	171	0.0	1	124 47
29	2	0.0	1	2



Overview of removed sequences at 3' end
length	count	expect	max.err	error counts
3	557	926.4	0	557
4	6	231.6	0	6
6	3	14.5	0	3
7	6	3.6	0	6
8	3	0.9	0	3
9	4	0.2	0	3 1
10	2	0.1	1	0 2
11	2	0.0	1	1 1
12	1	0.0	1	1
24	1	0.0	1	1
28	16	0.0	1	16
29	1	0.0	1	1
73	1	0.0	1	1
121	1	0.0	1	1


=== Second read: Adapter 2 ===

Sequence: GACTACHVGGGTATC...CTGCWGCCNCCCGTAGG; Type: linked; Length: 15+17; 5' trimmed: 57838 times; 3' trimmed: 7332 times

Minimum overlap: 3+3
No. of allowed errors:
1-9 bp: 0; 10-15 bp: 1

No. of allowed errors:
1-9 bp: 0; 10-16 bp: 1

Overview of removed sequences at 5' end
length	count	expect	max.err	error counts
3	7	926.4	0	7
4	8	231.6	0	8
10	1	0.1	1	0 1
13	1	0.0	1	0 1
14	2	0.0	1	1 1
17	2	0.0	1	2
18	1	0.0	1	1
19	1	0.0	1	0 1
20	6	0.0	1	3 3
21	6	0.0	1	4 2
22	12	0.0	1	8 4
23	12	0.0	1	9 3
24	23	0.0	1	19 4
25	32	0.0	1	16 16
26	195	0.0	1	75 120
27	2439	0.0	1	963 1476
28	54897	0.0	1	52648 2249
29	188	0.0	1	27 161
31	4	0.0	1	2 2
66	1	0.0	1	0 1



Overview of removed sequences at 3' end
length	count	expect	max.err	error counts
3	2799	926.4	0	2799
4	509	231.6	0	509
5	80	57.9	0	80
6	3644	14.5	0	3644
7	225	3.6	0	225
8	14	0.9	0	14
9	40	0.2	0	40
11	5	0.0	1	0 5
12	2	0.0	1	0 2
13	3	0.0	1	0 3
22	1	0.0	1	0 1
27	6	0.0	1	3 3
76	1	0.0	1	0 1
119	2	0.0	1	0 2
168	1	0.0	1	1
Input files: raw_data_12_11_2025/682A14_S146_L001_R1_001.fastq.gz raw_data_12_11_2025/682A14_S146_L001_R2_001.fastq.gz
This is cutadapt 5.1 with Python 3.12.11
Command line parameters: -a CCTACGGGNGGCWGCAG...GATACCCBDGTAGTC -A GACTACHVGGGTATC...CTGCWGCCNCCCGTAGG --trimmed-only --cores 8 --output results/cutadapt/682A14_S146_L001_R1_001.fastq.gz --paired-output results/cutadapt/682A14_S146_L001_R2_001.fastq.gz raw_data_12_11_2025/682A14_S146_L001_R1_001.fastq.gz raw_data_12_11_2025/682A14_S146_L001_R2_001.fastq.gz
Processing paired-end reads on 8 cores ...

=== Summary ===

Total read pairs processed:             43,102
  Read 1 with adapter:                  42,879 (99.5%)
  Read 2 with adapter:                  42,191 (97.9%)

== Read fate breakdown ==
Pairs discarded as untrimmed:            1,126 (2.6%)
Pairs written (passing filters):        41,976 (97.4%)

Total basepairs processed:    25,922,020 bp
  Read 1:    12,968,459 bp
  Read 2:    12,953,561 bp
Total written (filtered):     22,917,053 bp (88.4%)
  Read 1:    11,497,452 bp
  Read 2:    11,419,601 bp

=== First read: Adapter 1 ===

Sequence: CCTACGGGNGGCWGCAG...GATACCCBDGTAGTC; Type: linked; Length: 17+15; 5' trimmed: 42871 times; 3' trimmed: 390 times

Minimum overlap: 3+3
No. of allowed errors:
1-9 bp: 0; 10-16 bp: 1

No. of allowed errors:
1-9 bp: 0; 10-15 bp: 1

Overview of removed sequences at 5' end
length	count	expect	max.err	error counts
18	1	0.0	1	1
19	1	0.0	1	1
21	1	0.0	1	1
22	2	0.0	1	2
23	1	0.0	1	0 1
24	21	0.0	1	15 6
25	129	0.0	1	37 92
26	2528	0.0	1	1044 1484
27	40067	0.0	1	39618 449
28	119	0.0	1	75 44
31	1	0.0	1	1



Overview of removed sequences at 3' end
length	count	expect	max.err	error counts
3	365	673.5	0	365
4	2	168.4	0	2
5	1	42.1	0	1
6	4	10.5	0	4
7	2	2.6	0	2
8	1	0.7	0	1
9	2	0.2	0	2
21	1	0.0	1	1
28	9	0.0	1	9
78	1	0.0	1	1
120	1	0.0	1	1
140	1	0.0	1	1


=== Second read: Adapter 2 ===

Sequence: GACTACHVGGGTATC...CTGCWGCCNCCCGTAGG; Type: linked; Length: 15+17; 5' trimmed: 42112 times; 3' trimmed: 5254 times

Minimum overlap: 3+3
No. of allowed errors:
1-9 bp: 0; 10-15 bp: 1

No. of allowed errors:
1-9 bp: 0; 10-16 bp: 1

Overview of removed sequences at 5' end
length	count	expect	max.err	error counts
3	1	673.5	0	1
4	6	168.4	0	6
10	1	0.0	1	1
11	1	0.0	1	0 1
17	1	0.0	1	1
18	1	0.0	1	0 1
19	1	0.0	1	0 1
20	5	0.0	1	3 2
21	2	0.0	1	2
22	5	0.0	1	5
23	2	0.0	1	1 1
24	15	0.0	1	10 5
25	33	0.0	1	18 15
26	134	0.0	1	54 80
27	1827	0.0	1	687 1140
28	39956	0.0	1	38268 1688
29	117	0.0	1	18 99
31	3	0.0	1	1 2
61	1	0.0	1	0 1



Overview of removed sequences at 3' end
length	count	expect	max.err	error counts
3	1989	673.5	0	1989
4	337	168.4	0	337
5	67	42.1	0	67
6	2654	10.5	0	2654
7	156	2.6	0	156
8	11	0.7	0	11
9	29	0.2	0	29
10	3	0.0	1	3
13	1	0.0	1	0 1
21	1	0.0	1	0 1
26	1	0.0	1	1
27	5	0.0	1	2 3
Input files: raw_data_12_11_2025/682B0_S147_L001_R1_001.fastq.gz raw_data_12_11_2025/682B0_S147_L001_R2_001.fastq.gz
This is cutadapt 5.1 with Python 3.12.11
Command line parameters: -a CCTACGGGNGGCWGCAG...GATACCCBDGTAGTC -A GACTACHVGGGTATC...CTGCWGCCNCCCGTAGG --trimmed-only --cores 8 --output results/cutadapt/682B0_S147_L001_R1_001.fastq.gz --paired-output results/cutadapt/682B0_S147_L001_R2_001.fastq.gz raw_data_12_11_2025/682B0_S147_L001_R1_001.fastq.gz raw_data_12_11_2025/682B0_S147_L001_R2_001.fastq.gz
Processing paired-end reads on 8 cores ...

=== Summary ===

Total read pairs processed:             49,807
  Read 1 with adapter:                  49,555 (99.5%)
  Read 2 with adapter:                  48,778 (97.9%)

== Read fate breakdown ==
Pairs discarded as untrimmed:            1,277 (2.6%)
Pairs written (passing filters):        48,530 (97.4%)

Total basepairs processed:    29,959,447 bp
  Read 1:    14,988,152 bp
  Read 2:    14,971,295 bp
Total written (filtered):     26,500,580 bp (88.5%)
  Read 1:    13,295,453 bp
  Read 2:    13,205,127 bp

=== First read: Adapter 1 ===

Sequence: CCTACGGGNGGCWGCAG...GATACCCBDGTAGTC; Type: linked; Length: 17+15; 5' trimmed: 49550 times; 3' trimmed: 308 times

Minimum overlap: 3+3
No. of allowed errors:
1-9 bp: 0; 10-16 bp: 1

No. of allowed errors:
1-9 bp: 0; 10-15 bp: 1

Overview of removed sequences at 5' end
length	count	expect	max.err	error counts
17	1	0.0	1	0 1
19	2	0.0	1	2
20	2	0.0	1	2
21	1	0.0	1	0 1
22	2	0.0	1	1 1
23	2	0.0	1	0 2
24	29	0.0	1	21 8
25	142	0.0	1	34 108
26	2870	0.0	1	1222 1648
27	46350	0.0	1	45822 528
28	149	0.0	1	107 42



Overview of removed sequences at 3' end
length	count	expect	max.err	error counts
3	292	778.2	0	292
4	4	194.6	0	4
6	1	12.2	0	1
7	2	3.0	0	2
8	1	0.8	0	1
9	1	0.2	0	1
10	1	0.0	1	0 1
12	1	0.0	1	1
28	4	0.0	1	3 1
264	1	0.0	1	1


=== Second read: Adapter 2 ===

Sequence: GACTACHVGGGTATC...CTGCWGCCNCCCGTAGG; Type: linked; Length: 15+17; 5' trimmed: 48659 times; 3' trimmed: 6239 times

Minimum overlap: 3+3
No. of allowed errors:
1-9 bp: 0; 10-15 bp: 1

No. of allowed errors:
1-9 bp: 0; 10-16 bp: 1

Overview of removed sequences at 5' end
length	count	expect	max.err	error counts
3	3	778.2	0	3
4	7	194.6	0	7
10	2	0.0	1	2
11	1	0.0	1	0 1
16	1	0.0	1	1
17	1	0.0	1	0 1
18	1	0.0	1	1
19	2	0.0	1	1 1
20	2	0.0	1	1 1
22	1	0.0	1	1
23	9	0.0	1	8 1
24	11	0.0	1	6 5
25	25	0.0	1	17 8
26	143	0.0	1	56 87
27	2053	0.0	1	805 1248
28	46245	0.0	1	44251 1994
29	150	0.0	1	23 127
31	1	0.0	1	0 1
68	1	0.0	1	0 1



Overview of removed sequences at 3' end
length	count	expect	max.err	error counts
3	2317	778.2	0	2317
4	369	194.6	0	369
5	65	48.6	0	65
6	3309	12.2	0	3309
7	134	3.0	0	134
8	8	0.8	0	8
9	31	0.2	0	31
11	1	0.0	1	0 1
12	2	0.0	1	0 2
13	1	0.0	1	0 1
27	1	0.0	1	1
78	1	0.0	1	0 1
Input files: raw_data_12_11_2025/682B14_S148_L001_R1_001.fastq.gz raw_data_12_11_2025/682B14_S148_L001_R2_001.fastq.gz
This is cutadapt 5.1 with Python 3.12.11
Command line parameters: -a CCTACGGGNGGCWGCAG...GATACCCBDGTAGTC -A GACTACHVGGGTATC...CTGCWGCCNCCCGTAGG --trimmed-only --cores 8 --output results/cutadapt/682B14_S148_L001_R1_001.fastq.gz --paired-output results/cutadapt/682B14_S148_L001_R2_001.fastq.gz raw_data_12_11_2025/682B14_S148_L001_R1_001.fastq.gz raw_data_12_11_2025/682B14_S148_L001_R2_001.fastq.gz
Processing paired-end reads on 8 cores ...

=== Summary ===

Total read pairs processed:             34,697
  Read 1 with adapter:                  34,527 (99.5%)
  Read 2 with adapter:                  33,866 (97.6%)

== Read fate breakdown ==
Pairs discarded as untrimmed:              989 (2.9%)
Pairs written (passing filters):        33,708 (97.1%)

Total basepairs processed:    20,864,218 bp
  Read 1:    10,438,703 bp
  Read 2:    10,425,515 bp
Total written (filtered):     18,400,807 bp (88.2%)
  Read 1:     9,232,200 bp
  Read 2:     9,168,607 bp

=== First read: Adapter 1 ===

Sequence: CCTACGGGNGGCWGCAG...GATACCCBDGTAGTC; Type: linked; Length: 17+15; 5' trimmed: 34517 times; 3' trimmed: 274 times

Minimum overlap: 3+3
No. of allowed errors:
1-9 bp: 0; 10-16 bp: 1

No. of allowed errors:
1-9 bp: 0; 10-15 bp: 1

Overview of removed sequences at 5' end
length	count	expect	max.err	error counts
20	1	0.0	1	1
22	1	0.0	1	0 1
23	4	0.0	1	1 3
24	24	0.0	1	17 7
25	113	0.0	1	27 86
26	2082	0.0	1	890 1192
27	32189	0.0	1	31803 386
28	100	0.0	1	69 31
29	2	0.0	1	1 1
34	1	0.0	1	1



Overview of removed sequences at 3' end
length	count	expect	max.err	error counts
3	249	542.1	0	249
4	3	135.5	0	3
7	3	2.1	0	3
8	2	0.5	0	2
9	2	0.1	0	1 1
28	14	0.0	1	14
140	1	0.0	1	1


=== Second read: Adapter 2 ===

Sequence: GACTACHVGGGTATC...CTGCWGCCNCCCGTAGG; Type: linked; Length: 15+17; 5' trimmed: 33804 times; 3' trimmed: 4205 times

Minimum overlap: 3+3
No. of allowed errors:
1-9 bp: 0; 10-15 bp: 1

No. of allowed errors:
1-9 bp: 0; 10-16 bp: 1

Overview of removed sequences at 5' end
length	count	expect	max.err	error counts
3	2	542.1	0	2
4	1	135.5	0	1
12	1	0.0	1	0 1
16	1	0.0	1	0 1
18	1	0.0	1	1
19	2	0.0	1	2
20	2	0.0	1	2
21	1	0.0	1	1
22	6	0.0	1	5 1
23	7	0.0	1	6 1
24	11	0.0	1	8 3
25	20	0.0	1	10 10
26	118	0.0	1	48 70
27	1469	0.0	1	577 892
28	32043	0.0	1	30654 1389
29	115	0.0	1	13 102
31	4	0.0	1	4



Overview of removed sequences at 3' end
length	count	expect	max.err	error counts
3	1676	542.1	0	1676
4	344	135.5	0	344
5	50	33.9	0	50
6	1950	8.5	0	1950
7	139	2.1	0	139
8	15	0.5	0	15
9	23	0.1	0	23
10	2	0.0	1	1 1
27	6	0.0	1	2 4
Input files: raw_data_12_11_2025/688A0_S137_L001_R1_001.fastq.gz raw_data_12_11_2025/688A0_S137_L001_R2_001.fastq.gz
This is cutadapt 5.1 with Python 3.12.11
Command line parameters: -a CCTACGGGNGGCWGCAG...GATACCCBDGTAGTC -A GACTACHVGGGTATC...CTGCWGCCNCCCGTAGG --trimmed-only --cores 8 --output results/cutadapt/688A0_S137_L001_R1_001.fastq.gz --paired-output results/cutadapt/688A0_S137_L001_R2_001.fastq.gz raw_data_12_11_2025/688A0_S137_L001_R1_001.fastq.gz raw_data_12_11_2025/688A0_S137_L001_R2_001.fastq.gz
Processing paired-end reads on 8 cores ...

=== Summary ===

Total read pairs processed:             26,509
  Read 1 with adapter:                  26,359 (99.4%)
  Read 2 with adapter:                  25,829 (97.4%)

== Read fate breakdown ==
Pairs discarded as untrimmed:              823 (3.1%)
Pairs written (passing filters):        25,686 (96.9%)

Total basepairs processed:    15,947,110 bp
  Read 1:     7,977,322 bp
  Read 2:     7,969,788 bp
Total written (filtered):     14,029,114 bp (88.0%)
  Read 1:     7,037,234 bp
  Read 2:     6,991,880 bp

=== First read: Adapter 1 ===

Sequence: CCTACGGGNGGCWGCAG...GATACCCBDGTAGTC; Type: linked; Length: 17+15; 5' trimmed: 26359 times; 3' trimmed: 150 times

Minimum overlap: 3+3
No. of allowed errors:
1-9 bp: 0; 10-16 bp: 1

No. of allowed errors:
1-9 bp: 0; 10-15 bp: 1

Overview of removed sequences at 5' end
length	count	expect	max.err	error counts
23	4	0.0	1	3 1
24	21	0.0	1	18 3
25	64	0.0	1	20 44
26	1616	0.0	1	686 930
27	24560	0.0	1	24267 293
28	93	0.0	1	64 29
29	1	0.0	1	0 1



Overview of removed sequences at 3' end
length	count	expect	max.err	error counts
3	137	414.2	0	137
4	3	103.6	0	3
6	3	6.5	0	3
7	2	1.6	0	2
28	5	0.0	1	5


=== Second read: Adapter 2 ===

Sequence: GACTACHVGGGTATC...CTGCWGCCNCCCGTAGG; Type: linked; Length: 15+17; 5' trimmed: 25776 times; 3' trimmed: 2994 times

Minimum overlap: 3+3
No. of allowed errors:
1-9 bp: 0; 10-15 bp: 1

No. of allowed errors:
1-9 bp: 0; 10-16 bp: 1

Overview of removed sequences at 5' end
length	count	expect	max.err	error counts
3	2	414.2	0	2
4	1	103.6	0	1
19	1	0.0	1	1
20	2	0.0	1	1 1
21	5	0.0	1	4 1
22	2	0.0	1	2
23	3	0.0	1	2 1
24	9	0.0	1	7 2
25	20	0.0	1	7 13
26	83	0.0	1	36 47
27	1177	0.0	1	468 709
28	24383	0.0	1	23289 1094
29	83	0.0	1	8 75
31	5	0.0	1	4 1



Overview of removed sequences at 3' end
length	count	expect	max.err	error counts
3	1077	414.2	0	1077
4	152	103.6	0	152
5	30	25.9	0	30
6	1679	6.5	0	1679
7	36	1.6	0	36
9	13	0.1	0	13
10	2	0.0	1	2
27	5	0.0	1	1 4
Input files: raw_data_12_11_2025/688A14_S138_L001_R1_001.fastq.gz raw_data_12_11_2025/688A14_S138_L001_R2_001.fastq.gz
This is cutadapt 5.1 with Python 3.12.11
Command line parameters: -a CCTACGGGNGGCWGCAG...GATACCCBDGTAGTC -A GACTACHVGGGTATC...CTGCWGCCNCCCGTAGG --trimmed-only --cores 8 --output results/cutadapt/688A14_S138_L001_R1_001.fastq.gz --paired-output results/cutadapt/688A14_S138_L001_R2_001.fastq.gz raw_data_12_11_2025/688A14_S138_L001_R1_001.fastq.gz raw_data_12_11_2025/688A14_S138_L001_R2_001.fastq.gz
Processing paired-end reads on 8 cores ...

=== Summary ===

Total read pairs processed:             22,900
  Read 1 with adapter:                  22,778 (99.5%)
  Read 2 with adapter:                  22,425 (97.9%)

== Read fate breakdown ==
Pairs discarded as untrimmed:              591 (2.6%)
Pairs written (passing filters):        22,309 (97.4%)

Total basepairs processed:    13,775,638 bp
  Read 1:     6,890,980 bp
  Read 2:     6,884,658 bp
Total written (filtered):     12,183,361 bp (88.4%)
  Read 1:     6,111,843 bp
  Read 2:     6,071,518 bp

=== First read: Adapter 1 ===

Sequence: CCTACGGGNGGCWGCAG...GATACCCBDGTAGTC; Type: linked; Length: 17+15; 5' trimmed: 22777 times; 3' trimmed: 98 times

Minimum overlap: 3+3
No. of allowed errors:
1-9 bp: 0; 10-16 bp: 1

No. of allowed errors:
1-9 bp: 0; 10-15 bp: 1

Overview of removed sequences at 5' end
length	count	expect	max.err	error counts
20	1	0.0	1	1
23	3	0.0	1	3
24	20	0.0	1	19 1
25	69	0.0	1	22 47
26	1347	0.0	1	552 795
27	21243	0.0	1	20958 285
28	94	0.0	1	71 23



Overview of removed sequences at 3' end
length	count	expect	max.err	error counts
3	92	357.8	0	92
4	2	89.5	0	2
27	1	0.0	1	0 1
28	3	0.0	1	3


=== Second read: Adapter 2 ===

Sequence: GACTACHVGGGTATC...CTGCWGCCNCCCGTAGG; Type: linked; Length: 15+17; 5' trimmed: 22374 times; 3' trimmed: 2742 times

Minimum overlap: 3+3
No. of allowed errors:
1-9 bp: 0; 10-15 bp: 1

No. of allowed errors:
1-9 bp: 0; 10-16 bp: 1

Overview of removed sequences at 5' end
length	count	expect	max.err	error counts
3	3	357.8	0	3
4	4	89.5	0	4
5	1	22.4	0	1
17	1	0.0	1	1
19	1	0.0	1	0 1
21	1	0.0	1	1
22	2	0.0	1	2
23	4	0.0	1	3 1
24	6	0.0	1	4 2
25	18	0.0	1	14 4
26	82	0.0	1	29 53
27	962	0.0	1	382 580
28	21214	0.0	1	20295 919
29	67	0.0	1	13 54
30	1	0.0	1	0 1
31	7	0.0	1	6 1



Overview of removed sequences at 3' end
length	count	expect	max.err	error counts
3	931	357.8	0	931
4	163	89.5	0	163
5	37	22.4	0	37
6	1555	5.6	0	1555
7	33	1.4	0	33
8	1	0.3	0	1
9	16	0.1	0	16
27	3	0.0	1	0 3
104	1	0.0	1	0 1
113	1	0.0	1	0 1
221	1	0.0	1	0 1
Input files: raw_data_12_11_2025/688B0_S139_L001_R1_001.fastq.gz raw_data_12_11_2025/688B0_S139_L001_R2_001.fastq.gz
This is cutadapt 5.1 with Python 3.12.11
Command line parameters: -a CCTACGGGNGGCWGCAG...GATACCCBDGTAGTC -A GACTACHVGGGTATC...CTGCWGCCNCCCGTAGG --trimmed-only --cores 8 --output results/cutadapt/688B0_S139_L001_R1_001.fastq.gz --paired-output results/cutadapt/688B0_S139_L001_R2_001.fastq.gz raw_data_12_11_2025/688B0_S139_L001_R1_001.fastq.gz raw_data_12_11_2025/688B0_S139_L001_R2_001.fastq.gz
Processing paired-end reads on 8 cores ...

=== Summary ===

Total read pairs processed:             32,216
  Read 1 with adapter:                  32,040 (99.5%)
  Read 2 with adapter:                  31,507 (97.8%)

== Read fate breakdown ==
Pairs discarded as untrimmed:              878 (2.7%)
Pairs written (passing filters):        31,338 (97.3%)

Total basepairs processed:    19,378,880 bp
  Read 1:     9,694,478 bp
  Read 2:     9,684,402 bp
Total written (filtered):     17,112,817 bp (88.3%)
  Read 1:     8,585,640 bp
  Read 2:     8,527,177 bp

=== First read: Adapter 1 ===

Sequence: CCTACGGGNGGCWGCAG...GATACCCBDGTAGTC; Type: linked; Length: 17+15; 5' trimmed: 32040 times; 3' trimmed: 178 times

Minimum overlap: 3+3
No. of allowed errors:
1-9 bp: 0; 10-16 bp: 1

No. of allowed errors:
1-9 bp: 0; 10-15 bp: 1

Overview of removed sequences at 5' end
length	count	expect	max.err	error counts
23	5	0.0	1	2 3
24	32	0.0	1	27 5
25	108	0.0	1	42 66
26	1988	0.0	1	844 1144
27	29809	0.0	1	29435 374
28	98	0.0	1	67 31



Overview of removed sequences at 3' end
length	count	expect	max.err	error counts
3	160	503.4	0	160
4	10	125.8	0	10
6	2	7.9	0	2
8	1	0.5	0	1
9	1	0.1	0	1
10	1	0.0	1	0 1
28	3	0.0	1	3


=== Second read: Adapter 2 ===

Sequence: GACTACHVGGGTATC...CTGCWGCCNCCCGTAGG; Type: linked; Length: 15+17; 5' trimmed: 31432 times; 3' trimmed: 4209 times

Minimum overlap: 3+3
No. of allowed errors:
1-9 bp: 0; 10-15 bp: 1

No. of allowed errors:
1-9 bp: 0; 10-16 bp: 1

Overview of removed sequences at 5' end
length	count	expect	max.err	error counts
3	3	503.4	0	3
4	6	125.8	0	6
20	4	0.0	1	2 2
21	8	0.0	1	8
22	6	0.0	1	5 1
23	6	0.0	1	4 2
24	11	0.0	1	8 3
25	19	0.0	1	10 9
26	98	0.0	1	33 65
27	1375	0.0	1	541 834
28	29801	0.0	1	28478 1323
29	86	0.0	1	11 75
31	9	0.0	1	6 3



Overview of removed sequences at 3' end
length	count	expect	max.err	error counts
3	1562	503.4	0	1562
4	242	125.8	0	242
5	62	31.5	0	62
6	2243	7.9	0	2243
7	67	2.0	0	67
8	4	0.5	0	4
9	24	0.1	0	24
11	1	0.0	1	0 1
13	1	0.0	1	0 1
26	1	0.0	1	0 1
27	1	0.0	1	1
64	1	0.0	1	1
Input files: raw_data_12_11_2025/688B14_S140_L001_R1_001.fastq.gz raw_data_12_11_2025/688B14_S140_L001_R2_001.fastq.gz
This is cutadapt 5.1 with Python 3.12.11
Command line parameters: -a CCTACGGGNGGCWGCAG...GATACCCBDGTAGTC -A GACTACHVGGGTATC...CTGCWGCCNCCCGTAGG --trimmed-only --cores 8 --output results/cutadapt/688B14_S140_L001_R1_001.fastq.gz --paired-output results/cutadapt/688B14_S140_L001_R2_001.fastq.gz raw_data_12_11_2025/688B14_S140_L001_R1_001.fastq.gz raw_data_12_11_2025/688B14_S140_L001_R2_001.fastq.gz
Processing paired-end reads on 8 cores ...

=== Summary ===

Total read pairs processed:             34,336
  Read 1 with adapter:                  34,154 (99.5%)
  Read 2 with adapter:                  33,493 (97.5%)

== Read fate breakdown ==
Pairs discarded as untrimmed:            1,015 (3.0%)
Pairs written (passing filters):        33,321 (97.0%)

Total basepairs processed:    20,654,746 bp
  Read 1:    10,332,717 bp
  Read 2:    10,322,029 bp
Total written (filtered):     18,195,820 bp (88.1%)
  Read 1:     9,129,056 bp
  Read 2:     9,066,764 bp

=== First read: Adapter 1 ===

Sequence: CCTACGGGNGGCWGCAG...GATACCCBDGTAGTC; Type: linked; Length: 17+15; 5' trimmed: 34154 times; 3' trimmed: 195 times

Minimum overlap: 3+3
No. of allowed errors:
1-9 bp: 0; 10-16 bp: 1

No. of allowed errors:
1-9 bp: 0; 10-15 bp: 1

Overview of removed sequences at 5' end
length	count	expect	max.err	error counts
20	1	0.0	1	1
24	23	0.0	1	20 3
25	103	0.0	1	42 61
26	2002	0.0	1	821 1181
27	31912	0.0	1	31554 358
28	113	0.0	1	82 31



Overview of removed sequences at 3' end
length	count	expect	max.err	error counts
3	182	536.5	0	182
4	3	134.1	0	3
6	2	8.4	0	2
7	2	2.1	0	2
8	2	0.5	0	2
9	1	0.1	0	0 1
28	3	0.0	1	3


=== Second read: Adapter 2 ===

Sequence: GACTACHVGGGTATC...CTGCWGCCNCCCGTAGG; Type: linked; Length: 15+17; 5' trimmed: 33418 times; 3' trimmed: 4448 times

Minimum overlap: 3+3
No. of allowed errors:
1-9 bp: 0; 10-15 bp: 1

No. of allowed errors:
1-9 bp: 0; 10-16 bp: 1

Overview of removed sequences at 5' end
length	count	expect	max.err	error counts
3	4	536.5	0	4
4	4	134.1	0	4
12	1	0.0	1	1
17	1	0.0	1	1
18	1	0.0	1	1
20	3	0.0	1	2 1
21	3	0.0	1	1 2
22	2	0.0	1	2
23	10	0.0	1	7 3
24	12	0.0	1	9 3
25	31	0.0	1	16 15
26	112	0.0	1	41 71
27	1473	0.0	1	576 897
28	31665	0.0	1	30233 1432
29	85	0.0	1	13 72
30	1	0.0	1	0 1
31	8	0.0	1	8
62	1	0.0	1	0 1
293	1	0.0	1	0 1



Overview of removed sequences at 3' end
length	count	expect	max.err	error counts
3	1636	536.5	0	1636
4	262	134.1	0	262
5	50	33.5	0	50
6	2406	8.4	0	2406
7	55	2.1	0	55
8	4	0.5	0	4
9	28	0.1	0	28
11	2	0.0	1	0 2
12	1	0.0	1	0 1
13	2	0.0	1	0 2
27	2	0.0	1	0 2
Input files: raw_data_12_11_2025/692A0_S157_L001_R1_001.fastq.gz raw_data_12_11_2025/692A0_S157_L001_R2_001.fastq.gz
This is cutadapt 5.1 with Python 3.12.11
Command line parameters: -a CCTACGGGNGGCWGCAG...GATACCCBDGTAGTC -A GACTACHVGGGTATC...CTGCWGCCNCCCGTAGG --trimmed-only --cores 8 --output results/cutadapt/692A0_S157_L001_R1_001.fastq.gz --paired-output results/cutadapt/692A0_S157_L001_R2_001.fastq.gz raw_data_12_11_2025/692A0_S157_L001_R1_001.fastq.gz raw_data_12_11_2025/692A0_S157_L001_R2_001.fastq.gz
Processing paired-end reads on 8 cores ...

=== Summary ===

Total read pairs processed:             35,722
  Read 1 with adapter:                  35,534 (99.5%)
  Read 2 with adapter:                  34,881 (97.6%)

== Read fate breakdown ==
Pairs discarded as untrimmed:            1,021 (2.9%)
Pairs written (passing filters):        34,701 (97.1%)

Total basepairs processed:    21,486,106 bp
  Read 1:    10,748,712 bp
  Read 2:    10,737,394 bp
Total written (filtered):     18,946,263 bp (88.2%)
  Read 1:     9,506,057 bp
  Read 2:     9,440,206 bp

=== First read: Adapter 1 ===

Sequence: CCTACGGGNGGCWGCAG...GATACCCBDGTAGTC; Type: linked; Length: 17+15; 5' trimmed: 35525 times; 3' trimmed: 229 times

Minimum overlap: 3+3
No. of allowed errors:
1-9 bp: 0; 10-16 bp: 1

No. of allowed errors:
1-9 bp: 0; 10-15 bp: 1

Overview of removed sequences at 5' end
length	count	expect	max.err	error counts
21	1	0.0	1	0 1
22	3	0.0	1	3
23	1	0.0	1	1
24	27	0.0	1	23 4
25	109	0.0	1	25 84
26	2133	0.0	1	851 1282
27	33145	0.0	1	32763 382
28	104	0.0	1	72 32
31	1	0.0	1	1
35	1	0.0	1	1



Overview of removed sequences at 3' end
length	count	expect	max.err	error counts
3	205	558.2	0	205
4	2	139.5	0	2
6	3	8.7	0	3
7	5	2.2	0	5
8	3	0.5	0	3
9	2	0.1	0	2
10	3	0.0	1	2 1
11	1	0.0	1	0 1
24	1	0.0	1	1
27	1	0.0	1	1
28	2	0.0	1	2
120	1	0.0	1	1


=== Second read: Adapter 2 ===

Sequence: GACTACHVGGGTATC...CTGCWGCCNCCCGTAGG; Type: linked; Length: 15+17; 5' trimmed: 34827 times; 3' trimmed: 4576 times

Minimum overlap: 3+3
No. of allowed errors:
1-9 bp: 0; 10-15 bp: 1

No. of allowed errors:
1-9 bp: 0; 10-16 bp: 1

Overview of removed sequences at 5' end
length	count	expect	max.err	error counts
3	23	558.2	0	23
10	1	0.0	1	0 1
12	1	0.0	1	1
13	1	0.0	1	0 1
16	1	0.0	1	1
18	1	0.0	1	1
19	1	0.0	1	1
20	2	0.0	1	2
21	4	0.0	1	2 2
22	5	0.0	1	3 2
23	7	0.0	1	6 1
24	11	0.0	1	8 3
25	20	0.0	1	12 8
26	133	0.0	1	49 84
27	1524	0.0	1	560 964
28	32962	0.0	1	31527 1435
29	123	0.0	1	18 105
31	5	0.0	1	4 1
62	1	0.0	1	0 1
68	1	0.0	1	0 1



Overview of removed sequences at 3' end
length	count	expect	max.err	error counts
3	1538	558.2	0	1538
4	230	139.5	0	230
5	62	34.9	0	62
6	2618	8.7	0	2618
7	70	2.2	0	70
8	6	0.5	0	6
9	27	0.1	0	27
10	2	0.0	1	2
11	1	0.0	1	0 1
12	3	0.0	1	0 3
23	1	0.0	1	1
27	5	0.0	1	4 1
116	1	0.0	1	1
117	2	0.0	1	2
118	4	0.0	1	2 2
137	6	0.0	1	6
Input files: raw_data_12_11_2025/692A14_S158_L001_R1_001.fastq.gz raw_data_12_11_2025/692A14_S158_L001_R2_001.fastq.gz
This is cutadapt 5.1 with Python 3.12.11
Command line parameters: -a CCTACGGGNGGCWGCAG...GATACCCBDGTAGTC -A GACTACHVGGGTATC...CTGCWGCCNCCCGTAGG --trimmed-only --cores 8 --output results/cutadapt/692A14_S158_L001_R1_001.fastq.gz --paired-output results/cutadapt/692A14_S158_L001_R2_001.fastq.gz raw_data_12_11_2025/692A14_S158_L001_R1_001.fastq.gz raw_data_12_11_2025/692A14_S158_L001_R2_001.fastq.gz
Processing paired-end reads on 8 cores ...

=== Summary ===

Total read pairs processed:             34,720
  Read 1 with adapter:                  34,477 (99.3%)
  Read 2 with adapter:                  33,872 (97.6%)

== Read fate breakdown ==
Pairs discarded as untrimmed:            1,079 (3.1%)
Pairs written (passing filters):        33,641 (96.9%)

Total basepairs processed:    20,885,475 bp
  Read 1:    10,447,862 bp
  Read 2:    10,437,613 bp
Total written (filtered):     18,372,148 bp (88.0%)
  Read 1:     9,216,379 bp
  Read 2:     9,155,769 bp

=== First read: Adapter 1 ===

Sequence: CCTACGGGNGGCWGCAG...GATACCCBDGTAGTC; Type: linked; Length: 17+15; 5' trimmed: 34473 times; 3' trimmed: 215 times

Minimum overlap: 3+3
No. of allowed errors:
1-9 bp: 0; 10-16 bp: 1

No. of allowed errors:
1-9 bp: 0; 10-15 bp: 1

Overview of removed sequences at 5' end
length	count	expect	max.err	error counts
17	1	0.0	1	0 1
23	1	0.0	1	1
24	41	0.0	1	28 13
25	96	0.0	1	27 69
26	2043	0.0	1	873 1170
27	32179	0.0	1	31794 385
28	110	0.0	1	85 25
31	1	0.0	1	1
44	1	0.0	1	1



Overview of removed sequences at 3' end
length	count	expect	max.err	error counts
3	198	542.5	0	198
4	3	135.6	0	3
6	3	8.5	0	3
7	2	2.1	0	2
8	2	0.5	0	2
9	2	0.1	0	2
28	5	0.0	1	5


=== Second read: Adapter 2 ===

Sequence: GACTACHVGGGTATC...CTGCWGCCNCCCGTAGG; Type: linked; Length: 15+17; 5' trimmed: 33807 times; 3' trimmed: 4061 times

Minimum overlap: 3+3
No. of allowed errors:
1-9 bp: 0; 10-15 bp: 1

No. of allowed errors:
1-9 bp: 0; 10-16 bp: 1

Overview of removed sequences at 5' end
length	count	expect	max.err	error counts
3	19	542.5	0	19
6	1	8.5	0	1
8	1	0.5	0	1
10	2	0.0	1	0 2
13	1	0.0	1	0 1
14	1	0.0	1	1
17	2	0.0	1	0 2
18	1	0.0	1	1
19	1	0.0	1	1
20	4	0.0	1	4
21	5	0.0	1	5
22	3	0.0	1	1 2
23	6	0.0	1	3 3
24	9	0.0	1	8 1
25	23	0.0	1	12 11
26	114	0.0	1	49 65
27	1445	0.0	1	585 860
28	32037	0.0	1	30677 1360
29	122	0.0	1	16 106
31	9	0.0	1	7 2
65	1	0.0	1	0 1



Overview of removed sequences at 3' end
length	count	expect	max.err	error counts
3	1440	542.5	0	1440
4	252	135.6	0	252
5	32	33.9	0	32
6	2216	8.5	0	2216
7	72	2.1	0	72
8	6	0.5	0	6
9	22	0.1	0	22
11	1	0.0	1	0 1
13	2	0.0	1	0 2
24	1	0.0	1	1
27	3	0.0	1	1 2
112	2	0.0	1	2
113	1	0.0	1	1
116	1	0.0	1	0 1
117	6	0.0	1	4 2
118	2	0.0	1	1 1
137	2	0.0	1	2
Input files: raw_data_12_11_2025/692B0_S159_L001_R1_001.fastq.gz raw_data_12_11_2025/692B0_S159_L001_R2_001.fastq.gz
This is cutadapt 5.1 with Python 3.12.11
Command line parameters: -a CCTACGGGNGGCWGCAG...GATACCCBDGTAGTC -A GACTACHVGGGTATC...CTGCWGCCNCCCGTAGG --trimmed-only --cores 8 --output results/cutadapt/692B0_S159_L001_R1_001.fastq.gz --paired-output results/cutadapt/692B0_S159_L001_R2_001.fastq.gz raw_data_12_11_2025/692B0_S159_L001_R1_001.fastq.gz raw_data_12_11_2025/692B0_S159_L001_R2_001.fastq.gz
Processing paired-end reads on 8 cores ...

=== Summary ===

Total read pairs processed:             32,974
  Read 1 with adapter:                  32,785 (99.4%)
  Read 2 with adapter:                  32,252 (97.8%)

== Read fate breakdown ==
Pairs discarded as untrimmed:              905 (2.7%)
Pairs written (passing filters):        32,069 (97.3%)

Total basepairs processed:    19,832,511 bp
  Read 1:     9,921,382 bp
  Read 2:     9,911,129 bp
Total written (filtered):     17,510,764 bp (88.3%)
  Read 1:     8,784,322 bp
  Read 2:     8,726,442 bp

=== First read: Adapter 1 ===

Sequence: CCTACGGGNGGCWGCAG...GATACCCBDGTAGTC; Type: linked; Length: 17+15; 5' trimmed: 32781 times; 3' trimmed: 293 times

Minimum overlap: 3+3
No. of allowed errors:
1-9 bp: 0; 10-16 bp: 1

No. of allowed errors:
1-9 bp: 0; 10-15 bp: 1

Overview of removed sequences at 5' end
length	count	expect	max.err	error counts
17	1	0.0	1	1
22	2	0.0	1	2
23	6	0.0	1	5 1
24	36	0.0	1	29 7
25	100	0.0	1	27 73
26	1938	0.0	1	803 1135
27	30595	0.0	1	30264 331
28	103	0.0	1	67 36



Overview of removed sequences at 3' end
length	count	expect	max.err	error counts
3	273	515.2	0	273
4	5	128.8	0	5
6	2	8.1	0	2
7	3	2.0	0	3
9	1	0.1	0	1
11	1	0.0	1	1
27	1	0.0	1	0 1
28	7	0.0	1	7


=== Second read: Adapter 2 ===

Sequence: GACTACHVGGGTATC...CTGCWGCCNCCCGTAGG; Type: linked; Length: 15+17; 5' trimmed: 32181 times; 3' trimmed: 3921 times

Minimum overlap: 3+3
No. of allowed errors:
1-9 bp: 0; 10-15 bp: 1

No. of allowed errors:
1-9 bp: 0; 10-16 bp: 1

Overview of removed sequences at 5' end
length	count	expect	max.err	error counts
3	26	515.2	0	26
4	1	128.8	0	1
14	1	0.0	1	1
16	1	0.0	1	1
18	1	0.0	1	1
20	3	0.0	1	0 3
21	3	0.0	1	1 2
22	3	0.0	1	3
23	6	0.0	1	3 3
24	13	0.0	1	9 4
25	22	0.0	1	11 11
26	105	0.0	1	50 55
27	1427	0.0	1	586 841
28	30460	0.0	1	29200 1260
29	101	0.0	1	15 86
31	8	0.0	1	8



Overview of removed sequences at 3' end
length	count	expect	max.err	error counts
3	1444	515.2	0	1444
4	240	128.8	0	240
5	48	32.2	0	48
6	2060	8.1	0	2060
7	75	2.0	0	75
8	2	0.5	0	2
9	20	0.1	0	20
10	2	0.0	1	1 1
11	2	0.0	1	0 2
13	1	0.0	1	0 1
26	1	0.0	1	1
27	5	0.0	1	5
67	1	0.0	1	1
112	2	0.0	1	2
113	1	0.0	1	1
114	1	0.0	1	1
116	5	0.0	1	4 1
117	5	0.0	1	3 2
119	1	0.0	1	0 1
135	1	0.0	1	1
136	1	0.0	1	1
137	2	0.0	1	2
138	1	0.0	1	1
Input files: raw_data_12_11_2025/692B14_S160_L001_R1_001.fastq.gz raw_data_12_11_2025/692B14_S160_L001_R2_001.fastq.gz
This is cutadapt 5.1 with Python 3.12.11
Command line parameters: -a CCTACGGGNGGCWGCAG...GATACCCBDGTAGTC -A GACTACHVGGGTATC...CTGCWGCCNCCCGTAGG --trimmed-only --cores 8 --output results/cutadapt/692B14_S160_L001_R1_001.fastq.gz --paired-output results/cutadapt/692B14_S160_L001_R2_001.fastq.gz raw_data_12_11_2025/692B14_S160_L001_R1_001.fastq.gz raw_data_12_11_2025/692B14_S160_L001_R2_001.fastq.gz
Processing paired-end reads on 8 cores ...

=== Summary ===

Total read pairs processed:             28,935
  Read 1 with adapter:                  28,699 (99.2%)
  Read 2 with adapter:                  28,195 (97.4%)

== Read fate breakdown ==
Pairs discarded as untrimmed:              916 (3.2%)
Pairs written (passing filters):        28,019 (96.8%)

Total basepairs processed:    17,406,961 bp
  Read 1:     8,707,535 bp
  Read 2:     8,699,426 bp
Total written (filtered):     15,303,517 bp (87.9%)
  Read 1:     7,676,810 bp
  Read 2:     7,626,707 bp

=== First read: Adapter 1 ===

Sequence: CCTACGGGNGGCWGCAG...GATACCCBDGTAGTC; Type: linked; Length: 17+15; 5' trimmed: 28695 times; 3' trimmed: 136 times

Minimum overlap: 3+3
No. of allowed errors:
1-9 bp: 0; 10-16 bp: 1

No. of allowed errors:
1-9 bp: 0; 10-15 bp: 1

Overview of removed sequences at 5' end
length	count	expect	max.err	error counts
22	1	0.0	1	0 1
23	1	0.0	1	1
24	36	0.0	1	32 4
25	92	0.0	1	28 64
26	1766	0.0	1	772 994
27	26706	0.0	1	26385 321
28	92	0.0	1	65 27
31	1	0.0	1	1



Overview of removed sequences at 3' end
length	count	expect	max.err	error counts
3	120	452.1	0	120
4	2	113.0	0	2
6	1	7.1	0	1
7	2	1.8	0	2
8	4	0.4	0	4
10	1	0.0	1	1
11	1	0.0	1	1
24	1	0.0	1	1
28	4	0.0	1	3 1


=== Second read: Adapter 2 ===

Sequence: GACTACHVGGGTATC...CTGCWGCCNCCCGTAGG; Type: linked; Length: 15+17; 5' trimmed: 28120 times; 3' trimmed: 3419 times

Minimum overlap: 3+3
No. of allowed errors:
1-9 bp: 0; 10-15 bp: 1

No. of allowed errors:
1-9 bp: 0; 10-16 bp: 1

Overview of removed sequences at 5' end
length	count	expect	max.err	error counts
3	8	452.1	0	8
4	1	113.0	0	1
10	1	0.0	1	0 1
17	1	0.0	1	1
18	1	0.0	1	1
20	1	0.0	1	1
21	4	0.0	1	3 1
22	1	0.0	1	1
23	5	0.0	1	4 1
24	9	0.0	1	8 1
25	17	0.0	1	5 12
26	73	0.0	1	26 47
27	1188	0.0	1	430 758
28	26713	0.0	1	25491 1222
29	82	0.0	1	6 76
30	2	0.0	1	1 1
31	13	0.0	1	10 3



Overview of removed sequences at 3' end
length	count	expect	max.err	error counts
3	1173	452.1	0	1173
4	236	113.0	0	236
5	34	28.3	0	34
6	1895	7.1	0	1895
7	50	1.8	0	50
8	3	0.4	0	3
9	18	0.1	0	18
10	2	0.0	1	1 1
13	1	0.0	1	0 1
27	3	0.0	1	1 2
115	1	0.0	1	1
116	1	0.0	1	1
117	2	0.0	1	2
Input files: raw_data_12_11_2025/722A0_S149_L001_R1_001.fastq.gz raw_data_12_11_2025/722A0_S149_L001_R2_001.fastq.gz
This is cutadapt 5.1 with Python 3.12.11
Command line parameters: -a CCTACGGGNGGCWGCAG...GATACCCBDGTAGTC -A GACTACHVGGGTATC...CTGCWGCCNCCCGTAGG --trimmed-only --cores 8 --output results/cutadapt/722A0_S149_L001_R1_001.fastq.gz --paired-output results/cutadapt/722A0_S149_L001_R2_001.fastq.gz raw_data_12_11_2025/722A0_S149_L001_R1_001.fastq.gz raw_data_12_11_2025/722A0_S149_L001_R2_001.fastq.gz
Processing paired-end reads on 8 cores ...

=== Summary ===

Total read pairs processed:             34,592
  Read 1 with adapter:                  34,401 (99.4%)
  Read 2 with adapter:                  33,811 (97.7%)

== Read fate breakdown ==
Pairs discarded as untrimmed:              964 (2.8%)
Pairs written (passing filters):        33,628 (97.2%)

Total basepairs processed:    20,804,767 bp
  Read 1:    10,407,049 bp
  Read 2:    10,397,718 bp
Total written (filtered):     18,358,937 bp (88.2%)
  Read 1:     9,209,646 bp
  Read 2:     9,149,291 bp

=== First read: Adapter 1 ===

Sequence: CCTACGGGNGGCWGCAG...GATACCCBDGTAGTC; Type: linked; Length: 17+15; 5' trimmed: 34399 times; 3' trimmed: 373 times

Minimum overlap: 3+3
No. of allowed errors:
1-9 bp: 0; 10-16 bp: 1

No. of allowed errors:
1-9 bp: 0; 10-15 bp: 1

Overview of removed sequences at 5' end
length	count	expect	max.err	error counts
20	1	0.0	1	1
21	2	0.0	1	2
23	2	0.0	1	2
24	18	0.0	1	15 3
25	106	0.0	1	29 77
26	2052	0.0	1	818 1234
27	32104	0.0	1	31701 403
28	114	0.0	1	83 31



Overview of removed sequences at 3' end
length	count	expect	max.err	error counts
3	292	540.5	0	292
4	13	135.1	0	13
5	1	33.8	0	1
6	1	8.4	0	1
8	1	0.5	0	1
9	1	0.1	0	1
10	56	0.0	1	2 54
11	3	0.0	1	1 2
28	5	0.0	1	5


=== Second read: Adapter 2 ===

Sequence: GACTACHVGGGTATC...CTGCWGCCNCCCGTAGG; Type: linked; Length: 15+17; 5' trimmed: 33748 times; 3' trimmed: 4410 times

Minimum overlap: 3+3
No. of allowed errors:
1-9 bp: 0; 10-15 bp: 1

No. of allowed errors:
1-9 bp: 0; 10-16 bp: 1

Overview of removed sequences at 5' end
length	count	expect	max.err	error counts
3	4	540.5	0	4
4	8	135.1	0	8
14	1	0.0	1	0 1
16	1	0.0	1	1
18	1	0.0	1	1
19	1	0.0	1	0 1
20	3	0.0	1	1 2
21	4	0.0	1	3 1
22	6	0.0	1	5 1
23	6	0.0	1	3 3
24	17	0.0	1	12 5
25	25	0.0	1	12 13
26	126	0.0	1	51 75
27	1440	0.0	1	603 837
28	31988	0.0	1	30614 1374
29	110	0.0	1	18 92
31	6	0.0	1	4 2
65	1	0.0	1	0 1



Overview of removed sequences at 3' end
length	count	expect	max.err	error counts
3	1652	540.5	0	1652
4	273	135.1	0	273
5	44	33.8	0	44
6	2317	8.4	0	2317
7	76	2.1	0	76
8	8	0.5	0	8
9	32	0.1	0	32
10	1	0.0	1	1
12	2	0.0	1	0 2
26	1	0.0	1	0 1
27	2	0.0	1	1 1
33	1	0.0	1	1
76	1	0.0	1	0 1
Input files: raw_data_12_11_2025/722A14_S150_L001_R1_001.fastq.gz raw_data_12_11_2025/722A14_S150_L001_R2_001.fastq.gz
This is cutadapt 5.1 with Python 3.12.11
Command line parameters: -a CCTACGGGNGGCWGCAG...GATACCCBDGTAGTC -A GACTACHVGGGTATC...CTGCWGCCNCCCGTAGG --trimmed-only --cores 8 --output results/cutadapt/722A14_S150_L001_R1_001.fastq.gz --paired-output results/cutadapt/722A14_S150_L001_R2_001.fastq.gz raw_data_12_11_2025/722A14_S150_L001_R1_001.fastq.gz raw_data_12_11_2025/722A14_S150_L001_R2_001.fastq.gz
Processing paired-end reads on 8 cores ...

=== Summary ===

Total read pairs processed:             29,550
  Read 1 with adapter:                  29,391 (99.5%)
  Read 2 with adapter:                  28,848 (97.6%)

== Read fate breakdown ==
Pairs discarded as untrimmed:              855 (2.9%)
Pairs written (passing filters):        28,695 (97.1%)

Total basepairs processed:    17,771,299 bp
  Read 1:     8,888,952 bp
  Read 2:     8,882,347 bp
Total written (filtered):     15,663,743 bp (88.1%)
  Read 1:     7,856,791 bp
  Read 2:     7,806,952 bp

=== First read: Adapter 1 ===

Sequence: CCTACGGGNGGCWGCAG...GATACCCBDGTAGTC; Type: linked; Length: 17+15; 5' trimmed: 29390 times; 3' trimmed: 369 times

Minimum overlap: 3+3
No. of allowed errors:
1-9 bp: 0; 10-16 bp: 1

No. of allowed errors:
1-9 bp: 0; 10-15 bp: 1

Overview of removed sequences at 5' end
length	count	expect	max.err	error counts
20	1	0.0	1	1
21	1	0.0	1	1
22	3	0.0	1	2 1
23	2	0.0	1	0 2
24	18	0.0	1	16 2
25	83	0.0	1	31 52
26	1710	0.0	1	703 1007
27	27472	0.0	1	27114 358
28	99	0.0	1	72 27
31	1	0.0	1	1



Overview of removed sequences at 3' end
length	count	expect	max.err	error counts
3	245	461.7	0	245
4	3	115.4	0	3
5	1	28.9	0	1
6	1	7.2	0	1
7	2	1.8	0	2
8	2	0.5	0	2
9	1	0.1	0	1
10	105	0.0	1	0 105
11	2	0.0	1	0 2
24	1	0.0	1	1
28	6	0.0	1	6


=== Second read: Adapter 2 ===

Sequence: GACTACHVGGGTATC...CTGCWGCCNCCCGTAGG; Type: linked; Length: 15+17; 5' trimmed: 28783 times; 3' trimmed: 4003 times

Minimum overlap: 3+3
No. of allowed errors:
1-9 bp: 0; 10-15 bp: 1

No. of allowed errors:
1-9 bp: 0; 10-16 bp: 1

Overview of removed sequences at 5' end
length	count	expect	max.err	error counts
3	1	461.7	0	1
4	7	115.4	0	7
6	1	7.2	0	1
10	1	0.0	1	0 1
12	1	0.0	1	1
17	1	0.0	1	0 1
18	2	0.0	1	2
19	1	0.0	1	1
20	2	0.0	1	1 1
21	3	0.0	1	2 1
22	8	0.0	1	7 1
23	7	0.0	1	5 2
24	7	0.0	1	6 1
25	17	0.0	1	8 9
26	100	0.0	1	41 59
27	1261	0.0	1	509 752
28	27267	0.0	1	26158 1109
29	92	0.0	1	13 79
30	1	0.0	1	0 1
31	2	0.0	1	2
68	1	0.0	1	0 1



Overview of removed sequences at 3' end
length	count	expect	max.err	error counts
3	1587	461.7	0	1587
4	282	115.4	0	282
5	40	28.9	0	40
6	2010	7.2	0	2010
7	54	1.8	0	54
8	4	0.5	0	4
9	17	0.1	0	17
10	1	0.0	1	0 1
11	1	0.0	1	0 1
13	1	0.0	1	0 1
22	1	0.0	1	0 1
27	5	0.0	1	2 3
Input files: raw_data_12_11_2025/722B0_S151_L001_R1_001.fastq.gz raw_data_12_11_2025/722B0_S151_L001_R2_001.fastq.gz
This is cutadapt 5.1 with Python 3.12.11
Command line parameters: -a CCTACGGGNGGCWGCAG...GATACCCBDGTAGTC -A GACTACHVGGGTATC...CTGCWGCCNCCCGTAGG --trimmed-only --cores 8 --output results/cutadapt/722B0_S151_L001_R1_001.fastq.gz --paired-output results/cutadapt/722B0_S151_L001_R2_001.fastq.gz raw_data_12_11_2025/722B0_S151_L001_R1_001.fastq.gz raw_data_12_11_2025/722B0_S151_L001_R2_001.fastq.gz
Processing paired-end reads on 8 cores ...

=== Summary ===

Total read pairs processed:             33,374
  Read 1 with adapter:                  33,184 (99.4%)
  Read 2 with adapter:                  32,574 (97.6%)

== Read fate breakdown ==
Pairs discarded as untrimmed:              986 (3.0%)
Pairs written (passing filters):        32,388 (97.0%)

Total basepairs processed:    20,070,493 bp
  Read 1:    10,038,549 bp
  Read 2:    10,031,944 bp
Total written (filtered):     17,679,409 bp (88.1%)
  Read 1:     8,867,953 bp
  Read 2:     8,811,456 bp

=== First read: Adapter 1 ===

Sequence: CCTACGGGNGGCWGCAG...GATACCCBDGTAGTC; Type: linked; Length: 17+15; 5' trimmed: 33183 times; 3' trimmed: 347 times

Minimum overlap: 3+3
No. of allowed errors:
1-9 bp: 0; 10-16 bp: 1

No. of allowed errors:
1-9 bp: 0; 10-15 bp: 1

Overview of removed sequences at 5' end
length	count	expect	max.err	error counts
20	1	0.0	1	1
21	1	0.0	1	1
22	1	0.0	1	1
23	6	0.0	1	5 1
24	21	0.0	1	18 3
25	81	0.0	1	23 58
26	1997	0.0	1	813 1184
27	30982	0.0	1	30619 363
28	92	0.0	1	61 31
31	1	0.0	1	1



Overview of removed sequences at 3' end
length	count	expect	max.err	error counts
3	288	521.5	0	288
4	12	130.4	0	12
6	1	8.1	0	1
7	6	2.0	0	6
8	2	0.5	0	2
9	1	0.1	0	1
10	27	0.0	1	0 27
11	1	0.0	1	0 1
28	8	0.0	1	8
139	1	0.0	1	1


=== Second read: Adapter 2 ===

Sequence: GACTACHVGGGTATC...CTGCWGCCNCCCGTAGG; Type: linked; Length: 15+17; 5' trimmed: 32503 times; 3' trimmed: 4381 times

Minimum overlap: 3+3
No. of allowed errors:
1-9 bp: 0; 10-15 bp: 1

No. of allowed errors:
1-9 bp: 0; 10-16 bp: 1

Overview of removed sequences at 5' end
length	count	expect	max.err	error counts
3	4	521.5	0	4
4	5	130.4	0	5
5	1	32.6	0	1
12	2	0.0	1	2
14	1	0.0	1	0 1
18	1	0.0	1	1
19	1	0.0	1	0 1
20	2	0.0	1	1 1
21	3	0.0	1	2 1
23	4	0.0	1	3 1
24	16	0.0	1	12 4
25	23	0.0	1	11 12
26	103	0.0	1	38 65
27	1371	0.0	1	537 834
28	30832	0.0	1	29533 1299
29	127	0.0	1	16 111
31	6	0.0	1	2 4
69	1	0.0	1	1



Overview of removed sequences at 3' end
length	count	expect	max.err	error counts
3	1660	521.5	0	1660
4	236	130.4	0	236
5	45	32.6	0	45
6	2321	8.1	0	2321
7	78	2.0	0	78
8	2	0.5	0	2
9	28	0.1	0	28
11	2	0.0	1	0 2
12	1	0.0	1	0 1
27	6	0.0	1	2 4
87	1	0.0	1	1
256	1	0.0	1	1
Input files: raw_data_12_11_2025/722B14_S152_L001_R1_001.fastq.gz raw_data_12_11_2025/722B14_S152_L001_R2_001.fastq.gz
This is cutadapt 5.1 with Python 3.12.11
Command line parameters: -a CCTACGGGNGGCWGCAG...GATACCCBDGTAGTC -A GACTACHVGGGTATC...CTGCWGCCNCCCGTAGG --trimmed-only --cores 8 --output results/cutadapt/722B14_S152_L001_R1_001.fastq.gz --paired-output results/cutadapt/722B14_S152_L001_R2_001.fastq.gz raw_data_12_11_2025/722B14_S152_L001_R1_001.fastq.gz raw_data_12_11_2025/722B14_S152_L001_R2_001.fastq.gz
Processing paired-end reads on 8 cores ...

=== Summary ===

Total read pairs processed:             27,701
  Read 1 with adapter:                  27,504 (99.3%)
  Read 2 with adapter:                  26,999 (97.5%)

== Read fate breakdown ==
Pairs discarded as untrimmed:              859 (3.1%)
Pairs written (passing filters):        26,842 (96.9%)

Total basepairs processed:    16,660,750 bp
  Read 1:     8,334,888 bp
  Read 2:     8,325,862 bp
Total written (filtered):     14,653,360 bp (88.0%)
  Read 1:     7,351,578 bp
  Read 2:     7,301,782 bp

=== First read: Adapter 1 ===

Sequence: CCTACGGGNGGCWGCAG...GATACCCBDGTAGTC; Type: linked; Length: 17+15; 5' trimmed: 27500 times; 3' trimmed: 363 times

Minimum overlap: 3+3
No. of allowed errors:
1-9 bp: 0; 10-16 bp: 1

No. of allowed errors:
1-9 bp: 0; 10-15 bp: 1

Overview of removed sequences at 5' end
length	count	expect	max.err	error counts
3	1	432.8	0	1
4	1	108.2	0	1
22	2	0.0	1	1 1
23	2	0.0	1	1 1
24	20	0.0	1	18 2
25	79	0.0	1	21 58
26	1713	0.0	1	680 1033
27	25608	0.0	1	25262 346
28	74	0.0	1	51 23



Overview of removed sequences at 3' end
length	count	expect	max.err	error counts
3	217	432.8	0	217
4	25	108.2	0	25
5	2	27.1	0	2
6	2	6.8	0	2
7	1	1.7	0	1
8	4	0.4	0	4
9	2	0.1	0	2
10	95	0.0	1	0 95
11	5	0.0	1	3 2
27	1	0.0	1	1
28	9	0.0	1	8 1


=== Second read: Adapter 2 ===

Sequence: GACTACHVGGGTATC...CTGCWGCCNCCCGTAGG; Type: linked; Length: 15+17; 5' trimmed: 26938 times; 3' trimmed: 3712 times

Minimum overlap: 3+3
No. of allowed errors:
1-9 bp: 0; 10-15 bp: 1

No. of allowed errors:
1-9 bp: 0; 10-16 bp: 1

Overview of removed sequences at 5' end
length	count	expect	max.err	error counts
3	5	432.8	0	5
4	5	108.2	0	5
7	1	1.7	0	1
10	2	0.0	1	1 1
11	1	0.0	1	0 1
13	1	0.0	1	1
17	1	0.0	1	1
18	1	0.0	1	1
20	1	0.0	1	0 1
21	1	0.0	1	0 1
22	1	0.0	1	1
23	3	0.0	1	3
24	13	0.0	1	8 5
25	28	0.0	1	12 16
26	94	0.0	1	32 62
27	1121	0.0	1	412 709
28	25564	0.0	1	24388 1176
29	91	0.0	1	14 77
31	3	0.0	1	3
69	1	0.0	1	0 1



Overview of removed sequences at 3' end
length	count	expect	max.err	error counts
3	1438	432.8	0	1438
4	189	108.2	0	189
5	35	27.1	0	35
6	1942	6.8	0	1942
7	65	1.7	0	65
8	6	0.4	0	6
9	21	0.1	0	21
11	2	0.0	1	0 2
12	4	0.0	1	0 4
13	1	0.0	1	0 1
26	2	0.0	1	0 2
27	7	0.0	1	4 3
Input files: raw_data_12_11_2025/727A0_S161_L001_R1_001.fastq.gz raw_data_12_11_2025/727A0_S161_L001_R2_001.fastq.gz
This is cutadapt 5.1 with Python 3.12.11
Command line parameters: -a CCTACGGGNGGCWGCAG...GATACCCBDGTAGTC -A GACTACHVGGGTATC...CTGCWGCCNCCCGTAGG --trimmed-only --cores 8 --output results/cutadapt/727A0_S161_L001_R1_001.fastq.gz --paired-output results/cutadapt/727A0_S161_L001_R2_001.fastq.gz raw_data_12_11_2025/727A0_S161_L001_R1_001.fastq.gz raw_data_12_11_2025/727A0_S161_L001_R2_001.fastq.gz
Processing paired-end reads on 8 cores ...

=== Summary ===

Total read pairs processed:             30,970
  Read 1 with adapter:                  30,767 (99.3%)
  Read 2 with adapter:                  30,175 (97.4%)

== Read fate breakdown ==
Pairs discarded as untrimmed:              994 (3.2%)
Pairs written (passing filters):        29,976 (96.8%)

Total basepairs processed:    18,625,221 bp
  Read 1:     9,318,835 bp
  Read 2:     9,306,386 bp
Total written (filtered):     16,367,696 bp (87.9%)
  Read 1:     8,211,665 bp
  Read 2:     8,156,031 bp

=== First read: Adapter 1 ===

Sequence: CCTACGGGNGGCWGCAG...GATACCCBDGTAGTC; Type: linked; Length: 17+15; 5' trimmed: 30753 times; 3' trimmed: 176 times

Minimum overlap: 3+3
No. of allowed errors:
1-9 bp: 0; 10-16 bp: 1

No. of allowed errors:
1-9 bp: 0; 10-15 bp: 1

Overview of removed sequences at 5' end
length	count	expect	max.err	error counts
16	3	0.0	1	1 2
18	2	0.0	1	1 1
20	1	0.0	1	1
21	1	0.0	1	1
22	1	0.0	1	1
23	2	0.0	1	0 2
24	29	0.0	1	26 3
25	92	0.0	1	30 62
26	1866	0.0	1	787 1079
27	28664	0.0	1	28336 328
28	79	0.0	1	52 27
29	1	0.0	1	0 1
34	11	0.0	1	11
291	1	0.0	1	1



Overview of removed sequences at 3' end
length	count	expect	max.err	error counts
3	155	483.9	0	155
4	1	121.0	0	1
6	3	7.6	0	3
7	2	1.9	0	2
8	1	0.5	0	1
9	1	0.1	0	1
10	3	0.0	1	0 3
11	1	0.0	1	0 1
12	1	0.0	1	0 1
28	8	0.0	1	6 2


=== Second read: Adapter 2 ===

Sequence: GACTACHVGGGTATC...CTGCWGCCNCCCGTAGG; Type: linked; Length: 15+17; 5' trimmed: 30112 times; 3' trimmed: 3535 times

Minimum overlap: 3+3
No. of allowed errors:
1-9 bp: 0; 10-15 bp: 1

No. of allowed errors:
1-9 bp: 0; 10-16 bp: 1

Overview of removed sequences at 5' end
length	count	expect	max.err	error counts
3	47	483.9	0	47
4	1	121.0	0	1
5	1	30.2	0	1
8	1	0.5	0	1
11	1	0.0	1	0 1
12	1	0.0	1	1
19	2	0.0	1	2
20	2	0.0	1	0 2
21	4	0.0	1	4
22	18	0.0	1	16 2
23	6	0.0	1	4 2
24	15	0.0	1	7 8
25	25	0.0	1	14 11
26	103	0.0	1	35 68
27	1337	0.0	1	538 799
28	28442	0.0	1	27201 1241
29	97	0.0	1	16 81
31	9	0.0	1	7 2



Overview of removed sequences at 3' end
length	count	expect	max.err	error counts
3	1398	483.9	0	1398
4	253	121.0	0	253
5	42	30.2	0	42
6	1672	7.6	0	1672
7	107	1.9	0	107
8	9	0.5	0	9
9	19	0.1	0	19
10	3	0.0	1	3
11	2	0.0	1	0 2
12	3	0.0	1	0 3
13	1	0.0	1	0 1
27	2	0.0	1	2
112	3	0.0	1	3
113	3	0.0	1	3
117	7	0.0	1	7
118	2	0.0	1	2
134	2	0.0	1	2
135	1	0.0	1	1
137	6	0.0	1	6
Input files: raw_data_12_11_2025/727A14_S162_L001_R1_001.fastq.gz raw_data_12_11_2025/727A14_S162_L001_R2_001.fastq.gz
This is cutadapt 5.1 with Python 3.12.11
Command line parameters: -a CCTACGGGNGGCWGCAG...GATACCCBDGTAGTC -A GACTACHVGGGTATC...CTGCWGCCNCCCGTAGG --trimmed-only --cores 8 --output results/cutadapt/727A14_S162_L001_R1_001.fastq.gz --paired-output results/cutadapt/727A14_S162_L001_R2_001.fastq.gz raw_data_12_11_2025/727A14_S162_L001_R1_001.fastq.gz raw_data_12_11_2025/727A14_S162_L001_R2_001.fastq.gz
Processing paired-end reads on 8 cores ...

=== Summary ===

Total read pairs processed:             28,866
  Read 1 with adapter:                  28,690 (99.4%)
  Read 2 with adapter:                  28,096 (97.3%)

== Read fate breakdown ==
Pairs discarded as untrimmed:              934 (3.2%)
Pairs written (passing filters):        27,932 (96.8%)

Total basepairs processed:    17,360,699 bp
  Read 1:     8,686,002 bp
  Read 2:     8,674,697 bp
Total written (filtered):     15,251,022 bp (87.8%)
  Read 1:     7,651,674 bp
  Read 2:     7,599,348 bp

=== First read: Adapter 1 ===

Sequence: CCTACGGGNGGCWGCAG...GATACCCBDGTAGTC; Type: linked; Length: 17+15; 5' trimmed: 28681 times; 3' trimmed: 222 times

Minimum overlap: 3+3
No. of allowed errors:
1-9 bp: 0; 10-16 bp: 1

No. of allowed errors:
1-9 bp: 0; 10-15 bp: 1

Overview of removed sequences at 5' end
length	count	expect	max.err	error counts
21	1	0.0	1	1
23	2	0.0	1	1 1
24	27	0.0	1	26 1
25	86	0.0	1	26 60
26	1780	0.0	1	736 1044
27	26700	0.0	1	26404 296
28	78	0.0	1	51 27
30	1	0.0	1	1
34	5	0.0	1	5
295	1	0.0	1	1



Overview of removed sequences at 3' end
length	count	expect	max.err	error counts
3	194	451.0	0	194
4	3	112.8	0	3
6	6	7.0	0	6
7	1	1.8	0	1
8	5	0.4	0	5
9	1	0.1	0	1
10	1	0.0	1	1
11	1	0.0	1	0 1
28	10	0.0	1	8 2


=== Second read: Adapter 2 ===

Sequence: GACTACHVGGGTATC...CTGCWGCCNCCCGTAGG; Type: linked; Length: 15+17; 5' trimmed: 28033 times; 3' trimmed: 3426 times

Minimum overlap: 3+3
No. of allowed errors:
1-9 bp: 0; 10-15 bp: 1

No. of allowed errors:
1-9 bp: 0; 10-16 bp: 1

Overview of removed sequences at 5' end
length	count	expect	max.err	error counts
3	39	451.0	0	39
4	1	112.8	0	1
14	1	0.0	1	0 1
15	1	0.0	1	0 1
16	1	0.0	1	1
17	1	0.0	1	1
19	1	0.0	1	1
20	2	0.0	1	1 1
21	2	0.0	1	2
22	14	0.0	1	11 3
23	6	0.0	1	6
24	14	0.0	1	12 2
25	22	0.0	1	12 10
26	88	0.0	1	37 51
27	1230	0.0	1	509 721
28	26533	0.0	1	25436 1097
29	71	0.0	1	14 57
31	6	0.0	1	4 2



Overview of removed sequences at 3' end
length	count	expect	max.err	error counts
3	1267	451.0	0	1267
4	234	112.8	0	234
5	39	28.2	0	39
6	1690	7.0	0	1690
7	132	1.8	0	132
8	7	0.4	0	7
9	20	0.1	0	20
10	3	0.0	1	2 1
12	1	0.0	1	0 1
14	1	0.0	1	0 1
26	3	0.0	1	1 2
27	3	0.0	1	2 1
112	3	0.0	1	2 1
113	4	0.0	1	3 1
116	3	0.0	1	3
117	9	0.0	1	8 1
135	1	0.0	1	1
136	2	0.0	1	1 1
137	4	0.0	1	2 2
Input files: raw_data_12_11_2025/727B0_S163_L001_R1_001.fastq.gz raw_data_12_11_2025/727B0_S163_L001_R2_001.fastq.gz
This is cutadapt 5.1 with Python 3.12.11
Command line parameters: -a CCTACGGGNGGCWGCAG...GATACCCBDGTAGTC -A GACTACHVGGGTATC...CTGCWGCCNCCCGTAGG --trimmed-only --cores 8 --output results/cutadapt/727B0_S163_L001_R1_001.fastq.gz --paired-output results/cutadapt/727B0_S163_L001_R2_001.fastq.gz raw_data_12_11_2025/727B0_S163_L001_R1_001.fastq.gz raw_data_12_11_2025/727B0_S163_L001_R2_001.fastq.gz
Processing paired-end reads on 8 cores ...

=== Summary ===

Total read pairs processed:             34,024
  Read 1 with adapter:                  33,859 (99.5%)
  Read 2 with adapter:                  33,225 (97.7%)

== Read fate breakdown ==
Pairs discarded as untrimmed:              955 (2.8%)
Pairs written (passing filters):        33,069 (97.2%)

Total basepairs processed:    20,459,201 bp
  Read 1:    10,236,698 bp
  Read 2:    10,222,503 bp
Total written (filtered):     18,051,774 bp (88.2%)
  Read 1:     9,057,626 bp
  Read 2:     8,994,148 bp

=== First read: Adapter 1 ===

Sequence: CCTACGGGNGGCWGCAG...GATACCCBDGTAGTC; Type: linked; Length: 17+15; 5' trimmed: 33847 times; 3' trimmed: 346 times

Minimum overlap: 3+3
No. of allowed errors:
1-9 bp: 0; 10-16 bp: 1

No. of allowed errors:
1-9 bp: 0; 10-15 bp: 1

Overview of removed sequences at 5' end
length	count	expect	max.err	error counts
22	2	0.0	1	1 1
23	3	0.0	1	3
24	24	0.0	1	20 4
25	84	0.0	1	24 60
26	2013	0.0	1	838 1175
27	31611	0.0	1	31237 374
28	102	0.0	1	73 29
31	3	0.0	1	3
34	4	0.0	1	4
195	1	0.0	1	1



Overview of removed sequences at 3' end
length	count	expect	max.err	error counts
3	321	531.6	0	321
4	2	132.9	0	2
5	1	33.2	0	1
6	4	8.3	0	4
7	5	2.1	0	5
8	4	0.5	0	4
9	3	0.1	0	3
27	1	0.0	1	0 1
28	4	0.0	1	4
140	1	0.0	1	0 1


=== Second read: Adapter 2 ===

Sequence: GACTACHVGGGTATC...CTGCWGCCNCCCGTAGG; Type: linked; Length: 15+17; 5' trimmed: 33157 times; 3' trimmed: 4207 times

Minimum overlap: 3+3
No. of allowed errors:
1-9 bp: 0; 10-15 bp: 1

No. of allowed errors:
1-9 bp: 0; 10-16 bp: 1

Overview of removed sequences at 5' end
length	count	expect	max.err	error counts
3	32	531.6	0	32
4	1	132.9	0	1
18	1	0.0	1	1
20	2	0.0	1	2
21	2	0.0	1	0 2
22	6	0.0	1	6
23	3	0.0	1	2 1
24	9	0.0	1	6 3
25	16	0.0	1	7 9
26	112	0.0	1	37 75
27	1475	0.0	1	573 902
28	31385	0.0	1	30024 1361
29	107	0.0	1	15 92
30	1	0.0	1	0 1
31	5	0.0	1	3 2



Overview of removed sequences at 3' end
length	count	expect	max.err	error counts
3	1696	531.6	0	1696
4	361	132.9	0	361
5	39	33.2	0	39
6	1910	8.3	0	1910
7	145	2.1	0	145
8	12	0.5	0	12
9	22	0.1	0	22
10	1	0.0	1	1
11	3	0.0	1	0 3
12	1	0.0	1	0 1
26	1	0.0	1	0 1
116	5	0.0	1	4 1
117	2	0.0	1	0 2
118	4	0.0	1	4
136	1	0.0	1	1
137	4	0.0	1	2 2
Input files: raw_data_12_11_2025/727B14_S164_L001_R1_001.fastq.gz raw_data_12_11_2025/727B14_S164_L001_R2_001.fastq.gz
This is cutadapt 5.1 with Python 3.12.11
Command line parameters: -a CCTACGGGNGGCWGCAG...GATACCCBDGTAGTC -A GACTACHVGGGTATC...CTGCWGCCNCCCGTAGG --trimmed-only --cores 8 --output results/cutadapt/727B14_S164_L001_R1_001.fastq.gz --paired-output results/cutadapt/727B14_S164_L001_R2_001.fastq.gz raw_data_12_11_2025/727B14_S164_L001_R1_001.fastq.gz raw_data_12_11_2025/727B14_S164_L001_R2_001.fastq.gz
Processing paired-end reads on 8 cores ...

=== Summary ===

Total read pairs processed:             34,178
  Read 1 with adapter:                  33,990 (99.4%)
  Read 2 with adapter:                  33,229 (97.2%)

== Read fate breakdown ==
Pairs discarded as untrimmed:            1,124 (3.3%)
Pairs written (passing filters):        33,054 (96.7%)

Total basepairs processed:    20,555,830 bp
  Read 1:    10,284,743 bp
  Read 2:    10,271,087 bp
Total written (filtered):     18,047,309 bp (87.8%)
  Read 1:     9,054,916 bp
  Read 2:     8,992,393 bp

=== First read: Adapter 1 ===

Sequence: CCTACGGGNGGCWGCAG...GATACCCBDGTAGTC; Type: linked; Length: 17+15; 5' trimmed: 33983 times; 3' trimmed: 373 times

Minimum overlap: 3+3
No. of allowed errors:
1-9 bp: 0; 10-16 bp: 1

No. of allowed errors:
1-9 bp: 0; 10-15 bp: 1

Overview of removed sequences at 5' end
length	count	expect	max.err	error counts
18	1	0.0	1	1
20	1	0.0	1	1
22	1	0.0	1	0 1
23	5	0.0	1	3 2
24	28	0.0	1	25 3
25	115	0.0	1	36 79
26	2068	0.0	1	894 1174
27	31666	0.0	1	31299 367
28	92	0.0	1	74 18
29	1	0.0	1	0 1
34	5	0.0	1	5



Overview of removed sequences at 3' end
length	count	expect	max.err	error counts
3	350	534.0	0	350
6	1	8.3	0	1
7	1	2.1	0	1
8	2	0.5	0	2
10	3	0.0	1	0 3
11	1	0.0	1	0 1
12	1	0.0	1	0 1
20	1	0.0	1	0 1
27	1	0.0	1	0 1
28	11	0.0	1	10 1
78	1	0.0	1	1


=== Second read: Adapter 2 ===

Sequence: GACTACHVGGGTATC...CTGCWGCCNCCCGTAGG; Type: linked; Length: 15+17; 5' trimmed: 33161 times; 3' trimmed: 4187 times

Minimum overlap: 3+3
No. of allowed errors:
1-9 bp: 0; 10-15 bp: 1

No. of allowed errors:
1-9 bp: 0; 10-16 bp: 1

Overview of removed sequences at 5' end
length	count	expect	max.err	error counts
3	29	534.0	0	29
4	1	133.5	0	1
11	1	0.0	1	0 1
19	1	0.0	1	1
20	2	0.0	1	1 1
21	3	0.0	1	2 1
22	15	0.0	1	12 3
23	7	0.0	1	2 5
24	9	0.0	1	8 1
25	34	0.0	1	15 19
26	103	0.0	1	41 62
27	1438	0.0	1	527 911
28	31416	0.0	1	29971 1445
29	98	0.0	1	14 84
30	1	0.0	1	1
31	3	0.0	1	3



Overview of removed sequences at 3' end
length	count	expect	max.err	error counts
3	1678	534.0	0	1678
4	310	133.5	0	310
5	44	33.4	0	44
6	1986	8.3	0	1986
7	109	2.1	0	109
8	13	0.5	0	13
9	23	0.1	0	23
10	2	0.0	1	1 1
11	2	0.0	1	0 2
12	3	0.0	1	0 3
26	1	0.0	1	0 1
27	4	0.0	1	3 1
75	1	0.0	1	0 1
112	1	0.0	1	1
113	1	0.0	1	0 1
116	2	0.0	1	2
117	3	0.0	1	1 2
134	1	0.0	1	1
137	2	0.0	1	2
139	1	0.0	1	0 1
Done with script cutadapt.sh
Mon Dec 15 04:33:22 PM EST 2025
